{"type":"FeatureCollection","features":[{"type":"Feature","id":10567,"geometry":{"type":"Polygon","coordinates":[[[148.27454,-36.520001],[148.274257,-36.520236],[148.274454,-36.52062],[148.275698,-36.520606],[148.275982,-36.520372],[148.275969,-36.519599],[148.275491,-36.519604],[148.27454,-36.520001]]]},"properties":{"OBJECTID":10567,"FireType":1,"FireName":"Thredbo/Dead Horse Gap","FireNo":"","FireYear":198889,"Label":"1988-89 Wildfire","StartDate":null,"EndDate":null,"Intensity":9999,"AreaHa":1.32992503,"PerimeterM":455.48810216,"OFHObjMet":null,"ObjNotMet":null,"NPWSBranch":"STHR","NPWSArea":"SNOW","VerDate":1788739200000,"Shape.STArea()":1.3380574438580554e-06,"Shape.STLength()":0.004702530385480379}},{"type":"Feature","id":10632,"geometry":{"type":"Polygon","coordinates":[[[148.289918,-36.514643],[148.289294,-36.514704],[148.285366,-36.516261],[148.282459,-36.516725],[148.281855,-36.517335],[148.282103,-36.518874],[148.28344,-36.52004],[148.284962,-36.520844],[148.286789,-36.521257],[148.28816,-36.521098],[148.289287,-36.520356],[148.289967,-36.518942],[148.290432,-36.516007],[148.289918,-36.514643]]]},"properties":{"OBJECTID":10632,"FireType":1,"FireName":"Thredbo Valley","FireNo":"","FireYear":198788,"Label":"1987-88 Wildfire","StartDate":null,"EndDate":null,"Intensity":9999,"AreaHa":37.56826433,"PerimeterM":2391.25540722,"OFHObjMet":null,"ObjNotMet":null,"NPWSBranch":"STHR","NPWSArea":"SNOW","VerDate":1788739200000,"Shape.STArea()":3.7796989972382596e-05,"Shape.STLength()":0.024312113176616842}},{"type":"Feature","id":10780,"geometry":{"type":"Polygon","coordinates":[[[148.261497,-36.525007],[148.261728,-36.524761],[148.261734,-36.524482],[148.260827,-36.524311],[148.260491,-36.524261],[148.259891,-36.524456],[148.259739,-36.524728],[148.259788,-36.52498],[148.260128,-36.525265],[148.260721,-36.525385],[148.261497,-36.525007]]]},"properties":{"OBJECTID":10780,"FireType":1,"FireName":"Dead Horse Gap","FireNo":"","FireYear":198485,"Label":"1984-85 Wildfire","StartDate":null,"EndDate":null,"Intensity":9999,"AreaHa":1.57516744,"PerimeterM":478.49891609,"OFHObjMet":null,"ObjNotMet":null,"NPWSBranch":"STHR","NPWSArea":"SNOW","VerDate":1788739200000,"Shape.STArea()":1.5848918491114943e-06,"Shape.STLength()":0.004990935140088151}},{"type":"Feature","id":11252,"geometry":{"type":"Polygon","coordinates":[[[148.311173,-36.505559],[148.310649,-36.504952],[148.309598,-36.504846],[148.307232,-36.506242],[148.305477,-36.506171],[148.304386,-36.506363],[148.303982,-36.506909],[148.30394,-36.507711],[148.30449,-36.508544],[148.305965,-36.509943],[148.307854,-36.510724],[148.309,-36.510441],[148.310336,-36.508876],[148.311191,-36.50728],[148.311173,-36.505559]]]},"properties":{"OBJECTID":11252,"FireType":1,"FireName":"BURNT 1976-77","FireNo":"","FireYear":197677,"Label":"1976-77 Wildfire","StartDate":null,"EndDate":null,"Intensity":9999,"AreaHa":27.56108959,"PerimeterM":2057.62585512,"OFHObjMet":null,"ObjNotMet":null,"NPWSBranch":"STHR","NPWSArea":"SNOW","VerDate":1788739200000,"Shape.STArea()":2.7725226825574602e-05,"Shape.STLength()":0.020797493312924454}},{"type":"Feature","id":11474,"geometry":{"type":"Polygon","coordinates":[[[148.36027,-36.551015],[148.361284,-36.549491],[148.361219,-36.545796],[148.362635,-36.543428],[148.362805,-36.541242],[148.363757,-36.536191],[148.363722,-36.534176],[148.363074,-36.532839],[148.362238,-36.532681],[148.357659,-36.532733],[148.354344,-36.53361],[148.351231,-36.53415],[148.343946,-36.534232],[148.342087,-36.535093],[148.340856,-36.536115],[148.33902,-36.538319],[148.338468,-36.542526],[148.338734,-36.545883],[148.340862,-36.548547],[148.343187,-36.550536],[148.345492,-36.551351],[148.349655,-36.551303],[148.352159,-36.551611],[148.354042,-36.552094],[148.356135,-36.552742],[148.358416,-36.552212],[148.36027,-36.551015]]]},"properties":{"OBJECTID":11474,"FireType":1,"FireName":"WF 1961-62","FireNo":"","FireYear":196162,"Label":"1961-62 Wildfire","StartDate":null,"EndDate":null,"Intensity":9999,"AreaHa":399.11513908,"PerimeterM":7593.89469022,"OFHObjMet":null,"ObjNotMet":null,"NPWSBranch":"STHR","NPWSArea":"SNOW","VerDate":1788739200000,"Shape.STArea()":0.00040166861695320396,"Shape.STLength()":0.0768338215807852}},{"type":"Feature","id":11558,"geometry":{"type":"MultiPolygon","coordinates":[[[[148.597218,-35.368202],[148.578727,-35.356209],[148.566152,-35.349575],[148.555252,-35.343597],[148.537782,-35.341102],[148.521972,-35.338583],[148.502066,-35.338832],[148.488004,-35.341045],[148.470623,-35.343297],[148.449947,-35.346946],[148.430928,-35.350571],[148.416873,-35.353456],[148.387216,-35.366036],[148.369884,-35.371672],[148.365769,-35.373758],[148.365617,-35.37399],[148.365632,-35.373678],[148.359475,-35.378538],[148.351363,-35.3831],[148.328185,-35.39645],[148.319284,-35.400699],[148.308437,-35.405288],[148.307728,-35.405884],[148.30774,-35.405696],[148.297265,-35.410126],[148.285245,-35.416946],[148.271952,-35.4268],[148.258166,-35.439032],[148.248058,-35.450577],[148.239252,-35.461244],[148.230943,-35.469964],[148.227101,-35.477557],[148.227638,-35.4782],[148.227915,-35.47906],[148.230059,-35.481197],[148.234561,-35.48223],[148.245906,-35.482114],[148.251434,-35.481193],[148.256691,-35.479843],[148.264038,-35.477176],[148.270322,-35.474088],[148.278165,-35.469473],[148.28313,-35.466398],[148.289135,-35.462449],[148.297236,-35.457613],[148.304805,-35.452567],[148.304835,-35.452095],[148.305675,-35.451623],[148.312267,-35.448997],[148.319629,-35.445723],[148.327026,-35.444684],[148.330949,-35.445918],[148.334924,-35.450345],[148.335004,-35.455135],[148.332778,-35.462185],[148.329756,-35.468286],[148.327525,-35.475016],[148.324143,-35.483037],[148.317595,-35.488538],[148.312983,-35.493059],[148.309136,-35.496613],[148.305268,-35.498891],[148.298672,-35.501516],[148.296601,-35.502442],[148.277322,-35.508305],[148.251429,-35.513887],[148.225937,-35.515055],[148.224322,-35.515529],[148.208645,-35.514793],[148.185412,-35.517952],[148.148574,-35.530021],[148.141438,-35.532041],[148.136668,-35.534057],[148.126645,-35.537055],[148.111395,-35.547359],[148.101436,-35.555192],[148.09443,-35.562515],[148.092146,-35.568826],[148.091307,-35.575901],[148.091947,-35.580815],[148.09212,-35.593502],[148.100571,-35.59977],[148.11912,-35.601551],[148.131694,-35.603386],[148.140844,-35.616477],[148.141698,-35.634526],[148.155615,-35.646106],[148.160784,-35.648356],[148.168435,-35.655367],[148.172028,-35.661857],[148.175128,-35.66876],[148.176175,-35.672012],[148.176271,-35.678537],[148.172886,-35.686318],[148.167989,-35.693299],[148.158639,-35.703585],[148.151781,-35.713438],[148.140915,-35.722922],[148.131506,-35.729536],[148.111172,-35.74196],[148.100247,-35.74777],[148.082867,-35.757307],[148.065009,-35.768886],[148.047131,-35.779238],[148.027229,-35.788382],[148.005326,-35.797947],[147.989881,-35.803785],[147.985385,-35.804637],[147.980395,-35.805902],[147.9724,-35.80719],[147.967399,-35.807638],[147.958531,-35.809002],[147.937162,-35.809927],[147.881687,-35.816929],[147.833299,-35.826324],[147.790985,-35.838128],[147.743676,-35.857353],[147.700408,-35.879004],[147.681335,-35.894746],[147.671301,-35.903853],[147.671059,-35.905004],[147.663106,-35.913481],[147.627268,-35.954067],[147.610795,-35.967133],[147.60315,-35.97553],[147.595029,-35.99233],[147.591284,-36.023463],[147.595477,-36.051948],[147.601804,-36.079242],[147.611311,-36.121425],[147.61924,-36.147224],[147.626896,-36.156122],[147.636966,-36.159521],[147.653443,-36.162292],[147.663716,-36.163376],[147.672239,-36.161235],[147.682784,-36.157363],[147.697993,-36.149651],[147.712534,-36.135727],[147.727677,-36.123259],[147.749316,-36.109312],[147.764539,-36.107071],[147.785676,-36.105504],[147.828582,-36.110184],[147.848042,-36.115326],[147.868541,-36.124805],[147.879276,-36.134783],[147.883566,-36.140802],[147.887785,-36.149315],[147.889299,-36.165498],[147.893365,-36.175992],[147.90179,-36.193084],[147.912503,-36.20444],[147.918252,-36.214921],[147.922212,-36.230098],[147.923467,-36.236759],[147.924755,-36.24628],[147.927221,-36.255791],[147.92498,-36.265339],[147.922772,-36.277745],[147.914611,-36.284479],[147.905239,-36.288363],[147.888819,-36.293572],[147.871156,-36.293381],[147.855041,-36.291335],[147.839301,-36.286938],[147.830364,-36.279088],[147.817924,-36.268978],[147.809656,-36.266175],[147.801468,-36.270995],[147.799172,-36.276729],[147.790558,-36.28681],[147.785249,-36.296835],[147.779486,-36.309262],[147.768982,-36.318861],[147.760239,-36.324267],[147.747831,-36.32376],[147.738337,-36.316195],[147.731286,-36.302869],[147.7275,-36.290529],[147.723819,-36.274349],[147.721316,-36.258162],[147.719468,-36.230125],[147.72202,-36.206693],[147.719196,-36.200318],[147.71129,-36.190555],[147.704193,-36.185831],[147.695955,-36.184926],[147.686575,-36.18784],[147.677227,-36.194564],[147.665452,-36.198857],[147.657279,-36.199441],[147.642597,-36.203237],[147.627975,-36.211035],[147.61513,-36.218286],[147.60577,-36.229258],[147.593932,-36.256554],[147.594097,-36.278431],[147.597398,-36.305319],[147.592964,-36.327053],[147.579279,-36.345153],[147.566139,-36.356353],[147.548713,-36.36517],[147.518099,-36.380211],[147.494235,-36.38477],[147.480702,-36.390759],[147.472457,-36.403213],[147.465822,-36.416341],[147.453721,-36.424678],[147.438508,-36.43021],[147.413275,-36.432334],[147.386232,-36.438502],[147.365219,-36.448291],[147.34721,-36.458068],[147.329541,-36.46782],[147.311206,-36.484905],[147.285254,-36.493943],[147.278529,-36.500182],[147.27383,-36.506864],[147.272188,-36.517816],[147.268747,-36.524532],[147.252863,-36.532592],[147.219012,-36.535142],[147.197439,-36.525244],[147.175834,-36.497954],[147.16371,-36.487629],[147.148107,-36.478119],[147.12907,-36.474302],[147.111196,-36.478159],[147.095976,-36.485272],[147.089824,-36.496194],[147.086624,-36.510472],[147.102045,-36.537784],[147.126708,-36.560116],[147.1483,-36.579964],[147.163747,-36.602299],[147.168044,-36.621164],[147.164005,-36.627398],[147.151727,-36.632581],[147.139159,-36.634622],[147.117581,-36.632162],[147.086766,-36.637156],[147.065208,-36.657041],[147.050934,-36.655453],[147.049787,-36.647113],[147.061641,-36.629345],[147.067492,-36.616553],[147.064485,-36.603786],[147.05591,-36.589979],[147.034339,-36.570115],[147.00662,-36.540311],[146.988154,-36.522922],[146.975556,-36.516908],[146.960499,-36.515689],[146.939413,-36.524188],[146.93187,-36.538769],[146.93186,-36.550922],[146.935792,-36.572586],[146.917304,-36.582511],[146.914199,-36.604865],[146.917243,-36.639642],[146.927516,-36.647935],[146.938799,-36.665171],[146.938768,-36.704238],[146.933231,-36.707705],[146.926419,-36.714167],[146.90606,-36.708902],[146.886322,-36.706683],[146.866816,-36.707649],[146.8502,-36.713706],[146.83646,-36.719618],[146.821486,-36.728959],[146.801835,-36.736727],[146.78447,-36.736236],[146.765607,-36.733015],[146.748889,-36.729594],[146.739959,-36.726885],[146.726391,-36.732979],[146.715758,-36.738984],[146.691589,-36.741113],[146.660971,-36.74103],[146.637226,-36.741201],[146.616104,-36.737489],[146.59655,-36.72284],[146.560367,-36.714205],[146.519603,-36.715262],[146.492407,-36.718796],[146.466661,-36.722931],[146.441887,-36.735236],[146.432538,-36.747611],[146.424195,-36.75616],[146.423091,-36.765953],[146.421586,-36.776622],[146.423941,-36.794663],[146.423982,-36.80503],[146.417985,-36.814531],[146.410136,-36.816857],[146.393504,-36.814378],[146.382657,-36.80946],[146.361282,-36.77954],[146.350484,-36.764838],[146.339597,-36.758151],[146.329027,-36.755458],[146.305906,-36.756875],[146.290656,-36.736914],[146.285565,-36.721379],[146.275123,-36.707947],[146.263191,-36.704457],[146.223192,-36.694267],[146.184887,-36.67698],[146.158588,-36.678924],[146.122811,-36.695983],[146.093911,-36.715212],[146.077795,-36.730486],[146.061416,-36.746283],[146.055671,-36.756234],[146.061957,-36.766984],[146.072628,-36.775154],[146.084889,-36.782701],[146.096948,-36.807631],[146.107929,-36.828778],[146.115156,-36.8369],[146.127067,-36.84801],[146.14275,-36.855163],[146.179545,-36.882744],[146.151665,-36.887516],[146.138649,-36.899053],[146.135472,-36.912397],[146.141348,-36.928238],[146.157864,-36.940509],[146.193851,-36.973572],[146.230907,-37.00231],[146.249554,-37.007964],[146.271115,-37.007531],[146.308367,-36.997819],[146.329373,-37.001834],[146.345024,-37.007314],[146.353872,-37.015927],[146.363792,-37.035385],[146.3823,-37.045418],[146.391456,-37.062852],[146.403775,-37.077146],[146.411094,-37.085437],[146.426225,-37.090372],[146.439877,-37.089152],[146.453512,-37.092932],[146.465592,-37.097981],[146.487112,-37.125397],[146.493116,-37.155228],[146.480466,-37.189945],[146.465931,-37.205748],[146.455684,-37.213251],[146.438926,-37.217901],[146.405729,-37.219398],[146.368504,-37.214238],[146.328224,-37.204082],[146.308514,-37.201098],[146.297819,-37.196622],[146.289096,-37.191557],[146.278806,-37.176471],[146.254437,-37.168797],[146.240378,-37.168318],[146.226955,-37.172124],[146.204189,-37.188412],[146.169935,-37.198111],[146.156971,-37.2083],[146.151768,-37.216325],[146.146789,-37.225889],[146.144566,-37.24512],[146.130931,-37.253141],[146.119395,-37.256191],[146.107373,-37.251166],[146.094893,-37.242267],[146.076528,-37.219772],[146.065606,-37.200347],[146.056383,-37.188869],[146.041331,-37.184733],[146.024217,-37.182098],[146.011391,-37.186342],[145.993015,-37.194255],[145.950142,-37.222977],[145.935606,-37.225957],[145.921123,-37.228393],[145.851198,-37.225871],[145.826149,-37.22753],[145.806183,-37.229774],[145.796257,-37.2339],[145.749624,-37.255623],[145.735092,-37.257084],[145.723965,-37.251593],[145.709704,-37.241179],[145.679037,-37.218489],[145.660799,-37.211482],[145.642002,-37.205652],[145.615729,-37.200482],[145.58361,-37.198197],[145.545521,-37.196782],[145.511725,-37.199119],[145.487418,-37.208924],[145.475541,-37.220486],[145.467368,-37.243256],[145.461809,-37.271951],[145.45332,-37.322544],[145.450847,-37.341364],[145.443225,-37.359663],[145.432376,-37.368752],[145.418029,-37.374229],[145.386868,-37.376291],[145.365415,-37.361096],[145.331532,-37.345723],[145.29359,-37.338297],[145.261671,-37.336617],[145.240289,-37.339946],[145.223297,-37.350628],[145.218828,-37.362869],[145.218829,-37.376362],[145.224256,-37.385818],[145.237028,-37.396502],[145.24784,-37.398556],[145.264974,-37.399399],[145.308371,-37.407478],[145.317894,-37.416724],[145.321136,-37.432014],[145.326325,-37.440017],[145.33641,-37.443664],[145.397672,-37.453423],[145.400362,-37.473327],[145.387689,-37.483088],[145.347245,-37.480046],[145.316261,-37.472158],[145.29791,-37.456995],[145.263942,-37.444084],[145.242671,-37.421419],[145.229305,-37.418761],[145.215902,-37.420044],[145.205143,-37.428305],[145.195387,-37.44554],[145.173716,-37.449506],[145.16439,-37.456657],[145.160348,-37.460109],[145.158457,-37.465116],[145.156012,-37.474452],[145.156226,-37.481958],[145.160636,-37.490032],[145.175197,-37.507312],[145.197922,-37.52035],[145.213113,-37.523011],[145.233992,-37.525589],[145.243285,-37.528211],[145.23132,-37.542178],[145.229141,-37.554843],[145.233431,-37.567058],[145.245552,-37.570884],[145.273596,-37.565908],[145.281251,-37.556254],[145.287909,-37.546934],[145.300782,-37.539387],[145.307179,-37.532903],[145.313586,-37.521786],[145.329392,-37.512078],[145.357495,-37.509989],[145.38866,-37.515759],[145.396944,-37.518818],[145.406434,-37.524639],[145.419222,-37.54008],[145.427235,-37.557337],[145.428212,-37.56783],[145.429148,-37.580229],[145.423915,-37.612711],[145.423396,-37.625885],[145.422973,-37.645888],[145.425883,-37.67832],[145.437386,-37.714705],[145.439251,-37.734699],[145.443743,-37.74144],[145.449572,-37.745485],[145.461668,-37.749791],[145.461462,-37.759721],[145.443483,-37.770061],[145.435884,-37.772776],[145.438198,-37.780412],[145.444766,-37.799877],[145.447126,-37.809129],[145.44825,-37.81776],[145.449624,-37.852949],[145.450873,-37.859673],[145.456084,-37.866966],[145.482723,-37.88867],[145.514465,-37.924296],[145.520248,-37.935832],[145.52342,-37.946757],[145.52103,-37.956802],[145.513615,-37.966499],[145.504333,-37.975035],[145.49765,-37.982229],[145.494932,-37.997438],[145.499345,-38.008048],[145.501785,-38.015627],[145.508868,-38.023324],[145.52315,-38.031141],[145.539857,-38.038972],[145.557848,-38.043005],[145.569836,-38.046009],[145.581994,-38.043758],[145.596914,-38.039536],[145.631675,-38.02753],[145.682116,-38.01569],[145.705411,-38.009471],[145.716766,-38.008624],[145.729457,-38.011639],[145.746033,-38.020598],[145.753327,-38.02428],[145.76016,-38.030891],[145.775726,-38.048984],[145.797338,-38.071556],[145.818563,-38.086882],[145.834712,-38.091798],[145.854632,-38.092955],[145.881874,-38.089773],[145.899359,-38.084808],[145.910296,-38.080108],[145.912815,-38.071595],[145.913731,-38.060273],[145.921586,-38.04881],[145.935966,-38.043094],[145.948279,-38.035714],[145.954383,-38.030052],[145.95694,-38.019594],[145.955297,-38.008502],[145.953666,-37.995746],[145.943279,-37.971145],[145.940606,-37.938838],[145.945004,-37.928023],[145.953358,-37.924052],[145.963151,-37.920562],[145.978828,-37.920919],[145.98838,-37.922687],[145.987702,-37.934286],[145.996669,-37.966646],[145.996161,-38.003891],[145.989442,-38.036116],[145.978232,-38.047411],[145.970293,-38.0583],[145.967055,-38.071132],[145.96998,-38.080646],[145.978854,-38.089337],[145.985514,-38.093198],[145.995677,-38.093293],[146.022234,-38.090659],[146.035784,-38.093621],[146.057586,-38.108698],[146.072852,-38.11336],[146.081012,-38.114],[146.090698,-38.112188],[146.101612,-38.106559],[146.130817,-38.101844],[146.143892,-38.099231],[146.154911,-38.103777],[146.183208,-38.117088],[146.207403,-38.122043],[146.217189,-38.122608],[146.2294,-38.118979],[146.246171,-38.107576],[146.266841,-38.106075],[146.270404,-38.107707],[146.27757,-38.11061],[146.277402,-38.127639],[146.271203,-38.14868],[146.261259,-38.169754],[146.251721,-38.179626],[146.244878,-38.190213],[146.241745,-38.197084],[146.237869,-38.208562],[146.235473,-38.229186],[146.228836,-38.261425],[146.232443,-38.278006],[146.238396,-38.286619],[146.249226,-38.291453],[146.267348,-38.29252],[146.303621,-38.291789],[146.332513,-38.289377],[146.353258,-38.283498],[146.370427,-38.27717],[146.376354,-38.26838],[146.376876,-38.259822],[146.370468,-38.250246],[146.351902,-38.234854],[146.322488,-38.212822],[146.321351,-38.205193],[146.32706,-38.197466],[146.344428,-38.190081],[146.353146,-38.184809],[146.361868,-38.17531],[146.378406,-38.169305],[146.396552,-38.16556],[146.466516,-38.161652],[146.479852,-38.159318],[146.494364,-38.154617],[146.517365,-38.143281],[146.528846,-38.136366],[146.535593,-38.122393],[146.538466,-38.106605],[146.535787,-38.091906],[146.538258,-38.082388],[146.551326,-38.059471],[146.555364,-38.044342],[146.557871,-38.028154],[146.561524,-38.021498],[146.570303,-38.017643],[146.589279,-38.012071],[146.614415,-38.007544],[146.639573,-37.99769],[146.644798,-37.986526],[146.649117,-37.970402],[146.653418,-37.945581],[146.657085,-37.933205],[146.669775,-37.91086],[146.669273,-37.897986],[146.66362,-37.886008],[146.641366,-37.860324],[146.639428,-37.85407],[146.644267,-37.847415],[146.654429,-37.84128],[146.67683,-37.819877],[146.682741,-37.811559],[146.681717,-37.800834],[146.677001,-37.780812],[146.673525,-37.771799],[146.667465,-37.76554],[146.63614,-37.739404],[146.610123,-37.713912],[146.605386,-37.702462],[146.603824,-37.694868],[146.599055,-37.657329],[146.58678,-37.61755],[146.571298,-37.595142],[146.542161,-37.56534],[146.541503,-37.560256],[146.541863,-37.554344],[146.547893,-37.546745],[146.55476,-37.545061],[146.563247,-37.543943],[146.589422,-37.552809],[146.602695,-37.560482],[146.618028,-37.575774],[146.630613,-37.592859],[146.648552,-37.619869],[146.653697,-37.629244],[146.657085,-37.638018],[146.665216,-37.676002],[146.667827,-37.68455],[146.67206,-37.69176],[146.691695,-37.711295],[146.695824,-37.719771],[146.714236,-37.76197],[146.730913,-37.781956],[146.739393,-37.790495],[146.749579,-37.796191],[146.791392,-37.813672],[146.810161,-37.818261],[146.847392,-37.820221],[146.879939,-37.819375],[146.932678,-37.815537],[146.973863,-37.8095],[147.009545,-37.80031],[147.045847,-37.789625],[147.064764,-37.778377],[147.086937,-37.762727],[147.097145,-37.753582],[147.101845,-37.74118],[147.111424,-37.695209],[147.120704,-37.635596],[147.123741,-37.583438],[147.120848,-37.568707],[147.116205,-37.547726],[147.117212,-37.540125],[147.120409,-37.527605],[147.136071,-37.498983],[147.14701,-37.480061],[147.151587,-37.464193],[147.154091,-37.434313],[147.151482,-37.412037],[147.144455,-37.394303],[147.145627,-37.382867],[147.151575,-37.371425],[147.166935,-37.359859],[147.191757,-37.332502],[147.216526,-37.29272],[147.241293,-37.260384],[147.269074,-37.208167],[147.278678,-37.194906],[147.297673,-37.17866],[147.306196,-37.173305],[147.314338,-37.176711],[147.323897,-37.184309],[147.337344,-37.198058],[147.344278,-37.213792],[147.353854,-37.223293],[147.368195,-37.231825],[147.393449,-37.240108],[147.43389,-37.249901],[147.476834,-37.261931],[147.523389,-37.270311],[147.536593,-37.274317],[147.542541,-37.280707],[147.546024,-37.289176],[147.552322,-37.310417],[147.555953,-37.320666],[147.559581,-37.32732],[147.584771,-37.34435],[147.596759,-37.35096],[147.609424,-37.358941],[147.618352,-37.36419],[147.629473,-37.369136],[147.647077,-37.372612],[147.668064,-37.380445],[147.693766,-37.390515],[147.70581,-37.397051],[147.744121,-37.406344],[147.774181,-37.4096],[147.805055,-37.407851],[147.827686,-37.401977],[147.842532,-37.396715],[147.849076,-37.392297],[147.85254,-37.38179],[147.854729,-37.374275],[147.854733,-37.364623],[147.851034,-37.354168],[147.844181,-37.337931],[147.83763,-37.329488],[147.826068,-37.319803],[147.810471,-37.310013],[147.793182,-37.301208],[147.776841,-37.296861],[147.765682,-37.294719],[147.753686,-37.296496],[147.738863,-37.300547],[147.720425,-37.301674],[147.698403,-37.295826],[147.688003,-37.278044],[147.682546,-37.261147],[147.691595,-37.23129],[147.695889,-37.191526],[147.692603,-37.171676],[147.690355,-37.143671],[147.686568,-37.11987],[147.668217,-37.062798],[147.644639,-37.005536],[147.633071,-36.982944],[147.619502,-36.960962],[147.592243,-36.925978],[147.589803,-36.917414],[147.589671,-36.900261],[147.594298,-36.884991],[147.59779,-36.876397],[147.603125,-36.871097],[147.611367,-36.863431],[147.615406,-36.854389],[147.616492,-36.841995],[147.617556,-36.826742],[147.622669,-36.812586],[147.639652,-36.779538],[147.662213,-36.733244],[147.668735,-36.714014],[147.675579,-36.695851],[147.682543,-36.669145],[147.687992,-36.660042],[147.698915,-36.648084],[147.710662,-36.639438],[147.729447,-36.625029],[147.759691,-36.616224],[147.792274,-36.607232],[147.820127,-36.591085],[147.850642,-36.571811],[147.889322,-36.544845],[147.918934,-36.517235],[147.92667,-36.507394],[147.930491,-36.498744],[147.932371,-36.472087],[147.938222,-36.447202],[147.947173,-36.424776],[147.962203,-36.397332],[147.977409,-36.384789],[147.984925,-36.373897],[148.001281,-36.375],[148.026042,-36.379521],[148.042447,-36.390944],[148.047718,-36.396155],[148.057549,-36.40185],[148.059063,-36.405964],[148.058646,-36.407567],[148.056631,-36.410068],[148.059236,-36.413356],[148.062848,-36.415393],[148.067991,-36.417002],[148.074157,-36.418603],[148.079323,-36.421867],[148.081946,-36.426395],[148.087182,-36.434625],[148.086757,-36.440837],[148.087891,-36.44869],[148.090521,-36.453632],[148.097733,-36.456463],[148.104916,-36.457224],[148.115203,-36.460025],[148.123959,-36.463254],[148.124872,-36.46802],[148.124634,-36.46829],[148.126905,-36.476387],[148.125718,-36.484284],[148.123963,-36.497967],[148.129121,-36.506058],[148.127924,-36.512025],[148.136099,-36.523264],[148.137195,-36.52972],[148.142464,-36.547452],[148.151622,-36.557063],[148.159769,-36.565876],[148.159865,-36.572273],[148.174129,-36.569704],[148.192117,-36.573142],[148.214613,-36.577979],[148.22466,-36.589449],[148.227568,-36.603163],[148.227694,-36.611119],[148.226866,-36.615467],[148.227003,-36.624146],[148.223838,-36.62639],[148.224863,-36.62733],[148.220791,-36.62855],[148.210419,-36.653973],[148.199906,-36.670716],[148.184854,-36.68461],[148.183202,-36.69403],[148.183269,-36.69837],[148.198559,-36.699663],[148.216556,-36.701651],[148.219388,-36.710302],[148.212406,-36.723393],[148.20084,-36.730744],[148.165096,-36.744119],[148.151692,-36.749313],[148.13795,-36.746666],[148.134605,-36.748754],[148.125745,-36.757518],[148.12051,-36.768417],[148.105487,-36.786641],[148.108341,-36.797465],[148.11655,-36.805344],[148.126422,-36.803805],[148.144281,-36.794954],[148.162277,-36.795503],[148.178563,-36.801853],[148.190378,-36.809692],[148.197528,-36.806727],[148.202856,-36.802333],[148.20733,-36.800841],[148.237825,-36.795464],[148.28998,-36.79491],[148.335028,-36.799476],[148.360181,-36.797744],[148.388917,-36.795242],[148.403317,-36.795797],[148.404606,-36.795957],[148.410963,-36.798614],[148.431012,-36.803036],[148.446584,-36.809063],[148.461653,-36.822346],[148.465765,-36.835245],[148.483721,-36.847454],[148.501666,-36.875199],[148.513104,-36.899398],[148.526835,-36.941178],[148.527217,-36.960338],[148.525633,-36.977969],[148.521352,-36.989937],[148.518269,-36.997228],[148.516817,-36.998589],[148.517637,-37.000205],[148.514947,-37.010283],[148.515005,-37.010683],[148.512229,-37.011754],[148.504462,-37.031474],[148.501401,-37.045653],[148.505076,-37.062533],[148.513759,-37.069318],[148.525735,-37.07535],[148.534455,-37.072895],[148.541101,-37.068966],[148.543077,-37.06133],[148.542181,-37.052678],[148.544204,-37.046057],[148.559814,-37.045475],[148.580512,-37.059917],[148.617434,-37.069229],[148.650177,-37.073684],[148.699208,-37.076261],[148.712424,-37.073285],[148.721783,-37.06648],[148.726748,-37.056207],[148.729671,-37.047309],[148.736584,-37.037679],[148.748247,-37.02798],[148.764473,-37.027358],[148.785457,-37.034872],[148.793794,-37.04445],[148.795207,-37.053957],[148.788412,-37.068352],[148.763127,-37.104758],[148.757308,-37.111694],[148.752771,-37.12129],[148.751779,-37.129879],[148.757925,-37.138364],[148.770277,-37.148797],[148.776747,-37.163416],[148.777831,-37.175226],[148.774461,-37.183852],[148.765115,-37.191614],[148.760507,-37.198353],[148.761396,-37.206155],[148.772682,-37.209605],[148.783989,-37.210722],[148.790409,-37.203621],[148.793858,-37.195858],[148.801525,-37.174486],[148.801127,-37.157724],[148.803316,-37.145304],[148.808604,-37.128598],[148.818458,-37.113732],[148.830309,-37.0972],[148.842235,-37.083935],[148.848038,-37.070765],[148.849644,-37.067355],[148.853778,-37.065805],[148.853518,-37.06414],[148.855594,-37.063907],[148.860942,-37.063917],[148.866297,-37.064205],[148.875149,-37.064904],[148.879804,-37.06511],[148.883651,-37.065514],[148.891283,-37.068561],[148.898172,-37.069755],[148.905031,-37.069738],[148.910244,-37.069002],[148.915302,-37.066684],[148.919185,-37.06392],[148.926742,-37.05476],[148.928485,-37.050167],[148.928742,-37.04653],[148.931612,-37.04052],[148.933184,-37.038352],[148.940007,-37.032464],[148.946402,-37.028074],[148.954926,-37.022903],[148.955412,-37.022517],[148.969297,-37.016254],[148.99496,-37.008914],[149.012864,-37.003644],[149.023444,-37.00152],[149.036373,-36.999392],[149.039654,-36.999607],[149.092862,-36.992255],[149.133605,-36.985103],[149.143938,-36.97278],[149.138058,-36.958148],[149.129674,-36.951715],[149.113031,-36.950531],[149.103714,-36.946937],[149.094342,-36.941975],[149.09022,-36.930978],[149.092306,-36.92046],[149.100322,-36.909838],[149.104935,-36.904993],[149.104621,-36.893565],[149.096755,-36.879573],[149.086187,-36.87007],[149.07193,-36.863865],[149.064262,-36.848538],[149.061921,-36.834415],[149.069314,-36.816055],[149.080875,-36.805372],[149.096542,-36.784214],[149.106084,-36.76325],[149.113729,-36.750483],[149.117645,-36.734112],[149.119938,-36.717976],[149.11553,-36.697983],[149.108173,-36.677214],[149.098429,-36.666905],[149.08741,-36.66336],[149.076157,-36.658184],[149.06278,-36.656626],[149.056305,-36.663901],[149.032242,-36.67864],[149.009926,-36.675438],[149.00062,-36.659477],[148.995761,-36.643442],[148.993265,-36.630178],[148.991434,-36.629938],[148.986324,-36.62211],[148.975042,-36.608206],[148.974972,-36.608015],[148.968101,-36.605726],[148.956055,-36.600775],[148.944105,-36.599598],[148.921456,-36.596189],[148.894988,-36.593181],[148.884249,-36.592691],[148.859608,-36.588385],[148.852001,-36.587371],[148.837049,-36.584545],[148.829476,-36.581944],[148.825878,-36.58115],[148.825619,-36.579113],[148.809883,-36.566138],[148.808195,-36.559095],[148.800235,-36.552607],[148.794452,-36.549621],[148.790757,-36.546296],[148.783991,-36.541941],[148.773408,-36.537182],[148.771077,-36.537039],[148.764748,-36.532007],[148.753924,-36.525974],[148.737661,-36.521788],[148.719816,-36.520277],[148.701687,-36.518326],[148.693195,-36.518447],[148.683069,-36.519032],[148.665344,-36.523041],[148.65746,-36.525053],[148.657347,-36.524594],[148.649061,-36.519945],[148.64027,-36.518376],[148.62864,-36.517614],[148.621956,-36.516629],[148.612386,-36.514146],[148.607009,-36.511914],[148.601614,-36.508759],[148.597177,-36.505899],[148.591972,-36.502741],[148.585683,-36.502364],[148.581734,-36.504722],[148.58106,-36.509034],[148.581316,-36.512257],[148.585844,-36.519573],[148.602153,-36.525656],[148.610643,-36.531074],[148.620622,-36.53478],[148.632096,-36.537083],[148.639758,-36.537903],[148.636656,-36.5414],[148.634395,-36.542515],[148.626937,-36.547602],[148.623601,-36.548834],[148.611459,-36.552284],[148.597881,-36.551919],[148.595287,-36.551664],[148.586061,-36.549096],[148.582725,-36.547805],[148.574617,-36.539635],[148.566408,-36.526392],[148.560956,-36.518453],[148.557563,-36.514226],[148.5573,-36.514056],[148.553408,-36.504934],[148.552277,-36.498007],[148.552527,-36.497525],[148.561035,-36.491383],[148.575703,-36.478867],[148.585855,-36.461207],[148.58782,-36.44119],[148.585283,-36.427737],[148.590831,-36.426249],[148.593106,-36.421674],[148.595728,-36.412559],[148.599264,-36.409481],[148.606357,-36.403554],[148.623215,-36.391878],[148.63391,-36.3859],[148.647716,-36.381822],[148.659434,-36.380148],[148.668951,-36.375479],[148.682079,-36.364927],[148.692286,-36.355279],[148.701727,-36.347369],[148.704775,-36.340198],[148.704291,-36.330268],[148.701725,-36.322745],[148.685192,-36.311099],[148.667127,-36.302496],[148.65527,-36.297045],[148.6402,-36.290988],[148.625982,-36.287294],[148.605293,-36.28023],[148.589836,-36.281085],[148.574978,-36.285169],[148.558565,-36.291649],[148.545308,-36.295925],[148.52989,-36.298931],[148.528447,-36.298872],[148.518327,-36.29272],[148.514017,-36.289823],[148.508882,-36.288117],[148.503736,-36.285822],[148.491948,-36.279183],[148.482016,-36.274291],[148.474675,-36.271432],[148.465883,-36.268884],[148.457819,-36.266327],[148.452698,-36.26521],[148.442804,-36.262084],[148.434013,-36.259534],[148.428143,-36.257244],[148.422267,-36.254659],[148.420767,-36.252316],[148.417817,-36.250286],[148.415594,-36.248247],[148.414693,-36.246668],[148.414671,-36.245422],[148.414042,-36.242982],[148.413994,-36.240299],[148.413127,-36.23911],[148.412659,-36.236868],[148.409612,-36.23269],[148.409572,-36.230445],[148.409084,-36.230649],[148.404994,-36.224392],[148.402168,-36.221063],[148.398485,-36.218164],[148.395038,-36.218764],[148.39066,-36.225401],[148.38611,-36.222371],[148.385367,-36.219437],[148.387552,-36.215909],[148.396459,-36.211182],[148.395545,-36.20839],[148.39293,-36.207369],[148.379344,-36.20674],[148.374927,-36.200136],[148.377552,-36.198623],[148.383151,-36.194817],[148.383256,-36.188862],[148.379639,-36.186012],[148.375284,-36.185392],[148.38126,-36.171891],[148.388666,-36.162075],[148.38909,-36.15029],[148.38459,-36.145733],[148.383219,-36.139603],[148.388071,-36.128279],[148.387286,-36.119582],[148.382698,-36.109904],[148.38169,-36.088404],[148.38526,-36.076071],[148.385188,-36.074613],[148.387872,-36.070579],[148.397936,-36.058786],[148.413102,-36.045264],[148.437562,-36.034965],[148.44243,-36.033715],[148.44332,-36.030494],[148.446278,-36.024734],[148.457867,-36.018252],[148.466223,-36.018904],[148.468494,-36.02118],[148.483514,-36.019709],[148.48528,-36.014647],[148.48888,-36.013801],[148.491596,-36.014285],[148.503786,-36.023888],[148.514429,-36.024987],[148.5161,-36.025735],[148.518488,-36.025406],[148.519088,-36.025467],[148.520517,-36.025125],[148.52637,-36.024318],[148.53019,-36.02281],[148.538633,-36.020788],[148.547298,-36.015451],[148.544952,-36.010822],[148.550436,-36.008638],[148.571611,-35.978361],[148.586098,-35.961066],[148.586069,-35.959644],[148.586567,-35.959467],[148.593083,-35.954987],[148.598416,-35.951498],[148.60556,-35.948474],[148.613924,-35.946409],[148.624148,-35.947247],[148.62905,-35.952063],[148.635814,-35.959782],[148.64605,-35.961106],[148.657125,-35.959489],[148.66217,-35.942332],[148.662494,-35.929146],[148.660824,-35.906712],[148.65636,-35.89408],[148.64707,-35.88005],[148.638453,-35.869428],[148.630557,-35.864653],[148.628698,-35.861749],[148.627959,-35.854924],[148.62662,-35.848107],[148.626481,-35.841274],[148.626891,-35.831992],[148.622887,-35.81203],[148.622,-35.797884],[148.624197,-35.78809],[148.625795,-35.778304],[148.628661,-35.771918],[148.627264,-35.762172],[148.617034,-35.759869],[148.606314,-35.762942],[148.598009,-35.766959],[148.587287,-35.77003],[148.576516,-35.77066],[148.56448,-35.767888],[148.554214,-35.763627],[148.538446,-35.753577],[148.537781,-35.750168],[148.538239,-35.742838],[148.538744,-35.73795],[148.539866,-35.73403],[148.53372,-35.725808],[148.528211,-35.719531],[148.525997,-35.71911],[148.526848,-35.717386],[148.532154,-35.698856],[148.539489,-35.687992],[148.549606,-35.674785],[148.552121,-35.658597],[148.552766,-35.643203],[148.557074,-35.622376],[148.578044,-35.586716],[148.590025,-35.57348],[148.606847,-35.567103],[148.614377,-35.567002],[148.641721,-35.568941],[148.663514,-35.575565],[148.674141,-35.588496],[148.683958,-35.607591],[148.686245,-35.626791],[148.695064,-35.642822],[148.711162,-35.646441],[148.724369,-35.647022],[148.759312,-35.628823],[148.76762,-35.621008],[148.778683,-35.610076],[148.787946,-35.603015],[148.802874,-35.596638],[148.807205,-35.595916],[148.814699,-35.598407],[148.822212,-35.601764],[148.832794,-35.599868],[148.852933,-35.597825],[148.862452,-35.595942],[148.87734,-35.596579],[148.883814,-35.600817],[148.892352,-35.602418],[148.900869,-35.603152],[148.911531,-35.604719],[148.920069,-35.606318],[148.928691,-35.611387],[148.934128,-35.616506],[148.943751,-35.618955],[148.948957,-35.614532],[148.95412,-35.608374],[148.959325,-35.603951],[148.965613,-35.600377],[148.969627,-35.590767],[148.963852,-35.571771],[148.971198,-35.56818],[148.978608,-35.567191],[148.986103,-35.569671],[148.996848,-35.5747],[149.016263,-35.586525],[149.02907,-35.588913],[149.048205,-35.589457],[149.053381,-35.584162],[149.04752,-35.562569],[149.042944,-35.549631],[149.039497,-35.539277],[149.027535,-35.533273],[149.027532,-35.532491],[149.027858,-35.531769],[149.027891,-35.53153],[149.028311,-35.530837],[149.028514,-35.530045],[149.028534,-35.529585],[149.028897,-35.528853],[149.029264,-35.527608],[149.02949,-35.525562],[149.032779,-35.525507],[149.046594,-35.526141],[149.053977,-35.52428],[149.048496,-35.517432],[149.039833,-35.510637],[149.039673,-35.504298],[149.040218,-35.504742],[149.041815,-35.505553],[149.042209,-35.505853],[149.043596,-35.507402],[149.04438,-35.508088],[149.045936,-35.509188],[149.046444,-35.509689],[149.047001,-35.510518],[149.047481,-35.511014],[149.048714,-35.511706],[149.049722,-35.511256],[149.051472,-35.51014],[149.051894,-35.509713],[149.052814,-35.508995],[149.053852,-35.508472],[149.05462,-35.508225],[149.055952,-35.507968],[149.057387,-35.507934],[149.05878,-35.50764],[149.059045,-35.507478],[149.059508,-35.506875],[149.059818,-35.505729],[149.059767,-35.503841],[149.059538,-35.502525],[149.059297,-35.502173],[149.057341,-35.50112],[149.056657,-35.500888],[149.056163,-35.500612],[149.053681,-35.499],[149.053499,-35.499004],[149.053328,-35.498808],[149.052657,-35.498491],[149.051674,-35.498174],[149.050658,-35.497528],[149.049631,-35.496744],[149.046603,-35.495416],[149.046003,-35.494804],[149.044992,-35.494127],[149.042633,-35.49272],[149.041349,-35.492106],[149.038971,-35.490709],[149.037012,-35.489277],[149.036598,-35.488711],[149.036076,-35.487688],[149.036071,-35.487089],[149.036289,-35.48644],[149.037448,-35.485127],[149.03824,-35.484546],[149.038944,-35.483831],[149.039711,-35.483277],[149.041792,-35.482173],[149.042763,-35.481355],[149.043499,-35.480553],[149.043984,-35.479666],[149.044483,-35.477787],[149.04502,-35.47653],[149.045383,-35.474437],[149.045488,-35.473213],[149.045755,-35.472641],[149.045994,-35.471541],[149.04611,-35.470597],[149.046048,-35.470179],[149.046309,-35.469066],[149.046376,-35.467789],[149.04649,-35.467283],[149.046441,-35.46699],[149.046571,-35.46615],[149.046694,-35.465994],[149.046634,-35.465121],[149.046728,-35.464619],[149.045882,-35.4621],[149.045544,-35.461511],[149.04457,-35.460396],[149.04394,-35.459839],[149.042712,-35.458178],[149.041593,-35.457508],[149.041343,-35.457399],[149.040951,-35.457415],[149.039813,-35.457673],[149.038874,-35.458032],[149.038534,-35.4582],[149.037833,-35.458847],[149.037045,-35.459401],[149.035979,-35.460469],[149.033489,-35.462233],[149.032489,-35.462692],[149.030825,-35.463035],[149.029551,-35.463544],[149.028179,-35.464333],[149.02741,-35.464981],[149.024936,-35.466357],[149.023767,-35.466904],[149.022538,-35.467308],[149.021224,-35.467497],[149.019499,-35.467174],[149.017775,-35.466648],[149.015853,-35.465937],[149.015022,-35.4655],[149.013162,-35.465224],[149.012479,-35.465276],[149.011761,-35.464986],[149.011002,-35.464796],[149.006444,-35.464692],[149.001857,-35.464367],[148.998477,-35.464603],[148.997056,-35.464609],[148.995514,-35.464526],[148.993963,-35.464295],[148.992382,-35.464181],[148.992211,-35.46427],[148.989797,-35.464143],[148.987255,-35.464311],[148.986002,-35.464304],[148.983927,-35.46405],[148.982562,-35.464041],[148.981508,-35.463878],[148.98004,-35.463451],[148.973696,-35.462095],[148.970298,-35.460812],[148.968886,-35.459974],[148.966737,-35.459346],[148.963644,-35.457896],[148.960992,-35.456487],[148.960394,-35.456001],[148.959801,-35.455366],[148.959523,-35.455204],[148.95696,-35.45379],[148.95569,-35.453305],[148.953104,-35.452689],[148.950783,-35.452461],[148.948464,-35.452088],[148.946403,-35.451905],[148.94408,-35.452069],[148.941853,-35.452726],[148.940924,-35.453138],[148.938501,-35.454777],[148.937737,-35.455506],[148.934881,-35.457909],[148.934431,-35.458385],[148.934313,-35.458631],[148.933264,-35.459495],[148.93289,-35.459983],[148.932207,-35.460355],[148.929755,-35.461985],[148.928893,-35.462725],[148.926019,-35.465948],[148.925349,-35.466504],[148.924651,-35.467295],[148.923409,-35.46796],[148.92233,-35.468924],[148.921982,-35.469082],[148.921689,-35.469326],[148.921106,-35.469948],[148.920602,-35.470281],[148.92045,-35.470536],[148.918947,-35.471736],[148.91794,-35.472257],[148.916848,-35.473027],[148.915769,-35.47354],[148.914821,-35.474141],[148.914324,-35.474316],[148.913758,-35.474703],[148.913264,-35.47486],[148.912581,-35.475294],[148.91126,-35.475775],[148.910692,-35.476163],[148.910214,-35.476333],[148.909683,-35.476864],[148.909352,-35.477085],[148.908595,-35.477368],[148.908318,-35.47739],[148.907805,-35.477344],[148.906917,-35.477061],[148.905789,-35.475808],[148.905486,-35.47528],[148.905209,-35.474275],[148.905209,-35.47359],[148.905469,-35.47282],[148.905795,-35.472494],[148.905851,-35.472277],[148.906228,-35.471667],[148.906849,-35.470905],[148.907343,-35.469991],[148.907713,-35.468993],[148.907958,-35.468769],[148.908074,-35.468532],[148.908225,-35.466817],[148.907881,-35.465759],[148.907903,-35.465434],[148.90776,-35.465048],[148.907448,-35.464567],[148.906808,-35.464022],[148.906102,-35.463646],[148.904954,-35.463218],[148.902154,-35.461928],[148.901217,-35.461699],[148.899344,-35.461431],[148.897371,-35.461345],[148.895953,-35.461588],[148.894118,-35.462568],[148.892528,-35.463711],[148.891284,-35.465001],[148.890835,-35.465739],[148.890668,-35.465858],[148.890115,-35.46671],[148.889498,-35.468153],[148.889273,-35.46945],[148.889151,-35.471481],[148.889237,-35.473093],[148.889586,-35.474881],[148.889679,-35.475993],[148.889819,-35.476365],[148.889777,-35.476659],[148.890245,-35.47813],[148.890702,-35.481026],[148.891079,-35.482102],[148.891165,-35.483173],[148.89104,-35.483766],[148.890526,-35.485225],[148.890316,-35.485553],[148.890094,-35.4863],[148.889589,-35.487367],[148.887709,-35.490011],[148.887359,-35.490765],[148.887112,-35.491098],[148.886937,-35.491628],[148.886845,-35.49199],[148.886925,-35.492656],[148.88687,-35.492927],[148.887039,-35.494349],[148.886989,-35.494918],[148.887212,-35.497749],[148.887439,-35.498156],[148.887826,-35.498519],[148.888783,-35.498847],[148.889322,-35.498942],[148.891346,-35.498892],[148.89466,-35.498358],[148.895833,-35.498295],[148.896935,-35.498377],[148.898077,-35.498706],[148.900329,-35.499671],[148.902122,-35.500819],[148.903164,-35.501614],[148.903407,-35.501917],[148.903804,-35.502798],[148.903824,-35.50415],[148.90364,-35.505722],[148.90354,-35.505935],[148.903499,-35.50658],[148.903363,-35.507065],[148.903362,-35.507601],[148.902357,-35.510601],[148.901864,-35.511393],[148.901131,-35.512148],[148.90078,-35.512659],[148.900367,-35.512972],[148.899653,-35.513362],[148.895322,-35.515017],[148.894704,-35.515175],[148.892004,-35.516529],[148.891263,-35.516982],[148.890325,-35.51775],[148.890064,-35.518137],[148.888809,-35.519496],[148.88797,-35.521271],[148.887825,-35.521868],[148.887805,-35.522991],[148.887964,-35.52334],[148.888186,-35.523567],[148.888337,-35.523965],[148.888999,-35.525127],[148.889314,-35.525586],[148.890177,-35.526544],[148.887388,-35.529781],[148.885455,-35.534843],[148.882786,-35.535863],[148.882672,-35.535643],[148.882246,-35.535226],[148.881817,-35.534971],[148.881411,-35.53486],[148.878974,-35.534673],[148.876782,-35.535027],[148.875981,-35.535283],[148.875799,-35.535407],[148.874904,-35.536201],[148.874455,-35.536762],[148.873918,-35.538132],[148.873945,-35.538636],[148.874078,-35.538979],[148.871019,-35.539412],[148.863807,-35.540793],[148.86344,-35.540052],[148.862671,-35.538983],[148.862347,-35.538713],[148.861584,-35.538332],[148.861305,-35.538062],[148.860268,-35.537442],[148.859463,-35.537157],[148.858528,-35.536658],[148.856453,-35.536054],[148.8545,-35.535223],[148.851018,-35.534073],[148.850454,-35.534001],[148.849607,-35.532422],[148.848192,-35.530213],[148.848143,-35.529695],[148.847584,-35.528654],[148.846102,-35.508037],[148.847196,-35.498761],[148.847337,-35.492913],[148.847877,-35.483696],[148.846756,-35.47952],[148.829953,-35.474955],[148.828877,-35.474507],[148.830737,-35.473323],[148.831337,-35.472552],[148.831993,-35.472047],[148.832658,-35.471117],[148.83289,-35.470315],[148.833182,-35.469761],[148.833472,-35.468918],[148.833504,-35.46858],[148.833379,-35.467252],[148.83319,-35.466741],[148.832417,-35.465459],[148.831359,-35.464488],[148.830898,-35.463922],[148.829397,-35.462872],[148.827712,-35.462005],[148.826324,-35.461431],[148.825723,-35.461071],[148.824546,-35.460543],[148.823814,-35.460455],[148.823451,-35.460483],[148.823095,-35.460642],[148.821708,-35.46339],[148.821052,-35.4645],[148.819863,-35.466212],[148.819025,-35.466969],[148.81864,-35.467651],[148.817248,-35.469657],[148.81389,-35.468256],[148.796789,-35.462437],[148.777513,-35.454045],[148.759281,-35.444767],[148.750594,-35.435348],[148.732277,-35.421727],[148.71731,-35.415867],[148.714819,-35.416672],[148.704399,-35.41364],[148.685179,-35.407792],[148.66509,-35.399914],[148.649985,-35.391964],[148.620707,-35.380804],[148.597218,-35.368202]],[[148.382391,-36.278978],[148.381609,-36.277964],[148.383127,-36.27436],[148.384166,-36.273399],[148.388886,-36.272459],[148.392696,-36.272666],[148.394907,-36.272998],[148.396905,-36.273689],[148.398685,-36.274561],[148.402488,-36.277553],[148.404061,-36.279142],[148.405199,-36.281093],[148.405902,-36.283407],[148.405586,-36.290377],[148.4041,-36.293609],[148.400842,-36.296505],[148.398246,-36.299393],[148.396759,-36.302626],[148.395946,-36.306564],[148.396899,-36.310483],[148.398702,-36.312605],[148.40033,-36.31723],[148.401929,-36.320247],[148.402412,-36.322564],[148.40268,-36.32524],[148.402511,-36.328099],[148.403426,-36.329875],[148.404769,-36.330931],[148.406327,-36.331627],[148.409893,-36.333549],[148.411319,-36.334983],[148.411178,-36.336813],[148.412041,-36.344178],[148.411772,-36.349492],[148.41137,-36.351127],[148.410417,-36.351624],[148.407153,-36.352025],[148.404363,-36.353803],[148.399735,-36.354932],[148.39464,-36.357811],[148.39332,-36.358229],[148.393183,-36.359842],[148.393524,-36.360375],[148.39502,-36.36193],[148.395862,-36.363563],[148.395679,-36.364715],[148.395912,-36.366356],[148.396636,-36.367919],[148.399844,-36.370418],[148.40149,-36.371549],[148.403551,-36.373168],[148.405212,-36.37512],[148.406863,-36.376579],[148.407903,-36.377881],[148.408584,-36.380025],[148.408357,-36.380505],[148.408368,-36.381162],[148.407983,-36.382317],[148.407995,-36.382974],[148.408451,-36.385762],[148.409082,-36.386905],[148.410121,-36.388207],[148.410145,-36.389521],[148.410787,-36.391321],[148.410844,-36.394442],[148.411483,-36.396078],[148.411967,-36.400344],[148.41303,-36.40296],[148.414088,-36.405248],[148.413508,-36.406898],[148.412746,-36.409701],[148.412584,-36.412003],[148.413221,-36.413474],[148.415098,-36.416081],[148.416147,-36.417876],[148.418843,-36.420801],[148.42029,-36.422099],[148.421731,-36.423067],[148.42214,-36.423227],[148.423169,-36.423872],[148.423459,-36.423852],[148.429527,-36.426615],[148.436726,-36.431791],[148.442455,-36.437463],[148.444933,-36.443413],[148.449998,-36.461052],[148.451909,-36.468204],[148.459418,-36.473853],[148.466803,-36.4807],[148.474315,-36.486348],[148.478201,-36.488213],[148.484834,-36.496912],[148.485829,-36.499387],[148.486572,-36.50365],[148.486018,-36.509264],[148.482555,-36.512936],[148.471919,-36.515847],[148.457783,-36.52056],[148.445591,-36.523112],[148.444325,-36.523298],[148.431073,-36.521736],[148.395759,-36.519417],[148.373428,-36.522414],[148.352452,-36.525391],[148.340941,-36.526616],[148.340599,-36.526486],[148.340198,-36.52666],[148.333156,-36.526826],[148.311113,-36.524431],[148.283463,-36.524492],[148.263256,-36.525187],[148.259384,-36.524748],[148.253122,-36.523615],[148.246269,-36.522727],[148.241779,-36.520854],[148.240548,-36.518227],[148.240826,-36.517024],[148.242575,-36.514846],[148.248999,-36.50758],[148.249764,-36.505373],[148.249937,-36.502563],[148.249858,-36.497682],[148.24737,-36.493315],[148.246649,-36.492618],[148.246481,-36.492688],[148.24127,-36.489961],[148.237571,-36.48382],[148.237834,-36.482861],[148.236899,-36.481219],[148.236885,-36.480299],[148.235947,-36.479635],[148.235251,-36.475561],[148.236357,-36.473983],[148.235401,-36.465798],[148.23481,-36.465626],[148.234324,-36.459142],[148.23411,-36.457817],[148.234197,-36.45744],[148.234079,-36.455864],[148.234252,-36.454353],[148.234956,-36.454155],[148.236372,-36.44803],[148.236677,-36.447205],[148.235115,-36.446802],[148.238509,-36.430434],[148.240263,-36.427506],[148.241354,-36.427254],[148.24409,-36.424225],[148.248187,-36.419308],[148.251825,-36.414771],[148.253779,-36.412539],[148.261718,-36.408712],[148.26952,-36.4057],[148.269916,-36.405631],[148.271287,-36.406135],[148.271935,-36.405674],[148.284598,-36.404562],[148.288754,-36.401112],[148.28878,-36.400611],[148.28832,-36.399979],[148.294008,-36.389328],[148.297573,-36.385872],[148.302362,-36.383379],[148.30824,-36.381476],[148.308581,-36.381811],[148.309653,-36.381019],[148.310168,-36.380853],[148.310527,-36.380374],[148.314256,-36.377619],[148.319936,-36.373684],[148.328071,-36.364044],[148.33283,-36.362442],[148.341645,-36.355374],[148.345084,-36.351205],[148.345992,-36.348356],[148.346266,-36.345771],[148.346155,-36.345695],[148.347153,-36.341997],[148.346763,-36.338607],[148.343936,-36.334708],[148.336788,-36.329964],[148.334856,-36.326769],[148.335127,-36.323193],[148.337366,-36.320526],[148.345858,-36.322029],[148.357792,-36.329638],[148.362338,-36.334232],[148.363635,-36.337358],[148.364956,-36.337769],[148.368576,-36.337727],[148.369706,-36.336974],[148.36991,-36.3362],[148.375793,-36.331665],[148.376622,-36.331353],[148.378082,-36.329319],[148.381012,-36.324404],[148.383794,-36.311191],[148.384014,-36.309118],[148.380952,-36.304334],[148.379613,-36.300736],[148.381435,-36.295552],[148.382655,-36.292441],[148.3823,-36.29038],[148.382209,-36.285219],[148.382391,-36.278978]],[[148.701271,-36.937702],[148.700364,-36.937283],[148.693257,-36.924598],[148.692974,-36.911815],[148.695046,-36.902653],[148.701746,-36.897077],[148.719689,-36.885858],[148.755977,-36.881674],[148.760356,-36.874303],[148.75779,-36.861554],[148.748533,-36.854384],[148.73019,-36.847345],[148.736882,-36.841768],[148.748159,-36.837949],[148.759476,-36.835955],[148.78455,-36.839235],[148.784805,-36.850191],[148.776054,-36.864936],[148.778666,-36.87951],[148.794577,-36.87927],[148.805813,-36.87362],[148.819363,-36.86976],[148.842133,-36.871236],[148.846898,-36.880295],[148.844933,-36.893112],[148.842879,-36.902277],[148.834178,-36.918852],[148.818563,-36.931878],[148.805088,-36.93939],[148.791953,-36.961509],[148.77375,-36.961783],[148.789293,-36.94511],[148.793372,-36.924955],[148.793158,-36.915825],[148.78166,-36.910518],[148.763595,-36.916268],[148.748135,-36.936589],[148.727786,-36.942367],[148.711861,-36.942598],[148.701271,-36.937702]],[[148.852504,-36.924047],[148.852283,-36.914917],[148.858883,-36.905681],[148.8678,-36.898235],[148.890399,-36.892397],[148.906311,-36.892143],[148.930856,-36.87348],[148.953536,-36.871283],[148.956228,-36.887678],[148.942867,-36.898857],[148.943516,-36.924419],[148.950757,-36.940739],[148.953452,-36.957134],[148.939986,-36.964661],[148.923875,-36.957617],[148.916684,-36.943121],[148.902808,-36.934211],[148.884477,-36.929024],[148.857229,-36.93128],[148.852504,-36.924047]],[[148.293378,-36.554902],[148.281653,-36.551214],[148.269278,-36.54626],[148.265392,-36.539942],[148.265604,-36.533582],[148.28193,-36.529847],[148.296454,-36.53147],[148.341231,-36.533009],[148.35202,-36.537211],[148.34283,-36.552575],[148.319637,-36.560464],[148.293378,-36.554902]],[[148.50684,-36.591898],[148.495827,-36.595736],[148.485884,-36.595552],[148.477134,-36.597819],[148.473747,-36.600635],[148.472623,-36.601882],[148.474923,-36.602162],[148.480386,-36.607952],[148.484321,-36.61376],[148.484392,-36.617458],[148.479516,-36.622452],[148.473422,-36.62376],[148.463069,-36.622346],[148.455839,-36.624285],[148.453047,-36.618153],[148.44916,-36.61481],[148.444475,-36.609626],[148.447737,-36.60003],[148.455654,-36.594076],[148.465469,-36.587482],[148.472572,-36.57907],[148.4756,-36.577492],[148.488945,-36.575784],[148.499298,-36.577504],[148.506594,-36.579262],[148.509019,-36.586013],[148.50684,-36.591898]],[[148.269941,-35.998432],[148.263991,-35.991178],[148.259706,-35.984834],[148.258548,-35.975777],[148.259629,-35.972056],[148.261643,-35.971107],[148.262966,-35.966662],[148.264835,-35.964581],[148.265974,-35.964466],[148.267615,-35.964037],[148.270388,-35.96308],[148.27435,-35.965099],[148.276263,-35.9658],[148.279562,-35.965971],[148.282729,-35.965834],[148.284282,-35.967776],[148.283705,-35.971286],[148.282862,-35.974077],[148.284282,-35.975608],[148.286714,-35.977024],[148.289504,-35.977097],[148.29268,-35.977475],[148.295124,-35.979613],[148.300247,-35.982752],[148.300527,-35.984398],[148.30384,-35.985393],[148.3017,-35.986344],[148.300083,-35.988216],[148.301767,-35.990362],[148.305339,-35.991663],[148.307137,-35.993086],[148.30933,-35.995329],[148.311263,-35.997163],[148.30988,-35.997899],[148.299277,-36.0009],[148.281781,-36.001295],[148.269941,-35.998432]],[[148.401166,-36.570979],[148.414943,-36.565729],[148.432398,-36.571879],[148.418333,-36.57866],[148.417239,-36.587829],[148.416122,-36.595726],[148.406512,-36.604996],[148.392883,-36.601341],[148.380826,-36.597412],[148.371258,-36.591419],[148.36647,-36.588167],[148.364479,-36.582595],[148.361481,-36.573473],[148.371614,-36.5759],[148.379393,-36.587764],[148.395209,-36.590378],[148.402378,-36.585715],[148.401166,-36.570979]],[[148.439642,-35.91568],[148.445087,-35.915615],[148.437608,-35.92368],[148.429053,-35.932643],[148.428044,-35.937086],[148.424903,-35.944213],[148.412981,-35.947898],[148.405386,-35.94976],[148.394349,-35.941913],[148.387642,-35.932243],[148.394038,-35.924194],[148.40602,-35.924054],[148.418065,-35.927457],[148.43112,-35.926416],[148.439642,-35.91568]],[[148.184289,-36.409595],[148.181176,-36.413211],[148.177923,-36.40761],[148.178425,-36.398898],[148.17956,-36.39018],[148.174347,-36.380501],[148.16471,-36.371377],[148.163375,-36.36678],[148.169043,-36.364676],[148.174139,-36.366675],[148.177351,-36.369716],[148.183784,-36.376311],[148.188959,-36.383429],[148.198435,-36.381798],[148.203517,-36.382771],[148.196716,-36.393595],[148.187316,-36.400347],[148.184289,-36.409595]],[[148.479508,-36.66605],[148.478697,-36.66486],[148.477004,-36.663398],[148.476887,-36.661847],[148.477893,-36.659504],[148.480642,-36.656575],[148.482476,-36.651681],[148.483111,-36.648284],[148.483522,-36.646867],[148.485168,-36.645858],[148.48629,-36.644996],[148.489697,-36.64446],[148.492314,-36.643862],[148.495285,-36.643472],[148.505609,-36.642706],[148.51045,-36.643845],[148.513917,-36.646413],[148.512765,-36.650241],[148.511329,-36.652942],[148.508828,-36.655021],[148.505518,-36.656052],[148.50315,-36.65594],[148.501393,-36.660199],[148.501165,-36.662037],[148.500836,-36.6631],[148.499454,-36.664177],[148.495071,-36.664091],[148.493673,-36.66432],[148.493269,-36.66609],[148.492846,-36.666872],[148.490477,-36.666761],[148.487049,-36.666239],[148.484497,-36.665706],[148.483202,-36.66671],[148.481016,-36.666949],[148.479508,-36.66605]],[[148.290344,-36.562056],[148.301675,-36.579736],[148.305272,-36.587327],[148.300611,-36.591447],[148.29136,-36.58519],[148.283662,-36.577389],[148.276949,-36.571865],[148.273377,-36.565545],[148.275483,-36.559419],[148.280497,-36.557585],[148.290344,-36.562056]],[[148.286022,-36.605594],[148.291536,-36.61469],[148.288424,-36.617267],[148.281669,-36.609456],[148.273604,-36.598606],[148.26211,-36.590081],[148.251556,-36.581036],[148.249894,-36.575713],[148.255552,-36.574636],[148.2626,-36.581429],[148.272516,-36.58997],[148.282065,-36.595209],[148.296967,-36.59988],[148.306825,-36.604605],[148.29325,-36.60399],[148.286022,-36.605594]],[[148.703404,-36.571605],[148.708814,-36.56821],[148.715153,-36.569667],[148.717414,-36.572731],[148.715833,-36.575629],[148.716195,-36.579605],[148.718393,-36.579795],[148.718892,-36.577576],[148.71828,-36.574709],[148.72016,-36.572913],[148.726176,-36.572162],[148.732046,-36.577164],[148.731841,-36.580263],[148.728028,-36.581425],[148.724459,-36.581255],[148.72396,-36.583474],[148.726706,-36.583656],[148.727548,-36.584528],[148.727309,-36.58608],[148.726516,-36.587418],[148.723245,-36.58835],[148.720509,-36.588611],[148.719098,-36.586862],[148.716611,-36.586013],[148.716944,-36.588663],[148.720827,-36.590597],[148.719769,-36.592382],[148.715901,-36.59111],[148.714256,-36.591134],[148.712342,-36.591383],[148.706809,-36.58925],[148.703975,-36.585089],[148.702497,-36.580244],[148.702145,-36.57671],[148.703404,-36.571605]],[[148.326888,-35.99122],[148.322884,-35.986833],[148.32282,-35.983021],[148.327218,-35.980602],[148.33472,-35.981858],[148.34073,-35.984883],[148.341335,-35.990647],[148.332997,-35.992492],[148.326888,-35.99122]],[[148.235735,-36.713918],[148.234115,-36.717537],[148.232882,-36.722053],[148.234801,-36.725485],[148.236133,-36.727123],[148.235794,-36.729228],[148.233738,-36.728949],[148.23205,-36.728366],[148.229225,-36.726594],[148.228979,-36.722844],[148.230979,-36.719671],[148.231859,-36.71636],[148.231627,-36.71351],[148.232881,-36.710345],[148.233572,-36.706885],[148.235184,-36.702816],[148.236773,-36.697246],[148.238395,-36.693776],[148.24158,-36.694794],[148.24225,-36.701692],[148.242158,-36.707547],[148.242593,-36.711445],[148.241468,-36.711006],[148.240209,-36.702313],[148.238673,-36.699477],[148.237392,-36.700992],[148.23637,-36.707006],[148.235735,-36.713918]],[[148.248538,-36.693103],[148.249704,-36.690056],[148.25172,-36.687933],[148.253167,-36.685216],[148.252755,-36.682818],[148.253271,-36.680111],[148.255354,-36.682191],[148.254474,-36.685352],[148.256381,-36.688034],[148.256048,-36.690439],[148.257749,-36.691922],[148.255334,-36.692398],[148.253463,-36.691967],[148.252568,-36.694228],[148.252984,-36.696926],[148.25357,-36.698571],[148.253607,-36.700822],[148.256069,-36.703198],[148.259448,-36.704663],[148.261847,-36.703137],[148.264645,-36.703257],[148.264127,-36.705814],[148.26115,-36.706146],[148.258931,-36.70722],[148.257837,-36.708733],[148.259573,-36.712317],[148.261874,-36.716195],[148.259801,-36.714866],[148.259598,-36.713818],[148.258457,-36.712479],[148.256382,-36.711],[148.255801,-36.709655],[148.255774,-36.708004],[148.255355,-36.705157],[148.254033,-36.70412],[148.25252,-36.702785],[148.25138,-36.701446],[148.250235,-36.699807],[148.249468,-36.698464],[148.247957,-36.697279],[148.247916,-36.694728],[148.248538,-36.693103]],[[148.322196,-36.196739],[148.322001,-36.194359],[148.323183,-36.191087],[148.325005,-36.189061],[148.330287,-36.190506],[148.331113,-36.193631],[148.330228,-36.196148],[148.328557,-36.197922],[148.32607,-36.197197],[148.32528,-36.196203],[148.323589,-36.196849],[148.322196,-36.196739]],[[148.601825,-36.355951],[148.600533,-36.353714],[148.600645,-36.352052],[148.601355,-36.350915],[148.603247,-36.350178],[148.606404,-36.350373],[148.607775,-36.352905],[148.607679,-36.355338],[148.605348,-36.356081],[148.601825,-36.355951]],[[148.486157,-35.894636],[148.482705,-35.887802],[148.490513,-35.893239],[148.493458,-35.896908],[148.486157,-35.894636]],[[148.484742,-36.360322],[148.484831,-36.360052],[148.484443,-36.359596],[148.48434,-36.359175],[148.484623,-36.359057],[148.485286,-36.35901],[148.486002,-36.359193],[148.486246,-36.359574],[148.4863,-36.359919],[148.486162,-36.360151],[148.485219,-36.36047],[148.48484,-36.360513],[148.484742,-36.360322]],[[148.515255,-36.504731],[148.512707,-36.504364],[148.523222,-36.504951],[148.515255,-36.504731]]],[[[148.911067,-35.156183],[148.911481,-35.15555],[148.91232,-35.154865],[148.912756,-35.154362],[148.915985,-35.151426],[148.917762,-35.149361],[148.91898,-35.148133],[148.922198,-35.14614],[148.923824,-35.14523],[148.92665,-35.143247],[148.928361,-35.142408],[148.929818,-35.141362],[148.931053,-35.140414],[148.932444,-35.138989],[148.934711,-35.137137],[148.936725,-35.135094],[148.937218,-35.134735],[148.93776,-35.134478],[148.938057,-35.134144],[148.939085,-35.131982],[148.940551,-35.12961],[148.941348,-35.127542],[148.941616,-35.127023],[148.941953,-35.126509],[148.943629,-35.124981],[148.945095,-35.12415],[148.948976,-35.123101],[148.949707,-35.122814],[148.950451,-35.122405],[148.867492,-35.123645],[148.86628,-35.124696],[148.864682,-35.125771],[148.863879,-35.126622],[148.863016,-35.127821],[148.861771,-35.129287],[148.859442,-35.133019],[148.858886,-35.134285],[148.85784,-35.135234],[148.856885,-35.136322],[148.856609,-35.13684],[148.856248,-35.138676],[148.855893,-35.139592],[148.85582,-35.140161],[148.855053,-35.142012],[148.853909,-35.143814],[148.853512,-35.144889],[148.849663,-35.149095],[148.847853,-35.151611],[148.846689,-35.152845],[148.844795,-35.155313],[148.843676,-35.156504],[148.840109,-35.155587],[148.828114,-35.158244],[148.804932,-35.161195],[148.795469,-35.162692],[148.756775,-35.155348],[148.731967,-35.151398],[148.710944,-35.149236],[148.689961,-35.148915],[148.669688,-35.146734],[148.669609,-35.146952],[148.664844,-35.146239],[148.644769,-35.144553],[148.622786,-35.14289],[148.601796,-35.143169],[148.584637,-35.144178],[148.566599,-35.149116],[148.556648,-35.152772],[148.547679,-35.157982],[148.539694,-35.164746],[148.532272,-35.176207],[148.529085,-35.184478],[148.528762,-35.192713],[148.529438,-35.203287],[148.532009,-35.213053],[148.536932,-35.220829],[148.54672,-35.233247],[148.576201,-35.250896],[148.600763,-35.260764],[148.61854,-35.265623],[148.62634,-35.266794],[148.679411,-35.283367],[148.679227,-35.282588],[148.698784,-35.284776],[148.725066,-35.285635],[148.745374,-35.287805],[148.777321,-35.286199],[148.781852,-35.286627],[148.783615,-35.289142],[148.783951,-35.289439],[148.785288,-35.289631],[148.786016,-35.289607],[148.7879,-35.288803],[148.788496,-35.288475],[148.788895,-35.288009],[148.79005,-35.287251],[148.79447,-35.286458],[148.800808,-35.287012],[148.800923,-35.288258],[148.801202,-35.289147],[148.801376,-35.290235],[148.801586,-35.29075],[148.801852,-35.291121],[148.801852,-35.291359],[148.802166,-35.292148],[148.802201,-35.29277],[148.802382,-35.293308],[148.802817,-35.294041],[148.803474,-35.295523],[148.803767,-35.296785],[148.80441,-35.29866],[148.804731,-35.299859],[148.80485,-35.301137],[148.805359,-35.30415],[148.805442,-35.305713],[148.805778,-35.307033],[148.806057,-35.308872],[148.806154,-35.310092],[148.806112,-35.310602],[148.805593,-35.312377],[148.804751,-35.314468],[148.804471,-35.31541],[148.80365,-35.317342],[148.802571,-35.318756],[148.80187,-35.31992],[148.801932,-35.320906],[148.801687,-35.32178],[148.801693,-35.322132],[148.802099,-35.323379],[148.802133,-35.324942],[148.802265,-35.325977],[148.802202,-35.326199],[148.801557,-35.327417],[148.801081,-35.32778],[148.8008,-35.328402],[148.799748,-35.329679],[148.799089,-35.330812],[148.79658,-35.333734],[148.795606,-35.334645],[148.795206,-35.335138],[148.794933,-35.335588],[148.794764,-35.336245],[148.794742,-35.338273],[148.794965,-35.339136],[148.795105,-35.340188],[148.79542,-35.340734],[148.795763,-35.341085],[148.796665,-35.343577],[148.797294,-35.34479],[148.797729,-35.345522],[148.797917,-35.345682],[148.798246,-35.345803],[148.798576,-35.346091],[148.799073,-35.346931],[148.799556,-35.347835],[148.799766,-35.348382],[148.799884,-35.349024],[148.799877,-35.349592],[148.799695,-35.35001],[148.796869,-35.352986],[148.796609,-35.353396],[148.796503,-35.354597],[148.796637,-35.354933],[148.797127,-35.355205],[148.797525,-35.356511],[148.79838,-35.357404],[148.79955,-35.357955],[148.800229,-35.358111],[148.800804,-35.358121],[148.801722,-35.357571],[148.802528,-35.356756],[148.804099,-35.355399],[148.804891,-35.353809],[148.805536,-35.353227],[148.8059,-35.353073],[148.807314,-35.352809],[148.808149,-35.353796],[148.8115,-35.361556],[148.811573,-35.364802],[148.810274,-35.365737],[148.809089,-35.366809],[148.808857,-35.367313],[148.808927,-35.367808],[148.809795,-35.3699],[148.809872,-35.370323],[148.811336,-35.372897],[148.811776,-35.373886],[148.811811,-35.375436],[148.816222,-35.383179],[148.824794,-35.387389],[148.840664,-35.386281],[148.858552,-35.3808],[148.865827,-35.374613],[148.868924,-35.371095],[148.868804,-35.36589],[148.874978,-35.357984],[148.883187,-35.346576],[148.891495,-35.339504],[148.897543,-35.326392],[148.894246,-35.321238],[148.878229,-35.315413],[148.869703,-35.312942],[148.86924,-35.312741],[148.871525,-35.31077],[148.872092,-35.310491],[148.874158,-35.310049],[148.877344,-35.309991],[148.878346,-35.310038],[148.87953,-35.310299],[148.880748,-35.30973],[148.88149,-35.309606],[148.883436,-35.308873],[148.885894,-35.308302],[148.889556,-35.307727],[148.890417,-35.307727],[148.891167,-35.307882],[148.894501,-35.309038],[148.898654,-35.310789],[148.901603,-35.312406],[148.902282,-35.312666],[148.904034,-35.313589],[148.905204,-35.314486],[148.905862,-35.314854],[148.90662,-35.315573],[148.909905,-35.317482],[148.911383,-35.318188],[148.912679,-35.31902],[148.913093,-35.319414],[148.913528,-35.320129],[148.914187,-35.321597],[148.915506,-35.323807],[148.915885,-35.324243],[148.916453,-35.325176],[148.920211,-35.330034],[148.920569,-35.330457],[148.921087,-35.330796],[148.922635,-35.331357],[148.923546,-35.331189],[148.92452,-35.331286],[148.925718,-35.331119],[148.926733,-35.330859],[148.927628,-35.330277],[148.928006,-35.329707],[148.928279,-35.329081],[148.929042,-35.328271],[148.929748,-35.327092],[148.930118,-35.326225],[148.930992,-35.324972],[148.931314,-35.32429],[148.932125,-35.323272],[148.935078,-35.320493],[148.936148,-35.319651],[148.93836,-35.318313],[148.938484,-35.318352],[148.938713,-35.318826],[148.942318,-35.320593],[148.941999,-35.321938],[148.941601,-35.322525],[148.940922,-35.32301],[148.940117,-35.323866],[148.939942,-35.324242],[148.939915,-35.325072],[148.940035,-35.325291],[148.940392,-35.325412],[148.943388,-35.324056],[148.944964,-35.323815],[148.947659,-35.323704],[148.948514,-35.323379],[148.949283,-35.322497],[148.949478,-35.321897],[148.954553,-35.31941],[148.958206,-35.316641],[148.959416,-35.316662],[148.959907,-35.316555],[148.960935,-35.315718],[148.960941,-35.315195],[148.960809,-35.314667],[148.96391,-35.312316],[148.968781,-35.294882],[148.964213,-35.281072],[148.948013,-35.26745],[148.94032,-35.255425],[148.940813,-35.248367],[148.940944,-35.248201],[148.941895,-35.247437],[148.943621,-35.246531],[148.944187,-35.245976],[148.944262,-35.24575],[148.944655,-35.245202],[148.945073,-35.245002],[148.946015,-35.244766],[148.947894,-35.24442],[148.950469,-35.243761],[148.950987,-35.243045],[148.951311,-35.241899],[148.951537,-35.241386],[148.951517,-35.240746],[148.950368,-35.237601],[148.950327,-35.236975],[148.950657,-35.235784],[148.950933,-35.235311],[148.95179,-35.234233],[148.951938,-35.232901],[148.95228,-35.232156],[148.952446,-35.230549],[148.952413,-35.229941],[148.952245,-35.229263],[148.951688,-35.228122],[148.951131,-35.227645],[148.950503,-35.22637],[148.94963,-35.225077],[148.949065,-35.223743],[148.948654,-35.223253],[148.94829,-35.222443],[148.948269,-35.221691],[148.948477,-35.220822],[148.948681,-35.220134],[148.948968,-35.219566],[148.949742,-35.217069],[148.950186,-35.216012],[148.9504,-35.215039],[148.950122,-35.213015],[148.949992,-35.212634],[148.949986,-35.211958],[148.949568,-35.211357],[148.948566,-35.210444],[148.948017,-35.210169],[148.944858,-35.20889],[148.944255,-35.208715],[148.942602,-35.208435],[148.940903,-35.208422],[148.936778,-35.208779],[148.93276,-35.204347],[148.935766,-35.197357],[148.933447,-35.188716],[148.935293,-35.177406],[148.938174,-35.165211],[148.926472,-35.161926],[148.915272,-35.159289],[148.914596,-35.159388],[148.909993,-35.157588],[148.910598,-35.156912],[148.911067,-35.156183]]],[[[148.418793,-36.227908],[148.422087,-36.224297],[148.419655,-36.217522],[148.419122,-36.211235],[148.413793,-36.206705],[148.410585,-36.203341],[148.414288,-36.199216],[148.40623,-36.194548],[148.401845,-36.19579],[148.403438,-36.202745],[148.402243,-36.206331],[148.405245,-36.209868],[148.408295,-36.216125],[148.407939,-36.219702],[148.410121,-36.224268],[148.410142,-36.225459],[148.412524,-36.229513],[148.418793,-36.227908]]],[[[148.341868,-36.430281],[148.34374,-36.429626],[148.345602,-36.428464],[148.346219,-36.427823],[148.346513,-36.426679],[148.346166,-36.424781],[148.345347,-36.422762],[148.344068,-36.421382],[148.342484,-36.420512],[148.340282,-36.420156],[148.336971,-36.419179],[148.335557,-36.419068],[148.334286,-36.419082],[148.332779,-36.419633],[148.330368,-36.421636],[148.328018,-36.424903],[148.325657,-36.427521],[148.323808,-36.428838],[148.323296,-36.430139],[148.323062,-36.432086],[148.323506,-36.433589],[148.32455,-36.433747],[148.325288,-36.433256],[148.327157,-36.432474],[148.330737,-36.430786],[148.331988,-36.430519],[148.338112,-36.430831],[148.339679,-36.430686],[148.341868,-36.430281]]],[[[148.86552,-35.49481],[148.86433,-35.494828],[148.863427,-35.494973],[148.86239,-35.495273],[148.861518,-35.495615],[148.860146,-35.496425],[148.859461,-35.49708],[148.859071,-35.497659],[148.858367,-35.498891],[148.857713,-35.500524],[148.857374,-35.50176],[148.857847,-35.503456],[148.858202,-35.504023],[148.858589,-35.504572],[148.859553,-35.505472],[148.86087,-35.506281],[148.8618,-35.50665],[148.862757,-35.50677],[148.863508,-35.50675],[148.865546,-35.506313],[148.86693,-35.505971],[148.868234,-35.505487],[148.869258,-35.505002],[148.86998,-35.5044],[148.870903,-35.503336],[148.87159,-35.501811],[148.871905,-35.50058],[148.871835,-35.499603],[148.871567,-35.498687],[148.871293,-35.498119],[148.870929,-35.497606],[148.870027,-35.496804],[148.869598,-35.496568],[148.86879,-35.495936],[148.868066,-35.495631],[148.867414,-35.495249],[148.86552,-35.49481]]],[[[148.860558,-35.525493],[148.858517,-35.525596],[148.855765,-35.526098],[148.854111,-35.526611],[148.853063,-35.527204],[148.852693,-35.52757],[148.852488,-35.528353],[148.852453,-35.528994],[148.852619,-35.52982],[148.852913,-35.530614],[148.853876,-35.532154],[148.854664,-35.533206],[148.855268,-35.533629],[148.85589,-35.533885],[148.859073,-35.534819],[148.859665,-35.535089],[148.860615,-35.5353],[148.861395,-35.535342],[148.862272,-35.535175],[148.862565,-35.535031],[148.863234,-35.53466],[148.863596,-35.534249],[148.863817,-35.533655],[148.864083,-35.53325],[148.864212,-35.532716],[148.864213,-35.531963],[148.864306,-35.531443],[148.86378,-35.529391],[148.863537,-35.527475],[148.863214,-35.526628],[148.862842,-35.52626],[148.862048,-35.525844],[148.86126,-35.525536],[148.860558,-35.525493]]],[[[148.876911,-35.522724],[148.875156,-35.522832],[148.871945,-35.523581],[148.870509,-35.524045],[148.869211,-35.524601],[148.868909,-35.524809],[148.868383,-35.525408],[148.868197,-35.525789],[148.868193,-35.526438],[148.868417,-35.527381],[148.868355,-35.527355],[148.868427,-35.527719],[148.868845,-35.528898],[148.869779,-35.530317],[148.87129,-35.531533],[148.872395,-35.531809],[148.872802,-35.531834],[148.87467,-35.531607],[148.876248,-35.531244],[148.876797,-35.531056],[148.877108,-35.530839],[148.877579,-35.530286],[148.878114,-35.529922],[148.878298,-35.529684],[148.878822,-35.528649],[148.879108,-35.527495],[148.879282,-35.525833],[148.879123,-35.524159],[148.878994,-35.523782],[148.878363,-35.523179],[148.877584,-35.522799],[148.876911,-35.522724]]]]},"properties":{"OBJECTID":11558,"FireType":1,"FireName":"Burnt 1938-39","FireNo":"","FireYear":193839,"Label":"1938-39 Wildfire","StartDate":null,"EndDate":null,"Intensity":9999,"AreaHa":3465373.18366875,"PerimeterM":2676090.50889013,"OFHObjMet":null,"ObjNotMet":null,"NPWSBranch":"STHR","NPWSArea":"RIHI","VerDate":1788739200000,"Shape.STArea()":3.5047426768876893,"Shape.STLength()":27.105350947713017}},{"type":"Feature","id":27674,"geometry":{"type":"Polygon","coordinates":[[[148.290586,-36.48662],[148.290687,-36.486762],[148.290884,-36.486744],[148.290939,-36.486505],[148.290741,-36.486428],[148.290604,-36.486493],[148.290586,-36.48662]]]},"properties":{"OBJECTID":27674,"FireType":1,"FireName":"Sponars","FireNo":"<Null>","FireYear":201213,"Label":"2012-13 Wildfire","StartDate":1361318400000,"EndDate":1361318400000,"Intensity":10,"AreaHa":0.09243221,"PerimeterM":112.40919525,"OFHObjMet":null,"ObjNotMet":null,"NPWSBranch":"STHR","NPWSArea":"SNOW","VerDate":1788739200000,"Shape.STArea()":9.2957775712903e-08,"Shape.STLength()":0.0011269276260322868}},{"type":"Feature","id":29868,"geometry":{"type":"Polygon","coordinates":[[[148.336871,-36.492994],[148.336903,-36.493011],[148.336905,-36.492985],[148.336871,-36.492994]]]},"properties":{"OBJECTID":29868,"FireType":1,"FireName":"Bullock Yard Creek","FireNo":"15111008092","FireYear":201516,"Label":"2015-16 Wildfire","StartDate":1447113600000,"EndDate":1447200000000,"Intensity":20,"AreaHa":0.00109155,"PerimeterM":12.39956069,"OFHObjMet":null,"ObjNotMet":null,"NPWSBranch":"STHR","NPWSArea":"SNOW","VerDate":1788739200000,"Shape.STArea()":1.0978441257554786e-09,"Shape.STLength()":0.0001251446240488275}},{"type":"Feature","id":31589,"geometry":{"type":"MultiPolygon","coordinates":[[[[148.046685,-36.350268],[148.046928,-36.350064],[148.047307,-36.349925],[148.046467,-36.350451],[148.045716,-36.351537],[148.045729,-36.352018],[148.046224,-36.352294],[148.047357,-36.352375],[148.04788,-36.352548],[148.048319,-36.352858],[148.048813,-36.353684],[148.048968,-36.35412],[148.049207,-36.355025],[148.049206,-36.355507],[148.048795,-36.355839],[148.047224,-36.355332],[148.046164,-36.354208],[148.045711,-36.353944],[148.045174,-36.353805],[148.044621,-36.353919],[148.044238,-36.354286],[148.043782,-36.355672],[148.042619,-36.356702],[148.042364,-36.357103],[148.042263,-36.358008],[148.042599,-36.359877],[148.042456,-36.360335],[148.041306,-36.361984],[148.041035,-36.362901],[148.040765,-36.363336],[148.039376,-36.364205],[148.038652,-36.364983],[148.037913,-36.366243],[148.037898,-36.366702],[148.03801,-36.367172],[148.038392,-36.367528],[148.03893,-36.3677],[148.041238,-36.367692],[148.042953,-36.367304],[148.044497,-36.366768],[148.044895,-36.366447],[148.04498,-36.366],[148.045264,-36.365611],[148.04576,-36.36583],[148.046085,-36.366208],[148.046169,-36.366655],[148.04604,-36.367102],[148.045601,-36.367388],[148.045048,-36.367525],[148.044482,-36.367444],[148.043915,-36.367581],[148.043546,-36.367947],[148.043119,-36.369311],[148.042594,-36.369482],[148.042141,-36.369745],[148.041388,-36.370993],[148.040537,-36.371599],[148.040338,-36.372023],[148.040663,-36.372391],[148.042997,-36.373781],[148.044002,-36.374229],[148.044213,-36.374653],[148.043475,-36.375374],[148.042893,-36.376187],[148.042482,-36.376496],[148.040525,-36.377514],[148.039448,-36.377822],[148.03898,-36.378085],[148.03871,-36.378497],[148.039106,-36.378876],[148.040253,-36.37913],[148.042191,-36.380164],[148.044343,-36.380751],[148.045391,-36.381142],[148.045758,-36.381486],[148.045686,-36.382403],[148.045444,-36.382816],[148.045004,-36.383136],[148.043473,-36.383741],[148.041983,-36.385184],[148.041019,-36.385744],[148.039714,-36.386671],[148.03845,-36.388251],[148.037796,-36.389534],[148.037696,-36.38998],[148.037865,-36.390428],[148.038289,-36.390749],[148.039789,-36.391496],[148.041503,-36.391819],[148.043117,-36.392303],[148.043712,-36.392361],[148.044845,-36.392179],[148.045313,-36.391928],[148.045668,-36.39155],[148.045839,-36.391092],[148.046109,-36.390691],[148.04669,-36.390703],[148.046972,-36.391104],[148.047113,-36.391552],[148.04707,-36.39201],[148.046727,-36.393374],[148.046712,-36.393855],[148.046908,-36.395288],[148.046934,-36.396698],[148.047145,-36.397122],[148.048094,-36.397662],[148.050187,-36.399258],[148.050754,-36.399339],[148.051902,-36.399054],[148.053602,-36.399308],[148.055244,-36.39986],[148.056164,-36.400457],[148.056674,-36.400664],[148.057779,-36.400837],[148.05816,-36.401182],[148.058286,-36.402087],[148.057916,-36.403451],[148.057389,-36.40478],[148.057303,-36.405227],[148.057359,-36.405743],[148.058194,-36.40642],[148.05808,-36.40689],[148.057668,-36.407244],[148.057186,-36.407507],[148.05608,-36.407861],[148.05513,-36.408342],[148.054846,-36.408731],[148.054732,-36.409189],[148.055042,-36.410107],[148.056088,-36.411243],[148.056569,-36.412057],[148.057771,-36.413594],[148.059864,-36.41582],[148.060402,-36.41597],[148.062726,-36.415915],[148.063307,-36.415985],[148.064993,-36.416296],[148.06648,-36.417008],[148.067032,-36.417124],[148.067599,-36.41709],[148.068138,-36.416896],[148.0693,-36.416885],[148.069853,-36.416966],[148.070405,-36.417162],[148.071197,-36.417816],[148.071707,-36.418046],[148.07345,-36.417979],[148.075165,-36.418187],[148.076341,-36.418188],[148.076837,-36.418487],[148.077048,-36.418934],[148.07743,-36.419335],[148.078236,-36.420574],[148.079114,-36.421205],[148.08012,-36.421711],[148.08036,-36.422169],[148.080175,-36.422616],[148.079252,-36.423784],[148.079011,-36.424197],[148.078982,-36.424655],[148.079986,-36.425814],[148.080468,-36.426112],[148.080992,-36.426296],[148.081431,-36.426617],[148.081798,-36.427489],[148.081981,-36.428395],[148.082391,-36.429266],[148.082474,-36.430172],[148.0827,-36.430619],[148.083012,-36.430997],[148.083493,-36.43125],[148.084017,-36.431411],[148.085222,-36.431572],[148.086327,-36.431837],[148.086766,-36.432124],[148.087106,-36.432503],[148.087473,-36.433374],[148.087642,-36.434326],[148.088065,-36.435736],[148.088107,-36.436194],[148.087979,-36.436664],[148.088063,-36.437581],[148.087452,-36.438371],[148.086573,-36.438955],[148.086458,-36.439872],[148.086457,-36.440342],[148.086755,-36.440743],[148.087165,-36.441076],[148.087434,-36.441535],[148.087532,-36.441993],[148.087446,-36.442956],[148.086934,-36.444308],[148.086777,-36.445236],[148.086973,-36.446646],[148.08727,-36.44754],[148.08768,-36.448423],[148.087722,-36.448893],[148.087636,-36.44934],[148.087109,-36.451151],[148.087137,-36.451609],[148.087477,-36.451999],[148.088582,-36.452378],[148.08946,-36.452987],[148.089984,-36.453182],[148.091728,-36.453264],[148.092819,-36.453494],[148.096277,-36.455285],[148.096829,-36.455492],[148.098545,-36.455665],[148.099097,-36.455838],[148.100528,-36.456561],[148.101378,-36.457169],[148.101931,-36.457307],[148.103108,-36.457296],[148.104725,-36.456736],[148.106412,-36.456634],[148.107532,-36.456876],[148.108439,-36.457427],[148.109048,-36.457519],[148.110197,-36.457451],[148.110778,-36.457497],[148.111303,-36.457669],[148.111813,-36.457876],[148.113159,-36.458737],[148.115681,-36.459839],[148.116149,-36.460114],[148.117821,-36.46141],[148.11836,-36.461571],[148.120047,-36.461354],[148.121592,-36.46194],[148.122229,-36.462754],[148.122697,-36.463052],[148.12325,-36.463133],[148.123448,-36.463557],[148.12349,-36.464039],[148.124099,-36.46483],[148.124014,-36.4653],[148.123616,-36.466193],[148.1236,-36.467626],[148.123515,-36.468073],[148.122606,-36.469838],[148.122108,-36.471671],[148.123043,-36.472245],[148.123398,-36.4726],[148.123553,-36.473047],[148.123183,-36.474411],[148.123155,-36.474881],[148.123338,-36.475317],[148.123948,-36.476119],[148.12416,-36.476543],[148.124287,-36.477518],[148.124342,-36.478939],[148.124228,-36.479409],[148.123987,-36.479821],[148.123618,-36.480211],[148.123121,-36.480474],[148.122582,-36.480726],[148.122029,-36.48084],[148.121022,-36.481287],[148.119859,-36.481355],[148.119305,-36.481549],[148.119035,-36.481984],[148.119248,-36.482409],[148.119673,-36.482707],[148.120736,-36.483097],[148.122863,-36.483706],[148.125175,-36.483937],[148.125699,-36.48412],[148.12611,-36.484465],[148.126309,-36.484912],[148.126251,-36.48537],[148.124632,-36.488429],[148.123596,-36.489609],[148.123198,-36.48993],[148.122701,-36.490182],[148.122148,-36.49033],[148.121127,-36.490777],[148.120757,-36.491132],[148.119792,-36.491647],[148.119664,-36.492128],[148.119735,-36.492621],[148.119635,-36.493068],[148.119166,-36.49395],[148.118229,-36.495096],[148.118158,-36.495612],[148.118398,-36.496036],[148.118866,-36.496334],[148.119887,-36.496828],[148.122043,-36.497482],[148.122482,-36.497781],[148.123055,-36.498457],[148.124325,-36.498889],[148.125182,-36.499492],[148.125525,-36.499856],[148.124837,-36.500605],[148.124983,-36.501052],[148.127405,-36.502241],[148.127579,-36.502675],[148.127612,-36.503145],[148.12736,-36.505015],[148.12767,-36.506377],[148.127682,-36.507763],[148.127573,-36.508526],[148.127875,-36.508555],[148.128789,-36.511141],[148.133573,-36.518636],[148.135375,-36.520543],[148.135854,-36.520857],[148.135722,-36.521264],[148.136165,-36.521558],[148.137099,-36.522792],[148.138574,-36.524284],[148.13889,-36.52466],[148.139022,-36.525118],[148.138803,-36.526035],[148.138582,-36.526388],[148.138452,-36.528454],[148.13617,-36.531482],[148.136288,-36.531905],[148.136123,-36.532357],[148.135718,-36.53292],[148.135232,-36.534836],[148.135339,-36.537548],[148.133431,-36.539157],[148.132755,-36.539448],[148.13082,-36.54065],[148.129732,-36.54107],[148.128244,-36.542857],[148.128394,-36.543884],[148.128356,-36.544073],[148.128641,-36.547149],[148.128386,-36.547404],[148.127374,-36.546505],[148.127015,-36.546735],[148.126578,-36.547058],[148.125609,-36.548176],[148.124174,-36.54964],[148.123894,-36.550042],[148.123742,-36.550513],[148.123874,-36.550959],[148.124133,-36.551359],[148.125684,-36.553367],[148.126358,-36.554097],[148.126863,-36.554953],[148.128042,-36.556597],[148.128386,-36.556973],[148.129229,-36.55761],[148.129917,-36.558339],[148.130148,-36.558773],[148.130601,-36.560123],[148.131063,-36.560957],[148.131209,-36.561415],[148.131581,-36.561756],[148.132509,-36.562312],[148.132853,-36.562688],[148.133056,-36.563146],[148.1325,-36.564478],[148.132462,-36.564949],[148.132551,-36.565395],[148.132971,-36.566287],[148.133617,-36.567028],[148.134102,-36.567277],[148.135237,-36.567247],[148.13566,-36.567106],[148.134423,-36.565526],[148.134381,-36.565254],[148.134423,-36.565524],[148.13566,-36.567104],[148.135761,-36.567071],[148.136207,-36.56621],[148.137491,-36.565297],[148.138,-36.565065],[148.139149,-36.564989],[148.14091,-36.565034],[148.142073,-36.564856],[148.144282,-36.564259],[148.146318,-36.56341],[148.147264,-36.562912],[148.147716,-36.562577],[148.149236,-36.561181],[148.149501,-36.560755],[148.149426,-36.560274],[148.148973,-36.558902],[148.149139,-36.558431],[148.149605,-36.558141],[148.150186,-36.558081],[148.150685,-36.558295],[148.151001,-36.558672],[148.151383,-36.560033],[148.151557,-36.560468],[148.151873,-36.560844],[148.152914,-36.561296],[148.153342,-36.561591],[148.153819,-36.562425],[148.154205,-36.562755],[148.15559,-36.56356],[148.157178,-36.564891],[148.158288,-36.565182],[148.158421,-36.565652],[148.158131,-36.566572],[148.1576,-36.568958],[148.156627,-36.571153],[148.156901,-36.571564],[148.158579,-36.57185],[148.159758,-36.571959],[148.161505,-36.571959],[148.162004,-36.572241],[148.162293,-36.572688],[148.162411,-36.573146],[148.162372,-36.573604],[148.162083,-36.5745],[148.161371,-36.575812],[148.161276,-36.576259],[148.160056,-36.577826],[148.160008,-36.578778],[148.159856,-36.579213],[148.160115,-36.579624],[148.160657,-36.579815],[148.16182,-36.579657],[148.163506,-36.579257],[148.164975,-36.578528],[148.165341,-36.578147],[148.165635,-36.577687],[148.165801,-36.577251],[148.166361,-36.576444],[148.166243,-36.575964],[148.165535,-36.574719],[148.165858,-36.574339],[148.166381,-36.574141],[148.16801,-36.57366],[148.168577,-36.573589],[148.169145,-36.573585],[148.169616,-36.57388],[148.169847,-36.574292],[148.1703,-36.575607],[148.170271,-36.577005],[148.170361,-36.577463],[148.170691,-36.577851],[148.171191,-36.578109],[148.171718,-36.578266],[148.17284,-36.578399],[148.174863,-36.577584],[148.175473,-36.577557],[148.176015,-36.577726],[148.17735,-36.579252],[148.177765,-36.579571],[148.178307,-36.579809],[148.179143,-36.580012],[148.179985,-36.58005],[148.180523,-36.579921],[148.181003,-36.579654],[148.181706,-36.578927],[148.183439,-36.578951],[148.184559,-36.57877],[148.18623,-36.578337],[148.189735,-36.57671],[148.190234,-36.576925],[148.190635,-36.577289],[148.190909,-36.577688],[148.190942,-36.578147],[148.19069,-36.578549],[148.189916,-36.579219],[148.189693,-36.579645],[148.189447,-36.580552],[148.189347,-36.58195],[148.189394,-36.583829],[148.189583,-36.584273],[148.189956,-36.584639],[148.190399,-36.584946],[148.190912,-36.585138],[148.192022,-36.58536],[148.194187,-36.586034],[148.194756,-36.586122],[148.195337,-36.586038],[148.195832,-36.585828],[148.1964,-36.585756],[148.196941,-36.585947],[148.197729,-36.58663],[148.198841,-36.587001],[148.200381,-36.587656],[148.201492,-36.587981],[148.202075,-36.588034],[148.202512,-36.587733],[148.203171,-36.586961],[148.203609,-36.58666],[148.204162,-36.586565],[148.204717,-36.58671],[148.205217,-36.586982],[148.205575,-36.587335],[148.205466,-36.587783],[148.205043,-36.588107],[148.203939,-36.588458],[148.203488,-36.588736],[148.203379,-36.589206],[148.203407,-36.590616],[148.203573,-36.591566],[148.203762,-36.592],[148.204093,-36.592411],[148.204965,-36.593001],[148.205338,-36.593365],[148.205809,-36.593637],[148.206378,-36.593714],[148.206931,-36.593584],[148.208415,-36.59291],[148.209011,-36.592825],[148.210579,-36.593365],[148.21105,-36.593672],[148.211169,-36.594129],[148.210903,-36.594532],[148.210893,-36.594991],[148.211082,-36.595425],[148.212693,-36.595953],[148.213734,-36.596404],[148.214121,-36.596769],[148.214698,-36.597579],[148.215141,-36.597862],[148.216778,-36.598241],[148.216925,-36.59871],[148.21656,-36.599102],[148.214523,-36.599929],[148.213475,-36.600268],[148.212615,-36.600859],[148.212378,-36.601296],[148.212511,-36.601742],[148.212898,-36.602094],[148.213841,-36.60265],[148.2147,-36.603332],[148.215073,-36.603696],[148.215092,-36.604154],[148.214203,-36.604779],[148.21317,-36.605153],[148.2117,-36.60585],[148.210897,-36.606509],[148.210532,-36.606889],[148.210281,-36.607338],[148.209157,-36.60997],[148.208806,-36.610362],[148.208251,-36.610251],[148.208033,-36.609805],[148.208152,-36.608876],[148.207835,-36.608466],[148.20728,-36.608367],[148.206712,-36.608382],[148.205606,-36.608549],[148.204659,-36.609082],[148.20311,-36.610445],[148.202802,-36.610836],[148.202456,-36.611721],[148.202531,-36.612179],[148.202918,-36.61252],[148.203903,-36.613007],[148.204486,-36.613014],[148.205635,-36.612858],[148.210264,-36.612679],[148.211398,-36.612419],[148.21243,-36.611988],[148.213377,-36.611466],[148.213945,-36.611417],[148.214049,-36.611863],[148.212917,-36.614575],[148.213062,-36.614803],[148.212917,-36.614576],[148.212831,-36.614772],[148.213331,-36.615317],[148.213449,-36.615369],[148.213222,-36.615044],[148.213449,-36.615367],[148.215413,-36.616104],[148.215645,-36.616517],[148.215593,-36.616977],[148.21537,-36.617413],[148.214722,-36.618095],[148.214817,-36.618421],[148.214722,-36.618095],[148.214036,-36.618946],[148.213884,-36.619382],[148.214088,-36.619805],[148.21446,-36.620146],[148.215058,-36.620177],[148.215657,-36.620033],[148.215579,-36.619926],[148.215657,-36.620032],[148.216134,-36.619824],[148.216965,-36.619201],[148.217533,-36.619106],[148.218657,-36.61927],[148.219114,-36.619531],[148.219388,-36.61993],[148.219412,-36.620893],[148.219109,-36.621812],[148.218948,-36.62273],[148.219038,-36.623176],[148.21986,-36.624397],[148.220036,-36.624854],[148.220041,-36.625324],[148.218835,-36.626925],[148.217029,-36.628106],[148.216648,-36.628441],[148.21623,-36.629085],[148.219484,-36.627971],[148.21623,-36.629086],[148.216131,-36.629258],[148.215724,-36.631119],[148.215283,-36.632462],[148.215364,-36.633423],[148.215212,-36.63386],[148.214643,-36.633795],[148.214256,-36.633442],[148.213694,-36.632645],[148.21318,-36.632466],[148.212568,-36.632387],[148.212001,-36.632506],[148.211693,-36.632886],[148.211711,-36.633344],[148.212336,-36.634647],[148.212516,-36.635597],[148.212677,-36.636031],[148.212936,-36.63643],[148.213726,-36.637134],[148.215542,-36.638304],[148.215802,-36.638704],[148.215807,-36.639162],[148.215498,-36.639542],[148.213184,-36.639731],[148.212179,-36.640138],[148.21177,-36.640449],[148.211476,-36.640864],[148.211049,-36.642255],[148.210797,-36.642658],[148.210137,-36.643406],[148.209763,-36.644302],[148.209573,-36.645208],[148.209838,-36.646101],[148.210661,-36.647345],[148.210751,-36.647791],[148.210727,-36.648272],[148.2104,-36.64965],[148.210134,-36.650053],[148.209174,-36.650598],[148.208155,-36.651051],[148.207731,-36.651366],[148.206957,-36.652056],[148.206325,-36.652851],[148.205888,-36.653142],[148.205334,-36.653224],[148.204197,-36.653198],[148.203629,-36.65327],[148.203134,-36.653504],[148.202797,-36.653883],[148.20266,-36.654365],[148.202806,-36.65481],[148.203284,-36.655666],[148.203346,-36.656161],[148.203137,-36.656587],[148.20252,-36.657392],[148.201034,-36.6581],[148.200625,-36.658424],[148.200359,-36.658828],[148.200264,-36.659274],[148.200524,-36.659685],[148.202285,-36.660889],[148.202587,-36.661288],[148.202664,-36.66177],[148.202454,-36.662196],[148.202089,-36.662552],[148.201608,-36.662808],[148.199499,-36.663704],[148.198071,-36.664516],[148.197038,-36.664957],[148.196687,-36.665328],[148.19658,-36.665558],[148.196079,-36.667074],[148.19604,-36.66753],[148.196405,-36.668422],[148.19701,-36.669219],[148.197939,-36.669765],[148.198439,-36.669968],[148.198826,-36.670297],[148.198888,-36.670767],[148.198769,-36.671707],[148.198546,-36.672133],[148.198195,-36.672515],[148.197641,-36.67262],[148.196474,-36.672492],[148.195892,-36.672563],[148.195077,-36.672809],[148.196051,-36.674037],[148.195077,-36.672809],[148.192618,-36.673569],[148.191075,-36.674267],[148.190171,-36.674869],[148.189411,-36.675584],[148.189188,-36.676044],[148.189069,-36.676962],[148.189082,-36.677095],[148.190266,-36.67712],[148.189082,-36.677096],[148.189069,-36.678383],[148.188974,-36.678855],[148.188722,-36.679268],[148.186806,-36.680964],[148.185694,-36.682119],[148.184919,-36.682789],[148.183913,-36.683219],[148.183676,-36.683644],[148.183894,-36.684089],[148.184224,-36.684476],[148.185344,-36.685547],[148.186414,-36.685895],[148.186829,-36.686225],[148.18642,-36.686537],[148.185444,-36.687013],[148.185363,-36.687472],[148.18568,-36.68787],[148.186124,-36.688155],[148.186707,-36.688185],[148.187872,-36.688063],[148.188399,-36.68822],[148.188133,-36.688623],[148.187724,-36.688958],[148.185377,-36.690268],[148.185054,-36.690685],[148.184821,-36.691602],[148.184369,-36.691891],[148.183831,-36.6921],[148.18322,-36.692186],[148.182889,-36.69181],[148.182334,-36.691721],[148.181781,-36.691896],[148.181529,-36.692333],[148.181183,-36.693229],[148.180708,-36.694081],[148.180982,-36.695923],[148.180829,-36.69636],[148.180211,-36.697133],[148.179479,-36.697858],[148.179027,-36.698172],[148.176637,-36.699494],[148.174074,-36.700712],[148.173651,-36.70107],[148.173314,-36.701484],[148.172687,-36.702828],[148.172668,-36.703792],[148.172364,-36.704724],[148.172326,-36.705192],[148.172065,-36.706111],[148.171808,-36.707499],[148.171789,-36.708416],[148.171656,-36.709402],[148.171191,-36.710626],[148.171399,-36.710805],[148.17119,-36.710627],[148.170596,-36.711564],[148.170221,-36.712448],[148.169402,-36.713107],[148.168864,-36.713385],[148.168325,-36.713538],[148.167797,-36.713357],[148.16741,-36.713005],[148.166772,-36.711736],[148.165955,-36.7111],[148.164885,-36.710785],[148.164301,-36.71072],[148.163136,-36.710865],[148.162116,-36.711295],[148.161764,-36.711676],[148.161612,-36.712124],[148.161664,-36.71304],[148.161985,-36.713932],[148.161652,-36.714817],[148.160891,-36.715532],[148.160396,-36.715787],[148.159346,-36.716149],[148.158894,-36.716427],[148.157285,-36.717789],[148.155885,-36.7186],[148.15549,-36.718935],[148.154842,-36.719695],[148.153693,-36.719943],[148.153123,-36.719912],[148.150969,-36.719272],[148.150357,-36.719264],[148.149804,-36.719405],[148.149266,-36.719649],[148.148842,-36.720018],[148.148224,-36.720778],[148.147919,-36.721685],[148.146447,-36.722428],[148.146037,-36.72274],[148.145276,-36.723661],[148.144455,-36.724414],[148.144159,-36.724839],[148.144034,-36.725314],[148.143805,-36.725757],[148.143176,-36.726532],[148.143118,-36.727061],[148.143385,-36.727471],[148.143467,-36.727881],[148.143306,-36.728271],[148.140452,-36.729914],[148.140035,-36.730793],[148.139715,-36.731182],[148.139328,-36.732043],[148.13893,-36.732298],[148.138375,-36.732323],[148.136709,-36.732617],[148.136203,-36.732547],[148.135331,-36.731965],[148.134773,-36.731757],[148.134124,-36.731825],[148.133662,-36.732152],[148.132746,-36.733364],[148.132355,-36.733661],[148.131905,-36.733907],[148.130827,-36.734279],[148.130508,-36.734763],[148.130672,-36.735262],[148.131462,-36.735983],[148.132999,-36.736731],[148.134618,-36.737228],[148.135698,-36.737683],[148.136095,-36.737967],[148.136269,-36.738375],[148.136194,-36.739263],[148.136059,-36.739722],[148.135611,-36.740633],[148.135393,-36.741524],[148.135155,-36.74195],[148.134964,-36.742904],[148.134186,-36.743527],[148.13214,-36.744513],[148.131839,-36.744994],[148.132064,-36.7455],[148.132424,-36.7459],[148.132626,-36.74632],[148.132923,-36.746701],[148.133033,-36.747128],[148.132956,-36.747575],[148.132776,-36.74801],[148.132578,-36.749227],[148.132145,-36.750388],[148.131803,-36.750704],[148.131347,-36.750823],[148.129902,-36.750319],[148.129476,-36.75024],[148.128861,-36.75026],[148.128141,-36.750449],[148.127863,-36.750702],[148.127736,-36.750939],[148.12775,-36.75124],[148.128129,-36.752024],[148.127969,-36.752498],[148.12769,-36.752808],[148.126918,-36.753223],[148.125347,-36.753825],[148.12418,-36.754078],[148.123016,-36.754749],[148.12222,-36.754975],[148.12138,-36.755359],[148.120557,-36.756009],[148.119896,-36.756884],[148.119494,-36.758098],[148.119509,-36.758567],[148.119735,-36.758971],[148.120343,-36.759352],[148.121365,-36.759554],[148.122565,-36.759543],[148.123998,-36.759324],[148.12443,-36.759371],[148.124632,-36.759484],[148.124767,-36.759691],[148.124555,-36.760381],[148.12426,-36.760635],[148.123159,-36.761127],[148.122307,-36.761772],[148.121869,-36.762515],[148.121257,-36.764326],[148.120848,-36.764919],[148.120441,-36.765272],[148.120079,-36.765426],[148.117956,-36.765553],[148.115553,-36.766306],[148.114209,-36.767144],[148.113448,-36.767749],[148.112866,-36.768366],[148.112083,-36.769623],[148.111475,-36.771316],[148.11022,-36.773777],[148.10975,-36.774388],[148.108789,-36.775007],[148.10858,-36.775275],[148.108406,-36.775791],[148.108346,-36.776551],[148.108086,-36.777131],[148.105081,-36.780249],[148.104805,-36.780629],[148.104681,-36.78109],[148.104688,-36.781392],[148.105389,-36.783317],[148.105449,-36.783866],[148.105366,-36.784539],[148.105152,-36.78517],[148.104706,-36.785914],[148.103043,-36.787725],[148.102353,-36.788242],[148.101608,-36.788327],[148.100923,-36.788076],[148.099643,-36.787075],[148.098805,-36.786682],[148.098456,-36.786582],[148.098113,-36.786597],[148.097812,-36.786723],[148.097681,-36.786928],[148.097625,-36.787394],[148.09785,-36.787992],[148.098815,-36.789826],[148.099193,-36.790909],[148.099664,-36.791379],[148.100175,-36.79153],[148.100718,-36.791462],[148.101346,-36.790719],[148.101824,-36.790455],[148.102277,-36.790685],[148.102535,-36.790983],[148.102758,-36.791116],[148.103019,-36.791189],[148.103397,-36.791159],[148.103723,-36.790983],[148.104037,-36.790224],[148.104483,-36.790115],[148.104683,-36.790245],[148.105061,-36.791198],[148.105599,-36.791937],[148.105713,-36.792998],[148.105922,-36.793444],[148.10644,-36.793939],[148.107199,-36.794401],[148.107594,-36.795248],[148.10808,-36.795992],[148.108333,-36.796727],[148.109253,-36.797459],[148.109659,-36.797952],[148.109702,-36.798225],[148.109643,-36.798329],[148.108262,-36.798761],[148.107927,-36.798954],[148.107806,-36.799136],[148.107752,-36.799586],[148.107827,-36.800029],[148.107993,-36.800334],[148.108359,-36.800673],[148.108875,-36.800891],[148.109437,-36.800973],[148.111253,-36.800544],[148.11203,-36.800494],[148.112334,-36.800556],[148.112768,-36.800923],[148.112915,-36.801233],[148.113106,-36.802041],[148.113606,-36.80264],[148.113863,-36.802788],[148.114118,-36.802822],[148.115007,-36.802553],[148.115343,-36.802552],[148.116132,-36.803001],[148.116869,-36.803272],[148.117271,-36.803617],[148.1178,-36.804623],[148.118756,-36.805748],[148.119522,-36.806055],[148.120023,-36.806071],[148.120359,-36.805944],[148.120941,-36.80517],[148.121466,-36.804903],[148.121746,-36.804607],[148.121845,-36.804268],[148.12162,-36.803497],[148.121654,-36.803122],[148.121812,-36.802889],[148.122407,-36.802377],[148.122819,-36.801584],[148.123275,-36.80147],[148.124504,-36.801568],[148.124949,-36.8017],[148.125329,-36.801997],[148.125825,-36.802071],[148.126068,-36.801969],[148.126765,-36.801045],[148.12704,-36.800392],[148.127017,-36.799926],[148.126897,-36.79959],[148.126271,-36.798584],[148.126082,-36.79784],[148.126118,-36.797345],[148.126223,-36.797046],[148.126345,-36.796845],[148.126657,-36.796645],[148.127604,-36.796403],[148.128424,-36.796298],[148.12892,-36.796052],[148.129251,-36.795772],[148.129549,-36.795724],[148.129845,-36.795805],[148.130869,-36.796779],[148.13176,-36.797145],[148.132207,-36.797166],[148.133337,-36.79694],[148.135109,-36.796922],[148.135471,-36.796807],[148.135534,-36.796707],[148.135178,-36.7963],[148.134634,-36.796085],[148.134404,-36.795909],[148.134369,-36.795524],[148.134908,-36.795348],[148.136243,-36.795439],[148.136458,-36.795359],[148.136706,-36.795029],[148.136916,-36.794936],[148.137185,-36.794996],[148.137515,-36.79526],[148.137909,-36.795323],[148.139331,-36.795144],[148.140469,-36.79532],[148.140999,-36.795078],[148.141957,-36.795441],[148.143013,-36.795155],[148.144827,-36.795211],[148.146423,-36.795359],[148.147505,-36.795256],[148.147868,-36.795103],[148.148437,-36.794583],[148.148965,-36.794325],[148.14923,-36.793913],[148.149272,-36.793494],[148.148677,-36.792158],[148.148691,-36.791913],[148.149197,-36.791754],[148.149511,-36.791759],[148.149841,-36.79204],[148.150257,-36.792689],[148.150488,-36.792882],[148.151078,-36.793095],[148.151608,-36.793113],[148.152183,-36.792643],[148.152671,-36.791854],[148.153643,-36.791465],[148.154695,-36.790636],[148.155826,-36.790202],[148.156823,-36.790029],[148.156992,-36.790167],[148.157022,-36.790327],[148.156569,-36.79095],[148.15647,-36.791544],[148.156644,-36.791763],[148.15728,-36.792221],[148.15779,-36.792814],[148.158584,-36.793163],[148.159561,-36.793257],[148.160301,-36.793064],[148.16116,-36.792469],[148.162583,-36.792417],[148.162991,-36.792469],[148.163075,-36.792519],[148.163108,-36.792684],[148.162765,-36.793524],[148.162754,-36.793938],[148.163153,-36.794479],[148.163715,-36.794769],[148.164099,-36.794814],[148.164572,-36.794683],[148.165865,-36.793834],[148.166567,-36.793608],[148.167049,-36.792927],[148.167347,-36.79273],[148.167624,-36.792667],[148.168201,-36.792791],[148.169199,-36.792766],[148.169584,-36.792883],[148.169889,-36.7931],[148.171389,-36.794698],[148.171835,-36.795045],[148.172213,-36.795222],[148.173974,-36.795685],[148.174935,-36.796041],[148.175575,-36.796465],[148.176983,-36.796881],[148.177771,-36.796878],[148.178771,-36.796571],[148.179406,-36.796647],[148.179778,-36.797003],[148.180392,-36.798537],[148.180358,-36.799676],[148.181222,-36.801634],[148.181494,-36.802657],[148.18143,-36.803236],[148.181545,-36.803796],[148.182039,-36.804854],[148.182337,-36.805019],[148.182745,-36.805059],[148.183218,-36.80497],[148.183955,-36.804672],[148.184698,-36.804622],[148.185419,-36.804402],[148.186154,-36.804073],[148.187042,-36.803499],[148.188795,-36.801937],[148.189863,-36.800596],[148.190543,-36.799439],[148.191718,-36.797873],[148.192111,-36.797576],[148.193615,-36.796811],[148.194421,-36.796098],[148.323388,-36.848772],[148.407155,-36.882869],[148.407767,-36.882655],[148.409566,-36.882666],[148.410358,-36.881809],[148.411542,-36.881457],[148.413967,-36.881707],[148.413885,-36.880983],[148.411379,-36.880125],[148.410604,-36.879354],[148.410248,-36.878804],[148.409847,-36.87857],[148.410081,-36.87831],[148.408794,-36.878681],[148.409568,-36.877499],[148.408379,-36.875794],[148.408462,-36.875714],[148.40713,-36.874729],[148.40663,-36.873846],[148.407237,-36.873049],[148.407729,-36.873959],[148.407245,-36.873029],[148.407963,-36.871165],[148.407681,-36.867307],[148.401861,-36.865684],[148.401579,-36.865376],[148.400962,-36.860325],[148.396465,-36.85464],[148.391975,-36.854137],[148.392056,-36.853631],[148.392925,-36.852426],[148.392907,-36.851471],[148.391721,-36.851485],[148.391118,-36.851019],[148.390361,-36.850189],[148.391389,-36.849582],[148.391376,-36.848866],[148.392406,-36.848376],[148.393282,-36.847532],[148.395062,-36.847511],[148.396231,-36.846542],[148.396212,-36.84547],[148.39501,-36.84465],[148.393672,-36.844544],[148.391449,-36.844692],[148.389391,-36.845788],[148.388526,-36.847232],[148.387676,-36.848003],[148.387304,-36.847219],[148.387059,-36.846951],[148.387333,-36.847823],[148.38706,-36.8482],[148.386079,-36.850439],[148.384527,-36.850458],[148.383374,-36.849554],[148.382495,-36.850164],[148.381892,-36.849693],[148.382124,-36.84924],[148.382697,-36.848981],[148.383634,-36.847284],[148.383922,-36.847047],[148.383456,-36.845858],[148.382559,-36.845512],[148.381964,-36.845519],[148.381368,-36.845288],[148.381353,-36.844449],[148.381174,-36.843996],[148.383625,-36.844066],[148.385208,-36.844287],[148.384952,-36.844112],[148.385317,-36.84391],[148.385581,-36.842639],[148.38571,-36.842672],[148.386176,-36.844154],[148.386051,-36.841888],[148.385608,-36.841776],[148.38489,-36.841404],[148.384239,-36.840518],[148.384925,-36.83762],[148.385085,-36.837487],[148.385329,-36.837629],[148.385415,-36.837407],[148.386724,-36.837829],[148.389102,-36.83804],[148.390876,-36.837659],[148.389975,-36.837074],[148.388481,-36.836497],[148.38698,-36.835559],[148.388161,-36.835189],[148.387848,-36.834354],[148.388735,-36.834105],[148.389756,-36.833142],[148.389579,-36.831594],[148.389139,-36.831838],[148.388096,-36.831611],[148.388076,-36.830534],[148.387893,-36.82863],[148.385823,-36.82901],[148.385548,-36.827887],[148.385544,-36.827675],[148.386969,-36.826734],[148.38753,-36.824938],[148.386612,-36.823394],[148.386012,-36.823045],[148.385271,-36.823054],[148.38526,-36.822459],[148.385698,-36.822093],[148.385986,-36.821612],[148.385825,-36.820902],[148.385962,-36.820301],[148.387585,-36.819804],[148.387723,-36.819208],[148.387409,-36.818256],[148.386208,-36.817436],[148.38811,-36.815985],[148.38765,-36.815152],[148.387486,-36.81432],[148.388351,-36.812877],[148.38819,-36.812167],[148.387727,-36.811217],[148.387407,-36.809909],[148.386498,-36.808847],[148.385904,-36.808854],[148.385167,-36.809101],[148.384163,-36.81102],[148.383996,-36.809949],[148.384127,-36.808992],[148.382779,-36.808291],[148.381778,-36.810331],[148.381653,-36.811644],[148.380185,-36.812499],[148.378697,-36.81385],[148.379143,-36.811659],[148.379135,-36.811195],[148.378594,-36.810274],[148.380408,-36.807764],[148.381446,-36.806558],[148.381418,-36.805026],[148.381135,-36.804835],[148.384568,-36.804025],[148.385586,-36.7996],[148.382882,-36.797186],[148.385071,-36.796124],[148.387176,-36.795418],[148.389275,-36.794372],[148.391169,-36.792806],[148.393729,-36.794651],[148.400912,-36.797601],[148.400988,-36.797812],[148.401485,-36.797837],[148.403128,-36.798511],[148.405436,-36.804663],[148.4058,-36.804659],[148.405898,-36.802506],[148.405605,-36.802286],[148.406432,-36.799944],[148.407991,-36.797944],[148.40895,-36.794901],[148.411509,-36.792189],[148.412462,-36.788797],[148.415125,-36.783868],[148.421267,-36.781372],[148.422175,-36.780901],[148.424666,-36.778958],[148.424582,-36.777926],[148.425421,-36.776283],[148.42583,-36.774879],[148.424037,-36.771986],[148.430246,-36.770745],[148.424241,-36.76732],[148.429816,-36.763172],[148.434615,-36.756834],[148.435247,-36.756592],[148.444032,-36.755653],[148.453936,-36.757298],[148.457799,-36.758575],[148.459865,-36.758353],[148.464231,-36.759366],[148.468501,-36.761017],[148.474102,-36.761723],[148.478337,-36.761515],[148.484016,-36.762033],[148.484763,-36.763096],[148.487229,-36.762317],[148.487408,-36.762333],[148.488395,-36.76356],[148.489218,-36.762942],[148.49392,-36.761811],[148.497133,-36.759386],[148.499333,-36.758167],[148.503896,-36.756559],[148.508472,-36.755665],[148.514652,-36.75344],[148.519661,-36.751946],[148.522603,-36.750836],[148.527607,-36.749101],[148.529208,-36.747651],[148.528236,-36.746702],[148.528344,-36.746612],[148.527107,-36.746134],[148.524654,-36.74543],[148.521278,-36.744247],[148.520843,-36.737629],[148.52197,-36.732955],[148.521283,-36.729039],[148.520335,-36.727334],[148.518474,-36.725641],[148.516317,-36.724442],[148.51593,-36.720277],[148.519262,-36.719253],[148.519185,-36.71533],[148.526833,-36.716949],[148.531619,-36.712472],[148.522724,-36.709398],[148.523623,-36.70865],[148.523555,-36.705217],[148.526325,-36.706653],[148.527461,-36.702469],[148.5314,-36.701437],[148.535388,-36.702858],[148.538129,-36.702822],[148.54201,-36.698847],[148.546519,-36.695846],[148.548361,-36.696557],[148.550247,-36.699476],[148.560311,-36.700081],[148.565238,-36.702714],[148.568778,-36.697026],[148.569002,-36.693099],[148.571039,-36.688411],[148.570979,-36.685469],[148.573719,-36.685432],[148.57617,-36.686136],[148.57647,-36.685719],[148.576436,-36.68405],[148.576144,-36.682577],[148.576555,-36.682087],[148.576085,-36.681967],[148.57607,-36.681232],[148.577867,-36.679736],[148.578735,-36.677517],[148.578106,-36.676544],[148.575621,-36.674124],[148.573764,-36.672677],[148.572212,-36.671226],[148.572776,-36.669011],[148.573025,-36.666309],[148.576299,-36.662587],[148.576284,-36.661851],[148.575655,-36.660878],[148.573819,-36.660412],[148.572601,-36.660428],[148.570191,-36.661686],[148.568709,-36.663668],[148.569038,-36.66489],[148.569078,-36.666852],[148.568819,-36.669063],[148.567636,-36.670796],[148.567646,-36.671286],[148.568275,-36.672259],[148.571074,-36.675165],[148.569951,-36.679841],[148.567865,-36.682076],[148.565704,-36.680632],[148.566558,-36.677678],[148.56531,-36.676223],[148.563478,-36.676001],[148.559875,-36.678501],[148.559266,-36.678509],[148.558338,-36.677786],[148.556526,-36.678545],[148.555288,-36.67758],[148.554066,-36.677351],[148.552249,-36.677865],[148.550751,-36.679111],[148.549209,-36.67815],[148.54892,-36.67889],[148.54619,-36.679416],[148.544009,-36.676991],[148.542482,-36.676766],[148.541554,-36.676042],[148.540607,-36.674337],[148.542119,-36.673827],[148.542399,-36.672597],[148.543926,-36.672822],[148.545458,-36.673293],[148.547289,-36.673515],[148.548198,-36.673258],[148.549415,-36.673242],[148.550618,-36.67249],[148.548453,-36.670801],[148.549631,-36.668824],[148.550564,-36.669793],[148.552086,-36.669773],[148.553009,-36.670251],[148.553923,-36.67024],[148.555425,-36.669239],[148.554752,-36.666059],[148.553794,-36.663864],[148.551025,-36.662428],[148.550726,-36.662677],[148.550431,-36.663172],[148.550176,-36.665628],[148.545311,-36.665937],[148.543219,-36.667926],[148.539837,-36.666253],[148.537087,-36.665798],[148.536493,-36.666541],[148.534677,-36.667055],[148.53315,-36.66683],[148.531323,-36.666853],[148.528874,-36.666149],[148.529468,-36.665405],[148.530057,-36.664417],[148.528202,-36.662969],[148.532502,-36.664876],[148.534333,-36.665097],[148.534942,-36.66509],[148.535198,-36.662633],[148.534255,-36.661174],[148.532733,-36.661193],[148.531163,-36.658761],[148.530173,-36.658129],[148.526087,-36.658353],[148.519421,-36.657203],[148.519401,-36.656176],[148.519049,-36.655901],[148.523683,-36.65396],[148.525339,-36.650607],[148.524208,-36.645624],[148.524149,-36.642678],[148.524571,-36.642282],[148.524763,-36.640784],[148.525131,-36.64006],[148.52566,-36.637739],[148.526338,-36.637338],[148.527699,-36.638069],[148.529198,-36.640556],[148.531408,-36.642361],[148.533243,-36.642707],[148.533481,-36.64313],[148.534808,-36.643015],[148.536928,-36.642498],[148.536909,-36.641517],[148.535682,-36.641042],[148.535358,-36.640065],[148.535329,-36.638594],[148.535952,-36.639321],[148.538372,-36.638554],[148.539565,-36.637312],[148.540163,-36.636814],[148.539231,-36.635845],[148.538014,-36.635861],[148.536483,-36.63539],[148.535865,-36.634907],[148.535855,-36.634417],[148.537371,-36.634152],[148.538294,-36.634631],[148.539212,-36.634864],[148.544365,-36.633816],[148.548919,-36.633267],[148.555239,-36.62975],[148.55677,-36.630221],[148.55893,-36.631664],[148.561074,-36.632372],[148.563194,-36.631854],[148.565658,-36.633293],[148.566591,-36.634262],[148.568721,-36.634234],[148.569908,-36.632747],[148.571439,-36.633217],[148.571459,-36.634198],[148.576672,-36.636091],[148.577599,-36.636815],[148.576432,-36.639283],[148.577056,-36.640011],[148.572307,-36.64596],[148.572322,-36.646696],[148.570551,-36.649417],[148.570635,-36.653586],[148.567926,-36.655094],[148.567647,-36.656324],[148.566759,-36.657562],[148.566187,-36.657422],[148.566469,-36.658302],[148.569832,-36.658993],[148.570411,-36.657514],[148.571923,-36.657003],[148.572242,-36.657735],[148.574687,-36.658193],[148.5746,-36.658286],[148.57772,-36.657662],[148.580435,-36.6564],[148.581936,-36.655399],[148.583154,-36.655383],[148.585913,-36.656327],[148.58716,-36.657782],[148.588976,-36.657267],[148.590453,-36.65504],[148.590732,-36.65381],[148.591341,-36.653802],[148.593187,-36.654758],[148.595018,-36.654979],[148.599279,-36.654922],[148.600826,-36.656128],[148.602069,-36.657337],[148.605112,-36.657296],[148.609404,-36.65871],[148.610317,-36.658698],[148.611803,-36.656961],[148.615424,-36.65544],[148.617874,-36.656142],[148.619442,-36.658329],[148.622166,-36.657556],[148.623682,-36.65729],[148.623404,-36.65852],[148.625539,-36.658736],[148.626453,-36.658724],[148.630419,-36.65916],[148.63223,-36.658399],[148.632199,-36.656928],[148.634618,-36.656159],[148.634577,-36.654197],[148.636088,-36.653686],[148.637027,-36.6549],[148.637961,-36.655868],[148.639183,-36.656096],[148.640401,-36.65608],[148.641608,-36.655572],[148.642794,-36.654084],[148.644594,-36.652833],[148.644882,-36.652093],[148.647317,-36.65206],[148.650696,-36.653484],[148.652238,-36.654444],[148.654951,-36.65318],[148.654972,-36.654161],[148.656814,-36.654871],[148.658036,-36.655099],[148.659862,-36.655074],[148.661085,-36.655302],[148.661704,-36.655784],[148.660818,-36.657023],[148.65811,-36.658532],[148.656588,-36.658554],[148.652606,-36.657382],[148.651656,-36.655679],[148.650727,-36.654956],[148.648602,-36.65523],[148.646162,-36.655019],[148.644068,-36.656765],[148.643785,-36.65775],[148.645044,-36.659695],[148.645973,-36.660418],[148.645401,-36.662143],[148.644813,-36.663132],[148.644828,-36.663867],[148.646969,-36.664328],[148.649137,-36.666015],[148.651273,-36.666231],[148.653109,-36.666696],[148.653167,-36.669394],[148.655628,-36.670586],[148.655361,-36.672306],[148.653298,-36.675524],[148.653303,-36.675769],[148.653692,-36.679688],[148.654353,-36.682132],[148.654369,-36.682867],[148.655944,-36.685298],[148.654122,-36.685569],[148.653545,-36.687049],[148.654821,-36.689729],[148.656653,-36.689949],[148.658175,-36.689928],[148.659094,-36.69016],[148.661,-36.693813],[148.661058,-36.69651],[148.660496,-36.698725],[148.661714,-36.698708],[148.66236,-36.700416],[148.663578,-36.700399],[148.665694,-36.699634],[148.665059,-36.698416],[148.666854,-36.696919],[148.667431,-36.69544],[148.668329,-36.694691],[148.668013,-36.694205],[148.668607,-36.693461],[148.669509,-36.692958],[148.670733,-36.693186],[148.67163,-36.692437],[148.673751,-36.691917],[148.674974,-36.692145],[148.675877,-36.691642],[148.67616,-36.690657],[148.677063,-36.690154],[148.676737,-36.689177],[148.6767,-36.687461],[148.677303,-36.687207],[148.677597,-36.686712],[148.680337,-36.686673],[148.682757,-36.685903],[148.686677,-36.684131],[148.687265,-36.683142],[148.689081,-36.682625],[148.690298,-36.682608],[148.691554,-36.684307],[148.690379,-36.686286],[148.688622,-36.6895],[148.690492,-36.691435],[148.694178,-36.692855],[148.695433,-36.694554],[148.696727,-36.697969],[148.699483,-36.698666],[148.702224,-36.698626],[148.702164,-36.695929],[148.703649,-36.694191],[148.70727,-36.692667],[148.709401,-36.692637],[148.710625,-36.692865],[148.710945,-36.693596],[148.710679,-36.695317],[148.708548,-36.695347],[148.707977,-36.697072],[148.707085,-36.698066],[148.705568,-36.698333],[148.705606,-36.70005],[148.705937,-36.701271],[148.707155,-36.701254],[148.70958,-36.700729],[148.71051,-36.701451],[148.712337,-36.701425],[148.711146,-36.702668],[148.711473,-36.703645],[148.716345,-36.703574],[148.718183,-36.704039],[148.718515,-36.70526],[148.717623,-36.706254],[148.718265,-36.707717],[148.718635,-36.710655],[148.717129,-36.711412],[148.715606,-36.711434],[148.713795,-36.712196],[148.713213,-36.713431],[148.714752,-36.714144],[148.716895,-36.714604],[148.719332,-36.714569],[148.720849,-36.714302],[148.723916,-36.715238],[148.726353,-36.715203],[148.728806,-36.715903],[148.729714,-36.715645],[148.73091,-36.714646],[148.732433,-36.714624],[148.733635,-36.713871],[148.73328,-36.711668],[148.732611,-36.70898],[148.732251,-36.706533],[148.731288,-36.704339],[148.728808,-36.702413],[148.727264,-36.701454],[148.72877,-36.700697],[148.729683,-36.700683],[148.729661,-36.699703],[148.72934,-36.698971],[148.729324,-36.698236],[148.728997,-36.697259],[148.729584,-36.69627],[148.730791,-36.695762],[148.729551,-36.694799],[148.728882,-36.69211],[148.730665,-36.690122],[148.731872,-36.689614],[148.733161,-36.692784],[148.734955,-36.691286],[148.73584,-36.690047],[148.737352,-36.689534],[148.737645,-36.689039],[148.737933,-36.688299],[148.740978,-36.688255],[148.742234,-36.689953],[148.742876,-36.691416],[148.745007,-36.691384],[148.748013,-36.689623],[148.749502,-36.68813],[148.752535,-36.687595],[148.754345,-36.686832],[148.755563,-36.686814],[148.755586,-36.687795],[148.753781,-36.688803],[148.755027,-36.690011],[148.753854,-36.69199],[148.747166,-36.692579],[148.748141,-36.695263],[148.746652,-36.696756],[148.747305,-36.698709],[148.748246,-36.699922],[148.744914,-36.700706],[148.743696,-36.700724],[148.741935,-36.703693],[148.743862,-36.70808],[148.745407,-36.709039],[148.747278,-36.710973],[148.749106,-36.710946],[148.751243,-36.71116],[148.752467,-36.711388],[148.753076,-36.711379],[148.754299,-36.711606],[148.753724,-36.713086],[148.756199,-36.714766],[148.756216,-36.715502],[148.751648,-36.715569],[148.748342,-36.71758],[148.747174,-36.719805],[148.748724,-36.721008],[148.749367,-36.722471],[148.752756,-36.724138],[148.754889,-36.724106],[148.757613,-36.72333],[148.760964,-36.723281],[148.762498,-36.723749],[148.762825,-36.724725],[148.761685,-36.728176],[148.762012,-36.729152],[148.762931,-36.729383],[148.763867,-36.730351],[148.764781,-36.730337],[148.767562,-36.732013],[148.766056,-36.732771],[148.768233,-36.734701],[148.769773,-36.735414],[148.770089,-36.7359],[148.76891,-36.737634],[148.768921,-36.738124],[148.769232,-36.738365],[148.769249,-36.739101],[148.768335,-36.739114],[148.767697,-36.737897],[148.766766,-36.737175],[148.764025,-36.737216],[148.763449,-36.738696],[148.763167,-36.739682],[148.764713,-36.74064],[148.764752,-36.742356],[148.765694,-36.743568],[148.768131,-36.743532],[148.768458,-36.744509],[148.770281,-36.744236],[148.770004,-36.745467],[148.770935,-36.746189],[148.76852,-36.747206],[148.767629,-36.7482],[148.765507,-36.748722],[148.765219,-36.749462],[148.767933,-36.748195],[148.769147,-36.747932],[148.769468,-36.748663],[148.768577,-36.749658],[148.76861,-36.751129],[148.768007,-36.751383],[148.767081,-36.750906],[148.765857,-36.750679],[148.764023,-36.750461],[148.762195,-36.750488],[148.760079,-36.751255],[148.759187,-36.752249],[148.7586,-36.753239],[148.755248,-36.753289],[148.753719,-36.753066],[148.752783,-36.752099],[148.751581,-36.752852],[148.751016,-36.754823],[148.75136,-36.756535],[148.750778,-36.75777],[148.750174,-36.758024],[148.749565,-36.758033],[148.74741,-36.757083],[148.746833,-36.758563],[148.745992,-36.761764],[148.7451,-36.762759],[148.743581,-36.763026],[148.741775,-36.764034],[148.741464,-36.763771],[148.741481,-36.764528],[148.743964,-36.766454],[148.743089,-36.768184],[148.742811,-36.769414],[148.742224,-36.770404],[148.740412,-36.771167],[148.73706,-36.771216],[148.735547,-36.771728],[148.733847,-36.772443],[148.739246,-36.771357],[148.745069,-36.771792],[148.745071,-36.771872],[148.745608,-36.772309],[148.745269,-36.774461],[148.745136,-36.774772],[148.745163,-36.775947],[148.742135,-36.784824],[148.74028,-36.788488],[148.740984,-36.791076],[148.742058,-36.792013],[148.742125,-36.792802],[148.744555,-36.79419],[148.746257,-36.795675],[148.751423,-36.795599],[148.753473,-36.794813],[148.756359,-36.793922],[148.756981,-36.793467],[148.762307,-36.791281],[148.770044,-36.790647],[148.780377,-36.790492],[148.790721,-36.790857],[148.793365,-36.793415],[148.801199,-36.796933],[148.806463,-36.80101],[148.810386,-36.801579],[148.810982,-36.80186],[148.811763,-36.801779],[148.812842,-36.801935],[148.813131,-36.802084],[148.815357,-36.802239],[148.817718,-36.801374],[148.819555,-36.80088],[148.823292,-36.802312],[148.825987,-36.806946],[148.828658,-36.81072],[148.829553,-36.811598],[148.83018,-36.811269],[148.83105,-36.811129],[148.832204,-36.809579],[148.833152,-36.809375],[148.834003,-36.808465],[148.834558,-36.808394],[148.835185,-36.808064],[148.833457,-36.80554],[148.834791,-36.804879],[148.836978,-36.803376],[148.836627,-36.801976],[148.835946,-36.800981],[148.836516,-36.800066],[148.83713,-36.799696],[148.838279,-36.799368],[148.839166,-36.79884],[148.839152,-36.798273],[148.838566,-36.797971],[148.836891,-36.79774],[148.835468,-36.797347],[148.834779,-36.796736],[148.83322,-36.796039],[148.829982,-36.794953],[148.827852,-36.794517],[148.827782,-36.794261],[148.827898,-36.793741],[148.828646,-36.792801],[148.829136,-36.791762],[148.828864,-36.791144],[148.825505,-36.789375],[148.826127,-36.785642],[148.827972,-36.777815],[148.829987,-36.774907],[148.83155,-36.770385],[148.831209,-36.769566],[148.829186,-36.7682],[148.82899,-36.767517],[148.829357,-36.759417],[148.830489,-36.759554],[148.832493,-36.759624],[148.83358,-36.759916],[148.834521,-36.759968],[148.8378,-36.760523],[148.838942,-36.754271],[148.83823,-36.74869],[148.838251,-36.747135],[148.83707,-36.746067],[148.835779,-36.745781],[148.834629,-36.746006],[148.833516,-36.746523],[148.828368,-36.744043],[148.828017,-36.741289],[148.828493,-36.73902],[148.826969,-36.737029],[148.823632,-36.735737],[148.821176,-36.734999],[148.820767,-36.734952],[148.817797,-36.733813],[148.811636,-36.732115],[148.811603,-36.731892],[148.810618,-36.730974],[148.809256,-36.730377],[148.808226,-36.730235],[148.806402,-36.729571],[148.8041,-36.727787],[148.804777,-36.724987],[148.80497,-36.724647],[148.804729,-36.724363],[148.804699,-36.724028],[148.804855,-36.723752],[148.805143,-36.723566],[148.805866,-36.720486],[148.804442,-36.714792],[148.804373,-36.711842],[148.804454,-36.711693],[148.806854,-36.710056],[148.808656,-36.709605],[148.811526,-36.709345],[148.811015,-36.707544],[148.812,-36.706884],[148.81189,-36.702209],[148.8122,-36.700515],[148.812589,-36.699856],[148.81235,-36.699698],[148.812462,-36.699083],[148.809128,-36.694458],[148.803287,-36.692988],[148.802029,-36.691688],[148.801491,-36.690704],[148.799826,-36.689414],[148.79932,-36.688891],[148.79735,-36.688644],[148.796407,-36.68755],[148.793211,-36.686602],[148.79304,-36.686645],[148.793127,-36.686139],[148.792889,-36.685484],[148.786469,-36.683909],[148.784743,-36.683096],[148.782258,-36.682375],[148.781801,-36.681502],[148.783265,-36.680131],[148.783541,-36.67923],[148.784474,-36.677841],[148.783946,-36.677488],[148.783044,-36.676603],[148.788239,-36.676106],[148.78971,-36.676446],[148.792292,-36.67575],[148.791979,-36.675038],[148.790758,-36.673623],[148.789904,-36.671959],[148.788042,-36.67169],[148.785665,-36.671604],[148.782625,-36.671712],[148.781847,-36.672026],[148.78202,-36.671257],[148.781705,-36.668184],[148.781557,-36.665306],[148.781835,-36.65974],[148.780727,-36.657463],[148.7793,-36.655456],[148.776088,-36.653539],[148.775204,-36.653354],[148.775169,-36.653161],[148.773985,-36.652786],[148.773805,-36.652821],[148.773627,-36.65253],[148.771347,-36.650629],[148.771316,-36.649304],[148.764226,-36.649409],[148.762854,-36.645792],[148.764011,-36.63941],[148.764663,-36.639192],[148.765243,-36.638751],[148.765305,-36.636763],[148.765844,-36.634506],[148.766019,-36.632772],[148.765828,-36.631477],[148.765744,-36.630095],[148.76602,-36.628099],[148.765522,-36.627457],[148.764277,-36.627002],[148.760716,-36.626873],[148.760483,-36.626603],[148.754865,-36.624195],[148.755489,-36.619473],[148.761618,-36.619831],[148.765496,-36.620294],[148.76594,-36.620106],[148.768564,-36.620444],[148.768688,-36.618947],[148.769326,-36.618678],[148.769185,-36.617888],[148.769377,-36.617665],[148.769937,-36.616318],[148.769616,-36.614029],[148.77109,-36.612795],[148.772838,-36.612733],[148.775971,-36.613786],[148.776438,-36.614315],[148.777258,-36.614997],[148.77785,-36.615033],[148.778404,-36.613465],[148.778872,-36.610475],[148.77904,-36.60844],[148.778857,-36.607487],[148.777871,-36.606636],[148.776033,-36.606015],[148.774349,-36.605134],[148.773522,-36.604903],[148.773482,-36.603142],[148.77387,-36.602978],[148.77622,-36.602465],[148.777178,-36.602108],[148.779083,-36.600998],[148.781103,-36.600143],[148.783449,-36.599504],[148.785001,-36.59935],[148.786508,-36.599544],[148.787307,-36.599316],[148.78735,-36.598837],[148.785089,-36.598529],[148.78395,-36.597983],[148.782858,-36.597134],[148.781619,-36.596936],[148.780324,-36.596608],[148.77902,-36.595893],[148.778353,-36.594907],[148.778418,-36.593045],[148.777303,-36.591161],[148.777023,-36.588947],[148.775019,-36.58586],[148.773829,-36.586608],[148.772479,-36.586418],[148.772416,-36.586338],[148.768525,-36.586995],[148.768023,-36.586538],[148.767549,-36.586937],[148.766573,-36.586519],[148.765972,-36.585847],[148.765176,-36.584552],[148.764741,-36.58203],[148.764531,-36.581583],[148.764538,-36.58129],[148.764368,-36.581233],[148.763964,-36.580374],[148.76058,-36.58016],[148.756809,-36.578336],[148.75223,-36.575286],[148.749533,-36.572492],[148.74928,-36.571766],[148.747926,-36.570713],[148.745966,-36.572118],[148.740522,-36.570261],[148.737198,-36.565634],[148.737206,-36.566005],[148.736566,-36.565155],[148.735392,-36.565529],[148.735859,-36.566599],[148.736501,-36.568852],[148.736136,-36.572319],[148.734281,-36.575325],[148.734764,-36.577107],[148.733064,-36.587029],[148.731776,-36.588954],[148.73214,-36.589209],[148.731936,-36.589611],[148.731408,-36.594815],[148.731513,-36.599494],[148.727971,-36.597473],[148.725798,-36.597311],[148.721764,-36.600092],[148.719236,-36.605568],[148.719239,-36.605735],[148.718569,-36.605596],[148.717792,-36.605125],[148.716686,-36.605141],[148.716054,-36.605425],[148.715724,-36.605876],[148.715622,-36.607044],[148.715297,-36.607734],[148.713125,-36.609618],[148.713009,-36.61025],[148.710498,-36.61268],[148.709513,-36.613139],[148.707975,-36.613338],[148.699186,-36.612912],[148.697561,-36.612378],[148.69565,-36.611945],[148.695309,-36.612655],[148.693133,-36.612511],[148.695109,-36.613273],[148.695123,-36.613945],[148.695639,-36.614298],[148.697204,-36.614181],[148.70089,-36.616247],[148.7026,-36.615994],[148.703982,-36.616676],[148.704299,-36.617735],[148.702118,-36.618713],[148.700528,-36.619802],[148.700435,-36.622288],[148.698963,-36.622075],[148.699317,-36.622468],[148.694488,-36.623241],[148.694803,-36.622432],[148.694912,-36.621664],[148.6944,-36.621414],[148.693832,-36.621526],[148.69353,-36.622193],[148.693206,-36.623421],[148.683061,-36.623565],[148.681061,-36.620476],[148.68097,-36.61632],[148.684136,-36.613678],[148.679591,-36.612183],[148.67652,-36.613057],[148.675671,-36.612778],[148.67109,-36.612252],[148.667614,-36.610985],[148.667172,-36.609973],[148.668123,-36.607836],[148.668088,-36.606182],[148.666721,-36.60407],[148.664495,-36.602916],[148.663774,-36.603521],[148.663213,-36.604709],[148.663406,-36.604979],[148.660784,-36.606731],[148.658806,-36.604681],[148.660006,-36.600507],[148.65731,-36.599824],[148.657561,-36.598463],[148.660083,-36.598388],[148.661066,-36.598465],[148.661128,-36.598034],[148.66316,-36.597346],[148.664259,-36.588497],[148.665491,-36.585882],[148.665181,-36.585404],[148.672214,-36.586276],[148.672996,-36.582574],[148.667825,-36.582646],[148.664838,-36.58258],[148.663689,-36.583097],[148.662826,-36.581763],[148.660127,-36.576085],[148.658117,-36.572475],[148.660604,-36.568284],[148.656085,-36.567827],[148.655353,-36.563681],[148.655231,-36.557967],[148.652611,-36.555925],[148.647427,-36.554438],[148.642909,-36.553981],[148.63969,-36.554025],[148.63778,-36.55509],[148.633917,-36.555143],[148.631931,-36.552573],[148.628646,-36.5495],[148.623474,-36.548531],[148.62235,-36.556341],[148.623069,-36.559968],[148.621803,-36.561024],[148.611501,-36.561164],[148.608314,-36.562766],[148.605976,-36.566198],[148.605379,-36.562929],[148.600028,-36.562843],[148.597783,-36.559673],[148.584853,-36.557133],[148.584787,-36.553934],[148.582012,-36.553353],[148.582345,-36.552722],[148.582176,-36.552525],[148.582332,-36.551821],[148.581535,-36.551775],[148.581025,-36.55118],[148.578471,-36.552253],[148.575231,-36.551257],[148.57332,-36.552321],[148.572106,-36.555975],[148.565972,-36.558048],[148.565465,-36.558165],[148.560568,-36.558724],[148.556139,-36.558485],[148.555611,-36.558122],[148.553426,-36.557763],[148.552332,-36.558312],[148.551309,-36.558325],[148.548351,-36.557513],[148.544504,-36.557324],[148.542956,-36.556463],[148.540494,-36.55327],[148.534212,-36.551974],[148.534188,-36.55186],[148.532485,-36.551395],[148.531197,-36.55156],[148.528985,-36.551327],[148.528219,-36.551349],[148.526291,-36.551582],[148.523965,-36.552261],[148.523183,-36.552775],[148.518612,-36.55407],[148.517279,-36.555628],[148.51593,-36.556402],[148.516036,-36.55586],[148.513545,-36.558186],[148.511698,-36.561197],[148.511821,-36.56302],[148.509891,-36.569249],[148.509854,-36.569838],[148.509439,-36.570578],[148.508542,-36.574975],[148.5094,-36.576366],[148.508961,-36.578365],[148.508181,-36.580702],[148.508091,-36.581677],[148.505596,-36.582751],[148.505305,-36.583304],[148.505266,-36.585193],[148.506204,-36.586826],[148.505739,-36.588013],[148.503844,-36.58959],[148.498731,-36.591733],[148.498859,-36.592467],[148.498382,-36.592532],[148.498426,-36.594956],[148.499101,-36.595745],[148.498967,-36.595891],[148.499092,-36.597697],[148.499395,-36.599429],[148.499955,-36.60058],[148.500972,-36.602158],[148.501318,-36.602363],[148.504207,-36.608291],[148.507488,-36.609917],[148.507682,-36.610461],[148.507906,-36.612775],[148.508192,-36.613637],[148.509456,-36.614058],[148.512143,-36.613807],[148.51551,-36.616221],[148.516145,-36.616573],[148.517496,-36.616849],[148.517843,-36.616845],[148.518576,-36.617982],[148.51777,-36.618991],[148.516284,-36.619582],[148.515811,-36.619913],[148.515225,-36.619988],[148.513972,-36.621063],[148.514003,-36.621529],[148.512858,-36.622211],[148.517458,-36.624359],[148.519451,-36.625138],[148.521961,-36.626252],[148.521786,-36.628135],[148.521662,-36.62851],[148.521406,-36.628658],[148.521685,-36.629228],[148.521478,-36.631452],[148.520958,-36.632877],[148.521086,-36.633651],[148.52065,-36.633237],[148.520894,-36.634185],[148.521368,-36.635414],[148.522361,-36.636541],[148.518586,-36.640264],[148.518222,-36.640317],[148.517109,-36.641904],[148.510787,-36.648218],[148.509518,-36.649273],[148.507,-36.652422],[148.506179,-36.656022],[148.503328,-36.657408],[148.502589,-36.658859],[148.501797,-36.661439],[148.496271,-36.664508],[148.495084,-36.665495],[148.49475,-36.665583],[148.493548,-36.666982],[148.493553,-36.667203],[148.493432,-36.667344],[148.491626,-36.668656],[148.491202,-36.669315],[148.490954,-36.669881],[148.490883,-36.670247],[148.489697,-36.670841],[148.489267,-36.670952],[148.488186,-36.670966],[148.487382,-36.671341],[148.487321,-36.671495],[148.486801,-36.671574],[148.486673,-36.671931],[148.486716,-36.672333],[148.485469,-36.672957],[148.4816,-36.673005],[148.478356,-36.672007],[148.472562,-36.672598],[148.470397,-36.673062],[148.470286,-36.672787],[148.468131,-36.670798],[148.46677,-36.67004],[148.466065,-36.669945],[148.465275,-36.670592],[148.464655,-36.671652],[148.46441,-36.671698],[148.463343,-36.672437],[148.463097,-36.673747],[148.464105,-36.674829],[148.463802,-36.67523],[148.463287,-36.675471],[148.462714,-36.675559],[148.46216,-36.675475],[148.461625,-36.675586],[148.461315,-36.675927],[148.461417,-36.676275],[148.460165,-36.67596],[148.459613,-36.675313],[148.459056,-36.67445],[148.45679,-36.673824],[148.456054,-36.672959],[148.456389,-36.671652],[148.457089,-36.670553],[148.45698,-36.669535],[148.456068,-36.66897],[148.455171,-36.669197],[148.454003,-36.669356],[148.453363,-36.668854],[148.452615,-36.667759],[148.452486,-36.667733],[148.450725,-36.666204],[148.447813,-36.664847],[148.446595,-36.66145],[148.444835,-36.659921],[148.443626,-36.656988],[148.441455,-36.654071],[148.440639,-36.651602],[148.437687,-36.648071],[148.436886,-36.646374],[148.434343,-36.64408],[148.435432,-36.642867],[148.433619,-36.641193],[148.431633,-36.638866],[148.427042,-36.635791],[148.422236,-36.634304],[148.421653,-36.634],[148.417359,-36.63064],[148.415403,-36.628804],[148.414226,-36.627576],[148.413785,-36.626644],[148.418444,-36.626106],[148.424861,-36.622897],[148.425535,-36.62242],[148.425382,-36.622362],[148.426035,-36.622278],[148.427368,-36.621392],[148.428411,-36.619422],[148.427316,-36.618565],[148.425411,-36.617717],[148.422138,-36.615798],[148.420201,-36.613211],[148.417427,-36.60911],[148.415499,-36.606958],[148.412734,-36.603292],[148.412984,-36.602201],[148.415118,-36.600871],[148.412428,-36.601338],[148.411349,-36.60135],[148.411,-36.597004],[148.410901,-36.591566],[148.411112,-36.5883],[148.413246,-36.586969],[148.413472,-36.584574],[148.41534,-36.583464],[148.419619,-36.581455],[148.422586,-36.581419],[148.424172,-36.57966],[148.424961,-36.578563],[148.423862,-36.577488],[148.423818,-36.575096],[148.422724,-36.574239],[148.420487,-36.569914],[148.41775,-36.567771],[148.416256,-36.566894],[148.41627,-36.566775],[148.417132,-36.566918],[148.418347,-36.566],[148.425115,-36.56587],[148.427158,-36.566057],[148.428508,-36.565256],[148.428257,-36.564498],[148.428771,-36.56424],[148.428759,-36.56359],[148.428519,-36.563039],[148.428369,-36.562869],[148.428215,-36.562118],[148.429266,-36.562527],[148.430262,-36.563617],[148.431438,-36.563917],[148.431814,-36.563126],[148.431002,-36.561404],[148.429427,-36.560636],[148.427543,-36.560658],[148.427481,-36.560564],[148.428455,-36.559524],[148.429809,-36.558304],[148.43059,-36.557092],[148.430655,-36.556395],[148.430266,-36.556504],[148.430243,-36.555255],[148.432889,-36.549036],[148.435681,-36.550735],[148.436935,-36.552205],[148.437228,-36.551459],[148.439937,-36.548704],[148.441484,-36.549428],[148.446451,-36.552585],[148.448941,-36.554534],[148.450168,-36.554519],[148.451381,-36.553762],[148.455753,-36.557916],[148.457914,-36.558632],[148.462207,-36.558579],[148.464326,-36.557069],[148.465539,-36.556311],[148.466124,-36.554819],[148.467625,-36.553068],[148.46913,-36.551565],[148.471876,-36.550789],[148.473702,-36.550024],[148.475844,-36.54975],[148.477349,-36.548246],[148.478906,-36.549464],[148.478934,-36.550949],[148.477117,-36.552209],[148.47498,-36.55273],[148.47314,-36.552753],[148.472838,-36.553004],[148.473168,-36.554237],[148.474107,-36.555216],[148.475678,-36.557176],[148.478787,-36.559365],[148.481873,-36.560316],[148.483718,-36.560541],[148.485252,-36.560522],[148.488654,-36.561964],[148.490178,-36.56145],[148.492329,-36.561671],[148.492919,-36.560426],[148.492267,-36.558455],[148.492527,-36.555977],[148.491889,-36.554747],[148.490629,-36.553031],[148.48845,-36.551325],[148.485671,-36.55037],[148.485034,-36.549141],[148.483453,-36.546686],[148.483118,-36.545205],[148.483099,-36.544215],[148.482179,-36.544227],[148.481576,-36.544729],[148.480665,-36.545235],[148.47792,-36.546012],[148.476391,-36.546278],[148.474849,-36.545803],[148.473598,-36.544581],[148.472363,-36.544101],[148.471155,-36.545106],[148.46873,-36.54662],[148.468131,-36.54737],[148.46722,-36.547876],[148.465371,-36.547404],[148.464079,-36.543955],[148.463145,-36.543224],[148.461301,-36.543],[148.460371,-36.542516],[148.459438,-36.541785],[148.45606,-36.541579],[148.454833,-36.541594],[148.453579,-36.540124],[148.453565,-36.539382],[148.45508,-36.538374],[148.456901,-36.537361],[148.459651,-36.536833],[148.460864,-36.536076],[148.461765,-36.535075],[148.46235,-36.533583],[148.463567,-36.533073],[148.465718,-36.533294],[148.467557,-36.533271],[148.469699,-36.532997],[148.472137,-36.532225],[148.472104,-36.530493],[148.471454,-36.528521],[148.470506,-36.527048],[148.46895,-36.52583],[148.467412,-36.525601],[148.464379,-36.527371],[148.463134,-36.526396],[148.463724,-36.525152],[148.464309,-36.523659],[148.466427,-36.522149],[148.46763,-36.520896],[148.470988,-36.520113],[148.471582,-36.519115],[148.471229,-36.516645],[148.469385,-36.51642],[148.468178,-36.517425],[148.467244,-36.516694],[148.467197,-36.51422],[148.465957,-36.513493],[148.464429,-36.513759],[148.463816,-36.513766],[148.462934,-36.515757],[148.462335,-36.516507],[148.461146,-36.518501],[148.460236,-36.519007],[148.459641,-36.520005],[148.458109,-36.520023],[148.457793,-36.519532],[148.457774,-36.518543],[148.458373,-36.517793],[148.459284,-36.517287],[148.45927,-36.516544],[148.458034,-36.516065],[148.456502,-36.516083],[148.455596,-36.516837],[148.454983,-36.516844],[148.453125,-36.515877],[148.448527,-36.515933],[148.446999,-36.516199],[148.445783,-36.516709],[148.444575,-36.517713],[148.444589,-36.518455],[148.443999,-36.5197],[148.443084,-36.519959],[148.440929,-36.51949],[148.439702,-36.519504],[148.436655,-36.520531],[148.432995,-36.521565],[148.43057,-36.523079],[148.427532,-36.5246],[148.423258,-36.525641],[148.422338,-36.525652],[148.423551,-36.524895],[148.425377,-36.524131],[148.427193,-36.522872],[148.429581,-36.521629],[148.429686,-36.521751],[148.429275,-36.522208],[148.431207,-36.52159],[148.432796,-36.520873],[148.434069,-36.521123],[148.435001,-36.520954],[148.436055,-36.520184],[148.43677,-36.519153],[148.439694,-36.518419],[148.440944,-36.517376],[148.44245,-36.515798],[148.442913,-36.515576],[148.443645,-36.515459],[148.444367,-36.514802],[148.444763,-36.514585],[148.446032,-36.51457],[148.449152,-36.513612],[148.449872,-36.512964],[148.449949,-36.512998],[148.449807,-36.513128],[148.451475,-36.512615],[148.45187,-36.51261],[148.454445,-36.511069],[148.456105,-36.51062],[148.457159,-36.50985],[148.45806,-36.509335],[148.458109,-36.509469],[148.458341,-36.509466],[148.458751,-36.509164],[148.458972,-36.508638],[148.458596,-36.508305],[148.459386,-36.50848],[148.459374,-36.507849],[148.460065,-36.507746],[148.460385,-36.507945],[148.461411,-36.507392],[148.461709,-36.507045],[148.461703,-36.5067],[148.462243,-36.5063],[148.463777,-36.506822],[148.464139,-36.50667],[148.464302,-36.506256],[148.466039,-36.506402],[148.467002,-36.506219],[148.467602,-36.506617],[148.468704,-36.506306],[148.469808,-36.504502],[148.471333,-36.503966],[148.475125,-36.503275],[148.478302,-36.501888],[148.478892,-36.501285],[148.478546,-36.500699],[148.477262,-36.49985],[148.477893,-36.497904],[148.479244,-36.495246],[148.480322,-36.492267],[148.480951,-36.490267],[148.481322,-36.488698],[148.480966,-36.487571],[148.480283,-36.486719],[148.479173,-36.486264],[148.479281,-36.485925],[148.477296,-36.485539],[148.47688,-36.485732],[148.476806,-36.485634],[148.474955,-36.485418],[148.474475,-36.485664],[148.473277,-36.485132],[148.471817,-36.485561],[148.471189,-36.485249],[148.471195,-36.485569],[148.471575,-36.486474],[148.470124,-36.486551],[148.46872,-36.485706],[148.458421,-36.484644],[148.458122,-36.484517],[148.45355,-36.483838],[148.451746,-36.483108],[148.447883,-36.477416],[148.448569,-36.477233],[148.451621,-36.476766],[148.45201,-36.476224],[148.44801,-36.475843],[148.447156,-36.475457],[148.447443,-36.474317],[148.445972,-36.474645],[148.444998,-36.474657],[148.444399,-36.473877],[148.444768,-36.472771],[148.445332,-36.471662],[148.4461,-36.471023],[148.444916,-36.470251],[148.444509,-36.469311],[148.446844,-36.469125],[148.445843,-36.467721],[148.445427,-36.466309],[148.44735,-36.464869],[148.448283,-36.462654],[148.449644,-36.46248],[148.45238,-36.462919],[148.453617,-36.466524],[148.45476,-36.467489],[148.456244,-36.467789],[148.457159,-36.466918],[148.458342,-36.466151],[148.459665,-36.465705],[148.461106,-36.464505],[148.461757,-36.463745],[148.46056,-36.46376],[148.459892,-36.46366],[148.459554,-36.463484],[148.459633,-36.46344],[148.458945,-36.462812],[148.458927,-36.461845],[148.45932,-36.461518],[148.460118,-36.461508],[148.460765,-36.460533],[148.462758,-36.459151],[148.463685,-36.455446],[148.46302,-36.455395],[148.461908,-36.455111],[148.460637,-36.454288],[148.460022,-36.452984],[148.458466,-36.452647],[148.457076,-36.453322],[148.456663,-36.454937],[148.456701,-36.455589],[148.454989,-36.457594],[148.454602,-36.458243],[148.454487,-36.459212],[148.453296,-36.459549],[148.45197,-36.460384],[148.448521,-36.461147],[148.446516,-36.459871],[148.446632,-36.458985],[148.446227,-36.458668],[148.444517,-36.458795],[148.442777,-36.455993],[148.442742,-36.455743],[148.445095,-36.455027],[148.445742,-36.454052],[148.445466,-36.453518],[148.446664,-36.453503],[148.447857,-36.453274],[148.448101,-36.452089],[148.447688,-36.451341],[148.446497,-36.451678],[148.445842,-36.452224],[148.444112,-36.452244],[148.443044,-36.452042],[148.442107,-36.45184],[148.441553,-36.451406],[148.434281,-36.452413],[148.432428,-36.45078],[148.426016,-36.449015],[148.420954,-36.445226],[148.419565,-36.444858],[148.42358,-36.443935],[148.425913,-36.443655],[148.427696,-36.442124],[148.429442,-36.44307],[148.429986,-36.443709],[148.426814,-36.444821],[148.426288,-36.44515],[148.426174,-36.446226],[148.426198,-36.447516],[148.426351,-36.448589],[148.427143,-36.448257],[148.428342,-36.44835],[148.42967,-36.448227],[148.430325,-36.447681],[148.43152,-36.44756],[148.432594,-36.448084],[148.434083,-36.448066],[148.434206,-36.448367],[148.434609,-36.448362],[148.43473,-36.448488],[148.434474,-36.449029],[148.434754,-36.449778],[148.43529,-36.449986],[148.435572,-36.450843],[148.435844,-36.451162],[148.440064,-36.449176],[148.441517,-36.448621],[148.443912,-36.448593],[148.445935,-36.450073],[148.447001,-36.450167],[148.448305,-36.448754],[148.448426,-36.448108],[148.44787,-36.446825],[148.44625,-36.445555],[148.443989,-36.445582],[148.443463,-36.445911],[148.442798,-36.445919],[148.442387,-36.445279],[148.441321,-36.445184],[148.440777,-36.444546],[148.440761,-36.443687],[148.44087,-36.442395],[148.440723,-36.441645],[148.440834,-36.440461],[148.441356,-36.439918],[148.441214,-36.439382],[148.440533,-36.43853],[148.440772,-36.437812],[148.442376,-36.439299],[148.444748,-36.439906],[148.447895,-36.439867],[148.448952,-36.439497],[148.450144,-36.440348],[148.451613,-36.440653],[148.454146,-36.440945],[148.456036,-36.442129],[148.456604,-36.444079],[148.458798,-36.44353],[148.458994,-36.44411],[148.460197,-36.444418],[148.462448,-36.443853],[148.463371,-36.443411],[148.463964,-36.442918],[148.465366,-36.443387],[148.465777,-36.444027],[148.466198,-36.445204],[148.466861,-36.445088],[148.467318,-36.444023],[148.468075,-36.444272],[148.471472,-36.443514],[148.473519,-36.445848],[148.474153,-36.44573],[148.474972,-36.446049],[148.476362,-36.447892],[148.476387,-36.449205],[148.476949,-36.450292],[148.476301,-36.451833],[148.475209,-36.452561],[148.475357,-36.454806],[148.474899,-36.455092],[148.474512,-36.455742],[148.474785,-36.456061],[148.475444,-36.455731],[148.476588,-36.454829],[148.480434,-36.454676],[148.484093,-36.453783],[148.487283,-36.451296],[148.487468,-36.45139],[148.48762,-36.452355],[148.488559,-36.452773],[148.490298,-36.453289],[148.491358,-36.453061],[148.492537,-36.452079],[148.493171,-36.450459],[148.493715,-36.449622],[148.494822,-36.449624],[148.49554,-36.447088],[148.497511,-36.447825],[148.499248,-36.448233],[148.500445,-36.448218],[148.501122,-36.448854],[148.500873,-36.449717],[148.500362,-36.450798],[148.500902,-36.451221],[148.503693,-36.451079],[148.504352,-36.450748],[148.504759,-36.451173],[148.506366,-36.45169],[148.507432,-36.451784],[148.507954,-36.45124],[148.508878,-36.450906],[148.50929,-36.451546],[148.50934,-36.454124],[148.509747,-36.454549],[148.51121,-36.454531],[148.511626,-36.455385],[148.51216,-36.455486],[148.512823,-36.45537],[148.512973,-36.456228],[148.513522,-36.457081],[148.51397,-36.457449],[148.512385,-36.458273],[148.512271,-36.459113],[148.51346,-36.459573],[148.513306,-36.459663],[148.512503,-36.459458],[148.51104,-36.459477],[148.510913,-36.459801],[148.510928,-36.460553],[148.511205,-36.461087],[148.512144,-36.461505],[148.513882,-36.461913],[148.514133,-36.461157],[148.514661,-36.460936],[148.514547,-36.461904],[148.514158,-36.462447],[148.514967,-36.462974],[148.515182,-36.463377],[148.511542,-36.468339],[148.508824,-36.468581],[148.506908,-36.47007],[148.505089,-36.469885],[148.504432,-36.469474],[148.503379,-36.468649],[148.498035,-36.467252],[148.495967,-36.467589],[148.494922,-36.466033],[148.494377,-36.466275],[148.4942,-36.466498],[148.492161,-36.466776],[148.489465,-36.46612],[148.488982,-36.466423],[148.488569,-36.468132],[148.487838,-36.467907],[148.487718,-36.469342],[148.486563,-36.470726],[148.485819,-36.471976],[148.485339,-36.472267],[148.484411,-36.472494],[148.485633,-36.473768],[148.486698,-36.473755],[148.488485,-36.473535],[148.488698,-36.473638],[148.489477,-36.473755],[148.490721,-36.473865],[148.491971,-36.474228],[148.492601,-36.474658],[148.493847,-36.475945],[148.493794,-36.475995],[148.493955,-36.476227],[148.493572,-36.476651],[148.493046,-36.4776],[148.49332,-36.479724],[148.493208,-36.479829],[148.492912,-36.48113],[148.492933,-36.482257],[148.493159,-36.482863],[148.493921,-36.483457],[148.495315,-36.48344],[148.497582,-36.484277],[148.498759,-36.48409],[148.500479,-36.484326],[148.501659,-36.484397],[148.502609,-36.483609],[148.502601,-36.483186],[148.502848,-36.483291],[148.50453,-36.48194],[148.50413,-36.481566],[148.504242,-36.481529],[148.50376,-36.481057],[148.50358,-36.481051],[148.50431,-36.480861],[148.50459,-36.480966],[148.504744,-36.480811],[148.506093,-36.480794],[148.509813,-36.479101],[148.51206,-36.478897],[148.512901,-36.478021],[148.513974,-36.478098],[148.514197,-36.478528],[148.515704,-36.478851],[148.516239,-36.478759],[148.516768,-36.478405],[148.5177,-36.476743],[148.51898,-36.475839],[148.520144,-36.475662],[148.520847,-36.475216],[148.521302,-36.475188],[148.522339,-36.47439],[148.522742,-36.473772],[148.526141,-36.472133],[148.527085,-36.474005],[148.52665,-36.474583],[148.525847,-36.47467],[148.52549,-36.475319],[148.525064,-36.475392],[148.524757,-36.475671],[148.524388,-36.475743],[148.52389,-36.476398],[148.522658,-36.476243],[148.521925,-36.477645],[148.521876,-36.47761],[148.521576,-36.47783],[148.52158,-36.478046],[148.521152,-36.478254],[148.521122,-36.478723],[148.520858,-36.478731],[148.520013,-36.479157],[148.519625,-36.479694],[148.520027,-36.479891],[148.520427,-36.479981],[148.521219,-36.479993],[148.521582,-36.480881],[148.521073,-36.481005],[148.521078,-36.481234],[148.521258,-36.481692],[148.521747,-36.481965],[148.523234,-36.482329],[148.523606,-36.482946],[148.525199,-36.483837],[148.525888,-36.483467],[148.526223,-36.483855],[148.526951,-36.48339],[148.52695,-36.483323],[148.527798,-36.483267],[148.52893,-36.482576],[148.52998,-36.482987],[148.533305,-36.48252],[148.535164,-36.481739],[148.537856,-36.480866],[148.540945,-36.47906],[148.541193,-36.478772],[148.541481,-36.47866],[148.541708,-36.478694],[148.542275,-36.477866],[148.544018,-36.476496],[148.543901,-36.475826],[148.543572,-36.474987],[148.543035,-36.474151],[148.542188,-36.473491],[148.541755,-36.472653],[148.541848,-36.472066],[148.541717,-36.47072],[148.541804,-36.469876],[148.543261,-36.469776],[148.543605,-36.469876],[148.544737,-36.470681],[148.545395,-36.472354],[148.545756,-36.474792],[148.545453,-36.475301],[148.546199,-36.47613],[148.547034,-36.476204],[148.547792,-36.475613],[148.549205,-36.475419],[148.550017,-36.474313],[148.549792,-36.473478],[148.550502,-36.47254],[148.551312,-36.471696],[148.551553,-36.470079],[148.551621,-36.468298],[148.552167,-36.467223],[148.552568,-36.467024],[148.552465,-36.466056],[148.554325,-36.464197],[148.551994,-36.463772],[148.551453,-36.46277],[148.552105,-36.458894],[148.550947,-36.458233],[148.543838,-36.456897],[148.542986,-36.455898],[148.543915,-36.455548],[148.545287,-36.455372],[148.544313,-36.454781],[148.544361,-36.454091],[148.546226,-36.454355],[148.546167,-36.453585],[148.546561,-36.452404],[148.547785,-36.451126],[148.547243,-36.450038],[148.546601,-36.449208],[148.545646,-36.448292],[148.545319,-36.447539],[148.544367,-36.446794],[148.542596,-36.446735],[148.54216,-36.446552],[148.541455,-36.447174],[148.540799,-36.447083],[148.538422,-36.447037],[148.5379,-36.448067],[148.536678,-36.447984],[148.535267,-36.447511],[148.534549,-36.448209],[148.534445,-36.449148],[148.533524,-36.448813],[148.533496,-36.447389],[148.533331,-36.447358],[148.533282,-36.447048],[148.532078,-36.446741],[148.529948,-36.446661],[148.52914,-36.446134],[148.527945,-36.446257],[148.526492,-36.446813],[148.52645,-36.447555],[148.524502,-36.447978],[148.523555,-36.447485],[148.523012,-36.446311],[148.522723,-36.446176],[148.522752,-36.446001],[148.520333,-36.444742],[148.518061,-36.444233],[148.516193,-36.443934],[148.514808,-36.444045],[148.514108,-36.443567],[148.513628,-36.442227],[148.513764,-36.442138],[148.514534,-36.440731],[148.515594,-36.440503],[148.516652,-36.440167],[148.518115,-36.440148],[148.519704,-36.439806],[148.520783,-36.440544],[148.520814,-36.442156],[148.52295,-36.442559],[148.524274,-36.442219],[148.524513,-36.440819],[148.523837,-36.44029],[148.523827,-36.439753],[148.524078,-36.438997],[148.522613,-36.438909],[148.520219,-36.438939],[148.519679,-36.438516],[148.518222,-36.438857],[148.516361,-36.438881],[148.517138,-36.437796],[148.517387,-36.436933],[148.515932,-36.437382],[148.51566,-36.437063],[148.514476,-36.437722],[148.514355,-36.438369],[148.51341,-36.437629],[148.512485,-36.437963],[148.512242,-36.439148],[148.512265,-36.44033],[148.510815,-36.440993],[148.510021,-36.441238],[148.509209,-36.438729],[148.509437,-36.438539],[148.510756,-36.437985],[148.511552,-36.437867],[148.512471,-36.43721],[148.512984,-36.436237],[148.513244,-36.435911],[148.514176,-36.436007],[148.514166,-36.435469],[148.513615,-36.434509],[148.512817,-36.433471],[148.513328,-36.433092],[148.513897,-36.434507],[148.514553,-36.433404],[148.51549,-36.432845],[148.51618,-36.433493],[148.519138,-36.432361],[148.521182,-36.432992],[148.521601,-36.433643],[148.523082,-36.433186],[148.523881,-36.43252],[148.526577,-36.431828],[148.529928,-36.430034],[148.531961,-36.430118],[148.534656,-36.429427],[148.535617,-36.430071],[148.537375,-36.429939],[148.538028,-36.428726],[148.540992,-36.427922],[148.54258,-36.426041],[148.544724,-36.424919],[148.546052,-36.423588],[148.547535,-36.423241],[148.549321,-36.424531],[148.550561,-36.425609],[148.550516,-36.423312],[148.552551,-36.423504],[148.55333,-36.421852],[148.552472,-36.419565],[148.552051,-36.418804],[148.550809,-36.417617],[148.552992,-36.418464],[148.556396,-36.419405],[148.558338,-36.421678],[148.560793,-36.421181],[148.561967,-36.422289],[148.564694,-36.424358],[148.56573,-36.424795],[148.567542,-36.424578],[148.569966,-36.423334],[148.571458,-36.422868],[148.575324,-36.422623],[148.576973,-36.422155],[148.577744,-36.421189],[148.577556,-36.419723],[148.576031,-36.41853],[148.574983,-36.417458],[148.574742,-36.417267],[148.568736,-36.414994],[148.568167,-36.41364],[148.568342,-36.410523],[148.568818,-36.409935],[148.570461,-36.410779],[148.570458,-36.41059],[148.571235,-36.409859],[148.572465,-36.409076],[148.57257,-36.408354],[148.57185,-36.40798],[148.570562,-36.407609],[148.570619,-36.407275],[148.569938,-36.407406],[148.568805,-36.407015],[148.568131,-36.40592],[148.568527,-36.405004],[148.569044,-36.404136],[148.570281,-36.403732],[148.572549,-36.404374],[148.574107,-36.405169],[148.578031,-36.4056],[148.579567,-36.405291],[148.580621,-36.404606],[148.581249,-36.403398],[148.580273,-36.402068],[148.578644,-36.400697],[148.577729,-36.399465],[148.577946,-36.398453],[148.579662,-36.398241],[148.581278,-36.398985],[148.584862,-36.400186],[148.586051,-36.400315],[148.587651,-36.400244],[148.586144,-36.399016],[148.583888,-36.398951],[148.582335,-36.398444],[148.581468,-36.397797],[148.5818,-36.397671],[148.578339,-36.395712],[148.576772,-36.394114],[148.577463,-36.393244],[148.579807,-36.392451],[148.581471,-36.392763],[148.587252,-36.394241],[148.590231,-36.39563],[148.591574,-36.396388],[148.593048,-36.396368],[148.595317,-36.395504],[148.593957,-36.393913],[148.593672,-36.394395],[148.592943,-36.394819],[148.592493,-36.394469],[148.591891,-36.393882],[148.592392,-36.3931],[148.593566,-36.392846],[148.596072,-36.392754],[148.596726,-36.392267],[148.596496,-36.391851],[148.594199,-36.391345],[148.592577,-36.391367],[148.590523,-36.391872],[148.589713,-36.391941],[148.588672,-36.391541],[148.588142,-36.390831],[148.586068,-36.390381],[148.582,-36.38984],[148.580009,-36.389866],[148.577579,-36.390015],[148.574774,-36.389872],[148.573615,-36.38959],[148.573129,-36.38901],[148.572026,-36.389368],[148.570629,-36.389152],[148.568192,-36.388949],[148.567229,-36.388782],[148.566913,-36.388614],[148.568264,-36.387641],[148.568105,-36.387256],[148.569182,-36.386849],[148.570126,-36.38612],[148.569962,-36.385289],[148.568759,-36.384169],[148.568071,-36.382925],[148.568112,-36.381689],[148.569625,-36.379037],[148.570379,-36.379086],[148.573206,-36.38109],[148.575371,-36.383158],[148.579877,-36.384243],[148.581887,-36.384505],[148.58246,-36.383636],[148.580194,-36.382427],[148.57722,-36.381227],[148.574946,-36.379634],[148.573374,-36.378713],[148.57322,-36.375938],[148.566893,-36.373692],[148.568719,-36.370823],[148.567962,-36.368007],[148.565756,-36.367109],[148.567159,-36.365354],[148.568057,-36.36373],[148.567378,-36.362986],[148.568031,-36.36244],[148.568273,-36.361255],[148.568524,-36.360499],[148.570506,-36.359936],[148.571691,-36.359383],[148.571536,-36.35831],[148.571249,-36.357239],[148.571234,-36.356487],[148.572442,-36.357116],[148.57418,-36.35763],[148.576038,-36.357498],[148.576691,-36.356952],[148.576545,-36.356309],[148.577737,-36.356079],[148.578534,-36.356068],[148.578917,-36.355311],[148.579032,-36.354449],[148.579688,-36.354011],[148.580992,-36.352811],[148.582661,-36.349887],[148.584226,-36.348469],[148.583129,-36.346764],[148.583943,-36.347613],[148.585006,-36.347599],[148.585526,-36.347055],[148.585511,-36.346303],[148.585775,-36.345781],[148.585695,-36.345548],[148.586579,-36.343279],[148.58843,-36.342824],[148.591258,-36.344721],[148.59152,-36.344991],[148.593879,-36.346191],[148.594957,-36.346929],[148.596176,-36.348095],[148.598178,-36.348498],[148.600042,-36.348688],[148.600967,-36.348461],[148.602014,-36.347695],[148.602793,-36.346824],[148.603026,-36.345209],[148.602752,-36.344783],[148.601977,-36.345868],[148.60025,-36.345891],[148.599183,-36.34569],[148.598238,-36.344951],[148.596235,-36.34444],[148.596611,-36.34336],[148.59766,-36.342701],[148.597636,-36.341519],[148.596817,-36.340456],[148.59562,-36.340364],[148.595635,-36.341116],[148.595141,-36.34295],[148.593563,-36.343723],[148.592363,-36.343524],[148.591686,-36.342889],[148.591117,-36.341069],[148.589765,-36.339905],[148.588163,-36.339496],[148.586819,-36.338762],[148.582701,-36.335484],[148.5819,-36.33528],[148.580435,-36.335084],[148.579222,-36.334241],[148.579011,-36.333745],[148.58398,-36.335426],[148.585187,-36.335671],[148.589396,-36.338711],[148.59239,-36.339221],[148.595686,-36.337798],[148.598564,-36.336865],[148.601428,-36.33938],[148.602746,-36.341291],[148.604433,-36.340575],[148.605526,-36.339248],[148.605221,-36.336625],[148.607133,-36.334886],[148.609356,-36.335272],[148.610046,-36.335676],[148.61009,-36.337812],[148.610302,-36.33981],[148.610332,-36.341257],[148.613338,-36.342388],[148.615655,-36.343119],[148.619419,-36.343757],[148.62164,-36.343168],[148.621443,-36.341859],[148.619007,-36.339481],[148.6183,-36.338247],[148.617429,-36.337362],[148.614438,-36.33699],[148.613486,-36.336313],[148.611667,-36.335722],[148.610719,-36.334761],[148.612893,-36.332731],[148.613818,-36.331758],[148.614062,-36.331133],[148.613939,-36.329341],[148.614005,-36.328447],[148.614853,-36.328229],[148.613209,-36.327007],[148.612063,-36.325161],[148.610679,-36.324147],[148.610328,-36.323472],[148.611929,-36.323653],[148.613143,-36.32467],[148.614274,-36.325758],[148.61531,-36.326433],[148.616331,-36.326352],[148.616927,-36.325717],[148.617335,-36.324607],[148.616525,-36.322482],[148.616674,-36.32152],[148.618702,-36.321492],[148.619135,-36.320995],[148.618007,-36.319978],[148.616543,-36.319239],[148.615848,-36.318628],[148.615561,-36.317663],[148.615876,-36.317132],[148.616435,-36.317043],[148.615698,-36.309897],[148.617357,-36.304627],[148.617249,-36.299381],[148.619323,-36.29436],[148.627478,-36.292924],[148.636392,-36.289872],[148.638389,-36.288434],[148.638444,-36.287613],[148.637125,-36.286811],[148.637295,-36.286525],[148.639921,-36.286791],[148.642583,-36.287557],[148.644719,-36.286856],[148.643693,-36.285265],[148.645652,-36.28403],[148.646285,-36.282683],[148.647241,-36.28093],[148.644887,-36.279809],[148.64479,-36.279499],[148.643892,-36.278105],[148.643299,-36.27741],[148.646165,-36.276023],[148.646108,-36.275474],[148.647451,-36.275167],[148.647748,-36.274753],[148.648577,-36.274403],[148.648871,-36.273471],[148.648327,-36.272378],[148.647247,-36.270622],[148.647232,-36.269865],[148.650844,-36.268211],[148.651229,-36.266497],[148.651726,-36.266139],[148.651513,-36.266191],[148.65184,-36.266002],[148.651306,-36.265419],[148.650381,-36.266022],[148.649919,-36.266583],[148.648601,-36.266984],[148.648251,-36.266051],[148.648041,-36.263913],[148.647438,-36.263786],[148.647095,-36.263368],[148.646263,-36.263465],[148.644711,-36.263991],[148.643484,-36.265103],[148.643344,-36.265565],[148.64251,-36.265941],[148.641728,-36.265889],[148.640782,-36.265478],[148.640237,-36.2649],[148.64093,-36.263876],[148.641401,-36.262666],[148.640022,-36.260008],[148.63903,-36.260021],[148.634708,-36.258873],[148.633021,-36.257291],[148.632164,-36.255829],[148.631622,-36.255913],[148.631657,-36.255299],[148.634103,-36.253657],[148.635585,-36.253637],[148.636899,-36.254223],[148.638881,-36.254281],[148.640228,-36.253925],[148.640419,-36.25357],[148.640549,-36.253569],[148.640544,-36.253343],[148.64083,-36.252821],[148.640918,-36.252058],[148.643334,-36.252954],[148.644334,-36.252714],[148.646851,-36.251724],[148.647441,-36.250112],[148.646903,-36.249276],[148.645538,-36.24879],[148.644561,-36.249169],[148.643106,-36.249382],[148.641257,-36.247938],[148.64058,-36.247141],[148.640204,-36.245005],[148.637047,-36.244246],[148.636517,-36.244519],[148.635323,-36.243301],[148.632402,-36.243706],[148.632034,-36.24225],[148.62945,-36.242556],[148.629188,-36.240829],[148.627384,-36.240763],[148.627373,-36.240214],[148.626684,-36.239583],[148.625222,-36.239697],[148.624319,-36.239615],[148.623848,-36.238621],[148.620913,-36.238296],[148.619912,-36.238945],[148.618662,-36.238416],[148.618763,-36.237865],[148.618752,-36.23732],[148.61729,-36.23743],[148.615709,-36.237271],[148.614666,-36.235824],[148.614419,-36.234732],[148.613842,-36.2341],[148.612939,-36.234022],[148.611783,-36.232577],[148.610656,-36.232503],[148.609638,-36.232331],[148.609285,-36.231606],[148.608028,-36.230712],[148.605881,-36.230376],[148.603861,-36.230768],[148.603437,-36.23205],[148.603576,-36.233328],[148.60427,-36.234229],[148.604171,-36.23487],[148.603611,-36.235058],[148.602814,-36.234614],[148.602009,-36.233804],[148.601431,-36.233082],[148.599602,-36.231736],[148.599042,-36.231928],[148.598381,-36.232667],[148.597953,-36.233768],[148.596829,-36.233873],[148.596025,-36.233154],[148.595442,-36.232156],[148.594766,-36.23212],[148.594253,-36.23197],[148.593134,-36.231092],[148.592664,-36.230503],[148.592022,-36.230512],[148.590918,-36.230378],[148.590357,-36.229867],[148.589435,-36.229654],[148.589419,-36.228838],[148.588403,-36.228482],[148.58749,-36.228715],[148.586681,-36.229542],[148.585859,-36.229701],[148.584773,-36.230459],[148.584237,-36.23121],[148.582875,-36.2319],[148.581048,-36.232293],[148.580729,-36.232591],[148.580399,-36.233199],[148.579877,-36.233161],[148.579128,-36.232616],[148.578377,-36.23181],[148.577633,-36.231297],[148.576539,-36.231609],[148.574901,-36.232302],[148.573654,-36.234176],[148.572358,-36.233598],[148.570309,-36.232065],[148.569959,-36.231903],[148.570334,-36.229993],[148.568681,-36.228453],[148.564955,-36.225214],[148.563517,-36.22491],[148.557111,-36.230926],[148.549167,-36.239733],[148.549297,-36.24231],[148.548601,-36.243287],[148.546455,-36.243442],[148.546138,-36.243778],[148.544884,-36.242728],[148.545768,-36.241769],[148.543796,-36.240014],[148.542547,-36.238436],[148.543056,-36.238195],[148.543699,-36.237112],[148.543284,-36.236257],[148.543513,-36.234427],[148.543361,-36.233462],[148.544406,-36.232588],[148.545719,-36.231926],[148.547157,-36.230833],[148.547923,-36.229318],[148.549496,-36.228331],[148.549868,-36.227036],[148.550506,-36.225738],[148.549695,-36.224996],[148.547695,-36.224485],[148.546487,-36.223748],[148.545676,-36.223006],[148.544215,-36.222917],[148.543426,-36.22325],[148.543045,-36.224115],[148.541454,-36.224135],[148.540929,-36.224464],[148.540807,-36.225003],[148.540573,-36.225187],[148.539013,-36.225336],[148.539083,-36.225026],[148.537077,-36.224191],[148.535869,-36.223455],[148.533621,-36.223806],[148.53257,-36.224357],[148.53161,-36.225257],[148.5322,-36.227355],[148.532885,-36.228],[148.534505,-36.228306],[148.534533,-36.229722],[148.534951,-36.23048],[148.535916,-36.231666],[148.537664,-36.231644],[148.538214,-36.23229],[148.53837,-36.233378],[148.537975,-36.233819],[148.537045,-36.234376],[148.535839,-36.234609],[148.534637,-36.235061],[148.534364,-36.234846],[148.535965,-36.234172],[148.536212,-36.233079],[148.535521,-36.232107],[148.534165,-36.23158],[148.53269,-36.231816],[148.531497,-36.232704],[148.531089,-36.232491],[148.531339,-36.231507],[148.527459,-36.232537],[148.525862,-36.233429],[148.525053,-36.233331],[148.52665,-36.232439],[148.527446,-36.231884],[148.530921,-36.230749],[148.531986,-36.230191],[148.532242,-36.229534],[148.53183,-36.229103],[148.530496,-36.229665],[148.531681,-36.228342],[148.531534,-36.22769],[148.531111,-36.226715],[148.531099,-36.226061],[148.530821,-36.225729],[148.529833,-36.226864],[148.52948,-36.226887],[148.529552,-36.224922],[148.531565,-36.221893],[148.531928,-36.222034],[148.532566,-36.222865],[148.534441,-36.223345],[148.536069,-36.221813],[148.53875,-36.221107],[148.540614,-36.221083],[148.542048,-36.220225],[148.543255,-36.218362],[148.544272,-36.217341],[148.545906,-36.216144],[148.546705,-36.214622],[148.547725,-36.213769],[148.548731,-36.212245],[148.548694,-36.210398],[148.549931,-36.210046],[148.549289,-36.209047],[148.548638,-36.207544],[148.549029,-36.206363],[148.548371,-36.204524],[148.549394,-36.203839],[148.55162,-36.201123],[148.552839,-36.199932],[148.55282,-36.198925],[148.553007,-36.197914],[148.552792,-36.196548],[148.559928,-36.19585],[148.55966,-36.195637],[148.554601,-36.193562],[148.553264,-36.192723],[148.549023,-36.191921],[148.545874,-36.190697],[148.545818,-36.190618],[148.54808,-36.189749],[148.549928,-36.188885],[148.550516,-36.187198],[148.549434,-36.184861],[148.547139,-36.184051],[148.543402,-36.183596],[148.540505,-36.183801],[148.537564,-36.185308],[148.532264,-36.185714],[148.532016,-36.185934],[148.531842,-36.185759],[148.531396,-36.184086],[148.530123,-36.182591],[148.528033,-36.18161],[148.525932,-36.180125],[148.524693,-36.180309],[148.523421,-36.178813],[148.521745,-36.177827],[148.51903,-36.176686],[148.515483,-36.175387],[148.512972,-36.174075],[148.512112,-36.172407],[148.512089,-36.171232],[148.510636,-36.171082],[148.50898,-36.171103],[148.508129,-36.169938],[148.507679,-36.168096],[148.50766,-36.167089],[148.506812,-36.166092],[148.505761,-36.165265],[148.504299,-36.164612],[148.504286,-36.16394],[148.503454,-36.163783],[148.502632,-36.163136],[148.504447,-36.162687],[148.504913,-36.161325],[148.505657,-36.161144],[148.506207,-36.159537],[148.50442,-36.157382],[148.50572,-36.156735],[148.50834,-36.154363],[148.50811,-36.154127],[148.508754,-36.153541],[148.510101,-36.153958],[148.510961,-36.155627],[148.512028,-36.157293],[148.513885,-36.156934],[148.513238,-36.155598],[148.513837,-36.154415],[148.515293,-36.154733],[148.516768,-36.156057],[148.519459,-36.156023],[148.520249,-36.153998],[148.520219,-36.152487],[148.5225,-36.152626],[148.523978,-36.154118],[148.523998,-36.155126],[148.525871,-36.155606],[148.52689,-36.154753],[148.526453,-36.153583],[148.524978,-36.152258],[148.52369,-36.149924],[148.523881,-36.149081],[148.52557,-36.150739],[148.526818,-36.151059],[148.529506,-36.150857],[148.530739,-36.150337],[148.531137,-36.149493],[148.532576,-36.14897],[148.533181,-36.148123],[148.534203,-36.147438],[148.535455,-36.147926],[148.536069,-36.147582],[148.535622,-36.145908],[148.535606,-36.145069],[148.534545,-36.143739],[148.533277,-36.142412],[148.532843,-36.141409],[148.531391,-36.14126],[148.529948,-36.141614],[148.528286,-36.1413],[148.527024,-36.140308],[148.525569,-36.139991],[148.524553,-36.141011],[148.523324,-36.141699],[148.521247,-36.141389],[148.520633,-36.141733],[148.51919,-36.142087],[148.518146,-36.141597],[148.516486,-36.14145],[148.514646,-36.142649],[148.513808,-36.142155],[148.513795,-36.141484],[148.51112,-36.142357],[148.510082,-36.142202],[148.508015,-36.142396],[148.507592,-36.141898],[148.506738,-36.140565],[148.505891,-36.139568],[148.509827,-36.139687],[148.510257,-36.140521],[148.511295,-36.140676],[148.512101,-36.13949],[148.511253,-36.138493],[148.50897,-36.138186],[148.506677,-36.137375],[148.505422,-36.136719],[148.50583,-36.136378],[148.50581,-36.13537],[148.504349,-36.134717],[148.504323,-36.133374],[148.505063,-36.132909],[148.505437,-36.133236],[148.505534,-36.132955],[148.506258,-36.132551],[148.506853,-36.131852],[148.506838,-36.131062],[148.506707,-36.13057],[148.505727,-36.130286],[148.504022,-36.130307],[148.503882,-36.129321],[148.504481,-36.128819],[148.504717,-36.128421],[148.504938,-36.127233],[148.503108,-36.127058],[148.503222,-36.126661],[148.504185,-36.126057],[148.504413,-36.125263],[148.505005,-36.124367],[148.504512,-36.124077],[148.502932,-36.124195],[148.50231,-36.123511],[148.502787,-36.123011],[148.503993,-36.122404],[148.505334,-36.122485],[148.50741,-36.122756],[148.507608,-36.12259],[148.509341,-36.121842],[148.508601,-36.121358],[148.507372,-36.12078],[148.507239,-36.120189],[148.509305,-36.119966],[148.509288,-36.119077],[148.50959,-36.118435],[148.508686,-36.11848],[148.51011,-36.117486],[148.510707,-36.116885],[148.511896,-36.115388],[148.511881,-36.114598],[148.510896,-36.114018],[148.510633,-36.113033],[148.511481,-36.112825],[148.511833,-36.112129],[148.510966,-36.111349],[148.510228,-36.110963],[148.509651,-36.111447],[148.508416,-36.111678],[148.506709,-36.111601],[148.5067,-36.111107],[148.507543,-36.110602],[148.507657,-36.110205],[148.505593,-36.110528],[148.504977,-36.11014],[148.503014,-36.109375],[148.502149,-36.108694],[148.502142,-36.107816],[148.501757,-36.107374],[148.500102,-36.107395],[148.497625,-36.107762],[148.495145,-36.107961],[148.492249,-36.107997],[148.490762,-36.106],[148.492153,-36.10296],[148.492745,-36.101441],[148.494598,-36.100914],[148.496234,-36.099886],[148.496005,-36.097921],[148.496887,-36.098141],[148.501469,-36.095974],[148.50244,-36.094542],[148.502686,-36.094436],[148.503194,-36.093677],[148.504488,-36.09284],[148.507356,-36.091321],[148.509264,-36.089927],[148.513518,-36.087745],[148.516642,-36.088287],[148.518813,-36.08904],[148.520206,-36.089181],[148.522199,-36.090033],[148.523474,-36.089235],[148.525758,-36.088951],[148.52818,-36.090282],[148.529916,-36.09337],[148.531232,-36.095057],[148.531727,-36.096051],[148.532667,-36.096941],[148.533051,-36.097093],[148.535771,-36.09874],[148.540603,-36.100814],[148.543968,-36.101352],[148.545899,-36.102107],[148.548549,-36.102853],[148.550006,-36.103803],[148.550751,-36.105155],[148.550819,-36.106969],[148.549183,-36.108954],[148.546763,-36.112176],[148.544707,-36.112874],[148.544516,-36.113717],[148.545567,-36.114543],[148.546809,-36.114527],[148.548885,-36.114836],[148.551995,-36.115131],[148.553674,-36.116285],[148.555573,-36.118108],[148.556046,-36.121125],[148.55627,-36.121962],[148.557518,-36.122281],[148.562328,-36.124738],[148.563389,-36.126067],[148.564851,-36.12672],[148.568794,-36.127172],[148.57105,-36.126135],[148.573317,-36.125601],[148.574972,-36.12558],[148.578277,-36.1252],[148.580123,-36.124336],[148.581127,-36.122811],[148.581721,-36.12146],[148.583767,-36.120257],[148.584594,-36.119409],[148.593247,-36.11884],[148.59535,-36.117432],[148.598736,-36.116694],[148.597174,-36.116371],[148.595773,-36.116962],[148.59576,-36.116422],[148.596565,-36.11588],[148.599943,-36.115149],[148.598381,-36.114823],[148.59698,-36.115419],[148.596938,-36.113351],[148.596087,-36.113249],[148.595981,-36.112854],[148.596155,-36.112468],[148.597044,-36.111632],[148.597721,-36.110131],[148.594615,-36.1104],[148.592795,-36.111341],[148.589975,-36.111724],[148.584266,-36.112188],[148.588569,-36.11133],[148.591382,-36.109678],[148.592923,-36.108969],[148.592903,-36.107987],[148.594131,-36.107425],[148.59413,-36.107357],[148.594585,-36.107226],[148.596123,-36.106402],[148.596709,-36.105177],[148.597331,-36.104858],[148.597753,-36.103994],[148.597652,-36.105931],[148.598952,-36.107288],[148.601083,-36.106908],[148.60141,-36.10552],[148.60229,-36.105364],[148.602582,-36.104256],[148.606377,-36.103862],[148.606855,-36.103659],[148.608449,-36.104547],[148.608581,-36.104527],[148.608538,-36.104012],[148.607745,-36.102451],[148.607792,-36.10223],[148.60808,-36.102104],[148.609673,-36.102993],[148.609788,-36.102978],[148.609746,-36.102465],[148.608952,-36.100907],[148.609299,-36.09923],[148.60941,-36.09913],[148.61015,-36.099075],[148.61014,-36.098471],[148.610375,-36.097593],[148.611357,-36.09753],[148.611297,-36.09457],[148.610074,-36.093685],[148.607548,-36.094232],[148.607082,-36.094703],[148.606988,-36.095639],[148.606324,-36.095787],[148.605858,-36.096256],[148.605825,-36.096581],[148.605318,-36.096836],[148.606096,-36.094536],[148.60626,-36.093321],[148.60653,-36.093467],[148.608467,-36.093598],[148.609626,-36.092885],[148.610466,-36.093621],[148.611766,-36.093603],[148.613642,-36.09201],[148.615445,-36.092138],[148.616147,-36.091782],[148.617081,-36.090617],[148.617017,-36.090413],[148.617361,-36.090242],[148.618288,-36.089071],[148.618016,-36.0882],[148.618177,-36.086783],[148.616064,-36.085779],[148.615977,-36.084649],[148.615139,-36.083966],[148.612283,-36.083851],[148.610735,-36.082507],[148.609036,-36.082538],[148.607623,-36.081309],[148.605651,-36.081741],[148.605481,-36.080697],[148.606154,-36.079683],[148.603952,-36.078585],[148.602232,-36.07929],[148.600747,-36.07935],[148.597673,-36.081644],[148.598212,-36.078942],[148.592685,-36.082435],[148.591353,-36.082734],[148.589851,-36.084403],[148.588337,-36.085509],[148.588136,-36.086314],[148.587572,-36.086726],[148.587315,-36.086407],[148.587635,-36.085714],[148.590173,-36.083196],[148.590001,-36.083018],[148.591381,-36.081648],[148.591222,-36.081484],[148.593053,-36.081065],[148.593733,-36.080372],[148.593669,-36.079656],[148.594642,-36.079643],[148.596469,-36.078525],[148.596794,-36.077649],[148.598975,-36.077447],[148.600043,-36.076387],[148.601408,-36.075285],[148.601089,-36.075001],[148.602615,-36.073737],[148.599689,-36.071161],[148.59942,-36.069957],[148.599711,-36.069471],[148.599759,-36.0683],[148.598811,-36.067786],[148.598596,-36.067966],[148.597085,-36.067852],[148.597825,-36.067167],[148.597817,-36.066745],[148.599032,-36.065621],[148.598995,-36.063772],[148.5982,-36.063234],[148.59823,-36.062657],[148.597537,-36.061787],[148.599401,-36.061796],[148.599424,-36.061344],[148.602049,-36.062409],[148.601566,-36.062905],[148.601631,-36.063026],[148.601246,-36.063596],[148.600866,-36.06528],[148.60009,-36.06781],[148.600751,-36.069816],[148.600782,-36.071327],[148.601416,-36.071991],[148.602874,-36.072475],[148.603403,-36.072178],[148.603849,-36.072417],[148.60421,-36.072412],[148.604217,-36.071877],[148.604485,-36.071764],[148.605223,-36.071747],[148.605507,-36.071509],[148.605988,-36.070754],[148.607183,-36.070738],[148.60699,-36.071412],[148.605763,-36.0721],[148.605156,-36.07278],[148.604769,-36.074129],[148.604793,-36.075304],[148.605841,-36.075962],[148.606268,-36.076628],[148.607089,-36.076281],[148.606692,-36.077126],[148.607757,-36.078623],[148.608615,-36.080123],[148.60988,-36.081282],[148.611335,-36.081598],[148.611745,-36.081425],[148.612383,-36.082256],[148.613414,-36.082074],[148.614437,-36.081556],[148.615658,-36.080532],[148.616061,-36.080023],[148.616041,-36.079016],[148.617685,-36.07849],[148.618909,-36.077633],[148.619715,-36.076615],[148.62117,-36.076931],[148.622204,-36.076917],[148.623228,-36.076399],[148.622373,-36.075067],[148.622783,-36.074894],[148.624045,-36.075884],[148.626175,-36.078879],[148.627227,-36.079704],[148.628468,-36.079687],[148.629667,-36.077655],[148.629657,-36.077152],[148.630467,-36.076301],[148.630653,-36.075291],[148.631456,-36.074104],[148.632266,-36.073254],[148.631835,-36.07242],[148.6316,-36.071079],[148.632186,-36.069392],[148.632389,-36.069221],[148.631331,-36.06806],[148.631107,-36.067223],[148.630286,-36.06757],[148.629249,-36.067417],[148.629238,-36.066913],[148.629631,-36.0659],[148.630465,-36.066224],[148.630455,-36.065721],[148.629197,-36.064898],[148.627942,-36.064243],[148.627922,-36.063236],[148.628552,-36.063731],[148.630203,-36.063541],[148.63122,-36.062687],[148.631199,-36.06168],[148.630982,-36.061179],[148.631178,-36.060673],[148.632219,-36.060994],[148.633277,-36.062156],[148.632891,-36.063504],[148.633133,-36.065181],[148.633574,-36.066518],[148.633182,-36.067531],[148.634857,-36.068516],[148.634874,-36.069355],[148.634692,-36.070533],[148.634499,-36.071208],[148.634926,-36.071874],[148.63637,-36.071686],[148.637373,-36.070161],[148.637545,-36.068479],[148.637934,-36.067298],[148.638527,-36.065947],[148.640336,-36.063403],[148.641145,-36.062552],[148.641755,-36.06204],[148.64362,-36.062182],[148.645267,-36.061824],[148.647934,-36.060779],[148.649157,-36.059923],[148.649385,-36.058762],[148.650685,-36.058203],[148.651288,-36.057746],[148.651555,-36.057294],[148.651524,-36.056821],[148.651661,-36.056492],[148.652597,-36.055604],[148.652856,-36.054992],[148.654228,-36.05515],[148.656296,-36.055122],[148.657109,-36.054439],[148.658314,-36.052743],[148.659113,-36.051388],[148.659063,-36.051169],[148.659844,-36.050402],[148.659835,-36.049996],[148.660316,-36.049404],[148.660706,-36.049268],[148.661058,-36.048853],[148.661049,-36.048442],[148.661682,-36.047676],[148.661449,-36.047004],[148.662413,-36.045823],[148.662107,-36.044894],[148.660785,-36.043285],[148.660467,-36.042794],[148.66077,-36.04201],[148.659954,-36.040908],[148.660716,-36.039437],[148.659939,-36.038226],[148.660245,-36.037337],[148.660305,-36.036823],[148.660851,-36.036992],[148.661717,-36.037097],[148.662078,-36.036321],[148.661711,-36.03598],[148.660518,-36.036048],[148.660636,-36.035249],[148.661348,-36.035214],[148.662073,-36.035438],[148.66294,-36.035543],[148.663284,-36.034777],[148.662917,-36.03443],[148.661621,-36.034507],[148.661335,-36.034628],[148.660726,-36.034692],[148.660878,-36.033866],[148.660601,-36.033845],[148.660353,-36.034101],[148.660164,-36.033765],[148.659003,-36.033371],[148.658357,-36.033497],[148.658821,-36.034956],[148.658608,-36.035193],[148.657864,-36.034952],[148.657337,-36.034643],[148.656415,-36.034526],[148.655665,-36.034748],[148.65507,-36.034773],[148.654563,-36.034663],[148.654205,-36.034817],[148.653632,-36.034464],[148.653893,-36.034091],[148.654829,-36.033384],[148.655471,-36.033303],[148.655175,-36.033122],[148.65522,-36.03309],[148.656229,-36.033076],[148.656659,-36.032953],[148.657222,-36.031778],[148.659016,-36.031158],[148.658354,-36.030387],[148.658433,-36.030219],[148.660221,-36.029609],[148.658375,-36.027471],[148.656388,-36.027165],[148.657112,-36.026501],[148.657443,-36.025717],[148.658322,-36.024956],[148.659559,-36.022068],[148.656664,-36.021464],[148.653544,-36.020398],[148.653068,-36.018295],[148.650841,-36.017541],[148.647725,-36.014718],[148.647034,-36.012708],[148.646809,-36.010295],[148.646115,-36.009389],[148.645871,-36.008478],[148.645841,-36.007018],[148.646506,-36.006549],[148.646836,-36.006179],[148.646502,-36.005337],[148.647482,-36.004773],[148.647684,-36.003851],[148.648688,-36.003229],[148.648894,-36.002311],[148.649334,-36.001845],[148.65151,-35.99825],[148.651713,-35.997152],[148.651133,-35.996335],[148.651577,-35.996054],[148.651216,-35.994963],[148.650593,-35.99476],[148.650598,-35.994675],[148.650777,-35.994167],[148.650726,-35.994123],[148.651215,-35.993557],[148.651845,-35.993098],[148.651939,-35.992582],[148.652503,-35.991926],[148.651807,-35.99093],[148.649537,-35.989956],[148.648811,-35.989912],[148.648734,-35.989805],[148.64898,-35.989017],[148.649174,-35.988771],[148.649922,-35.986841],[148.648677,-35.986493],[148.647333,-35.986786],[148.646757,-35.986154],[148.64686,-35.985693],[148.647935,-35.983303],[148.647154,-35.982764],[148.647151,-35.98261],[148.646624,-35.98196],[148.646024,-35.981373],[148.645784,-35.980362],[148.644811,-35.979483],[148.643831,-35.97818],[148.642211,-35.977905],[148.640594,-35.977751],[148.638687,-35.977777],[148.638167,-35.977482],[148.637346,-35.976781],[148.635638,-35.975791],[148.634814,-35.974968],[148.633633,-35.974623],[148.63312,-35.97422],[148.634138,-35.97408],[148.635207,-35.974247],[148.635663,-35.974041],[148.635686,-35.973692],[148.634934,-35.972905],[148.634746,-35.972611],[148.636084,-35.972426],[148.635923,-35.9715],[148.635319,-35.969886],[148.635211,-35.964627],[148.633852,-35.965233],[148.632985,-35.964564],[148.632617,-35.964519],[148.632025,-35.964054],[148.631688,-35.964033],[148.631262,-35.964164],[148.630556,-35.964098],[148.629485,-35.964163],[148.629326,-35.963916],[148.629658,-35.963637],[148.629803,-35.963249],[148.630193,-35.962871],[148.630591,-35.962865],[148.630862,-35.962637],[148.6307,-35.962191],[148.630448,-35.961871],[148.630627,-35.961594],[148.631542,-35.961433],[148.631842,-35.961105],[148.631551,-35.960386],[148.631146,-35.960043],[148.630064,-35.959585],[148.62972,-35.959241],[148.627936,-35.958866],[148.627663,-35.95902],[148.627639,-35.959344],[148.627463,-35.95972],[148.627158,-35.959774],[148.626603,-35.959607],[148.626515,-35.959807],[148.626655,-35.960652],[148.626505,-35.960779],[148.626321,-35.960806],[148.626044,-35.96071],[148.625794,-35.960489],[148.624911,-35.960726],[148.624278,-35.959738],[148.623438,-35.959102],[148.621265,-35.957712],[148.619119,-35.956147],[148.617469,-35.954824],[148.616569,-35.954288],[148.616419,-35.95444],[148.617604,-35.955445],[148.617514,-35.95557],[148.617023,-35.955527],[148.616144,-35.955987],[148.615505,-35.956195],[148.613604,-35.956071],[148.61281,-35.956219],[148.612288,-35.956176],[148.611313,-35.956389],[148.610544,-35.95625],[148.6099,-35.956233],[148.609352,-35.956365],[148.608645,-35.95625],[148.608093,-35.956257],[148.607383,-35.955993],[148.606678,-35.955928],[148.605721,-35.955567],[148.605347,-35.955248],[148.604976,-35.955104],[148.604547,-35.955085],[148.603808,-35.954895],[148.603436,-35.954701],[148.602906,-35.954235],[148.601984,-35.95406],[148.601558,-35.95424],[148.601046,-35.954646],[148.600256,-35.954955],[148.599675,-35.955038],[148.59842,-35.955054],[148.597358,-35.955567],[148.596714,-35.955525],[148.596311,-35.955282],[148.595757,-35.955165],[148.595355,-35.954971],[148.595012,-35.954676],[148.594549,-35.954508],[148.59433,-35.954262],[148.594382,-35.953813],[148.595492,-35.952653],[148.596065,-35.952221],[148.596362,-35.951744],[148.596171,-35.951398],[148.595773,-35.951379],[148.595258,-35.951709],[148.594769,-35.951741],[148.593725,-35.951605],[148.593619,-35.950934],[148.594006,-35.950331],[148.594789,-35.949698],[148.595186,-35.949618],[148.595878,-35.949011],[148.595958,-35.948437],[148.595335,-35.946366],[148.594933,-35.946172],[148.594228,-35.946181],[148.59005,-35.947059],[148.590341,-35.946283],[148.590205,-35.945637],[148.589889,-35.945143],[148.589329,-35.944727],[148.58916,-35.943932],[148.588721,-35.943415],[148.588285,-35.943072],[148.588122,-35.942576],[148.587837,-35.942107],[148.587311,-35.94184],[148.586695,-35.941649],[148.585745,-35.941636],[148.58532,-35.941804],[148.584951,-35.941734],[148.584914,-35.941436],[148.585883,-35.94085],[148.586148,-35.940336],[148.587051,-35.939527],[148.587226,-35.939101],[148.587302,-35.938303],[148.587661,-35.9379],[148.587643,-35.936979],[148.587084,-35.936612],[148.586986,-35.936315],[148.587351,-35.936161],[148.58793,-35.936053],[148.588482,-35.936046],[148.58916,-35.936261],[148.589466,-35.936282],[148.590015,-35.936175],[148.590592,-35.935893],[148.591555,-35.935084],[148.591951,-35.934954],[148.594897,-35.935239],[148.594697,-35.934457],[148.594755,-35.934306],[148.595377,-35.934771],[148.596241,-35.935084],[148.597071,-35.935222],[148.600618,-35.934951],[148.601869,-35.934735],[148.602628,-35.934426],[148.603921,-35.933213],[148.606406,-35.930403],[148.607195,-35.930068],[148.611295,-35.929889],[148.613871,-35.928559],[148.614754,-35.928298],[148.615887,-35.928295],[148.6173,-35.92855],[148.618571,-35.92928],[148.619133,-35.929821],[148.620848,-35.932836],[148.62169,-35.933572],[148.622804,-35.93413],[148.628994,-35.935827],[148.629368,-35.936145],[148.629689,-35.936863],[148.629309,-35.937715],[148.629022,-35.938641],[148.629062,-35.939138],[148.629565,-35.939729],[148.630151,-35.939945],[148.630918,-35.94001],[148.632045,-35.939695],[148.633175,-35.939555],[148.634278,-35.93959],[148.635355,-35.939825],[148.636361,-35.939612],[148.637993,-35.938531],[148.639347,-35.937392],[148.640922,-35.936523],[148.641945,-35.936137],[148.643099,-35.936155],[148.643949,-35.936307],[148.645385,-35.936113],[148.646939,-35.935743],[148.64801,-35.935622],[148.649692,-35.935569],[148.651792,-35.934967],[148.65404,-35.934089],[148.656143,-35.933587],[148.657702,-35.933491],[148.659021,-35.933584],[148.661944,-35.934241],[148.662839,-35.934553],[148.6644,-35.934531],[148.66575,-35.934662],[148.66697,-35.934396],[148.667452,-35.93404],[148.667751,-35.933663],[148.667994,-35.93214],[148.667981,-35.931518],[148.668244,-35.930891],[148.667558,-35.928883],[148.667422,-35.928238],[148.665518,-35.925393],[148.664233,-35.924568],[148.663967,-35.924267],[148.66395,-35.923423],[148.664718,-35.920225],[148.664859,-35.920059],[148.665377,-35.920052],[148.671068,-35.920793],[148.671747,-35.920198],[148.672212,-35.917661],[148.672227,-35.917004],[148.671864,-35.916166],[148.671786,-35.915182],[148.671537,-35.914319],[148.671568,-35.913041],[148.671257,-35.911968],[148.670832,-35.910942],[148.669481,-35.909696],[148.668826,-35.908697],[148.668329,-35.908352],[148.668059,-35.907841],[148.667901,-35.90714],[148.66775,-35.906837],[148.667683,-35.906358],[148.667073,-35.904749],[148.666943,-35.904048],[148.666613,-35.90342],[148.666479,-35.902555],[148.665929,-35.901039],[148.665285,-35.900532],[148.66478,-35.899825],[148.663816,-35.899182],[148.662886,-35.898773],[148.66233,-35.898359],[148.661151,-35.897039],[148.660902,-35.896152],[148.657527,-35.895929],[148.65557,-35.896003],[148.654594,-35.896134],[148.653877,-35.896308],[148.653424,-35.896665],[148.652128,-35.896683],[148.651555,-35.896832],[148.651134,-35.897377],[148.649484,-35.898325],[148.649083,-35.898471],[148.648623,-35.898477],[148.648271,-35.898201],[148.648151,-35.897968],[148.646666,-35.897169],[148.645846,-35.896524],[148.645179,-35.896322],[148.643747,-35.896693],[148.642683,-35.896754],[148.640049,-35.894728],[148.63783,-35.89327],[148.63697,-35.892087],[148.63669,-35.891083],[148.636554,-35.890077],[148.635182,-35.887776],[148.634583,-35.886624],[148.633773,-35.886471],[148.631385,-35.886597],[148.62806,-35.887345],[148.626686,-35.887739],[148.624248,-35.888229],[148.623096,-35.888244],[148.623229,-35.88768],[148.623706,-35.887088],[148.624586,-35.886467],[148.624978,-35.885922],[148.625129,-35.884819],[148.625809,-35.882864],[148.625651,-35.88221],[148.624671,-35.880747],[148.624598,-35.88001],[148.625234,-35.878689],[148.62512,-35.877355],[148.62533,-35.876368],[148.625189,-35.873698],[148.625302,-35.872185],[148.625489,-35.871479],[148.628944,-35.86862],[148.631715,-35.866181],[148.632906,-35.865297],[148.633007,-35.864616],[148.632673,-35.863754],[148.632608,-35.861997],[148.632419,-35.861203],[148.63223,-35.859014],[148.63202,-35.858595],[148.631433,-35.858017],[148.631275,-35.85734],[148.631451,-35.856095],[148.63102,-35.853359],[148.631009,-35.852797],[148.631141,-35.852233],[148.632539,-35.851604],[148.632959,-35.851036],[148.633464,-35.849014],[148.63379,-35.848049],[148.634464,-35.847243],[148.634742,-35.846747],[148.634321,-35.845885],[148.632884,-35.84178],[148.632435,-35.840919],[148.631134,-35.839261],[148.631008,-35.838724],[148.631153,-35.83734],[148.631528,-35.835999],[148.632338,-35.834769],[148.633266,-35.833749],[148.634173,-35.833057],[148.635104,-35.832165],[148.635429,-35.83113],[148.635709,-35.830774],[148.636451,-35.83046],[148.637544,-35.830445],[148.638772,-35.830006],[148.640166,-35.829214],[148.642454,-35.828503],[148.643422,-35.828021],[148.644447,-35.827468],[148.645439,-35.826763],[148.646679,-35.825457],[148.647746,-35.824177],[148.648716,-35.823765],[148.649948,-35.823514],[148.650341,-35.823063],[148.649754,-35.821126],[148.64971,-35.820353],[148.649697,-35.819733],[148.65017,-35.818976],[148.650248,-35.818553],[148.649709,-35.817553],[148.649666,-35.81685],[148.650482,-35.814589],[148.650485,-35.813347],[148.650673,-35.8127],[148.651458,-35.811682],[148.651749,-35.810483],[148.65229,-35.810171],[148.653489,-35.809756],[148.654397,-35.809146],[148.654499,-35.808511],[148.654744,-35.807828],[148.654818,-35.805859],[148.656908,-35.803979],[148.659283,-35.802001],[148.660627,-35.801584],[148.660263,-35.802081],[148.660185,-35.80248],[148.661208,-35.806028],[148.661496,-35.807384],[148.661062,-35.808679],[148.660106,-35.812512],[148.660326,-35.813376],[148.660638,-35.815914],[148.660465,-35.817276],[148.661556,-35.81855],[148.662141,-35.819034],[148.665975,-35.82075],[148.666932,-35.821088],[148.667161,-35.821015],[148.667779,-35.820303],[148.668316,-35.819874],[148.670908,-35.818572],[148.671886,-35.818582],[148.67264,-35.817494],[148.673211,-35.817251],[148.673408,-35.817061],[148.673595,-35.816379],[148.67564,-35.811019],[148.677773,-35.805704],[148.678165,-35.80523],[148.679274,-35.804605],[148.679281,-35.803551],[148.680323,-35.802482],[148.679624,-35.802093],[148.678157,-35.800731],[148.677548,-35.800482],[148.675787,-35.800201],[148.674722,-35.800169],[148.673625,-35.799997],[148.672844,-35.799774],[148.668254,-35.797646],[148.667538,-35.797797],[148.667247,-35.797637],[148.666953,-35.797313],[148.666109,-35.796856],[148.664982,-35.79659],[148.660023,-35.796085],[148.659452,-35.79628],[148.658829,-35.796757],[148.658192,-35.797915],[148.657033,-35.80168],[148.656541,-35.802906],[148.65634,-35.802955],[148.656208,-35.800754],[148.655364,-35.801656],[148.652993,-35.803868],[148.651662,-35.804871],[148.651284,-35.804689],[148.651236,-35.803764],[148.651035,-35.803336],[148.651059,-35.801408],[148.650827,-35.800995],[148.650578,-35.799774],[148.65019,-35.799571],[148.650424,-35.798526],[148.651215,-35.79815],[148.651621,-35.79765],[148.651151,-35.796562],[148.651166,-35.795781],[148.652761,-35.795576],[148.652782,-35.795055],[148.652246,-35.793864],[148.651784,-35.793167],[148.650981,-35.792996],[148.650623,-35.792688],[148.650611,-35.792116],[148.650959,-35.791955],[148.651241,-35.791677],[148.651169,-35.791287],[148.65078,-35.791006],[148.650967,-35.790795],[148.651413,-35.790685],[148.651887,-35.790444],[148.65223,-35.790023],[148.652253,-35.789579],[148.651929,-35.789376],[148.65093,-35.788999],[148.650508,-35.788666],[148.650275,-35.788252],[148.650047,-35.788021],[148.649371,-35.787796],[148.648729,-35.7877],[148.648285,-35.787863],[148.647909,-35.788206],[148.647696,-35.78873],[148.647286,-35.788996],[148.647218,-35.788841],[148.647532,-35.788524],[148.647574,-35.787482],[148.648041,-35.786902],[148.647905,-35.786487],[148.647718,-35.785162],[148.647319,-35.784425],[148.646734,-35.783938],[148.645974,-35.78275],[148.645486,-35.782366],[148.645068,-35.782215],[148.64487,-35.781932],[148.643729,-35.77929],[148.643152,-35.777657],[148.643229,-35.776757],[148.643101,-35.775196],[148.643307,-35.774334],[148.64449,-35.772781],[148.646211,-35.770986],[148.646992,-35.768592],[148.647012,-35.767993],[148.647259,-35.767599],[148.648466,-35.767217],[148.648616,-35.76672],[148.647799,-35.764335],[148.647133,-35.763016],[148.64671,-35.762631],[148.646032,-35.762302],[148.64568,-35.762306],[148.645401,-35.762701],[148.644987,-35.762785],[148.643463,-35.761725],[148.642918,-35.761628],[148.642536,-35.761711],[148.642221,-35.76195],[148.642069,-35.762317],[148.642082,-35.762968],[148.641901,-35.763465],[148.641521,-35.763653],[148.640612,-35.762962],[148.640154,-35.762447],[148.639766,-35.762192],[148.639415,-35.762223],[148.639006,-35.762567],[148.638852,-35.762856],[148.639822,-35.763389],[148.64002,-35.763699],[148.639785,-35.764692],[148.639482,-35.765504],[148.638658,-35.765854],[148.638212,-35.765938],[148.637712,-35.766466],[148.637452,-35.766261],[148.637634,-35.765763],[148.637557,-35.765139],[148.636912,-35.764862],[148.63627,-35.76474],[148.635605,-35.76501],[148.634682,-35.765231],[148.633114,-35.765096],[148.632798,-35.765308],[148.632747,-35.765908],[148.633094,-35.767284],[148.633915,-35.768315],[148.635346,-35.769519],[148.635516,-35.770025],[148.635242,-35.770706],[148.633214,-35.771567],[148.632481,-35.771681],[148.631299,-35.771697],[148.631337,-35.772009],[148.631955,-35.772496],[148.632249,-35.772831],[148.632257,-35.773195],[148.631814,-35.773436],[148.631407,-35.773858],[148.630337,-35.774654],[148.629967,-35.775336],[148.629881,-35.775806],[148.629695,-35.776095],[148.62967,-35.77646],[148.629294,-35.776804],[148.62937,-35.777389],[148.62895,-35.777186],[148.62818,-35.777066],[148.626677,-35.777035],[148.62598,-35.777305],[148.624622,-35.778156],[148.624018,-35.778295],[148.623917,-35.77845],[148.624473,-35.779636],[148.626546,-35.781198],[148.626924,-35.782349],[148.625088,-35.783675],[148.620185,-35.78685],[148.615432,-35.788721],[148.61075,-35.789723],[148.607653,-35.790126],[148.605978,-35.790655],[148.603001,-35.792646],[148.601323,-35.79303],[148.596619,-35.792948],[148.593676,-35.792192],[148.592415,-35.791196],[148.59124,-35.790128],[148.589193,-35.789793],[148.587596,-35.789814],[148.585194,-35.789485],[148.582343,-35.788872],[148.579832,-35.787531],[148.577845,-35.78575],[148.576927,-35.784172],[148.574488,-35.781963],[148.573667,-35.780817],[148.572333,-35.780618],[148.57181,-35.780756],[148.57213,-35.781677],[148.572428,-35.782169],[148.572433,-35.782456],[148.571832,-35.782856],[148.571645,-35.783119],[148.570789,-35.783548],[148.570251,-35.783921],[148.568964,-35.78365],[148.568487,-35.783813],[148.568172,-35.784131],[148.568119,-35.784653],[148.568288,-35.785121],[148.568746,-35.785611],[148.568881,-35.785949],[148.569177,-35.786337],[148.568992,-35.786705],[148.569161,-35.787146],[148.570432,-35.788227],[148.570618,-35.78953],[148.571013,-35.790047],[148.571628,-35.790378],[148.572722,-35.790625],[148.573113,-35.790933],[148.573442,-35.791373],[148.57348,-35.791685],[148.573272,-35.792498],[148.57302,-35.79271],[148.572878,-35.793652],[148.572984,-35.794146],[148.572074,-35.795111],[148.572019,-35.795582],[148.572579,-35.796332],[148.572991,-35.797763],[148.573546,-35.798251],[148.57419,-35.798426],[148.57484,-35.798887],[148.575455,-35.799166],[148.577032,-35.799485],[148.578391,-35.800146],[148.580239,-35.801219],[148.581999,-35.802697],[148.582168,-35.803112],[148.582107,-35.804889],[148.582181,-35.80541],[148.582631,-35.807075],[148.583536,-35.807455],[148.585779,-35.807425],[148.586326,-35.807549],[148.58699,-35.808663],[148.587896,-35.809107],[148.587907,-35.80963],[148.585414,-35.810997],[148.58392,-35.811616],[148.583289,-35.811567],[148.582757,-35.81126],[148.582195,-35.811182],[148.581482,-35.810535],[148.58004,-35.81024],[148.578113,-35.810209],[148.577208,-35.810506],[148.576335,-35.810603],[148.574488,-35.811055],[148.573444,-35.81144],[148.571921,-35.812344],[148.570437,-35.813476],[148.569501,-35.813916],[148.568803,-35.814068],[148.567832,-35.814537],[148.56711,-35.815259],[148.566397,-35.81641],[148.56595,-35.816844],[148.565646,-35.81739],[148.565526,-35.818418],[148.564975,-35.818882],[148.565068,-35.820079],[148.564593,-35.820827],[148.564284,-35.821145],[148.563947,-35.821848],[148.563515,-35.823023],[148.563388,-35.823681],[148.563432,-35.824165],[148.563211,-35.825395],[148.563711,-35.825902],[148.563858,-35.826242],[148.565288,-35.827707],[148.566942,-35.829868],[148.566944,-35.829982],[148.566075,-35.830307],[148.565942,-35.830651],[148.56613,-35.831305],[148.566,-35.83182],[148.564657,-35.833036],[148.563823,-35.833389],[148.56355,-35.833735],[148.563239,-35.833967],[148.562366,-35.834093],[148.561391,-35.834391],[148.559192,-35.834819],[148.557891,-35.83455],[148.557365,-35.834557],[148.556846,-35.834906],[148.556184,-35.835086],[148.555386,-35.835467],[148.553486,-35.836847],[148.552165,-35.837349],[148.550743,-35.838137],[148.548625,-35.839106],[148.548317,-35.839452],[148.547851,-35.840714],[148.547404,-35.841147],[148.546539,-35.841758],[148.54529,-35.842344],[148.543337,-35.842826],[148.542776,-35.842833],[148.541632,-35.843461],[148.541256,-35.843951],[148.541035,-35.84518],[148.540144,-35.846219],[148.53912,-35.84763],[148.534596,-35.849257],[148.533793,-35.849381],[148.530273,-35.850396],[148.530112,-35.851111],[148.529873,-35.851428],[148.529215,-35.85185],[148.527084,-35.854045],[148.525633,-35.855119],[148.525009,-35.855441],[148.524664,-35.855731],[148.524497,-35.856189],[148.524547,-35.856959],[148.524861,-35.858724],[148.524696,-35.859239],[148.52328,-35.860327],[148.520921,-35.861584],[148.52005,-35.861851],[148.519595,-35.861886],[148.516822,-35.86349],[148.515847,-35.863816],[148.515253,-35.863909],[148.514411,-35.863863],[148.512999,-35.863367],[148.512265,-35.863462],[148.511193,-35.864203],[148.510602,-35.864467],[148.509903,-35.864561],[148.509163,-35.864342],[148.508497,-35.864351],[148.507729,-35.864503],[148.506713,-35.864516],[148.505728,-35.864357],[148.503627,-35.864412],[148.502165,-35.864944],[148.501544,-35.865493],[148.501172,-35.866183],[148.500621,-35.866703],[148.500028,-35.866882],[148.498517,-35.866644],[148.497149,-35.866604],[148.496122,-35.864192],[148.493775,-35.860512],[148.492615,-35.858458],[148.490636,-35.853804],[148.490441,-35.852751],[148.490522,-35.851466],[148.490722,-35.85095],[148.491201,-35.848448],[148.491228,-35.846166],[148.491439,-35.842426],[148.491185,-35.840104],[148.490216,-35.837006],[148.489721,-35.834901],[148.489703,-35.833931],[148.49003,-35.832658],[148.495686,-35.818566],[148.496215,-35.816905],[148.496458,-35.814919],[148.496194,-35.804581],[148.49645,-35.803294],[148.497123,-35.80183],[148.498179,-35.800248],[148.499362,-35.798022],[148.500905,-35.792526],[148.501275,-35.791722],[148.501953,-35.79053],[148.502984,-35.789518],[148.503812,-35.78888],[148.50568,-35.787659],[148.506922,-35.786673],[148.507969,-35.784663],[148.508396,-35.783174],[148.508945,-35.780728],[148.509824,-35.779062],[148.511023,-35.77765],[148.51209,-35.776723],[148.513579,-35.77582],[148.516076,-35.774619],[148.51902,-35.772941],[148.520123,-35.772043],[148.520806,-35.77115],[148.521449,-35.769972],[148.521775,-35.768684],[148.521791,-35.767714],[148.521549,-35.766034],[148.520859,-35.764716],[148.517742,-35.760933],[148.51698,-35.759544],[148.516612,-35.758608],[148.516455,-35.757697],[148.516498,-35.756284],[148.516862,-35.755138],[148.520975,-35.746941],[148.522314,-35.743176],[148.522676,-35.740667],[148.522972,-35.739303],[148.523671,-35.737601],[148.527356,-35.729885],[148.530488,-35.72387],[148.531076,-35.722503],[148.531346,-35.721307],[148.531352,-35.720079],[148.530939,-35.718414],[148.530334,-35.717349],[148.529434,-35.716191],[148.528305,-35.715275],[148.527124,-35.71467],[148.525946,-35.714232],[148.524565,-35.713927],[148.523217,-35.713801],[148.518332,-35.71372],[148.516924,-35.713547],[148.515395,-35.713113],[148.51454,-35.71273],[148.509334,-35.708096],[148.505703,-35.704719],[148.505102,-35.703892],[148.500994,-35.700031],[148.499089,-35.696679],[148.498013,-35.695452],[148.496559,-35.694278],[148.49499,-35.693248],[148.493129,-35.692245],[148.491708,-35.691321],[148.489126,-35.689253],[148.487957,-35.687717],[148.487137,-35.686058],[148.486636,-35.684287],[148.486458,-35.680974],[148.485797,-35.675293],[148.485211,-35.672056],[148.484834,-35.670689],[148.48438,-35.669836],[148.483638,-35.669225],[148.482193,-35.668551],[148.480279,-35.667787],[148.476632,-35.666568],[148.475689,-35.66615],[148.474799,-35.665469],[148.474412,-35.665044],[148.474021,-35.664441],[148.473167,-35.662543],[148.471752,-35.660294],[148.469785,-35.658219],[148.468865,-35.657479],[148.46541,-35.655541],[148.463453,-35.653967],[148.463179,-35.653374],[148.462817,-35.65116],[148.462467,-35.649602],[148.462152,-35.648365],[148.461907,-35.647724],[148.461278,-35.646897],[148.459737,-35.645699],[148.458589,-35.645284],[148.456449,-35.644904],[148.452963,-35.644445],[148.450557,-35.643914],[148.448335,-35.643821],[148.447489,-35.643903],[148.445801,-35.644305],[148.443186,-35.645147],[148.439696,-35.646083],[148.438593,-35.646502],[148.436942,-35.647285],[148.436394,-35.647721],[148.435642,-35.648159],[148.434893,-35.648765],[148.434235,-35.649536],[148.432898,-35.651579],[148.432388,-35.652516],[148.431874,-35.653178],[148.431012,-35.653975],[148.429252,-35.65526],[148.428409,-35.655557],[148.426809,-35.655933],[148.424515,-35.656772],[148.422014,-35.657517],[148.419577,-35.658511],[148.416874,-35.659402],[148.415657,-35.660013],[148.412319,-35.66134],[148.409297,-35.662341],[148.404615,-35.663708],[148.401168,-35.663796],[148.399468,-35.663565],[148.397026,-35.662639],[148.39369,-35.660746],[148.392771,-35.659993],[148.391458,-35.658434],[148.389683,-35.655509],[148.389349,-35.654797],[148.389127,-35.653774],[148.388807,-35.650533],[148.388196,-35.648966],[148.387743,-35.648112],[148.387159,-35.646449],[148.387027,-35.645616],[148.387216,-35.64299],[148.386923,-35.63957],[148.386698,-35.638404],[148.386642,-35.636878],[148.387006,-35.63592],[148.389004,-35.633189],[148.389825,-35.629983],[148.390131,-35.629121],[148.390154,-35.628715],[148.390004,-35.626845],[148.388878,-35.62421],[148.388821,-35.619261],[148.388453,-35.618215],[148.387796,-35.617412],[148.387027,-35.616848],[148.3862,-35.616333],[148.384078,-35.615284],[148.383338,-35.61472],[148.382531,-35.613644],[148.382165,-35.612718],[148.381098,-35.60846],[148.380733,-35.60763],[148.380466,-35.60737],[148.380104,-35.606718],[148.377021,-35.604082],[148.375595,-35.602643],[148.372693,-35.600315],[148.372043,-35.599881],[148.370366,-35.599208],[148.368843,-35.598915],[148.367585,-35.59881],[148.36522,-35.598837],[148.364078,-35.598659],[148.360721,-35.597039],[148.357456,-35.595669],[148.354629,-35.594293],[148.353682,-35.593564],[148.352792,-35.592739],[148.35049,-35.589557],[148.350127,-35.588845],[148.3498,-35.588515],[148.349241,-35.588259],[148.348408,-35.587362],[148.347997,-35.587223],[148.347589,-35.587275],[148.346897,-35.587808],[148.346519,-35.587908],[148.345552,-35.587656],[148.34532,-35.587754],[148.345061,-35.587996],[148.344626,-35.588167],[148.342937,-35.588449],[148.342589,-35.588643],[148.341655,-35.588654],[148.341003,-35.588077],[148.340445,-35.587916],[148.339914,-35.58754],[148.339812,-35.58673],[148.339628,-35.58616],[148.339182,-35.585711],[148.339117,-35.58533],[148.339201,-35.585091],[148.340183,-35.58446],[148.340179,-35.584174],[148.339676,-35.583774],[148.339116,-35.58347],[148.338501,-35.583405],[148.338119,-35.583266],[148.337735,-35.58296],[148.337254,-35.582155],[148.336422,-35.581305],[148.335512,-35.580993],[148.334724,-35.581026],[148.333379,-35.580921],[148.332489,-35.580048],[148.332109,-35.580029],[148.331585,-35.580154],[148.33118,-35.580373],[148.330597,-35.580427],[148.329572,-35.580271],[148.328257,-35.580191],[148.327998,-35.580408],[148.327125,-35.580608],[148.326806,-35.580755],[148.326291,-35.581381],[148.325882,-35.581338],[148.325441,-35.581176],[148.324612,-35.580493],[148.323325,-35.58034],[148.322804,-35.580608],[148.321522,-35.580813],[148.320598,-35.581443],[148.3199,-35.581618],[148.318149,-35.581661],[148.317443,-35.581359],[148.317173,-35.580908],[148.31722,-35.580216],[148.317388,-35.579761],[148.317559,-35.579544],[148.316814,-35.578622],[148.316343,-35.578341],[148.315719,-35.57768],[148.315037,-35.578832],[148.314986,-35.579286],[148.314759,-35.579694],[148.314385,-35.580032],[148.313614,-35.581114],[148.312666,-35.582055],[148.312555,-35.582438],[148.312705,-35.582663],[148.313469,-35.582964],[148.313479,-35.583608],[148.313336,-35.583753],[148.312665,-35.583784],[148.312435,-35.584001],[148.312269,-35.584576],[148.311493,-35.585348],[148.310484,-35.586122],[148.309788,-35.586463],[148.308693,-35.587358],[148.306279,-35.58798],[148.305121,-35.588565],[148.304697,-35.589429],[148.304679,-35.590121],[148.304429,-35.590923],[148.303894,-35.592145],[148.303581,-35.592649],[148.302338,-35.593474],[148.301476,-35.594342],[148.300928,-35.594753],[148.300854,-35.595613],[148.301492,-35.597109],[148.301564,-35.597943],[148.301063,-35.601264],[148.301096,-35.603315],[148.301206,-35.604721],[148.300711,-35.608388],[148.301036,-35.608647],[148.302466,-35.60856],[148.30317,-35.608744],[148.304463,-35.609231],[148.30514,-35.609509],[148.305494,-35.609768],[148.30626,-35.610141],[148.307266,-35.610942],[148.308089,-35.611243],[148.30827,-35.611599],[148.308161,-35.612077],[148.307872,-35.612271],[148.307759,-35.612499],[148.308166,-35.614164],[148.308055,-35.614547],[148.307533,-35.614767],[148.306985,-35.615179],[148.306817,-35.615634],[148.30691,-35.615967],[148.307915,-35.616671],[148.307794,-35.618223],[148.308159,-35.61915],[148.310075,-35.620143],[148.311022,-35.62092],[148.311203,-35.621252],[148.311033,-35.621611],[148.310598,-35.621759],[148.310043,-35.621789],[148.309114,-35.622157],[148.308974,-35.622516],[148.309072,-35.623183],[148.308651,-35.624237],[148.308365,-35.624598],[148.307812,-35.624747],[148.30706,-35.625185],[148.306918,-35.625473],[148.306659,-35.625702],[148.306724,-35.626083],[148.307086,-35.626818],[148.307151,-35.627199],[148.306516,-35.627683],[148.306416,-35.62871],[148.305896,-35.629098],[148.305531,-35.62996],[148.305373,-35.631035],[148.305788,-35.631436],[148.307264,-35.632327],[148.307414,-35.6326],[148.308624,-35.633326],[148.309691,-35.634268],[148.309871,-35.634529],[148.309907,-35.634934],[148.309805,-35.635865],[148.309933,-35.636508],[148.310287,-35.636743],[148.310696,-35.636738],[148.311021,-35.636973],[148.311756,-35.637252],[148.312319,-35.637723],[148.312237,-35.638034],[148.311947,-35.638156],[148.311634,-35.638684],[148.31111,-35.638833],[148.310737,-35.639219],[148.30978,-35.639718],[148.309667,-35.639958],[148.309735,-35.64053],[148.309423,-35.641106],[148.3094,-35.641488],[148.309522,-35.641796],[148.309789,-35.642008],[148.310287,-35.642098],[148.310586,-35.6425],[148.311144,-35.642661],[148.311292,-35.642803],[148.311241,-35.643257],[148.311487,-35.643993],[148.31153,-35.644876],[148.311681,-35.645136],[148.312004,-35.645228],[148.312818,-35.644981],[148.313257,-35.645],[148.314284,-35.645251],[148.313357,-35.645762],[148.31316,-35.646253],[148.313167,-35.646683],[148.312707,-35.647117],[148.312367,-35.647765],[148.312078,-35.647959],[148.311728,-35.64801],[148.311732,-35.648273],[148.311912,-35.648533],[148.311773,-35.648988],[148.311515,-35.649277],[148.311404,-35.64966],[148.311556,-35.65004],[148.31258,-35.650076],[148.313044,-35.649856],[148.313833,-35.649872],[148.314186,-35.649987],[148.314252,-35.650463],[148.314156,-35.651729],[148.314307,-35.652061],[148.314602,-35.652201],[148.314577,-35.652488],[148.314289,-35.652705],[148.31386,-35.653294],[148.313866,-35.653628],[148.314019,-35.65408],[148.314344,-35.654267],[148.314695,-35.654311],[148.314757,-35.654525],[148.314068,-35.655296],[148.313693,-35.655586],[148.313554,-35.655993],[148.313852,-35.656372],[148.315381,-35.656928],[148.315942,-35.657303],[148.31604,-35.657922],[148.316249,-35.658158],[148.31663,-35.65825],[148.316809,-35.658462],[148.316917,-35.659678],[148.316867,-35.660191],[148.317046,-35.660404],[148.318361,-35.66039],[148.318713,-35.660505],[148.319503,-35.660544],[148.32018,-35.660799],[148.320616,-35.660699],[148.321254,-35.660382],[148.321686,-35.659995],[148.321795,-35.659517],[148.323441,-35.658306],[148.324138,-35.658012],[148.325277,-35.657976],[148.326268,-35.657774],[148.326992,-35.657408],[148.327741,-35.65672],[148.328171,-35.656191],[148.328443,-35.654995],[148.328947,-35.653654],[148.33019,-35.652853],[148.330881,-35.652201],[148.331435,-35.652123],[148.33205,-35.652188],[148.332809,-35.652156],[148.333827,-35.651835],[148.333221,-35.652295],[148.332698,-35.652515],[148.332056,-35.65257],[148.331474,-35.652719],[148.331039,-35.652939],[148.330548,-35.653278],[148.330176,-35.653736],[148.329752,-35.654599],[148.329675,-35.655268],[148.329743,-35.655863],[148.330108,-35.65667],[148.330085,-35.657076],[148.329798,-35.657389],[148.329721,-35.658034],[148.329176,-35.658637],[148.328509,-35.658978],[148.327809,-35.659081],[148.327258,-35.65935],[148.326508,-35.65993],[148.325761,-35.660726],[148.325032,-35.660829],[148.324831,-35.661022],[148.32438,-35.662029],[148.323977,-35.662439],[148.323394,-35.662541],[148.3227,-35.662954],[148.322167,-35.664343],[148.321848,-35.664466],[148.321379,-35.664424],[148.320001,-35.664129],[148.319388,-35.664183],[148.319128,-35.664412],[148.319342,-35.664983],[148.320111,-35.665475],[148.320522,-35.665638],[148.32076,-35.66585],[148.321393,-35.667012],[148.32175,-35.667389],[148.321852,-35.668247],[148.322155,-35.668935],[148.322083,-35.66989],[148.322208,-35.670342],[148.322385,-35.67046],[148.322793,-35.670383],[148.323778,-35.669848],[148.324099,-35.66982],[148.324424,-35.670032],[148.3249,-35.670527],[148.325281,-35.670547],[148.327071,-35.669239],[148.327972,-35.668895],[148.329245,-35.668094],[148.329569,-35.668257],[148.329573,-35.668472],[148.329343,-35.668737],[148.328793,-35.669077],[148.328448,-35.669415],[148.328481,-35.669653],[148.329163,-35.670218],[148.328843,-35.670293],[148.328228,-35.670252],[148.327909,-35.670399],[148.327681,-35.670735],[148.327662,-35.671368],[148.32846,-35.671884],[148.32858,-35.672073],[148.328614,-35.672359],[148.328442,-35.672575],[148.328151,-35.672674],[148.328067,-35.67289],[148.328196,-35.673604],[148.328023,-35.673725],[148.327553,-35.673611],[148.326854,-35.673762],[148.326527,-35.673455],[148.326352,-35.673457],[148.326334,-35.674173],[148.326428,-35.674554],[148.32743,-35.67502],[148.327463,-35.675234],[148.327036,-35.675907],[148.326371,-35.676391],[148.326317,-35.676678],[148.326409,-35.676915],[148.327627,-35.678107],[148.328276,-35.678457],[148.328192,-35.678673],[148.327875,-35.678939],[148.327882,-35.679344],[148.328069,-35.680034],[148.327727,-35.68061],[148.327748,-35.681874],[148.327431,-35.682116],[148.327466,-35.682498],[148.326945,-35.682813],[148.326948,-35.683004],[148.327187,-35.683264],[148.327189,-35.683407],[148.325567,-35.684331],[148.324904,-35.684875],[148.324331,-35.685621],[148.324335,-35.685836],[148.324574,-35.686167],[148.324498,-35.686884],[148.324569,-35.687646],[148.324804,-35.687715],[148.325968,-35.687368],[148.326816,-35.687359],[148.32682,-35.687621],[148.326485,-35.688532],[148.326545,-35.688674],[148.327224,-35.689072],[148.327822,-35.689853],[148.327915,-35.690138],[148.327889,-35.690377],[148.327686,-35.690427],[148.32686,-35.69003],[148.326363,-35.690012],[148.325782,-35.690281],[148.325612,-35.690593],[148.325424,-35.691597],[148.325817,-35.692391],[148.325916,-35.693034],[148.325524,-35.694088],[148.324949,-35.694715],[148.324836,-35.694954],[148.32496,-35.695335],[148.326516,-35.695699],[148.32792,-35.695779],[148.328156,-35.695872],[148.328246,-35.696014],[148.32822,-35.696205],[148.327877,-35.69671],[148.327653,-35.697261],[148.327335,-35.697503],[148.326926,-35.697508],[148.32666,-35.697367],[148.326044,-35.697255],[148.325464,-35.697524],[148.324759,-35.697317],[148.324437,-35.697344],[148.324265,-35.697537],[148.32421,-35.697752],[148.324423,-35.698275],[148.32411,-35.698767],[148.323234,-35.698848],[148.32304,-35.699495],[148.322524,-35.700144],[148.322502,-35.70055],[148.32286,-35.701023],[148.323273,-35.701186],[148.323858,-35.701227],[148.324359,-35.70146],[148.325101,-35.70212],[148.325425,-35.702259],[148.325777,-35.702327],[148.326765,-35.70191],[148.327148,-35.702073],[148.327443,-35.702285],[148.327746,-35.702878],[148.328074,-35.70328],[148.32837,-35.703491],[148.328897,-35.703533],[148.329217,-35.70341],[148.330023,-35.702662],[148.330316,-35.702682],[148.330672,-35.702988],[148.331173,-35.703198],[148.332109,-35.703235],[148.334559,-35.70285],[148.335867,-35.70237],[148.336774,-35.702384],[148.337848,-35.701919],[148.338053,-35.701917],[148.337883,-35.702229],[148.337335,-35.702688],[148.3356,-35.703852],[148.334991,-35.704169],[148.334645,-35.704459],[148.334387,-35.70482],[148.333632,-35.705138],[148.333258,-35.7055],[148.332908,-35.705528],[148.332526,-35.705413],[148.332021,-35.704989],[148.331036,-35.705549],[148.330372,-35.706033],[148.330143,-35.706322],[148.33054,-35.707343],[148.330072,-35.707348],[148.329637,-35.707592],[148.32879,-35.707649],[148.328273,-35.708227],[148.328398,-35.708727],[148.328811,-35.708889],[148.329166,-35.709147],[148.332365,-35.70984],[148.333273,-35.709925],[148.333829,-35.709895],[148.334528,-35.70972],[148.334995,-35.709715],[148.335622,-35.710448],[148.336036,-35.710729],[148.337059,-35.710694],[148.337237,-35.710859],[148.337241,-35.711097],[148.337424,-35.711549],[148.337962,-35.712211],[148.339875,-35.712905],[148.340208,-35.713617],[148.340534,-35.713876],[148.341092,-35.714012],[148.341922,-35.714647],[148.342636,-35.715391],[148.343444,-35.716455],[148.345006,-35.717177],[148.34568,-35.717217],[148.345917,-35.717406],[148.34595,-35.71762],[148.345808,-35.71786],[148.345958,-35.718097],[148.346428,-35.718211],[148.346783,-35.718469],[148.346727,-35.718637],[148.346405,-35.718617],[148.345317,-35.718271],[148.344871,-35.717847],[148.343843,-35.717548],[148.341691,-35.716594],[148.341245,-35.716146],[148.340861,-35.715888],[148.338893,-35.715409],[148.337123,-35.714522],[148.33583,-35.714178],[148.33554,-35.714277],[148.335326,-35.715496],[148.335045,-35.716167],[148.334467,-35.716627],[148.334124,-35.717107],[148.334129,-35.717418],[148.334988,-35.718052],[148.335786,-35.71852],[148.33602,-35.718542],[148.336496,-35.718989],[148.336976,-35.719747],[148.337424,-35.720267],[148.338086,-35.721357],[148.33851,-35.722271],[148.33893,-35.722862],[148.339346,-35.723263],[148.34209,-35.724688],[148.343142,-35.724605],[148.343645,-35.724933],[148.343679,-35.725219],[148.344134,-35.726192],[148.344177,-35.727026],[148.3443,-35.727359],[148.344981,-35.727852],[148.34387,-35.727864],[148.343143,-35.728135],[148.343123,-35.728672],[148.343511,-35.729121],[148.344371,-35.729851],[148.344432,-35.729993],[148.342887,-35.730344],[148.342424,-35.730636],[148.341777,-35.732146],[148.341669,-35.732672],[148.341645,-35.73303],[148.341741,-35.733506],[148.341893,-35.733814],[148.341696,-35.734293],[148.341346,-35.734393],[148.340912,-35.73466],[148.340741,-35.734924],[148.340582,-35.735892],[148.340824,-35.736414],[148.341272,-35.736958],[148.341159,-35.73715],[148.340897,-35.737248],[148.340368,-35.737087],[148.33993,-35.737164],[148.339643,-35.737477],[148.338946,-35.737819],[148.338864,-35.73813],[148.339248,-35.738388],[148.339341,-35.738673],[148.339114,-35.739129],[148.33897,-35.73925],[148.338835,-35.739919],[148.33826,-35.740522],[148.338383,-35.740878],[148.33862,-35.741042],[148.339249,-35.741894],[148.339839,-35.742234],[148.340398,-35.742394],[148.340667,-35.742725],[148.341546,-35.742787],[148.342215,-35.742541],[148.343881,-35.742475],[148.344609,-35.742276],[148.344642,-35.742466],[148.343803,-35.743072],[148.343866,-35.743286],[148.344221,-35.74352],[148.344433,-35.743947],[148.344625,-35.744947],[148.345161,-35.74549],[148.345138,-35.745848],[148.344908,-35.746113],[148.344573,-35.747047],[148.344677,-35.748048],[148.344948,-35.748474],[148.345301,-35.748589],[148.346003,-35.748593],[148.345862,-35.748929],[148.345576,-35.749266],[148.345141,-35.749557],[148.344944,-35.749965],[148.344893,-35.750419],[148.344475,-35.751711],[148.344717,-35.752162],[148.345158,-35.752252],[148.347786,-35.751913],[148.348427,-35.751763],[148.349278,-35.751896],[148.349661,-35.752059],[148.350276,-35.752076],[148.350742,-35.751999],[148.352182,-35.752341],[148.353267,-35.752448],[148.354078,-35.753715],[148.354027,-35.754121],[148.354304,-35.754929],[148.354195,-35.755431],[148.353938,-35.755792],[148.353888,-35.756293],[148.3539,-35.756985],[148.354058,-35.757675],[148.354294,-35.757815],[148.354646,-35.757859],[148.355143,-35.757806],[148.355641,-35.757871],[148.355966,-35.758059],[148.356298,-35.758651],[148.356392,-35.759032],[148.356628,-35.759125],[148.357066,-35.759072],[148.357443,-35.758853],[148.357938,-35.758704],[148.358639,-35.758649],[148.360461,-35.759057],[148.362188,-35.759109],[148.362441,-35.75851],[148.362993,-35.758265],[148.363532,-35.758963],[148.364443,-35.759191],[148.364652,-35.759404],[148.365033,-35.759447],[148.365293,-35.759253],[148.365701,-35.759177],[148.365705,-35.759392],[148.365533,-35.759632],[148.365539,-35.759966],[148.365778,-35.760226],[148.366071,-35.76027],[148.366856,-35.759951],[148.367558,-35.759919],[148.368236,-35.760198],[148.36868,-35.760527],[148.36892,-35.760834],[148.36945,-35.761019],[148.371032,-35.76112],[148.371498,-35.761019],[148.371725,-35.760587],[148.372041,-35.76025],[148.372477,-35.760102],[148.372799,-35.760098],[148.373778,-35.760838],[148.374363,-35.760855],[148.375003,-35.760633],[148.376191,-35.759904],[148.376822,-35.759157],[148.377139,-35.758891],[148.377632,-35.758647],[148.376975,-35.759561],[148.377009,-35.759847],[148.377369,-35.760344],[148.377372,-35.760535],[148.376759,-35.760589],[148.375867,-35.761506],[148.374759,-35.761757],[148.373402,-35.761105],[148.372866,-35.760586],[148.372397,-35.76052],[148.371857,-35.761456],[148.37017,-35.762048],[148.370027,-35.762288],[148.369299,-35.762511],[148.368807,-35.762779],[148.36818,-35.763764],[148.367881,-35.765151],[148.368031,-35.765364],[148.368591,-35.765573],[148.36892,-35.765998],[148.368987,-35.766451],[148.368934,-35.766809],[148.369085,-35.767046],[148.369618,-35.76741],[148.370296,-35.767736],[148.370737,-35.76785],[148.371173,-35.767678],[148.371582,-35.767626],[148.371906,-35.767741],[148.372204,-35.768048],[148.373405,-35.768082],[148.373988,-35.767956],[148.374551,-35.768331],[148.375286,-35.768561],[148.375615,-35.768939],[148.375646,-35.769082],[148.375658,-35.769774],[148.375501,-35.770849],[148.375783,-35.771943],[148.377255,-35.772403],[148.377665,-35.772399],[148.378388,-35.771913],[148.378279,-35.772391],[148.378312,-35.772582],[148.378578,-35.772746],[148.3803,-35.772476],[148.381209,-35.772537],[148.382595,-35.773141],[148.382714,-35.773259],[148.382809,-35.773687],[148.383108,-35.774018],[148.382741,-35.774809],[148.382749,-35.775262],[148.382275,-35.776651],[148.382112,-35.777393],[148.382268,-35.777939],[148.382799,-35.778172],[148.383679,-35.778305],[148.384151,-35.77849],[148.384694,-35.779414],[148.384716,-35.78069],[148.385002,-35.781975],[148.385352,-35.781899],[148.385895,-35.78113],[148.386274,-35.781054],[148.386336,-35.781244],[148.386017,-35.781438],[148.385442,-35.782018],[148.385092,-35.782093],[148.384651,-35.781979],[148.384348,-35.78141],[148.384155,-35.78041],[148.383691,-35.778961],[148.383396,-35.778821],[148.382518,-35.778831],[148.38193,-35.778718],[148.381485,-35.778342],[148.381235,-35.777462],[148.381326,-35.775958],[148.381627,-35.774715],[148.381502,-35.774239],[148.380288,-35.77349],[148.378504,-35.773558],[148.377713,-35.773495],[148.37727,-35.773262],[148.376564,-35.773055],[148.375954,-35.773325],[148.375695,-35.77359],[148.375736,-35.774257],[148.375625,-35.77464],[148.375332,-35.77462],[148.374915,-35.774219],[148.373497,-35.773436],[148.373165,-35.772891],[148.373123,-35.772128],[148.373516,-35.771146],[148.373596,-35.770668],[148.373474,-35.770407],[148.372853,-35.770056],[148.372386,-35.770085],[148.371838,-35.770593],[148.371513,-35.770429],[148.370369,-35.770252],[148.369631,-35.769926],[148.368808,-35.769697],[148.368037,-35.769133],[148.367516,-35.767756],[148.367281,-35.767687],[148.367682,-35.767157],[148.367674,-35.766704],[148.367523,-35.766432],[148.366722,-35.76582],[148.366482,-35.765489],[148.366499,-35.764726],[148.36683,-35.763577],[148.366646,-35.763054],[148.36605,-35.762465],[148.365637,-35.762255],[148.36479,-35.76236],[148.364062,-35.762559],[148.3635,-35.762255],[148.363229,-35.761805],[148.3627,-35.761644],[148.362084,-35.761603],[148.36159,-35.761752],[148.360632,-35.762264],[148.359824,-35.762917],[148.358281,-35.763388],[148.357289,-35.763542],[148.356703,-35.763513],[148.356324,-35.763636],[148.356093,-35.76383],[148.356041,-35.764164],[148.356289,-35.764996],[148.356739,-35.765635],[148.357681,-35.765959],[148.357953,-35.76648],[148.358036,-35.767935],[148.35837,-35.768599],[148.358785,-35.768952],[148.36026,-35.769603],[148.360708,-35.770147],[148.360901,-35.771158],[148.360912,-35.771802],[148.360658,-35.772354],[148.360112,-35.772956],[148.359513,-35.773869],[148.359202,-35.774493],[148.358626,-35.775072],[148.357783,-35.775416],[148.357022,-35.775424],[148.356234,-35.775576],[148.355769,-35.775772],[148.35554,-35.776061],[148.355575,-35.776418],[148.355815,-35.77675],[148.356036,-35.777666],[148.356573,-35.77828],[148.356638,-35.778637],[148.357305,-35.779989],[148.357614,-35.78094],[148.357685,-35.781702],[148.357025,-35.782497],[148.356332,-35.783029],[148.355548,-35.78342],[148.355198,-35.783471],[148.354639,-35.783335],[148.354178,-35.783745],[148.354009,-35.784177],[148.354222,-35.784615],[148.354082,-35.785023],[148.35409,-35.785476],[148.354662,-35.786423],[148.354729,-35.7869],[148.354735,-35.788975],[148.354862,-35.789594],[148.354944,-35.790952],[148.355393,-35.791556],[148.355485,-35.791793],[148.355435,-35.792295],[148.355679,-35.792864],[148.356191,-35.793717],[148.357569,-35.795538],[148.358232,-35.796652],[148.358923,-35.799387],[148.359408,-35.800384],[148.359576,-35.801646],[148.359057,-35.803823],[148.359038,-35.804419],[148.359708,-35.805926],[148.360417,-35.806324],[148.362944,-35.808537],[148.363304,-35.80901],[148.363697,-35.809769],[148.365006,-35.810923],[148.365101,-35.811352],[148.365066,-35.812747],[148.365366,-35.813149],[148.365436,-35.813817],[148.365654,-35.814601],[148.365665,-35.815197],[148.365851,-35.815839],[148.366062,-35.816195],[148.366717,-35.816808],[148.36699,-35.817329],[148.366321,-35.817647],[148.366241,-35.818101],[148.366382,-35.819483],[148.366627,-35.820077],[148.366618,-35.821293],[148.366196,-35.8223],[148.365135,-35.823624],[148.364853,-35.824247],[148.364622,-35.824441],[148.36345,-35.824382],[148.3623,-35.823966],[148.36271,-35.823938],[148.363475,-35.824144],[148.364,-35.824018],[148.364462,-35.823655],[148.365067,-35.823076],[148.365755,-35.822162],[148.366122,-35.821394],[148.366109,-35.820655],[148.366223,-35.820415],[148.366039,-35.819988],[148.365743,-35.819753],[148.365884,-35.819441],[148.365839,-35.818535],[148.365359,-35.817873],[148.364824,-35.817425],[148.364634,-35.816593],[148.364517,-35.814877],[148.364118,-35.813832],[148.363788,-35.813382],[148.36366,-35.812692],[148.363414,-35.812051],[148.362825,-35.811866],[148.362109,-35.811052],[148.361689,-35.810484],[148.361624,-35.810127],[148.361356,-35.809867],[148.360393,-35.808304],[148.359735,-35.8075],[148.35932,-35.807243],[148.359226,-35.806886],[148.359017,-35.806626],[148.358602,-35.806344],[148.358362,-35.806013],[148.358086,-35.805277],[148.358376,-35.803353],[148.358334,-35.802638],[148.358124,-35.802307],[148.358141,-35.801615],[148.357628,-35.800714],[148.357232,-35.799812],[148.356845,-35.799435],[148.356419,-35.798485],[148.356324,-35.798081],[148.355634,-35.797075],[148.354906,-35.795628],[148.354637,-35.795297],[148.354048,-35.795089],[148.354331,-35.79449],[148.354234,-35.793966],[148.353345,-35.791614],[148.353164,-35.791306],[148.352081,-35.791319],[148.351727,-35.791156],[148.350773,-35.790153],[148.35059,-35.789701],[148.351864,-35.790617],[148.35245,-35.790611],[148.352768,-35.790369],[148.352816,-35.789796],[148.352442,-35.78844],[148.352142,-35.788014],[148.351896,-35.787301],[148.351825,-35.786586],[148.35158,-35.785945],[148.351281,-35.785543],[148.351184,-35.785043],[148.351188,-35.78354],[148.351123,-35.783148],[148.351286,-35.782406],[148.351485,-35.78207],[148.352272,-35.781847],[148.353109,-35.781169],[148.353488,-35.781046],[148.354252,-35.781228],[148.354659,-35.78108],[148.354563,-35.78058],[148.354582,-35.779984],[148.354343,-35.7797],[148.353753,-35.779421],[148.353864,-35.779038],[148.353798,-35.778609],[148.352927,-35.777307],[148.352713,-35.776785],[148.352724,-35.775723],[148.353039,-35.775266],[148.353678,-35.774973],[148.354615,-35.77501],[148.357114,-35.773932],[148.357517,-35.773522],[148.357785,-35.772112],[148.35772,-35.771707],[148.357244,-35.771235],[148.35473,-35.769713],[148.354159,-35.768849],[148.353857,-35.76828],[148.353791,-35.767875],[148.353872,-35.767421],[148.354183,-35.766773],[148.354318,-35.766128],[148.354104,-35.765582],[148.35363,-35.765253],[148.353306,-35.765137],[148.353043,-35.76514],[148.352929,-35.765332],[148.353054,-35.765808],[148.352941,-35.766024],[148.352822,-35.765954],[148.352362,-35.764695],[148.353111,-35.763971],[148.35316,-35.763422],[148.352318,-35.762095],[148.352076,-35.761621],[148.351949,-35.761074],[148.350875,-35.759845],[148.349699,-35.757759],[148.349672,-35.756162],[148.349894,-35.755491],[148.350267,-35.755034],[148.350761,-35.754813],[148.351315,-35.754712],[148.35137,-35.754497],[148.351073,-35.754261],[148.350397,-35.754078],[148.350049,-35.754225],[148.34856,-35.754457],[148.346986,-35.754832],[148.346823,-35.755573],[148.346858,-35.755883],[148.346372,-35.75658],[148.345589,-35.756994],[148.344132,-35.757369],[148.343323,-35.757998],[148.341449,-35.761406],[148.341276,-35.761575],[148.34113,-35.7616],[148.341124,-35.761219],[148.341782,-35.758587],[148.341903,-35.757107],[148.342419,-35.756457],[148.342473,-35.756171],[148.342343,-35.755432],[148.341722,-35.755058],[148.341599,-35.754701],[148.340947,-35.75416],[148.340825,-35.753923],[148.34011,-35.753132],[148.340018,-35.752894],[148.340445,-35.752198],[148.340856,-35.750499],[148.341054,-35.750092],[148.34096,-35.749735],[148.340575,-35.749429],[148.340658,-35.74919],[148.341066,-35.749066],[148.341264,-35.748658],[148.341318,-35.748371],[148.34111,-35.748183],[148.340282,-35.747691],[148.339864,-35.747219],[148.338574,-35.747066],[148.338251,-35.74695],[148.337095,-35.746093],[148.336885,-35.745785],[148.336534,-35.745765],[148.336033,-35.745556],[148.335346,-35.744728],[148.334935,-35.744661],[148.334492,-35.744404],[148.334221,-35.743954],[148.333822,-35.742813],[148.33344,-35.742722],[148.332593,-35.742827],[148.331539,-35.742791],[148.330595,-35.7423],[148.329922,-35.742308],[148.328745,-35.743704],[148.328672,-35.744564],[148.328556,-35.744661],[148.327919,-35.743284],[148.327265,-35.742647],[148.325624,-35.74251],[148.325428,-35.743037],[148.325194,-35.743016],[148.324486,-35.742714],[148.323925,-35.742362],[148.323195,-35.742489],[148.323023,-35.742682],[148.322939,-35.742898],[148.32333,-35.743585],[148.323302,-35.743657],[148.322244,-35.743382],[148.321255,-35.743727],[148.31989,-35.744339],[148.319366,-35.744464],[148.319043,-35.744443],[148.318244,-35.743856],[148.319121,-35.743822],[148.31981,-35.743051],[148.320178,-35.742284],[148.321455,-35.741674],[148.321683,-35.741266],[148.321438,-35.7406],[148.322027,-35.74088],[148.323258,-35.740962],[148.324631,-35.740828],[148.325501,-35.740365],[148.32575,-35.739527],[148.325954,-35.737688],[148.325561,-35.736953],[148.325346,-35.736335],[148.325108,-35.736099],[148.325281,-35.735907],[148.326107,-35.736375],[148.326547,-35.736417],[148.327977,-35.736211],[148.32798,-35.736378],[148.32778,-35.736666],[148.327845,-35.737047],[148.328055,-35.737355],[148.328468,-35.737589],[148.329996,-35.737954],[148.330757,-35.738017],[148.331778,-35.737815],[148.33262,-35.737424],[148.332907,-35.737087],[148.335068,-35.736824],[148.335934,-35.736123],[148.336544,-35.735877],[148.336947,-35.735515],[148.337775,-35.734289],[148.33791,-35.733572],[148.337817,-35.733287],[148.337341,-35.732791],[148.337366,-35.732576],[148.338003,-35.732164],[148.338435,-35.731753],[148.338575,-35.731346],[148.338615,-35.730296],[148.338895,-35.729506],[148.338886,-35.729005],[148.338672,-35.728435],[148.338376,-35.7282],[148.337703,-35.728231],[148.336994,-35.727786],[148.336582,-35.727671],[148.335354,-35.727709],[148.335063,-35.727807],[148.334654,-35.727812],[148.333655,-35.727584],[148.333623,-35.727394],[148.333852,-35.727105],[148.334162,-35.72641],[148.334067,-35.725958],[148.334179,-35.72567],[148.333821,-35.723456],[148.333871,-35.722978],[148.333986,-35.722834],[148.334007,-35.722345],[148.33362,-35.721967],[148.333182,-35.721972],[148.33106,-35.722807],[148.330681,-35.722882],[148.330183,-35.72284],[148.329544,-35.72311],[148.329048,-35.723211],[148.328294,-35.723553],[148.328122,-35.723769],[148.328072,-35.724295],[148.327872,-35.724559],[148.327436,-35.724755],[148.326853,-35.724905],[148.326473,-35.724909],[148.326125,-35.725056],[148.325636,-35.725586],[148.32544,-35.726113],[148.325182,-35.726426],[148.324978,-35.726476],[148.324916,-35.726238],[148.32493,-35.725331],[148.324804,-35.724808],[148.324567,-35.724596],[148.324068,-35.724506],[148.32331,-35.724645],[148.323365,-35.724454],[148.323881,-35.723804],[148.323963,-35.723469],[148.32325,-35.722786],[148.322799,-35.722075],[148.322352,-35.721555],[148.321997,-35.72132],[148.321439,-35.721183],[148.321055,-35.720973],[148.321138,-35.72071],[148.32178,-35.720595],[148.322244,-35.720363],[148.322966,-35.719807],[148.323135,-35.719376],[148.322892,-35.718877],[148.322507,-35.718548],[148.322766,-35.71833],[148.323378,-35.718156],[148.324478,-35.717476],[148.326429,-35.716966],[148.327182,-35.716481],[148.327997,-35.716281],[148.331048,-35.71503],[148.331479,-35.714572],[148.331561,-35.714261],[148.331524,-35.713785],[148.331344,-35.713524],[148.330932,-35.713362],[148.328768,-35.713362],[148.328531,-35.713198],[148.328435,-35.712674],[148.328252,-35.712223],[148.326598,-35.711287],[148.326189,-35.711268],[148.325693,-35.711392],[148.32526,-35.711683],[148.324358,-35.711979],[148.323947,-35.711889],[148.323503,-35.711607],[148.323233,-35.711205],[148.323432,-35.710845],[148.323838,-35.710626],[148.32392,-35.710291],[148.323886,-35.709981],[148.323411,-35.709533],[148.322731,-35.709135],[148.323334,-35.708437],[148.32409,-35.706424],[148.323935,-35.705901],[148.323582,-35.705762],[148.322179,-35.705825],[148.321917,-35.7059],[148.321716,-35.706093],[148.321454,-35.706143],[148.321159,-35.706003],[148.32038,-35.704867],[148.320143,-35.704679],[148.319907,-35.70461],[148.319586,-35.704637],[148.319325,-35.704783],[148.319212,-35.704975],[148.318748,-35.705219],[148.318692,-35.705363],[148.318727,-35.705744],[148.318528,-35.706056],[148.318267,-35.706226],[148.318211,-35.706346],[148.317949,-35.70642],[148.317595,-35.706257],[148.317244,-35.706261],[148.317012,-35.706359],[148.316561,-35.705601],[148.316236,-35.705413],[148.315828,-35.705537],[148.314728,-35.706193],[148.313854,-35.706417],[148.314516,-35.705742],[148.314559,-35.704835],[148.315224,-35.704327],[148.315746,-35.704107],[148.316325,-35.703743],[148.316899,-35.703068],[148.316951,-35.702662],[148.317093,-35.702422],[148.317499,-35.702203],[148.317553,-35.70194],[148.316626,-35.700662],[148.316501,-35.700186],[148.316259,-35.699688],[148.315729,-35.699479],[148.315407,-35.699483],[148.315434,-35.699316],[148.316014,-35.699047],[148.316975,-35.698798],[148.317292,-35.698508],[148.317374,-35.698149],[148.317526,-35.696764],[148.317692,-35.696142],[148.317684,-35.695689],[148.317476,-35.695453],[148.316207,-35.694751],[148.316108,-35.69406],[148.316543,-35.693841],[148.316685,-35.693601],[148.3167,-35.692766],[148.317044,-35.692333],[148.317025,-35.69114],[148.316875,-35.690927],[148.316865,-35.690307],[148.316704,-35.68945],[148.316953,-35.688588],[148.317204,-35.687799],[148.317374,-35.68751],[148.318068,-35.68705],[148.318828,-35.685228],[148.318823,-35.684918],[148.318508,-35.683586],[148.318228,-35.682872],[148.317953,-35.68283],[148.317185,-35.684517],[148.316316,-35.685086],[148.315962,-35.685224],[148.315685,-35.68507],[148.314808,-35.683468],[148.314505,-35.683405],[148.314317,-35.683631],[148.314216,-35.684169],[148.313969,-35.684127],[148.31316,-35.683352],[148.312376,-35.682354],[148.312043,-35.682156],[148.310982,-35.682637],[148.310768,-35.682975],[148.310074,-35.682491],[148.309062,-35.682681],[148.308819,-35.682929],[148.308473,-35.683582],[148.307919,-35.683253],[148.307639,-35.68292],[148.307335,-35.682767],[148.306949,-35.682636],[148.30651,-35.682641],[148.306322,-35.682867],[148.306088,-35.683698],[148.306092,-35.683944],[148.305874,-35.684013],[148.305651,-35.683792],[148.30543,-35.683727],[148.305102,-35.683798],[148.304808,-35.684226],[148.304785,-35.684518],[148.30462,-35.684519],[148.304,-35.683497],[148.30375,-35.683275],[148.303091,-35.683238],[148.302983,-35.683351],[148.302778,-35.684226],[148.302755,-35.68454],[148.302928,-35.68503],[148.302793,-35.685166],[148.301939,-35.684929],[148.301667,-35.685066],[148.301506,-35.685314],[148.301653,-35.685917],[148.301437,-35.68612],[148.300974,-35.686327],[148.300952,-35.686708],[148.301095,-35.687042],[148.30143,-35.687374],[148.301378,-35.687576],[148.301105,-35.687646],[148.300665,-35.687584],[148.30053,-35.687697],[148.300105,-35.690242],[148.299997,-35.690355],[148.299387,-35.689981],[148.299337,-35.688616],[148.299218,-35.687991],[148.299394,-35.687027],[148.299242,-35.68441],[148.299046,-35.684166],[148.298716,-35.684102],[148.298438,-35.683881],[148.297942,-35.683775],[148.297475,-35.683735],[148.297011,-35.683874],[148.296419,-35.684574],[148.296173,-35.684644],[148.295761,-35.684626],[148.295078,-35.68479],[148.2942,-35.684777],[148.293847,-35.685005],[148.292417,-35.686497],[148.291739,-35.686975],[148.290757,-35.687355],[148.290126,-35.687339],[148.289088,-35.687574],[148.288255,-35.688702],[148.287927,-35.688772],[148.286465,-35.688273],[148.285147,-35.688198],[148.283936,-35.687942],[148.283307,-35.688094],[148.281965,-35.688221],[148.281066,-35.688611],[148.280653,-35.688548],[148.280237,-35.688239],[148.279685,-35.688066],[148.278531,-35.687899],[148.277405,-35.687866],[148.276851,-35.687514],[148.276127,-35.686873],[148.275707,-35.686295],[148.274562,-35.685076],[148.274303,-35.684273],[148.273963,-35.683628],[148.273351,-35.683097],[148.27318,-35.682696],[148.273195,-35.681913],[148.273023,-35.6814],[148.272548,-35.680856],[148.271965,-35.68046],[148.271497,-35.680353],[148.269609,-35.680641],[148.26936,-35.680532],[148.269358,-35.680353],[148.269517,-35.680038],[148.269265,-35.679727],[148.268743,-35.679643],[148.268361,-35.679781],[148.268059,-35.679762],[148.26787,-35.679943],[148.267541,-35.679991],[148.267128,-35.679884],[148.266822,-35.679596],[148.266679,-35.679217],[148.2668,-35.678209],[148.266687,-35.677986],[148.266237,-35.677297],[148.26596,-35.677143],[148.265521,-35.677103],[148.265304,-35.677307],[148.265315,-35.677978],[148.264833,-35.678699],[148.264676,-35.679216],[148.264739,-35.679685],[148.265074,-35.680107],[148.265139,-35.680711],[148.265339,-35.681246],[148.265409,-35.682162],[148.264678,-35.682819],[148.264519,-35.683134],[148.264776,-35.683803],[148.264729,-35.684296],[148.264817,-35.684653],[148.265543,-35.685474],[148.265658,-35.685786],[148.265665,-35.686211],[148.265892,-35.686723],[148.265926,-35.687103],[148.265629,-35.687465],[148.26495,-35.687852],[148.264164,-35.688454],[148.263814,-35.688927],[148.263698,-35.690249],[148.263693,-35.691659],[148.263368,-35.691931],[148.262824,-35.692205],[148.262174,-35.692772],[148.261056,-35.693209],[148.260621,-35.693482],[148.260083,-35.694136],[148.259931,-35.694955],[148.259993,-35.695402],[148.260548,-35.695777],[148.261928,-35.696299],[148.263826,-35.696615],[148.266382,-35.696902],[148.266909,-35.697232],[148.267667,-35.698321],[148.269241,-35.698953],[148.270102,-35.699649],[148.271356,-35.700822],[148.271694,-35.7014],[148.272072,-35.702694],[148.272112,-35.7035],[148.271957,-35.70415],[148.271717,-35.704556],[148.270449,-35.705901],[148.270507,-35.706147],[148.273706,-35.707142],[148.274453,-35.70747],[148.274925,-35.707868],[148.275712,-35.709023],[148.277728,-35.709808],[148.278756,-35.710603],[148.278927,-35.710981],[148.279106,-35.711931],[148.279383,-35.71204],[148.281083,-35.711977],[148.281498,-35.712151],[148.281859,-35.712438],[148.282382,-35.712545],[148.282711,-35.712519],[148.283148,-35.71238],[148.283847,-35.7115],[148.284203,-35.711473],[148.284646,-35.71167],[148.285432,-35.712803],[148.285709,-35.712935],[148.286442,-35.712434],[148.286905,-35.71225],[148.287811,-35.712263],[148.288471,-35.712368],[148.288806,-35.7127],[148.290016,-35.714534],[148.290573,-35.715042],[148.290826,-35.715442],[148.291198,-35.716401],[148.292326,-35.718246],[148.293203,-35.719882],[148.29349,-35.72064],[148.294135,-35.723184],[148.294089,-35.723744],[148.29377,-35.724397],[148.292295,-35.726528],[148.291378,-35.7275],[148.29071,-35.728649],[148.289061,-35.730233],[148.288685,-35.730729],[148.288072,-35.731878],[148.287495,-35.733529],[148.287264,-35.734561],[148.287213,-35.736464],[148.287667,-35.737421],[148.288371,-35.738499],[148.288405,-35.738924],[148.288037,-35.739913],[148.288043,-35.740271],[148.288431,-35.740535],[148.289156,-35.741221],[148.289496,-35.741889],[148.289395,-35.74245],[148.289045,-35.742879],[148.288556,-35.743197],[148.288342,-35.743535],[148.288322,-35.743961],[148.288619,-35.745356],[148.288569,-35.745693],[148.287901,-35.746796],[148.28785,-35.747066],[148.287856,-35.747401],[148.288114,-35.748092],[148.288282,-35.748314],[148.288176,-35.748562],[148.288219,-35.749524],[148.288324,-35.750932],[148.288442,-35.751412],[148.288924,-35.75237],[148.289041,-35.752816],[148.289657,-35.753526],[148.289772,-35.753882],[148.290644,-35.755149],[148.291755,-35.75592],[148.292253,-35.756161],[148.292886,-35.756266],[148.293955,-35.756143],[148.29448,-35.756339],[148.295837,-35.757063],[148.296115,-35.757283],[148.297484,-35.758735],[148.298764,-35.759795],[148.299234,-35.759947],[148.300031,-35.760005],[148.300825,-35.759907],[148.301152,-35.759702],[148.301894,-35.759784],[148.303943,-35.760836],[148.304806,-35.761498],[148.305254,-35.762052],[148.306201,-35.762859],[148.307968,-35.763489],[148.308661,-35.763884],[148.309518,-35.764188],[148.310207,-35.764337],[148.310843,-35.764599],[148.31112,-35.764798],[148.311099,-35.765178],[148.310915,-35.765673],[148.311235,-35.766766],[148.311275,-35.767549],[148.311061,-35.767842],[148.310815,-35.767934],[148.310431,-35.767938],[148.30986,-35.768325],[148.309482,-35.76871],[148.309457,-35.768889],[148.311056,-35.769219],[148.313147,-35.769464],[148.315353,-35.770044],[148.315687,-35.770265],[148.316026,-35.770865],[148.316318,-35.771914],[148.317756,-35.772502],[148.318694,-35.772761],[148.319359,-35.773156],[148.319833,-35.773554],[148.320005,-35.773988],[148.319989,-35.774705],[148.320384,-35.774945],[148.321379,-35.774934],[148.321967,-35.775032],[148.3222,-35.775196],[148.322264,-35.775985],[148.322142,-35.776319],[148.321793,-35.776842],[148.321425,-35.777719],[148.321333,-35.778302],[148.321368,-35.778884],[148.321555,-35.779402],[148.321516,-35.780109],[148.321156,-35.781526],[148.320682,-35.782155],[148.319749,-35.782789],[148.319728,-35.783101],[148.319862,-35.783453],[148.320848,-35.78446],[148.321007,-35.784812],[148.320987,-35.785145],[148.320661,-35.785502],[148.320056,-35.785966],[148.319173,-35.786537],[148.318974,-35.786819],[148.318926,-35.787028],[148.31911,-35.787379],[148.318915,-35.787901],[148.317377,-35.78902],[148.315867,-35.790262],[148.315903,-35.790906],[148.316973,-35.790791],[148.320646,-35.790771],[148.322233,-35.791086],[148.323082,-35.791514],[148.325356,-35.793224],[148.325869,-35.793426],[148.32704,-35.793268],[148.328902,-35.793206],[148.330082,-35.793588],[148.330959,-35.79416],[148.333398,-35.796648],[148.334096,-35.79715],[148.334533,-35.797353],[148.334613,-35.797539],[148.335409,-35.797842],[148.337365,-35.79888],[148.338294,-35.799514],[148.338479,-35.799907],[148.338563,-35.800322],[148.338267,-35.800949],[148.337388,-35.801769],[148.336581,-35.802339],[148.336214,-35.803289],[148.335184,-35.804215],[148.334712,-35.805011],[148.334696,-35.805572],[148.335553,-35.808015],[148.336101,-35.808716],[148.337579,-35.810102],[148.338102,-35.810866],[148.339427,-35.812264],[148.340574,-35.813707],[148.34091,-35.813973],[148.341329,-35.814592],[148.342911,-35.816102],[148.343277,-35.816597],[148.34341,-35.816928],[148.343389,-35.817219],[148.342994,-35.818014],[148.342678,-35.82047],[148.342442,-35.821585],[148.342197,-35.822211],[148.341947,-35.822505],[148.340731,-35.823059],[148.340406,-35.823437],[148.340283,-35.823708],[148.340282,-35.825184],[148.340133,-35.825435],[148.339705,-35.825793],[148.338331,-35.826016],[148.337825,-35.826313],[148.33738,-35.827139],[148.33736,-35.827493],[148.337897,-35.829087],[148.33816,-35.829542],[148.338375,-35.830163],[148.338435,-35.830682],[148.338395,-35.831327],[148.338619,-35.832551],[148.338882,-35.832995],[148.339842,-35.833919],[148.340183,-35.834435],[148.340542,-35.834577],[148.340751,-35.834824],[148.340426,-35.835264],[148.340435,-35.835763],[148.339417,-35.837499],[148.339052,-35.838522],[148.338206,-35.839851],[148.337257,-35.84113],[148.337115,-35.841755],[148.337098,-35.842275],[148.337956,-35.8432],[148.338042,-35.84374],[148.338699,-35.844886],[148.338817,-35.84582],[148.338851,-35.84634],[148.338603,-35.846779],[148.338508,-35.847175],[148.338565,-35.847528],[148.338852,-35.847899],[148.338882,-35.848168],[148.338277,-35.848612],[148.337953,-35.849114],[148.337881,-35.849385],[148.337989,-35.849737],[148.338249,-35.850025],[148.33933,-35.850533],[148.340187,-35.851407],[148.340703,-35.851671],[148.34091,-35.851877],[148.340969,-35.852354],[148.340741,-35.852461],[148.340647,-35.852919],[148.339864,-35.853406],[148.339638,-35.853679],[148.339679,-35.854551],[148.339995,-35.85513],[148.340461,-35.85552],[148.340597,-35.856038],[148.341178,-35.857143],[148.341263,-35.857641],[148.341707,-35.85826],[148.341871,-35.858902],[148.342054,-35.859171],[148.341961,-35.859691],[148.342093,-35.859939],[148.34243,-35.860226],[148.342384,-35.860559],[148.342544,-35.860953],[148.343869,-35.862289],[148.344549,-35.863227],[148.344235,-35.864291],[148.34419,-35.864686],[148.343654,-35.866168],[148.343328,-35.866525],[148.342057,-35.866893],[148.34181,-35.867373],[148.341725,-35.868434],[148.341607,-35.868955],[148.340881,-35.869857],[148.340738,-35.870441],[148.340782,-35.871563],[148.341031,-35.872662],[148.341452,-35.873405],[148.341592,-35.874173],[148.341623,-35.874463],[148.341379,-35.875173],[148.341636,-35.875274],[148.343143,-35.875278],[148.343504,-35.87544],[148.343637,-35.875771],[148.3432,-35.877106],[148.34323,-35.877397],[148.343492,-35.877748],[148.344136,-35.878115],[148.344598,-35.878255],[148.345979,-35.878343],[148.347697,-35.878719],[148.349834,-35.879765],[148.350222,-35.880052],[148.350831,-35.881334],[148.350987,-35.881478],[148.351605,-35.881741],[148.351729,-35.883028],[148.351678,-35.884567],[148.350873,-35.885272],[148.350147,-35.886154],[148.349952,-35.886717],[148.348898,-35.887789],[148.348473,-35.888334],[148.348007,-35.889503],[148.347889,-35.890087],[148.348166,-35.89132],[148.348123,-35.891841],[148.347731,-35.892822],[148.347646,-35.8938],[148.347743,-35.896542],[148.347655,-35.897344],[148.346699,-35.899766],[148.346629,-35.900161],[148.34661,-35.900536],[148.346769,-35.900887],[148.348102,-35.90266],[148.34863,-35.903621],[148.348932,-35.904843],[148.348759,-35.905199],[148.348507,-35.90543],[148.34846,-35.90568],[148.348725,-35.906238],[148.348957,-35.906361],[148.349168,-35.906712],[148.348976,-35.907483],[148.348628,-35.908006],[148.347174,-35.909675],[148.347182,-35.910174],[148.347494,-35.910461],[148.347705,-35.910854],[148.347934,-35.912286],[148.347726,-35.915778],[148.347184,-35.920077],[148.346775,-35.920177],[148.346427,-35.920444],[148.345669,-35.920715],[148.344408,-35.920681],[148.344225,-35.920278],[148.344279,-35.919991],[148.344771,-35.919604],[148.34474,-35.919485],[148.344028,-35.919016],[148.343673,-35.918853],[148.342382,-35.918819],[148.341733,-35.91854],[148.340872,-35.91793],[148.339562,-35.916752],[148.339088,-35.916471],[148.338292,-35.916217],[148.337851,-35.916151],[148.337471,-35.916226],[148.336514,-35.916857],[148.336375,-35.917336],[148.33559,-35.917726],[148.33528,-35.918469],[148.334155,-35.919555],[148.334252,-35.920079],[148.334229,-35.920484],[148.334,-35.920821],[148.333976,-35.921107],[148.334131,-35.921631],[148.333987,-35.921799],[148.333696,-35.921922],[148.333315,-35.92195],[148.332792,-35.92223],[148.332503,-35.922495],[148.332045,-35.923168],[148.331697,-35.923387],[148.330178,-35.923762],[148.32933,-35.923866],[148.328663,-35.924327],[148.32787,-35.92424],[148.327494,-35.924578],[148.326943,-35.924918],[148.326156,-35.925213],[148.325305,-35.925199],[148.324062,-35.924497],[148.323328,-35.924457],[148.322715,-35.924631],[148.321717,-35.924583],[148.320419,-35.924096],[148.318625,-35.923829],[148.318363,-35.923928],[148.317929,-35.924314],[148.317404,-35.924439],[148.316159,-35.925407],[148.315316,-35.925893],[148.313075,-35.926896],[148.312407,-35.927285],[148.311822,-35.927398],[148.311589,-35.92752],[148.31078,-35.928245],[148.310229,-35.928585],[148.309586,-35.928759],[148.308859,-35.929124],[148.306628,-35.930771],[148.306292,-35.931728],[148.305072,-35.932457],[148.304213,-35.933731],[148.303607,-35.934334],[148.302764,-35.934808],[148.302685,-35.935358],[148.302454,-35.935575],[148.30193,-35.935819],[148.301443,-35.93654],[148.301064,-35.936663],[148.298869,-35.936926],[148.29832,-35.937432],[148.297888,-35.937962],[148.297691,-35.938465],[148.297667,-35.938799],[148.29686,-35.937878],[148.296178,-35.937408],[148.292279,-35.937533],[148.291314,-35.937711],[148.290847,-35.937883],[148.290704,-35.938075],[148.290976,-35.938597],[148.290983,-35.939026],[148.292737,-35.940415],[148.293156,-35.940983],[148.293283,-35.941554],[148.293085,-35.942009],[148.292215,-35.942591],[148.290767,-35.943751],[148.290277,-35.944305],[148.289762,-35.94511],[148.289444,-35.945352],[148.288102,-35.94582],[148.286768,-35.946764],[148.285864,-35.947132],[148.285607,-35.947564],[148.284943,-35.948227],[148.284507,-35.948446],[148.283276,-35.948531],[148.282928,-35.948773],[148.282592,-35.949779],[148.28225,-35.950402],[148.281638,-35.950624],[148.279705,-35.950811],[148.279063,-35.951057],[148.277191,-35.951363],[148.277048,-35.951603],[148.277052,-35.951865],[148.277293,-35.952268],[148.282467,-35.952929],[148.283763,-35.953225],[148.283116,-35.954937],[148.281404,-35.956148],[148.280392,-35.957065],[148.279476,-35.958482],[148.278184,-35.96019],[148.276494,-35.962748],[148.275602,-35.963879],[148.275456,-35.963904],[148.275011,-35.963599],[148.274176,-35.962749],[148.27397,-35.962727],[148.273474,-35.962876],[148.270124,-35.962553],[148.269361,-35.962561],[148.269152,-35.962349],[148.268946,-35.96228],[148.268859,-35.962352],[148.268863,-35.962591],[148.268194,-35.962979],[148.267181,-35.963837],[148.2671,-35.964267],[148.26734,-35.964622],[148.26726,-35.965124],[148.266423,-35.967828],[148.266509,-35.969521],[148.266815,-35.970293],[148.265521,-35.971976],[148.264948,-35.972865],[148.263582,-35.973666],[148.262578,-35.975084],[148.26184,-35.974806],[148.260887,-35.973933],[148.260591,-35.973793],[148.259633,-35.974423],[148.259585,-35.97514],[148.259032,-35.975384],[148.258234,-35.975082],[148.258173,-35.974916],[148.257527,-35.974899],[148.257126,-35.975523],[148.256284,-35.976057],[148.255911,-35.976597],[148.255565,-35.976983],[148.25539,-35.977056],[148.255126,-35.977059],[148.254563,-35.976731],[148.254303,-35.976996],[148.254069,-35.977022],[148.253184,-35.976745],[148.252224,-35.977256],[148.251614,-35.977692],[148.251318,-35.977504],[148.250994,-35.97746],[148.250583,-35.97744],[148.250057,-35.977541],[148.248454,-35.978273],[148.248138,-35.978682],[148.247207,-35.979193],[148.247033,-35.979361],[148.247215,-35.979741],[148.247252,-35.980194],[148.247166,-35.980314],[148.247136,-35.982175],[148.247052,-35.982391],[148.246496,-35.982528],[148.24617,-35.982292],[148.245875,-35.982224],[148.245356,-35.982802],[148.245035,-35.982901],[148.244418,-35.982907],[148.244127,-35.983029],[148.243595,-35.982796],[148.242861,-35.982756],[148.241838,-35.983029],[148.238348,-35.983232],[148.237706,-35.983453],[148.236885,-35.983462],[148.234824,-35.983089],[148.234528,-35.982878],[148.234347,-35.98257],[148.233026,-35.982559],[148.23217,-35.98221],[148.231612,-35.982192],[148.231059,-35.982484],[148.230714,-35.982989],[148.230664,-35.983514],[148.230379,-35.984065],[148.229397,-35.985125],[148.228729,-35.985585],[148.228171,-35.985519],[148.228017,-35.985067],[148.228148,-35.98404],[148.227912,-35.983971],[148.227653,-35.984332],[148.227285,-35.985147],[148.226761,-35.985438],[148.224179,-35.985476],[148.223271,-35.985629],[148.222486,-35.986066],[148.222023,-35.986524],[148.221998,-35.986811],[148.222174,-35.986785],[148.222522,-35.986519],[148.223134,-35.986226],[148.223985,-35.986242],[148.224405,-35.986834],[148.224909,-35.987139],[148.225379,-35.987205],[148.225558,-35.987371],[148.225182,-35.987708],[148.224567,-35.987786],[148.224066,-35.987696],[148.223568,-35.987773],[148.222584,-35.988617],[148.222175,-35.988765],[148.221484,-35.98963],[148.221106,-35.989873],[148.218025,-35.989904],[148.216476,-35.990325],[148.216097,-35.99052],[148.215925,-35.990808],[148.216166,-35.991163],[148.216199,-35.991402],[148.216026,-35.991594],[148.215148,-35.991782],[148.214307,-35.992482],[148.213724,-35.992703],[148.213822,-35.993393],[148.213361,-35.993947],[148.213394,-35.994161],[148.212343,-35.994506],[148.21217,-35.99477],[148.212147,-35.995152],[148.211779,-35.996062],[148.211786,-35.996515],[148.212028,-35.996966],[148.212152,-35.997394],[148.212008,-35.99761],[148.211337,-35.997855],[148.210926,-35.997859],[148.21064,-35.998315],[148.210703,-35.998613],[148.211065,-35.99923],[148.211251,-35.999919],[148.211117,-36.000756],[148.210892,-36.001354],[148.21093,-36.001974],[148.211201,-36.002377],[148.21121,-36.002973],[148.2111,-36.003475],[148.211257,-36.004165],[148.211177,-36.004667],[148.210804,-36.005219],[148.210781,-36.005661],[148.211111,-36.006134],[148.211235,-36.006563],[148.210595,-36.006927],[148.21001,-36.007028],[148.209515,-36.007343],[148.209345,-36.00775],[148.209499,-36.008202],[148.209942,-36.008388],[148.211675,-36.008443],[148.212147,-36.008557],[148.212329,-36.008961],[148.212307,-36.009438],[148.211062,-36.010548],[148.210346,-36.011772],[148.20997,-36.012133],[148.209035,-36.012393],[148.208447,-36.012351],[148.207832,-36.012477],[148.207542,-36.012694],[148.20778,-36.01293],[148.208253,-36.013093],[148.208463,-36.013424],[148.208498,-36.013782],[148.208651,-36.014162],[148.209587,-36.013986],[148.209823,-36.014055],[148.2098,-36.014413],[148.209453,-36.014798],[148.20878,-36.014924],[148.206491,-36.015042],[148.206053,-36.015142],[148.20565,-36.015671],[148.205967,-36.017242],[148.204872,-36.018589],[148.203936,-36.020781],[148.2035,-36.021071],[148.20162,-36.020971],[148.201242,-36.021213],[148.201042,-36.021597],[148.200391,-36.023226],[148.199735,-36.024496],[148.199714,-36.025045],[148.200206,-36.026507],[148.200304,-36.027126],[148.200166,-36.0277],[148.199671,-36.027991],[148.19894,-36.028237],[148.198212,-36.028626],[148.197517,-36.029253],[148.197347,-36.029684],[148.197448,-36.030542],[148.19773,-36.031684],[148.197654,-36.032508],[148.197228,-36.033419],[148.19569,-36.034698],[148.195405,-36.035273],[148.195267,-36.0358],[148.195473,-36.037801],[148.195247,-36.0384],[148.194438,-36.039255],[148.194387,-36.03978],[148.194575,-36.040565],[148.195024,-36.041133],[148.195531,-36.041605],[148.195772,-36.042008],[148.195819,-36.043224],[148.195078,-36.044687],[148.192606,-36.046345],[148.189798,-36.047112],[148.188773,-36.04729],[148.187569,-36.047349],[148.186246,-36.047267],[148.184721,-36.047401],[148.18405,-36.047694],[148.183767,-36.048389],[148.183807,-36.049128],[148.184429,-36.049455],[148.185284,-36.049662],[148.185789,-36.050038],[148.185617,-36.05035],[148.184483,-36.051125],[148.183626,-36.052707],[148.183542,-36.053006],[148.183845,-36.0536],[148.184231,-36.053906],[148.184296,-36.054311],[148.183611,-36.05563],[148.183338,-36.05704],[148.182905,-36.057521],[148.182211,-36.058032],[148.183835,-36.060539],[148.185002,-36.062048],[148.185272,-36.06417],[148.185283,-36.064942],[148.186229,-36.064546],[148.187925,-36.066654],[148.187018,-36.069559],[148.186095,-36.071499],[148.1866,-36.073425],[148.188523,-36.074757],[148.190425,-36.074739],[148.191949,-36.075251],[148.192202,-36.075041],[148.193497,-36.075624],[148.194549,-36.075796],[148.196629,-36.076373],[148.198333,-36.077915],[148.201711,-36.079049],[148.204497,-36.077276],[148.207298,-36.077375],[148.208232,-36.077102],[148.209358,-36.075767],[148.20997,-36.075427],[148.210145,-36.075422],[148.210728,-36.074848],[148.21329,-36.07531],[148.213699,-36.075294],[148.215017,-36.074842],[148.216451,-36.074101],[148.217139,-36.073541],[148.219772,-36.072254],[148.221887,-36.070834],[148.222781,-36.070123],[148.224327,-36.068485],[148.225315,-36.067662],[148.228653,-36.067084],[148.230597,-36.067191],[148.232374,-36.066946],[148.233784,-36.066955],[148.234846,-36.067206],[148.235146,-36.067128],[148.236729,-36.066203],[148.237286,-36.066179],[148.237472,-36.065921],[148.236561,-36.064023],[148.236712,-36.063741],[148.236867,-36.063107],[148.237447,-36.062624],[148.23876,-36.062062],[148.239255,-36.06177],[148.240184,-36.061057],[148.240702,-36.060336],[148.241653,-36.059741],[148.242209,-36.05915],[148.242775,-36.058913],[148.243984,-36.057964],[148.245748,-36.056229],[148.249549,-36.052838],[148.252189,-36.052811],[148.256031,-36.052965],[148.257909,-36.052488],[148.258232,-36.052494],[148.259858,-36.052146],[148.261809,-36.054073],[148.264198,-36.053462],[148.265348,-36.053856],[148.266276,-36.054058],[148.268059,-36.054787],[148.270418,-36.05619],[148.270484,-36.056321],[148.271506,-36.055891],[148.271346,-36.056962],[148.272791,-36.057328],[148.273465,-36.057178],[148.273546,-36.056772],[148.27307,-36.056395],[148.272618,-36.055684],[148.272603,-36.05473],[148.273322,-36.053816],[148.27362,-36.052263],[148.2742,-36.051803],[148.276478,-36.050944],[148.278479,-36.051221],[148.279032,-36.051717],[148.279327,-36.051762],[148.279853,-36.051613],[148.280494,-36.050645],[148.280801,-36.050486],[148.281169,-36.049932],[148.281421,-36.049968],[148.284057,-36.049744],[148.284326,-36.04847],[148.285621,-36.048325],[148.287198,-36.046694],[148.287675,-36.046579],[148.288808,-36.046771],[148.290528,-36.049286],[148.293168,-36.049257],[148.295141,-36.049794],[148.296305,-36.050017],[148.300073,-36.050525],[148.303987,-36.050502],[148.304074,-36.050042],[148.303786,-36.049471],[148.304014,-36.049039],[148.304655,-36.048698],[148.304905,-36.048458],[148.304269,-36.047756],[148.303195,-36.047474],[148.302315,-36.047507],[148.30178,-36.047131],[148.300839,-36.045305],[148.300947,-36.044707],[148.301377,-36.044059],[148.301339,-36.043534],[148.301709,-36.042803],[148.301703,-36.042445],[148.301957,-36.041822],[148.302498,-36.041559],[148.302988,-36.040957],[148.303583,-36.04057],[148.305751,-36.040374],[148.308349,-36.039415],[148.309859,-36.039193],[148.310514,-36.038936],[148.312088,-36.038918],[148.313233,-36.037949],[148.313371,-36.03754],[148.313815,-36.037483],[148.314186,-36.037216],[148.316117,-36.037191],[148.317325,-36.037039],[148.318987,-36.037089],[148.319556,-36.036966],[148.320202,-36.036959],[148.320651,-36.037071],[148.32152,-36.037061],[148.322509,-36.037712],[148.324383,-36.036925],[148.324571,-36.036518],[148.325355,-36.035984],[148.32699,-36.035441],[148.330486,-36.033781],[148.330979,-36.03337],[148.331532,-36.033101],[148.331809,-36.033171],[148.332871,-36.03263],[148.337373,-36.035235],[148.340364,-36.036409],[148.343934,-36.03661],[148.347299,-36.038098],[148.34774,-36.03812],[148.34833,-36.03828],[148.348677,-36.038707],[148.349925,-36.039439],[148.353144,-36.03986],[148.353625,-36.039531],[148.353861,-36.03885],[148.35415,-36.038608],[148.354897,-36.038469],[148.355253,-36.038172],[148.358261,-36.039952],[148.359542,-36.040026],[148.363485,-36.038428],[148.365696,-36.037129],[148.367355,-36.036252],[148.36827,-36.035867],[148.368581,-36.035607],[148.370532,-36.034904],[148.372422,-36.034356],[148.374139,-36.033127],[148.373871,-36.032707],[148.37255,-36.031248],[148.372309,-36.030862],[148.371155,-36.029785],[148.371339,-36.028429],[148.371299,-36.026811],[148.371935,-36.024874],[148.371909,-36.023388],[148.371805,-36.023134],[148.371369,-36.022648],[148.37083,-36.022307],[148.370683,-36.021892],[148.370674,-36.021557],[148.37116,-36.020829],[148.371482,-36.020548],[148.371616,-36.020322],[148.371766,-36.0203],[148.371966,-36.020126],[148.375265,-36.019445],[148.376862,-36.018509],[148.377583,-36.017851],[148.378067,-36.016978],[148.378906,-36.016101],[148.379701,-36.015436],[148.380437,-36.013292],[148.380303,-36.012587],[148.380438,-36.012181],[148.380999,-36.01203],[148.381296,-36.011443],[148.38307,-36.010451],[148.383214,-36.010198],[148.38392,-36.009843],[148.384454,-36.009865],[148.384889,-36.010323],[148.385072,-36.010648],[148.386384,-36.011754],[148.387474,-36.011297],[148.387642,-36.0111],[148.387757,-36.01057],[148.387719,-36.009394],[148.38799,-36.008639],[148.388605,-36.008343],[148.388676,-36.008239],[148.391148,-36.008211],[148.391362,-36.008167],[148.392066,-36.007783],[148.39355,-36.007661],[148.394416,-36.007393],[148.394097,-36.005229],[148.394561,-36.005061],[148.394603,-36.004371],[148.394105,-36.00231],[148.394124,-36.001414],[148.394293,-36.000892],[148.395078,-36.003021],[148.395554,-36.003825],[148.396444,-36.005722],[148.39713,-36.006842],[148.399986,-36.008935],[148.400631,-36.009258],[148.400677,-36.009455],[148.402481,-36.010879],[148.403774,-36.009973],[148.404762,-36.009499],[148.405416,-36.009475],[148.407549,-36.008835],[148.408161,-36.008578],[148.41136,-36.007731],[148.414302,-36.006704],[148.414882,-36.006388],[148.416154,-36.00594],[148.41707,-36.005795],[148.420092,-36.004826],[148.420361,-36.00443],[148.421741,-36.004038],[148.42263,-36.004027],[148.425125,-36.004287],[148.42609,-36.004536],[148.427553,-36.004749],[148.428406,-36.004739],[148.42922,-36.004469],[148.430062,-36.003823],[148.430628,-36.003643],[148.431162,-36.003666],[148.431706,-36.004266],[148.431751,-36.004591],[148.432025,-36.004807],[148.432085,-36.00812],[148.433294,-36.008688],[148.433421,-36.008193],[148.433092,-36.008109],[148.432839,-36.007881],[148.432762,-36.007564],[148.432971,-36.00733],[148.433723,-36.007004],[148.433873,-36.006102],[148.433763,-36.005875],[148.433795,-36.005672],[148.434037,-36.005294],[148.434241,-36.004742],[148.434235,-36.004395],[148.43483,-36.003897],[148.435245,-36.003227],[148.435621,-36.002355],[148.436037,-36.001772],[148.43653,-36.001506],[148.437063,-36.001442],[148.439425,-36.002223],[148.440314,-36.002212],[148.440952,-36.002118],[148.442271,-36.002246],[148.443037,-36.002228],[148.443234,-36.001361],[148.443029,-36.001135],[148.442459,-36.000828],[148.442168,-36.000513],[148.442018,-36.000053],[148.440686,-35.998107],[148.439558,-35.997813],[148.439556,-35.997726],[148.439759,-35.997687],[148.438365,-35.997327],[148.439066,-35.996343],[148.440748,-35.996518],[148.442677,-35.99708],[148.443904,-35.998622],[148.44512,-35.999583],[148.446224,-36.000357],[148.44694,-36.000759],[148.447835,-36.000893],[148.4494,-36.000255],[148.4497,-36.000003],[148.449967,-36.000079],[148.450455,-35.999926],[148.45044,-36.00031],[148.450564,-36.000542],[148.450382,-36.00087],[148.450094,-36.001789],[148.450066,-36.002456],[148.45022,-36.002791],[148.450536,-36.002922],[148.451697,-36.002819],[148.453835,-36.002202],[148.45419,-36.001919],[148.455255,-36.001414],[148.455705,-36.001029],[148.455921,-36.000361],[148.456111,-36.00006],[148.457017,-35.999232],[148.458055,-35.999934],[148.458589,-35.999737],[148.459121,-35.999643],[148.459514,-35.999725],[148.45952,-36.000072],[148.459039,-36.000862],[148.458339,-36.00462],[148.458443,-36.005346],[148.459102,-36.00635],[148.459354,-36.006491],[148.460706,-36.006533],[148.461243,-36.006671],[148.461392,-36.007045],[148.461338,-36.007973],[148.466636,-36.011627],[148.467435,-36.013678],[148.467784,-36.014121],[148.468254,-36.01452],[148.468279,-36.015845],[148.469082,-36.017904],[148.469432,-36.018523],[148.469582,-36.018955],[148.469576,-36.019173],[148.469944,-36.020117],[148.469569,-36.021082],[148.469595,-36.021571],[148.469234,-36.02194],[148.468942,-36.02269],[148.471038,-36.022664],[148.471321,-36.022561],[148.472388,-36.02249],[148.472993,-36.022541],[148.473164,-36.022638],[148.473667,-36.022632],[148.473618,-36.022896],[148.474298,-36.023797],[148.474216,-36.025156],[148.474095,-36.025604],[148.476897,-36.026859],[148.476999,-36.027583],[148.477575,-36.027818],[148.477972,-36.028102],[148.478155,-36.028389],[148.478075,-36.029777],[148.47762,-36.030216],[148.477559,-36.030737],[148.477888,-36.031196],[148.47936,-36.031929],[148.480192,-36.032613],[148.480519,-36.032984],[148.481563,-36.033607],[148.482229,-36.034958],[148.48268,-36.036267],[148.482708,-36.03777],[148.482575,-36.038232],[148.482904,-36.039157],[148.482992,-36.043846],[148.490902,-36.045456],[148.491107,-36.047022],[148.491251,-36.047246],[148.491539,-36.047416],[148.491836,-36.048077],[148.491754,-36.049408],[148.491859,-36.050564],[148.499047,-36.059431],[148.49976,-36.059422],[148.500838,-36.059166],[148.502198,-36.059392],[148.508542,-36.061447],[148.509751,-36.058342],[148.509821,-36.057897],[148.510324,-36.056301],[148.5107,-36.055904],[148.511046,-36.055016],[148.514698,-36.05369],[148.514844,-36.053601],[148.51556,-36.052708],[148.517161,-36.052187],[148.518951,-36.051095],[148.521774,-36.048221],[148.522573,-36.047199],[148.523556,-36.046522],[148.524828,-36.046014],[148.526246,-36.045736],[148.528069,-36.046118],[148.528582,-36.046459],[148.53299,-36.048765],[148.53344,-36.048957],[148.534713,-36.049198],[148.535502,-36.049506],[148.537653,-36.050753],[148.538817,-36.05125],[148.540984,-36.054635],[148.543046,-36.052905],[148.543734,-36.051814],[148.543724,-36.051293],[148.544352,-36.050649],[148.545131,-36.050408],[148.545881,-36.050572],[148.546276,-36.050882],[148.550913,-36.051947],[148.555098,-36.05104],[148.558735,-36.049093],[148.558144,-36.047884],[148.557449,-36.046896],[148.556124,-36.044716],[148.555028,-36.043256],[148.554051,-36.042431],[148.553749,-36.041596],[148.553873,-36.040641],[148.55493,-36.0383],[148.556436,-36.037066],[148.556632,-36.036139],[148.556282,-36.03464],[148.556357,-36.03305],[148.556719,-36.031542],[148.556764,-36.030197],[148.558232,-36.029647],[148.55866,-36.027843],[148.558728,-36.027235],[148.559812,-36.024449],[148.560351,-36.024239],[148.562718,-36.028475],[148.565915,-36.028434],[148.569769,-36.030438],[148.572896,-36.030716],[148.575929,-36.029412],[148.576769,-36.029401],[148.578255,-36.028828],[148.579822,-36.028349],[148.583335,-36.027893],[148.585726,-36.025574],[148.587534,-36.024625],[148.588844,-36.024356],[148.590727,-36.023797],[148.591614,-36.023669],[148.59239,-36.02337],[148.595433,-36.022506],[148.597538,-36.022318],[148.588463,-36.024492],[148.58642,-36.02553],[148.585545,-36.026264],[148.58401,-36.027759],[148.583335,-36.027893],[148.582814,-36.028397],[148.578368,-36.028817],[148.573269,-36.030749],[148.572896,-36.030716],[148.571833,-36.031027],[148.570763,-36.030896],[148.569608,-36.030424],[148.567013,-36.029026],[148.563398,-36.029157],[148.561555,-36.029557],[148.560707,-36.029828],[148.559961,-36.029924],[148.559281,-36.029731],[148.558389,-36.029598],[148.558232,-36.029647],[148.558175,-36.030591],[148.557981,-36.031428],[148.557983,-36.03199],[148.558272,-36.034327],[148.558429,-36.034807],[148.558429,-36.035046],[148.558153,-36.036569],[148.557212,-36.037946],[148.556567,-36.039194],[148.556034,-36.039998],[148.555868,-36.040766],[148.555941,-36.041544],[148.556241,-36.042837],[148.556397,-36.0431],[148.557133,-36.043832],[148.557743,-36.044827],[148.55861,-36.047024],[148.559096,-36.0489],[148.558735,-36.049093],[148.559072,-36.04978],[148.558187,-36.050022],[148.557652,-36.05],[148.555116,-36.051334],[148.55338,-36.05179],[148.55146,-36.051887],[148.549118,-36.052236],[148.547512,-36.052054],[148.546276,-36.050882],[148.545636,-36.050735],[148.543046,-36.052905],[148.541969,-36.054351],[148.541514,-36.054791],[148.54077,-36.054945],[148.540199,-36.054865],[148.539731,-36.054611],[148.539437,-36.054124],[148.539154,-36.052378],[148.538604,-36.051576],[148.537653,-36.050753],[148.53344,-36.048957],[148.531567,-36.048487],[148.530598,-36.048037],[148.529583,-36.047125],[148.528214,-36.046266],[148.524065,-36.046319],[148.52041,-36.050205],[148.518951,-36.051095],[148.518667,-36.051382],[148.517161,-36.052187],[148.514844,-36.053601],[148.514378,-36.054197],[148.5136,-36.054496],[148.512286,-36.054628],[148.511406,-36.05516],[148.5107,-36.055904],[148.509751,-36.058342],[148.509662,-36.05891],[148.508986,-36.060769],[148.508609,-36.061525],[148.508042,-36.061677],[148.507365,-36.061628],[148.504884,-36.060387],[148.501968,-36.059395],[148.49976,-36.059422],[148.499387,-36.059589],[148.498534,-36.059657],[148.497992,-36.05923],[148.497299,-36.058372],[148.496453,-36.056908],[148.495508,-36.055908],[148.494445,-36.054274],[148.491924,-36.050851],[148.491859,-36.050564],[148.491516,-36.050141],[148.491107,-36.047022],[148.490737,-36.046443],[148.490161,-36.046075],[148.488877,-36.045917],[148.488478,-36.045546],[148.487188,-36.0451],[148.485833,-36.044943],[148.484904,-36.044781],[148.484188,-36.044559],[148.483154,-36.044427],[148.482652,-36.044231],[148.482072,-36.043704],[148.482025,-36.043068],[148.482192,-36.042488],[148.482925,-36.041727],[148.482943,-36.041218],[148.482794,-36.040457],[148.482354,-36.039769],[148.482272,-36.039192],[148.482575,-36.038232],[148.481241,-36.034483],[148.477501,-36.031117],[148.476999,-36.027583],[148.476287,-36.0274],[148.474384,-36.026513],[148.473986,-36.026142],[148.474095,-36.025604],[148.47319,-36.025198],[148.473618,-36.022896],[148.473164,-36.022638],[148.471038,-36.022664],[148.469129,-36.023311],[148.468629,-36.023201],[148.468516,-36.022856],[148.468653,-36.022594],[148.469234,-36.02194],[148.469569,-36.021082],[148.469576,-36.019173],[148.469082,-36.017904],[148.468291,-36.016485],[148.468279,-36.015845],[148.467435,-36.013678],[148.467129,-36.01329],[148.466794,-36.012543],[148.466321,-36.011971],[148.465746,-36.01166],[148.465276,-36.011232],[148.465125,-36.010786],[148.464798,-36.010385],[148.463543,-36.00988],[148.462542,-36.009603],[148.461822,-36.009178],[148.461387,-36.008721],[148.461338,-36.007973],[148.458127,-36.005759],[148.458339,-36.00462],[148.458272,-36.003758],[148.458439,-36.003207],[148.458647,-36.002887],[148.458745,-36.002423],[148.458724,-36.001267],[148.459039,-36.000862],[148.459082,-36.000628],[148.458024,-35.999946],[148.4576,-36.000153],[148.457218,-36.000649],[148.456356,-36.002105],[148.45583,-36.002516],[148.454767,-36.002746],[148.453672,-36.003193],[148.453033,-36.003258],[148.451997,-36.003011],[148.450645,-36.002998],[148.450251,-36.002858],[148.449692,-36.002361],[148.449939,-36.002178],[148.450094,-36.001789],[148.450424,-36.000715],[148.45044,-36.00031],[148.45038,-36.000197],[148.449967,-36.000079],[148.4494,-36.000255],[148.448399,-36.000828],[148.447835,-36.000893],[148.447307,-36.001114],[148.445568,-35.999897],[148.443494,-35.999095],[148.442091,-35.998245],[148.441873,-35.997959],[148.441759,-35.997584],[148.441579,-35.997471],[148.440373,-35.997659],[148.439875,-35.997665],[148.439759,-35.997687],[148.440533,-35.997887],[148.440686,-35.998107],[148.441168,-35.998314],[148.441385,-35.998543],[148.441433,-35.999179],[148.44201,-36.000011],[148.443029,-36.001135],[148.443538,-36.00148],[148.443476,-36.002001],[148.443037,-36.002228],[148.443012,-36.002337],[148.439895,-36.002375],[148.437007,-36.001824],[148.435354,-36.003208],[148.433957,-36.005564],[148.433873,-36.006102],[148.434021,-36.006334],[148.434099,-36.006738],[148.433723,-36.007004],[148.433421,-36.008193],[148.433842,-36.008273],[148.433916,-36.008417],[148.43385,-36.008678],[148.433317,-36.008742],[148.432142,-36.008655],[148.431783,-36.008515],[148.431597,-36.008025],[148.431906,-36.007444],[148.431894,-36.00675],[148.431773,-36.005971],[148.431829,-36.005161],[148.431751,-36.004591],[148.430808,-36.003845],[148.428911,-36.005039],[148.425544,-36.004494],[148.42218,-36.004145],[148.420092,-36.004826],[148.419558,-36.005292],[148.418531,-36.005565],[148.41707,-36.005795],[148.414302,-36.006704],[148.412587,-36.007398],[148.407549,-36.008835],[148.4059,-36.009457],[148.405416,-36.009475],[148.404293,-36.009811],[148.402635,-36.011001],[148.402481,-36.010879],[148.401594,-36.011386],[148.401303,-36.011043],[148.400972,-36.010411],[148.400677,-36.009455],[148.397392,-36.007186],[148.396737,-36.006326],[148.395811,-36.004609],[148.394561,-36.005061],[148.394521,-36.005731],[148.394752,-36.006769],[148.394656,-36.007348],[148.39395,-36.007645],[148.39355,-36.007661],[148.391793,-36.008203],[148.391148,-36.008211],[148.390475,-36.00835],[148.388605,-36.008343],[148.38774,-36.009615],[148.387767,-36.011174],[148.387474,-36.011297],[148.387293,-36.011509],[148.386339,-36.011773],[148.385835,-36.011526],[148.385293,-36.011041],[148.385072,-36.010648],[148.38439,-36.010042],[148.383434,-36.010247],[148.38307,-36.010451],[148.381783,-36.011761],[148.380999,-36.01203],[148.380437,-36.013292],[148.380538,-36.013827],[148.380444,-36.014522],[148.379701,-36.015436],[148.379459,-36.016139],[148.377583,-36.017851],[148.377241,-36.018606],[148.376574,-36.01909],[148.375265,-36.019445],[148.374487,-36.019901],[148.371766,-36.0203],[148.371482,-36.020548],[148.370728,-36.021817],[148.370756,-36.02195],[148.3719,-36.022854],[148.371909,-36.023388],[148.372065,-36.023767],[148.371944,-36.025419],[148.371682,-36.025917],[148.371339,-36.028429],[148.371672,-36.029842],[148.372309,-36.030862],[148.374477,-36.032885],[148.374139,-36.033127],[148.373978,-36.033779],[148.371645,-36.0347],[148.37101,-36.034816],[148.369873,-36.035187],[148.36827,-36.035867],[148.366823,-36.037075],[148.363485,-36.038428],[148.362818,-36.03882],[148.361942,-36.039164],[148.360837,-36.039797],[148.359542,-36.040026],[148.358855,-36.040304],[148.358261,-36.039952],[148.357637,-36.039833],[148.356838,-36.039508],[148.356064,-36.038873],[148.355234,-36.038453],[148.354897,-36.038469],[148.353625,-36.039531],[148.353552,-36.039664],[148.353202,-36.039885],[148.351145,-36.039775],[148.349828,-36.040052],[148.349207,-36.039797],[148.348844,-36.039181],[148.348677,-36.038707],[148.347299,-36.038098],[148.345798,-36.037951],[148.344825,-36.037676],[148.343995,-36.037232],[148.34343,-36.036809],[148.342812,-36.036768],[148.341845,-36.036886],[148.338194,-36.036331],[148.33725,-36.036103],[148.336891,-36.035677],[148.336734,-36.035059],[148.33608,-36.034589],[148.334454,-36.033963],[148.33307,-36.03374],[148.332122,-36.03325],[148.331809,-36.033171],[148.324383,-36.036925],[148.324174,-36.037381],[148.323478,-36.037889],[148.322833,-36.037992],[148.322155,-36.037856],[148.320939,-36.037142],[148.320651,-36.037071],[148.318737,-36.037142],[148.31685,-36.037112],[148.313815,-36.037483],[148.313233,-36.037949],[148.312913,-36.038909],[148.312088,-36.038918],[148.311955,-36.03903],[148.311282,-36.039168],[148.31037,-36.039107],[148.309859,-36.039193],[148.306938,-36.040337],[148.30494,-36.040477],[148.304345,-36.040627],[148.302498,-36.041559],[148.301907,-36.042285],[148.302218,-36.046861],[148.302276,-36.046865],[148.302159,-36.046975],[148.303776,-36.047075],[148.304269,-36.047756],[148.304523,-36.047841],[148.304999,-36.048217],[148.304905,-36.048458],[148.305157,-36.048737],[148.304926,-36.048883],[148.304982,-36.048972],[148.304922,-36.049113],[148.30454,-36.049125],[148.304208,-36.049332],[148.304074,-36.050042],[148.304274,-36.050563],[148.303895,-36.050734],[148.302642,-36.050517],[148.297989,-36.050567],[148.295141,-36.049794],[148.293154,-36.049503],[148.291037,-36.049382],[148.289015,-36.049654],[148.288453,-36.049398],[148.2876,-36.04936],[148.286722,-36.04956],[148.285177,-36.050244],[148.28354,-36.050739],[148.282719,-36.050867],[148.281632,-36.050855],[148.281311,-36.05093],[148.280758,-36.051246],[148.279853,-36.051613],[148.278487,-36.053373],[148.279495,-36.053786],[148.278918,-36.053967],[148.274017,-36.056206],[148.27353,-36.057416],[148.272788,-36.057755],[148.270836,-36.062604],[148.269486,-36.062771],[148.269916,-36.062353],[148.269868,-36.061731],[148.270261,-36.061656],[148.271129,-36.06081],[148.271119,-36.060213],[148.270228,-36.059626],[148.270567,-36.058254],[148.271346,-36.056962],[148.270548,-36.05666],[148.270448,-36.056298],[148.268199,-36.054896],[148.265348,-36.053856],[148.26439,-36.053648],[148.263774,-36.053703],[148.2624,-36.054146],[148.261606,-36.054083],[148.261101,-36.053707],[148.26065,-36.053044],[148.260293,-36.052785],[148.259172,-36.052511],[148.258232,-36.052494],[148.256038,-36.053033],[148.251541,-36.052865],[148.250103,-36.052951],[148.249051,-36.05332],[148.247529,-36.05469],[148.246944,-36.055341],[148.24507,-36.057951],[148.242775,-36.058913],[148.241653,-36.059741],[148.24161,-36.060054],[148.240514,-36.06078],[148.239135,-36.062105],[148.237146,-36.062939],[148.236674,-36.063896],[148.236795,-36.064511],[148.236988,-36.064911],[148.237524,-36.065628],[148.23756,-36.066057],[148.236279,-36.066834],[148.235146,-36.067128],[148.234658,-36.067413],[148.230597,-36.067191],[148.227829,-36.067529],[148.225686,-36.067646],[148.224812,-36.068156],[148.223773,-36.069336],[148.222464,-36.07046],[148.2189,-36.072836],[148.216451,-36.074101],[148.21592,-36.074532],[148.215017,-36.074842],[148.213898,-36.07542],[148.21329,-36.07531],[148.210145,-36.075422],[148.209879,-36.075873],[148.209311,-36.075853],[148.208648,-36.07742],[148.207298,-36.077375],[148.206623,-36.077572],[148.203982,-36.077789],[148.202905,-36.07842],[148.2018,-36.079194],[148.200625,-36.07923],[148.198529,-36.078559],[148.197639,-36.078007],[148.196798,-36.076799],[148.196017,-36.076227],[148.194101,-36.075769],[148.192873,-36.075694],[148.191554,-36.075921],[148.190275,-36.076793],[148.187944,-36.078152],[148.187604,-36.07899],[148.187503,-36.080076],[148.187134,-36.080962],[148.186273,-36.082283],[148.185879,-36.083479],[148.185689,-36.084483],[148.185917,-36.08596],[148.185546,-36.086703],[148.184522,-36.086999],[148.183203,-36.087239],[148.18256,-36.08746],[148.182193,-36.088513],[148.181387,-36.089642],[148.180478,-36.089722],[148.179328,-36.089495],[148.178802,-36.089691],[148.177844,-36.090512],[148.177115,-36.090853],[148.176089,-36.091006],[148.174855,-36.091066],[148.173892,-36.091504],[148.1727,-36.092363],[148.171591,-36.092898],[148.168687,-36.093308],[148.167548,-36.093773],[148.165859,-36.094815],[148.163129,-36.097036],[148.162419,-36.097745],[148.162245,-36.099344],[148.161088,-36.117214],[148.160933,-36.117182],[148.160094,-36.129836],[148.159273,-36.130642],[148.159027,-36.131226],[148.15804,-36.13219],[148.157613,-36.133205],[148.157442,-36.13329],[148.156697,-36.134409],[148.156407,-36.135401],[148.155671,-36.137138],[148.156509,-36.13713],[148.157675,-36.137284],[148.158923,-36.139318],[148.158852,-36.141869],[148.158645,-36.143205],[148.157934,-36.144883],[148.15801,-36.145037],[148.157477,-36.146018],[148.158578,-36.148355],[148.157224,-36.170242],[148.155876,-36.171861],[148.154237,-36.174472],[148.154566,-36.175725],[148.153936,-36.176395],[148.149503,-36.178611],[148.144163,-36.184396],[148.142636,-36.186313],[148.142221,-36.186698],[148.142226,-36.186827],[148.139409,-36.190359],[148.138442,-36.194664],[148.1403,-36.199736],[148.141456,-36.207447],[148.141522,-36.212037],[148.142654,-36.216475],[148.143123,-36.217212],[148.146329,-36.218237],[148.14643,-36.218467],[148.145907,-36.219904],[148.146682,-36.220762],[148.147608,-36.221495],[148.150202,-36.221593],[148.150222,-36.222953],[148.15115,-36.223792],[148.150695,-36.226333],[148.149826,-36.227158],[148.148633,-36.229023],[148.149257,-36.230006],[148.149953,-36.230761],[148.148153,-36.239936],[148.147432,-36.240774],[148.146987,-36.241644],[148.147305,-36.242506],[148.147323,-36.24374],[148.14701,-36.244508],[148.146238,-36.244917],[148.142542,-36.254017],[148.142362,-36.254835],[148.141381,-36.254796],[148.141098,-36.256282],[148.140796,-36.256532],[148.139421,-36.256421],[148.138673,-36.257417],[148.139455,-36.258769],[148.140531,-36.259253],[148.139942,-36.260742],[148.137504,-36.261012],[148.134451,-36.260917],[148.129869,-36.26059],[148.131105,-36.261691],[148.133559,-36.262532],[148.1357,-36.262883],[148.136022,-36.263992],[148.137246,-36.264227],[148.13817,-36.264837],[148.13819,-36.266196],[148.138508,-36.267058],[148.137788,-36.27003],[148.137811,-36.271637],[148.136897,-36.271769],[148.135064,-36.271663],[148.134603,-36.27142],[148.133226,-36.271186],[148.131551,-36.271449],[148.130336,-36.271831],[148.129582,-36.272456],[148.1299,-36.273318],[148.131296,-36.274911],[148.130704,-36.276153],[148.130571,-36.277513],[148.129053,-36.278146],[148.128908,-36.278641],[148.128312,-36.279635],[148.126475,-36.279282],[148.12449,-36.279177],[148.122815,-36.27944],[148.12115,-36.280444],[148.120077,-36.280084],[148.119447,-36.27873],[148.11838,-36.278864],[148.118091,-36.279979],[148.118407,-36.280717],[148.118274,-36.282078],[148.117674,-36.282825],[148.117989,-36.283563],[148.120212,-36.284488],[148.120076,-36.284989],[148.118996,-36.285963],[148.118436,-36.287996],[148.120047,-36.290415],[148.120913,-36.291891],[148.120942,-36.293669],[148.120837,-36.294856],[148.120854,-36.296042],[148.121231,-36.296731],[148.122332,-36.296918],[148.122829,-36.297507],[148.12198,-36.29791],[148.121875,-36.299097],[148.122623,-36.300178],[148.123821,-36.303133],[148.120958,-36.304074],[148.115255,-36.303343],[148.115322,-36.300561],[148.110712,-36.293564],[148.10764,-36.292749],[148.103243,-36.294796],[148.090104,-36.29996],[148.086525,-36.297428],[148.08419,-36.296345],[148.081861,-36.295613],[148.077569,-36.297022],[148.077903,-36.298051],[148.076333,-36.29857],[148.077298,-36.30155],[148.077499,-36.305037],[148.07705,-36.305916],[148.078622,-36.308268],[148.079258,-36.309759],[148.079286,-36.31175],[148.078241,-36.314127],[148.078017,-36.314954],[148.077666,-36.315214],[148.076282,-36.315352],[148.074431,-36.315117],[148.06938,-36.31728],[148.065374,-36.317068],[148.062603,-36.317093],[148.062003,-36.318221],[148.061898,-36.318636],[148.061366,-36.318641],[148.060765,-36.319764],[148.06003,-36.322637],[148.060641,-36.323921],[148.059903,-36.324288],[148.060055,-36.325143],[148.058665,-36.325836],[148.059503,-36.330584],[148.059468,-36.33127],[148.059747,-36.333485],[148.061261,-36.334684],[148.062382,-36.335274],[148.062431,-36.335819],[148.060435,-36.335304],[148.059071,-36.335096],[148.058232,-36.336694],[148.057834,-36.336644],[148.057251,-36.337754],[148.05466,-36.337553],[148.054977,-36.33929],[148.05441,-36.340719],[148.054417,-36.341272],[148.054232,-36.342065],[148.053875,-36.342068],[148.05369,-36.342217],[148.053124,-36.34225],[148.052579,-36.342109],[148.052625,-36.341946],[148.052043,-36.341857],[148.05106,-36.342781],[148.051088,-36.342353],[148.050871,-36.343222],[148.05036,-36.344058],[148.049622,-36.344802],[148.049395,-36.345214],[148.048062,-36.346107],[148.047906,-36.346553],[148.047961,-36.347482],[148.048158,-36.347929],[148.048497,-36.348296],[148.048496,-36.348755],[148.048142,-36.34911],[148.047872,-36.349534],[148.04732,-36.349647],[148.046838,-36.349876],[148.046526,-36.350356],[148.046685,-36.350268]],[[148.445403,-35.916174],[148.445405,-35.916173],[148.445404,-35.916174],[148.445403,-35.916174]],[[148.625897,-35.974849],[148.625905,-35.974846],[148.625908,-35.974846],[148.625897,-35.974849]],[[148.12726,-36.471544],[148.128486,-36.472607],[148.128486,-36.472608],[148.12726,-36.471544]],[[148.206123,-36.609704],[148.206414,-36.609724],[148.206123,-36.609706],[148.206123,-36.609704]],[[148.59706,-36.057135],[148.597069,-36.057159],[148.597028,-36.057124],[148.59706,-36.057135]],[[148.505892,-36.479448],[148.505948,-36.479452],[148.505857,-36.479471],[148.505892,-36.479448]],[[148.600905,-36.23792],[148.600943,-36.237893],[148.601,-36.237914],[148.600905,-36.23792]],[[148.461555,-36.458451],[148.4616,-36.458441],[148.461716,-36.458517],[148.461555,-36.458451]],[[148.653196,-36.035043],[148.653243,-36.034988],[148.653336,-36.034978],[148.653196,-36.035043]],[[148.59268,-36.247369],[148.592789,-36.247333],[148.592762,-36.247385],[148.59268,-36.247369]],[[148.475251,-36.434052],[148.475339,-36.434091],[148.475215,-36.434102],[148.475251,-36.434052]],[[148.558539,-36.045335],[148.558568,-36.045264],[148.558709,-36.045177],[148.558539,-36.045335]],[[148.2886,-36.587585],[148.288808,-36.587541],[148.288796,-36.587583],[148.2886,-36.587585]],[[148.546625,-36.46866],[148.546691,-36.468619],[148.546693,-36.468745],[148.546625,-36.46866]],[[148.653371,-36.034973],[148.654037,-36.034882],[148.653849,-36.034966],[148.653371,-36.034973]],[[148.048815,-36.348433],[148.048944,-36.348676],[148.048829,-36.348802],[148.048815,-36.348433]],[[148.597619,-36.05863],[148.597758,-36.059002],[148.597515,-36.058696],[148.597619,-36.05863]],[[148.418191,-36.288848],[148.41833,-36.288553],[148.418346,-36.289433],[148.418191,-36.288848]],[[148.19085,-36.583553],[148.190899,-36.583141],[148.191324,-36.583877],[148.19085,-36.583553]],[[148.467236,-36.257441],[148.467513,-36.257209],[148.467751,-36.257359],[148.467708,-36.25755],[148.467477,-36.257781],[148.467236,-36.257441]],[[148.38604,-36.288757],[148.386303,-36.288754],[148.386711,-36.289548],[148.386517,-36.28971],[148.386248,-36.289393],[148.38604,-36.288757]],[[148.419178,-36.184206],[148.419547,-36.183898],[148.419922,-36.183944],[148.419558,-36.184556],[148.41937,-36.184507],[148.419178,-36.184206]],[[148.475213,-35.963304],[148.475414,-35.963063],[148.475764,-35.963034],[148.475946,-35.963223],[148.475776,-35.963533],[148.475336,-35.96361],[148.475213,-35.963304]],[[148.444827,-36.16402],[148.445205,-36.164217],[148.445459,-36.164467],[148.44534,-36.164772],[148.445092,-36.164876],[148.444839,-36.164677],[148.444827,-36.16402]],[[148.368529,-36.306162],[148.36866,-36.306417],[148.368467,-36.306633],[148.368074,-36.306744],[148.367677,-36.306588],[148.368065,-36.306211],[148.368529,-36.306162]],[[148.433795,-36.178265],[148.434297,-36.178411],[148.434616,-36.178812],[148.434684,-36.179114],[148.434183,-36.179019],[148.433928,-36.178719],[148.433795,-36.178265]],[[148.373771,-36.301568],[148.37416,-36.301244],[148.374153,-36.300872],[148.374352,-36.300922],[148.374553,-36.301133],[148.374359,-36.301348],[148.374172,-36.301936],[148.373842,-36.301887],[148.373771,-36.301568]],[[148.380781,-36.288871],[148.380902,-36.288231],[148.38103,-36.28807],[148.381299,-36.288386],[148.381052,-36.289294],[148.380724,-36.289351],[148.380781,-36.288871]],[[148.421603,-36.183773],[148.421913,-36.183617],[148.422287,-36.183613],[148.422539,-36.183761],[148.422234,-36.184119],[148.421986,-36.184223],[148.421611,-36.184177],[148.421603,-36.183773]],[[148.411055,-36.048492],[148.411658,-36.048717],[148.409635,-36.048714],[148.40968,-36.048617],[148.410528,-36.048297],[148.411055,-36.048492]],[[148.265161,-36.334484],[148.26579,-36.33435],[148.266108,-36.334474],[148.265799,-36.334925],[148.265329,-36.335121],[148.265161,-36.334484]],[[148.420925,-36.180746],[148.42148,-36.180385],[148.422102,-36.180276],[148.422043,-36.180479],[148.421613,-36.180839],[148.421302,-36.180893],[148.420994,-36.181149],[148.420925,-36.180746]],[[148.420143,-36.185813],[148.420339,-36.186317],[148.419653,-36.186325],[148.419277,-36.186228],[148.419398,-36.186024],[148.419952,-36.185613],[148.420143,-36.185813]],[[148.268251,-36.063357],[148.269031,-36.063206],[148.269384,-36.062871],[148.269177,-36.064006],[148.268251,-36.063357]],[[148.449623,-36.15688],[148.449743,-36.156575],[148.450112,-36.156318],[148.450549,-36.156312],[148.450554,-36.156616],[148.450373,-36.156921],[148.449876,-36.157029],[148.449623,-36.15688]],[[148.425989,-36.184732],[148.426103,-36.184174],[148.426409,-36.183817],[148.426596,-36.183814],[148.426788,-36.184065],[148.426792,-36.184318],[148.426546,-36.184473],[148.426363,-36.184728],[148.425989,-36.184732]],[[148.464702,-36.260175],[148.464895,-36.260439],[148.464864,-36.261276],[148.46444,-36.261243],[148.46437,-36.260026],[148.4647,-36.26006],[148.464702,-36.260175]],[[148.229109,-36.407832],[148.229278,-36.407693],[148.229527,-36.407206],[148.229779,-36.406928],[148.229874,-36.407548],[148.22954,-36.408035],[148.229378,-36.40859],[148.229109,-36.407832]],[[148.453441,-36.150814],[148.454497,-36.150548],[148.454811,-36.150696],[148.454816,-36.150949],[148.454631,-36.151053],[148.453945,-36.151061],[148.453507,-36.151016],[148.453441,-36.150814]],[[148.431268,-36.176525],[148.432075,-36.176313],[148.432266,-36.176513],[148.432271,-36.176766],[148.43159,-36.177078],[148.431275,-36.17693],[148.431268,-36.176525]],[[148.408567,-36.149457],[148.408855,-36.149395],[148.409144,-36.14945],[148.409147,-36.149626],[148.408297,-36.150454],[148.408077,-36.150282],[148.408213,-36.149812],[148.408567,-36.149457]],[[148.217337,-36.398213],[148.217502,-36.397866],[148.217837,-36.397448],[148.218346,-36.397166],[148.218352,-36.397581],[148.217847,-36.398069],[148.217685,-36.398624],[148.217337,-36.398213]],[[148.124803,-36.390797],[148.125701,-36.390423],[148.126485,-36.389959],[148.126596,-36.389776],[148.126938,-36.390046],[148.126492,-36.390416],[148.125594,-36.390789],[148.124803,-36.390797]],[[148.412991,-36.180232],[148.413113,-36.180079],[148.41311,-36.179877],[148.412915,-36.179475],[148.413037,-36.179321],[148.413794,-36.179768],[148.413988,-36.18012],[148.413305,-36.18033],[148.413246,-36.180533],[148.412991,-36.180232]],[[148.446995,-36.163184],[148.447435,-36.163381],[148.447189,-36.163586],[148.446068,-36.163651],[148.445875,-36.163349],[148.446307,-36.163091],[148.446743,-36.163086],[148.446995,-36.163184]],[[148.432174,-36.181724],[148.432478,-36.181316],[148.432851,-36.18121],[148.433159,-36.181004],[148.433973,-36.181146],[148.433852,-36.181401],[148.433229,-36.181408],[148.432798,-36.181767],[148.432174,-36.181724]],[[148.21565,-36.539047],[148.215932,-36.539701],[148.21594,-36.540248],[148.214838,-36.539165],[148.215375,-36.538831],[148.21565,-36.539047]],[[148.414865,-36.237394],[148.41508,-36.236938],[148.41563,-36.236387],[148.415543,-36.237749],[148.414985,-36.237847],[148.414865,-36.237394]],[[148.435568,-36.242863],[148.435897,-36.242496],[148.436235,-36.242583],[148.436694,-36.243212],[148.436255,-36.243671],[148.435799,-36.243223],[148.435568,-36.242863]],[[148.423355,-36.180565],[148.423724,-36.180257],[148.424287,-36.180352],[148.424481,-36.180754],[148.423986,-36.180962],[148.423681,-36.18132],[148.423364,-36.181071],[148.423355,-36.180565]],[[148.428174,-36.193422],[148.428837,-36.19296],[148.429503,-36.19268],[148.429729,-36.192768],[148.429732,-36.192949],[148.429291,-36.193318],[148.428404,-36.193782],[148.428174,-36.193422]],[[148.435631,-36.203402],[148.436516,-36.202847],[148.436746,-36.203207],[148.43609,-36.204031],[148.435756,-36.204126],[148.435637,-36.203764],[148.435631,-36.203402]],[[148.392403,-36.233667],[148.393184,-36.233476],[148.393318,-36.234744],[148.392755,-36.23457],[148.392403,-36.233667]],[[148.40391,-36.791919],[148.405473,-36.792833],[148.405593,-36.793019],[148.405557,-36.793175],[148.405172,-36.793272],[148.404699,-36.792811],[148.404427,-36.792752],[148.403874,-36.792075],[148.40391,-36.791919]],[[148.450914,-36.155802],[148.451035,-36.155598],[148.451468,-36.155441],[148.451149,-36.15504],[148.451394,-36.154785],[148.451962,-36.155182],[148.452093,-36.155484],[148.452037,-36.155839],[148.451478,-36.155947],[148.450914,-36.155802]],[[148.189211,-36.530777],[148.189611,-36.530335],[148.190287,-36.530219],[148.190165,-36.531096],[148.189629,-36.531539],[148.189211,-36.530777]],[[148.412616,-36.105292],[148.412846,-36.104705],[148.413083,-36.104507],[148.412961,-36.104411],[148.413558,-36.104209],[148.413691,-36.10489],[148.413576,-36.105184],[148.41298,-36.105483],[148.41262,-36.105487],[148.412616,-36.105292]],[[148.21495,-36.404109],[148.215214,-36.40459],[148.21532,-36.405901],[148.214632,-36.405632],[148.214539,-36.405149],[148.21495,-36.404109]],[[148.411407,-36.168414],[148.411661,-36.168664],[148.411791,-36.168966],[148.411739,-36.169574],[148.410983,-36.169128],[148.410726,-36.168726],[148.410842,-36.168219],[148.411278,-36.168214],[148.411407,-36.168414]],[[148.419861,-36.241236],[148.420531,-36.241137],[148.420869,-36.241224],[148.420546,-36.241953],[148.419876,-36.242052],[148.419309,-36.241696],[148.419861,-36.241236]],[[148.182221,-36.386316],[148.182996,-36.385304],[148.183345,-36.38594],[148.18324,-36.386488],[148.182341,-36.386771],[148.182221,-36.386316]],[[148.285713,-36.617333],[148.285839,-36.616784],[148.28665,-36.616557],[148.286672,-36.61787],[148.286127,-36.617766],[148.285713,-36.617333]],[[148.375171,-36.29889],[148.375887,-36.298456],[148.376009,-36.297922],[148.375936,-36.297551],[148.376196,-36.297335],[148.376467,-36.297811],[148.376541,-36.298289],[148.376153,-36.298666],[148.375892,-36.298775],[148.375702,-36.299204],[148.375243,-36.299262],[148.375171,-36.29889]],[[148.232618,-36.408142],[148.233044,-36.408068],[148.23348,-36.408616],[148.232886,-36.408899],[148.232551,-36.409317],[148.231953,-36.409323],[148.232284,-36.408629],[148.232618,-36.408142]],[[148.437151,-36.24366],[148.437366,-36.243204],[148.43804,-36.243287],[148.438046,-36.243649],[148.437506,-36.244744],[148.437169,-36.244658],[148.437151,-36.24366]],[[148.647783,-35.932467],[148.648096,-35.93199],[148.649171,-35.932175],[148.649527,-35.932548],[148.649081,-35.932816],[148.64863,-35.932875],[148.64785,-35.932571],[148.647783,-35.932467]],[[148.432784,-36.297991],[148.433169,-36.297924],[148.433788,-36.298042],[148.434179,-36.298349],[148.434109,-36.298725],[148.433651,-36.29898],[148.432951,-36.298676],[148.432784,-36.297991]],[[148.376603,-36.283064],[148.376727,-36.282636],[148.37672,-36.282264],[148.376976,-36.281888],[148.377367,-36.281671],[148.377571,-36.282041],[148.377188,-36.282684],[148.3772,-36.283376],[148.377269,-36.283588],[148.376609,-36.283436],[148.376603,-36.283064]],[[148.433364,-36.244794],[148.433813,-36.244879],[148.434274,-36.2456],[148.435065,-36.245953],[148.434172,-36.246145],[148.433833,-36.245968],[148.433263,-36.24543],[148.433364,-36.244794]],[[148.463277,-36.287385],[148.463423,-36.286946],[148.463803,-36.286629],[148.464344,-36.286685],[148.46428,-36.287373],[148.464055,-36.28775],[148.463602,-36.288255],[148.463277,-36.287385]],[[148.421577,-36.224706],[148.421676,-36.223979],[148.422112,-36.223339],[148.422455,-36.223697],[148.42247,-36.224514],[148.421923,-36.225246],[148.421577,-36.224706]],[[148.293556,-36.52597],[148.293957,-36.525637],[148.294367,-36.525851],[148.294783,-36.526394],[148.294384,-36.526836],[148.293572,-36.526954],[148.293556,-36.52597]],[[148.434643,-36.241241],[148.435859,-36.24041],[148.435871,-36.241045],[148.435431,-36.241504],[148.435105,-36.242052],[148.434663,-36.242329],[148.434643,-36.241241]],[[148.477089,-36.259109],[148.477177,-36.258803],[148.477592,-36.258417],[148.477968,-36.258375],[148.478022,-36.258793],[148.477698,-36.259025],[148.478082,-36.259477],[148.478556,-36.259661],[148.478517,-36.260081],[148.477953,-36.260088],[148.477807,-36.259823],[148.477425,-36.259485],[148.477189,-36.25945],[148.477089,-36.259109]],[[148.249882,-36.542305],[148.250148,-36.541974],[148.250956,-36.541637],[148.251632,-36.541521],[148.251639,-36.541958],[148.251511,-36.542398],[148.251106,-36.542511],[148.250292,-36.54252],[148.249882,-36.542305]],[[148.424952,-36.165421],[148.42509,-36.166128],[148.42466,-36.166487],[148.424101,-36.166645],[148.423607,-36.166904],[148.42329,-36.166655],[148.423724,-36.166498],[148.424464,-36.165984],[148.424763,-36.165322],[148.424505,-36.16482],[148.424494,-36.164213],[148.424874,-36.164512],[148.424952,-36.165421]],[[148.436792,-36.199578],[148.437588,-36.200294],[148.437485,-36.200749],[148.436598,-36.201213],[148.436585,-36.200487],[148.436807,-36.200394],[148.436914,-36.200121],[148.436351,-36.199946],[148.436122,-36.199676],[148.436451,-36.19931],[148.436792,-36.199578]],[[148.429852,-36.224154],[148.430181,-36.223787],[148.430519,-36.223873],[148.43053,-36.224508],[148.43032,-36.225236],[148.429541,-36.225518],[148.429307,-36.224976],[148.429638,-36.2247],[148.429852,-36.224154]],[[148.418728,-36.240524],[148.420068,-36.240326],[148.420296,-36.240505],[148.42008,-36.240961],[148.418626,-36.241069],[148.417727,-36.240898],[148.417386,-36.24063],[148.417836,-36.240716],[148.418728,-36.240524]],[[148.416621,-36.235469],[148.41663,-36.235922],[148.416062,-36.235475],[148.416276,-36.234928],[148.417144,-36.233376],[148.417916,-36.232732],[148.417924,-36.233185],[148.417045,-36.234103],[148.416621,-36.235469]],[[148.371839,-36.721322],[148.372753,-36.721361],[148.372699,-36.721705],[148.371791,-36.722059],[148.371741,-36.722697],[148.371622,-36.722846],[148.371198,-36.722998],[148.371066,-36.722411],[148.371297,-36.721721],[148.371839,-36.721322]],[[148.421263,-36.225889],[148.421283,-36.226977],[148.420506,-36.227349],[148.42027,-36.226717],[148.42081,-36.225622],[148.421477,-36.225342],[148.421263,-36.225889]],[[148.244533,-36.130777],[148.244796,-36.129952],[148.244965,-36.128978],[148.245423,-36.128749],[148.245268,-36.13062],[148.244913,-36.13152],[148.244535,-36.130926],[148.244533,-36.130777]],[[148.393067,-36.233205],[148.393508,-36.232837],[148.394159,-36.23165],[148.394501,-36.232009],[148.394289,-36.232647],[148.394305,-36.233554],[148.393295,-36.233475],[148.393067,-36.233205]],[[148.312782,-36.532217],[148.313861,-36.531877],[148.314948,-36.531974],[148.31495,-36.532083],[148.314142,-36.532421],[148.313473,-36.532975],[148.312932,-36.533091],[148.312782,-36.532217]],[[148.22959,-36.411212],[148.229681,-36.411557],[148.229005,-36.412047],[148.228255,-36.413299],[148.228158,-36.41254],[148.228743,-36.411705],[148.229154,-36.410664],[148.229406,-36.410385],[148.22959,-36.411212]],[[148.436642,-36.246478],[148.437092,-36.246564],[148.437658,-36.24692],[148.438235,-36.24782],[148.437685,-36.248371],[148.437118,-36.248015],[148.437108,-36.247471],[148.436642,-36.246478]],[[148.412607,-36.313402],[148.413114,-36.313756],[148.413179,-36.314251],[148.412733,-36.314256],[148.412394,-36.313945],[148.411722,-36.313728],[148.410662,-36.31365],[148.410546,-36.313381],[148.411377,-36.313146],[148.412046,-36.313183],[148.412607,-36.313402]],[[148.285079,-36.587351],[148.285208,-36.586912],[148.286149,-36.586355],[148.287214,-36.585139],[148.287355,-36.585466],[148.286961,-36.586237],[148.286431,-36.587008],[148.285079,-36.587351]],[[148.442406,-36.301246],[148.442493,-36.301745],[148.442115,-36.302186],[148.440956,-36.302075],[148.440559,-36.301456],[148.440942,-36.301264],[148.441558,-36.301257],[148.442096,-36.301125],[148.442406,-36.301246]],[[148.424586,-36.236281],[148.425699,-36.235905],[148.426488,-36.236168],[148.427171,-36.236795],[148.426504,-36.237075],[148.425597,-36.236451],[148.424815,-36.236551],[148.424269,-36.237283],[148.424586,-36.236281]],[[148.546432,-36.268486],[148.547374,-36.26796],[148.549126,-36.268194],[148.549615,-36.268831],[148.549617,-36.26896],[148.54898,-36.268839],[148.547858,-36.268339],[148.546757,-36.268868],[148.546432,-36.268486]],[[148.424888,-36.240541],[148.425444,-36.240353],[148.426015,-36.240981],[148.426029,-36.241707],[148.425472,-36.241895],[148.42445,-36.241091],[148.424888,-36.240541]],[[148.440041,-36.205889],[148.44037,-36.205522],[148.440586,-36.205066],[148.440579,-36.204703],[148.441139,-36.204696],[148.441601,-36.205507],[148.441386,-36.205963],[148.440273,-36.206339],[148.440041,-36.205889]],[[148.509656,-35.932326],[148.509822,-35.932371],[148.510038,-35.932636],[148.509987,-35.933019],[148.508881,-35.933588],[148.508539,-35.933516],[148.508467,-35.93344],[148.508531,-35.933085],[148.508383,-35.932753],[148.508414,-35.932532],[148.508858,-35.932355],[148.509656,-35.932326]],[[148.158772,-36.419509],[148.159774,-36.418495],[148.160668,-36.417847],[148.16168,-36.417472],[148.162463,-36.417008],[148.163143,-36.417093],[148.160675,-36.418304],[148.159111,-36.419506],[148.158772,-36.419509]],[[148.43401,-36.17978],[148.434507,-36.179673],[148.43526,-36.179866],[148.435515,-36.180167],[148.436333,-36.180562],[148.435839,-36.180871],[148.434149,-36.180537],[148.433959,-36.180388],[148.43401,-36.17978]],[[148.423271,-36.237839],[148.423394,-36.238472],[148.423302,-36.239562],[148.422751,-36.240022],[148.422186,-36.239757],[148.422183,-36.239575],[148.422507,-36.238937],[148.422716,-36.238118],[148.423271,-36.237839]],[[148.251992,-36.546989],[148.252022,-36.54885],[148.251902,-36.549836],[148.251215,-36.549296],[148.251344,-36.548857],[148.251608,-36.548416],[148.251601,-36.547979],[148.251185,-36.547436],[148.251448,-36.546886],[148.251851,-36.546663],[148.251992,-36.546989]],[[148.280688,-36.338086],[148.281221,-36.336931],[148.281774,-36.336989],[148.282397,-36.336472],[148.283499,-36.336268],[148.282878,-36.336914],[148.281941,-36.337498],[148.281318,-36.338016],[148.280688,-36.338086]],[[148.349447,-36.336098],[148.350334,-36.334954],[148.350735,-36.334283],[148.351061,-36.334079],[148.351148,-36.334345],[148.351077,-36.335013],[148.350436,-36.336087],[148.349624,-36.336763],[148.349447,-36.336098]],[[148.318943,-36.202684],[148.320304,-36.203398],[148.321921,-36.204005],[148.322181,-36.204211],[148.322189,-36.204679],[148.322063,-36.204837],[148.321866,-36.204579],[148.321152,-36.20417],[148.320571,-36.203968],[148.319928,-36.203975],[148.3196,-36.203562],[148.319079,-36.203151],[148.318943,-36.202684]],[[148.297179,-36.777336],[148.297274,-36.777824],[148.296233,-36.777905],[148.294769,-36.77862],[148.295364,-36.777845],[148.295706,-36.777562],[148.296051,-36.777418],[148.296471,-36.776575],[148.29726,-36.776986],[148.297179,-36.777336]],[[148.454195,-36.202543],[148.454635,-36.202174],[148.455085,-36.20226],[148.455754,-36.202161],[148.456421,-36.20188],[148.456539,-36.202242],[148.456205,-36.202337],[148.4551,-36.203076],[148.454773,-36.203533],[148.454327,-36.203629],[148.454195,-36.202543]],[[148.416136,-36.178172],[148.416694,-36.177963],[148.416991,-36.17715],[148.417237,-36.176945],[148.417541,-36.176486],[148.418224,-36.176276],[148.418478,-36.176526],[148.4183,-36.177033],[148.417992,-36.17729],[148.417372,-36.1775],[148.417068,-36.177959],[148.416578,-36.17847],[148.416343,-36.179232],[148.416142,-36.178475],[148.416136,-36.178172]],[[148.130617,-36.386724],[148.132869,-36.386246],[148.134443,-36.385775],[148.134899,-36.386044],[148.133889,-36.386511],[148.133099,-36.386518],[148.132537,-36.386706],[148.13096,-36.386995],[148.130175,-36.387368],[148.130617,-36.386724]],[[148.381132,-36.293871],[148.381257,-36.293497],[148.381653,-36.293546],[148.381663,-36.294131],[148.382198,-36.294657],[148.382416,-36.295826],[148.381956,-36.295831],[148.381492,-36.295623],[148.38129,-36.29536],[148.381132,-36.293871]],[[148.096265,-36.377274],[148.096386,-36.377821],[148.09594,-36.37819],[148.095485,-36.378012],[148.095253,-36.377557],[148.094805,-36.377835],[148.094128,-36.377842],[148.095922,-36.376912],[148.096477,-36.376268],[148.097371,-36.37562],[148.096265,-36.377274]],[[148.226889,-36.452312],[148.227326,-36.45277],[148.226614,-36.453008],[148.225757,-36.453132],[148.224891,-36.452679],[148.224884,-36.452217],[148.225739,-36.451977],[148.226889,-36.452312]],[[148.415966,-36.314398],[148.416851,-36.314118],[148.417065,-36.313619],[148.417393,-36.313255],[148.418005,-36.313248],[148.418569,-36.313647],[148.418798,-36.313959],[148.417407,-36.314066],[148.41708,-36.31443],[148.416865,-36.314884],[148.416088,-36.314983],[148.415966,-36.314398]],[[148.134622,-36.413623],[148.136437,-36.414154],[148.136896,-36.414606],[148.137128,-36.41506],[148.13838,-36.415688],[148.139067,-36.41632],[148.138728,-36.416324],[148.136565,-36.415157],[148.135758,-36.414069],[148.133718,-36.413632],[148.133716,-36.413449],[148.134622,-36.413623]],[[148.252596,-36.575986],[148.25286,-36.575546],[148.253262,-36.575213],[148.253242,-36.57401],[148.253644,-36.573677],[148.253783,-36.573895],[148.25379,-36.574332],[148.253533,-36.575211],[148.253942,-36.575316],[148.254483,-36.575201],[148.254891,-36.575306],[148.254904,-36.576072],[148.254218,-36.575641],[148.253676,-36.575647],[148.25327,-36.57576],[148.253145,-36.576418],[148.252596,-36.575986]],[[148.43783,-36.250183],[148.43861,-36.249992],[148.439067,-36.250441],[148.439304,-36.251163],[148.439316,-36.251798],[148.438415,-36.251537],[148.437614,-36.250639],[148.43783,-36.250183]],[[148.550895,-36.269329],[148.552165,-36.269312],[148.552816,-36.270075],[148.552831,-36.270847],[148.552513,-36.270851],[148.552201,-36.271112],[148.550895,-36.269329]],[[148.433801,-36.250322],[148.43401,-36.249503],[148.434342,-36.249318],[148.43477,-36.248224],[148.435435,-36.247853],[148.43587,-36.247123],[148.435992,-36.247665],[148.435128,-36.249399],[148.434352,-36.249862],[148.433801,-36.250322]],[[148.308269,-36.529968],[148.308534,-36.529637],[148.309084,-36.530069],[148.30976,-36.529952],[148.310299,-36.529727],[148.310447,-36.530491],[148.310184,-36.530932],[148.309366,-36.530722],[148.308285,-36.530953],[148.308269,-36.529968]],[[148.272798,-36.333382],[148.273272,-36.333441],[148.274383,-36.333812],[148.275178,-36.334186],[148.276675,-36.334043],[148.275579,-36.334565],[148.274715,-36.33483],[148.274003,-36.33471],[148.273282,-36.334015],[148.272798,-36.333382]],[[148.420092,-36.235427],[148.420324,-36.235878],[148.419995,-36.236245],[148.420126,-36.237332],[148.419458,-36.237521],[148.418551,-36.236897],[148.418431,-36.236445],[148.41932,-36.236072],[148.420092,-36.235427]],[[148.419286,-36.227999],[148.419732,-36.227903],[148.419742,-36.228447],[148.419429,-36.22972],[148.41889,-36.230906],[148.418008,-36.231642],[148.417993,-36.230826],[148.418319,-36.230278],[148.419088,-36.229452],[148.419286,-36.227999]],[[148.427991,-36.232612],[148.428546,-36.232333],[148.429334,-36.232596],[148.429235,-36.233323],[148.428572,-36.233784],[148.427816,-36.235336],[148.427586,-36.234975],[148.427581,-36.234703],[148.427469,-36.234705],[148.428119,-36.233518],[148.428221,-36.232972],[148.427991,-36.232612]],[[148.192962,-36.527785],[148.193086,-36.527017],[148.193622,-36.526574],[148.193471,-36.52559],[148.193598,-36.525042],[148.194007,-36.525147],[148.194147,-36.525474],[148.194296,-36.526348],[148.194306,-36.527005],[148.193774,-36.527667],[148.193235,-36.527891],[148.192962,-36.527785]],[[148.402803,-36.257947],[148.403356,-36.257578],[148.403674,-36.256576],[148.40377,-36.255668],[148.404098,-36.25521],[148.404333,-36.255843],[148.404237,-36.256751],[148.404599,-36.258198],[148.402803,-36.257947]],[[148.421603,-36.195414],[148.422437,-36.194224],[148.422862,-36.194011],[148.423368,-36.193588],[148.423803,-36.193999],[148.423646,-36.194765],[148.422459,-36.195404],[148.422038,-36.195825],[148.421603,-36.195414]],[[148.378295,-36.72792],[148.379268,-36.727811],[148.379646,-36.728494],[148.379717,-36.729081],[148.379436,-36.730409],[148.378869,-36.729337],[148.37831,-36.728754],[148.378295,-36.72792]],[[148.087671,-36.407411],[148.087931,-36.406642],[148.088326,-36.405873],[148.08885,-36.404555],[148.089514,-36.403673],[148.089657,-36.404219],[148.08834,-36.406858],[148.088091,-36.408392],[148.087674,-36.40763],[148.087671,-36.407411]],[[148.382437,-36.289544],[148.382902,-36.289805],[148.382845,-36.290285],[148.382653,-36.290606],[148.381871,-36.290988],[148.381745,-36.291309],[148.38142,-36.291525],[148.381423,-36.291685],[148.380962,-36.291637],[148.381016,-36.290998],[148.38134,-36.290728],[148.381521,-36.289821],[148.38191,-36.289497],[148.382437,-36.289544]],[[148.414154,-36.241485],[148.415847,-36.242191],[148.416438,-36.243907],[148.415764,-36.243824],[148.415419,-36.243284],[148.415183,-36.242652],[148.414623,-36.242659],[148.414281,-36.2423],[148.414154,-36.241485]],[[148.438967,-36.181289],[148.438972,-36.181592],[148.439103,-36.181894],[148.438295,-36.182106],[148.437917,-36.181908],[148.437786,-36.181556],[148.43778,-36.181202],[148.437651,-36.181001],[148.437338,-36.180904],[148.437209,-36.180703],[148.437706,-36.180596],[148.438014,-36.180339],[148.438636,-36.180281],[148.439139,-36.180477],[148.438967,-36.181289]],[[148.233012,-36.459416],[148.233021,-36.459994],[148.233461,-36.460683],[148.232459,-36.460693],[148.231447,-36.46001],[148.231296,-36.459549],[148.231291,-36.459202],[148.232148,-36.459078],[148.233012,-36.459416]],[[148.416201,-36.230757],[148.416215,-36.231573],[148.415892,-36.232302],[148.4149,-36.23313],[148.414809,-36.234311],[148.414674,-36.233042],[148.414776,-36.232497],[148.415216,-36.232038],[148.41574,-36.230036],[148.416187,-36.230031],[148.416201,-36.230757]],[[148.254971,-36.538312],[148.254993,-36.539625],[148.254734,-36.540394],[148.254043,-36.539635],[148.254304,-36.538975],[148.253617,-36.538435],[148.254011,-36.537665],[148.254413,-36.537333],[148.254971,-36.538312]],[[148.321626,-36.205623],[148.322728,-36.206183],[148.32261,-36.20681],[148.322227,-36.20697],[148.321007,-36.206984],[148.320617,-36.206727],[148.320736,-36.206153],[148.320668,-36.205946],[148.320919,-36.205578],[148.321626,-36.205623]],[[148.418203,-36.35694],[148.419034,-36.356728],[148.419702,-36.356787],[148.420293,-36.357185],[148.421141,-36.357918],[148.421488,-36.358656],[148.421241,-36.358794],[148.420563,-36.358262],[148.419551,-36.357667],[148.418711,-36.357339],[148.418203,-36.35694]],[[148.300079,-36.533999],[148.300363,-36.534405],[148.300277,-36.534778],[148.299865,-36.534969],[148.300159,-36.536007],[148.299752,-36.536458],[148.299428,-36.536387],[148.299416,-36.535718],[148.29927,-36.535236],[148.298942,-36.534942],[148.299154,-36.533823],[148.29938,-36.53356],[148.300079,-36.533999]],[[148.284997,-36.25841],[148.285117,-36.25794],[148.285751,-36.257361],[148.286579,-36.256883],[148.286775,-36.257089],[148.286978,-36.257712],[148.286984,-36.258024],[148.286603,-36.258341],[148.285391,-36.258927],[148.285069,-36.258878],[148.284997,-36.25841]],[[148.227752,-36.153978],[148.230132,-36.152907],[148.231138,-36.152373],[148.232311,-36.150716],[148.233042,-36.150335],[148.232229,-36.15139],[148.23169,-36.152292],[148.231145,-36.152821],[148.23032,-36.153129],[148.22895,-36.153965],[148.22776,-36.154501],[148.227752,-36.153978]],[[148.389515,-36.357885],[148.389787,-36.359097],[148.388356,-36.358438],[148.388257,-36.357562],[148.388411,-36.356818],[148.389578,-36.356737],[148.389515,-36.357885]],[[148.310691,-36.795237],[148.311029,-36.794864],[148.311639,-36.794927],[148.312256,-36.795479],[148.312949,-36.795332],[148.313733,-36.795463],[148.314006,-36.796159],[148.31375,-36.796441],[148.312874,-36.796031],[148.312179,-36.796039],[148.311652,-36.795695],[148.310262,-36.795711],[148.310691,-36.795237]],[[148.153401,-36.448057],[148.153517,-36.446742],[148.154314,-36.44564],[148.154838,-36.444431],[148.154996,-36.445962],[148.154607,-36.44717],[148.153401,-36.448057]],[[148.406687,-36.036126],[148.407023,-36.036221],[148.407076,-36.039176],[148.406865,-36.039867],[148.405833,-36.035887],[148.406687,-36.036126]],[[148.440012,-36.198178],[148.440112,-36.197542],[148.441338,-36.197255],[148.441677,-36.197433],[148.441573,-36.197887],[148.441812,-36.198701],[148.4416,-36.199338],[148.440927,-36.199256],[148.440695,-36.198805],[148.440012,-36.198178]],[[148.468062,-36.023482],[148.468189,-36.023871],[148.467229,-36.023882],[148.466751,-36.023986],[148.466874,-36.024179],[148.465921,-36.024581],[148.46569,-36.025072],[148.465332,-36.025174],[148.465319,-36.024491],[148.465427,-36.023807],[148.466023,-36.023605],[148.465892,-36.023021],[148.466247,-36.022724],[148.466376,-36.02321],[148.46662,-36.023402],[148.466976,-36.023203],[148.468062,-36.023482]],[[148.268831,-36.332083],[148.269299,-36.331759],[148.269685,-36.331244],[148.270386,-36.330662],[148.271253,-36.330589],[148.272201,-36.330642],[148.271813,-36.33103],[148.270954,-36.331614],[148.27056,-36.331618],[148.269234,-36.33259],[148.268831,-36.332083]],[[148.36067,-36.317967],[148.361068,-36.317162],[148.362211,-36.316549],[148.362868,-36.316409],[148.363694,-36.316532],[148.364027,-36.316729],[148.364118,-36.317261],[148.363378,-36.317336],[148.362305,-36.317215],[148.361734,-36.317555],[148.360677,-36.318367],[148.36067,-36.317967]],[[148.261887,-36.292704],[148.26208,-36.291689],[148.262914,-36.291681],[148.263443,-36.292182],[148.264298,-36.293439],[148.263361,-36.293533],[148.261887,-36.292704]],[[148.332639,-36.353256],[148.333267,-36.353833],[148.332972,-36.35467],[148.332571,-36.355341],[148.332265,-36.355511],[148.331949,-36.355098],[148.331829,-36.354099],[148.331921,-36.353431],[148.332221,-36.352928],[148.33334,-36.352082],[148.332639,-36.353256]],[[148.193141,-36.486411],[148.193254,-36.484987],[148.1931,-36.483785],[148.192679,-36.482804],[148.192809,-36.482474],[148.193341,-36.481812],[148.193773,-36.48345],[148.19379,-36.484544],[148.193935,-36.485199],[148.193676,-36.485968],[148.193141,-36.486411]],[[148.450666,-36.493846],[148.451884,-36.493722],[148.453652,-36.494028],[148.454077,-36.495008],[148.453535,-36.495015],[148.451769,-36.494817],[148.45122,-36.494496],[148.450666,-36.493846]],[[148.450379,-36.113975],[148.450992,-36.114166],[148.451384,-36.115643],[148.451028,-36.116141],[148.45017,-36.115855],[148.449672,-36.115268],[148.449416,-36.11458],[148.449769,-36.113884],[148.450379,-36.113975]],[[148.418039,-36.220938],[148.418592,-36.220568],[148.419148,-36.22038],[148.419472,-36.219741],[148.420021,-36.2191],[148.42036,-36.219277],[148.420254,-36.219641],[148.419813,-36.22001],[148.419596,-36.220375],[148.419153,-36.220652],[148.418937,-36.221108],[148.418631,-36.222745],[148.417633,-36.223301],[148.417505,-36.222395],[148.418062,-36.222207],[148.418039,-36.220938]],[[148.133484,-36.38971],[148.135403,-36.389692],[148.136422,-36.389865],[148.136659,-36.390593],[148.135872,-36.390875],[148.134741,-36.390703],[148.132924,-36.390081],[148.133484,-36.38971]],[[148.514436,-36.297445],[148.515064,-36.297051],[148.516324,-36.296521],[148.516027,-36.297553],[148.516511,-36.297933],[148.516841,-36.298572],[148.516057,-36.299096],[148.515399,-36.297947],[148.514771,-36.298341],[148.514292,-36.298218],[148.514436,-36.297445]],[[148.180318,-36.379943],[148.180651,-36.379574],[148.180756,-36.379026],[148.18063,-36.378205],[148.181311,-36.378381],[148.181658,-36.378925],[148.181439,-36.379384],[148.181121,-36.380757],[148.181472,-36.381575],[148.181593,-36.382122],[148.181143,-36.382218],[148.180681,-36.381583],[148.180326,-36.380491],[148.180318,-36.379943]],[[148.385097,-36.263777],[148.385309,-36.26314],[148.38664,-36.262399],[148.38754,-36.26257],[148.387327,-36.263207],[148.386666,-36.26385],[148.385569,-36.265133],[148.385437,-36.264046],[148.385097,-36.263777]],[[148.284615,-36.612863],[148.284961,-36.612963],[148.285108,-36.613618],[148.284853,-36.614606],[148.284051,-36.615381],[148.283501,-36.614949],[148.283749,-36.613523],[148.283199,-36.613091],[148.28387,-36.612646],[148.284615,-36.612863]],[[148.42618,-36.181543],[148.426361,-36.181187],[148.426353,-36.180732],[148.426101,-36.180633],[148.426046,-36.181039],[148.425531,-36.180134],[148.426219,-36.180227],[148.426335,-36.180319],[148.426905,-36.180219],[148.427461,-36.179909],[148.427888,-36.179348],[148.428262,-36.179343],[148.428456,-36.179745],[148.428897,-36.179942],[148.429146,-36.179939],[148.42909,-36.180294],[148.42791,-36.180561],[148.427478,-36.180819],[148.427109,-36.181127],[148.426868,-36.181636],[148.426309,-36.181744],[148.42618,-36.181543]],[[148.230126,-36.457943],[148.230266,-36.45771],[148.229825,-36.457021],[148.23053,-36.45632],[148.231388,-36.456311],[148.232395,-36.456648],[148.231979,-36.457461],[148.231418,-36.458161],[148.230412,-36.45794],[148.230126,-36.457943]],[[148.436492,-36.175603],[148.436499,-36.176007],[148.436192,-36.176264],[148.435755,-36.176218],[148.435122,-36.175771],[148.434619,-36.175524],[148.433189,-36.175794],[148.433308,-36.175489],[148.433867,-36.17533],[148.433737,-36.175079],[148.433357,-36.17478],[148.433667,-36.174625],[148.434548,-36.175069],[148.435858,-36.175054],[148.436359,-36.175149],[148.437412,-36.174732],[148.437978,-36.174978],[148.437794,-36.175182],[148.436492,-36.175603]],[[148.148771,-36.44646],[148.149284,-36.444485],[148.150593,-36.441408],[148.151256,-36.440416],[148.150879,-36.44239],[148.149828,-36.444589],[148.149703,-36.445356],[148.149308,-36.446126],[148.148771,-36.44646]],[[148.30934,-36.792576],[148.309871,-36.793199],[148.310662,-36.79368],[148.309789,-36.79348],[148.309265,-36.793276],[148.306489,-36.793586],[148.307259,-36.792879],[148.307765,-36.791965],[148.308981,-36.791951],[148.30934,-36.792576]],[[148.425795,-36.247334],[148.425927,-36.248421],[148.425829,-36.249238],[148.425286,-36.250152],[148.424277,-36.250073],[148.424598,-36.249253],[148.425489,-36.24897],[148.425591,-36.248425],[148.42524,-36.247613],[148.424781,-36.246983],[148.426323,-36.245604],[148.426551,-36.245783],[148.426121,-36.246786],[148.425795,-36.247334]],[[148.281246,-36.775133],[148.281411,-36.774642],[148.282455,-36.774701],[148.285822,-36.773476],[148.286264,-36.773961],[148.285312,-36.774181],[148.282982,-36.775044],[148.282297,-36.775681],[148.28126,-36.775971],[148.281246,-36.775133]],[[148.088229,-36.39214],[148.089347,-36.391308],[148.090356,-36.390751],[148.091016,-36.389467],[148.091342,-36.388551],[148.092013,-36.388088],[148.092792,-36.387259],[148.092017,-36.388362],[148.091913,-36.389002],[148.091135,-36.389922],[148.089923,-36.392125],[148.089259,-36.393044],[148.089028,-36.392681],[148.08891,-36.392317],[148.088229,-36.39214]],[[148.468308,-36.300744],[148.468529,-36.300179],[148.468922,-36.300549],[148.469476,-36.301354],[148.470494,-36.302153],[148.470585,-36.302901],[148.470288,-36.303528],[148.469736,-36.302849],[148.469035,-36.302483],[148.468252,-36.301868],[148.468168,-36.301495],[148.468308,-36.300744]],[[148.194153,-36.49056],[148.194314,-36.4922],[148.193767,-36.491877],[148.19334,-36.490568],[148.193316,-36.489036],[148.192896,-36.488165],[148.192891,-36.487836],[148.193566,-36.487611],[148.194267,-36.489136],[148.194153,-36.49056]],[[148.438732,-36.189394],[148.439068,-36.18939],[148.439288,-36.189206],[148.438947,-36.188938],[148.438598,-36.188217],[148.438817,-36.187942],[148.439711,-36.187841],[148.440263,-36.187471],[148.440601,-36.187558],[148.44116,-36.187551],[148.44039,-36.188286],[148.440308,-36.18992],[148.439857,-36.189744],[148.438745,-36.19012],[148.438732,-36.189394]],[[148.510741,-36.287075],[148.511049,-36.286557],[148.512165,-36.2868],[148.512316,-36.286412],[148.514061,-36.286261],[148.513441,-36.287041],[148.513138,-36.287816],[148.512351,-36.288212],[148.511711,-36.287963],[148.511542,-36.287451],[148.51091,-36.287587],[148.510741,-36.287075]],[[148.373572,-36.352463],[148.373719,-36.351957],[148.374021,-36.35145],[148.374166,-36.350819],[148.373995,-36.349939],[148.373977,-36.348932],[148.37444,-36.348675],[148.374935,-36.350306],[148.375889,-36.351429],[148.373572,-36.352463]],[[148.390408,-36.247478],[148.391517,-36.24683],[148.391733,-36.246374],[148.392392,-36.245641],[148.393187,-36.246267],[148.39399,-36.247346],[148.393435,-36.247624],[148.391862,-36.247371],[148.39109,-36.248015],[148.390408,-36.247478]],[[148.415467,-36.239746],[148.41626,-36.240281],[148.41628,-36.241369],[148.415272,-36.241381],[148.414033,-36.240942],[148.413565,-36.239859],[148.41412,-36.23958],[148.415467,-36.239746]],[[148.123783,-36.366974],[148.125014,-36.366232],[148.125454,-36.365406],[148.126122,-36.36476],[148.128252,-36.363736],[148.129947,-36.363811],[148.128933,-36.364003],[148.127917,-36.364013],[148.125905,-36.365402],[148.125577,-36.366135],[148.125812,-36.366772],[148.125708,-36.367412],[148.124826,-36.368882],[148.123706,-36.369531],[148.122694,-36.369815],[148.122805,-36.369631],[148.125154,-36.368148],[148.125367,-36.367233],[148.125135,-36.366779],[148.124682,-36.366692],[148.123222,-36.367253],[148.123783,-36.366974]],[[148.183558,-36.312585],[148.183882,-36.313341],[148.184726,-36.313924],[148.184321,-36.314772],[148.183281,-36.314951],[148.18347,-36.313683],[148.183039,-36.312759],[148.18344,-36.311657],[148.182908,-36.310987],[148.183632,-36.310558],[148.184559,-36.309789],[148.184263,-36.310889],[148.183558,-36.312585]],[[148.369501,-36.568561],[148.369773,-36.568334],[148.37004,-36.567773],[148.37072,-36.567096],[148.370845,-36.566313],[148.37168,-36.566638],[148.372246,-36.567301],[148.372119,-36.567973],[148.371293,-36.568205],[148.370337,-36.568886],[148.36924,-36.569457],[148.369501,-36.568561]],[[148.384365,-36.45718],[148.3842,-36.456789],[148.384252,-36.45636],[148.38451,-36.456002],[148.384925,-36.45576],[148.385448,-36.455676],[148.385947,-36.45577],[148.386369,-36.456033],[148.386608,-36.456399],[148.386649,-36.45676],[148.386537,-36.457094],[148.386291,-36.457376],[148.38592,-36.457581],[148.385483,-36.457664],[148.385038,-36.457616],[148.384661,-36.457453],[148.384365,-36.45718]],[[148.411776,-36.24623],[148.411792,-36.247137],[148.411913,-36.247589],[148.411249,-36.248051],[148.411225,-36.24669],[148.410986,-36.245877],[148.411641,-36.244962],[148.411828,-36.242873],[148.41261,-36.242773],[148.412649,-36.24495],[148.411985,-36.245411],[148.411776,-36.24623]],[[148.204905,-36.412155],[148.206678,-36.410755],[148.20667,-36.410203],[148.207171,-36.409438],[148.208015,-36.408739],[148.208599,-36.407835],[148.20961,-36.406926],[148.209452,-36.407757],[148.209208,-36.408519],[148.208362,-36.40908],[148.207098,-36.410268],[148.207109,-36.410958],[148.206943,-36.411305],[148.206354,-36.411864],[148.205844,-36.412076],[148.204917,-36.412915],[148.204905,-36.412155]],[[148.374435,-36.362785],[148.374878,-36.36453],[148.374673,-36.364616],[148.374049,-36.364289],[148.373824,-36.363208],[148.373806,-36.362208],[148.373895,-36.361374],[148.374195,-36.36087],[148.37418,-36.360037],[148.374681,-36.359198],[148.375112,-36.360276],[148.374929,-36.361612],[148.374435,-36.362785]],[[148.366371,-36.349541],[148.36667,-36.348955],[148.367075,-36.348533],[148.367484,-36.348362],[148.368083,-36.347271],[148.368071,-36.346605],[148.367447,-36.346278],[148.367445,-36.346112],[148.367743,-36.345525],[148.367836,-36.34494],[148.368456,-36.345017],[148.368779,-36.345846],[148.369199,-36.346258],[148.36941,-36.346589],[148.368711,-36.347848],[148.367385,-36.348613],[148.366986,-36.349368],[148.366371,-36.349541]],[[148.361847,-36.304153],[148.362502,-36.303986],[148.362818,-36.30329],[148.363397,-36.302538],[148.364239,-36.301784],[148.364557,-36.301141],[148.36508,-36.300975],[148.366196,-36.300856],[148.366216,-36.302027],[148.366024,-36.302296],[148.364643,-36.302311],[148.364253,-36.302582],[148.363676,-36.30344],[148.362897,-36.304035],[148.362373,-36.304147],[148.361847,-36.304153]],[[148.320832,-36.543156],[148.321992,-36.542513],[148.323352,-36.542183],[148.32395,-36.542964],[148.322409,-36.544083],[148.321051,-36.54457],[148.320832,-36.543156]],[[148.367191,-36.305103],[148.367382,-36.304782],[148.368434,-36.30477],[148.368827,-36.304659],[148.369615,-36.304597],[148.370472,-36.304693],[148.370805,-36.304956],[148.370816,-36.305594],[148.370101,-36.306082],[148.369845,-36.306457],[148.369517,-36.306514],[148.36852,-36.305887],[148.368051,-36.305413],[148.367191,-36.305103]],[[148.404865,-36.241776],[148.404971,-36.241412],[148.404395,-36.240511],[148.404141,-36.238881],[148.404923,-36.238781],[148.40571,-36.238954],[148.406163,-36.239221],[148.406609,-36.239125],[148.406596,-36.238399],[148.407268,-36.238391],[148.407388,-36.238843],[148.406953,-36.239574],[148.405615,-36.239862],[148.405172,-36.240139],[148.40519,-36.241137],[148.405878,-36.242036],[148.404865,-36.241776]],[[148.388672,-36.256933],[148.389448,-36.25647],[148.391134,-36.256813],[148.392919,-36.25643],[148.393244,-36.255791],[148.392879,-36.254162],[148.393548,-36.253973],[148.393786,-36.254787],[148.393799,-36.255512],[148.393701,-36.25633],[148.393375,-36.256878],[148.392263,-36.257344],[148.390582,-36.257273],[148.390014,-36.256826],[148.389016,-36.257382],[148.388672,-36.256933]],[[148.378754,-36.160039],[148.378819,-36.159629],[148.379028,-36.159217],[148.378378,-36.159166],[148.378155,-36.158818],[148.378,-36.158176],[148.378064,-36.157708],[148.378202,-36.157355],[148.378708,-36.157408],[148.379066,-36.157287],[148.378982,-36.156586],[148.379265,-36.15629],[148.379696,-36.156168],[148.379346,-36.156815],[148.379285,-36.157401],[148.380377,-36.158032],[148.380168,-36.158444],[148.380103,-36.158854],[148.379752,-36.159384],[148.379185,-36.159976],[148.378754,-36.160039]],[[148.365513,-36.306933],[148.365519,-36.307305],[148.365394,-36.307679],[148.3648,-36.307579],[148.364062,-36.306736],[148.363595,-36.306369],[148.363458,-36.306051],[148.363716,-36.305729],[148.36535,-36.305178],[148.365869,-36.304746],[148.366074,-36.305169],[148.366739,-36.305588],[148.36681,-36.305906],[148.366285,-36.305966],[148.365633,-36.306292],[148.365513,-36.306933]],[[148.376938,-36.285762],[148.377172,-36.285705],[148.377144,-36.286032],[148.376949,-36.286389],[148.376586,-36.286802],[148.376761,-36.287181],[148.377036,-36.287532],[148.377307,-36.287638],[148.377574,-36.287499],[148.378078,-36.287411],[148.37845,-36.287543],[148.378606,-36.288714],[148.378475,-36.288933],[148.377905,-36.289103],[148.377631,-36.288834],[148.377622,-36.288289],[148.377382,-36.288046],[148.376944,-36.288024],[148.376805,-36.287808],[148.376433,-36.287676],[148.376235,-36.287923],[148.376035,-36.288035],[148.375871,-36.288309],[148.375567,-36.288203],[148.375763,-36.287874],[148.375727,-36.287738],[148.374951,-36.287638],[148.374812,-36.287395],[148.374875,-36.287148],[148.375241,-36.286926],[148.375405,-36.286679],[148.375975,-36.286536],[148.376074,-36.286399],[148.375967,-36.286073],[148.376064,-36.285854],[148.376372,-36.286123],[148.376709,-36.286146],[148.376938,-36.285762]],[[148.254979,-36.547177],[148.25592,-36.54662],[148.25674,-36.547049],[148.260668,-36.546679],[148.260677,-36.547226],[148.25933,-36.547788],[148.257832,-36.547475],[148.256749,-36.547596],[148.25621,-36.547821],[148.255129,-36.548051],[148.254979,-36.547177]],[[148.627213,-35.973562],[148.627265,-35.973178],[148.62803,-35.973271],[148.628465,-35.973026],[148.628387,-35.971649],[148.62951,-35.97283],[148.630251,-35.973143],[148.630866,-35.97321],[148.631302,-35.973439],[148.631187,-35.973404],[148.630458,-35.973594],[148.629878,-35.973962],[148.629278,-35.974173],[148.62726,-35.97457],[148.627213,-35.973562]],[[148.090248,-36.374955],[148.09046,-36.373949],[148.08978,-36.373772],[148.08989,-36.373589],[148.09045,-36.373218],[148.090668,-36.372668],[148.09044,-36.372488],[148.089199,-36.37259],[148.088753,-36.37296],[148.087403,-36.373337],[148.087399,-36.373063],[148.088747,-36.372595],[148.089082,-36.372318],[148.087947,-36.371871],[148.087041,-36.371697],[148.08715,-36.371422],[148.087828,-36.371416],[148.089983,-36.372127],[148.090887,-36.37221],[148.09168,-36.372385],[148.092693,-36.372102],[148.092811,-36.372466],[148.091571,-36.37266],[148.091125,-36.373029],[148.090923,-36.374766],[148.090591,-36.375226],[148.090248,-36.374955]],[[148.307161,-36.301095],[148.307202,-36.299993],[148.307609,-36.299557],[148.308255,-36.299311],[148.307977,-36.300367],[148.308116,-36.301611],[148.308371,-36.302709],[148.308388,-36.303715],[148.308163,-36.304436],[148.307505,-36.304012],[148.307494,-36.303294],[148.307254,-36.303105],[148.306777,-36.302918],[148.306944,-36.302246],[148.307234,-36.301908],[148.307161,-36.301095]],[[148.30595,-36.585182],[148.306486,-36.585279],[148.306932,-36.585538],[148.307217,-36.585916],[148.307296,-36.586355],[148.307156,-36.586783],[148.30682,-36.587133],[148.306364,-36.587344],[148.30582,-36.5874],[148.305313,-36.587288],[148.304894,-36.587032],[148.304617,-36.58665],[148.304546,-36.58623],[148.304675,-36.585819],[148.304986,-36.585477],[148.305432,-36.585254],[148.30595,-36.585182]],[[148.434663,-36.193344],[148.435211,-36.192702],[148.435201,-36.192158],[148.434744,-36.191619],[148.434291,-36.191353],[148.435412,-36.19143],[148.435978,-36.191786],[148.436429,-36.191962],[148.437205,-36.19159],[148.437324,-36.191951],[148.43789,-36.192307],[148.438461,-36.192936],[148.438925,-36.193837],[148.438481,-36.194024],[148.437234,-36.193132],[148.437113,-36.19268],[148.436778,-36.192684],[148.435999,-36.192965],[148.435114,-36.19352],[148.434663,-36.193344]],[[148.368142,-36.287592],[148.367655,-36.288164],[148.366622,-36.288704],[148.367417,-36.289434],[148.367158,-36.289542],[148.365587,-36.289138],[148.365603,-36.290087],[148.364691,-36.290098],[148.364801,-36.288936],[148.364929,-36.288829],[148.365052,-36.288405],[148.36582,-36.287552],[148.36686,-36.287435],[148.368033,-36.287421],[148.368142,-36.287592]],[[148.414553,-36.310179],[148.415167,-36.310262],[148.415457,-36.310889],[148.416237,-36.310925],[148.416753,-36.311775],[148.417487,-36.312307],[148.416932,-36.312404],[148.416436,-36.312725],[148.415705,-36.312283],[148.415361,-36.311747],[148.414124,-36.311085],[148.413566,-36.311047],[148.4126,-36.309977],[148.411814,-36.309581],[148.412594,-36.309616],[148.412992,-36.310062],[148.413548,-36.310011],[148.414553,-36.310179]],[[148.418341,-36.243885],[148.418787,-36.243789],[148.419561,-36.243235],[148.420467,-36.243769],[148.420254,-36.244406],[148.419811,-36.244684],[148.419843,-36.246407],[148.418358,-36.244792],[148.417689,-36.244981],[148.416899,-36.244627],[148.41669,-36.245446],[148.416117,-36.244727],[148.417671,-36.243983],[148.418341,-36.243885]],[[148.212019,-36.396954],[148.21246,-36.397848],[148.213671,-36.398803],[148.213766,-36.399423],[148.212994,-36.399224],[148.212647,-36.398882],[148.212397,-36.399299],[148.211725,-36.399997],[148.211565,-36.400758],[148.211315,-36.401106],[148.210725,-36.401665],[148.210397,-36.402566],[148.209644,-36.40361],[148.210135,-36.402224],[148.20986,-36.400983],[148.21121,-36.399864],[148.211964,-36.398889],[148.212019,-36.396954]],[[148.397089,-36.232705],[148.397305,-36.232249],[148.398187,-36.231513],[148.399638,-36.231224],[148.400524,-36.230669],[148.400392,-36.229582],[148.40048,-36.22822],[148.400817,-36.228307],[148.400941,-36.22894],[148.401513,-36.229659],[148.401421,-36.230749],[148.400648,-36.231393],[148.399203,-36.231954],[148.397769,-36.23315],[148.397089,-36.232705]],[[148.450911,-36.426971],[148.451713,-36.426414],[148.452509,-36.425529],[148.45359,-36.425407],[148.45455,-36.426052],[148.454427,-36.42671],[148.45321,-36.426834],[148.452406,-36.427282],[148.451608,-36.428057],[148.450529,-36.428289],[148.450911,-36.426971]],[[148.144603,-36.39793],[148.144738,-36.397347],[148.145595,-36.396873],[148.146739,-36.396397],[148.147459,-36.39639],[148.147469,-36.397088],[148.147762,-36.397434],[148.149201,-36.39742],[148.147916,-36.398131],[148.146193,-36.39838],[148.145185,-36.39839],[148.144603,-36.39793]],[[148.088226,-36.39865],[148.088644,-36.399522],[148.087839,-36.400076],[148.08782,-36.398654],[148.087941,-36.397667],[148.087928,-36.396682],[148.088185,-36.395695],[148.08858,-36.394925],[148.088971,-36.393827],[148.089386,-36.39448],[148.090061,-36.394364],[148.090195,-36.394254],[148.09128,-36.394353],[148.088731,-36.396018],[148.088746,-36.397113],[148.088226,-36.39865]],[[148.431943,-36.294131],[148.432229,-36.292942],[148.432923,-36.292934],[148.433323,-36.29374],[148.435117,-36.294842],[148.435208,-36.29559],[148.434515,-36.295661],[148.433665,-36.295546],[148.432973,-36.29568],[148.432505,-36.295373],[148.432031,-36.294755],[148.431943,-36.294131]],[[148.436319,-36.198223],[148.436764,-36.198036],[148.437091,-36.197578],[148.437641,-36.197028],[148.437966,-36.196479],[148.437958,-36.196026],[148.43817,-36.195388],[148.438608,-36.194839],[148.439159,-36.194379],[148.439593,-36.193648],[148.440366,-36.193094],[148.441043,-36.193358],[148.439286,-36.195193],[148.438634,-36.19629],[148.438424,-36.197018],[148.437331,-36.198483],[148.437118,-36.19903],[148.436784,-36.199124],[148.436555,-36.198855],[148.436219,-36.198859],[148.436319,-36.198223]],[[148.250987,-36.271292],[148.251005,-36.272452],[148.250889,-36.273298],[148.250626,-36.273195],[148.250615,-36.272456],[148.250205,-36.2713],[148.251485,-36.269809],[148.253031,-36.268738],[148.253277,-36.267785],[148.253003,-36.266944],[148.253119,-36.266099],[148.254404,-36.264924],[148.254285,-36.265664],[148.253515,-36.266411],[148.254192,-36.267987],[148.252271,-36.270117],[148.250987,-36.271292]],[[148.427833,-36.242411],[148.428623,-36.242764],[148.428752,-36.24367],[148.427996,-36.245221],[148.427328,-36.245411],[148.426875,-36.245144],[148.426863,-36.244509],[148.427079,-36.244053],[148.427641,-36.244137],[148.427856,-36.243681],[148.427064,-36.243237],[148.424484,-36.242995],[148.424585,-36.242359],[148.42671,-36.242243],[148.427833,-36.242411]],[[148.432347,-36.256599],[148.432438,-36.255419],[148.433546,-36.25477],[148.434089,-36.253857],[148.434297,-36.252947],[148.43473,-36.252125],[148.436276,-36.250928],[148.43672,-36.250741],[148.436622,-36.251468],[148.435512,-36.252025],[148.435212,-36.254025],[148.434779,-36.254846],[148.434118,-36.255398],[148.433342,-36.255861],[148.432347,-36.256599]],[[148.32253,-36.197653],[148.32292,-36.197617],[148.323653,-36.197102],[148.324237,-36.197001],[148.325338,-36.1974],[148.325696,-36.197808],[148.324724,-36.198072],[148.324969,-36.198702],[148.326195,-36.199606],[148.327149,-36.200577],[148.327437,-36.201429],[148.326696,-36.2015],[148.326219,-36.201031],[148.325573,-36.199772],[148.324745,-36.199306],[148.324384,-36.198772],[148.322772,-36.198093],[148.32253,-36.197653]],[[148.380981,-36.155451],[148.381049,-36.155217],[148.380613,-36.154988],[148.380726,-36.153232],[148.381824,-36.154155],[148.38392,-36.154423],[148.384,-36.15489],[148.383141,-36.155251],[148.382493,-36.155317],[148.382367,-36.156313],[148.382164,-36.157075],[148.381584,-36.156907],[148.380981,-36.155451]],[[148.388778,-36.262918],[148.389663,-36.262273],[148.390221,-36.262176],[148.390432,-36.261448],[148.391539,-36.260709],[148.392627,-36.258882],[148.392862,-36.259514],[148.391993,-36.261067],[148.391005,-36.262167],[148.390682,-36.262896],[148.390914,-36.263347],[148.391155,-36.264342],[148.390832,-36.265072],[148.390032,-36.264174],[148.38957,-36.263363],[148.388778,-36.262918]],[[148.63052,-35.900176],[148.631712,-35.900715],[148.633878,-35.901091],[148.634085,-35.901253],[148.634164,-35.901507],[148.63404,-35.901749],[148.633658,-35.902024],[148.632372,-35.902312],[148.631448,-35.90225],[148.630083,-35.901353],[148.629611,-35.900849],[148.629549,-35.900504],[148.629655,-35.900278],[148.629984,-35.900138],[148.63052,-35.900176]],[[148.286923,-36.333358],[148.287221,-36.332269],[148.28754,-36.332458],[148.288329,-36.332449],[148.288792,-36.331806],[148.2895,-36.33167],[148.289725,-36.330965],[148.290111,-36.33045],[148.291048,-36.329866],[148.291669,-36.32922],[148.291524,-36.329988],[148.290369,-36.331725],[148.289363,-36.332949],[148.287723,-36.333988],[148.287166,-36.333739],[148.286923,-36.333358]],[[148.424112,-36.318358],[148.424166,-36.318267],[148.423877,-36.317684],[148.423539,-36.317508],[148.422704,-36.317518],[148.421761,-36.31771],[148.421368,-36.317534],[148.421532,-36.317352],[148.422032,-36.317301],[148.42258,-36.316798],[148.422518,-36.316439],[148.421901,-36.316221],[148.42129,-36.316273],[148.420681,-36.316506],[148.420568,-36.316417],[148.421283,-36.315913],[148.42122,-36.315508],[148.421327,-36.315281],[148.421665,-36.315457],[148.42222,-36.315361],[148.422435,-36.314953],[148.423046,-36.314855],[148.423439,-36.315031],[148.423557,-36.315435],[148.42324,-36.31634],[148.423191,-36.316746],[148.423974,-36.316917],[148.424431,-36.317543],[148.425595,-36.317258],[148.425987,-36.317344],[148.425048,-36.317761],[148.424888,-36.318168],[148.424452,-36.318669],[148.424176,-36.318852],[148.424112,-36.318358]],[[148.534428,-36.279958],[148.535673,-36.278656],[148.537715,-36.277472],[148.539308,-36.277709],[148.538365,-36.278235],[148.53679,-36.278899],[148.535532,-36.279558],[148.535716,-36.280841],[148.536218,-36.282121],[148.534458,-36.2815],[148.534428,-36.279958]],[[148.430877,-36.212802],[148.431641,-36.211704],[148.432159,-36.20943],[148.432488,-36.209064],[148.432934,-36.208968],[148.432926,-36.208514],[148.432694,-36.208063],[148.432007,-36.207255],[148.432338,-36.206979],[148.433345,-36.206967],[148.434127,-36.206867],[148.43469,-36.207041],[148.434703,-36.207767],[148.433707,-36.208414],[148.433166,-36.209418],[148.432837,-36.209785],[148.431553,-36.213066],[148.430877,-36.212802]],[[148.214591,-36.315988],[148.2153,-36.31463],[148.215811,-36.313949],[148.215284,-36.313617],[148.214129,-36.313122],[148.214537,-36.312527],[148.21494,-36.311595],[148.215132,-36.310495],[148.216293,-36.311412],[148.215465,-36.311842],[148.214958,-36.312776],[148.217063,-36.313937],[148.216449,-36.314703],[148.216355,-36.315379],[148.215424,-36.315895],[148.214821,-36.317336],[148.214591,-36.315988]],[[148.496048,-36.140089],[148.496163,-36.139692],[148.49701,-36.139385],[148.498699,-36.138574],[148.49881,-36.13798],[148.500022,-36.137668],[148.500743,-36.137165],[148.50123,-36.137159],[148.500882,-36.138052],[148.500284,-36.138653],[148.499198,-36.13916],[148.499329,-36.139653],[148.498731,-36.140253],[148.497639,-36.140464],[148.496048,-36.140089]],[[148.485206,-36.100393],[148.486299,-36.101145],[148.485909,-36.101916],[148.485384,-36.102689],[148.485005,-36.104007],[148.483905,-36.102926],[148.48336,-36.102605],[148.483213,-36.10195],[148.483468,-36.10118],[148.484273,-36.100951],[148.484935,-36.100287],[148.485206,-36.100393]],[[148.365303,-36.309579],[148.36556,-36.310177],[148.365825,-36.311174],[148.366827,-36.311962],[148.365759,-36.312108],[148.365434,-36.312378],[148.365023,-36.31245],[148.364522,-36.312055],[148.364516,-36.311722],[148.36467,-36.31112],[148.364567,-36.309921],[148.364149,-36.309593],[148.363656,-36.309665],[148.363084,-36.309938],[148.36175,-36.30902],[148.361008,-36.308962],[148.361167,-36.308626],[148.36174,-36.30842],[148.362567,-36.30861],[148.362977,-36.308472],[148.363212,-36.307803],[148.363154,-36.309204],[148.363322,-36.309402],[148.363648,-36.309198],[148.364801,-36.309185],[148.365303,-36.309579]],[[148.268488,-36.330427],[148.269661,-36.329712],[148.270047,-36.329197],[148.270039,-36.32875],[148.26878,-36.328955],[148.267432,-36.328522],[148.268377,-36.328448],[148.269483,-36.3285],[148.270349,-36.328364],[148.271286,-36.327779],[148.271436,-36.327267],[148.271347,-36.326629],[148.271421,-36.326373],[148.270712,-36.326444],[148.270089,-36.326962],[148.26961,-36.326584],[148.269448,-36.32633],[148.270472,-36.326255],[148.271018,-36.325866],[148.270375,-36.325107],[148.2695,-36.324669],[148.268309,-36.324235],[148.26918,-36.324417],[148.269808,-36.324219],[148.270117,-36.323833],[148.270205,-36.324342],[148.270689,-36.32504],[148.271329,-36.325544],[148.271657,-36.326306],[148.273065,-36.325525],[148.273933,-36.32558],[148.273936,-36.325707],[148.274333,-36.325895],[148.273468,-36.326096],[148.272764,-36.326422],[148.271978,-36.326622],[148.271753,-36.327391],[148.270987,-36.328804],[148.270209,-36.329451],[148.268488,-36.330427]],[[148.288839,-36.257484],[148.289222,-36.257271],[148.289798,-36.257109],[148.289792,-36.256744],[148.289399,-36.256332],[148.289522,-36.255966],[148.290101,-36.256012],[148.290428,-36.256321],[148.29165,-36.25636],[148.293019,-36.257491],[148.293922,-36.257689],[148.293604,-36.257901],[148.292445,-36.257809],[148.291928,-36.257606],[148.2916,-36.257245],[148.29115,-36.25725],[148.291283,-36.257509],[148.292134,-36.258437],[148.292077,-36.258855],[148.291431,-36.258653],[148.290651,-36.258141],[148.290387,-36.257727],[148.290199,-36.258042],[148.289756,-36.258463],[148.28924,-36.258417],[148.288839,-36.257484]],[[148.13584,-36.404207],[148.136403,-36.404019],[148.137531,-36.403917],[148.139226,-36.403992],[148.140589,-36.404527],[148.141045,-36.404796],[148.141838,-36.404971],[148.143417,-36.404774],[148.143978,-36.404494],[148.145104,-36.404301],[148.146348,-36.40438],[148.144546,-36.404763],[148.143531,-36.404864],[148.142972,-36.405234],[148.142071,-36.405426],[148.141046,-36.404887],[148.139003,-36.404177],[148.137083,-36.404195],[148.136409,-36.404475],[148.135733,-36.404573],[148.13494,-36.404398],[148.13404,-36.40468],[148.133255,-36.405053],[148.131914,-36.40607],[148.130912,-36.407084],[148.13024,-36.407456],[148.130452,-36.406541],[148.132244,-36.405428],[148.13269,-36.405058],[148.132125,-36.405064],[148.13145,-36.405253],[148.129521,-36.404632],[148.12839,-36.404551],[148.128725,-36.404274],[148.12929,-36.404269],[148.129969,-36.404354],[148.130993,-36.404892],[148.132123,-36.404881],[148.133924,-36.404499],[148.134486,-36.404311],[148.13539,-36.404302],[148.13584,-36.404207]],[[148.386786,-36.243905],[148.387185,-36.242526],[148.389647,-36.242407],[148.390104,-36.242946],[148.389899,-36.244037],[148.390802,-36.244389],[148.391259,-36.244928],[148.390482,-36.2453],[148.388783,-36.244231],[148.3871,-36.244069],[148.386829,-36.243927],[148.386763,-36.243983],[148.386786,-36.243905]],[[148.283202,-36.307927],[148.283502,-36.307164],[148.28266,-36.306666],[148.280886,-36.306601],[148.283593,-36.306318],[148.284524,-36.305886],[148.285873,-36.30545],[148.286475,-36.304008],[148.287193,-36.303241],[148.284488,-36.303692],[148.284067,-36.303443],[148.28739,-36.302563],[148.288215,-36.301963],[148.287006,-36.304593],[148.286395,-36.305444],[148.283202,-36.307927]],[[148.359792,-36.539884],[148.359968,-36.53878],[148.36174,-36.539705],[148.362926,-36.540636],[148.363328,-36.541261],[148.362949,-36.541895],[148.360792,-36.54129],[148.359627,-36.541618],[148.359792,-36.539884]],[[148.401292,-36.372461],[148.401532,-36.371918],[148.401858,-36.371442],[148.402432,-36.370895],[148.403343,-36.37048],[148.403848,-36.370744],[148.403601,-36.370949],[148.403277,-36.371493],[148.403701,-36.371825],[148.404365,-36.371615],[148.404517,-36.370803],[148.404938,-36.371001],[148.405386,-36.37275],[148.404815,-36.373432],[148.404399,-36.373504],[148.404217,-36.372697],[148.403548,-36.372637],[148.403054,-36.37298],[148.402132,-36.372789],[148.401292,-36.372461]],[[148.284573,-36.797528],[148.284668,-36.798016],[148.285457,-36.798427],[148.285901,-36.798981],[148.286692,-36.799532],[148.287049,-36.800087],[148.287056,-36.800506],[148.286625,-36.800721],[148.284946,-36.799062],[148.284765,-36.798644],[148.284065,-36.798302],[148.283797,-36.797886],[148.283964,-36.797465],[148.28395,-36.796627],[148.28342,-36.796143],[148.282975,-36.795519],[148.283051,-36.794819],[148.284007,-36.794879],[148.284885,-36.795429],[148.284986,-36.796266],[148.284829,-36.797246],[148.284573,-36.797528]],[[148.417358,-36.351753],[148.417596,-36.351075],[148.418434,-36.351268],[148.418857,-36.3516],[148.419113,-36.351935],[148.419306,-36.35335],[148.420734,-36.353873],[148.421488,-36.354066],[148.41908,-36.354702],[148.418743,-36.354504],[148.41798,-36.353838],[148.416638,-36.353449],[148.41539,-36.353666],[148.415212,-36.353061],[148.415627,-36.352921],[148.416376,-36.352845],[148.418052,-36.35323],[148.418718,-36.353154],[148.418712,-36.352817],[148.417952,-36.352286],[148.417358,-36.351753]],[[148.479446,-36.374853],[148.479969,-36.373862],[148.480779,-36.373742],[148.481732,-36.374059],[148.482708,-36.375579],[148.482735,-36.377001],[148.482473,-36.377442],[148.481671,-36.378],[148.480714,-36.377464],[148.48164,-36.376358],[148.481482,-36.375156],[148.480264,-36.375171],[148.479733,-36.375725],[148.479446,-36.374853]],[[148.220311,-36.308163],[148.22093,-36.307735],[148.222181,-36.307722],[148.221338,-36.307139],[148.220996,-36.305286],[148.221825,-36.30494],[148.221921,-36.304432],[148.221808,-36.303842],[148.222433,-36.303836],[148.221461,-36.301651],[148.221033,-36.30098],[148.221028,-36.300642],[148.221975,-36.301223],[148.223053,-36.303407],[148.222965,-36.304506],[148.222045,-36.305697],[148.221956,-36.306627],[148.222602,-36.307971],[148.222089,-36.308482],[148.220311,-36.308163]],[[148.239175,-36.695533],[148.240412,-36.696395],[148.23987,-36.69651],[148.239743,-36.697059],[148.239891,-36.697823],[148.239493,-36.698375],[148.23827,-36.698388],[148.237721,-36.698065],[148.237715,-36.697737],[148.237435,-36.697192],[148.23647,-36.696327],[148.238764,-36.695318],[148.239175,-36.695533]],[[148.132268,-36.391548],[148.133974,-36.392354],[148.137509,-36.394694],[148.138302,-36.394869],[148.139204,-36.394769],[148.140104,-36.394487],[148.140214,-36.394303],[148.140566,-36.395213],[148.140912,-36.395666],[148.142161,-36.396111],[148.141823,-36.396205],[148.140348,-36.395763],[148.140133,-36.396496],[148.139013,-36.397145],[148.137561,-36.398255],[148.136994,-36.398078],[148.137779,-36.397705],[148.137998,-36.397246],[148.138779,-36.3966],[148.139677,-36.396226],[148.140347,-36.395672],[148.14034,-36.395215],[148.140109,-36.394852],[148.139545,-36.394858],[148.13887,-36.395047],[148.137965,-36.394964],[148.136717,-36.394611],[148.135704,-36.394803],[148.133557,-36.394732],[148.132656,-36.394923],[148.131865,-36.394931],[148.129955,-36.395588],[148.129725,-36.395316],[148.130175,-36.39522],[148.130622,-36.394851],[148.131297,-36.394662],[148.131863,-36.394748],[148.13355,-36.394275],[148.13457,-36.39454],[148.135587,-36.39453],[148.136488,-36.394339],[148.136256,-36.393976],[148.133981,-36.39281],[148.132272,-36.391822],[148.132268,-36.391548]],[[148.437083,-36.184879],[148.438078,-36.184232],[148.440203,-36.184206],[148.441442,-36.184645],[148.441456,-36.18537],[148.440913,-36.186284],[148.439801,-36.18666],[148.43867,-36.186039],[148.438215,-36.185591],[148.437655,-36.185597],[148.437201,-36.18524],[148.437083,-36.184879]],[[148.325782,-36.515218],[148.325903,-36.514341],[148.325754,-36.513577],[148.326141,-36.512369],[148.327219,-36.512028],[148.328722,-36.512668],[148.32887,-36.513433],[148.328612,-36.514202],[148.327808,-36.514758],[148.326594,-36.5151],[148.326466,-36.515539],[148.325782,-36.515218]],[[148.484141,-36.358378],[148.484682,-36.358371],[148.485215,-36.357927],[148.485891,-36.357918],[148.486844,-36.358235],[148.486445,-36.358568],[148.486461,-36.359443],[148.487548,-36.359649],[148.488487,-36.359199],[148.489706,-36.359294],[148.490387,-36.359504],[148.488641,-36.360182],[148.48729,-36.360309],[148.485666,-36.360329],[148.484597,-36.360999],[148.484559,-36.359029],[148.484141,-36.358378]],[[148.248987,-36.545708],[148.249383,-36.545047],[148.25087,-36.544703],[148.251541,-36.544258],[148.252071,-36.543486],[148.252062,-36.542939],[148.252876,-36.542931],[148.253424,-36.543253],[148.254237,-36.543245],[148.253702,-36.543688],[148.253441,-36.544347],[148.253985,-36.544451],[148.253591,-36.545221],[148.253186,-36.545335],[148.252494,-36.544467],[148.251951,-36.544473],[148.251696,-36.54546],[148.251706,-36.546117],[148.250893,-36.546125],[148.250613,-36.545581],[148.25034,-36.545474],[148.2501,-36.547447],[148.248992,-36.546036],[148.248987,-36.545708]],[[148.397896,-36.279849],[148.398041,-36.280394],[148.396834,-36.280956],[148.395633,-36.281845],[148.39495,-36.281415],[148.394809,-36.281089],[148.393722,-36.280773],[148.394382,-36.27989],[148.394372,-36.279343],[148.394225,-36.278688],[148.395297,-36.278128],[148.395579,-36.278781],[148.395994,-36.279324],[148.396942,-36.279422],[148.397896,-36.279849]],[[148.491494,-36.332457],[148.492308,-36.332556],[148.494095,-36.334066],[148.495061,-36.335039],[148.495485,-36.336019],[148.495096,-36.336899],[148.493877,-36.336805],[148.492774,-36.335724],[148.4922,-36.33398],[148.49178,-36.333219],[148.49163,-36.332473],[148.491494,-36.332457]],[[148.426012,-36.222294],[148.426226,-36.221748],[148.427334,-36.221099],[148.426545,-36.220837],[148.425536,-36.220758],[148.425865,-36.220391],[148.426756,-36.220108],[148.426631,-36.219384],[148.426616,-36.218568],[148.425614,-36.218852],[148.425385,-36.218583],[148.425816,-36.21767],[148.42681,-36.216933],[148.428683,-36.215278],[148.429899,-36.214447],[148.430235,-36.214443],[148.429697,-36.215628],[148.4287,-36.216185],[148.4276,-36.217286],[148.426162,-36.21821],[148.427283,-36.218288],[148.42751,-36.218467],[148.427092,-36.220104],[148.427658,-36.22046],[148.427446,-36.221098],[148.42592,-36.223384],[148.425829,-36.224564],[148.425488,-36.224296],[148.425485,-36.224115],[148.425809,-36.223476],[148.426012,-36.222294]],[[148.175306,-36.369583],[148.175531,-36.369489],[148.175992,-36.370124],[148.176233,-36.371126],[148.176128,-36.371675],[148.176476,-36.372311],[148.176599,-36.372949],[148.177738,-36.373577],[148.177857,-36.374032],[148.178656,-36.374572],[148.179114,-36.375024],[148.178666,-36.375211],[148.177758,-36.374946],[148.1773,-36.374494],[148.176145,-36.37277],[148.175458,-36.372138],[148.175235,-36.372323],[148.175701,-36.373323],[148.176395,-36.374412],[148.175959,-36.37542],[148.175719,-36.37451],[148.175486,-36.374055],[148.175029,-36.373695],[148.17457,-36.373151],[148.17456,-36.372512],[148.17478,-36.372145],[148.174308,-36.37078],[148.17509,-36.370224],[148.175306,-36.369583]],[[148.103182,-36.40311],[148.103849,-36.402447],[148.105058,-36.401779],[148.107067,-36.400228],[148.107861,-36.398907],[148.108796,-36.398023],[148.109328,-36.397361],[148.109997,-36.396808],[148.110546,-36.39735],[148.109344,-36.398456],[148.108682,-36.399556],[148.107882,-36.400439],[148.106546,-36.401656],[148.103995,-36.403211],[148.103332,-36.404203],[148.102796,-36.404536],[148.101983,-36.404543],[148.103182,-36.40311]],[[148.247683,-36.284749],[148.248709,-36.283725],[148.250783,-36.283028],[148.252149,-36.283689],[148.251857,-36.284959],[148.250717,-36.285393],[148.250195,-36.285398],[148.249162,-36.286],[148.24833,-36.286093],[148.247683,-36.284749]],[[148.357358,-36.545737],[148.358114,-36.544311],[148.358911,-36.545247],[148.360858,-36.545067],[148.362421,-36.545207],[148.361853,-36.546158],[148.360114,-36.547122],[148.358944,-36.547135],[148.357378,-36.546838],[148.357358,-36.545737]],[[148.409695,-36.357108],[148.410025,-36.356902],[148.410268,-36.356494],[148.410682,-36.356354],[148.412014,-36.356136],[148.412508,-36.355793],[148.412826,-36.354912],[148.413493,-36.354904],[148.413919,-36.355371],[148.414017,-36.35618],[148.413611,-36.356792],[148.412953,-36.35734],[148.412299,-36.35809],[148.41139,-36.358573],[148.410553,-36.358448],[148.409957,-36.35778],[148.409039,-36.357791],[148.409695,-36.357108]],[[148.25541,-36.285428],[148.255818,-36.284917],[148.256856,-36.284569],[148.258219,-36.285061],[148.260231,-36.286981],[148.260246,-36.28791],[148.257,-36.2871],[148.25541,-36.285428]],[[148.359849,-36.288992],[148.360491,-36.288457],[148.361794,-36.288442],[148.362565,-36.287801],[148.36294,-36.286847],[148.363835,-36.285887],[148.365126,-36.285133],[148.365267,-36.285765],[148.364116,-36.287044],[148.363742,-36.287998],[148.363885,-36.288735],[148.363121,-36.289799],[148.361038,-36.289928],[148.359849,-36.288992]],[[148.503204,-36.291671],[148.503574,-36.294367],[148.503125,-36.295787],[148.501988,-36.294515],[148.502291,-36.29374],[148.502433,-36.292838],[148.501157,-36.292597],[148.500827,-36.291958],[148.501611,-36.291434],[148.50254,-36.290136],[148.504435,-36.289598],[148.504763,-36.290108],[148.503505,-36.290767],[148.503204,-36.291671]],[[148.194916,-36.29812],[148.19614,-36.296335],[148.196745,-36.294978],[148.196838,-36.294217],[148.194962,-36.294321],[148.194224,-36.293822],[148.19683,-36.293711],[148.197556,-36.293451],[148.198693,-36.292764],[148.19909,-36.291493],[148.199281,-36.29031],[148.199685,-36.289461],[148.199353,-36.288198],[148.19903,-36.287526],[148.200193,-36.288612],[148.200309,-36.289371],[148.199909,-36.290472],[148.199923,-36.291401],[148.199211,-36.29259],[148.19726,-36.294551],[148.19727,-36.295226],[148.196977,-36.296495],[148.196267,-36.297853],[148.195441,-36.298368],[148.194916,-36.29812]],[[148.510364,-36.259302],[148.510426,-36.262516],[148.50998,-36.264065],[148.509196,-36.264589],[148.508861,-36.263694],[148.508995,-36.262406],[148.507415,-36.262812],[148.506616,-36.262564],[148.507075,-36.261658],[148.508819,-36.261508],[148.509439,-36.260728],[148.509717,-36.258667],[148.510811,-36.257753],[148.510364,-36.259302]],[[148.500195,-36.121167],[148.500796,-36.120764],[148.500541,-36.120174],[148.499921,-36.119589],[148.499667,-36.119],[148.500017,-36.118205],[148.500734,-36.117505],[148.501228,-36.117894],[148.50124,-36.118486],[148.501131,-36.119179],[148.501751,-36.119764],[148.502845,-36.119652],[148.503688,-36.119147],[148.504662,-36.119135],[148.505405,-36.119817],[148.503952,-36.120231],[148.502868,-36.120837],[148.50215,-36.121537],[148.501422,-36.121645],[148.500195,-36.121167]],[[148.671592,-36.674185],[148.672922,-36.671946],[148.674989,-36.671916],[148.675026,-36.673582],[148.674717,-36.675252],[148.67265,-36.675281],[148.671592,-36.674185]],[[148.38816,-36.25331],[148.388371,-36.252582],[148.388915,-36.251668],[148.388791,-36.251035],[148.388214,-36.250044],[148.388427,-36.249406],[148.389788,-36.250388],[148.390135,-36.251019],[148.390257,-36.251562],[148.391268,-36.251732],[148.391485,-36.251366],[148.392258,-36.250722],[148.392379,-36.251265],[148.392831,-36.251441],[148.393837,-36.251339],[148.394624,-36.251511],[148.394632,-36.251965],[148.393515,-36.252159],[148.392848,-36.252439],[148.392408,-36.252898],[148.391962,-36.252994],[148.391055,-36.252369],[148.389497,-36.252932],[148.38906,-36.253572],[148.38816,-36.25331]],[[148.456295,-36.381705],[148.456958,-36.38093],[148.458155,-36.379821],[148.45869,-36.379486],[148.458969,-36.379921],[148.45844,-36.380584],[148.456443,-36.382359],[148.455108,-36.383361],[148.453636,-36.384254],[148.450131,-36.385063],[148.448928,-36.385844],[148.44878,-36.385189],[148.449576,-36.384304],[148.451591,-36.383513],[148.453349,-36.383382],[148.454017,-36.382936],[148.454827,-36.382817],[148.455215,-36.381827],[148.455625,-36.382041],[148.456295,-36.381705]],[[148.455258,-36.311452],[148.456206,-36.31155],[148.457439,-36.31241],[148.457597,-36.313612],[148.455058,-36.315285],[148.454958,-36.317147],[148.453901,-36.318473],[148.4532,-36.317168],[148.453053,-36.316513],[148.453577,-36.315631],[148.454774,-36.314522],[148.455561,-36.313199],[148.455258,-36.311452]],[[148.351003,-36.290042],[148.352163,-36.28929],[148.351238,-36.288562],[148.350967,-36.287932],[148.35305,-36.287803],[148.353566,-36.287481],[148.354201,-36.286524],[148.35486,-36.286938],[148.354752,-36.288206],[148.355809,-36.289038],[148.354779,-36.289788],[148.353626,-36.290962],[148.352844,-36.290971],[148.352707,-36.290551],[148.351139,-36.290357],[148.351003,-36.290042]],[[148.341569,-36.698476],[148.342093,-36.697603],[148.342252,-36.696446],[148.343346,-36.697445],[148.34355,-36.698887],[148.343939,-36.700617],[148.343782,-36.701919],[148.344341,-36.703068],[148.344176,-36.703937],[148.344199,-36.705237],[148.344401,-36.706535],[148.344411,-36.707113],[148.34333,-36.706836],[148.34331,-36.705681],[148.342756,-36.70482],[148.342749,-36.704387],[148.343277,-36.703803],[148.34307,-36.702216],[148.342696,-36.701353],[148.343037,-36.700338],[148.342658,-36.699186],[148.34211,-36.698615],[148.341569,-36.698476]],[[148.404474,-36.244955],[148.404823,-36.245677],[148.404302,-36.24786],[148.403642,-36.248503],[148.403763,-36.249046],[148.403664,-36.249773],[148.403108,-36.249961],[148.403343,-36.250593],[148.403799,-36.251041],[148.403401,-36.253858],[148.40352,-36.254219],[148.403526,-36.254582],[148.402861,-36.254953],[148.402731,-36.253956],[148.402696,-36.251961],[148.402353,-36.251602],[148.402231,-36.251059],[148.402545,-36.249786],[148.403184,-36.247964],[148.403165,-36.246876],[148.403926,-36.245597],[148.403906,-36.244508],[148.404106,-36.243145],[148.404547,-36.242777],[148.405113,-36.243134],[148.404904,-36.243952],[148.404474,-36.244955]],[[148.282498,-36.521492],[148.28319,-36.52236],[148.284685,-36.522563],[148.284558,-36.523112],[148.283206,-36.523345],[148.282132,-36.524013],[148.281991,-36.523687],[148.28063,-36.523373],[148.279959,-36.523818],[148.279667,-36.522508],[148.278304,-36.522085],[148.278029,-36.521869],[148.279647,-36.521304],[148.280453,-36.520858],[148.281657,-36.51986],[148.282742,-36.519848],[148.281939,-36.520513],[148.281675,-36.520954],[148.282498,-36.521492]],[[148.298497,-36.250505],[148.298941,-36.250136],[148.299178,-36.248935],[148.299556,-36.248411],[148.300191,-36.247935],[148.300956,-36.247562],[148.30082,-36.247095],[148.301392,-36.246724],[148.301968,-36.246562],[148.303001,-36.246811],[148.303518,-36.247013],[148.303847,-36.247427],[148.303788,-36.247792],[148.304316,-36.248567],[148.304454,-36.249138],[148.303425,-36.24915],[148.302522,-36.248951],[148.301298,-36.248808],[148.300724,-36.249075],[148.300666,-36.24944],[148.301054,-36.249592],[148.301182,-36.249539],[148.301068,-36.250425],[148.300749,-36.250585],[148.300103,-36.250383],[148.299785,-36.250595],[148.299601,-36.25117],[148.2987,-36.251128],[148.298497,-36.250505]],[[148.324844,-36.52674],[148.325263,-36.528467],[148.326642,-36.529239],[148.3296,-36.531095],[148.330003,-36.531877],[148.32883,-36.531733],[148.328256,-36.532369],[148.326482,-36.531287],[148.325296,-36.530356],[148.323722,-36.529586],[148.323511,-36.528644],[148.323695,-36.528012],[148.324844,-36.52674]],[[148.255217,-36.14188],[148.256025,-36.140526],[148.256202,-36.140075],[148.256752,-36.13992],[148.257204,-36.139317],[148.257092,-36.138122],[148.258102,-36.137887],[148.258645,-36.137209],[148.258627,-36.136087],[148.258249,-36.135493],[148.25805,-36.134598],[148.258959,-36.133841],[148.260242,-36.133379],[148.262444,-36.132757],[148.262801,-36.132006],[148.262321,-36.130815],[148.261942,-36.130146],[148.259639,-36.130245],[148.260557,-36.130011],[148.261753,-36.129849],[148.262385,-36.12902],[148.263213,-36.128936],[148.264314,-36.128626],[148.264486,-36.127876],[148.264464,-36.126531],[148.265286,-36.126073],[148.266111,-36.125766],[148.266748,-36.125235],[148.267287,-36.124407],[148.267552,-36.123657],[148.26784,-36.124401],[148.267114,-36.125082],[148.266302,-36.126212],[148.265117,-36.126972],[148.264774,-36.128621],[148.264138,-36.129151],[148.26313,-36.129535],[148.262769,-36.129988],[148.262879,-36.131108],[148.263352,-36.131851],[148.263453,-36.132448],[148.261719,-36.133513],[148.2608,-36.133672],[148.259059,-36.134288],[148.258793,-36.134964],[148.258994,-36.136009],[148.258923,-36.137355],[148.258568,-36.138181],[148.257747,-36.138713],[148.257578,-36.139687],[148.257127,-36.14029],[148.256582,-36.140819],[148.255217,-36.14188]],[[148.391892,-36.360152],[148.392049,-36.35961],[148.390425,-36.357469],[148.391059,-36.355572],[148.391785,-36.354146],[148.392279,-36.353803],[148.39271,-36.35454],[148.393136,-36.355075],[148.394233,-36.355737],[148.39433,-36.356479],[148.393846,-36.357429],[148.393189,-36.358044],[148.392708,-36.35913],[148.392981,-36.360409],[148.392653,-36.36075],[148.391892,-36.360152]],[[148.38687,-36.317866],[148.387046,-36.318531],[148.38747,-36.319193],[148.387975,-36.319787],[148.389061,-36.320641],[148.38899,-36.321242],[148.38909,-36.322241],[148.389267,-36.322972],[148.388035,-36.323187],[148.387536,-36.322926],[148.387112,-36.322264],[148.386608,-36.32167],[148.385884,-36.322678],[148.385136,-36.322354],[148.38528,-36.321152],[148.385532,-36.321416],[148.386355,-36.321339],[148.38626,-36.320674],[148.385592,-36.320148],[148.385335,-36.319618],[148.384503,-36.31916],[148.384084,-36.318765],[148.384733,-36.318158],[148.385721,-36.318146],[148.386466,-36.318337],[148.38687,-36.317866]],[[148.49619,-36.273755],[148.497131,-36.2731],[148.498074,-36.272574],[148.498562,-36.273211],[148.498416,-36.273856],[148.498736,-36.27398],[148.500167,-36.274091],[148.500507,-36.275244],[148.500365,-36.276146],[148.498944,-36.27655],[148.4972,-36.2767],[148.495607,-36.276463],[148.494163,-36.275709],[148.495106,-36.275183],[148.496537,-36.275294],[148.496681,-36.27452],[148.49619,-36.273755]],[[148.338034,-36.293881],[148.338543,-36.293137],[148.339317,-36.292706],[148.339312,-36.29239],[148.337728,-36.291247],[148.337575,-36.289877],[148.33821,-36.28892],[148.338715,-36.287964],[148.339873,-36.287107],[148.34067,-36.287943],[148.340554,-36.288788],[148.339788,-36.289746],[148.339815,-36.291329],[148.340633,-36.29343],[148.339996,-36.294282],[148.339366,-36.295555],[148.338438,-36.294616],[148.338034,-36.293881]],[[148.388219,-36.578501],[148.389182,-36.578155],[148.390012,-36.578145],[148.391409,-36.57891],[148.391832,-36.579351],[148.391716,-36.58058],[148.39176,-36.583035],[148.390792,-36.583047],[148.390361,-36.582159],[148.389935,-36.581606],[148.387431,-36.580854],[148.386862,-36.579967],[148.387259,-36.578958],[148.388219,-36.578501]],[[148.425233,-36.210239],[148.425999,-36.209232],[148.426209,-36.208504],[148.425719,-36.206151],[148.425145,-36.205341],[148.42436,-36.20526],[148.423245,-36.205545],[148.42292,-36.206093],[148.422602,-36.207095],[148.422523,-36.20891],[148.421629,-36.209012],[148.421499,-36.208015],[148.421929,-36.207012],[148.422131,-36.205831],[148.422349,-36.205465],[148.423231,-36.204729],[148.424006,-36.204266],[148.425806,-36.204789],[148.426372,-36.205145],[148.428359,-36.203579],[148.428808,-36.203665],[148.428707,-36.204301],[148.42827,-36.20485],[148.428392,-36.205393],[148.427389,-36.205677],[148.42684,-36.206228],[148.426517,-36.206958],[148.426652,-36.208226],[148.427004,-36.209129],[148.427136,-36.210216],[148.426586,-36.210767],[148.427269,-36.211394],[148.427738,-36.212567],[148.42787,-36.213654],[148.426952,-36.212395],[148.426599,-36.211492],[148.426027,-36.210774],[148.425464,-36.210599],[148.425233,-36.210239]],[[148.238819,-36.291342],[148.239859,-36.291162],[148.240593,-36.291408],[148.242884,-36.291215],[148.24384,-36.292303],[148.244591,-36.293646],[148.246585,-36.294385],[148.247749,-36.29547],[148.24513,-36.294737],[148.244392,-36.294239],[148.245351,-36.295495],[148.245566,-36.295915],[148.24537,-36.296677],[148.244102,-36.295677],[148.241362,-36.293848],[148.238819,-36.291342]],[[148.190967,-36.246925],[148.191056,-36.247298],[148.190938,-36.247775],[148.190854,-36.24781],[148.190348,-36.247645],[148.188853,-36.245993],[148.188417,-36.244943],[148.188034,-36.244607],[148.187278,-36.244614],[148.186815,-36.244517],[148.186017,-36.244491],[148.185642,-36.244698],[148.18374,-36.243901],[148.183307,-36.242987],[148.18195,-36.242116],[148.181397,-36.241645],[148.181255,-36.240558],[148.181712,-36.240247],[148.181872,-36.239702],[148.182255,-36.240072],[148.182929,-36.240235],[148.183683,-36.240092],[148.184054,-36.239646],[148.184889,-36.239298],[148.185256,-36.23858],[148.185371,-36.237898],[148.186303,-36.238399],[148.186675,-36.238055],[148.186751,-36.23751],[148.187205,-36.236996],[148.187666,-36.236957],[148.188124,-36.236646],[148.188583,-36.236506],[148.18955,-36.236598],[148.190138,-36.236558],[148.190633,-36.235975],[148.191093,-36.235869],[148.191438,-36.236477],[148.190393,-36.23676],[148.190018,-36.236968],[148.188966,-36.236842],[148.188514,-36.237493],[148.187757,-36.237364],[148.187425,-36.237674],[148.187229,-36.23856],[148.186981,-36.238801],[148.186348,-36.238637],[148.185803,-36.238642],[148.185597,-36.23895],[148.185482,-36.239666],[148.184613,-36.240525],[148.184238,-36.240699],[148.183484,-36.240808],[148.18277,-36.240781],[148.182229,-36.241161],[148.182407,-36.241771],[148.182869,-36.241835],[148.183378,-36.242136],[148.183594,-36.242576],[148.184433,-36.242465],[148.185064,-36.242561],[148.185115,-36.243139],[148.184193,-36.243284],[148.184282,-36.243623],[148.184834,-36.244026],[148.185635,-36.244256],[148.186221,-36.244114],[148.187231,-36.244241],[148.188574,-36.244227],[148.189208,-36.244459],[148.189594,-36.245033],[148.189684,-36.245441],[148.190113,-36.246015],[148.190665,-36.246383],[148.190967,-36.246925]],[[148.312431,-36.40363],[148.3127,-36.402709],[148.314102,-36.401777],[148.31466,-36.401197],[148.315806,-36.401873],[148.316384,-36.402554],[148.317391,-36.403346],[148.317694,-36.404489],[148.318268,-36.404941],[148.318276,-36.4054],[148.317431,-36.405753],[148.316442,-36.405993],[148.315448,-36.405889],[148.313307,-36.40511],[148.312872,-36.404542],[148.312431,-36.40363]],[[148.353666,-36.612604],[148.353933,-36.612043],[148.354204,-36.611705],[148.355072,-36.613815],[148.355945,-36.616261],[148.357653,-36.61892],[148.357817,-36.620369],[148.358541,-36.622146],[148.356152,-36.620165],[148.355154,-36.618502],[148.354444,-36.617506],[148.353043,-36.616517],[148.351929,-36.616195],[148.352337,-36.615744],[148.353573,-36.615172],[148.354117,-36.614607],[148.354113,-36.614384],[148.353557,-36.614279],[148.353666,-36.612604]],[[148.480807,-36.353822],[148.48241,-36.352708],[148.482934,-36.351826],[148.483602,-36.35138],[148.482647,-36.350954],[148.483725,-36.350722],[148.485623,-36.350917],[148.485225,-36.35136],[148.482426,-36.353583],[148.482715,-36.354565],[148.482603,-36.35577],[148.481279,-36.357319],[148.480584,-36.356342],[148.479213,-36.355374],[148.478405,-36.355603],[148.476259,-36.356615],[148.475036,-36.356302],[148.476103,-36.355522],[148.47663,-36.35475],[148.478102,-36.353856],[148.479465,-36.354386],[148.480807,-36.353822]],[[148.241205,-36.534078],[148.241328,-36.533311],[148.24132,-36.532763],[148.240899,-36.531892],[148.240348,-36.531351],[148.240198,-36.530477],[148.240727,-36.529596],[148.241943,-36.529364],[148.243447,-36.530114],[148.243854,-36.53011],[148.244541,-36.53065],[148.244967,-36.53185],[148.245122,-36.533052],[148.244863,-36.533821],[148.243922,-36.534378],[148.242306,-36.535051],[148.242161,-36.534506],[148.241205,-36.534078]],[[148.547417,-36.28622],[148.551054,-36.285402],[148.550301,-36.287469],[148.545041,-36.29461],[148.54517,-36.293065],[148.545459,-36.291647],[148.546067,-36.290224],[148.546356,-36.288806],[148.546001,-36.286882],[148.547417,-36.28622]],[[148.279286,-36.329609],[148.2793,-36.330439],[148.278511,-36.330447],[148.27764,-36.330265],[148.275663,-36.330031],[148.274958,-36.330358],[148.274636,-36.329978],[148.275184,-36.329717],[148.275816,-36.32971],[148.276371,-36.329896],[148.278662,-36.330063],[148.278894,-36.329741],[148.279111,-36.328525],[148.279174,-36.327567],[148.279396,-36.326671],[148.278987,-36.325781],[148.278262,-36.324895],[148.27777,-36.323751],[148.276975,-36.323376],[148.276262,-36.323192],[148.2757,-36.322624],[148.275293,-36.321862],[148.274498,-36.321487],[148.273788,-36.321495],[148.273627,-36.321305],[148.274331,-36.320914],[148.274083,-36.320215],[148.273524,-36.319837],[148.272972,-36.319843],[148.27233,-36.319148],[148.2716,-36.317942],[148.270726,-36.317569],[148.270639,-36.317059],[148.27112,-36.317564],[148.27191,-36.31762],[148.272232,-36.318],[148.272721,-36.318952],[148.273356,-36.319201],[148.273988,-36.319258],[148.274774,-36.319058],[148.275003,-36.318609],[148.273645,-36.317538],[148.273558,-36.317028],[148.273625,-36.316325],[148.273936,-36.316066],[148.273869,-36.316769],[148.274195,-36.317404],[148.274755,-36.317909],[148.275633,-36.318474],[148.275877,-36.318982],[148.275255,-36.3195],[148.274874,-36.320334],[148.275048,-36.321354],[148.27577,-36.322048],[148.276336,-36.322936],[148.277523,-36.323115],[148.277922,-36.323366],[148.278965,-36.324441],[148.279454,-36.325393],[148.2804,-36.325319],[148.281483,-36.32403],[148.282263,-36.323447],[148.282328,-36.322617],[148.281525,-36.321731],[148.281837,-36.321536],[148.283111,-36.322225],[148.28398,-36.32228],[148.283966,-36.32145],[148.28324,-36.3205],[148.282447,-36.320253],[148.2826,-36.319932],[148.283309,-36.319861],[148.283534,-36.319156],[148.283922,-36.318768],[148.283787,-36.320175],[148.284351,-36.320871],[148.284762,-36.321888],[148.284301,-36.322659],[148.283361,-36.323053],[148.282904,-36.324079],[148.28205,-36.324918],[148.281186,-36.325183],[148.280171,-36.325832],[148.27971,-36.326604],[148.279736,-36.328136],[148.279286,-36.329609]],[[148.332555,-36.813631],[148.333157,-36.813275],[148.333752,-36.8125],[148.333739,-36.811731],[148.333458,-36.810547],[148.334339,-36.811236],[148.334356,-36.812214],[148.335069,-36.813254],[148.335838,-36.812477],[148.336532,-36.812399],[148.337568,-36.812038],[148.337992,-36.811404],[148.339458,-36.810759],[148.340242,-36.81089],[148.339738,-36.811874],[148.337921,-36.812313],[148.337506,-36.813436],[148.336994,-36.814001],[148.336744,-36.814633],[148.337624,-36.815252],[148.338399,-36.814824],[148.339511,-36.813833],[148.339936,-36.813269],[148.3404,-36.814941],[148.340146,-36.815363],[148.339804,-36.815646],[148.338242,-36.815804],[148.337112,-36.815816],[148.336422,-36.816104],[148.335909,-36.816599],[148.335553,-36.816113],[148.335539,-36.815275],[148.334667,-36.815145],[148.333476,-36.816626],[148.33355,-36.815856],[148.332921,-36.814676],[148.332565,-36.81419],[148.332555,-36.813631]],[[148.664872,-36.659198],[148.665057,-36.658816],[148.665085,-36.660118],[148.663381,-36.660974],[148.664112,-36.662907],[148.665163,-36.663726],[148.664159,-36.665128],[148.663303,-36.665699],[148.660893,-36.665042],[148.660007,-36.664353],[148.65909,-36.662936],[148.659252,-36.662372],[148.662244,-36.660663],[148.663326,-36.659458],[148.664587,-36.659679],[148.664872,-36.659198]],[[148.517486,-36.364432],[148.517819,-36.363868],[148.518861,-36.364274],[148.519803,-36.363983],[148.521191,-36.364524],[148.522152,-36.36521],[148.521738,-36.36605],[148.5208,-36.366548],[148.520556,-36.36725],[148.522029,-36.367718],[148.52309,-36.369097],[148.5232,-36.370349],[148.521909,-36.370365],[148.520067,-36.368717],[148.518432,-36.36881],[148.517897,-36.36791],[148.517876,-36.366797],[148.517265,-36.366386],[148.517161,-36.365481],[148.516899,-36.365277],[148.515683,-36.364734],[148.517486,-36.364432]],[[148.418442,-35.659416],[148.419341,-35.658894],[148.419556,-35.658856],[148.419689,-35.659031],[148.419766,-35.659735],[148.420037,-35.660367],[148.42083,-35.661204],[148.422226,-35.661911],[148.42238,-35.662085],[148.422559,-35.662436],[148.422329,-35.662897],[148.422404,-35.663426],[148.422523,-35.664042],[148.422794,-35.664726],[148.423647,-35.665281],[148.425407,-35.665789],[148.426447,-35.665935],[148.426622,-35.666092],[148.425929,-35.667194],[148.423165,-35.668549],[148.423136,-35.668179],[148.423047,-35.668004],[148.422715,-35.667549],[148.421945,-35.6668],[148.420876,-35.665031],[148.420108,-35.664388],[148.419888,-35.662926],[148.418995,-35.661314],[148.418761,-35.660329],[148.418442,-35.659416]],[[148.253964,-36.702382],[148.255336,-36.703134],[148.256564,-36.703449],[148.257117,-36.703991],[148.257269,-36.704974],[148.257692,-36.705954],[148.258928,-36.706708],[148.259611,-36.706919],[148.258118,-36.707044],[148.257858,-36.707813],[148.258027,-36.709781],[148.25859,-36.710979],[148.259695,-36.712062],[148.25984,-36.712608],[148.260546,-36.714242],[148.261235,-36.714782],[148.261657,-36.715653],[148.261385,-36.715656],[148.26014,-36.714356],[148.2593,-36.712832],[148.258622,-36.712949],[148.258073,-36.712627],[148.258059,-36.711751],[148.258457,-36.7112],[148.25791,-36.710987],[148.257781,-36.711426],[148.257368,-36.711102],[148.257207,-36.709571],[148.25692,-36.708589],[148.256639,-36.708045],[148.256228,-36.70783],[148.256766,-36.707496],[148.257029,-36.706946],[148.257023,-36.706618],[148.256348,-36.706844],[148.256199,-36.70608],[148.255504,-36.705102],[148.25454,-36.704346],[148.253168,-36.703594],[148.252747,-36.702723],[148.252328,-36.702071],[148.252173,-36.700869],[148.250542,-36.700886],[148.249596,-36.701224],[148.24945,-36.700569],[148.250126,-36.700343],[148.250657,-36.699571],[148.251601,-36.699124],[148.252284,-36.699335],[148.252972,-36.699875],[148.252849,-36.700643],[148.252716,-36.700863],[148.253272,-36.701623],[148.253964,-36.702382]],[[148.291692,-36.255005],[148.29201,-36.254793],[148.292457,-36.254632],[148.292708,-36.254213],[148.29347,-36.253684],[148.295981,-36.253865],[148.296428,-36.253704],[148.296681,-36.253441],[148.297322,-36.25333],[148.297839,-36.253481],[148.297636,-36.252858],[148.297439,-36.2526],[148.297368,-36.252184],[148.297816,-36.252075],[148.298269,-36.252226],[148.298354,-36.253475],[148.298553,-36.253889],[148.299006,-36.254041],[148.299146,-36.254716],[148.299605,-36.255284],[148.2998,-36.255386],[148.300379,-36.255432],[148.300764,-36.255376],[148.301029,-36.255841],[148.300196,-36.256007],[148.299937,-36.255905],[148.299686,-36.256273],[148.299756,-36.256636],[148.301236,-36.256724],[148.3015,-36.257138],[148.30131,-36.257296],[148.300862,-36.257405],[148.300025,-36.257363],[148.298794,-36.256803],[148.297765,-36.256762],[148.296674,-36.256878],[148.296229,-36.257195],[148.29611,-36.25777],[148.295723,-36.257722],[148.294881,-36.257314],[148.294365,-36.257268],[148.293701,-36.255973],[148.293247,-36.255717],[148.292021,-36.25547],[148.291692,-36.255005]],[[148.459789,-36.342373],[148.460865,-36.341605],[148.461952,-36.341465],[148.463527,-36.342453],[148.467101,-36.342158],[148.468346,-36.342142],[148.469287,-36.342509],[148.469,-36.343772],[148.468398,-36.344912],[148.467783,-36.345298],[148.466385,-36.345441],[148.465135,-36.345204],[148.463892,-36.345346],[148.462489,-36.345237],[148.460466,-36.345262],[148.460284,-36.343878],[148.462298,-36.34335],[148.462286,-36.342721],[148.460574,-36.342741],[148.459789,-36.342373]],[[148.465663,-36.348472],[148.465967,-36.348091],[148.468007,-36.348947],[148.469417,-36.349434],[148.469429,-36.350063],[148.464604,-36.350122],[148.463199,-36.349888],[148.46305,-36.350267],[148.464486,-36.352139],[148.465272,-36.352507],[148.466064,-36.353253],[148.466078,-36.354008],[148.463114,-36.353667],[148.462314,-36.352543],[148.460142,-36.352947],[148.459034,-36.351954],[148.45947,-36.350311],[148.461477,-36.349405],[148.463024,-36.348882],[148.464585,-36.349115],[148.465663,-36.348472]],[[148.286904,-36.76199],[148.287556,-36.7625],[148.288119,-36.763939],[148.286886,-36.765397],[148.28601,-36.766707],[148.284564,-36.766145],[148.284185,-36.764993],[148.284169,-36.763982],[148.283632,-36.764132],[148.281294,-36.763868],[148.280381,-36.763011],[148.280187,-36.762147],[148.280532,-36.761276],[148.282493,-36.760388],[148.283764,-36.761241],[148.286282,-36.761503],[148.286904,-36.76199]],[[148.413484,-35.953228],[148.413977,-35.951125],[148.414331,-35.950529],[148.414677,-35.949538],[148.41557,-35.949416],[148.416078,-35.949842],[148.416367,-35.949863],[148.416788,-35.949661],[148.417609,-35.949762],[148.418192,-35.950113],[148.418336,-35.950506],[148.418,-35.951263],[148.418011,-35.951867],[148.418807,-35.953936],[148.41964,-35.954753],[148.419778,-35.955664],[148.418065,-35.956572],[148.416972,-35.955715],[148.416236,-35.955268],[148.415593,-35.954918],[148.415061,-35.954887],[148.413814,-35.953865],[148.413484,-35.953228]],[[148.497434,-36.43767],[148.49854,-36.43886],[148.498697,-36.439952],[148.499535,-36.441255],[148.500766,-36.441896],[148.500645,-36.442664],[148.499022,-36.442794],[148.496322,-36.443266],[148.495543,-36.445026],[148.494652,-36.447993],[148.494091,-36.447015],[148.493268,-36.446478],[148.493518,-36.44538],[148.494185,-36.444825],[148.494706,-36.443724],[148.494958,-36.442735],[148.494539,-36.442084],[148.493303,-36.441224],[148.493695,-36.440453],[148.494903,-36.439891],[148.495705,-36.439333],[148.496382,-36.439325],[148.497045,-36.43855],[148.497434,-36.43767]],[[148.105652,-36.378283],[148.105774,-36.378921],[148.105544,-36.37865],[148.104517,-36.377837],[148.103599,-36.376841],[148.102571,-36.376029],[148.101553,-36.375856],[148.100191,-36.375412],[148.099268,-36.373959],[148.098801,-36.372868],[148.098228,-36.372325],[148.097557,-36.372788],[148.097445,-36.372789],[148.097546,-36.371966],[148.097196,-36.371148],[148.096516,-36.370971],[148.095838,-36.370977],[148.094939,-36.37126],[148.094385,-36.371995],[148.094047,-36.37209],[148.093706,-36.37191],[148.094821,-36.370895],[148.096171,-36.370518],[148.096952,-36.369871],[148.09693,-36.368319],[148.096698,-36.367865],[148.097911,-36.365845],[148.098235,-36.364746],[148.099016,-36.3641],[148.099117,-36.363277],[148.098888,-36.363005],[148.098105,-36.36356],[148.09709,-36.363661],[148.096071,-36.363396],[148.094941,-36.363315],[148.094039,-36.363415],[148.092465,-36.363886],[148.091791,-36.364166],[148.090888,-36.364174],[148.089318,-36.364919],[148.088416,-36.365019],[148.087404,-36.365302],[148.086733,-36.365764],[148.08618,-36.366591],[148.086059,-36.366045],[148.087168,-36.364573],[148.087394,-36.364571],[148.087962,-36.36484],[148.088977,-36.36474],[148.089536,-36.364369],[148.090434,-36.363996],[148.092685,-36.363519],[148.093131,-36.363058],[148.093918,-36.362868],[148.094821,-36.36286],[148.09663,-36.363026],[148.09731,-36.363202],[148.09821,-36.363011],[148.098544,-36.362643],[148.100118,-36.362172],[148.100675,-36.361619],[148.101569,-36.360972],[148.103698,-36.359856],[148.10414,-36.359213],[148.105931,-36.358101],[148.105039,-36.358931],[148.104375,-36.35985],[148.103371,-36.360681],[148.102251,-36.361331],[148.101576,-36.361519],[148.101017,-36.36189],[148.100462,-36.362534],[148.100372,-36.364179],[148.099589,-36.364734],[148.098816,-36.365928],[148.097826,-36.367763],[148.098176,-36.368582],[148.098405,-36.368854],[148.097633,-36.370139],[148.097643,-36.37087],[148.098449,-36.371958],[148.099592,-36.372952],[148.100168,-36.373768],[148.100294,-36.37468],[148.100983,-36.375496],[148.101549,-36.375582],[148.102791,-36.37557],[148.103585,-36.375837],[148.104271,-36.37647],[148.105402,-36.376551],[148.106083,-36.376818],[148.105188,-36.377374],[148.105652,-36.378283]],[[148.382077,-36.278692],[148.383146,-36.277546],[148.383775,-36.277917],[148.383768,-36.277539],[148.383595,-36.276534],[148.382642,-36.275411],[148.382493,-36.275791],[148.382031,-36.276048],[148.38202,-36.275418],[148.382162,-36.274661],[148.381833,-36.273657],[148.381511,-36.273031],[148.38134,-36.272152],[148.381329,-36.271522],[148.380856,-36.27115],[148.381005,-36.27077],[148.381462,-36.270261],[148.381627,-36.270763],[148.38226,-36.271386],[148.383675,-36.272251],[148.384468,-36.273123],[148.385265,-36.274247],[148.386214,-36.275118],[148.385603,-36.275755],[148.385307,-36.27664],[148.385965,-36.278647],[148.386607,-36.279773],[148.386771,-36.280275],[148.386314,-36.280784],[148.385861,-36.281545],[148.386527,-36.284056],[148.387009,-36.284932],[148.386863,-36.285437],[148.385448,-36.284572],[148.384968,-36.283822],[148.384472,-36.282191],[148.38445,-36.280931],[148.383977,-36.280559],[148.38349,-36.279431],[148.382866,-36.279313],[148.382408,-36.279822],[148.382093,-36.279573],[148.382077,-36.278692]],[[148.397915,-36.253922],[148.398017,-36.253377],[148.397342,-36.253203],[148.396454,-36.253667],[148.396006,-36.253672],[148.395651,-36.252588],[148.396081,-36.251585],[148.396065,-36.250678],[148.395609,-36.25023],[148.395598,-36.249595],[148.396029,-36.248683],[148.396369,-36.24886],[148.397037,-36.248671],[148.396894,-36.246949],[148.395992,-36.246597],[148.39576,-36.246146],[148.397084,-36.245042],[148.397403,-36.24404],[148.397837,-36.243309],[148.398392,-36.243031],[148.398975,-36.244294],[148.399772,-36.24501],[148.399786,-36.245827],[148.400468,-36.246363],[148.400588,-36.246815],[148.400599,-36.24745],[148.399484,-36.247735],[148.399276,-36.248645],[148.399301,-36.250005],[148.399987,-36.250814],[148.400002,-36.25163],[148.399679,-36.252359],[148.399698,-36.253448],[148.398705,-36.254276],[148.397923,-36.254376],[148.397915,-36.253922]],[[148.141851,-36.445651],[148.142244,-36.444771],[148.142367,-36.443894],[148.143691,-36.441802],[148.144624,-36.440808],[148.144218,-36.440812],[148.142868,-36.441153],[148.140171,-36.441945],[148.138415,-36.442291],[148.135169,-36.44265],[148.134088,-36.442879],[148.13274,-36.44333],[148.131379,-36.442905],[148.131105,-36.442688],[148.129882,-36.442372],[148.128932,-36.442271],[148.126484,-36.441638],[148.125133,-36.441869],[148.124724,-36.441654],[148.125665,-36.441207],[148.126751,-36.441307],[148.12825,-36.441949],[148.129196,-36.441831],[148.130285,-36.442149],[148.131649,-36.442793],[148.133003,-36.44278],[148.134084,-36.442551],[148.135027,-36.442213],[148.137059,-36.442194],[148.139892,-36.441401],[148.141648,-36.441056],[148.144073,-36.440157],[148.144863,-36.438617],[148.14485,-36.437741],[148.144031,-36.437312],[148.142809,-36.437104],[148.142664,-36.436449],[148.14184,-36.435691],[148.14076,-36.43592],[148.139678,-36.43604],[148.138594,-36.43605],[148.137503,-36.435513],[148.136955,-36.435081],[148.135596,-36.434765],[148.134104,-36.43467],[148.132745,-36.434355],[148.131383,-36.43382],[148.129348,-36.433621],[148.128525,-36.432862],[148.129205,-36.433075],[148.130155,-36.433175],[148.131789,-36.433816],[148.133284,-36.434131],[148.134366,-36.434011],[148.135454,-36.434329],[148.136811,-36.434535],[148.13913,-36.435607],[148.140482,-36.435485],[148.141019,-36.435151],[148.139777,-36.433521],[148.140718,-36.433075],[148.142098,-36.434813],[148.142923,-36.43568],[148.144015,-36.436217],[148.144686,-36.435773],[148.146034,-36.435322],[148.146159,-36.434664],[148.146143,-36.43357],[148.147517,-36.43487],[148.148452,-36.433986],[148.149266,-36.434087],[148.149803,-36.433754],[148.150612,-36.433527],[148.15143,-36.433847],[148.152105,-36.433731],[148.152114,-36.434279],[148.150762,-36.434511],[148.146176,-36.435759],[148.145924,-36.437074],[148.146075,-36.438168],[148.146103,-36.440028],[148.145306,-36.44113],[148.144781,-36.44223],[148.143173,-36.443449],[148.142649,-36.444658],[148.141851,-36.445651]],[[148.36953,-36.30348],[148.370242,-36.302833],[148.370558,-36.302084],[148.370608,-36.301232],[148.370406,-36.300915],[148.370194,-36.300118],[148.369273,-36.300076],[148.369008,-36.299972],[148.369331,-36.299649],[148.369387,-36.299063],[148.369888,-36.29762],[148.370276,-36.297243],[148.370399,-36.296763],[148.370724,-36.296546],[148.371822,-36.295415],[148.371878,-36.294882],[148.371798,-36.294032],[148.37225,-36.293601],[148.372302,-36.292801],[148.372543,-36.291521],[148.37252,-36.290244],[148.373161,-36.289278],[148.373022,-36.288854],[148.373008,-36.288056],[148.373605,-36.288368],[148.373878,-36.288897],[148.374812,-36.289685],[148.375083,-36.290161],[148.375281,-36.290159],[148.375536,-36.28973],[148.376257,-36.289615],[148.376983,-36.289767],[148.377255,-36.290243],[148.377582,-36.290186],[148.377907,-36.289969],[148.37798,-36.290341],[148.377857,-36.290821],[148.377535,-36.291198],[148.376816,-36.291472],[148.3763,-36.292064],[148.376768,-36.292484],[148.376907,-36.292908],[148.376783,-36.293336],[148.376393,-36.293606],[148.376203,-36.294034],[148.37575,-36.294412],[148.375557,-36.29468],[148.375563,-36.295],[148.375965,-36.295421],[148.376493,-36.295521],[148.376565,-36.295893],[148.376507,-36.29632],[148.375655,-36.296489],[148.375194,-36.296441],[148.374604,-36.296555],[148.374404,-36.296397],[148.374728,-36.296127],[148.374264,-36.29592],[148.373278,-36.295931],[148.372557,-36.296099],[148.371977,-36.296744],[148.371066,-36.29734],[148.370625,-36.29841],[148.370441,-36.299157],[148.370848,-36.299898],[148.37092,-36.30027],[148.370661,-36.300486],[148.370604,-36.300966],[148.371067,-36.30112],[148.371468,-36.301488],[148.371485,-36.302446],[148.371625,-36.302923],[148.371106,-36.303355],[148.370189,-36.303579],[148.369343,-36.304067],[148.36953,-36.30348]],[[148.394131,-36.359383],[148.394286,-36.358707],[148.394865,-36.35843],[148.395541,-36.358894],[148.395866,-36.358418],[148.396442,-36.357939],[148.397366,-36.358266],[148.398041,-36.35873],[148.398541,-36.358657],[148.399547,-36.358915],[148.399799,-36.359047],[148.399874,-36.358574],[148.400707,-36.358497],[148.400529,-36.357824],[148.400851,-36.357212],[148.401687,-36.35727],[148.401681,-36.356933],[148.400582,-36.356136],[148.400146,-36.355128],[148.400896,-36.355052],[148.401823,-36.355581],[148.402748,-36.355975],[148.4035,-36.356034],[148.404245,-36.355688],[148.404651,-36.355075],[148.404972,-36.354329],[148.405887,-36.354183],[148.406462,-36.353704],[148.407465,-36.35376],[148.407893,-36.354362],[148.407822,-36.355038],[148.408084,-36.35571],[148.40717,-36.355923],[148.406763,-36.356468],[148.406277,-36.357284],[148.406543,-36.358158],[148.405376,-36.358239],[148.404961,-36.358379],[148.404203,-36.357983],[148.403122,-36.358198],[148.402628,-36.358541],[148.402389,-36.359219],[148.401339,-36.361121],[148.400763,-36.361601],[148.399704,-36.36303],[148.399115,-36.362767],[148.39867,-36.36122],[148.398236,-36.36028],[148.397575,-36.360626],[148.396635,-36.359422],[148.395633,-36.359366],[148.395483,-36.360313],[148.394559,-36.359986],[148.394131,-36.359383]],[[148.34459,-36.296129],[148.345106,-36.295807],[148.345875,-36.29506],[148.347041,-36.294625],[148.347675,-36.293562],[148.347526,-36.292509],[148.348571,-36.292602],[148.348708,-36.293023],[148.349112,-36.293757],[148.350276,-36.293216],[148.350654,-36.292473],[148.351572,-36.292779],[148.352218,-36.292456],[148.353127,-36.292234],[148.354806,-36.291371],[148.355851,-36.291465],[148.355603,-36.292206],[148.356012,-36.293257],[148.358228,-36.293232],[148.358086,-36.2926],[148.359654,-36.292793],[148.360695,-36.292676],[148.361859,-36.292135],[148.362136,-36.293082],[148.362527,-36.293077],[148.363039,-36.292544],[148.36394,-36.2919],[148.363949,-36.292428],[148.363575,-36.293382],[148.362538,-36.29371],[148.361229,-36.293409],[148.358367,-36.293758],[148.355241,-36.293899],[148.353427,-36.294552],[148.351883,-36.295731],[148.349717,-36.298604],[148.346574,-36.297796],[148.346303,-36.297165],[148.345769,-36.296433],[148.34459,-36.296129]],[[148.308934,-36.236383],[148.309382,-36.236222],[148.309699,-36.23601],[148.309884,-36.235487],[148.309104,-36.234975],[148.30865,-36.234772],[148.308452,-36.234461],[148.308513,-36.234252],[148.309747,-36.23502],[148.310262,-36.235067],[148.310581,-36.234907],[148.310978,-36.235579],[148.31149,-36.23547],[148.311673,-36.234843],[148.312123,-36.234838],[148.312322,-36.235252],[148.312268,-36.235878],[148.31126,-36.237087],[148.310894,-36.238236],[148.310579,-36.238656],[148.310528,-36.239438],[148.310087,-36.239964],[148.30964,-36.240177],[148.309464,-36.241168],[148.309435,-36.243304],[148.309325,-36.244398],[148.309528,-36.244969],[148.310368,-36.245272],[148.31012,-36.245796],[148.309035,-36.246276],[148.308398,-36.246648],[148.307767,-36.247332],[148.307189,-36.24739],[148.306269,-36.246202],[148.305363,-36.245848],[148.305422,-36.245483],[148.305931,-36.245217],[148.306771,-36.245416],[148.307355,-36.245774],[148.307476,-36.245304],[148.306755,-36.244479],[148.305846,-36.243916],[148.306294,-36.243807],[148.307336,-36.244628],[148.308171,-36.244567],[148.308676,-36.244041],[148.308276,-36.24316],[148.307309,-36.243014],[148.306023,-36.242976],[148.304728,-36.242418],[148.303686,-36.241596],[148.303026,-36.240613],[148.303086,-36.240352],[148.303982,-36.240082],[148.304672,-36.239085],[148.305044,-36.238248],[148.305552,-36.237878],[148.306133,-36.238028],[148.306837,-36.237812],[148.307219,-36.237599],[148.307929,-36.237748],[148.308452,-36.238315],[148.30872,-36.238937],[148.309307,-36.239451],[148.309758,-36.239499],[148.309685,-36.238979],[148.30903,-36.238257],[148.308934,-36.236383]],[[148.376876,-36.469166],[148.377884,-36.471043],[148.377327,-36.472624],[148.377366,-36.474827],[148.379332,-36.475749],[148.380724,-36.477307],[148.381125,-36.477932],[148.381534,-36.479029],[148.381584,-36.481862],[148.381016,-36.482813],[148.380042,-36.482825],[148.379053,-36.482049],[148.379412,-36.480313],[148.378805,-36.479061],[148.377046,-36.478766],[148.375434,-36.475794],[148.372313,-36.475673],[148.371317,-36.474425],[148.372071,-36.472999],[148.374604,-36.47297],[148.375743,-36.471226],[148.37591,-36.469649],[148.376876,-36.469166]],[[148.36819,-36.515397],[148.370354,-36.516362],[148.370371,-36.517351],[148.370095,-36.519087],[148.368602,-36.521331],[148.367095,-36.522834],[148.364366,-36.524597],[148.362225,-36.524869],[148.360959,-36.522656],[148.361236,-36.520921],[148.363066,-36.520405],[148.365195,-36.519391],[148.365773,-36.517404],[148.365742,-36.515672],[148.366956,-36.514916],[148.36819,-36.515397]],[[148.400927,-36.430162],[148.402262,-36.428572],[148.404014,-36.428551],[148.40384,-36.429655],[148.403272,-36.430606],[148.404466,-36.432009],[148.405643,-36.432467],[148.407185,-36.431505],[148.407944,-36.430394],[148.408754,-36.432116],[148.408207,-36.434169],[148.407851,-36.436062],[148.407897,-36.43858],[148.408707,-36.440302],[148.405336,-36.437036],[148.402197,-36.435814],[148.401011,-36.434883],[148.398855,-36.434121],[148.399033,-36.433175],[148.399806,-36.432851],[148.399795,-36.432221],[148.400961,-36.43205],[148.401147,-36.431576],[148.400927,-36.430162]],[[148.31358,-36.811218],[148.314752,-36.810387],[148.315925,-36.809693],[148.316078,-36.808738],[148.315726,-36.807925],[148.315881,-36.807106],[148.315826,-36.806061],[148.315893,-36.804873],[148.314996,-36.803275],[148.316743,-36.803815],[148.318845,-36.804163],[148.319565,-36.804613],[148.319751,-36.805565],[148.319257,-36.806387],[148.318422,-36.807078],[148.317925,-36.807764],[148.318283,-36.80885],[148.319315,-36.809792],[148.320677,-36.810186],[148.321696,-36.81031],[148.32103,-36.810999],[148.31984,-36.81074],[148.319164,-36.810883],[148.319178,-36.8117],[148.319362,-36.812516],[148.320051,-36.813189],[148.321074,-36.813586],[148.321754,-36.813715],[148.322933,-36.813293],[148.324939,-36.811773],[148.325097,-36.81109],[148.325932,-36.810399],[148.326936,-36.809707],[148.327793,-36.810242],[148.327466,-36.810927],[148.326289,-36.811485],[148.325454,-36.812175],[148.325466,-36.812856],[148.324626,-36.813274],[148.323782,-36.81342],[148.322773,-36.81384],[148.322272,-36.814254],[148.322283,-36.814935],[148.321265,-36.81481],[148.320258,-36.815366],[148.3201,-36.816049],[148.319532,-36.816899],[148.317561,-36.816168],[148.317545,-36.81526],[148.31736,-36.814309],[148.316661,-36.81309],[148.31597,-36.812281],[148.315622,-36.81174],[148.31358,-36.811218]],[[148.305012,-36.631255],[148.307256,-36.630711],[148.31098,-36.631968],[148.31326,-36.6335],[148.314878,-36.634001],[148.317282,-36.633326],[148.318902,-36.633957],[148.320064,-36.63602],[148.321531,-36.637041],[148.323442,-36.635852],[148.327153,-36.63633],[148.323623,-36.637018],[148.322042,-36.638722],[148.323024,-36.63962],[148.321582,-36.640025],[148.320128,-36.639782],[148.319295,-36.638104],[148.316695,-36.636706],[148.314278,-36.636603],[148.313458,-36.635703],[148.312153,-36.63468],[148.31053,-36.633919],[148.308605,-36.63433],[148.307311,-36.633955],[148.30633,-36.633057],[148.305012,-36.631255]],[[148.260433,-36.575192],[148.261291,-36.575068],[148.261299,-36.57553],[148.258301,-36.576255],[148.258457,-36.577063],[148.25775,-36.577648],[148.257037,-36.577887],[148.25749,-36.57927],[148.258772,-36.578794],[148.259209,-36.579251],[148.26035,-36.578893],[148.260077,-36.579705],[148.259954,-36.580977],[148.260254,-36.581784],[148.260695,-36.582472],[148.261421,-36.583043],[148.262138,-36.583035],[148.264005,-36.583247],[148.266005,-36.582879],[148.266722,-36.582871],[148.266156,-36.583339],[148.264295,-36.583475],[148.262581,-36.58384],[148.262884,-36.584877],[148.263757,-36.585677],[148.264061,-36.586714],[148.264797,-36.587862],[148.26567,-36.588662],[148.26639,-36.588886],[148.26669,-36.589692],[148.26801,-36.591527],[148.266567,-36.590965],[148.264551,-36.590408],[148.264112,-36.589835],[148.262368,-36.58835],[148.261777,-36.587316],[148.260642,-36.588022],[148.259922,-36.587798],[148.260763,-36.586633],[148.261314,-36.58524],[148.260725,-36.584322],[148.259845,-36.583059],[148.258268,-36.583076],[148.256124,-36.583446],[148.257246,-36.581931],[148.257373,-36.580889],[148.255787,-36.580328],[148.254626,-36.579415],[148.253598,-36.577923],[148.252435,-36.576895],[148.256295,-36.576277],[148.256429,-36.575697],[148.25687,-36.576386],[148.258437,-36.575792],[148.260433,-36.575192]],[[148.681687,-36.647114],[148.684058,-36.646556],[148.685068,-36.648651],[148.684888,-36.649039],[148.682104,-36.650439],[148.681113,-36.652397],[148.679415,-36.653531],[148.67701,-36.653843],[148.679777,-36.654359],[148.680223,-36.654589],[148.679753,-36.654797],[148.676788,-36.654515],[148.675103,-36.654236],[148.67482,-36.654429],[148.673922,-36.654441],[148.671861,-36.654748],[148.668392,-36.653686],[148.667667,-36.65203],[148.671106,-36.651705],[148.674532,-36.650824],[148.674164,-36.649718],[148.67446,-36.647493],[148.67585,-36.648029],[148.674847,-36.649431],[148.676967,-36.6519],[148.679705,-36.651028],[148.679989,-36.648248],[148.681687,-36.647114]],[[148.336189,-36.539994],[148.337148,-36.539039],[148.339088,-36.538387],[148.340434,-36.53727],[148.342365,-36.536146],[148.342151,-36.535047],[148.342121,-36.533316],[148.343273,-36.532201],[148.343646,-36.531252],[148.344833,-36.532183],[148.345632,-36.533276],[148.344657,-36.533287],[148.343882,-36.533611],[148.343511,-36.534717],[148.343712,-36.535029],[148.344681,-36.534704],[148.346236,-36.534371],[148.34645,-36.535471],[148.346082,-36.536734],[148.346678,-36.537357],[148.346889,-36.538299],[148.347464,-36.537663],[148.348271,-36.539228],[148.350043,-36.540153],[148.350067,-36.541569],[148.349312,-36.542994],[148.345812,-36.543664],[148.344818,-36.542573],[148.344584,-36.540372],[148.343203,-36.539443],[148.342033,-36.539456],[148.340467,-36.539159],[148.338714,-36.539336],[148.338156,-36.540916],[148.337368,-36.540453],[148.336189,-36.539994]],[[148.289444,-36.323508],[148.289467,-36.324903],[148.288754,-36.32526],[148.288035,-36.325268],[148.28732,-36.325508],[148.286874,-36.324582],[148.287146,-36.323649],[148.287125,-36.322369],[148.28697,-36.321673],[148.286379,-36.320748],[148.286366,-36.319934],[148.286494,-36.319002],[148.28677,-36.318301],[148.288327,-36.316772],[148.289179,-36.316181],[148.290605,-36.315467],[148.292775,-36.316258],[148.293066,-36.316488],[148.293363,-36.317066],[148.29481,-36.317632],[148.295395,-36.318208],[148.295972,-36.318318],[148.297865,-36.31981],[148.298306,-36.320387],[148.29789,-36.321322],[148.297471,-36.322025],[148.297043,-36.322262],[148.296468,-36.322268],[148.294592,-36.321823],[148.292869,-36.321958],[148.291589,-36.322786],[148.289444,-36.323508]],[[148.357239,-36.333943],[148.357413,-36.334474],[148.357507,-36.33514],[148.357762,-36.335537],[148.357452,-36.336674],[148.357211,-36.337077],[148.356716,-36.337016],[148.356456,-36.336285],[148.356447,-36.335752],[148.356601,-36.33515],[148.356426,-36.334552],[148.355516,-36.334362],[148.355037,-36.335234],[148.354711,-36.335438],[148.353959,-36.334847],[148.35362,-36.334317],[148.353044,-36.33439],[148.352132,-36.334067],[148.352125,-36.333667],[148.352782,-36.333526],[148.352772,-36.332926],[148.351782,-36.332871],[148.351366,-36.332675],[148.351853,-36.332203],[148.352924,-36.332191],[148.35316,-36.331588],[148.352159,-36.330866],[148.351331,-36.330609],[148.350591,-36.330751],[148.350019,-36.331024],[148.349275,-36.330899],[148.349184,-36.330366],[148.347615,-36.330184],[148.346715,-36.330594],[148.345985,-36.331269],[148.346134,-36.330334],[148.34612,-36.329534],[148.346683,-36.328728],[148.34667,-36.327928],[148.34641,-36.327197],[148.346647,-36.326594],[148.347472,-36.326652],[148.348634,-36.327172],[148.350449,-36.327285],[148.351842,-36.326802],[148.352,-36.3264],[148.351496,-36.325873],[148.35115,-36.324943],[148.351634,-36.324338],[148.351865,-36.323401],[148.351932,-36.322467],[148.352253,-36.321997],[148.353395,-36.321317],[148.353799,-36.320846],[148.353792,-36.320446],[148.353538,-36.320049],[148.353693,-36.319513],[148.354612,-36.320236],[148.354301,-36.321307],[148.353648,-36.321648],[148.353086,-36.322521],[148.353269,-36.323586],[148.353618,-36.324715],[148.354121,-36.325176],[148.353964,-36.325645],[148.352972,-36.325456],[148.353145,-36.325921],[148.354721,-36.326503],[148.35473,-36.327036],[148.354486,-36.327239],[148.354745,-36.327903],[148.355079,-36.328166],[148.355429,-36.329362],[148.355681,-36.329626],[148.356502,-36.329417],[148.357491,-36.329472],[148.359483,-36.33025],[148.359497,-36.33105],[148.359918,-36.331578],[148.360173,-36.332042],[148.360186,-36.332775],[148.360037,-36.333711],[148.359794,-36.333913],[148.359284,-36.333052],[148.359526,-36.332716],[148.359349,-36.332052],[148.358779,-36.332458],[148.358206,-36.332665],[148.357393,-36.333274],[148.356728,-36.332948],[148.356487,-36.333351],[148.356742,-36.333748],[148.357239,-36.333943]],[[148.425626,-36.481187],[148.42638,-36.479761],[148.427569,-36.480849],[148.427607,-36.482895],[148.428971,-36.482878],[148.428948,-36.481619],[148.430513,-36.481915],[148.431877,-36.481899],[148.433832,-36.48219],[148.433075,-36.483459],[148.431129,-36.48364],[148.42998,-36.484755],[148.428037,-36.485093],[148.426079,-36.484645],[148.425713,-36.485908],[148.425733,-36.48701],[148.424962,-36.487491],[148.423202,-36.487198],[148.422038,-36.487526],[148.422448,-36.488623],[148.42305,-36.489561],[148.422686,-36.490982],[148.421523,-36.49131],[148.418593,-36.49103],[148.42111,-36.490056],[148.420118,-36.489123],[148.418934,-36.48835],[148.419298,-36.486929],[148.418304,-36.485839],[148.416742,-36.4857],[148.414976,-36.485092],[148.415142,-36.483515],[148.416094,-36.482245],[148.418235,-36.482062],[148.419983,-36.481726],[148.422935,-36.483265],[148.42409,-36.482465],[148.425626,-36.481187]],[[148.491966,-36.082324],[148.492704,-36.081396],[148.496421,-36.078284],[148.497152,-36.077049],[148.497112,-36.074904],[148.497832,-36.073056],[148.499678,-36.070888],[148.500119,-36.070269],[148.500737,-36.070997],[148.502558,-36.071465],[148.503478,-36.072189],[148.504096,-36.072917],[148.505308,-36.073147],[148.505936,-36.074365],[148.505652,-36.075349],[148.503855,-36.076107],[148.504166,-36.076594],[148.505978,-36.076571],[148.50837,-36.075315],[148.509852,-36.073825],[148.512272,-36.07404],[148.513796,-36.074756],[148.513211,-36.075744],[148.508096,-36.076789],[148.506298,-36.077548],[148.503892,-36.078068],[148.500909,-36.076083],[148.4998,-36.077323],[148.499829,-36.078855],[148.49872,-36.080094],[148.498767,-36.082546],[148.497611,-36.081334],[148.49573,-36.081664],[148.493134,-36.084149],[148.491966,-36.082324]],[[148.418668,-36.495122],[148.420586,-36.493368],[148.423117,-36.49318],[148.427614,-36.493914],[148.428239,-36.49611],[148.428463,-36.497681],[148.428885,-36.499408],[148.42988,-36.500498],[148.432778,-36.499046],[148.433383,-36.500141],[148.433999,-36.501865],[148.43658,-36.504353],[148.438556,-36.505746],[148.438783,-36.507475],[148.433135,-36.507857],[148.43042,-36.508677],[148.430388,-36.506946],[148.431145,-36.505677],[148.431704,-36.504254],[148.431468,-36.502053],[148.429909,-36.502072],[148.427357,-36.501158],[148.424384,-36.498517],[148.424547,-36.496784],[148.425103,-36.495203],[148.419846,-36.495581],[148.417527,-36.49671],[148.418668,-36.495122]],[[148.302643,-36.309573],[148.303011,-36.308198],[148.303908,-36.307238],[148.304021,-36.306182],[148.30559,-36.306481],[148.306365,-36.306051],[148.306805,-36.305096],[148.307343,-36.30604],[148.306703,-36.306786],[148.307237,-36.307518],[148.30791,-36.308777],[148.307674,-36.310257],[148.308738,-36.311512],[148.309532,-36.312242],[148.310456,-36.312865],[148.310729,-36.313601],[148.309702,-36.314562],[148.308934,-36.315414],[148.308819,-36.316365],[148.308178,-36.317005],[148.307637,-36.31585],[148.306224,-36.317132],[148.305584,-36.317878],[148.306687,-36.321454],[148.306846,-36.32314],[148.306353,-36.324834],[148.306187,-36.32663],[148.305422,-36.327693],[148.30465,-36.328335],[148.305029,-36.327592],[148.305919,-36.326211],[148.3059,-36.32505],[148.30639,-36.323145],[148.305706,-36.321253],[148.305683,-36.319882],[148.30528,-36.319147],[148.304369,-36.319263],[148.303321,-36.318958],[148.301495,-36.318978],[148.299154,-36.31932],[148.298241,-36.31933],[148.297443,-36.318389],[148.296908,-36.31755],[148.295077,-36.317254],[148.295069,-36.316726],[148.296645,-36.317448],[148.298735,-36.317636],[148.301198,-36.316765],[148.302088,-36.315383],[148.30324,-36.314105],[148.302968,-36.313474],[148.302944,-36.311997],[148.302405,-36.310948],[148.302144,-36.310951],[148.302643,-36.309573]],[[148.49376,-36.35191],[148.496484,-36.352861],[148.497853,-36.353719],[148.500286,-36.353579],[148.502875,-36.354532],[148.502611,-36.354864],[148.505101,-36.357678],[148.506352,-36.359413],[148.507195,-36.361044],[148.506538,-36.362038],[148.504786,-36.362388],[148.503422,-36.361858],[148.501093,-36.360355],[148.499442,-36.358953],[148.497269,-36.358542],[148.495783,-36.35867],[148.49415,-36.358144],[148.493038,-36.356625],[148.491111,-36.354898],[148.490164,-36.35491],[148.4891,-36.355908],[148.489086,-36.355142],[148.48811,-36.353622],[148.488771,-36.352848],[148.490251,-36.352392],[148.492014,-36.352589],[148.49376,-36.35191]],[[148.377404,-36.606761],[148.377517,-36.605845],[148.377844,-36.604963],[148.378432,-36.604078],[148.379161,-36.60337],[148.380131,-36.60274],[148.381146,-36.602318],[148.382241,-36.602059],[148.383378,-36.601973],[148.384616,-36.602081],[148.385704,-36.602361],[148.386706,-36.602803],[148.387585,-36.60339],[148.388365,-36.604173],[148.38889,-36.60499],[148.389211,-36.605874],[148.389317,-36.60679],[148.389204,-36.607706],[148.388876,-36.608588],[148.388346,-36.609404],[148.387559,-36.610182],[148.386676,-36.610765],[148.385671,-36.611202],[148.384479,-36.611493],[148.383342,-36.611578],[148.382104,-36.61147],[148.381016,-36.611191],[148.380014,-36.610749],[148.379135,-36.610161],[148.378354,-36.609379],[148.37783,-36.608561],[148.377509,-36.607678],[148.377404,-36.606761]],[[148.384849,-36.149851],[148.384984,-36.149323],[148.386103,-36.147321],[148.386808,-36.146436],[148.386867,-36.145675],[148.387576,-36.144965],[148.388385,-36.145891],[148.389407,-36.146581],[148.389852,-36.147278],[148.38996,-36.149324],[148.390467,-36.149435],[148.390606,-36.149141],[148.390514,-36.148031],[148.391011,-36.147615],[148.392327,-36.148594],[148.392336,-36.149121],[148.392694,-36.148999],[148.39349,-36.149107],[148.393916,-36.148751],[148.394569,-36.148978],[148.394779,-36.148624],[148.395427,-36.148558],[148.396211,-36.148023],[148.396921,-36.14743],[148.397557,-36.146662],[148.397996,-36.147066],[148.398431,-36.147178],[148.398495,-36.146709],[148.399705,-36.145818],[148.400276,-36.145519],[148.400718,-36.14604],[148.401023,-36.146972],[148.401747,-36.147139],[148.401828,-36.147606],[148.402543,-36.147247],[148.402977,-36.147359],[148.403482,-36.147353],[148.403715,-36.148286],[148.403729,-36.149104],[148.405976,-36.149721],[148.406697,-36.149713],[148.406852,-36.150296],[148.406276,-36.150361],[148.405425,-36.15119],[148.404521,-36.153072],[148.404685,-36.154181],[148.404418,-36.155354],[148.404357,-36.155998],[148.404655,-36.156521],[148.405165,-36.156808],[148.405105,-36.15751],[148.404895,-36.157864],[148.405056,-36.158797],[148.404917,-36.159091],[148.404562,-36.159388],[148.404501,-36.160032],[148.404213,-36.160036],[148.40399,-36.159687],[148.402831,-36.159408],[148.402685,-36.159293],[148.403117,-36.15923],[148.403623,-36.159341],[148.404268,-36.159099],[148.40448,-36.158863],[148.404687,-36.158334],[148.404454,-36.157401],[148.404229,-36.156877],[148.403649,-36.156708],[148.403932,-36.156413],[148.404055,-36.155242],[148.4039,-36.1546],[148.403175,-36.154433],[148.402665,-36.154147],[148.402728,-36.15362],[148.40388,-36.153489],[148.403871,-36.153021],[148.403506,-36.152733],[148.403263,-36.151274],[148.402827,-36.151045],[148.402399,-36.151343],[148.402335,-36.151811],[148.402052,-36.152107],[148.401184,-36.151942],[148.400319,-36.151952],[148.400728,-36.15066],[148.400431,-36.150137],[148.40007,-36.150142],[148.399872,-36.151138],[148.399371,-36.151378],[148.399159,-36.151614],[148.398355,-36.151039],[148.399289,-36.150794],[148.399351,-36.150267],[148.3987,-36.150158],[148.398494,-36.150745],[148.398273,-36.150455],[148.39833,-36.149636],[148.397892,-36.14929],[148.397759,-36.149935],[148.397704,-36.15093],[148.39712,-36.150527],[148.397051,-36.150703],[148.397135,-36.151346],[148.397067,-36.15158],[148.396917,-36.151231],[148.396044,-36.150832],[148.39546,-36.150429],[148.394815,-36.150671],[148.394329,-36.151729],[148.393975,-36.152084],[148.39384,-36.152612],[148.393346,-36.153203],[148.392424,-36.154091],[148.391633,-36.154217],[148.391209,-36.15469],[148.390723,-36.155807],[148.390008,-36.156107],[148.389857,-36.155758],[148.388847,-36.155711],[148.388408,-36.155366],[148.388476,-36.155131],[148.388905,-36.15495],[148.389774,-36.155116],[148.390206,-36.155111],[148.390706,-36.154813],[148.391131,-36.154398],[148.391257,-36.153344],[148.391895,-36.152752],[148.391889,-36.152401],[148.39124,-36.152408],[148.391228,-36.151707],[148.391657,-36.151526],[148.3921,-36.152106],[148.392607,-36.152217],[148.392507,-36.150639],[148.391776,-36.150063],[148.391055,-36.150071],[148.390411,-36.150371],[148.390208,-36.151134],[148.39008,-36.152013],[148.390451,-36.152652],[148.38995,-36.152833],[148.389514,-36.152662],[148.389376,-36.153015],[148.388947,-36.153195],[148.388505,-36.152674],[148.388073,-36.152738],[148.387226,-36.1538],[148.386735,-36.154566],[148.385031,-36.156107],[148.384381,-36.156056],[148.384376,-36.155763],[148.385017,-36.155288],[148.385939,-36.1544],[148.385644,-36.154052],[148.385847,-36.15329],[148.386267,-36.152583],[148.386539,-36.151644],[148.386309,-36.150828],[148.386515,-36.150241],[148.386799,-36.150004],[148.386879,-36.150471],[148.387747,-36.150577],[148.388097,-36.149989],[148.388012,-36.149288],[148.388067,-36.148293],[148.387325,-36.147132],[148.386895,-36.147254],[148.386611,-36.147491],[148.386418,-36.148838],[148.38537,-36.15078],[148.385078,-36.15055],[148.384849,-36.149851]],[[148.482138,-36.438189],[148.484888,-36.440344],[148.486249,-36.440655],[148.487222,-36.441956],[148.487234,-36.442613],[148.486569,-36.443278],[148.48659,-36.444372],[148.487559,-36.445455],[148.487991,-36.446762],[148.487743,-36.447969],[148.486951,-36.449074],[148.486839,-36.450279],[148.486186,-36.451601],[148.48537,-36.451392],[148.485099,-36.451395],[148.48429,-36.451624],[148.482682,-36.45252],[148.482521,-36.451208],[148.482625,-36.449565],[148.482206,-36.448914],[148.48205,-36.447821],[148.481231,-36.447503],[148.480427,-36.447951],[148.480535,-36.446527],[148.479702,-36.445443],[148.477931,-36.444917],[148.477118,-36.444928],[148.475883,-36.444067],[148.474627,-36.442113],[148.474462,-36.440583],[148.47729,-36.439672],[148.477413,-36.439014],[148.479027,-36.438447],[148.480511,-36.4381],[148.482138,-36.438189]],[[148.375983,-36.582995],[148.376412,-36.583771],[148.37725,-36.584208],[148.377262,-36.584878],[148.377571,-36.58666],[148.378399,-36.586539],[148.379079,-36.585861],[148.380178,-36.585402],[148.380875,-36.585729],[148.381441,-36.586392],[148.381872,-36.58728],[148.382323,-36.589283],[148.386097,-36.59136],[148.386387,-36.592138],[148.386544,-36.593141],[148.384907,-36.594499],[148.38451,-36.595508],[148.384524,-36.596289],[148.384394,-36.596737],[148.383581,-36.597751],[148.383599,-36.598755],[148.383763,-36.600204],[148.383222,-36.60088],[148.382263,-36.601449],[148.381571,-36.601458],[148.38114,-36.60057],[148.380145,-36.59913],[148.380128,-36.598126],[148.379564,-36.597574],[148.379244,-36.595123],[148.378117,-36.59402],[148.377142,-36.593696],[148.376462,-36.594374],[148.375365,-36.594944],[148.375317,-36.592266],[148.37403,-36.589937],[148.37292,-36.589727],[148.371818,-36.590075],[148.371133,-36.590417],[148.370431,-36.589867],[148.369865,-36.589204],[148.370403,-36.588305],[148.371773,-36.587508],[148.372032,-36.586501],[148.37201,-36.585273],[148.371585,-36.58472],[148.369909,-36.583846],[148.369901,-36.5834],[148.373068,-36.582471],[148.375135,-36.582],[148.376653,-36.58176],[148.376938,-36.582203],[148.376252,-36.582546],[148.375983,-36.582995]],[[148.424679,-36.657204],[148.42693,-36.653711],[148.425534,-36.649729],[148.421822,-36.645775],[148.42584,-36.648393],[148.428135,-36.647299],[148.43208,-36.645919],[148.43479,-36.649352],[148.434854,-36.652816],[148.430919,-36.65473],[148.432983,-36.65897],[148.433679,-36.660828],[148.433744,-36.664292],[148.434134,-36.667486],[148.43083,-36.667793],[148.429102,-36.663815],[148.426066,-36.660652],[148.424679,-36.657204]],[[148.416911,-36.530666],[148.420301,-36.531616],[148.420022,-36.533104],[148.418205,-36.534363],[148.417614,-36.535608],[148.41797,-36.538326],[148.418922,-36.540047],[148.422322,-36.541491],[148.42418,-36.542459],[148.424193,-36.543201],[148.422367,-36.543965],[148.418426,-36.546487],[148.416897,-36.546753],[148.414728,-36.545541],[148.412879,-36.545068],[148.41104,-36.54509],[148.409204,-36.545359],[148.40768,-36.545872],[148.406747,-36.545141],[148.406693,-36.542171],[148.406968,-36.540436],[148.406643,-36.53945],[148.406621,-36.538213],[148.410878,-36.536183],[148.41421,-36.533916],[148.414791,-36.532176],[148.415396,-36.531674],[148.416911,-36.530666]],[[148.297241,-36.791311],[148.297272,-36.793128],[148.296166,-36.794537],[148.29688,-36.795648],[148.29834,-36.794653],[148.299617,-36.793102],[148.30014,-36.793166],[148.300331,-36.794212],[148.301909,-36.795034],[148.302099,-36.79601],[148.302205,-36.797127],[148.303088,-36.797956],[148.302752,-36.798658],[148.302064,-36.799085],[148.301386,-36.800071],[148.300426,-36.799802],[148.300407,-36.798684],[148.29979,-36.798201],[148.298576,-36.798355],[148.298068,-36.799129],[148.297026,-36.79914],[148.295807,-36.799014],[148.292864,-36.799675],[148.292001,-36.800033],[148.290975,-36.801023],[148.289853,-36.801524],[148.289498,-36.801039],[148.289831,-36.800197],[148.290345,-36.799772],[148.289821,-36.799568],[148.290318,-36.798165],[148.291093,-36.797737],[148.291168,-36.797038],[148.289946,-36.796701],[148.288732,-36.796854],[148.287516,-36.796868],[148.288027,-36.796233],[148.288357,-36.795181],[148.287808,-36.79351],[148.288054,-36.792669],[148.286832,-36.792333],[148.286326,-36.793247],[148.285266,-36.79221],[148.284696,-36.789281],[148.284675,-36.788024],[148.284225,-36.78712],[148.28498,-36.785505],[148.286105,-36.785213],[148.286719,-36.785556],[148.287585,-36.785407],[148.288617,-36.784766],[148.289045,-36.784412],[148.290794,-36.785092],[148.290976,-36.785579],[148.289258,-36.786716],[148.289708,-36.78769],[148.290664,-36.787679],[148.291959,-36.787176],[148.293004,-36.787374],[148.294664,-36.787915],[148.295966,-36.787831],[148.298109,-36.786131],[148.29949,-36.785557],[148.299925,-36.785622],[148.300526,-36.785196],[148.302086,-36.784969],[148.302622,-36.785802],[148.30238,-36.786923],[148.300744,-36.787779],[148.299526,-36.787722],[148.29728,-36.788446],[148.296161,-36.789087],[148.296176,-36.789995],[148.297241,-36.791311]],[[148.327495,-36.777232],[148.329854,-36.77865],[148.331688,-36.780797],[148.331705,-36.781808],[148.329558,-36.782266],[148.328301,-36.78228],[148.326487,-36.781289],[148.326153,-36.782737],[148.326901,-36.784463],[148.327994,-36.785317],[148.329959,-36.784717],[148.330336,-36.785725],[148.330563,-36.788467],[148.330957,-36.790485],[148.330244,-36.790782],[148.328443,-36.790514],[148.327018,-36.791252],[148.324826,-36.789109],[148.323753,-36.78941],[148.322878,-36.79072],[148.32163,-36.791312],[148.319665,-36.791912],[148.31947,-36.791047],[148.320887,-36.789875],[148.323384,-36.788836],[148.325876,-36.787508],[148.326749,-36.786054],[148.323669,-36.784499],[148.320648,-36.78641],[148.317108,-36.789484],[148.316769,-36.790643],[148.315698,-36.791089],[148.31371,-36.790388],[148.313511,-36.789235],[148.314945,-36.789074],[148.316914,-36.788619],[148.317976,-36.78774],[148.31653,-36.787178],[148.313821,-36.786342],[148.312711,-36.784476],[148.312519,-36.783755],[148.312869,-36.783174],[148.314114,-36.782437],[148.311961,-36.782606],[148.310337,-36.78219],[148.310315,-36.78089],[148.312453,-36.779855],[148.314965,-36.779683],[148.317466,-36.778933],[148.319437,-36.778622],[148.32015,-36.778325],[148.321222,-36.778024],[148.323028,-36.778582],[148.323739,-36.778141],[148.325904,-36.778694],[148.327495,-36.777232]],[[148.315746,-36.234329],[148.316382,-36.233958],[148.316823,-36.23338],[148.31705,-36.231607],[148.317242,-36.231553],[148.317446,-36.232228],[148.317711,-36.232693],[148.318098,-36.232793],[148.318544,-36.232528],[148.318732,-36.232266],[148.319313,-36.232363],[148.320017,-36.232199],[148.32058,-36.231308],[148.320976,-36.231876],[148.321311,-36.232706],[148.321575,-36.233119],[148.322413,-36.233266],[148.322855,-36.232793],[148.322778,-36.232013],[148.321867,-36.231398],[148.321397,-36.230205],[148.320813,-36.229847],[148.32023,-36.229593],[148.319844,-36.229545],[148.319356,-36.229238],[148.319727,-36.228349],[148.321057,-36.227136],[148.320978,-36.226304],[148.320522,-36.225945],[148.320768,-36.225265],[148.321003,-36.22396],[148.321501,-36.223017],[148.321302,-36.222603],[148.320976,-36.222346],[148.320933,-36.221722],[148.321631,-36.221193],[148.322785,-36.221024],[148.322983,-36.221335],[148.322929,-36.221908],[148.322486,-36.22233],[148.322299,-36.222696],[148.322561,-36.222954],[148.323069,-36.222584],[148.323381,-36.222059],[148.323898,-36.22221],[148.323778,-36.222732],[148.323268,-36.222946],[148.322968,-36.224251],[148.323498,-36.225183],[148.324017,-36.225489],[148.324335,-36.225278],[148.325232,-36.225111],[148.326131,-36.225049],[148.326328,-36.225307],[148.326275,-36.225933],[148.326604,-36.226398],[148.326925,-36.226394],[148.32751,-36.226753],[148.328103,-36.227631],[148.328681,-36.227625],[148.32906,-36.227204],[148.329116,-36.226735],[148.329558,-36.226261],[148.330395,-36.226356],[148.330919,-36.226923],[148.331513,-36.227854],[148.332366,-36.228886],[148.332568,-36.229404],[148.332639,-36.22982],[148.332586,-36.230498],[148.332305,-36.230969],[148.332456,-36.23227],[148.332721,-36.232735],[148.333686,-36.232777],[148.333864,-36.231889],[148.333989,-36.231732],[148.334003,-36.232513],[148.333379,-36.233613],[148.333135,-36.234397],[148.332628,-36.234819],[148.331862,-36.23514],[148.3313,-36.236136],[148.330168,-36.237607],[148.329721,-36.237768],[148.329764,-36.236518],[148.329303,-36.235846],[148.329354,-36.235116],[148.329729,-36.234435],[148.329273,-36.234128],[148.3292,-36.233608],[148.329636,-36.23277],[148.329625,-36.232093],[148.328529,-36.231897],[148.327437,-36.231961],[148.327449,-36.23269],[148.32733,-36.233264],[148.327063,-36.232642],[148.326606,-36.232231],[148.325697,-36.23172],[148.324978,-36.230999],[148.324778,-36.230584],[148.324196,-36.230382],[148.323939,-36.230385],[148.32395,-36.23101],[148.324221,-36.23184],[148.324553,-36.232462],[148.324114,-36.233143],[148.323412,-36.233412],[148.322906,-36.233886],[148.322396,-36.234152],[148.322038,-36.235822],[148.321718,-36.235878],[148.321253,-36.234998],[148.319508,-36.234444],[148.31926,-36.234968],[148.318601,-36.234038],[148.318088,-36.234095],[148.317517,-36.234518],[148.317397,-36.23504],[148.317856,-36.235556],[148.318187,-36.236177],[148.318707,-36.236484],[148.319704,-36.238452],[148.320179,-36.239905],[148.320701,-36.24042],[148.322064,-36.241186],[148.322775,-36.241386],[148.322915,-36.242062],[148.322865,-36.242895],[148.323133,-36.243569],[148.323592,-36.244085],[148.324105,-36.244027],[148.323918,-36.244342],[148.323343,-36.244557],[148.322773,-36.245084],[148.321911,-36.245458],[148.321793,-36.246084],[148.322061,-36.246706],[148.32207,-36.247227],[148.321492,-36.247285],[148.320716,-36.246981],[148.320071,-36.246884],[148.319485,-36.246474],[148.317749,-36.246441],[148.317805,-36.24592],[148.318314,-36.245654],[148.318691,-36.245129],[148.31792,-36.245137],[148.315424,-36.24579],[148.314328,-36.245593],[148.313744,-36.245287],[148.313299,-36.245605],[148.313049,-36.246024],[148.312852,-36.245766],[148.313091,-36.244722],[148.313279,-36.244407],[148.313924,-36.244504],[148.314704,-36.245016],[148.315477,-36.245112],[148.316116,-36.244897],[148.316297,-36.244166],[148.316224,-36.243646],[148.315387,-36.243603],[148.314742,-36.243454],[148.314281,-36.242834],[148.314396,-36.241999],[148.313872,-36.241432],[148.312836,-36.240975],[148.312496,-36.239885],[148.312554,-36.239468],[148.312803,-36.238996],[148.313056,-36.238785],[148.31305,-36.238421],[148.312844,-36.237642],[148.313032,-36.237328],[148.313737,-36.237216],[148.314437,-36.236791],[148.314748,-36.236163],[148.315314,-36.235428],[148.315746,-36.234329]],[[148.775775,-36.710619],[148.777189,-36.708502],[148.77482,-36.707951],[148.774778,-36.70737],[148.775053,-36.707112],[148.77497,-36.703504],[148.773866,-36.700467],[148.77333,-36.700332],[148.772962,-36.700119],[148.772168,-36.700039],[148.768003,-36.69899],[148.767718,-36.698695],[148.768939,-36.696098],[148.768876,-36.693323],[148.770203,-36.691083],[148.771211,-36.689957],[148.772756,-36.689577],[148.776669,-36.689937],[148.775717,-36.691],[148.776371,-36.692129],[148.776273,-36.692372],[148.776688,-36.694277],[148.777662,-36.694681],[148.77921,-36.694929],[148.780419,-36.696165],[148.779973,-36.696212],[148.781033,-36.697306],[148.781393,-36.697445],[148.782929,-36.699538],[148.782671,-36.703661],[148.783684,-36.704595],[148.783619,-36.704763],[148.784058,-36.706495],[148.783986,-36.70685],[148.784136,-36.706932],[148.784391,-36.708361],[148.78389,-36.710352],[148.783545,-36.711109],[148.782751,-36.711994],[148.7831,-36.712156],[148.783376,-36.712781],[148.7849,-36.712916],[148.787271,-36.713592],[148.787309,-36.715257],[148.78595,-36.71611],[148.787023,-36.71776],[148.789481,-36.719666],[148.789513,-36.721054],[148.785727,-36.721388],[148.78016,-36.719251],[148.777019,-36.717632],[148.774938,-36.717108],[148.773361,-36.718615],[148.772992,-36.718592],[148.772223,-36.719261],[148.770146,-36.718653],[148.770639,-36.718519],[148.770467,-36.717719],[148.772564,-36.715904],[148.774234,-36.714306],[148.775174,-36.712723],[148.775775,-36.710619]],[[148.439831,-35.683311],[148.439945,-35.683481],[148.439753,-35.683871],[148.439468,-35.684009],[148.439384,-35.684245],[148.439323,-35.683966],[148.438783,-35.683432],[148.438606,-35.68338],[148.438516,-35.682686],[148.438345,-35.682418],[148.438101,-35.682376],[148.437511,-35.682698],[148.437457,-35.682816],[148.436798,-35.683014],[148.436769,-35.683266],[148.436839,-35.683464],[148.43665,-35.683367],[148.436685,-35.682889],[148.436771,-35.682752],[148.43641,-35.682306],[148.4359,-35.682258],[148.435605,-35.682442],[148.435954,-35.682789],[148.435754,-35.682728],[148.435494,-35.682407],[148.435271,-35.682301],[148.434618,-35.682219],[148.434647,-35.682011],[148.434315,-35.681961],[148.434073,-35.682027],[148.433949,-35.681262],[148.433641,-35.681374],[148.433464,-35.681358],[148.433319,-35.681261],[148.433057,-35.680849],[148.432329,-35.680876],[148.432165,-35.680995],[148.432064,-35.680888],[148.43182,-35.680837],[148.431639,-35.680623],[148.431438,-35.680526],[148.431413,-35.680337],[148.431188,-35.680123],[148.430651,-35.680382],[148.430621,-35.680545],[148.430066,-35.681011],[148.429822,-35.680987],[148.429554,-35.680819],[148.429269,-35.680957],[148.428576,-35.681732],[148.428171,-35.681935],[148.42795,-35.681938],[148.426558,-35.681359],[148.425883,-35.681286],[148.424374,-35.681565],[148.423888,-35.68158],[148.423577,-35.681481],[148.423119,-35.66861],[148.424815,-35.667798],[148.425806,-35.667566],[148.426636,-35.666116],[148.426915,-35.666226],[148.42806,-35.66557],[148.430806,-35.666444],[148.431819,-35.666167],[148.431994,-35.666502],[148.431836,-35.667149],[148.432548,-35.668122],[148.433611,-35.668109],[148.434112,-35.66765],[148.434854,-35.667755],[148.435488,-35.666954],[148.436924,-35.664143],[148.437215,-35.663751],[148.437513,-35.663739],[148.43788,-35.663852],[148.438451,-35.663683],[148.439493,-35.663859],[148.439751,-35.664073],[148.44006,-35.664087],[148.440598,-35.664504],[148.441562,-35.664682],[148.441764,-35.66486],[148.441961,-35.664749],[148.442579,-35.664697],[148.442789,-35.66409],[148.443155,-35.664176],[148.44367,-35.663918],[148.445806,-35.664153],[148.446048,-35.664087],[148.446101,-35.663961],[148.44631,-35.663931],[148.446501,-35.6641],[148.446914,-35.663716],[148.446993,-35.663211],[148.447268,-35.663144],[148.447778,-35.663237],[148.447939,-35.663596],[148.447812,-35.663913],[148.448046,-35.664018],[148.448177,-35.663918],[148.449042,-35.664124],[148.449147,-35.664393],[148.449128,-35.664564],[148.449405,-35.664651],[148.449555,-35.664965],[148.449276,-35.665437],[148.449281,-35.665707],[148.448975,-35.6659],[148.448695,-35.666291],[148.448957,-35.666739],[148.448639,-35.666842],[148.448586,-35.666969],[148.448687,-35.667076],[148.448669,-35.667301],[148.448827,-35.667471],[148.449136,-35.667485],[148.44847,-35.667899],[148.448441,-35.668152],[148.448557,-35.66843],[148.448473,-35.6699],[148.448509,-35.670071],[148.449525,-35.670059],[148.449593,-35.670121],[148.449527,-35.670753],[148.449624,-35.671257],[148.448972,-35.671238],[148.448573,-35.671134],[148.448532,-35.671955],[148.447962,-35.672214],[148.447581,-35.671912],[148.447501,-35.671742],[148.447134,-35.671611],[148.446725,-35.671625],[148.44566,-35.672594],[148.445623,-35.672973],[148.445163,-35.673195],[148.445077,-35.67398],[148.444939,-35.674261],[148.445066,-35.67398],[148.444467,-35.673816],[148.444474,-35.673627],[148.444171,-35.673342],[148.443542,-35.673376],[148.443028,-35.673094],[148.442539,-35.672938],[148.442282,-35.672751],[148.440725,-35.672833],[148.439982,-35.673248],[148.439542,-35.673361],[148.439505,-35.673785],[148.439114,-35.673556],[148.438696,-35.673011],[148.438087,-35.672955],[148.4381,-35.673054],[148.438034,-35.673055],[148.437865,-35.672921],[148.436273,-35.67285],[148.435492,-35.67304],[148.435352,-35.673249],[148.435611,-35.674111],[148.435788,-35.674145],[148.435929,-35.674594],[148.435833,-35.674821],[148.435439,-35.674988],[148.435756,-35.675417],[148.435704,-35.675643],[148.435901,-35.676109],[148.436136,-35.676269],[148.43709,-35.676528],[148.43776,-35.676917],[148.437892,-35.676888],[148.437971,-35.676932],[148.438021,-35.677301],[148.439286,-35.677519],[148.439129,-35.677423],[148.439553,-35.676911],[148.440809,-35.677274],[148.442605,-35.676799],[148.444307,-35.676212],[148.450582,-35.675533],[148.451051,-35.675565],[148.451164,-35.675816],[148.450575,-35.67686],[148.450308,-35.67799],[148.449799,-35.677959],[148.448722,-35.677254],[148.447464,-35.676779],[148.446023,-35.677827],[148.444676,-35.678355],[148.443478,-35.678546],[148.443241,-35.678679],[148.443008,-35.679098],[148.443004,-35.680325],[148.443105,-35.681027],[148.443169,-35.6809],[148.443312,-35.681493],[148.44311,-35.681937],[148.442775,-35.682365],[148.443056,-35.682605],[148.442504,-35.682625],[148.442909,-35.681978],[148.442844,-35.681886],[148.441891,-35.681754],[148.441627,-35.681784],[148.440826,-35.681496],[148.440633,-35.681832],[148.440616,-35.682102],[148.440789,-35.682488],[148.440553,-35.682906],[148.440444,-35.682997],[148.440212,-35.683],[148.439831,-35.683311]],[[148.40235,-36.493801],[148.403032,-36.493237],[148.403944,-36.492667],[148.405086,-36.492095],[148.409005,-36.492049],[148.409687,-36.491482],[148.411544,-36.492203],[148.412237,-36.492195],[148.413392,-36.492368],[148.414338,-36.49366],[148.416186,-36.493825],[148.417145,-36.49586],[148.416474,-36.496986],[148.416366,-36.496968],[148.417175,-36.498761],[148.417398,-36.500332],[148.418192,-36.50111],[148.418989,-36.502045],[148.419609,-36.503926],[148.422567,-36.50578],[148.424147,-36.506863],[148.424953,-36.50827],[148.423399,-36.508604],[148.423029,-36.50971],[148.423451,-36.511436],[148.424053,-36.512374],[148.424472,-36.513943],[148.426823,-36.514544],[148.428222,-36.516417],[148.427853,-36.517523],[148.424736,-36.517718],[148.422809,-36.519],[148.422201,-36.517748],[148.42063,-36.517137],[148.416885,-36.514978],[148.415153,-36.516258],[148.415374,-36.517672],[148.415033,-36.520352],[148.413453,-36.519269],[148.412814,-36.516285],[148.410652,-36.515367],[148.410423,-36.51348],[148.40882,-36.511138],[148.408204,-36.509414],[148.409551,-36.508453],[148.410495,-36.506711],[148.409664,-36.503887],[148.409644,-36.502785],[148.40846,-36.502012],[148.407457,-36.50045],[148.407446,-36.499885],[148.406842,-36.499892],[148.405685,-36.499718],[148.405668,-36.498582],[148.40469,-36.498436],[148.403604,-36.499372],[148.402448,-36.499198],[148.401284,-36.498652],[148.400369,-36.499037],[148.399677,-36.499045],[148.397589,-36.498325],[148.397569,-36.497209],[148.398929,-36.49589],[148.399838,-36.495136],[148.40235,-36.493801]],[[148.339398,-36.352033],[148.339564,-36.351512],[148.340074,-36.351173],[148.3404,-36.352169],[148.340218,-36.353588],[148.339922,-36.354342],[148.339408,-36.354431],[148.338161,-36.353778],[148.337437,-36.353619],[148.336707,-36.353128],[148.335987,-36.353219],[148.335591,-36.35414],[148.335407,-36.355476],[148.335436,-36.357142],[148.335977,-36.358637],[148.335992,-36.359553],[148.336828,-36.360211],[148.337458,-36.360871],[148.337364,-36.361455],[148.336542,-36.361548],[148.33532,-36.362395],[148.336287,-36.364718],[148.337001,-36.364293],[148.337413,-36.364288],[148.338249,-36.364946],[148.338878,-36.365606],[148.339705,-36.365763],[148.340125,-36.366175],[148.341059,-36.366581],[148.341885,-36.366655],[148.342533,-36.368398],[148.343263,-36.36889],[148.34336,-36.368556],[148.343232,-36.367057],[148.342694,-36.365729],[148.343296,-36.364806],[148.344538,-36.365125],[148.345261,-36.3652],[148.345973,-36.364692],[148.346476,-36.363937],[148.346868,-36.362765],[148.346851,-36.361765],[148.34551,-36.361697],[148.344881,-36.361121],[148.345691,-36.360278],[148.346186,-36.359106],[148.347787,-36.356337],[148.348627,-36.357244],[148.349669,-36.357899],[148.3504,-36.358475],[148.351232,-36.358882],[148.351529,-36.358212],[148.35203,-36.357373],[148.352645,-36.357199],[148.352838,-36.356447],[148.353651,-36.355771],[148.354265,-36.355514],[148.353338,-36.355524],[148.353119,-36.354776],[148.353199,-36.353442],[148.35391,-36.35285],[148.355143,-36.35267],[148.355961,-36.352327],[148.355329,-36.351501],[148.355107,-36.350586],[148.355194,-36.349669],[148.356105,-36.348741],[148.355992,-36.348159],[148.356076,-36.347075],[148.356362,-36.345738],[148.357056,-36.344147],[148.357249,-36.343394],[148.356935,-36.343148],[148.356825,-36.342732],[148.357436,-36.342309],[148.357928,-36.340969],[148.358439,-36.340713],[148.35873,-36.33971],[148.35862,-36.339294],[148.357746,-36.339388],[148.357427,-36.338808],[148.358452,-36.338546],[148.358959,-36.33804],[148.35916,-36.337788],[148.359142,-36.336705],[148.359858,-36.336447],[148.360694,-36.337104],[148.361226,-36.338098],[148.361133,-36.338682],[148.360624,-36.339022],[148.360636,-36.339688],[148.361875,-36.339841],[148.362195,-36.340504],[148.362108,-36.341422],[148.362011,-36.341756],[148.361186,-36.341682],[148.360662,-36.341188],[148.36015,-36.341361],[148.358621,-36.342295],[148.358428,-36.343047],[148.358639,-36.343378],[148.358549,-36.34413],[148.358068,-36.346052],[148.357175,-36.348063],[148.356887,-36.349233],[148.3569,-36.349983],[148.356709,-36.350902],[148.35714,-36.35198],[148.357761,-36.35214],[148.358362,-36.351133],[148.358877,-36.351127],[148.358989,-36.351626],[148.358485,-36.352298],[148.358292,-36.353051],[148.358207,-36.354052],[148.358741,-36.355129],[148.358433,-36.355216],[148.358445,-36.355883],[148.359073,-36.356459],[148.358466,-36.357133],[148.357852,-36.35739],[148.356832,-36.357985],[148.356738,-36.358486],[148.358198,-36.35947],[148.358101,-36.359804],[148.356864,-36.359818],[148.357301,-36.36123],[148.356488,-36.361906],[148.357127,-36.363066],[148.358269,-36.363553],[148.358896,-36.364046],[148.358965,-36.365045],[148.359706,-36.366204],[148.360218,-36.366031],[148.360404,-36.364862],[148.36142,-36.364017],[148.36182,-36.363346],[148.362143,-36.364092],[148.361642,-36.364931],[148.361147,-36.366104],[148.360747,-36.366775],[148.359725,-36.367287],[148.359123,-36.368211],[148.358403,-36.368302],[148.358313,-36.369053],[148.358008,-36.369307],[148.35739,-36.369314],[148.356367,-36.369742],[148.356274,-36.370327],[148.357101,-36.370484],[148.357323,-36.371398],[148.357336,-36.372148],[148.357956,-36.372225],[148.358349,-36.371137],[148.358224,-36.369888],[148.358729,-36.369299],[148.359449,-36.369207],[148.359541,-36.368539],[148.36015,-36.368032],[148.361172,-36.367521],[148.361493,-36.368184],[148.360779,-36.368609],[148.359561,-36.369706],[148.358946,-36.36988],[148.359179,-36.371461],[148.359507,-36.372541],[148.359625,-36.373373],[148.358699,-36.373467],[148.358295,-36.373971],[148.357922,-36.376226],[148.35836,-36.377721],[148.358587,-36.378885],[148.358407,-36.380388],[148.357902,-36.380977],[148.357089,-36.381653],[148.355961,-36.381999],[148.355537,-36.381337],[148.355932,-36.380333],[148.356443,-36.380077],[148.356939,-36.378988],[148.356723,-36.378407],[148.356813,-36.377655],[148.357115,-36.377235],[148.356797,-36.376739],[148.356577,-36.375908],[148.35678,-36.375739],[148.35707,-36.374652],[148.35703,-36.372319],[148.356702,-36.371239],[148.356491,-36.370991],[148.355349,-36.370504],[148.355525,-36.368752],[148.356027,-36.367996],[148.356616,-36.366322],[148.357114,-36.365316],[148.357834,-36.365225],[148.357506,-36.364145],[148.35563,-36.362916],[148.355404,-36.361752],[148.355482,-36.360334],[148.35536,-36.359252],[148.353702,-36.358687],[148.352586,-36.3597],[148.352102,-36.361539],[148.351725,-36.363544],[148.350939,-36.365803],[148.350859,-36.367138],[148.351293,-36.368383],[148.349731,-36.373402],[148.348437,-36.376083],[148.34806,-36.378088],[148.347466,-36.379512],[148.347486,-36.380678],[148.347716,-36.382092],[148.346275,-36.382192],[148.343178,-36.381894],[148.341937,-36.381657],[148.339538,-36.380017],[148.337381,-36.380458],[148.337259,-36.379376],[148.336319,-36.378637],[148.335683,-36.377643],[148.336691,-36.376299],[148.3375,-36.375373],[148.337583,-36.374205],[148.335495,-36.372645],[148.335989,-36.371389],[148.335264,-36.37123],[148.334769,-36.372403],[148.33386,-36.373496],[148.333128,-36.372838],[148.332385,-36.371596],[148.331851,-36.370518],[148.330805,-36.369613],[148.329872,-36.36929],[148.328516,-36.368305],[148.32758,-36.367815],[148.326335,-36.367329],[148.324683,-36.367181],[148.324264,-36.366769],[148.324662,-36.365931],[148.325275,-36.365591],[148.326018,-36.366916],[148.326535,-36.366993],[148.327059,-36.367488],[148.327781,-36.367563],[148.328802,-36.366968],[148.329234,-36.36813],[148.329552,-36.368627],[148.330283,-36.369202],[148.331419,-36.369356],[148.332352,-36.369679],[148.333381,-36.369584],[148.334299,-36.368991],[148.335003,-36.367983],[148.335916,-36.367139],[148.33566,-36.364225],[148.334817,-36.363151],[148.334588,-36.361819],[148.334873,-36.360399],[148.33475,-36.359234],[148.334713,-36.357067],[148.335369,-36.353226],[148.335871,-36.35247],[148.33701,-36.352791],[148.337944,-36.353197],[148.338773,-36.353438],[148.339284,-36.353182],[148.339271,-36.352432],[148.339398,-36.352033]],[[148.313488,-36.299324],[148.313997,-36.29858],[148.315415,-36.297615],[148.316177,-36.296446],[148.318354,-36.2941],[148.319909,-36.293555],[148.321182,-36.291747],[148.320393,-36.291334],[148.319488,-36.291766],[148.318329,-36.292623],[148.317288,-36.29274],[148.315592,-36.292653],[148.315064,-36.292237],[148.315185,-36.291708],[148.317124,-36.290737],[148.318531,-36.289138],[148.319945,-36.287962],[148.321372,-36.287524],[148.321607,-36.286044],[148.322787,-36.286453],[148.324369,-36.287491],[148.324394,-36.288968],[148.323253,-36.29088],[148.323519,-36.291194],[148.324542,-36.290022],[148.32569,-36.288532],[148.326443,-36.286835],[148.326547,-36.285251],[148.327573,-36.28429],[148.32886,-36.283326],[148.330272,-36.282044],[148.332484,-36.281808],[148.334578,-36.282312],[148.336942,-36.283341],[148.337345,-36.284075],[148.337627,-36.285338],[148.336064,-36.285356],[148.334907,-36.286319],[148.334548,-36.288222],[148.334966,-36.2898],[148.33422,-36.291919],[148.334244,-36.293291],[148.334665,-36.29508],[148.333521,-36.296781],[148.333039,-36.299108],[148.333607,-36.301845],[148.333766,-36.303532],[148.332093,-36.304817],[148.331195,-36.305671],[148.331352,-36.307252],[148.332301,-36.309352],[148.333119,-36.311454],[148.334455,-36.313338],[148.333407,-36.313033],[148.333287,-36.313668],[148.33333,-36.3162],[148.332303,-36.317161],[148.331937,-36.318642],[148.332225,-36.320222],[148.333858,-36.324214],[148.333608,-36.32485],[148.332411,-36.323491],[148.331605,-36.322128],[148.330543,-36.320979],[148.330784,-36.319816],[148.331282,-36.318439],[148.331253,-36.316751],[148.332671,-36.315785],[148.332521,-36.314626],[148.331205,-36.313902],[148.329381,-36.314028],[148.328217,-36.314568],[148.326774,-36.314057],[148.324797,-36.312812],[148.324017,-36.312926],[148.321399,-36.312322],[148.318647,-36.311509],[148.316938,-36.310683],[148.314924,-36.307223],[148.31413,-36.306493],[148.313214,-36.306292],[148.312446,-36.307145],[148.31129,-36.308213],[148.309865,-36.308756],[148.310108,-36.307698],[148.311635,-36.305465],[148.313335,-36.305763],[148.313846,-36.305124],[148.31565,-36.303838],[148.315502,-36.302785],[148.314036,-36.300901],[148.313488,-36.299324]],[[148.429298,-36.309369],[148.430088,-36.309989],[148.43071,-36.309982],[148.432744,-36.310587],[148.433851,-36.311581],[148.434016,-36.312083],[148.432934,-36.312474],[148.433719,-36.312842],[148.434963,-36.312827],[148.436366,-36.312936],[148.436837,-36.313183],[148.436693,-36.313814],[148.437471,-36.313805],[148.437304,-36.313177],[148.438086,-36.313419],[148.439029,-36.313912],[148.437487,-36.314686],[148.437652,-36.315188],[148.438593,-36.315554],[148.438295,-36.316313],[148.43784,-36.316949],[148.437074,-36.317588],[148.436305,-36.3181],[148.436475,-36.318854],[148.4365,-36.320239],[148.437445,-36.320857],[148.438072,-36.321102],[148.438376,-36.32072],[148.439119,-36.318822],[148.440371,-36.319185],[148.441307,-36.3193],[148.442703,-36.319031],[148.443158,-36.318396],[148.444098,-36.318762],[148.445343,-36.318747],[148.446418,-36.317979],[148.447043,-36.318097],[148.447672,-36.318467],[148.44845,-36.318458],[148.448912,-36.3182],[148.449212,-36.318293],[148.449467,-36.320059],[148.449079,-36.321049],[148.448282,-36.321825],[148.448303,-36.322919],[148.451515,-36.321129],[148.451921,-36.321124],[148.45207,-36.321888],[148.452626,-36.322647],[148.452507,-36.323524],[148.452002,-36.325501],[148.449853,-36.326293],[148.449734,-36.32717],[148.451633,-36.327475],[148.453121,-36.327457],[148.455125,-36.326119],[148.456055,-36.325232],[148.457944,-36.32499],[148.458735,-36.323886],[148.459811,-36.323545],[148.460882,-36.322985],[148.461401,-36.321774],[148.459778,-36.321794],[148.458016,-36.321597],[148.457051,-36.320623],[148.45868,-36.320932],[148.459899,-36.321026],[148.46029,-36.320256],[148.461218,-36.319259],[148.462161,-36.319029],[148.464052,-36.318896],[148.464576,-36.318014],[148.464283,-36.316814],[148.46357,-36.314852],[148.4644,-36.315827],[148.4655,-36.316799],[148.468737,-36.316321],[148.469563,-36.317077],[148.471591,-36.317052],[148.472933,-36.316489],[148.474,-36.315709],[148.475598,-36.314376],[148.477083,-36.314248],[148.47897,-36.313897],[148.478314,-36.314999],[148.479115,-36.314442],[148.48128,-36.314525],[148.482233,-36.314841],[148.483057,-36.315488],[148.48185,-36.31605],[148.480492,-36.315739],[148.479402,-36.315314],[148.477673,-36.316868],[148.476606,-36.317647],[148.475528,-36.317879],[148.471884,-36.318253],[148.470124,-36.318165],[148.468508,-36.318513],[148.468389,-36.31939],[148.468803,-36.319823],[148.468817,-36.320589],[148.467742,-36.32093],[148.467778,-36.3229],[148.467926,-36.323555],[148.469151,-36.323978],[148.470626,-36.323303],[148.471964,-36.32252],[148.473847,-36.32195],[148.475465,-36.321711],[148.476803,-36.320928],[148.478135,-36.319817],[148.479218,-36.319913],[148.479108,-36.321228],[148.477901,-36.32179],[148.479,-36.322652],[148.480631,-36.32307],[148.478611,-36.323533],[148.477275,-36.324425],[148.475656,-36.324664],[148.473776,-36.325344],[148.472446,-36.326564],[148.468574,-36.329238],[148.467236,-36.330021],[148.465756,-36.330477],[148.462236,-36.330301],[148.461294,-36.330531],[148.459964,-36.331752],[148.459152,-36.331762],[148.458355,-36.332537],[148.455525,-36.333119],[148.454466,-36.334336],[148.45408,-36.335435],[148.452869,-36.335778],[148.451127,-36.336675],[148.450998,-36.337005],[148.45598,-36.33574],[148.45881,-36.335159],[148.459407,-36.336033],[148.458733,-36.335838],[148.457194,-36.336738],[148.455864,-36.33778],[148.456762,-36.338632],[148.457401,-36.339506],[148.458195,-36.340378],[148.458681,-36.341379],[148.459011,-36.342383],[148.458105,-36.343905],[148.458601,-36.34541],[148.459409,-36.347037],[148.460206,-36.348035],[148.462093,-36.34902],[148.460541,-36.34929],[148.458199,-36.348941],[148.456931,-36.347697],[148.455214,-36.347466],[148.454115,-36.346976],[148.453476,-36.346102],[148.453146,-36.345099],[148.452507,-36.344225],[148.450949,-36.344118],[148.45001,-36.343878],[148.450461,-36.342991],[148.449992,-36.34287],[148.44814,-36.343774],[148.447051,-36.343788],[148.445676,-36.34519],[148.444596,-36.345706],[148.442417,-36.345733],[148.442263,-36.34586],[148.442296,-36.347623],[148.442939,-36.348749],[148.442649,-36.349886],[148.442196,-36.350647],[148.441434,-36.351537],[148.43972,-36.351432],[148.43909,-36.351062],[148.438607,-36.350186],[148.439234,-36.350431],[148.44064,-36.350666],[148.441413,-36.350404],[148.442173,-36.349388],[148.442147,-36.348003],[148.441803,-36.346244],[148.441011,-36.345498],[148.440702,-36.345627],[148.439634,-36.346774],[148.438881,-36.348168],[148.438114,-36.348807],[148.43562,-36.348585],[148.435626,-36.348963],[148.434704,-36.349604],[148.43535,-36.350855],[148.434425,-36.35137],[148.433512,-36.352514],[148.432274,-36.352907],[148.433693,-36.353897],[148.434021,-36.354775],[148.432624,-36.355044],[148.431526,-36.354553],[148.429974,-36.354824],[148.428879,-36.354585],[148.426986,-36.353222],[148.426496,-36.351969],[148.426034,-36.352226],[148.426203,-36.35298],[148.425425,-36.352989],[148.424638,-36.352495],[148.42337,-36.35125],[148.422429,-36.350884],[148.421641,-36.350389],[148.421323,-36.350015],[148.421472,-36.349636],[148.4232,-36.350497],[148.424759,-36.350604],[148.426,-36.350337],[148.42784,-36.348804],[148.429717,-36.349286],[148.433454,-36.349367],[148.434372,-36.348474],[148.435587,-36.346822],[148.43666,-36.345928],[148.436649,-36.345298],[148.43756,-36.344028],[148.43834,-36.344145],[148.440208,-36.344122],[148.441446,-36.343729],[148.442521,-36.342961],[148.44359,-36.341814],[148.443724,-36.340679],[148.444345,-36.340546],[148.444944,-36.339279],[148.446015,-36.338259],[148.446619,-36.337244],[148.445682,-36.33713],[148.445346,-36.335748],[148.446874,-36.334219],[148.44686,-36.333463],[148.445478,-36.334487],[148.444544,-36.334499],[148.444212,-36.333369],[148.444814,-36.332229],[148.446802,-36.330316],[148.445255,-36.330838],[148.444491,-36.331603],[148.442628,-36.331877],[148.441223,-36.331642],[148.440433,-36.331022],[148.439795,-36.330148],[148.437607,-36.329671],[148.43619,-36.328806],[148.434934,-36.328192],[148.432591,-36.327716],[148.430868,-36.327107],[148.429923,-36.326489],[148.429597,-36.325737],[148.429122,-36.325239],[148.429574,-36.324478],[148.430183,-36.323715],[148.430172,-36.323086],[148.429545,-36.322841],[148.430158,-36.32233],[148.430622,-36.322199],[148.429988,-36.321576],[148.429043,-36.320958],[148.428103,-36.320592],[148.427165,-36.320351],[148.426078,-36.32049],[148.425465,-36.321001],[148.42516,-36.321382],[148.424998,-36.321006],[148.4239,-36.320516],[148.425913,-36.319988],[148.4273,-36.319216],[148.427592,-36.318205],[148.427732,-36.317322],[148.429446,-36.317427],[148.430375,-36.317164],[148.429715,-36.315157],[148.429541,-36.314152],[148.429063,-36.313528],[148.429038,-36.312143],[148.429175,-36.311134],[148.428539,-36.310386],[148.428372,-36.309758],[148.429298,-36.309369]],[[148.280615,-36.68572],[148.281763,-36.68671],[148.282569,-36.687612],[148.282369,-36.689163],[148.283426,-36.691521],[148.284695,-36.692965],[148.287102,-36.694852],[148.287237,-36.696126],[148.287039,-36.697859],[148.286157,-36.699236],[148.285267,-36.700156],[148.284257,-36.700623],[148.282457,-36.70128],[148.281329,-36.701474],[148.280869,-36.701024],[148.280857,-36.700295],[148.279139,-36.699038],[148.278229,-36.698774],[148.277099,-36.698878],[148.276086,-36.699162],[148.275302,-36.699626],[148.273728,-36.70028],[148.27249,-36.700658],[148.271036,-36.701676],[148.270018,-36.701687],[148.270009,-36.70114],[148.269544,-36.700416],[148.268295,-36.700156],[148.266374,-36.700268],[148.264592,-36.702018],[148.263569,-36.701755],[148.260589,-36.699418],[148.25968,-36.699154],[148.258979,-36.697795],[148.258961,-36.696702],[148.259059,-36.69579],[148.259009,-36.692693],[148.259336,-36.69196],[148.259896,-36.69159],[148.259878,-36.690497],[148.260433,-36.689853],[148.262017,-36.689836],[148.262575,-36.689375],[148.26256,-36.688464],[148.262313,-36.687191],[148.261627,-36.686743],[148.260935,-36.68593],[148.259345,-36.685582],[148.258214,-36.685594],[148.258559,-36.685955],[148.259359,-36.686402],[148.258918,-36.687136],[148.258491,-36.688689],[148.258394,-36.689692],[148.257498,-36.690249],[148.256928,-36.689981],[148.256686,-36.688982],[148.256553,-36.687799],[148.256195,-36.686618],[148.256058,-36.685162],[148.256614,-36.684609],[148.258085,-36.684593],[148.259775,-36.684211],[148.261137,-36.68447],[148.262503,-36.685002],[148.262721,-36.684453],[148.261585,-36.684192],[148.260447,-36.683748],[148.260209,-36.683022],[148.257946,-36.683046],[148.257028,-36.682236],[148.256671,-36.681146],[148.255756,-36.680518],[148.255631,-36.67979],[148.255956,-36.678876],[148.258195,-36.677486],[148.259422,-36.676379],[148.26304,-36.676341],[148.265323,-36.677592],[148.266225,-36.6774],[148.268567,-36.675371],[148.268539,-36.67364],[148.268641,-36.673001],[148.27012,-36.673532],[148.270452,-36.673073],[148.270442,-36.672436],[148.270656,-36.671704],[148.271559,-36.671604],[148.273142,-36.671587],[148.273367,-36.671493],[148.273355,-36.670764],[148.273785,-36.669393],[148.274115,-36.668843],[148.275123,-36.668285],[148.275905,-36.667639],[148.275776,-36.66673],[148.275188,-36.665369],[148.275743,-36.664725],[148.276209,-36.66554],[148.277732,-36.668713],[148.277745,-36.669533],[148.278774,-36.67016],[148.279449,-36.66997],[148.279212,-36.669335],[148.278516,-36.668249],[148.278499,-36.667247],[148.278374,-36.666519],[148.278018,-36.665521],[148.278229,-36.664608],[148.278897,-36.663963],[148.279558,-36.662862],[148.280343,-36.662489],[148.28192,-36.662108],[148.282249,-36.661467],[148.282342,-36.660281],[148.283021,-36.660274],[148.283265,-36.661365],[148.282601,-36.662283],[148.282387,-36.663014],[148.283636,-36.663274],[148.284628,-36.661714],[148.286088,-36.661152],[148.287205,-36.66032],[148.287662,-36.660588],[148.287356,-36.662596],[148.286463,-36.663243],[148.285908,-36.663887],[148.285477,-36.665167],[148.283009,-36.666378],[148.284043,-36.66737],[148.285406,-36.667719],[148.286745,-36.666612],[148.288201,-36.665776],[148.293768,-36.667264],[148.294234,-36.668079],[148.295372,-36.668522],[148.297172,-36.667956],[148.297187,-36.668867],[148.29488,-36.672901],[148.295021,-36.67454],[148.295262,-36.675448],[148.296054,-36.675439],[148.297195,-36.676065],[148.296865,-36.676615],[148.295407,-36.67736],[148.294516,-36.67819],[148.293167,-36.67866],[148.290798,-36.67905],[148.290607,-36.681148],[148.290281,-36.681971],[148.289827,-36.681885],[148.289696,-36.680793],[148.289785,-36.679334],[148.288307,-36.678895],[148.285166,-36.680478],[148.284967,-36.68212],[148.285437,-36.683208],[148.284664,-36.68431],[148.281734,-36.684979],[148.280615,-36.68572]],[[148.379115,-36.357814],[148.379133,-36.358822],[148.37835,-36.358579],[148.377561,-36.357958],[148.37755,-36.357329],[148.377383,-36.356701],[148.376903,-36.355951],[148.376467,-36.357719],[148.375386,-36.358235],[148.37507,-36.357987],[148.375829,-36.356845],[148.375813,-36.355963],[148.375335,-36.355339],[148.375326,-36.354836],[148.375945,-36.354577],[148.375918,-36.353066],[148.37574,-36.351808],[148.378566,-36.353161],[148.380116,-36.352765],[148.380421,-36.352384],[148.380254,-36.351756],[148.379627,-36.351512],[148.379925,-36.350753],[148.379287,-36.349878],[148.378184,-36.349135],[148.377246,-36.348894],[148.376156,-36.348907],[148.375836,-36.348407],[148.37675,-36.347263],[148.376739,-36.346633],[148.377495,-36.345365],[148.378422,-36.344977],[148.378409,-36.344221],[148.378246,-36.343845],[148.377771,-36.343347],[148.37683,-36.34298],[148.375899,-36.343117],[148.375274,-36.342998],[148.374653,-36.343131],[148.373408,-36.343146],[148.372637,-36.343532],[148.372185,-36.344419],[148.371572,-36.34493],[148.371412,-36.34468],[148.37155,-36.343671],[148.371541,-36.343167],[148.371056,-36.342165],[148.369342,-36.342059],[148.368568,-36.34232],[148.367801,-36.342958],[148.367343,-36.343467],[148.366102,-36.343733],[148.36733,-36.342711],[148.367319,-36.342082],[148.366845,-36.34171],[148.367292,-36.340571],[148.366665,-36.340326],[148.365738,-36.340715],[148.364969,-36.341227],[148.36526,-36.34009],[148.365872,-36.339454],[148.367123,-36.339817],[148.367893,-36.339305],[148.368513,-36.339172],[148.369454,-36.339539],[148.368816,-36.338665],[148.368645,-36.337785],[148.367706,-36.337544],[148.367544,-36.337168],[148.367844,-36.336535],[148.368458,-36.336024],[148.3686,-36.335267],[148.368576,-36.333882],[148.368256,-36.333382],[148.367318,-36.33314],[148.367307,-36.332511],[148.368217,-36.331115],[148.36899,-36.330854],[148.369906,-36.329836],[148.368968,-36.329595],[148.368184,-36.329227],[148.368604,-36.326577],[148.368591,-36.325822],[148.368729,-36.324813],[148.367631,-36.324321],[148.366077,-36.324465],[148.364521,-36.324483],[148.364357,-36.323981],[148.364495,-36.322972],[148.364937,-36.321582],[148.365387,-36.320569],[148.365704,-36.320943],[148.366634,-36.320681],[148.367087,-36.31992],[148.367705,-36.319661],[148.368492,-36.320156],[148.368952,-36.319773],[148.368481,-36.319526],[148.369092,-36.318889],[148.369392,-36.318256],[148.370161,-36.317744],[148.371091,-36.317481],[148.371871,-36.317598],[148.372966,-36.317963],[148.373751,-36.318332],[148.374671,-36.317566],[148.374956,-36.316051],[148.374033,-36.316692],[148.373258,-36.316827],[148.370908,-36.315972],[148.369659,-36.315734],[148.368884,-36.315869],[148.367948,-36.315754],[148.367643,-36.316135],[148.367501,-36.316893],[148.367668,-36.31752],[148.366265,-36.31741],[148.366254,-36.316781],[148.366552,-36.316022],[148.366585,-36.315749],[148.364661,-36.315321],[148.363261,-36.315337],[148.361195,-36.314961],[148.361437,-36.314691],[148.362254,-36.314282],[148.36274,-36.313809],[148.363556,-36.313333],[148.364288,-36.312792],[148.367949,-36.313419],[148.370229,-36.312705],[148.372096,-36.312684],[148.372736,-36.313684],[148.373362,-36.313929],[148.374289,-36.31354],[148.374892,-36.3124],[148.375628,-36.309999],[148.376405,-36.30999],[148.376545,-36.309107],[148.375908,-36.308232],[148.376843,-36.308348],[148.377326,-36.309224],[148.377199,-36.310862],[148.377372,-36.311868],[148.378454,-36.311477],[148.379248,-36.31235],[148.38003,-36.312593],[148.380664,-36.313215],[148.381766,-36.313958],[148.382848,-36.313568],[148.383462,-36.313057],[148.384082,-36.312924],[148.38564,-36.313032],[148.3844,-36.313298],[148.383475,-36.313812],[148.382864,-36.314449],[148.38257,-36.31546],[148.383197,-36.315704],[148.383662,-36.315573],[148.383671,-36.316077],[148.382899,-36.316464],[148.382599,-36.317097],[148.382791,-36.319109],[148.382808,-36.320117],[148.381737,-36.321137],[148.381597,-36.32202],[148.381606,-36.322523],[148.382224,-36.322264],[148.382986,-36.321374],[148.383288,-36.320867],[148.384071,-36.32111],[148.38408,-36.321613],[148.383782,-36.322372],[148.382697,-36.322637],[148.382713,-36.323518],[148.382575,-36.324527],[148.383358,-36.32477],[148.383838,-36.32552],[148.384302,-36.325389],[148.384318,-36.32627],[148.384169,-36.32665],[148.383547,-36.326657],[148.384033,-36.327785],[148.38496,-36.327396],[148.38498,-36.328529],[148.385756,-36.328394],[148.386087,-36.329524],[148.388115,-36.329752],[148.389046,-36.329616],[148.390307,-36.330482],[148.391374,-36.329211],[148.392474,-36.329828],[148.394032,-36.329935],[148.395131,-36.330426],[148.395113,-36.329419],[148.394781,-36.328289],[148.393367,-36.32755],[148.392423,-36.326932],[148.391782,-36.325932],[148.391611,-36.325052],[148.39098,-36.324556],[148.389888,-36.324442],[148.389719,-36.323689],[148.390486,-36.32305],[148.390473,-36.322295],[148.390926,-36.321534],[148.391708,-36.321777],[148.392344,-36.322525],[148.393275,-36.322388],[148.394676,-36.322372],[148.39593,-36.322861],[148.397021,-36.322974],[148.398119,-36.323465],[148.398929,-36.325218],[148.399393,-36.325087],[148.399535,-36.32433],[148.400162,-36.324574],[148.400336,-36.32558],[148.400496,-36.32583],[148.399885,-36.326467],[148.399132,-36.327861],[148.398024,-36.326866],[148.396635,-36.327512],[148.397756,-36.329262],[148.396994,-36.330153],[148.3967,-36.331164],[148.397174,-36.331536],[148.397947,-36.331275],[148.398405,-36.330766],[148.399195,-36.331386],[148.400119,-36.330872],[148.400595,-36.33137],[148.39967,-36.331884],[148.398597,-36.332778],[148.39954,-36.333271],[148.400476,-36.333386],[148.400936,-36.333003],[148.402194,-36.333744],[148.402679,-36.334746],[148.404736,-36.33661],[148.405839,-36.337353],[148.407251,-36.337966],[148.407113,-36.338975],[148.406355,-36.340118],[148.404673,-36.341775],[148.404687,-36.34253],[148.40562,-36.342519],[148.40752,-36.34426],[148.40846,-36.344627],[148.408598,-36.343617],[148.409223,-36.343736],[148.409085,-36.344745],[148.409433,-36.346756],[148.409446,-36.347511],[148.408991,-36.348146],[148.407588,-36.348037],[148.405551,-36.347305],[148.404324,-36.348327],[148.404179,-36.348959],[148.403401,-36.348968],[148.403692,-36.347831],[148.402598,-36.347592],[148.401822,-36.347727],[148.402145,-36.348353],[148.401838,-36.348608],[148.400595,-36.348749],[148.398416,-36.348774],[148.39796,-36.349409],[148.397491,-36.349289],[148.3981,-36.348526],[148.398867,-36.347888],[148.399155,-36.347026],[148.400031,-36.346369],[148.400276,-36.344943],[148.399437,-36.343421],[148.396993,-36.342902],[148.39605,-36.343132],[148.394148,-36.342716],[148.393194,-36.34229],[148.392098,-36.341536],[148.389926,-36.341124],[148.388566,-36.340702],[148.386937,-36.340392],[148.386815,-36.34116],[148.387642,-36.342026],[148.386439,-36.342806],[148.38509,-36.343041],[148.384408,-36.34272],[148.383606,-36.343277],[148.384433,-36.344143],[148.385241,-36.343914],[148.385382,-36.344241],[148.384719,-36.345015],[148.384331,-36.346004],[148.384895,-36.347311],[148.385569,-36.347194],[148.385987,-36.347846],[148.386675,-36.348495],[148.38762,-36.348374],[148.388314,-36.349351],[148.388864,-36.349892],[148.389686,-36.35043],[148.390758,-36.34987],[148.391713,-36.350297],[148.391732,-36.351391],[148.392697,-36.351587],[148.392555,-36.351865],[148.39304,-36.352867],[148.392268,-36.353254],[148.390707,-36.35302],[148.38962,-36.353159],[148.388528,-36.353046],[148.387915,-36.353557],[148.387452,-36.353814],[148.386978,-36.353441],[148.386042,-36.353326],[148.385709,-36.352071],[148.385084,-36.351952],[148.38461,-36.35158],[148.383836,-36.351841],[148.382902,-36.351852],[148.383863,-36.353352],[148.384348,-36.354354],[148.384524,-36.355485],[148.384066,-36.355994],[148.383768,-36.356753],[148.382996,-36.35714],[148.382373,-36.357147],[148.3819,-36.356775],[148.380968,-36.356911],[148.38051,-36.35742],[148.37942,-36.357433],[148.378949,-36.357187],[148.379115,-36.357814]],[[148.425138,-36.256022],[148.425925,-36.256516],[148.425795,-36.257903],[148.426583,-36.258523],[148.427521,-36.258764],[148.428003,-36.25964],[148.42956,-36.259747],[148.430173,-36.259236],[148.430196,-36.260495],[148.431927,-36.261608],[148.431945,-36.262615],[148.431172,-36.262876],[148.430873,-36.263509],[148.431051,-36.264767],[148.431486,-36.26561],[148.430617,-36.265452],[148.42913,-36.26547],[148.427785,-36.265814],[148.42726,-36.266696],[148.42728,-36.26779],[148.426376,-36.2701],[148.42518,-36.271208],[148.425872,-36.272076],[148.427112,-36.273374],[148.427144,-36.275125],[148.42771,-36.276541],[148.428811,-36.277623],[148.430037,-36.278155],[148.429008,-36.281013],[148.42805,-36.280368],[148.427082,-36.279176],[148.42545,-36.278648],[148.424085,-36.277898],[148.422433,-36.276276],[148.421348,-36.27607],[148.419764,-36.278168],[148.417473,-36.278524],[148.417357,-36.27962],[148.417504,-36.280275],[148.416576,-36.281271],[148.416328,-36.282477],[148.417673,-36.282133],[148.418355,-36.282453],[148.417556,-36.28312],[148.416753,-36.283567],[148.41622,-36.284011],[148.415266,-36.283585],[148.415693,-36.284783],[148.41748,-36.286404],[148.418323,-36.288183],[148.417866,-36.288096],[148.417097,-36.288609],[148.41744,-36.290368],[148.41698,-36.290751],[148.416996,-36.291633],[148.416539,-36.292142],[148.416239,-36.292775],[148.415229,-36.293617],[148.414907,-36.293658],[148.414229,-36.293557],[148.413706,-36.294548],[148.414124,-36.2952],[148.414674,-36.29574],[148.414422,-36.296728],[148.413229,-36.298056],[148.411891,-36.298838],[148.411235,-36.29994],[148.410179,-36.301375],[148.409376,-36.301823],[148.409229,-36.302283],[148.408939,-36.302055],[148.407539,-36.302071],[148.405542,-36.30348],[148.403384,-36.304639],[148.401853,-36.306042],[148.400636,-36.307567],[148.400819,-36.309076],[148.402063,-36.309062],[148.403772,-36.308916],[148.403159,-36.309427],[148.400683,-36.310212],[148.398988,-36.311113],[148.397606,-36.312137],[148.397139,-36.312142],[148.39701,-36.313655],[148.397057,-36.316299],[148.39678,-36.318191],[148.395258,-36.320098],[148.393991,-36.318853],[148.393012,-36.316346],[148.392681,-36.315217],[148.393137,-36.314582],[148.392972,-36.31408],[148.392499,-36.313707],[148.391758,-36.307041],[148.391124,-36.306419],[148.390031,-36.30618],[148.389086,-36.305561],[148.389071,-36.30468],[148.387504,-36.304068],[148.387941,-36.302426],[148.388388,-36.301288],[148.388697,-36.301158],[148.389481,-36.301527],[148.390101,-36.301394],[148.391183,-36.301003],[148.391977,-36.301875],[148.391988,-36.302505],[148.392628,-36.303505],[148.393419,-36.304251],[148.393629,-36.30427],[148.393886,-36.304742],[148.393773,-36.305808],[148.394454,-36.307131],[148.395506,-36.307118],[148.39616,-36.306898],[148.397958,-36.305853],[148.398273,-36.305958],[148.399506,-36.305314],[148.400111,-36.304299],[148.400888,-36.30429],[148.402397,-36.301628],[148.40231,-36.301125],[148.400292,-36.301401],[148.401217,-36.300886],[148.401827,-36.300249],[148.401338,-36.298995],[148.40194,-36.297855],[148.403333,-36.297461],[148.403473,-36.296578],[148.402693,-36.296461],[148.401915,-36.29647],[148.402371,-36.295835],[148.402344,-36.294324],[148.403705,-36.292167],[148.403374,-36.291038],[148.402283,-36.290924],[148.40167,-36.291435],[148.400592,-36.292078],[148.400297,-36.292963],[148.399842,-36.293598],[148.398446,-36.293866],[148.40027,-36.291452],[148.401027,-36.29031],[148.402096,-36.289164],[148.402862,-36.288525],[148.403638,-36.28839],[148.403622,-36.287508],[148.402993,-36.287138],[148.401438,-36.287156],[148.400982,-36.287791],[148.400038,-36.287173],[148.401429,-36.286653],[148.401866,-36.28501],[148.402461,-36.283492],[148.403734,-36.285114],[148.406687,-36.284954],[148.407627,-36.28532],[148.408565,-36.285561],[148.408867,-36.285054],[148.408073,-36.284182],[148.406205,-36.284078],[148.404801,-36.283842],[148.404933,-36.282582],[148.405684,-36.281061],[148.40519,-36.279556],[148.403635,-36.279574],[148.40254,-36.279209],[148.401451,-36.279222],[148.400656,-36.278224],[148.399101,-36.278242],[148.39785,-36.277879],[148.400016,-36.277224],[148.399527,-36.27597],[148.398434,-36.275731],[148.397958,-36.275233],[148.397172,-36.274738],[148.394066,-36.275027],[148.389095,-36.275336],[148.389704,-36.274574],[148.390157,-36.273813],[148.390605,-36.2728],[148.390898,-36.271789],[148.391376,-36.272413],[148.394344,-36.273134],[148.395899,-36.273116],[148.397607,-36.27297],[148.398838,-36.2722],[148.399444,-36.271312],[148.399581,-36.270302],[148.398322,-36.269436],[148.397231,-36.269322],[148.395196,-36.268591],[148.393328,-36.268486],[148.392249,-36.269003],[148.392073,-36.267871],[148.392664,-36.266101],[148.39327,-36.265213],[148.394192,-36.264572],[148.394638,-36.263434],[148.393861,-36.263443],[148.392934,-36.263831],[148.39307,-36.262696],[148.393374,-36.262315],[148.392581,-36.261443],[148.393352,-36.261056],[148.394142,-36.261802],[148.394766,-36.261921],[148.395068,-36.261414],[148.395046,-36.260155],[148.395646,-36.258888],[148.397342,-36.258113],[148.39748,-36.257104],[148.396387,-36.256865],[148.396094,-36.257875],[148.39517,-36.25839],[148.394533,-36.257516],[148.39499,-36.257007],[148.395292,-36.256499],[148.396209,-36.255607],[148.397908,-36.254958],[148.397759,-36.255337],[148.397926,-36.255965],[148.398561,-36.256713],[148.398593,-36.258476],[148.39814,-36.259237],[148.398185,-36.261755],[148.397894,-36.262892],[148.398063,-36.263646],[148.398536,-36.264018],[148.399649,-36.26539],[148.400595,-36.266135],[148.401997,-36.266244],[148.403403,-36.266606],[148.404487,-36.266341],[148.404624,-36.265332],[148.405242,-36.265073],[148.405702,-36.264689],[148.406024,-36.265315],[148.405406,-36.265574],[148.40526,-36.26608],[148.405738,-36.266704],[148.40668,-36.267197],[148.407612,-36.267186],[148.407446,-36.266558],[148.40681,-36.26581],[148.406948,-36.264801],[148.407718,-36.264414],[148.408007,-36.263151],[148.407527,-36.262401],[148.405972,-36.262419],[148.40519,-36.262177],[148.405652,-36.261919],[148.406425,-36.261658],[148.406093,-36.260529],[148.406866,-36.260268],[148.406686,-36.258885],[148.406965,-36.257118],[148.407312,-36.259129],[148.407641,-36.260133],[148.407964,-36.260759],[148.408419,-36.260124],[148.408734,-36.260372],[148.409674,-36.260739],[148.409822,-36.260359],[148.409178,-36.259107],[148.409322,-36.258476],[148.411023,-36.257952],[148.410388,-36.257204],[148.410525,-36.256195],[148.410201,-36.255443],[148.410816,-36.255058],[148.411106,-36.253921],[148.411406,-36.253288],[148.410311,-36.252923],[148.409376,-36.252808],[148.408137,-36.253075],[148.407048,-36.253087],[148.406116,-36.253098],[148.405178,-36.252858],[148.404856,-36.252232],[148.405471,-36.251847],[148.40592,-36.250834],[148.406194,-36.248816],[148.406483,-36.247553],[148.406467,-36.246671],[148.407573,-36.247666],[148.407271,-36.248173],[148.407289,-36.249181],[148.40683,-36.249564],[148.407152,-36.25019],[148.406704,-36.251202],[148.406246,-36.251712],[148.406255,-36.252215],[148.406731,-36.252713],[148.407974,-36.252699],[148.408589,-36.252314],[148.408578,-36.251684],[148.40888,-36.251177],[148.409488,-36.250414],[148.410256,-36.249901],[148.410867,-36.249264],[148.412399,-36.247987],[148.413176,-36.247978],[148.413347,-36.248857],[148.413665,-36.249231],[148.413679,-36.249987],[148.413066,-36.250498],[148.412439,-36.250253],[148.411975,-36.250385],[148.412003,-36.251896],[148.412464,-36.251638],[148.413244,-36.251755],[148.412345,-36.253655],[148.412363,-36.254662],[148.4136,-36.25427],[148.413902,-36.253762],[148.414366,-36.253631],[148.414823,-36.253122],[148.414659,-36.25262],[148.414961,-36.252113],[148.415107,-36.251607],[148.41572,-36.251096],[148.415695,-36.249711],[148.415215,-36.248961],[148.41444,-36.249096],[148.415203,-36.248332],[148.415496,-36.247321],[148.415958,-36.247063],[148.415951,-36.246686],[148.417035,-36.246421],[148.417812,-36.246412],[148.418441,-36.246782],[148.418763,-36.247408],[148.418779,-36.248289],[148.418159,-36.248422],[148.418175,-36.249304],[148.418813,-36.250178],[148.418977,-36.25068],[148.418836,-36.251437],[148.41807,-36.252076],[148.417773,-36.252835],[148.418097,-36.253587],[148.41903,-36.253576],[148.419988,-36.25495],[148.420454,-36.254944],[148.420758,-36.254563],[148.421053,-36.253677],[148.421972,-36.252911],[148.42229,-36.253285],[148.421682,-36.254048],[148.421853,-36.254927],[148.42264,-36.255422],[148.423255,-36.255037],[148.423531,-36.253144],[148.423993,-36.252887],[148.425065,-36.251993],[148.425824,-36.250976],[148.42614,-36.251224],[148.426151,-36.251854],[148.426005,-36.252359],[148.424002,-36.253391],[148.423867,-36.254526],[148.424043,-36.255657],[148.424512,-36.255777],[148.425282,-36.25539],[148.425138,-36.256022]],[[148.287933,-36.701294],[148.288822,-36.702902],[148.289993,-36.704277],[148.29188,-36.705528],[148.293174,-36.705629],[148.294803,-36.708617],[148.294258,-36.710356],[148.292974,-36.710833],[148.293274,-36.711639],[148.29528,-36.711386],[148.296302,-36.712415],[148.297334,-36.714022],[148.297794,-36.71575],[148.299821,-36.716769],[148.30128,-36.71814],[148.303303,-36.718927],[148.304462,-36.719492],[148.305938,-36.721903],[148.30795,-36.721996],[148.308516,-36.721528],[148.309531,-36.722095],[148.310406,-36.722894],[148.313149,-36.723789],[148.314461,-36.72493],[148.314325,-36.725394],[148.309891,-36.726367],[148.307312,-36.726742],[148.304319,-36.728047],[148.30391,-36.729323],[148.303796,-36.731058],[148.304521,-36.731512],[148.307232,-36.730442],[148.308237,-36.730431],[148.309531,-36.730532],[148.30956,-36.732266],[148.310589,-36.733642],[148.310604,-36.734566],[148.310036,-36.734919],[148.309637,-36.736773],[148.31252,-36.737435],[148.31052,-36.738035],[148.308228,-36.738407],[148.307963,-36.739681],[148.309841,-36.740354],[148.311434,-36.741145],[148.310455,-36.742659],[148.310766,-36.744042],[148.31036,-36.745549],[148.312093,-36.746108],[148.313232,-36.745518],[148.313631,-36.747825],[148.312926,-36.748642],[148.312116,-36.751656],[148.311589,-36.754436],[148.312454,-36.754658],[148.311758,-36.755937],[148.310479,-36.75676],[148.309631,-36.757578],[148.308038,-36.756787],[148.307028,-36.756567],[148.305022,-36.75682],[148.303007,-36.756611],[148.301146,-36.756978],[148.30448,-36.758791],[148.305071,-36.759709],[148.305655,-36.76028],[148.304801,-36.760752],[148.304535,-36.762026],[148.3057,-36.762938],[148.30729,-36.763499],[148.307597,-36.764651],[148.308177,-36.764992],[148.308618,-36.765565],[148.309066,-36.7666],[148.310367,-36.767048],[148.312523,-36.76714],[148.313381,-36.766899],[148.314985,-36.768269],[148.316146,-36.768949],[148.318171,-36.769736],[148.320331,-36.770059],[148.321487,-36.770393],[148.323342,-36.769679],[148.325178,-36.767809],[148.325349,-36.769425],[148.324946,-36.771048],[148.322662,-36.771882],[148.320956,-36.772941],[148.321269,-36.774441],[148.319714,-36.77596],[148.318,-36.776557],[148.316005,-36.777504],[148.314854,-36.777401],[148.313409,-36.776955],[148.31213,-36.777778],[148.310701,-36.778256],[148.309125,-36.778505],[148.307411,-36.779101],[148.306805,-36.777259],[148.306781,-36.775872],[148.307783,-36.77563],[148.309365,-36.775728],[148.311508,-36.775011],[148.313803,-36.774754],[148.31407,-36.773596],[148.313047,-36.772567],[148.311449,-36.771544],[148.310003,-36.770982],[148.308409,-36.77019],[148.307,-36.771824],[148.305284,-36.772305],[148.30527,-36.771496],[148.305979,-36.770911],[148.305682,-36.770336],[148.3041,-36.770238],[148.303657,-36.769549],[148.302502,-36.769215],[148.304139,-36.772549],[148.30445,-36.773933],[148.301852,-36.773268],[148.301539,-36.771768],[148.30239,-36.771066],[148.301666,-36.770727],[148.300357,-36.769816],[148.299767,-36.768898],[148.298596,-36.76764],[148.298,-36.766375],[148.296678,-36.764655],[148.296234,-36.763851],[148.296643,-36.762575],[148.297206,-36.761875],[148.298493,-36.761515],[148.300797,-36.761836],[148.302802,-36.761468],[148.303075,-36.760655],[148.299477,-36.760233],[148.297752,-36.760136],[148.297169,-36.75968],[148.296612,-36.760726],[148.296038,-36.760732],[148.295877,-36.759694],[148.295292,-36.759122],[148.295275,-36.758082],[148.295413,-36.757734],[148.296701,-36.757489],[148.297406,-36.756672],[148.296812,-36.755523],[148.295669,-36.755882],[148.294656,-36.755431],[148.293501,-36.755096],[148.292082,-36.756152],[148.291242,-36.757433],[148.289811,-36.757795],[148.2898,-36.757101],[148.291217,-36.75593],[148.292344,-36.754647],[148.293631,-36.754286],[148.294768,-36.75358],[148.29518,-36.75242],[148.295892,-36.752065],[148.296763,-36.752633],[148.297763,-36.752276],[148.298908,-36.752032],[148.299498,-36.75295],[148.299948,-36.754101],[148.302254,-36.754538],[148.303535,-36.753831],[148.304375,-36.75255],[148.303639,-36.751518],[148.303468,-36.749902],[148.302599,-36.749449],[148.300157,-36.749476],[148.300037,-36.750864],[148.299038,-36.751222],[148.297161,-36.750664],[148.298572,-36.749146],[148.297976,-36.747881],[148.298539,-36.747182],[148.298509,-36.745448],[148.298046,-36.743488],[148.296443,-36.742119],[148.294708,-36.741444],[148.291687,-36.74113],[148.290078,-36.739414],[148.289913,-36.738144],[148.288326,-36.737699],[148.287168,-36.737134],[148.287447,-36.736668],[148.289029,-36.736767],[148.290459,-36.736405],[148.292306,-36.735229],[148.293305,-36.734871],[148.293284,-36.7336],[148.292424,-36.733725],[148.292147,-36.734306],[148.291433,-36.734545],[148.290981,-36.733278],[148.290672,-36.73201],[148.288817,-36.732724],[148.287812,-36.732734],[148.286507,-36.731939],[148.285061,-36.731377],[148.284468,-36.730228],[148.282751,-36.730593],[148.281468,-36.731185],[148.281457,-36.730491],[148.280723,-36.729575],[148.279862,-36.729584],[148.278702,-36.728903],[148.279546,-36.727853],[148.280829,-36.727262],[148.280381,-36.726226],[148.281523,-36.725867],[148.281506,-36.724827],[148.279772,-36.724152],[148.280542,-36.722988],[148.279941,-36.721376],[148.281214,-36.720207],[148.28321,-36.719376],[148.285911,-36.717729],[148.28645,-36.715642],[148.285116,-36.713114],[148.282364,-36.711641],[148.281053,-36.710499],[148.281181,-36.709573],[148.281014,-36.708188],[148.280147,-36.707851],[148.279971,-36.705888],[148.27938,-36.704854],[148.279644,-36.703464],[148.280484,-36.702183],[148.282057,-36.70182],[148.285055,-36.700863],[148.286052,-36.700389],[148.287933,-36.701294]],[[148.323984,-36.648692],[148.326551,-36.648144],[148.326537,-36.647366],[148.326352,-36.64594],[148.329227,-36.644611],[148.331653,-36.645233],[148.332642,-36.646519],[148.334748,-36.647274],[148.3385,-36.650086],[148.339475,-36.650594],[148.341413,-36.650962],[148.344334,-36.652226],[148.344674,-36.653261],[148.346306,-36.65454],[148.347615,-36.655693],[148.347975,-36.657894],[148.346723,-36.659984],[148.346442,-36.662323],[148.348569,-36.664245],[148.349864,-36.66462],[148.352442,-36.66472],[148.353427,-36.665747],[148.354887,-36.666379],[148.35748,-36.667258],[148.358294,-36.667767],[148.360056,-36.667228],[148.363331,-36.670305],[148.363851,-36.672375],[148.366145,-36.674554],[148.368894,-36.675171],[148.370994,-36.675537],[148.371979,-36.676563],[148.377004,-36.678322],[148.371024,-36.677223],[148.369421,-36.677631],[148.36847,-36.67855],[148.367674,-36.679078],[148.369961,-36.680868],[148.371756,-36.682145],[148.372423,-36.683435],[148.372803,-36.686674],[148.371356,-36.68682],[148.371535,-36.687856],[148.372522,-36.689013],[148.370433,-36.689296],[148.370781,-36.690719],[148.371446,-36.691879],[148.370332,-36.692671],[148.368889,-36.693076],[148.367271,-36.692706],[148.365619,-36.690389],[148.364784,-36.688712],[148.365557,-36.686887],[148.364554,-36.684822],[148.363935,-36.686257],[148.363956,-36.687424],[148.36269,-36.688736],[148.36142,-36.689789],[148.361119,-36.69096],[148.359515,-36.691367],[148.358219,-36.690993],[148.355637,-36.690763],[148.353732,-36.692341],[148.352625,-36.693522],[148.351654,-36.693273],[148.351577,-36.688863],[148.353673,-36.688969],[148.355767,-36.688945],[148.355578,-36.68739],[148.35314,-36.68612],[148.352629,-36.684569],[148.354076,-36.684423],[148.355873,-36.68583],[148.358119,-36.685285],[148.358416,-36.683855],[148.358039,-36.680745],[148.357825,-36.677763],[148.355233,-36.676885],[148.353287,-36.676128],[148.354883,-36.675332],[148.357954,-36.675945],[148.359404,-36.675929],[148.359222,-36.674763],[148.356317,-36.674407],[148.354845,-36.673126],[148.35095,-36.671484],[148.348519,-36.670603],[148.347217,-36.669839],[148.346271,-36.671018],[148.347108,-36.672825],[148.346972,-36.674254],[148.347802,-36.675671],[148.34799,-36.677226],[148.348011,-36.678394],[148.346883,-36.678407],[148.34576,-36.678679],[148.346117,-36.680621],[148.346457,-36.681655],[148.345994,-36.682828],[148.346504,-36.684379],[148.346225,-36.686847],[148.345597,-36.687763],[148.345794,-36.689836],[148.345819,-36.691263],[148.345689,-36.693081],[148.345415,-36.695809],[148.344938,-36.696204],[148.343316,-36.695573],[148.342159,-36.6939],[148.339893,-36.693276],[148.339072,-36.692377],[148.338398,-36.690698],[148.336273,-36.688906],[148.333496,-36.686731],[148.333463,-36.684785],[148.333266,-36.682712],[148.332588,-36.680773],[148.33144,-36.679618],[148.330284,-36.677944],[148.328475,-36.675759],[148.327479,-36.674083],[148.326191,-36.674098],[148.324708,-36.672168],[148.324187,-36.669968],[148.323005,-36.666737],[148.321844,-36.664804],[148.319903,-36.664307],[148.317993,-36.665625],[148.317062,-36.667711],[148.323093,-36.671926],[148.323605,-36.673607],[148.323006,-36.676209],[148.323999,-36.677755],[148.32303,-36.677636],[148.32189,-36.67687],[148.322075,-36.678295],[148.321782,-36.679985],[148.319679,-36.681162],[148.319682,-36.681318],[148.317357,-36.681344],[148.317173,-36.682404],[148.316887,-36.683385],[148.316898,-36.684036],[148.316707,-36.684689],[148.316412,-36.685181],[148.315913,-36.685594],[148.315102,-36.68544],[148.314381,-36.684634],[148.314778,-36.684222],[148.314868,-36.68357],[148.314252,-36.683007],[148.312117,-36.682297],[148.311717,-36.682546],[148.31152,-36.682874],[148.310502,-36.682478],[148.310098,-36.682482],[148.30887,-36.6816],[148.30825,-36.680793],[148.30743,-36.68015],[148.306307,-36.679511],[148.306281,-36.677964],[148.305653,-36.676669],[148.305845,-36.676096],[148.305218,-36.674882],[148.303088,-36.674417],[148.300241,-36.673471],[148.299944,-36.6738],[148.29987,-36.673742],[148.299704,-36.674311],[148.298617,-36.674323],[148.298196,-36.673562],[148.298182,-36.672686],[148.298029,-36.671703],[148.298565,-36.671259],[148.299733,-36.670684],[148.300074,-36.669564],[148.300772,-36.668987],[148.301481,-36.66906],[148.302777,-36.667988],[148.303979,-36.667323],[148.305692,-36.66706],[148.306905,-36.667047],[148.308011,-36.666709],[148.308706,-36.665968],[148.309405,-36.665472],[148.310403,-36.66568],[148.31057,-36.664799],[148.312988,-36.664902],[148.313131,-36.663862],[148.310857,-36.66272],[148.309379,-36.661049],[148.312615,-36.661922],[148.313733,-36.661391],[148.316753,-36.659022],[148.318674,-36.658352],[148.320928,-36.658327],[148.321715,-36.65728],[148.322192,-36.656886],[148.322461,-36.653769],[148.321322,-36.653133],[148.320153,-36.65068],[148.319981,-36.650033],[148.320133,-36.649513],[148.320941,-36.649634],[148.323272,-36.654149],[148.325222,-36.655165],[148.327948,-36.654486],[148.329234,-36.654342],[148.332351,-36.657681],[148.33011,-36.658484],[148.33062,-36.660035],[148.335191,-36.663617],[148.338262,-36.664232],[148.339534,-36.663309],[148.3408,-36.661997],[148.338509,-36.659947],[148.335419,-36.658165],[148.332641,-36.655861],[148.33145,-36.652112],[148.332074,-36.650937],[148.331892,-36.649771],[148.334162,-36.650654],[148.334951,-36.649737],[148.333473,-36.648067],[148.331537,-36.647829],[148.32975,-36.646941],[148.328476,-36.647733],[148.327682,-36.648391],[148.326736,-36.649569],[148.324328,-36.649985],[148.323984,-36.648692]],[[148.421816,-36.386493],[148.420868,-36.384905],[148.420849,-36.383897],[148.420355,-36.382392],[148.421143,-36.382887],[148.422237,-36.383125],[148.423011,-36.382864],[148.423609,-36.381472],[148.424392,-36.381714],[148.424449,-36.384862],[148.42493,-36.385612],[148.426648,-36.385843],[148.429135,-36.385562],[148.430538,-36.385671],[148.430564,-36.387056],[148.429799,-36.387821],[148.429355,-36.389085],[148.429834,-36.389709],[148.430463,-36.390079],[148.429429,-36.393114],[148.42835,-36.393757],[148.42743,-36.394523],[148.424981,-36.396945],[148.423129,-36.397849],[148.421745,-36.398873],[148.420064,-36.400656],[148.417613,-36.402952],[148.417158,-36.403587],[148.415238,-36.405121],[148.415265,-36.406632],[148.415133,-36.407893],[148.415318,-36.409528],[148.416266,-36.410272],[148.418294,-36.410374],[148.417677,-36.410759],[148.415962,-36.410653],[148.41176,-36.410955],[148.411302,-36.411464],[148.41132,-36.412471],[148.411178,-36.413229],[148.410853,-36.412477],[148.409756,-36.412112],[148.407259,-36.41189],[148.406501,-36.413032],[148.404941,-36.412925],[148.404153,-36.41243],[148.40336,-36.411684],[148.401642,-36.411452],[148.399468,-36.411855],[148.396998,-36.413144],[148.395465,-36.414547],[148.394553,-36.415817],[148.393467,-36.416081],[148.392858,-36.416844],[148.391011,-36.418125],[148.389466,-36.418899],[148.388062,-36.418789],[148.387902,-36.418539],[148.386669,-36.419309],[148.383569,-36.420226],[148.3791,-36.423049],[148.378196,-36.424822],[148.377582,-36.425333],[148.377756,-36.426338],[148.376051,-36.426862],[148.375612,-36.428504],[148.375795,-36.430013],[148.377061,-36.431132],[148.377221,-36.431382],[148.376758,-36.431639],[148.375812,-36.43102],[148.374869,-36.430528],[148.374855,-36.429772],[148.374228,-36.429527],[148.374063,-36.429026],[148.372027,-36.429281],[148.370928,-36.430195],[148.36937,-36.430213],[148.36841,-36.431011],[148.368037,-36.43196],[148.368838,-36.43321],[148.368657,-36.433999],[148.367488,-36.434013],[148.366901,-36.433862],[148.366726,-36.434966],[148.36615,-36.435445],[148.366166,-36.436389],[148.368553,-36.439195],[148.369168,-36.44092],[148.369379,-36.441862],[148.368617,-36.442815],[148.368041,-36.443294],[148.368642,-36.444231],[148.368071,-36.445025],[148.368488,-36.446594],[148.369098,-36.448004],[148.371825,-36.447973],[148.373562,-36.447008],[148.37492,-36.446678],[148.376286,-36.44682],[148.376857,-36.446026],[148.377622,-36.44523],[148.378588,-36.444747],[148.380377,-36.446772],[148.380026,-36.44898],[148.380046,-36.450082],[148.379428,-36.4482],[148.378053,-36.447586],[148.376492,-36.447447],[148.373979,-36.448578],[148.373993,-36.449365],[148.37303,-36.450005],[148.371686,-36.451123],[148.370525,-36.451608],[148.369757,-36.452247],[148.368786,-36.452415],[148.36819,-36.451793],[148.366826,-36.451808],[148.365465,-36.451981],[148.36662,-36.451181],[148.367389,-36.450542],[148.366401,-36.449767],[148.364263,-36.450106],[148.362905,-36.450436],[148.361736,-36.45045],[148.36057,-36.45062],[148.359215,-36.451108],[148.360589,-36.451722],[148.361009,-36.453449],[148.361824,-36.455486],[148.362799,-36.455475],[148.362631,-36.457051],[148.362653,-36.45831],[148.363647,-36.459401],[148.364832,-36.460332],[148.366397,-36.460629],[148.368356,-36.461236],[148.368762,-36.462176],[148.368787,-36.463592],[148.368417,-36.464698],[148.368444,-36.466272],[148.368074,-36.467378],[148.366919,-36.468179],[148.365969,-36.469606],[148.365385,-36.469613],[148.364789,-36.46899],[148.364611,-36.469937],[148.363851,-36.471047],[148.362094,-36.47091],[148.362898,-36.472317],[148.362909,-36.472947],[148.361554,-36.473435],[148.360983,-36.474228],[148.3612,-36.475485],[148.361406,-36.476112],[148.360634,-36.476593],[148.360256,-36.477227],[148.358713,-36.47819],[148.359701,-36.478965],[148.360873,-36.479109],[148.361274,-36.479735],[148.361107,-36.481311],[148.361711,-36.482406],[148.36212,-36.483503],[148.362242,-36.484918],[148.360348,-36.488088],[148.359198,-36.489203],[148.35844,-36.490471],[148.35729,-36.491586],[148.355961,-36.493648],[148.35441,-36.494138],[148.354207,-36.493668],[148.353416,-36.493047],[148.35304,-36.493838],[148.352469,-36.494632],[148.353254,-36.494938],[148.354435,-36.495554],[148.355033,-36.496334],[148.355805,-36.495853],[148.356197,-36.496006],[148.356804,-36.497259],[148.357974,-36.497245],[148.358426,-36.498292],[148.35817,-36.498656],[148.356419,-36.499332],[148.354772,-36.498147],[148.35301,-36.498167],[148.351826,-36.50026],[148.350358,-36.50159],[148.349302,-36.503244],[148.347968,-36.504463],[148.346782,-36.506446],[148.345176,-36.507668],[148.344619,-36.506799],[148.343098,-36.505065],[148.343325,-36.502545],[148.344506,-36.500233],[148.343698,-36.500571],[148.342629,-36.501458],[148.341093,-36.498849],[148.339468,-36.498977],[148.340873,-36.501806],[148.341731,-36.504424],[148.341758,-36.505956],[148.340688,-36.506843],[148.340037,-36.508383],[148.340045,-36.508875],[148.339269,-36.509263],[148.338686,-36.509427],[148.338697,-36.510057],[148.338129,-36.511007],[148.337351,-36.511174],[148.335962,-36.509772],[148.335174,-36.509309],[148.334776,-36.508841],[148.334313,-36.508997],[148.333094,-36.506709],[148.331597,-36.506398],[148.329974,-36.506635],[148.328353,-36.506981],[148.327958,-36.507642],[148.326344,-36.508426],[148.325957,-36.509525],[148.325431,-36.510516],[148.323682,-36.511301],[148.322334,-36.511754],[148.322085,-36.51307],[148.323721,-36.513599],[148.32374,-36.514718],[148.322996,-36.515584],[148.32399,-36.516675],[148.323416,-36.517311],[148.324407,-36.518244],[148.323635,-36.518725],[148.32227,-36.51874],[148.321289,-36.518436],[148.321105,-36.519068],[148.320341,-36.520021],[148.317395,-36.518794],[148.31642,-36.518805],[148.316823,-36.519588],[148.318207,-36.520674],[148.31783,-36.521466],[148.316265,-36.521168],[148.31588,-36.521487],[148.315285,-36.520864],[148.314481,-36.519456],[148.313888,-36.51899],[148.312913,-36.519001],[148.312331,-36.519165],[148.31173,-36.518227],[148.313685,-36.51852],[148.316599,-36.517859],[148.317371,-36.517378],[148.317953,-36.517214],[148.31735,-36.516119],[148.317336,-36.515332],[148.316746,-36.515023],[148.317312,-36.513915],[148.316906,-36.512975],[148.316305,-36.512037],[148.315699,-36.510785],[148.314943,-36.51221],[148.313792,-36.513324],[148.312617,-36.513023],[148.312214,-36.51224],[148.312195,-36.511138],[148.312764,-36.510187],[148.312361,-36.509405],[148.311428,-36.509115],[148.309955,-36.50941],[148.308486,-36.509884],[148.308041,-36.51044],[148.308853,-36.51144],[148.309323,-36.512352],[148.308075,-36.512457],[148.306475,-36.511924],[148.305224,-36.511846],[148.303966,-36.511401],[148.303154,-36.510401],[148.302126,-36.510046],[148.301443,-36.509961],[148.301203,-36.50923],[148.301305,-36.508495],[148.303334,-36.507556],[148.303213,-36.507099],[148.302304,-36.507109],[148.299143,-36.508336],[148.296882,-36.509002],[148.296099,-36.509745],[148.295302,-36.509661],[148.295063,-36.50893],[148.295287,-36.508744],[148.294489,-36.50857],[148.294813,-36.507557],[148.295599,-36.506998],[148.296276,-36.506716],[148.296382,-36.506256],[148.296353,-36.504514],[148.294394,-36.502884],[148.292561,-36.501987],[148.291304,-36.501542],[148.29028,-36.501461],[148.290268,-36.500727],[148.289581,-36.500368],[148.287182,-36.499568],[148.286273,-36.499578],[148.28479,-36.499227],[148.282519,-36.499252],[148.282643,-36.499893],[148.283553,-36.499974],[148.284012,-36.500245],[148.282541,-36.500627],[148.282669,-36.501452],[148.281992,-36.501734],[148.281083,-36.501744],[148.281072,-36.501102],[148.281743,-36.500453],[148.281851,-36.500084],[148.281731,-36.499719],[148.280712,-36.499913],[148.280038,-36.500379],[148.279597,-36.501209],[148.279608,-36.501851],[148.278707,-36.50232],[148.277798,-36.502329],[148.277348,-36.502609],[148.277356,-36.503068],[148.277136,-36.503529],[148.27804,-36.503244],[148.279635,-36.503502],[148.279415,-36.503963],[148.27839,-36.50379],[148.278167,-36.504068],[148.277147,-36.504171],[148.276812,-36.504541],[148.276936,-36.505182],[148.277849,-36.505447],[148.278199,-36.505994],[148.27619,-36.508217],[148.275506,-36.50804],[148.2746,-36.508234],[148.27427,-36.508879],[148.273582,-36.50852],[148.273026,-36.509259],[148.272808,-36.509812],[148.272346,-36.509358],[148.272004,-36.50927],[148.271551,-36.509367],[148.271651,-36.50854],[148.272319,-36.507708],[148.271969,-36.507161],[148.271171,-36.506986],[148.271392,-36.506617],[148.27241,-36.506331],[148.273327,-36.50678],[148.273676,-36.507326],[148.275259,-36.506851],[148.275708,-36.506479],[148.276039,-36.505925],[148.276035,-36.50565],[148.275118,-36.505201],[148.274435,-36.505117],[148.274426,-36.504567],[148.274083,-36.504387],[148.273289,-36.504487],[148.27296,-36.505224],[148.272506,-36.505229],[148.272711,-36.503851],[148.273541,-36.503239],[148.272802,-36.503504],[148.271504,-36.50294],[148.271632,-36.502014],[148.270763,-36.501445],[148.270466,-36.500755],[148.271023,-36.499824],[148.270021,-36.499835],[148.269147,-36.498919],[148.268137,-36.498468],[148.26728,-36.498592],[148.266866,-36.499522],[148.266896,-36.501371],[148.265894,-36.501382],[148.265316,-36.501041],[148.265184,-36.501736],[148.264901,-36.50197],[148.26433,-36.502092],[148.263308,-36.500831],[148.262027,-36.501307],[148.261201,-36.503396],[148.261224,-36.504783],[148.261388,-36.506053],[148.262104,-36.506046],[148.262674,-36.505924],[148.262554,-36.507313],[148.262574,-36.508584],[148.261721,-36.50894],[148.261003,-36.508832],[148.261702,-36.507784],[148.260267,-36.507568],[148.259395,-36.506768],[148.258974,-36.50735],[148.259276,-36.508272],[148.258861,-36.509201],[148.257122,-36.507948],[148.255549,-36.50808],[148.254694,-36.50832],[148.254121,-36.508326],[148.253536,-36.507523],[148.252539,-36.507881],[148.251546,-36.508469],[148.251418,-36.509395],[148.253006,-36.510188],[148.253447,-36.510877],[148.253328,-36.512381],[148.253344,-36.513421],[148.25264,-36.514122],[148.251485,-36.513556],[148.250338,-36.513453],[148.249638,-36.5145],[148.24879,-36.515203],[148.247937,-36.515559],[148.248095,-36.516482],[148.248816,-36.516821],[148.249114,-36.517511],[148.250263,-36.517731],[148.251678,-36.516675],[148.251978,-36.517481],[148.252703,-36.518052],[148.252296,-36.519443],[148.251459,-36.520839],[148.250895,-36.521423],[148.250031,-36.521085],[148.249015,-36.520287],[148.248279,-36.519023],[148.248121,-36.5181],[148.247258,-36.517878],[148.245826,-36.517893],[148.244965,-36.517786],[148.243805,-36.516873],[148.243096,-36.517343],[148.242821,-36.51804],[148.242261,-36.518855],[148.241991,-36.519898],[148.243282,-36.52],[148.243298,-36.52104],[148.242722,-36.520815],[148.241431,-36.520713],[148.240989,-36.519908],[148.241259,-36.518865],[148.240535,-36.51841],[148.239981,-36.519572],[148.238711,-36.520741],[148.239412,-36.519809],[148.240102,-36.518183],[148.240809,-36.517598],[148.24151,-36.516666],[148.242791,-36.51619],[148.243786,-36.515717],[148.243769,-36.514677],[148.244182,-36.513633],[148.245021,-36.512352],[148.245713,-36.510842],[148.245841,-36.509916],[148.246542,-36.508984],[148.248114,-36.508736],[148.24924,-36.507568],[148.249802,-36.506869],[148.250215,-36.505824],[148.25062,-36.504317],[148.249611,-36.503865],[148.248166,-36.503071],[148.247301,-36.502733],[148.249157,-36.502367],[148.250443,-36.502238],[148.250417,-36.50062],[148.25054,-36.499347],[148.250962,-36.49888],[148.252249,-36.498751],[148.253684,-36.498967],[148.254536,-36.498496],[148.253948,-36.497577],[148.252375,-36.497709],[148.251935,-36.49702],[148.252204,-36.495977],[148.251591,-36.49344],[148.252721,-36.492504],[148.253578,-36.492379],[148.255011,-36.49248],[148.256006,-36.492007],[148.254976,-36.490284],[148.254106,-36.489599],[148.254095,-36.488906],[148.255526,-36.488891],[148.256375,-36.488304],[148.25655,-36.487953],[148.255212,-36.48716],[148.253343,-36.486717],[148.252204,-36.487076],[148.251505,-36.488124],[148.249813,-36.48976],[148.248969,-36.490693],[148.248268,-36.491626],[148.247283,-36.492676],[148.24643,-36.493032],[148.246127,-36.491995],[148.247125,-36.491753],[148.247835,-36.491399],[148.248681,-36.490581],[148.248953,-36.489653],[148.249661,-36.489183],[148.249501,-36.488145],[148.248778,-36.48769],[148.248072,-36.488275],[148.246936,-36.488865],[148.245794,-36.489108],[148.245359,-36.488766],[148.245491,-36.488071],[148.246343,-36.4876],[148.246759,-36.486786],[148.247335,-36.487011],[148.247919,-36.487699],[148.248345,-36.487463],[148.248624,-36.486998],[148.248304,-36.48492],[148.247302,-36.484931],[148.246164,-36.485405],[148.246179,-36.48633],[148.24532,-36.486339],[148.244577,-36.484612],[148.244142,-36.48427],[148.242845,-36.483706],[148.241841,-36.483601],[148.240828,-36.482917],[148.241953,-36.481634],[148.243665,-36.48127],[148.243795,-36.480459],[148.242213,-36.480013],[148.241916,-36.479323],[148.242189,-36.47851],[148.243327,-36.478036],[148.243319,-36.477574],[148.242459,-36.477467],[148.242875,-36.476654],[148.242582,-36.476194],[148.241288,-36.475861],[148.241851,-36.475277],[148.240699,-36.474827],[148.239699,-36.474953],[148.238422,-36.47566],[148.238413,-36.475082],[148.239407,-36.474609],[148.242409,-36.474347],[148.24397,-36.473521],[148.245379,-36.472119],[148.245753,-36.471866],[148.245375,-36.471888],[148.245221,-36.471196],[148.245927,-36.470611],[148.245197,-36.469693],[148.245186,-36.469],[148.245601,-36.468071],[148.245443,-36.467148],[148.244019,-36.467625],[148.243454,-36.468093],[148.243445,-36.467515],[148.243573,-36.466589],[148.244272,-36.465541],[148.243558,-36.465664],[148.241728,-36.467533],[148.240726,-36.467544],[148.240719,-36.467081],[148.241858,-36.466723],[148.242557,-36.465675],[148.24425,-36.464154],[148.244664,-36.463225],[148.243798,-36.462772],[148.24108,-36.4628],[148.239803,-36.463507],[148.239232,-36.463629],[148.239935,-36.462812],[148.241067,-36.461991],[148.241628,-36.461292],[148.240753,-36.461],[148.24063,-36.461533],[148.239203,-36.461779],[148.238636,-36.462132],[148.237638,-36.462374],[148.236928,-36.462728],[148.236937,-36.463306],[148.23666,-36.463887],[148.236231,-36.463891],[148.2358,-36.46378],[148.236077,-36.463199],[148.234789,-36.463212],[148.235358,-36.462975],[148.235782,-36.462624],[148.23606,-36.462159],[148.235767,-36.461699],[148.235901,-36.46112],[148.237203,-36.462031],[148.238062,-36.462022],[148.238625,-36.461439],[148.238618,-36.460976],[148.23904,-36.460509],[148.239891,-36.460038],[148.23988,-36.459345],[148.240153,-36.458533],[148.239858,-36.457958],[148.239139,-36.457734],[148.237561,-36.457519],[148.237554,-36.457057],[148.239843,-36.457033],[148.240839,-36.456676],[148.241831,-36.456088],[148.242833,-36.456077],[148.243257,-36.455726],[148.243227,-36.453877],[148.24523,-36.453856],[148.245513,-36.453622],[148.244357,-36.45294],[148.244766,-36.451664],[148.24461,-36.450857],[148.243735,-36.449825],[148.243289,-36.448789],[148.244289,-36.448663],[148.244857,-36.448426],[148.243544,-36.448115],[148.243238,-36.448118],[148.241963,-36.448442],[148.240818,-36.448971],[148.239924,-36.449084],[148.239272,-36.448366],[148.239651,-36.448052],[148.239886,-36.446704],[148.239108,-36.446092],[148.238714,-36.445475],[148.238573,-36.444649],[148.237284,-36.444145],[148.236654,-36.444772],[148.234472,-36.444484],[148.233327,-36.44491],[148.232688,-36.44502],[148.232184,-36.445543],[148.232045,-36.44482],[148.232934,-36.444397],[148.233305,-36.443565],[148.234077,-36.443764],[148.234187,-36.442625],[148.234044,-36.441695],[148.234166,-36.44128],[148.234801,-36.440963],[148.234791,-36.440343],[148.232866,-36.440052],[148.233241,-36.439531],[148.234783,-36.439826],[148.236593,-36.440945],[148.237622,-36.441245],[148.238643,-36.441027],[148.239022,-36.440713],[148.238743,-36.439267],[148.238351,-36.438754],[148.239241,-36.438331],[148.23884,-36.4373],[148.238448,-36.436787],[148.237164,-36.436594],[148.236644,-36.436082],[148.236521,-36.436393],[148.235498,-36.436507],[148.235507,-36.437025],[148.23487,-36.437238],[148.234725,-36.436205],[148.234839,-36.435273],[148.234581,-36.435172],[148.232661,-36.435192],[148.232016,-36.434888],[148.233035,-36.434567],[148.234056,-36.43435],[148.234817,-36.433928],[148.234422,-36.433208],[148.233258,-36.432496],[148.23312,-36.431876],[148.23376,-36.43187],[148.234791,-36.432273],[148.235457,-36.433921],[148.236102,-36.434225],[148.236606,-36.433703],[148.236211,-36.432982],[148.236583,-36.432254],[148.237476,-36.432038],[148.237071,-36.430697],[148.238607,-36.430681],[148.240145,-36.430769],[148.24,-36.429736],[148.23818,-36.427996],[148.237904,-36.426757],[148.236736,-36.425735],[148.236459,-36.424393],[148.23478,-36.423479],[148.23348,-36.422251],[148.235525,-36.422023],[148.235666,-36.422226],[148.237696,-36.42169],[148.239347,-36.420845],[148.237026,-36.419835],[148.234718,-36.419548],[148.230107,-36.419389],[148.229946,-36.417321],[148.231351,-36.4171],[148.231572,-36.414925],[148.23206,-36.413368],[148.231983,-36.412904],[148.233326,-36.412527],[148.234088,-36.412105],[148.234843,-36.41127],[148.235464,-36.410125],[148.235379,-36.409661],[148.237391,-36.410519],[148.239832,-36.411115],[148.243294,-36.411493],[148.245721,-36.411157],[148.24879,-36.411021],[148.251097,-36.411204],[148.252638,-36.411498],[148.253906,-36.410761],[148.25493,-36.41075],[148.256597,-36.41094],[148.2585,-36.409885],[148.258224,-36.40912],[148.257402,-36.408473],[148.256315,-36.408245],[148.255409,-36.40706],[148.255091,-36.40571],[148.255681,-36.405624],[148.257061,-36.405689],[148.257444,-36.404968],[148.257032,-36.403858],[148.258009,-36.40337],[148.25958,-36.403035],[148.260083,-36.403666],[148.261354,-36.403095],[148.263323,-36.402995],[148.264207,-36.402826],[148.265102,-36.403374],[148.265161,-36.403931],[148.265369,-36.404646],[148.266982,-36.406858],[148.266704,-36.407976],[148.265628,-36.408466],[148.264464,-36.409593],[148.264291,-36.411028],[148.265576,-36.411333],[148.265891,-36.412524],[148.265611,-36.413483],[148.265819,-36.414118],[148.266802,-36.414028],[148.267504,-36.414737],[148.268591,-36.414964],[148.268803,-36.415838],[148.267915,-36.415768],[148.268127,-36.416721],[148.268528,-36.417115],[148.267745,-36.417442],[148.268048,-36.417917],[148.269033,-36.417906],[148.270026,-36.418374],[148.271028,-36.419398],[148.272603,-36.419302],[148.273282,-36.418657],[148.273981,-36.419207],[148.274588,-36.420157],[148.275109,-36.420475],[148.27518,-36.42023],[148.276763,-36.420611],[148.277557,-36.420921],[148.277945,-36.420599],[148.277448,-36.420285],[148.277234,-36.419252],[148.277615,-36.418452],[148.277602,-36.417656],[148.277191,-36.416625],[148.278671,-36.416768],[148.278969,-36.416924],[148.279062,-36.416605],[148.278953,-36.415969],[148.279224,-36.414453],[148.279893,-36.413171],[148.2805,-36.41289],[148.280471,-36.412782],[148.281028,-36.412134],[148.281816,-36.411758],[148.282141,-36.410838],[148.282246,-36.410286],[148.281896,-36.40974],[148.280986,-36.409566],[148.280293,-36.40884],[148.280956,-36.407732],[148.281863,-36.407722],[148.282323,-36.408084],[148.28381,-36.408802],[148.284719,-36.408884],[148.285383,-36.407868],[148.285969,-36.408962],[148.287102,-36.408858],[148.288216,-36.407654],[148.288451,-36.40811],[148.288577,-36.408842],[148.289472,-36.408099],[148.290177,-36.409559],[148.290758,-36.410378],[148.290548,-36.411389],[148.289537,-36.412042],[148.290451,-36.412399],[148.291477,-36.412663],[148.291596,-36.413029],[148.290917,-36.413128],[148.290581,-36.413407],[148.290586,-36.413674],[148.2916,-36.413258],[148.292171,-36.413481],[148.29246,-36.413822],[148.292559,-36.414196],[148.294334,-36.413916],[148.294437,-36.413273],[148.294653,-36.412629],[148.294187,-36.4119],[148.292823,-36.411731],[148.291567,-36.411286],[148.291107,-36.410925],[148.291443,-36.410646],[148.292015,-36.410915],[148.292234,-36.410454],[148.291312,-36.409546],[148.292098,-36.409079],[148.292892,-36.409071],[148.293341,-36.408791],[148.2947,-36.408593],[148.295502,-36.409042],[148.296636,-36.40903],[148.297197,-36.408657],[148.29753,-36.408195],[148.297746,-36.407551],[148.299558,-36.407347],[148.3,-36.406609],[148.299192,-36.405792],[148.299977,-36.405233],[148.300652,-36.404859],[148.301228,-36.405403],[148.301916,-36.405854],[148.302471,-36.405114],[148.303017,-36.403824],[148.303684,-36.402992],[148.304579,-36.402248],[148.304699,-36.402614],[148.30461,-36.404082],[148.304641,-36.405916],[148.304982,-36.406004],[148.30576,-36.404987],[148.305632,-36.404163],[148.305588,-36.401503],[148.305803,-36.400767],[148.306925,-36.400021],[148.307139,-36.399285],[148.307015,-36.398644],[148.307116,-36.397909],[148.307101,-36.396992],[148.307317,-36.396348],[148.308207,-36.395329],[148.308187,-36.394137],[148.308289,-36.393402],[148.309198,-36.393484],[148.309757,-36.393019],[148.312366,-36.392991],[148.312265,-36.393726],[148.309894,-36.394394],[148.309017,-36.396238],[148.309035,-36.397338],[148.309282,-36.398528],[148.309643,-36.399716],[148.309203,-36.400546],[148.308642,-36.40092],[148.308334,-36.402849],[148.308913,-36.403576],[148.309037,-36.404217],[148.308932,-36.404677],[148.308709,-36.404954],[148.307696,-36.405424],[148.307705,-36.405974],[148.308056,-36.406613],[148.308965,-36.406694],[148.309758,-36.406594],[148.310661,-36.406309],[148.310765,-36.405757],[148.310414,-36.405119],[148.310632,-36.404567],[148.311308,-36.404284],[148.311433,-36.405016],[148.312114,-36.405009],[148.312904,-36.404725],[148.313598,-36.405543],[148.314854,-36.405988],[148.315878,-36.40616],[148.315545,-36.406622],[148.314304,-36.407003],[148.313743,-36.407376],[148.311705,-36.407673],[148.31,-36.407509],[148.309206,-36.407517],[148.308757,-36.407797],[148.308877,-36.408163],[148.310362,-36.408789],[148.311616,-36.409142],[148.314451,-36.409019],[148.31536,-36.409101],[148.315349,-36.408459],[148.314885,-36.407822],[148.315337,-36.407725],[148.316245,-36.407715],[148.316695,-36.407527],[148.317253,-36.40697],[148.317586,-36.406508],[148.318033,-36.406136],[148.318484,-36.405948],[148.318922,-36.405026],[148.319358,-36.40392],[148.319354,-36.403737],[148.31969,-36.403458],[148.320706,-36.403171],[148.321019,-36.401517],[148.320327,-36.400883],[148.320871,-36.399501],[148.321322,-36.399312],[148.321654,-36.39885],[148.321967,-36.397196],[148.321956,-36.396554],[148.32309,-36.396541],[148.323538,-36.396169],[148.324324,-36.395702],[148.325107,-36.395051],[148.325547,-36.394221],[148.326108,-36.393848],[148.326788,-36.39384],[148.328367,-36.393272],[148.329158,-36.39308],[148.330405,-36.393066],[148.331871,-36.3925],[148.332542,-36.391942],[148.332534,-36.391483],[148.331967,-36.39149],[148.330609,-36.391688],[148.330035,-36.391328],[148.329689,-36.390965],[148.329007,-36.390881],[148.328999,-36.390422],[148.330351,-36.389857],[148.330455,-36.389305],[148.330439,-36.388388],[148.33054,-36.387653],[148.330189,-36.387015],[148.329048,-36.386661],[148.328256,-36.386761],[148.328579,-36.385749],[148.328573,-36.385382],[148.329244,-36.384824],[148.329906,-36.383716],[148.331027,-36.38297],[148.331492,-36.383607],[148.331953,-36.38406],[148.332401,-36.383689],[148.332842,-36.38295],[148.33385,-36.382205],[148.334641,-36.382013],[148.334794,-36.384304],[148.334578,-36.384948],[148.333232,-36.385881],[148.333919,-36.38624],[148.335081,-36.387878],[148.336107,-36.388141],[148.336668,-36.387768],[148.336658,-36.387218],[148.336534,-36.386577],[148.337548,-36.386199],[148.338323,-36.38509],[148.338539,-36.384445],[148.339097,-36.383889],[148.338861,-36.383341],[148.338172,-36.38289],[148.339078,-36.382788],[148.339866,-36.382413],[148.340661,-36.382495],[148.340568,-36.383689],[148.339782,-36.384156],[148.339339,-36.384803],[148.339574,-36.385259],[148.341271,-36.384965],[148.34139,-36.385331],[148.340948,-36.385978],[148.34152,-36.386246],[148.341411,-36.386523],[148.340398,-36.386993],[148.339601,-36.386818],[148.33824,-36.386833],[148.337908,-36.387296],[148.338027,-36.387661],[148.337811,-36.388306],[148.337027,-36.388865],[148.336923,-36.389416],[148.337268,-36.389688],[148.337939,-36.38913],[148.338172,-36.389494],[148.337958,-36.39023],[148.33832,-36.39151],[148.339004,-36.391686],[148.340014,-36.391033],[148.340699,-36.3913],[148.341053,-36.392122],[148.341179,-36.392854],[148.34119,-36.393496],[148.341655,-36.394133],[148.343251,-36.394573],[148.343977,-36.395388],[148.344027,-36.395239],[148.345041,-36.397589],[148.349463,-36.39883],[148.351462,-36.397296],[148.35378,-36.396262],[148.356112,-36.395984],[148.35686,-36.394213],[148.357301,-36.392696],[148.357571,-36.390301],[148.358966,-36.389907],[148.360039,-36.388887],[148.361282,-36.388747],[148.362515,-36.387977],[148.362813,-36.387218],[148.362945,-36.385832],[148.364335,-36.385186],[148.366193,-36.384535],[148.367278,-36.384271],[148.367721,-36.38288],[148.368175,-36.38212],[148.368938,-36.381229],[148.369234,-36.380344],[148.36973,-36.381976],[148.370193,-36.381719],[148.370164,-36.380082],[148.371087,-36.379442],[148.371873,-36.37981],[148.372353,-36.380561],[148.372989,-36.381309],[148.373917,-36.38092],[148.375178,-36.381787],[148.375814,-36.382536],[148.377536,-36.38302],[148.378619,-36.382629],[148.379229,-36.381867],[148.380486,-36.382482],[148.380497,-36.383111],[148.382532,-36.383717],[148.382837,-36.383336],[148.3833,-36.383079],[148.384234,-36.383068],[148.385152,-36.382176],[148.38394,-36.384079],[148.384105,-36.384581],[148.385195,-36.384568],[148.385477,-36.382928],[148.386558,-36.382411],[148.38701,-36.381525],[148.387777,-36.380886],[148.387951,-36.381892],[148.388569,-36.381632],[148.389027,-36.381123],[148.389641,-36.380613],[148.390264,-36.380605],[148.390733,-36.380726],[148.393216,-36.380193],[148.393541,-36.380945],[148.394166,-36.381064],[148.3951,-36.381053],[148.395608,-36.383314],[148.39607,-36.383056],[148.39668,-36.382294],[148.397312,-36.38279],[148.398372,-36.38114],[148.398699,-36.382018],[148.399018,-36.382392],[148.400888,-36.382496],[148.402132,-36.382356],[148.401965,-36.381728],[148.40101,-36.380606],[148.400843,-36.379978],[148.402396,-36.379708],[148.403346,-36.380578],[148.404443,-36.380943],[148.405688,-36.380928],[148.405993,-36.380547],[148.406623,-36.380917],[148.407085,-36.38066],[148.407038,-36.378016],[148.406708,-36.377013],[148.407924,-36.375361],[148.407597,-36.374483],[148.406473,-36.372608],[148.406297,-36.371476],[148.406769,-36.371723],[148.408041,-36.373219],[148.408687,-36.374471],[148.408721,-36.376359],[148.409373,-36.377989],[148.408292,-36.378505],[148.407992,-36.379138],[148.407871,-36.381029],[148.407893,-36.382288],[148.408234,-36.383921],[148.408562,-36.384799],[148.409963,-36.384782],[148.411834,-36.384886],[148.412022,-36.386647],[148.411893,-36.38816],[148.412681,-36.388654],[148.413934,-36.389017],[148.414552,-36.388758],[148.414563,-36.389387],[148.414265,-36.390146],[148.41536,-36.390385],[148.416457,-36.39075],[148.417547,-36.390737],[148.417847,-36.390104],[148.421259,-36.389308],[148.422496,-36.388789],[148.42294,-36.387525],[148.421995,-36.386906],[148.421816,-36.386493]]],[[[148.430935,-36.844938],[148.430972,-36.844664],[148.430831,-36.842886],[148.429742,-36.842376],[148.428659,-36.842218],[148.427593,-36.843055],[148.425718,-36.843858],[148.42629,-36.84559],[148.427849,-36.845134],[148.428791,-36.845488],[148.427939,-36.845877],[148.428,-36.845953],[148.427092,-36.845802],[148.426124,-36.846485],[148.426698,-36.847212],[148.42686,-36.848391],[148.424957,-36.85151],[148.422115,-36.853063],[148.420862,-36.853416],[148.420032,-36.853985],[148.419543,-36.85405],[148.418969,-36.853268],[148.418338,-36.853275],[148.417371,-36.853963],[148.416269,-36.854931],[148.415861,-36.855612],[148.416327,-36.855801],[148.416616,-36.856649],[148.417611,-36.856844],[148.41765,-36.8566],[148.41803,-36.856181],[148.4178,-36.855161],[148.418575,-36.854679],[148.419694,-36.854611],[148.419912,-36.855059],[148.419642,-36.855626],[148.420146,-36.85635],[148.420645,-36.856511],[148.420456,-36.856878],[148.420722,-36.857258],[148.421368,-36.857214],[148.421715,-36.85735],[148.422112,-36.857796],[148.422379,-36.858275],[148.4229,-36.858476],[148.42324,-36.858233],[148.423618,-36.857674],[148.424125,-36.857113],[148.42416,-36.856694],[148.424022,-36.856213],[148.423801,-36.855937],[148.423583,-36.855227],[148.424329,-36.855344],[148.425518,-36.855271],[148.426206,-36.854646],[148.426808,-36.85312],[148.426928,-36.852046],[148.42719,-36.851087],[148.428365,-36.850284],[148.429801,-36.84841],[148.4307,-36.848115],[148.431461,-36.84807],[148.43169,-36.848387],[148.433521,-36.848063],[148.434492,-36.848007],[148.434543,-36.847713],[148.436171,-36.848148],[148.43787,-36.847285],[148.440225,-36.849871],[148.443636,-36.85092],[148.445782,-36.849587],[148.446748,-36.850449],[148.445275,-36.851445],[148.445106,-36.851686],[148.445276,-36.851653],[148.444769,-36.853417],[148.446015,-36.854708],[148.445624,-36.855588],[148.442933,-36.856819],[148.439532,-36.856315],[148.43776,-36.855899],[148.436527,-36.855261],[148.436124,-36.855482],[148.436686,-36.856566],[148.434937,-36.857353],[148.432791,-36.858686],[148.431432,-36.858594],[148.430343,-36.858386],[148.429397,-36.858619],[148.429269,-36.859057],[148.429693,-36.859922],[148.431189,-36.860125],[148.432008,-36.860331],[148.432848,-36.861736],[148.43435,-36.862264],[148.43531,-36.862797],[148.43506,-36.863891],[148.434276,-36.865537],[148.434705,-36.86673],[148.435532,-36.867378],[148.432549,-36.867522],[148.432292,-36.868287],[148.432723,-36.869594],[148.436845,-36.872266],[148.436858,-36.872924],[148.435109,-36.873815],[148.43486,-36.875017],[148.437319,-36.875861],[148.437859,-36.876238],[148.435781,-36.876583],[148.433521,-36.877313],[148.43194,-36.876909],[148.431275,-36.878747],[148.431645,-36.879864],[148.435333,-36.880663],[148.441457,-36.880868],[148.445352,-36.880528],[148.446389,-36.880623],[148.446976,-36.880562],[148.448085,-36.879945],[148.449474,-36.879369],[148.45053,-36.879775],[148.450552,-36.880901],[148.450182,-36.881208],[148.449352,-36.882178],[148.447068,-36.881643],[148.444795,-36.88167],[148.442364,-36.882543],[148.440647,-36.884253],[148.440143,-36.885382],[148.438744,-36.885399],[148.437867,-36.88527],[148.437361,-36.886258],[148.437202,-36.887103],[148.438784,-36.887507],[148.44106,-36.88762],[148.441256,-36.888739],[148.44057,-36.889451],[148.438307,-36.890042],[148.437083,-36.890056],[148.435136,-36.888814],[148.434256,-36.888545],[148.433919,-36.889252],[148.432004,-36.889694],[148.431318,-36.890405],[148.432208,-36.891238],[148.433116,-36.893052],[148.436081,-36.892597],[148.437135,-36.892864],[148.435757,-36.894003],[148.436526,-36.894319],[148.437118,-36.89478],[148.438343,-36.895385],[148.438761,-36.895712],[148.580529,-36.953156],[148.737825,-37.016589],[148.738073,-37.016242],[148.743628,-37.016161],[148.746126,-37.017444],[148.745399,-37.019636],[148.760834,-37.025841],[148.76385,-37.023122],[148.763119,-37.018184],[148.766893,-37.012355],[148.75632,-37.00888],[148.748063,-37.007682],[148.744465,-37.003282],[148.746796,-36.997303],[148.744309,-36.987443],[148.740225,-36.979747],[148.735377,-36.974536],[148.734962,-36.965304],[148.726276,-36.963119],[148.717172,-36.960614],[148.710404,-36.96137],[148.702189,-36.961817],[148.700746,-36.961288],[148.701763,-36.961165],[148.70035,-36.9531],[148.682259,-36.953191],[148.682518,-36.946256],[148.678285,-36.94071],[148.684153,-36.936498],[148.684907,-36.933356],[148.684089,-36.92891],[148.679467,-36.924356],[148.672457,-36.923301],[148.676688,-36.919442],[148.676883,-36.909543],[148.668338,-36.904052],[148.669813,-36.896275],[148.661162,-36.895243],[148.654943,-36.892689],[148.655722,-36.890699],[148.652567,-36.887278],[148.647362,-36.884046],[148.644087,-36.884587],[148.643421,-36.882289],[148.640284,-36.879692],[148.628662,-36.883984],[148.627012,-36.882109],[148.626522,-36.879655],[148.626262,-36.877725],[148.623834,-36.876704],[148.622085,-36.876728],[148.619468,-36.877115],[148.619038,-36.877473],[148.617306,-36.878375],[148.615787,-36.878923],[148.615146,-36.879635],[148.615231,-36.883676],[148.615071,-36.886491],[148.614233,-36.88826],[148.612713,-36.888808],[148.612344,-36.889588],[148.611354,-36.890561],[148.609677,-36.890079],[148.609002,-36.889209],[148.608317,-36.887813],[148.607649,-36.887294],[148.606752,-36.886252],[148.605896,-36.887142],[148.605918,-36.888197],[148.605721,-36.889254],[148.60489,-36.891374],[148.604482,-36.892786],[148.604067,-36.893846],[148.603211,-36.894736],[148.602358,-36.895803],[148.60215,-36.896333],[148.601289,-36.897047],[148.600425,-36.897586],[148.597144,-36.89763],[148.596477,-36.897112],[148.594705,-36.896081],[148.593366,-36.894869],[148.59049,-36.893326],[148.589812,-36.89228],[148.588252,-36.890895],[148.587566,-36.889498],[148.587555,-36.888971],[148.586655,-36.887752],[148.585984,-36.887058],[148.585299,-36.885661],[148.583965,-36.884624],[148.582624,-36.883236],[148.581217,-36.882615],[148.57616,-36.882682],[148.572926,-36.881959],[148.571989,-36.881971],[148.569266,-36.882556],[148.566068,-36.88477],[148.562839,-36.885463],[148.561262,-36.887655],[148.558026,-36.888023],[148.556602,-36.887049],[148.554954,-36.887117],[148.55247,-36.885752],[148.550708,-36.884423],[148.550479,-36.884011],[148.550016,-36.882787],[148.549568,-36.882266],[148.547766,-36.882203],[148.545116,-36.880205],[148.544921,-36.87969],[148.544607,-36.879703],[148.543423,-36.878177],[148.541291,-36.874175],[148.54074,-36.872915],[148.539555,-36.87112],[148.536456,-36.870393],[148.532942,-36.864823],[148.531501,-36.86349],[148.529907,-36.863835],[148.524392,-36.86259],[148.523129,-36.859618],[148.523082,-36.857279],[148.523254,-36.855826],[148.521013,-36.854309],[148.521302,-36.853552],[148.520339,-36.852911],[148.519559,-36.847792],[148.518672,-36.844099],[148.515525,-36.842719],[148.511718,-36.842335],[148.506876,-36.844465],[148.50335,-36.84451],[148.50148,-36.846062],[148.497983,-36.847634],[148.495783,-36.848817],[148.49311,-36.850863],[148.4926,-36.852389],[148.489229,-36.852874],[148.488476,-36.852509],[148.486393,-36.851705],[148.486065,-36.851322],[148.484681,-36.851202],[148.481845,-36.850762],[148.478324,-36.849789],[148.477793,-36.849555],[148.476031,-36.849107],[148.475069,-36.848659],[148.474417,-36.848515],[148.474292,-36.848297],[148.473978,-36.84815],[148.471911,-36.84654],[148.471839,-36.84664],[148.469326,-36.846134],[148.467462,-36.848014],[148.467278,-36.848066],[148.466988,-36.848403],[148.466447,-36.8483],[148.465438,-36.848585],[148.462032,-36.84786],[148.461609,-36.847381],[148.461435,-36.847348],[148.461303,-36.847035],[148.460506,-36.846135],[148.457911,-36.845184],[148.453272,-36.843866],[148.452705,-36.843987],[148.451387,-36.844476],[148.450508,-36.844976],[148.445266,-36.844288],[148.444054,-36.844263],[148.442015,-36.844071],[148.437846,-36.844122],[148.435527,-36.845348],[148.434619,-36.846378],[148.434562,-36.845964],[148.433986,-36.845962],[148.434579,-36.845468],[148.430889,-36.845278],[148.430935,-36.844938]],[[148.574983,-36.924294],[148.575152,-36.924425],[148.57527,-36.924735],[148.57494,-36.924873],[148.57455,-36.924834],[148.574437,-36.924702],[148.574431,-36.924435],[148.574705,-36.924253],[148.574983,-36.924294]],[[148.585273,-36.922821],[148.585544,-36.922505],[148.585981,-36.922187],[148.586262,-36.922362],[148.586377,-36.922583],[148.586344,-36.923653],[148.586573,-36.924006],[148.586693,-36.924405],[148.587148,-36.924978],[148.587212,-36.925378],[148.586658,-36.92543],[148.586264,-36.925124],[148.586034,-36.92477],[148.585586,-36.924554],[148.585085,-36.924471],[148.584634,-36.924121],[148.584242,-36.923948],[148.583743,-36.923955],[148.583463,-36.923825],[148.584069,-36.923638],[148.584497,-36.922875],[148.584778,-36.92305],[148.585273,-36.922821]],[[148.584158,-36.917223],[148.584662,-36.917439],[148.584779,-36.917749],[148.585116,-36.917922],[148.585124,-36.918323],[148.585295,-36.918544],[148.585511,-36.918274],[148.585558,-36.917828],[148.585717,-36.917469],[148.586159,-36.917419],[148.58633,-36.917639],[148.586665,-36.917724],[148.587271,-36.917537],[148.587608,-36.917711],[148.587671,-36.918067],[148.587511,-36.918381],[148.587178,-36.918385],[148.586738,-36.918569],[148.586302,-36.918931],[148.585917,-36.919115],[148.585421,-36.919255],[148.584533,-36.919267],[148.584037,-36.919407],[148.583482,-36.919414],[148.582653,-36.919559],[148.582531,-36.919026],[148.583454,-36.918034],[148.583445,-36.917588],[148.583551,-36.917364],[148.584158,-36.917223]],[[148.505189,-36.868107],[148.505202,-36.868771],[148.504103,-36.869007],[148.503158,-36.870016],[148.502351,-36.871023],[148.501524,-36.871033],[148.50069,-36.870711],[148.497783,-36.870083],[148.495978,-36.869442],[148.495147,-36.869231],[148.494858,-36.86857],[148.494307,-36.868576],[148.493753,-36.868473],[148.493878,-36.867807],[148.494974,-36.86746],[148.496073,-36.867225],[148.497451,-36.867208],[148.500203,-36.866952],[148.501997,-36.86704],[148.503659,-36.867462],[148.505189,-36.868107]],[[148.573329,-36.919416],[148.573377,-36.919014],[148.573315,-36.918703],[148.572977,-36.91844],[148.572305,-36.918137],[148.572582,-36.918134],[148.572295,-36.917692],[148.572838,-36.917106],[148.573209,-36.916254],[148.573929,-36.9162],[148.573996,-36.916734],[148.573737,-36.917673],[148.573519,-36.917854],[148.573969,-36.91816],[148.574188,-36.917979],[148.574564,-36.917395],[148.574609,-36.916904],[148.575045,-36.916497],[148.575322,-36.916494],[148.575607,-36.916846],[148.575886,-36.916932],[148.576883,-36.916874],[148.577332,-36.917091],[148.577336,-36.917313],[148.577562,-36.917488],[148.578005,-36.917483],[148.578385,-36.917077],[148.578558,-36.917386],[148.578838,-36.917516],[148.579277,-36.917243],[148.57945,-36.917597],[148.579728,-36.917638],[148.57996,-36.91808],[148.580695,-36.918783],[148.580817,-36.919316],[148.581882,-36.919837],[148.581894,-36.920416],[148.581624,-36.920775],[148.581184,-36.92096],[148.58108,-36.921317],[148.580251,-36.921462],[148.579756,-36.921647],[148.579321,-36.922098],[148.578661,-36.922374],[148.57845,-36.922911],[148.578068,-36.923228],[148.577575,-36.923502],[148.576688,-36.923558],[148.576249,-36.923787],[148.576135,-36.923655],[148.57639,-36.922538],[148.576382,-36.922182],[148.576209,-36.921827],[148.57587,-36.921565],[148.575807,-36.921165],[148.575967,-36.920895],[148.576123,-36.920359],[148.575727,-36.920007],[148.575056,-36.919749],[148.574834,-36.919752],[148.574505,-36.919935],[148.574014,-36.920342],[148.573453,-36.920038],[148.573329,-36.919416]],[[148.507191,-36.864759],[148.507318,-36.864203],[148.508007,-36.864194],[148.508418,-36.864078],[148.509098,-36.863627],[148.509227,-36.863182],[148.50963,-36.862623],[148.510452,-36.862391],[148.510719,-36.861945],[148.511675,-36.861489],[148.512498,-36.861257],[148.514274,-36.860459],[148.514825,-36.860452],[148.515385,-36.860888],[148.515407,-36.861996],[148.514049,-36.86301],[148.511988,-36.863368],[148.511579,-36.863595],[148.511329,-36.864928],[148.51259,-36.865908],[148.512885,-36.866902],[148.513845,-36.866668],[148.514246,-36.865998],[148.515482,-36.865761],[148.516724,-36.865856],[148.517838,-36.866395],[148.517875,-36.868278],[148.514283,-36.867881],[148.509183,-36.867945],[148.509035,-36.867394],[148.508752,-36.867065],[148.508606,-36.866624],[148.507917,-36.866632],[148.507223,-36.86642],[148.507191,-36.864759]],[[148.63063,-36.965625],[148.631137,-36.965618],[148.631927,-36.965258],[148.633084,-36.965126],[148.634018,-36.964706],[148.634382,-36.964759],[148.635338,-36.965386],[148.634985,-36.965856],[148.634996,-36.96638],[148.634783,-36.966557],[148.634798,-36.967255],[148.634593,-36.96784],[148.634095,-36.968312],[148.633736,-36.968491],[148.633658,-36.968202],[148.633139,-36.967685],[148.631619,-36.967822],[148.631193,-36.968236],[148.630842,-36.968764],[148.631363,-36.969397],[148.632095,-36.969736],[148.632684,-36.970135],[148.63262,-36.970543],[148.632699,-36.970833],[148.634163,-36.971511],[148.635547,-36.971783],[148.636498,-36.972177],[148.636794,-36.972464],[148.636434,-36.972585],[148.635132,-36.97272],[148.635066,-36.973011],[148.635658,-36.973585],[148.635816,-36.974165],[148.635543,-36.974983],[148.634306,-36.974767],[148.633717,-36.974368],[148.633058,-36.974086],[148.632687,-36.973684],[148.632461,-36.97328],[148.630779,-36.972605],[148.63054,-36.971619],[148.629669,-36.971573],[148.629149,-36.970998],[148.628041,-36.970024],[148.627607,-36.970088],[148.627032,-36.970329],[148.626812,-36.970216],[148.626947,-36.969748],[148.62693,-36.968934],[148.626851,-36.968644],[148.625899,-36.968192],[148.625733,-36.967205],[148.626235,-36.966965],[148.626742,-36.9669],[148.627526,-36.966308],[148.627663,-36.965898],[148.62817,-36.965892],[148.628603,-36.965769],[148.629334,-36.96605],[148.629704,-36.966394],[148.629915,-36.9661],[148.629981,-36.965809],[148.63063,-36.965625]],[[148.518115,-36.901283],[148.519336,-36.90027],[148.522198,-36.898572],[148.524387,-36.897658],[148.525766,-36.89764],[148.526864,-36.897404],[148.528105,-36.897389],[148.528797,-36.89749],[148.52895,-36.898264],[148.526913,-36.899841],[148.526094,-36.900294],[148.525136,-36.900639],[148.525009,-36.901194],[148.52584,-36.901405],[148.525858,-36.902291],[148.526138,-36.902509],[148.528069,-36.902484],[148.529454,-36.902799],[148.529748,-36.903681],[148.528237,-36.904033],[148.52701,-36.904713],[148.525637,-36.905063],[148.524263,-36.905302],[148.523311,-36.905979],[148.522212,-36.906215],[148.521392,-36.906557],[148.520286,-36.906461],[148.519034,-36.905923],[148.517511,-36.90561],[148.51613,-36.905517],[148.514606,-36.905204],[148.513635,-36.904884],[148.513072,-36.904338],[148.513477,-36.903889],[148.514155,-36.903327],[148.512897,-36.902457],[148.513302,-36.902009],[148.513847,-36.901669],[148.517158,-36.901738],[148.518115,-36.901283]],[[148.519661,-36.881879],[148.521855,-36.881297],[148.522811,-36.880842],[148.523892,-36.87972],[148.524988,-36.879374],[148.525153,-36.880701],[148.526962,-36.881564],[148.528083,-36.882436],[148.528916,-36.882757],[148.530164,-36.883073],[148.531,-36.883506],[148.531035,-36.885278],[148.530223,-36.886063],[148.529123,-36.886188],[148.527731,-36.885542],[148.526063,-36.884898],[148.523858,-36.884927],[148.521517,-36.885067],[148.520153,-36.88586],[148.519755,-36.886641],[148.519766,-36.887194],[148.520598,-36.887405],[148.522383,-36.88705],[148.523066,-36.886709],[148.524169,-36.886695],[148.525,-36.886906],[148.525162,-36.888122],[148.524906,-36.889122],[148.525329,-36.88956],[148.526983,-36.889539],[148.528077,-36.889082],[148.529047,-36.889291],[148.529342,-36.890284],[148.52852,-36.890516],[148.527843,-36.891189],[148.528688,-36.892064],[148.528708,-36.893061],[148.528028,-36.893513],[148.527201,-36.893523],[148.526229,-36.893204],[148.525546,-36.893545],[148.526113,-36.894313],[148.526122,-36.894756],[148.525303,-36.895209],[148.523511,-36.895232],[148.521034,-36.895486],[148.519104,-36.89551],[148.517727,-36.895639],[148.516482,-36.895433],[148.515641,-36.894779],[148.515615,-36.89345],[148.51518,-36.892348],[148.514609,-36.891359],[148.514576,-36.889697],[148.514819,-36.888033],[148.515619,-36.886694],[148.516298,-36.886131],[148.516407,-36.88469],[148.518013,-36.882232],[148.519661,-36.881879]]],[[[148.690873,-36.419765],[148.69116,-36.420526],[148.691994,-36.4215],[148.69202,-36.421643],[148.691179,-36.422093],[148.689866,-36.421972],[148.689496,-36.421567],[148.689115,-36.421852],[148.684653,-36.420928],[148.684962,-36.417002],[148.681676,-36.415151],[148.677701,-36.416014],[148.674973,-36.421501],[148.677372,-36.421327],[148.673846,-36.425032],[148.671793,-36.426697],[148.672064,-36.428861],[148.672005,-36.43185],[148.673006,-36.432535],[148.672655,-36.433432],[148.675119,-36.433398],[148.676141,-36.435078],[148.675298,-36.435987],[148.674049,-36.435206],[148.673318,-36.435613],[148.674231,-36.437385],[148.672507,-36.438018],[148.671457,-36.437577],[148.670686,-36.438408],[148.670125,-36.438155],[148.670335,-36.437106],[148.669053,-36.437796],[148.668742,-36.4384],[148.668754,-36.438999],[148.668171,-36.439169],[148.66665,-36.438055],[148.665777,-36.438364],[148.665464,-36.438896],[148.664729,-36.439168],[148.663907,-36.439738],[148.663188,-36.440758],[148.663192,-36.443115],[148.66274,-36.443648],[148.662565,-36.444052],[148.661708,-36.444415],[148.660554,-36.444508],[148.658598,-36.443134],[148.657853,-36.443112],[148.655858,-36.442076],[148.65259,-36.439125],[148.648325,-36.436862],[148.646167,-36.438528],[148.647239,-36.441375],[148.650019,-36.445155],[148.651912,-36.446904],[148.65425,-36.445781],[148.657194,-36.44574],[148.658382,-36.446562],[148.661484,-36.447452],[148.663452,-36.447744],[148.663583,-36.448],[148.663664,-36.449378],[148.663124,-36.450764],[148.66387,-36.451759],[148.664963,-36.452077],[148.665719,-36.451107],[148.665924,-36.451018],[148.666909,-36.451131],[148.66783,-36.453042],[148.667987,-36.453166],[148.669119,-36.452812],[148.669832,-36.452302],[148.670302,-36.452507],[148.671431,-36.452072],[148.671809,-36.45282],[148.672285,-36.453273],[148.672855,-36.453305],[148.673484,-36.45322],[148.674341,-36.453889],[148.675441,-36.455744],[148.676392,-36.457727],[148.676266,-36.45794],[148.674822,-36.458168],[148.674515,-36.458339],[148.674628,-36.458797],[148.675523,-36.459497],[148.677146,-36.460393],[148.678024,-36.460255],[148.679015,-36.459637],[148.680163,-36.460193],[148.683776,-36.461526],[148.684331,-36.462384],[148.685422,-36.462575],[148.685673,-36.462365],[148.687359,-36.463206],[148.687587,-36.464834],[148.687367,-36.468028],[148.688536,-36.468282],[148.686664,-36.469999],[148.683991,-36.471263],[148.68156,-36.475935],[148.682251,-36.476542],[148.680198,-36.476003],[148.6785,-36.476419],[148.679293,-36.479266],[148.6791,-36.48163],[148.679479,-36.48222],[148.679521,-36.484189],[148.682358,-36.485627],[148.682812,-36.484043],[148.684866,-36.483126],[148.687972,-36.485742],[148.690551,-36.486494],[148.691766,-36.486278],[148.692267,-36.486866],[148.693249,-36.487145],[148.693888,-36.488515],[148.694028,-36.489302],[148.695977,-36.489175],[148.697783,-36.488068],[148.697841,-36.490726],[148.697129,-36.491624],[148.696022,-36.491243],[148.695765,-36.490656],[148.694561,-36.491363],[148.692494,-36.49169],[148.690908,-36.491712],[148.690692,-36.492995],[148.690461,-36.493589],[148.692177,-36.493957],[148.690867,-36.495454],[148.693401,-36.494138],[148.695714,-36.493907],[148.695851,-36.494594],[148.694636,-36.49481],[148.694655,-36.495697],[148.696975,-36.495764],[148.698062,-36.495252],[148.700828,-36.493442],[148.701127,-36.493437],[148.70302,-36.496025],[148.702532,-36.496329],[148.702086,-36.49853],[148.703212,-36.499213],[148.704717,-36.500286],[148.707768,-36.498647],[148.709112,-36.498029],[148.710227,-36.498216],[148.710966,-36.498106],[148.709833,-36.497121],[148.708099,-36.496849],[148.705996,-36.496681],[148.707821,-36.49546],[148.708929,-36.495341],[148.709029,-36.494244],[148.709503,-36.49334],[148.707861,-36.491669],[148.709572,-36.490847],[148.71105,-36.490727],[148.711303,-36.490299],[148.711381,-36.490632],[148.711812,-36.488061],[148.7136,-36.486165],[148.714489,-36.48773],[148.714635,-36.488809],[148.714423,-36.490291],[148.716512,-36.49095],[148.71796,-36.49024],[148.717513,-36.492117],[148.717638,-36.492124],[148.714601,-36.495917],[148.713516,-36.498709],[148.719179,-36.499119],[148.721072,-36.498353],[148.721644,-36.496555],[148.721549,-36.495754],[148.724164,-36.493066],[148.724099,-36.492639],[148.725759,-36.489834],[148.729855,-36.487508],[148.730116,-36.488293],[148.72954,-36.489779],[148.731245,-36.489656],[148.73315,-36.487559],[148.735128,-36.488711],[148.736141,-36.490373],[148.737352,-36.489959],[148.738542,-36.488662],[148.740858,-36.488529],[148.742693,-36.488799],[148.742173,-36.487329],[148.74335,-36.485441],[148.739439,-36.485102],[148.736631,-36.485043],[148.735769,-36.484664],[148.734554,-36.48488],[148.734054,-36.484292],[148.733905,-36.483113],[148.734726,-36.481623],[148.736194,-36.4818],[148.736506,-36.479429],[148.733984,-36.475725],[148.733406,-36.473255],[148.734553,-36.472824],[148.735224,-36.470457],[148.736181,-36.469564],[148.737272,-36.466754],[148.736244,-36.46433],[148.732384,-36.461953],[148.734159,-36.457866],[148.738659,-36.455349],[148.739285,-36.453158],[148.736733,-36.45224],[148.733053,-36.453659],[148.727636,-36.452917],[148.725474,-36.454314],[148.723814,-36.455564],[148.722904,-36.456754],[148.720785,-36.456464],[148.718282,-36.456838],[148.715364,-36.457385],[148.711127,-36.453948],[148.711703,-36.452701],[148.711775,-36.451609],[148.710894,-36.450959],[148.707711,-36.450847],[148.706045,-36.44955],[148.70474,-36.447153],[148.702796,-36.446406],[148.699738,-36.447535],[148.698866,-36.447318],[148.696479,-36.443926],[148.694758,-36.443762],[148.693323,-36.442164],[148.69283,-36.440116],[148.693693,-36.43853],[148.695821,-36.43663],[148.697726,-36.434786],[148.697693,-36.433277],[148.695708,-36.432688],[148.696097,-36.430577],[148.696281,-36.430075],[148.698653,-36.429036],[148.700342,-36.428647],[148.701099,-36.427365],[148.700743,-36.426928],[148.701569,-36.426029],[148.703563,-36.424639],[148.705221,-36.424742],[148.701368,-36.427582],[148.702849,-36.42967],[148.702065,-36.432093],[148.705403,-36.434024],[148.706703,-36.433572],[148.706745,-36.431422],[148.710438,-36.425965],[148.714587,-36.427343],[148.717201,-36.423488],[148.717592,-36.418304],[148.715618,-36.412879],[148.703646,-36.413023],[148.698565,-36.418143],[148.696947,-36.419009],[148.69668,-36.419025],[148.693959,-36.418407],[148.693025,-36.419188],[148.692091,-36.419746],[148.691804,-36.418986],[148.690873,-36.419765]],[[148.666729,-36.439586],[148.666789,-36.439617],[148.666334,-36.439704],[148.666729,-36.439586]]],[[[148.059616,-36.071635],[148.059669,-36.070747],[148.058484,-36.069026],[148.057309,-36.06804],[148.054059,-36.066392],[148.052884,-36.065406],[148.049462,-36.065382],[148.048376,-36.066235],[148.047317,-36.06907],[148.042833,-36.071733],[148.04167,-36.071689],[148.038521,-36.072766],[148.035088,-36.071849],[148.032994,-36.074595],[148.031854,-36.076385],[148.030675,-36.08001],[148.03314,-36.080828],[148.034822,-36.080754],[148.035259,-36.079971],[148.038485,-36.079839],[148.041955,-36.083478],[148.042033,-36.084474],[148.045348,-36.086176],[148.043166,-36.087191],[148.040928,-36.088833],[148.040836,-36.091665],[148.042074,-36.092493],[148.044336,-36.092631],[148.045485,-36.091625],[148.049875,-36.091586],[148.051985,-36.089787],[148.053261,-36.088829],[148.057586,-36.088742],[148.05866,-36.086947],[148.057498,-36.087012],[148.059876,-36.086152],[148.063219,-36.085072],[148.064266,-36.086113],[148.06539,-36.083327],[148.06312,-36.082558],[148.062022,-36.082518],[148.058511,-36.080714],[148.059725,-36.079757],[148.058669,-36.077986],[148.05526,-36.078958],[148.055206,-36.079747],[148.050727,-36.078006],[148.051801,-36.076162],[148.052964,-36.076256],[148.057341,-36.075275],[148.060772,-36.076029],[148.061801,-36.075177],[148.061966,-36.073503],[148.060803,-36.073513],[148.059616,-36.071635]]],[[[148.646164,-35.955318],[148.646533,-35.954943],[148.646693,-35.954662],[148.646441,-35.954232],[148.646624,-35.953996],[148.646691,-35.953481],[148.646417,-35.953088],[148.645889,-35.952771],[148.645437,-35.952344],[148.64509,-35.952196],[148.64438,-35.950547],[148.643683,-35.94851],[148.643137,-35.947352],[148.642522,-35.945741],[148.642229,-35.944641],[148.641971,-35.944304],[148.641536,-35.943987],[148.641042,-35.943794],[148.640435,-35.944051],[148.639653,-35.94476],[148.639358,-35.945336],[148.638906,-35.945666],[148.638637,-35.946019],[148.638552,-35.946344],[148.638683,-35.946765],[148.638542,-35.947315],[148.638247,-35.947867],[148.638182,-35.949188],[148.638255,-35.949735],[148.639138,-35.950993],[148.640263,-35.952074],[148.640677,-35.95279],[148.641097,-35.953855],[148.641265,-35.9546],[148.641525,-35.956764],[148.64156,-35.958457],[148.642081,-35.959956],[148.642651,-35.96087],[148.643183,-35.961386],[148.644881,-35.962035],[148.645618,-35.962124],[148.647147,-35.961979],[148.65198,-35.963083],[148.652743,-35.96296],[148.653844,-35.956993],[148.653621,-35.95669],[148.65307,-35.958991],[148.65246,-35.962714],[148.652288,-35.962951],[148.648884,-35.961898],[148.64768,-35.961599],[148.647453,-35.961358],[148.647105,-35.959515],[148.646667,-35.958205],[148.646621,-35.957575],[148.646197,-35.95584],[148.646164,-35.955318]]],[[[148.469537,-36.612952],[148.469658,-36.612852],[148.469633,-36.61154],[148.468999,-36.609281],[148.468671,-36.607618],[148.467304,-36.605728],[148.465068,-36.6048],[148.462841,-36.60435],[148.461217,-36.604491],[148.459761,-36.605699],[148.458754,-36.607262],[148.458654,-36.609769],[148.459286,-36.611907],[148.46139,-36.61367],[148.465105,-36.61458],[148.467627,-36.614436],[148.468466,-36.614895],[148.469387,-36.614698],[148.469839,-36.61422],[148.469769,-36.613319],[148.469537,-36.612952]]],[[[148.57947,-36.431637],[148.579874,-36.432262],[148.580676,-36.43519],[148.582732,-36.436303],[148.583273,-36.436012],[148.585098,-36.435384],[148.585845,-36.435595],[148.586376,-36.436697],[148.587139,-36.437696],[148.587071,-36.43817],[148.586167,-36.437993],[148.585529,-36.43737],[148.584743,-36.437129],[148.584007,-36.437485],[148.583946,-36.438338],[148.584157,-36.439092],[148.584555,-36.439439],[148.58585,-36.439674],[148.587255,-36.439561],[148.588419,-36.439135],[148.589153,-36.438679],[148.589567,-36.437853],[148.590757,-36.436796],[148.591277,-36.43546],[148.591369,-36.434259],[148.591264,-36.432936],[148.59089,-36.4318],[148.590324,-36.430925],[148.58832,-36.430415],[148.585965,-36.429941],[148.58502,-36.429639],[148.583205,-36.428806],[148.581654,-36.429431],[148.58073,-36.430137],[148.579533,-36.430847],[148.57947,-36.431637]]],[[[148.316675,-36.668334],[148.316737,-36.668648],[148.316143,-36.669388],[148.317164,-36.670028],[148.31666,-36.670115],[148.315949,-36.669878],[148.314533,-36.669813],[148.31413,-36.669898],[148.313429,-36.670313],[148.313222,-36.66999],[148.312511,-36.669835],[148.311595,-36.669438],[148.31089,-36.669608],[148.310209,-36.671163],[148.310116,-36.671653],[148.310629,-36.672054],[148.311144,-36.672618],[148.30973,-36.672715],[148.309942,-36.673283],[148.310457,-36.673847],[148.310264,-36.674419],[148.309659,-36.674507],[148.30885,-36.674435],[148.308557,-36.67509],[148.307642,-36.674774],[148.307648,-36.6751],[148.30816,-36.675501],[148.308975,-36.675899],[148.309997,-36.676539],[148.311218,-36.677014],[148.311822,-36.676845],[148.311715,-36.67652],[148.311808,-36.676031],[148.312104,-36.675621],[148.313511,-36.675116],[148.314213,-36.674783],[148.315127,-36.675017],[148.315932,-36.674845],[148.316331,-36.674515],[148.316842,-36.674835],[148.317858,-36.67515],[148.318355,-36.674656],[148.319672,-36.674804],[148.319586,-36.675701],[148.31929,-36.676111],[148.318382,-36.676203],[148.317972,-36.675881],[148.317375,-36.676458],[148.317592,-36.677351],[148.317611,-36.67841],[148.317431,-36.679714],[148.318249,-36.680275],[148.318493,-36.680328],[148.319026,-36.678978],[148.320939,-36.677789],[148.321532,-36.674798],[148.321501,-36.672982],[148.320184,-36.67131],[148.318712,-36.670029],[148.3174,-36.668616],[148.316675,-36.668334]]],[[[148.272538,-36.69674],[148.273546,-36.696091],[148.274439,-36.695353],[148.275228,-36.695162],[148.276463,-36.694602],[148.276908,-36.694142],[148.277584,-36.693952],[148.27848,-36.693396],[148.278243,-36.692761],[148.278229,-36.691941],[148.277995,-36.691488],[148.275949,-36.690872],[148.275484,-36.690148],[148.275475,-36.689602],[148.274678,-36.689246],[148.273777,-36.689529],[148.273448,-36.69017],[148.273583,-36.691444],[148.27212,-36.691915],[148.27156,-36.692286],[148.271227,-36.692654],[148.271236,-36.6932],[148.271582,-36.693652],[148.2716,-36.694745],[148.270699,-36.694937],[148.270717,-36.69603],[148.270836,-36.696394],[148.27129,-36.69648],[148.271748,-36.696839],[148.272538,-36.69674]]],[[[148.654945,-36.866437],[148.65565,-36.867553],[148.655491,-36.868953],[148.655956,-36.86946],[148.656757,-36.869782],[148.657837,-36.870772],[148.659256,-36.869932],[148.65982,-36.869771],[148.660718,-36.869367],[148.661233,-36.868719],[148.661295,-36.868052],[148.661016,-36.867384],[148.659665,-36.866127],[148.659807,-36.865702],[148.660478,-36.865264],[148.660469,-36.864841],[148.660055,-36.86491],[148.659568,-36.86516],[148.659338,-36.864978],[148.658595,-36.863835],[148.657256,-36.864886],[148.654945,-36.866437]]],[[[148.256995,-36.500088],[148.257144,-36.500434],[148.257717,-36.500428],[148.258587,-36.501112],[148.258026,-36.501812],[148.256731,-36.501478],[148.255735,-36.501836],[148.255607,-36.502762],[148.256332,-36.503332],[148.255767,-36.503801],[148.253184,-36.503481],[148.252621,-36.504065],[148.252643,-36.505452],[148.253355,-36.505213],[148.254201,-36.504395],[148.2552,-36.504153],[148.256209,-36.504605],[148.256802,-36.505871],[148.25795,-36.505974],[148.257937,-36.505165],[148.25821,-36.504353],[148.260209,-36.503985],[148.260197,-36.503291],[148.260034,-36.502022],[148.260307,-36.50121],[148.26159,-36.500849],[148.261718,-36.499923],[148.26142,-36.499233],[148.260559,-36.499126],[148.259695,-36.498788],[148.259133,-36.499488],[148.257555,-36.499273],[148.256995,-36.500088]]],[[[148.244469,-36.433055],[148.244888,-36.432473],[148.246166,-36.431882],[148.248026,-36.431862],[148.248737,-36.431624],[148.249441,-36.430923],[148.249858,-36.430109],[148.249417,-36.42942],[148.248407,-36.428853],[148.244827,-36.428659],[148.243704,-36.429942],[148.243432,-36.43087],[148.243586,-36.431562],[148.242591,-36.431919],[148.242462,-36.432845],[148.245061,-36.434321],[148.246348,-36.434307],[148.247781,-36.434408],[148.248054,-36.433596],[148.245906,-36.433503],[148.244469,-36.433055]]],[[[148.578749,-36.385885],[148.57987,-36.386645],[148.580915,-36.387231],[148.586028,-36.388412],[148.586699,-36.388822],[148.588186,-36.389397],[148.590196,-36.390326],[148.591232,-36.390492],[148.592413,-36.390535],[148.594029,-36.390216],[148.594385,-36.389612],[148.593565,-36.38915],[148.591505,-36.389416],[148.588911,-36.388793],[148.58838,-36.388083],[148.587481,-36.387383],[148.585411,-36.387108],[148.585028,-36.386401],[148.582052,-36.385129],[148.580211,-36.385212],[148.578813,-36.385411],[148.578749,-36.385885]]],[[[148.652648,-35.956225],[148.652804,-35.955753],[148.652401,-35.954952],[148.652408,-35.954725],[148.651182,-35.952758],[148.651152,-35.952213],[148.65111,-35.952482],[148.65135,-35.953443],[148.65118,-35.954543],[148.651449,-35.955547],[148.651488,-35.956085],[148.65114,-35.956582],[148.65059,-35.956635],[148.649983,-35.956621],[148.649319,-35.956495],[148.64829,-35.956039],[148.647763,-35.955889],[148.647132,-35.95601],[148.646755,-35.956418],[148.64692,-35.957738],[148.647239,-35.958496],[148.647314,-35.959436],[148.649328,-35.959587],[148.650909,-35.960058],[148.651651,-35.959936],[148.652139,-35.959571],[148.652405,-35.959119],[148.652479,-35.958692],[148.652302,-35.958135],[148.652235,-35.957575],[148.652742,-35.956762],[148.652648,-35.956225]]],[[[148.369478,-36.323167],[148.369491,-36.323922],[148.370127,-36.324671],[148.370758,-36.325167],[148.371856,-36.325658],[148.373114,-36.326399],[148.374361,-36.326511],[148.374508,-36.326006],[148.374493,-36.325124],[148.374173,-36.324624],[148.373997,-36.323493],[148.374144,-36.322987],[148.373975,-36.322234],[148.374597,-36.322226],[148.374433,-36.321725],[148.373953,-36.320974],[148.373166,-36.32048],[148.372239,-36.320868],[148.371928,-36.320872],[148.371775,-36.321],[148.37163,-36.321631],[148.371006,-36.321512],[148.37039,-36.321897],[148.369936,-36.322658],[148.369478,-36.323167]]],[[[148.264717,-36.490643],[148.265007,-36.490871],[148.266001,-36.490398],[148.266872,-36.491083],[148.266453,-36.491781],[148.265466,-36.492716],[148.26577,-36.493753],[148.266506,-36.495017],[148.267378,-36.495817],[148.267821,-36.496621],[148.266966,-36.496862],[148.265525,-36.496299],[148.264798,-36.495613],[148.264931,-36.495034],[148.265075,-36.495032],[148.264632,-36.494228],[148.263507,-36.495511],[148.263095,-36.496556],[148.264818,-36.496885],[148.265683,-36.497222],[148.264687,-36.49758],[148.26441,-36.49816],[148.266416,-36.498255],[148.267405,-36.497435],[148.268975,-36.497187],[148.269392,-36.496374],[148.26822,-36.494768],[148.267339,-36.49339],[148.267316,-36.492003],[148.267868,-36.490725],[148.267563,-36.489573],[148.265559,-36.489594],[148.264717,-36.490643]]],[[[148.259926,-36.415784],[148.260788,-36.416006],[148.260509,-36.416472],[148.259798,-36.41671],[148.259666,-36.417405],[148.261241,-36.417504],[148.261507,-36.41623],[148.263082,-36.416329],[148.26324,-36.417252],[148.262534,-36.417837],[148.26154,-36.41831],[148.260699,-36.41936],[148.261286,-36.420278],[148.262707,-36.419685],[148.263593,-36.42141],[148.263913,-36.423487],[148.26418,-36.422328],[148.264011,-36.420712],[148.263981,-36.418862],[148.264536,-36.417816],[148.265085,-36.416423],[148.264068,-36.415393],[148.262916,-36.414943],[148.260918,-36.415196],[148.259926,-36.415784]]],[[[148.255636,-36.49571],[148.257478,-36.494535],[148.258315,-36.493138],[148.259882,-36.49266],[148.260584,-36.491843],[148.258564,-36.490824],[148.257435,-36.491876],[148.256444,-36.49258],[148.254734,-36.493061],[148.254035,-36.494108],[148.253901,-36.494688],[148.253911,-36.495266],[148.253202,-36.495736],[148.253645,-36.49654],[148.255221,-36.496639],[148.255636,-36.49571]]],[[[148.2673,-36.687776],[148.267535,-36.68832],[148.268224,-36.68895],[148.268232,-36.689406],[148.268354,-36.689951],[148.270512,-36.690475],[148.271066,-36.68974],[148.271624,-36.689279],[148.272176,-36.688453],[148.272162,-36.687633],[148.272262,-36.686812],[148.271232,-36.686094],[148.269867,-36.685653],[148.268962,-36.685662],[148.268745,-36.686211],[148.268641,-36.686759],[148.267973,-36.687404],[148.267404,-36.687228],[148.2673,-36.687776]]],[[[148.466023,-36.581477],[148.465782,-36.581841],[148.46564,-36.582235],[148.465663,-36.583023],[148.466066,-36.583739],[148.466408,-36.584046],[148.466896,-36.584324],[148.467916,-36.584555],[148.468961,-36.584416],[148.469836,-36.583932],[148.470362,-36.583231],[148.470496,-36.582517],[148.470336,-36.581879],[148.469872,-36.581263],[148.469165,-36.580826],[148.468437,-36.580632],[148.467504,-36.580657],[148.466685,-36.580942],[148.466023,-36.581477]]],[[[148.27621,-36.679298],[148.276225,-36.680209],[148.277122,-36.679744],[148.27746,-36.679649],[148.27848,-36.67973],[148.278848,-36.681457],[148.278743,-36.682004],[148.278986,-36.683004],[148.280125,-36.683447],[148.280812,-36.683987],[148.281812,-36.682883],[148.281903,-36.681515],[148.281438,-36.680791],[148.281209,-36.680611],[148.279737,-36.680536],[148.279386,-36.679811],[148.279359,-36.678171],[148.278676,-36.677905],[148.277322,-36.678102],[148.276426,-36.678658],[148.27621,-36.679298]]],[[[148.263992,-36.454814],[148.264252,-36.453193],[148.263521,-36.452276],[148.262776,-36.450434],[148.262202,-36.450325],[148.262373,-36.452057],[148.262826,-36.453555],[148.263124,-36.454246],[148.262851,-36.455058],[148.261697,-36.454492],[148.260695,-36.454503],[148.260287,-36.455778],[148.260324,-36.45809],[148.261173,-36.457503],[148.261593,-36.456921],[148.262596,-36.457026],[148.263592,-36.456668],[148.263992,-36.454814]]],[[[148.507719,-36.132533],[148.508344,-36.133414],[148.509562,-36.133399],[148.510055,-36.133689],[148.509939,-36.133987],[148.510445,-36.134968],[148.510456,-36.135561],[148.511316,-36.135945],[148.511925,-36.135938],[148.511788,-36.135149],[148.512505,-36.134448],[148.513114,-36.134441],[148.513481,-36.134535],[148.513466,-36.133745],[148.513576,-36.13315],[148.513445,-36.132658],[148.512713,-36.132569],[148.511495,-36.132584],[148.510274,-36.132402],[148.509779,-36.132013],[148.509402,-36.131425],[148.508425,-36.13124],[148.507947,-36.13174],[148.507719,-36.132533]]],[[[148.256245,-36.489114],[148.257128,-36.490608],[148.258827,-36.489434],[148.258654,-36.487586],[148.260359,-36.486759],[148.261792,-36.486859],[148.262647,-36.486619],[148.261348,-36.485939],[148.260188,-36.485027],[148.258483,-36.485854],[148.257351,-36.486675],[148.256245,-36.489114]]],[[[148.757262,-36.490334],[148.758892,-36.489923],[148.759254,-36.488903],[148.758846,-36.4879],[148.756705,-36.486994],[148.753586,-36.489766],[148.753881,-36.489996],[148.755431,-36.490361],[148.757262,-36.490334]]],[[[148.641507,-36.436388],[148.64224,-36.435454],[148.641963,-36.434715],[148.640831,-36.433757],[148.640004,-36.43329],[148.639023,-36.433304],[148.638216,-36.433765],[148.637867,-36.434244],[148.63792,-36.435194],[148.638723,-36.43608],[148.639119,-36.436313],[148.640171,-36.436592],[148.641507,-36.436388]]],[[[148.257226,-36.425754],[148.257941,-36.425747],[148.25879,-36.42516],[148.259202,-36.424115],[148.25962,-36.423417],[148.260608,-36.422597],[148.260023,-36.421794],[148.258591,-36.421694],[148.258322,-36.422737],[148.257912,-36.423897],[148.25692,-36.424486],[148.256216,-36.425187],[148.255073,-36.425315],[148.254654,-36.425897],[148.25652,-36.42634],[148.257226,-36.425754]]],[[[148.335773,-36.367807],[148.335787,-36.368641],[148.335903,-36.36939],[148.336626,-36.369465],[148.337139,-36.369376],[148.338389,-36.370112],[148.339114,-36.370354],[148.33973,-36.37018],[148.339721,-36.36968],[148.339398,-36.36885],[148.338878,-36.368606],[148.338261,-36.368696],[148.338044,-36.368032],[148.33814,-36.367614],[148.338131,-36.367114],[148.337713,-36.366785],[148.336689,-36.36713],[148.336378,-36.36705],[148.335869,-36.36739],[148.335773,-36.367807]]],[[[148.749626,-36.493719],[148.749898,-36.492935],[148.749968,-36.491767],[148.74889,-36.491003],[148.746882,-36.491731],[148.746633,-36.493528],[148.747798,-36.493899],[148.749626,-36.493719]]],[[[148.263973,-36.678062],[148.263511,-36.677429],[148.261244,-36.67718],[148.261255,-36.677818],[148.260813,-36.67846],[148.26084,-36.6801],[148.261407,-36.680185],[148.261966,-36.679815],[148.262521,-36.679171],[148.263423,-36.678979],[148.264332,-36.679243],[148.264775,-36.679159],[148.263973,-36.678062]]],[[[148.270371,-36.494976],[148.270535,-36.496246],[148.270401,-36.496825],[148.269989,-36.49787],[148.271149,-36.498782],[148.272142,-36.498194],[148.272119,-36.496807],[148.271654,-36.494615],[148.270497,-36.493934],[148.270371,-36.494976]]],[[[148.728061,-36.761195],[148.7283,-36.761287],[148.730466,-36.762727],[148.731701,-36.764395],[148.732219,-36.762803],[148.731828,-36.761589],[148.730616,-36.760899],[148.728307,-36.760677],[148.728061,-36.761195]]],[[[148.251277,-36.420499],[148.251284,-36.420961],[148.25072,-36.42143],[148.250293,-36.42155],[148.251297,-36.421771],[148.252577,-36.421295],[148.252709,-36.4206],[148.253422,-36.420477],[148.254143,-36.420816],[148.254711,-36.420579],[148.254693,-36.419423],[148.253968,-36.418852],[148.252824,-36.418864],[148.251836,-36.419684],[148.251277,-36.420499]]],[[[148.25097,-36.428132],[148.251123,-36.428708],[148.252256,-36.428003],[148.252969,-36.42788],[148.252417,-36.429157],[148.253563,-36.429261],[148.254123,-36.428446],[148.254106,-36.427406],[148.253385,-36.427066],[148.25309,-36.426491],[148.251799,-36.426274],[148.251243,-36.42732],[148.25097,-36.428132]]],[[[148.410392,-35.659764],[148.411554,-35.659393],[148.411843,-35.659187],[148.411896,-35.658852],[148.411829,-35.658376],[148.41159,-35.658116],[148.410146,-35.657441],[148.409188,-35.657775],[148.408928,-35.657945],[148.408617,-35.658569],[148.409544,-35.659774],[148.409897,-35.659866],[148.410392,-35.659764]]],[[[148.318688,-36.412962],[148.319247,-36.412497],[148.320665,-36.412482],[148.321924,-36.411436],[148.321769,-36.410635],[148.321058,-36.410528],[148.319795,-36.411345],[148.318802,-36.411356],[148.317687,-36.412514],[148.317986,-36.413428],[148.318688,-36.412962]]],[[[148.684377,-36.532287],[148.68468,-36.531606],[148.684061,-36.530556],[148.683058,-36.530187],[148.681987,-36.53036],[148.681793,-36.530556],[148.681765,-36.531134],[148.68186,-36.53184],[148.682749,-36.532436],[148.683707,-36.532585],[148.684377,-36.532287]]],[[[148.27354,-36.675136],[148.273869,-36.674494],[148.274318,-36.674307],[148.274997,-36.6743],[148.275437,-36.673567],[148.275542,-36.67311],[148.274968,-36.672569],[148.274285,-36.672303],[148.27327,-36.672496],[148.272943,-36.673229],[148.27284,-36.673868],[148.272861,-36.675143],[148.27354,-36.675136]]],[[[148.244964,-36.437212],[148.245384,-36.436629],[148.246242,-36.43662],[148.246521,-36.436155],[148.246792,-36.435228],[148.245217,-36.435128],[148.243649,-36.435492],[148.244667,-36.436521],[148.244245,-36.436988],[148.244115,-36.437799],[148.245129,-36.438597],[148.245547,-36.437899],[148.244964,-36.437212]]],[[[148.504501,-36.458485],[148.504772,-36.458696],[148.508762,-36.458646],[148.50901,-36.457675],[148.50887,-36.457355],[148.507675,-36.457477],[148.507137,-36.457162],[148.506738,-36.457167],[148.504626,-36.458053],[148.504501,-36.458485]]],[[[148.254446,-36.501849],[148.254722,-36.501153],[148.253996,-36.500582],[148.253136,-36.500476],[148.252541,-36.499095],[148.251256,-36.49934],[148.250975,-36.499689],[148.252141,-36.500949],[148.252729,-36.501867],[148.253733,-36.501972],[148.254446,-36.501849]]],[[[148.236618,-36.434177],[148.237909,-36.434395],[148.238765,-36.434271],[148.239624,-36.434262],[148.242611,-36.43319],[148.24189,-36.432851],[148.240456,-36.432635],[148.239323,-36.43334],[148.238608,-36.433347],[148.238034,-36.433238],[148.236618,-36.434177]]],[[[148.402496,-35.662862],[148.403749,-35.662657],[148.403859,-35.662274],[148.403489,-35.661157],[148.403369,-35.660967],[148.402197,-35.660838],[148.40173,-35.660867],[148.400957,-35.661759],[148.400816,-35.662071],[148.401086,-35.662449],[148.402032,-35.663058],[148.402496,-35.662862]]],[[[148.25383,-36.481394],[148.254418,-36.482313],[148.254429,-36.483006],[148.255145,-36.482999],[148.255862,-36.483107],[148.256154,-36.483451],[148.256438,-36.483332],[148.257728,-36.483434],[148.25758,-36.483089],[148.257143,-36.482631],[148.257135,-36.482169],[148.25599,-36.482181],[148.255838,-36.481604],[148.254689,-36.481385],[148.25383,-36.481394]]],[[[148.244675,-36.428082],[148.245372,-36.426919],[148.246648,-36.426212],[148.24607,-36.425871],[148.245066,-36.425651],[148.244075,-36.426354],[148.244657,-36.426926],[148.244092,-36.427395],[148.242953,-36.427753],[148.242677,-36.428334],[148.243107,-36.428445],[148.244675,-36.428082]]],[[[148.256149,-36.465417],[148.25617,-36.466688],[148.257331,-36.467717],[148.258764,-36.467817],[148.258747,-36.466777],[148.257013,-36.465755],[148.256149,-36.465417]]],[[[148.254928,-36.416299],[148.255515,-36.417218],[148.256401,-36.418942],[148.257848,-36.419968],[148.258268,-36.419385],[148.25652,-36.417438],[148.25637,-36.416978],[148.25608,-36.416749],[148.254928,-36.416299]]],[[[148.274241,-36.683328],[148.274367,-36.684147],[148.275165,-36.684503],[148.276177,-36.684128],[148.276156,-36.682852],[148.275694,-36.682311],[148.275129,-36.682317],[148.274688,-36.68305],[148.274241,-36.683328]]],[[[148.265736,-36.67915],[148.267624,-36.679937],[148.268174,-36.67902],[148.268274,-36.678199],[148.267588,-36.67775],[148.266688,-36.678033],[148.266585,-36.678672],[148.265736,-36.67915]]],[[[148.648077,-36.432575],[148.648261,-36.432018],[148.647565,-36.431397],[148.647257,-36.430693],[148.645514,-36.431267],[148.647102,-36.432589],[148.647595,-36.432816],[148.648077,-36.432575]]],[[[148.644328,-35.94884],[148.644851,-35.950047],[148.645783,-35.95091],[148.646165,-35.951123],[148.647083,-35.951286],[148.647428,-35.951168],[148.646794,-35.950888],[148.646187,-35.949676],[148.645873,-35.949332],[148.644328,-35.94884]]],[[[148.253751,-36.432033],[148.25416,-36.430757],[148.254149,-36.430064],[148.253586,-36.430648],[148.252453,-36.431353],[148.252317,-36.431817],[148.252033,-36.431936],[148.252895,-36.432158],[148.253751,-36.432033]]],[[[148.355013,-36.488623],[148.355158,-36.489168],[148.35503,-36.489607],[148.355854,-36.490255],[148.356522,-36.4897],[148.355553,-36.488507],[148.355013,-36.488623]]],[[[148.695965,-36.740835],[148.696616,-36.741838],[148.698574,-36.740376],[148.695965,-36.740835]]],[[[148.269738,-36.482498],[148.270037,-36.483304],[148.271037,-36.483178],[148.270879,-36.482254],[148.270442,-36.481797],[148.270015,-36.481917],[148.269738,-36.482498]]],[[[148.594764,-36.393722],[148.595291,-36.394251],[148.59581,-36.394366],[148.596321,-36.39412],[148.596309,-36.393526],[148.595783,-36.393055],[148.594978,-36.393363],[148.594764,-36.393722]]],[[[148.252113,-36.472511],[148.252676,-36.471927],[148.252672,-36.471696],[148.252088,-36.471009],[148.251533,-36.472055],[148.251546,-36.472864],[148.251981,-36.473206],[148.252113,-36.472511]]],[[[148.715173,-36.763394],[148.71731,-36.760711],[148.716105,-36.761218],[148.7149,-36.763508],[148.715173,-36.763394]]],[[[148.703386,-36.73859],[148.704325,-36.738577],[148.705499,-36.739028],[148.705566,-36.738203],[148.703787,-36.73805],[148.703386,-36.73859]]],[[[148.357837,-36.479616],[148.358097,-36.478956],[148.358219,-36.478189],[148.357284,-36.478965],[148.357158,-36.479514],[148.357431,-36.47962],[148.357837,-36.479616]]],[[[148.052905,-36.338204],[148.053199,-36.338752],[148.053636,-36.336996],[148.05302,-36.336929],[148.052905,-36.338204]]],[[[148.423025,-36.384528],[148.42311,-36.384336],[148.422713,-36.383627],[148.422155,-36.383775],[148.421968,-36.383906],[148.422882,-36.384634],[148.423025,-36.384528]]],[[[148.617914,-36.673672],[148.618604,-36.676461],[148.618574,-36.67502],[148.617914,-36.673672]]],[[[148.556066,-36.468786],[148.556471,-36.469103],[148.556993,-36.468559],[148.556851,-36.468131],[148.556066,-36.468786]]],[[[148.499476,-35.575057],[148.499646,-35.575054],[148.499724,-35.574912],[148.499502,-35.57459],[148.499152,-35.574523],[148.49898,-35.574737],[148.499032,-35.575037],[148.499253,-35.575168],[148.499476,-35.575057]]],[[[148.718894,-36.760045],[148.720646,-36.759763],[148.719729,-36.759694],[148.718894,-36.760045]]],[[[148.264775,-36.679159],[148.264899,-36.679328],[148.265736,-36.67915],[148.265347,-36.67905],[148.264775,-36.679159]]],[[[148.331415,-36.303805],[148.331496,-36.303633],[148.331249,-36.303569],[148.331287,-36.304075],[148.331415,-36.303805]]],[[[148.421816,-36.386493],[148.422293,-36.386467],[148.422416,-36.386209],[148.421816,-36.386493]]],[[[148.616738,-36.672043],[148.617113,-36.67248],[148.617042,-36.672265],[148.616738,-36.672043]]],[[[148.386786,-36.243905],[148.386829,-36.243927],[148.386873,-36.243891],[148.386786,-36.243905]]],[[[148.269169,-36.426681],[148.269212,-36.426721],[148.269206,-36.426681],[148.269169,-36.426681]]]]},"properties":{"OBJECTID":31589,"FireType":1,"FireName":"Kosciuszko","FireNo":"","FireYear":200203,"Label":"2002-03 Wildfire","StartDate":1044057600000,"EndDate":1044057600000,"Intensity":9999,"AreaHa":449440.90096816,"PerimeterM":2408349.47375262,"OFHObjMet":null,"ObjNotMet":null,"NPWSBranch":"STHR","NPWSArea":"SNOW","VerDate":1788739200000,"Shape.STArea()":0.4509659731862787,"Shape.STLength()":24.268765961177998}},{"type":"Feature","id":32629,"geometry":{"type":"Polygon","coordinates":[[[148.190362,-36.409531],[148.189062,-36.409358],[148.187499,-36.409526],[148.186549,-36.409782],[148.186173,-36.410434],[148.185802,-36.410464],[148.185143,-36.410258],[148.184081,-36.410761],[148.183602,-36.411728],[148.182775,-36.412871],[148.182056,-36.41331],[148.181876,-36.414741],[148.180914,-36.415495],[148.180599,-36.415609],[148.179304,-36.415803],[148.178464,-36.41578],[148.177858,-36.416125],[148.177143,-36.416871],[148.175515,-36.417812],[148.174794,-36.418127],[148.174533,-36.418561],[148.174437,-36.419889],[148.174174,-36.420231],[148.173643,-36.420451],[148.172614,-36.420584],[148.171972,-36.421053],[148.171035,-36.422357],[148.171171,-36.422458],[148.170693,-36.422453],[148.171515,-36.424464],[148.171494,-36.425111],[148.171186,-36.426611],[148.170779,-36.427731],[148.170039,-36.430681],[148.169835,-36.431171],[148.169809,-36.431521],[148.169929,-36.431851],[148.170363,-36.432416],[148.170417,-36.432834],[148.170297,-36.433266],[148.169495,-36.434175],[148.169097,-36.434876],[148.168953,-36.436619],[148.168666,-36.437544],[148.168708,-36.438229],[148.1688,-36.438492],[148.168731,-36.439479],[148.168427,-36.439731],[148.167851,-36.439452],[148.167279,-36.439529],[148.166624,-36.439856],[148.166105,-36.440466],[148.165983,-36.441178],[148.166747,-36.442167],[148.167108,-36.442803],[148.167254,-36.443691],[148.166915,-36.444584],[148.167191,-36.444564],[148.165665,-36.449096],[148.165358,-36.44935],[148.16461,-36.45308],[148.165851,-36.457854],[148.168906,-36.461547],[148.166504,-36.462397],[148.163694,-36.465261],[148.161988,-36.468527],[148.162057,-36.468619],[148.15896,-36.4685],[148.157195,-36.467789],[148.154715,-36.466153],[148.153087,-36.466433],[148.149133,-36.465728],[148.148182,-36.465151],[148.147041,-36.464897],[148.144824,-36.465265],[148.144443,-36.465085],[148.14245,-36.465267],[148.14092,-36.465955],[148.140354,-36.465267],[148.139849,-36.465231],[148.13918,-36.466155],[148.137848,-36.466596],[148.136719,-36.465343],[148.13686,-36.464648],[148.136395,-36.463958],[148.13528,-36.463299],[148.135096,-36.463089],[148.134448,-36.462773],[148.13434,-36.462133],[148.134153,-36.462015],[148.133322,-36.462034],[148.132574,-36.461842],[148.132113,-36.461866],[148.131975,-36.462024],[148.130735,-36.46278],[148.130083,-36.463404],[148.129652,-36.463251],[148.128649,-36.463404],[148.127478,-36.463402],[148.127073,-36.463285],[148.126824,-36.463304],[148.126383,-36.463032],[148.125639,-36.462893],[148.125102,-36.462613],[148.123976,-36.462587],[148.12335,-36.46298],[148.12349,-36.464039],[148.124099,-36.46483],[148.124014,-36.4653],[148.123616,-36.466193],[148.1236,-36.467626],[148.123515,-36.468073],[148.122606,-36.469838],[148.122108,-36.471671],[148.123043,-36.472245],[148.123398,-36.4726],[148.123553,-36.473047],[148.123183,-36.474411],[148.123155,-36.474881],[148.123338,-36.475317],[148.123948,-36.476119],[148.124155,-36.476535],[148.124287,-36.477518],[148.124342,-36.478939],[148.124228,-36.479409],[148.123987,-36.479821],[148.123618,-36.480211],[148.123121,-36.480474],[148.122582,-36.480726],[148.122029,-36.48084],[148.121022,-36.481287],[148.119859,-36.481355],[148.119305,-36.481549],[148.119035,-36.481984],[148.119248,-36.482409],[148.119673,-36.482707],[148.120736,-36.483097],[148.122863,-36.483706],[148.125175,-36.483937],[148.125699,-36.48412],[148.12611,-36.484465],[148.126309,-36.484912],[148.126251,-36.48537],[148.126053,-36.485817],[148.12574,-36.486229],[148.124632,-36.488429],[148.123596,-36.489609],[148.12321,-36.489927],[148.128415,-36.493365],[148.131058,-36.495316],[148.131588,-36.496643],[148.13092,-36.497797],[148.129125,-36.499604],[148.128866,-36.501535],[148.130239,-36.506345],[148.131052,-36.507623],[148.134091,-36.509434],[148.135892,-36.512219],[148.137792,-36.513902],[148.138891,-36.515178],[148.139148,-36.51738],[148.139513,-36.519121],[148.140777,-36.520075],[148.140855,-36.520001],[148.141867,-36.520708],[148.142565,-36.52185],[148.142929,-36.5235],[148.143066,-36.525244],[148.143203,-36.525303],[148.142766,-36.525975],[148.142853,-36.526996],[148.142834,-36.528164],[148.14245,-36.529102],[148.14244,-36.530883],[148.142034,-36.532814],[148.142028,-36.534829],[148.140699,-36.535543],[148.13995,-36.53628],[148.138912,-36.536991],[148.137428,-36.536976],[148.136567,-36.53748],[148.135487,-36.537899],[148.135421,-36.538338],[148.138611,-36.538716],[148.141505,-36.53866],[148.144314,-36.537727],[148.144731,-36.536585],[148.14608,-36.53482],[148.146493,-36.533356],[148.14582,-36.531902],[148.145912,-36.531062],[148.146794,-36.531594],[148.147758,-36.531355],[148.148043,-36.531353],[148.148173,-36.532592],[148.149769,-36.532807],[148.151202,-36.533529],[148.151883,-36.533385],[148.151928,-36.532512],[148.15209,-36.531868],[148.152994,-36.531447],[148.154075,-36.531391],[148.155106,-36.531887],[148.155798,-36.53257],[148.156531,-36.532104],[148.157332,-36.532372],[148.158409,-36.532133],[148.159745,-36.529917],[148.159096,-36.529439],[148.159282,-36.529416],[148.158702,-36.528595],[148.158345,-36.52745],[148.158612,-36.526162],[148.1586,-36.525335],[148.158188,-36.524328],[148.158176,-36.52341],[148.158681,-36.522946],[148.15879,-36.522578],[148.159513,-36.521378],[148.161324,-36.520627],[148.162181,-36.52094],[148.162416,-36.521489],[148.162981,-36.521163],[148.16359,-36.519963],[148.163973,-36.519647],[148.165432,-36.52159],[148.167047,-36.5229],[148.166944,-36.523001],[148.167236,-36.523609],[148.167389,-36.52441],[148.16787,-36.525016],[148.169426,-36.524658],[148.169858,-36.525112],[148.171283,-36.525596],[148.170867,-36.526248],[148.169794,-36.527289],[148.168679,-36.528787],[148.167603,-36.529599],[148.166611,-36.529684],[148.165864,-36.530378],[148.164545,-36.530771],[148.163463,-36.531201],[148.162554,-36.532411],[148.161799,-36.532725],[148.161807,-36.532951],[148.159632,-36.53341],[148.152649,-36.540978],[148.152455,-36.541557],[148.151202,-36.541537],[148.150017,-36.541933],[148.148223,-36.541374],[148.145194,-36.541836],[148.147077,-36.544363],[148.147363,-36.547579],[148.148468,-36.549874],[148.155301,-36.554021],[148.15947,-36.561526],[148.157661,-36.561677],[148.155701,-36.56228],[148.15555,-36.563637],[148.156102,-36.563968],[148.157178,-36.564892],[148.157914,-36.565055],[148.158321,-36.565299],[148.158421,-36.565652],[148.158131,-36.566571],[148.1576,-36.568958],[148.156627,-36.571153],[148.156901,-36.571564],[148.158579,-36.571851],[148.159758,-36.571959],[148.161505,-36.571959],[148.162004,-36.572243],[148.162293,-36.572688],[148.162411,-36.573146],[148.162372,-36.573604],[148.162083,-36.5745],[148.161371,-36.575811],[148.161276,-36.576259],[148.160056,-36.577825],[148.160008,-36.578776],[148.159856,-36.579213],[148.160115,-36.579624],[148.160657,-36.579815],[148.16182,-36.579659],[148.163506,-36.579259],[148.164975,-36.578528],[148.165341,-36.578147],[148.165635,-36.577687],[148.165801,-36.577251],[148.166361,-36.576445],[148.166243,-36.575964],[148.165535,-36.574719],[148.165858,-36.574339],[148.166381,-36.574141],[148.16801,-36.573661],[148.168577,-36.573589],[148.169145,-36.573585],[148.169616,-36.57388],[148.169847,-36.574292],[148.1703,-36.575607],[148.170271,-36.577005],[148.170361,-36.577463],[148.170691,-36.577851],[148.171191,-36.578111],[148.171717,-36.578268],[148.17284,-36.578399],[148.174863,-36.577584],[148.175473,-36.577557],[148.176015,-36.577726],[148.17735,-36.579253],[148.177765,-36.579571],[148.178834,-36.579966],[148.179417,-36.580054],[148.179985,-36.58005],[148.180523,-36.579921],[148.181003,-36.579654],[148.181706,-36.578927],[148.183439,-36.578951],[148.184559,-36.578772],[148.18623,-36.578337],[148.189735,-36.57671],[148.190234,-36.576925],[148.190635,-36.577289],[148.190909,-36.577688],[148.190942,-36.578147],[148.19069,-36.578549],[148.189916,-36.579219],[148.189554,-36.580085],[148.189447,-36.580552],[148.189347,-36.58195],[148.189341,-36.583456],[148.189645,-36.584336],[148.189956,-36.58464],[148.190399,-36.584946],[148.191174,-36.585212],[148.19426,-36.584049],[148.195306,-36.583394],[148.19618,-36.581813],[148.197095,-36.580953],[148.197704,-36.578806],[148.197503,-36.578189],[148.197045,-36.577471],[148.198286,-36.576995],[148.199597,-36.576983],[148.200642,-36.576251],[148.201918,-36.576033],[148.202722,-36.576335],[148.203807,-36.57617],[148.204335,-36.575425],[148.20498,-36.575463],[148.20611,-36.576149],[148.206522,-36.575939],[148.206624,-36.576325],[148.207205,-36.576732],[148.2082,-36.576955],[148.20954,-36.576736],[148.209977,-36.575984],[148.210703,-36.575306],[148.21134,-36.57512],[148.211759,-36.575348],[148.212627,-36.575649],[148.212477,-36.576373],[148.21152,-36.578755],[148.2115,-36.579555],[148.211665,-36.57994],[148.21165,-36.580554],[148.211844,-36.581728],[148.212139,-36.582283],[148.212481,-36.58249],[148.213247,-36.58222],[148.214061,-36.581676],[148.21471,-36.58148],[148.215704,-36.580734],[148.215908,-36.579512],[148.216211,-36.578815],[148.216129,-36.578585],[148.215199,-36.578257],[148.215118,-36.578121],[148.215142,-36.577984],[148.215345,-36.577593],[148.215888,-36.577261],[148.216116,-36.576598],[148.216332,-36.576395],[148.217346,-36.576112],[148.218364,-36.575313],[148.218668,-36.573743],[148.218084,-36.573022],[148.217998,-36.572529],[148.218225,-36.571969],[148.218179,-36.571517],[148.217088,-36.570013],[148.215776,-36.569436],[148.214822,-36.56935],[148.214154,-36.569136],[148.213963,-36.568538],[148.214153,-36.568157],[148.214563,-36.567628],[148.214265,-36.566852],[148.213711,-36.566415],[148.213581,-36.565554],[148.213741,-36.5653],[148.214395,-36.565073],[148.215016,-36.564667],[148.215181,-36.564371],[148.21507,-36.563951],[148.214407,-36.563127],[148.213968,-36.562814],[148.214399,-36.560695],[148.215321,-36.559045],[148.215208,-36.557748],[148.215628,-36.557324],[148.21616,-36.557209],[148.216969,-36.557285],[148.217695,-36.556984],[148.218338,-36.556336],[148.21852,-36.554511],[148.218713,-36.554323],[148.218707,-36.553934],[148.218536,-36.553789],[148.218146,-36.553908],[148.218035,-36.553676],[148.217028,-36.552731],[148.216632,-36.551552],[148.216895,-36.550061],[148.217637,-36.549023],[148.218298,-36.548979],[148.21911,-36.549505],[148.219678,-36.5495],[148.220472,-36.548844],[148.221318,-36.548454],[148.222501,-36.548443],[148.223971,-36.548696],[148.225102,-36.548418],[148.226652,-36.54764],[148.227042,-36.547567],[148.227031,-36.547675],[148.227603,-36.548013],[148.227671,-36.549386],[148.229072,-36.551434],[148.231491,-36.551831],[148.233192,-36.551738],[148.233767,-36.552229],[148.234208,-36.553256],[148.233698,-36.553986],[148.233185,-36.554448],[148.233573,-36.555132],[148.236264,-36.554763],[148.237541,-36.554712],[148.238202,-36.554591],[148.23838,-36.553826],[148.238699,-36.55306],[148.239243,-36.552667],[148.239503,-36.552775],[148.240153,-36.552168],[148.241471,-36.551698],[148.243696,-36.551867],[148.245411,-36.552652],[148.246929,-36.552905],[148.24924,-36.552424],[148.250855,-36.552867],[148.250933,-36.55283],[148.250997,-36.552904],[148.252846,-36.553191],[148.254229,-36.553941],[148.255222,-36.553893],[148.255872,-36.553085],[148.25675,-36.551626],[148.257783,-36.55112],[148.260561,-36.550254],[148.261024,-36.549562],[148.260022,-36.548999],[148.258227,-36.549169],[148.256944,-36.5488],[148.255526,-36.548852],[148.255229,-36.548015],[148.255693,-36.5474],[148.255678,-36.54637],[148.255023,-36.546872],[148.254226,-36.547338],[148.253003,-36.547846],[148.252019,-36.548466],[148.251641,-36.548508],[148.25078,-36.547867],[148.249738,-36.547725],[148.249641,-36.547573],[148.250287,-36.546498],[148.251084,-36.545994],[148.252311,-36.545792],[148.252918,-36.54529],[148.253099,-36.544753],[148.25295,-36.544221],[148.25166,-36.543393],[148.251397,-36.543042],[148.251055,-36.54088],[148.250046,-36.539783],[148.250177,-36.539056],[148.249696,-36.538565],[148.247735,-36.537095],[148.247004,-36.535614],[148.245529,-36.535017],[148.242085,-36.534367],[148.241916,-36.533754],[148.242179,-36.53234],[148.24292,-36.531302],[148.244369,-36.530143],[148.245629,-36.528986],[148.246879,-36.527142],[148.24715,-36.526299],[148.246947,-36.525347],[148.245179,-36.524143],[148.245215,-36.523341],[148.246707,-36.521952],[148.247027,-36.521186],[148.246574,-36.519809],[148.245265,-36.517157],[148.245243,-36.51563],[148.245001,-36.515289],[148.244104,-36.515412],[148.241858,-36.516999],[148.241105,-36.517165],[148.240628,-36.516934],[148.24114,-36.516433],[148.242358,-36.515658],[148.242153,-36.514553],[148.240942,-36.513563],[148.241143,-36.513379],[148.239427,-36.51248],[148.238857,-36.512256],[148.234687,-36.511685],[148.232144,-36.512359],[148.22984,-36.513258],[148.228345,-36.514532],[148.227287,-36.516527],[148.226876,-36.517561],[148.225413,-36.517728],[148.224607,-36.517583],[148.224073,-36.516672],[148.223824,-36.515796],[148.223346,-36.515419],[148.221635,-36.514825],[148.219558,-36.511791],[148.220565,-36.509529],[148.219471,-36.509043],[148.219314,-36.509082],[148.217665,-36.50845],[148.217044,-36.507997],[148.217693,-36.507113],[148.219194,-36.506221],[148.220608,-36.505979],[148.222709,-36.504089],[148.222268,-36.503062],[148.221037,-36.502921],[148.218361,-36.503471],[148.216557,-36.503689],[148.2144,-36.504969],[148.212411,-36.508041],[148.211097,-36.508702],[148.209585,-36.508754],[148.207689,-36.508467],[148.206245,-36.508039],[148.205738,-36.507569],[148.205152,-36.506315],[148.20561,-36.50528],[148.207419,-36.50282],[148.207133,-36.50267],[148.206191,-36.502908],[148.205016,-36.503377],[148.203081,-36.503624],[148.202035,-36.503214],[148.197376,-36.504708],[148.197104,-36.505588],[148.196312,-36.506397],[148.195533,-36.50816],[148.194975,-36.508776],[148.193846,-36.509206],[148.192001,-36.509108],[148.191389,-36.509305],[148.191204,-36.50965],[148.191311,-36.510489],[148.191232,-36.511597],[148.191675,-36.512814],[148.192768,-36.513262],[148.192823,-36.513376],[148.192128,-36.514756],[148.191434,-36.51587],[148.191349,-36.516557],[148.1931,-36.517489],[148.193175,-36.518602],[148.194222,-36.51905],[148.195186,-36.520353],[148.195013,-36.521486],[148.194505,-36.52233],[148.194516,-36.523131],[148.194718,-36.524008],[148.195108,-36.524844],[148.19417,-36.525425],[148.193801,-36.526039],[148.192802,-36.525628],[148.192275,-36.525213],[148.191517,-36.525068],[148.189991,-36.524204],[148.188999,-36.524289],[148.188298,-36.524868],[148.187931,-36.525635],[148.187895,-36.526437],[148.187524,-36.526975],[148.187693,-36.52892],[148.187462,-36.529303],[148.186619,-36.529922],[148.186064,-36.530805],[148.185829,-36.530883],[148.18545,-36.53081],[148.183825,-36.529642],[148.183069,-36.529649],[148.181686,-36.52886],[148.180407,-36.528719],[148.179411,-36.528499],[148.179072,-36.527968],[148.177739,-36.527331],[148.177161,-36.526573],[148.175395,-36.525368],[148.172935,-36.525314],[148.172727,-36.525197],[148.172685,-36.524768],[148.17278,-36.524361],[148.172637,-36.524289],[148.172629,-36.523713],[148.171715,-36.522653],[148.170616,-36.521823],[148.170607,-36.521136],[148.171543,-36.520479],[148.172376,-36.519135],[148.173225,-36.518975],[148.173596,-36.518475],[148.17478,-36.518617],[148.174922,-36.518578],[148.174909,-36.517662],[148.17533,-36.517315],[148.175746,-36.516624],[148.176788,-36.516767],[148.177635,-36.516454],[148.178107,-36.516411],[148.178915,-36.516748],[148.179907,-36.516662],[148.180891,-36.515966],[148.180856,-36.515555],[148.182202,-36.512156],[148.183035,-36.508565],[148.183885,-36.506637],[148.188552,-36.504931],[148.189943,-36.502538],[148.189766,-36.502207],[148.189917,-36.502181],[148.189708,-36.50077],[148.189116,-36.499058],[148.189206,-36.498676],[148.190194,-36.498399],[148.1908,-36.497745],[148.191007,-36.495682],[148.191829,-36.493651],[148.192479,-36.492806],[148.192424,-36.492272],[148.191798,-36.4914],[148.192731,-36.490551],[148.192909,-36.489786],[148.192698,-36.488185],[148.191936,-36.487848],[148.190994,-36.488048],[148.189859,-36.48802],[148.188668,-36.487344],[148.188419,-36.486507],[148.188739,-36.485702],[148.18958,-36.484969],[148.189805,-36.484204],[148.189792,-36.483288],[148.189068,-36.482187],[148.189199,-36.481423],[148.189707,-36.480578],[148.190406,-36.479923],[148.19168,-36.47951],[148.193102,-36.480013],[148.194627,-36.480915],[148.195955,-36.481246],[148.197666,-36.481917],[148.19866,-36.481946],[148.200584,-36.481012],[148.200979,-36.482154],[148.200515,-36.482769],[148.200754,-36.482996],[148.201653,-36.483064],[148.20216,-36.482105],[148.202189,-36.480845],[148.202361,-36.47966],[148.204147,-36.478918],[148.203942,-36.477813],[148.202931,-36.476524],[148.202762,-36.476501],[148.199531,-36.473426],[148.19923,-36.472207],[148.19919,-36.469383],[148.197234,-36.464782],[148.194061,-36.460918],[148.193816,-36.46031],[148.193852,-36.459546],[148.193601,-36.45848],[148.194615,-36.456714],[148.195551,-36.455841],[148.195669,-36.455952],[148.198693,-36.455626],[148.204574,-36.455809],[148.2057,-36.455324],[148.20598,-36.454446],[148.20728,-36.454224],[148.208408,-36.453874],[148.209282,-36.453289],[148.211345,-36.450794],[148.211648,-36.449952],[148.211876,-36.449772],[148.211863,-36.445939],[148.212399,-36.445256],[148.213325,-36.445451],[148.215567,-36.446617],[148.217929,-36.447408],[148.219245,-36.44838],[148.220426,-36.448775],[148.221638,-36.448425],[148.222418,-36.44428],[148.219632,-36.443254],[148.217534,-36.443274],[148.215801,-36.442443],[148.214313,-36.441168],[148.211616,-36.440447],[148.208185,-36.437794],[148.208006,-36.43753],[148.20775,-36.437457],[148.207499,-36.437263],[148.207259,-36.437318],[148.206616,-36.437136],[148.205061,-36.437049],[148.202333,-36.43704],[148.200778,-36.436885],[148.198323,-36.435449],[148.197317,-36.43556],[148.19691,-36.436446],[148.196797,-36.437363],[148.197399,-36.438409],[148.199142,-36.439919],[148.199067,-36.440564],[148.198779,-36.441008],[148.197393,-36.441387],[148.197231,-36.441313],[148.196048,-36.44178],[148.194266,-36.442661],[148.193822,-36.443652],[148.193643,-36.444517],[148.19315,-36.444738],[148.191962,-36.444502],[148.191496,-36.443889],[148.191934,-36.442239],[148.192711,-36.441264],[148.19265,-36.440402],[148.192385,-36.439491],[148.192173,-36.437895],[148.193489,-36.430944],[148.192814,-36.429099],[148.193371,-36.428014],[148.194504,-36.42714],[148.19435,-36.424365],[148.194172,-36.424297],[148.193846,-36.423814],[148.19249,-36.422408],[148.192515,-36.42142],[148.193631,-36.419374],[148.193471,-36.418881],[148.193385,-36.418203],[148.193717,-36.417398],[148.193635,-36.416936],[148.193782,-36.416534],[148.194541,-36.416249],[148.196032,-36.41639],[148.196945,-36.416165],[148.196901,-36.415795],[148.196473,-36.415213],[148.195589,-36.414789],[148.196598,-36.413237],[148.196474,-36.412591],[148.195555,-36.412383],[148.193834,-36.412152],[148.191661,-36.412327],[148.191235,-36.411929],[148.191264,-36.41122],[148.191864,-36.410492],[148.19207,-36.41039],[148.191861,-36.410255],[148.191855,-36.409826],[148.191318,-36.409646],[148.190362,-36.409531]]]},"properties":{"OBJECTID":32629,"FireType":1,"FireName":"Pilot Lookout","FireNo":"20010169061","FireYear":201920,"Label":"2019-20 Wildfire","StartDate":1577797200000,"EndDate":1581685200000,"Intensity":9999,"AreaHa":10067.78449595,"PerimeterM":101244.17539973,"OFHObjMet":null,"ObjNotMet":null,"NPWSBranch":"STHR","NPWSArea":"SNOW","VerDate":1788739200000,"Shape.STArea()":0.01012785828019773,"Shape.STLength()":1.0122542049576546}}]}