{"type":"FeatureCollection","features":[{"type":"Feature","id":2047,"geometry":{"type":"Polygon","coordinates":[[[150.179799,-34.289527],[150.180179,-34.287958],[150.178934,-34.28597],[150.178407,-34.284107],[150.176368,-34.282318],[150.177265,-34.280978],[150.177493,-34.278099],[150.17591,-34.27447],[150.172152,-34.273131],[150.170343,-34.270368],[150.171755,-34.267353],[150.171211,-34.26598],[150.171532,-34.264245],[150.172624,-34.262964],[150.172442,-34.260565],[150.171448,-34.25891],[150.169873,-34.257023],[150.170377,-34.255674],[150.170137,-34.253055],[150.16898,-34.250416],[150.167554,-34.247988],[150.166721,-34.245465],[150.167107,-34.243733],[150.166848,-34.241658],[150.165834,-34.238696],[150.164348,-34.236103],[150.163031,-34.234331],[150.163021,-34.230739],[150.162306,-34.228599],[150.16034,-34.226649],[150.160697,-34.223827],[150.161929,-34.223363],[150.163454,-34.222568],[150.165126,-34.22233],[150.16599,-34.221383],[150.166891,-34.220835],[150.168156,-34.221302],[150.169576,-34.221648],[150.171077,-34.221808],[150.172135,-34.221707],[150.174573,-34.22314],[150.181913,-34.22212],[150.186482,-34.220661],[150.189463,-34.219353],[150.189646,-34.218356],[150.190347,-34.217683],[150.192577,-34.216296],[150.194924,-34.215843],[150.19653,-34.215197],[150.198305,-34.213924],[150.19918,-34.212505],[150.199811,-34.211643],[150.20151,-34.210368],[150.202683,-34.209081],[150.203979,-34.20861],[150.205852,-34.208903],[150.206985,-34.208803],[150.209074,-34.209414],[150.209759,-34.20918],[150.210683,-34.208707],[150.211844,-34.208376],[150.212649,-34.207917],[150.213697,-34.206627],[150.21459,-34.205692],[150.214406,-34.204733],[150.215293,-34.203977],[150.217786,-34.204631],[150.221657,-34.204898],[150.224469,-34.204603],[150.229846,-34.200547],[150.230904,-34.196751],[150.232651,-34.193865],[150.233526,-34.191259],[150.236687,-34.186853],[150.23781,-34.183237],[150.2384,-34.178356],[150.238791,-34.170784],[150.23551,-34.168584],[150.235429,-34.165637],[150.234298,-34.162299],[150.233787,-34.158974],[150.232213,-34.155625],[150.229168,-34.153937],[150.228109,-34.153839],[150.226672,-34.151745],[150.225928,-34.150109],[150.224723,-34.149051],[150.222779,-34.148933],[150.218983,-34.149017],[150.218282,-34.146443],[150.222616,-34.146052],[150.226461,-34.146574],[150.233017,-34.1483],[150.239718,-34.151608],[150.246654,-34.153724],[150.253388,-34.156052],[150.255931,-34.156381],[150.261966,-34.156026],[150.269676,-34.156525],[150.279145,-34.157279],[150.281686,-34.155648],[150.283161,-34.150456],[150.284882,-34.143744],[150.282672,-34.139178],[150.276918,-34.136927],[150.271768,-34.136269],[150.267073,-34.13366],[150.263446,-34.132491],[150.259588,-34.13235],[150.25583,-34.133192],[150.251365,-34.13565],[150.245315,-34.138508],[150.239952,-34.136373],[150.237447,-34.130874],[150.23641,-34.124537],[150.231148,-34.121316],[150.224789,-34.119648],[150.221656,-34.1174],[150.222867,-34.112365],[150.225245,-34.107684],[150.225552,-34.102302],[150.223944,-34.099435],[150.212959,-34.093254],[150.211444,-34.089572],[150.209083,-34.085763],[150.207725,-34.085297],[150.205601,-34.086228],[150.203424,-34.086777],[150.200712,-34.085681],[150.202431,-34.083162],[150.204229,-34.08021],[150.204799,-34.076794],[150.204026,-34.074436],[150.201279,-34.074428],[150.19998,-34.072166],[150.199861,-34.069823],[150.201993,-34.070634],[150.203652,-34.071869],[150.206014,-34.071651],[150.207279,-34.070972],[150.209685,-34.067434],[150.211187,-34.065509],[150.211514,-34.063502],[150.214972,-34.057757],[150.216961,-34.056931],[150.216878,-34.059487],[150.21632,-34.064537],[150.217536,-34.06734],[150.21975,-34.067662],[150.222988,-34.066647],[150.226591,-34.066456],[150.228852,-34.067324],[150.232496,-34.067896],[150.236481,-34.06804],[150.23977,-34.067461],[150.246767,-34.067509],[150.248293,-34.066836],[150.247433,-34.065129],[150.244857,-34.063874],[150.240915,-34.062425],[150.241113,-34.058823],[150.243773,-34.054937],[150.248015,-34.047615],[150.252581,-34.037852],[150.260423,-34.030339],[150.262746,-34.026717],[150.264982,-34.020711],[150.263094,-34.015906],[150.259923,-34.010325],[150.260195,-34.004411],[150.261469,-34.000357],[150.263908,-33.998166],[150.277548,-33.990577],[150.28858,-33.990412],[150.295521,-33.985326],[150.312846,-33.974683],[150.316213,-33.971491],[150.323781,-33.969751],[150.328762,-33.967137],[150.346102,-33.963634],[150.356081,-33.960447],[150.361098,-33.951369],[150.364149,-33.94776],[150.374132,-33.936407],[150.372548,-33.932155],[150.372869,-33.931802],[150.372572,-33.931273],[150.371508,-33.930205],[150.370842,-33.929756],[150.370747,-33.929449],[150.371288,-33.928851],[150.371678,-33.928075],[150.37154,-33.927463],[150.37124,-33.927021],[150.370727,-33.926705],[150.37036,-33.926741],[150.369589,-33.926332],[150.36933,-33.926283],[150.369114,-33.926496],[150.36905,-33.926887],[150.36873,-33.927098],[150.368612,-33.927531],[150.368759,-33.927839],[150.368698,-33.928142],[150.367976,-33.927822],[150.367619,-33.927553],[150.367837,-33.927253],[150.368133,-33.926127],[150.368256,-33.92552],[150.368109,-33.925212],[150.368488,-33.924785],[150.36845,-33.924305],[150.368615,-33.924047],[150.368626,-33.923699],[150.368792,-33.923398],[150.36854,-33.923087],[150.368282,-33.922995],[150.367859,-33.92316],[150.366848,-33.923748],[150.366579,-33.924003],[150.366409,-33.924435],[150.366491,-33.925177],[150.366421,-33.925742],[150.36625,-33.926217],[150.36577,-33.926512],[150.36558,-33.927017],[150.364813,-33.927024],[150.3646,-33.927184],[150.364476,-33.927834],[150.364873,-33.928496],[150.365331,-33.928897],[150.365117,-33.929067],[150.364191,-33.928612],[150.363923,-33.928824],[150.363238,-33.929027],[150.362928,-33.92889],[150.363413,-33.928421],[150.363634,-33.928034],[150.363649,-33.927555],[150.363353,-33.926983],[150.363677,-33.926641],[150.363847,-33.926209],[150.364224,-33.925826],[150.364556,-33.925223],[150.364748,-33.924095],[150.364765,-33.923529],[150.364672,-33.923179],[150.364036,-33.92347],[150.363733,-33.923115],[150.363436,-33.922586],[150.362768,-33.922224],[150.362454,-33.92226],[150.362289,-33.922518],[150.36238,-33.922956],[150.362237,-33.924215],[150.361932,-33.923947],[150.361683,-33.92355],[150.361527,-33.923503],[150.361157,-33.923669],[150.360566,-33.924179],[150.36045,-33.924569],[150.360463,-33.925832],[150.360399,-33.926223],[150.360048,-33.925736],[150.359766,-33.924728],[150.359561,-33.924593],[150.358669,-33.924705],[150.358528,-33.924223],[150.358324,-33.924044],[150.358331,-33.923827],[150.35855,-33.923483],[150.35841,-33.922957],[150.35779,-33.922726],[150.356312,-33.923217],[150.355992,-33.923428],[150.355773,-33.923772],[150.355656,-33.924161],[150.355642,-33.92464],[150.355881,-33.925342],[150.355661,-33.925685],[150.355545,-33.926075],[150.355948,-33.926562],[150.355993,-33.926781],[150.355577,-33.926729],[150.355203,-33.926982],[150.354892,-33.926932],[150.355269,-33.926548],[150.355404,-33.925549],[150.355312,-33.925155],[150.355158,-33.925065],[150.355327,-33.924677],[150.355077,-33.924323],[150.354935,-33.923841],[150.355425,-33.923198],[150.355812,-33.92251],[150.356557,-33.922047],[150.357998,-33.921698],[150.359266,-33.921063],[150.359686,-33.920546],[150.359868,-33.919723],[150.359835,-33.919112],[150.36032,-33.9186],[150.360143,-33.917595],[150.359891,-33.917285],[150.359908,-33.916719],[150.35982,-33.916194],[150.359348,-33.916271],[150.358656,-33.916692],[150.35863,-33.91582],[150.358743,-33.915562],[150.356746,-33.915379],[150.356424,-33.916626],[150.356399,-33.917036],[150.357194,-33.918359],[150.356757,-33.918715],[150.356517,-33.919135],[150.356337,-33.919037],[150.356444,-33.918732],[150.356153,-33.918039],[150.355651,-33.917585],[150.355352,-33.9171],[150.355499,-33.916275],[150.355395,-33.915942],[150.354559,-33.915733],[150.353673,-33.915668],[150.353465,-33.915995],[150.353059,-33.91627],[150.35323,-33.916488],[150.353114,-33.916834],[150.352498,-33.916967],[150.352555,-33.918041],[150.35224,-33.918078],[150.351796,-33.917241],[150.352201,-33.915566],[150.351814,-33.91525],[150.351324,-33.915499],[150.35151,-33.916364],[150.351288,-33.916795],[150.350447,-33.917231],[150.350377,-33.917516],[150.349818,-33.918329],[150.350421,-33.919476],[150.350828,-33.919833],[150.350868,-33.920226],[150.35117,-33.920581],[150.350948,-33.921012],[150.350825,-33.921619],[150.350418,-33.921261],[150.350236,-33.920387],[150.349831,-33.919986],[150.349318,-33.91967],[150.348903,-33.919574],[150.348776,-33.920312],[150.34891,-33.921055],[150.348979,-33.922188],[150.348664,-33.922609],[150.34856,-33.923921],[150.348281,-33.924481],[150.347991,-33.923735],[150.347435,-33.923113],[150.34745,-33.922635],[150.347624,-33.922072],[150.347497,-33.921111],[150.347214,-33.920147],[150.346539,-33.919772],[150.345404,-33.919542],[150.345087,-33.919666],[150.345277,-33.92028],[150.345213,-33.92067],[150.344763,-33.920301],[150.344201,-33.920124],[150.343433,-33.920202],[150.34292,-33.92049],[150.342063,-33.921168],[150.341789,-33.921598],[150.341779,-33.921903],[150.342231,-33.922478],[150.341542,-33.922812],[150.341105,-33.923412],[150.341459,-33.923812],[150.341454,-33.923942],[150.341026,-33.924281],[150.341311,-33.925202],[150.341093,-33.925502],[150.340555,-33.927668],[150.340249,-33.927443],[150.340459,-33.925706],[150.339901,-33.925171],[150.339006,-33.925413],[150.338436,-33.92527],[150.338088,-33.924697],[150.337626,-33.924426],[150.337331,-33.925508],[150.33737,-33.925944],[150.337099,-33.926243],[150.33713,-33.926941],[150.337055,-33.927679],[150.337337,-33.928687],[150.337369,-33.929341],[150.337051,-33.929465],[150.336644,-33.929107],[150.336129,-33.928878],[150.3354,-33.928819],[150.334768,-33.92898],[150.333879,-33.929004],[150.332684,-33.928804],[150.332461,-33.929235],[150.333359,-33.930604],[150.334316,-33.931757],[150.334606,-33.932503],[150.33469,-33.933158],[150.333991,-33.933796],[150.332793,-33.933683],[150.33206,-33.933711],[150.331846,-33.93388],[150.332146,-33.934322],[150.33261,-33.934507],[150.333068,-33.934909],[150.333208,-33.935434],[150.333141,-33.935912],[150.332813,-33.936384],[150.331712,-33.93649],[150.329691,-33.935968],[150.329059,-33.936128],[150.327875,-33.937235],[150.327388,-33.93779],[150.326779,-33.938865],[150.326631,-33.938601],[150.326602,-33.93786],[150.327694,-33.93636],[150.328335,-33.935894],[150.329023,-33.935605],[150.331479,-33.935614],[150.332267,-33.935457],[150.332639,-33.935248],[150.332188,-33.934628],[150.331625,-33.934268],[150.331169,-33.933822],[150.331654,-33.933354],[150.332178,-33.933278],[150.333537,-33.933264],[150.333857,-33.933053],[150.334029,-33.932578],[150.333636,-33.931786],[150.333233,-33.931298],[150.332368,-33.930539],[150.331819,-33.929743],[150.331431,-33.928777],[150.332028,-33.928049],[150.333388,-33.927992],[150.334269,-33.928229],[150.335002,-33.928157],[150.335582,-33.927996],[150.335802,-33.927652],[150.335937,-33.926653],[150.335975,-33.925435],[150.336394,-33.923746],[150.336088,-33.923478],[150.33572,-33.923557],[150.336105,-33.922956],[150.335654,-33.922336],[150.335244,-33.922066],[150.334052,-33.921779],[150.334004,-33.921647],[150.335519,-33.921637],[150.335836,-33.921513],[150.336247,-33.921739],[150.336551,-33.922051],[150.336648,-33.922271],[150.33696,-33.922321],[150.337488,-33.922158],[150.33786,-33.921948],[150.338692,-33.922054],[150.339411,-33.922461],[150.33983,-33.922427],[150.340058,-33.921822],[150.340488,-33.921439],[150.340673,-33.920529],[150.341156,-33.920104],[150.341582,-33.919852],[150.342161,-33.91969],[150.34238,-33.91939],[150.342142,-33.918644],[150.341729,-33.918461],[150.341152,-33.918536],[150.338979,-33.917879],[150.338662,-33.918003],[150.338382,-33.918607],[150.338082,-33.918165],[150.336788,-33.917788],[150.336383,-33.917388],[150.33592,-33.91716],[150.335498,-33.917282],[150.3354,-33.917062],[150.335771,-33.916895],[150.336759,-33.917047],[150.337373,-33.917453],[150.337898,-33.917377],[150.338325,-33.917081],[150.338233,-33.916687],[150.337715,-33.916546],[150.337349,-33.916538],[150.337146,-33.916359],[150.336747,-33.915741],[150.336386,-33.915602],[150.335543,-33.915845],[150.335125,-33.915836],[150.334768,-33.915567],[150.334251,-33.915382],[150.334828,-33.915307],[150.335674,-33.914977],[150.33606,-33.914332],[150.336345,-33.913555],[150.336966,-33.913742],[150.337197,-33.914706],[150.337654,-33.915151],[150.338115,-33.915422],[150.338688,-33.915478],[150.339375,-33.915232],[150.339847,-33.915155],[150.340732,-33.915261],[150.341412,-33.915232],[150.341982,-33.915375],[150.342537,-33.915997],[150.343237,-33.917013],[150.344473,-33.917563],[150.34546,-33.917758],[150.346306,-33.917428],[150.34841,-33.916951],[150.348939,-33.916744],[150.348848,-33.916307],[150.348593,-33.915748],[150.348231,-33.915504],[150.347048,-33.915397],[150.345697,-33.91515],[150.343828,-33.913107],[150.344202,-33.912854],[150.345714,-33.91293],[150.346504,-33.912729],[150.346735,-33.912515],[150.34753,-33.912508],[150.348362,-33.911768],[150.349145,-33.911785],[150.350734,-33.912733],[150.351461,-33.91288],[150.353086,-33.913574],[150.354312,-33.913594],[150.355097,-33.913524],[150.355886,-33.913366],[150.356317,-33.91294],[150.356333,-33.912418],[150.356085,-33.911983],[150.355047,-33.911781],[150.355683,-33.91149],[150.355853,-33.911058],[150.356532,-33.911283],[150.357392,-33.911962],[150.357913,-33.911973],[150.358291,-33.911589],[150.358513,-33.911158],[150.358375,-33.910546],[150.357865,-33.910143],[150.357777,-33.909619],[150.357566,-33.909058],[150.356755,-33.9089],[150.356167,-33.909323],[150.355644,-33.909355],[150.354872,-33.90899],[150.353726,-33.908878],[150.353821,-33.909185],[150.353247,-33.909173],[150.353311,-33.908782],[150.352854,-33.908381],[150.35223,-33.90828],[150.352269,-33.908716],[150.351771,-33.90962],[150.351347,-33.909829],[150.350477,-33.909244],[150.350174,-33.908889],[150.350042,-33.908102],[150.350706,-33.908596],[150.35075,-33.908858],[150.351173,-33.908693],[150.351494,-33.908438],[150.351558,-33.908048],[150.351109,-33.907385],[150.350443,-33.906979],[150.350041,-33.906448],[150.348757,-33.905767],[150.34673,-33.905418],[150.343551,-33.905219],[150.341853,-33.904399],[150.340884,-33.903637],[150.339754,-33.903047],[150.339874,-33.902527],[150.339358,-33.901617],[150.338116,-33.901966],[150.3374,-33.901472],[150.33706,-33.901615],[150.336959,-33.902246],[150.336582,-33.902586],[150.335319,-33.902907],[150.335905,-33.902528],[150.336486,-33.902323],[150.336704,-33.902023],[150.336899,-33.900808],[150.336041,-33.899831],[150.336657,-33.900193],[150.326556,-33.893475],[150.322819,-33.890332],[150.320486,-33.886675],[150.316153,-33.879164],[150.317593,-33.87484],[150.323189,-33.870676],[150.321998,-33.869629],[150.319156,-33.869227],[150.316123,-33.869705],[150.313821,-33.870268],[150.308959,-33.871862],[150.306299,-33.873437],[150.302172,-33.87498],[150.296583,-33.876286],[150.294151,-33.873239],[150.290734,-33.870374],[150.289164,-33.868435],[150.286899,-33.86784],[150.285432,-33.867808],[150.280106,-33.865989],[150.278461,-33.866429],[150.277041,-33.867487],[150.275638,-33.868],[150.27183,-33.867167],[150.270083,-33.8657],[150.268372,-33.863076],[150.265686,-33.860363],[150.265833,-33.860843],[150.267085,-33.862503],[150.268239,-33.864706],[150.270044,-33.866924],[150.272036,-33.868397],[150.278612,-33.869359],[150.27868,-33.872354],[150.275591,-33.874599],[150.274859,-33.8771],[150.273391,-33.879653],[150.271444,-33.881855],[150.269099,-33.883776],[150.264894,-33.887698],[150.263842,-33.889988],[150.263747,-33.892979],[150.265068,-33.89505],[150.264932,-33.896748],[150.264611,-33.899122],[150.264233,-33.900746],[150.266097,-33.906231],[150.268277,-33.909545],[150.270117,-33.91326],[150.27201,-33.917861],[150.270863,-33.920557],[150.273552,-33.92327],[150.274434,-33.923766],[150.274062,-33.925187],[150.27249,-33.925832],[150.270555,-33.925109],[150.268872,-33.924119],[150.267468,-33.924632],[150.26569,-33.926634],[150.264612,-33.927154],[150.262297,-33.925538],[150.261389,-33.925858],[150.260781,-33.927001],[150.260327,-33.92842],[150.260039,-33.929774],[150.260077,-33.931136],[150.259974,-33.931814],[150.259293,-33.932683],[150.258138,-33.933066],[150.256348,-33.93289],[150.254571,-33.932306],[150.253528,-33.931738],[150.252555,-33.931512],[150.252035,-33.932453],[150.252016,-33.933065],[150.251377,-33.93516],[150.250335,-33.93711],[150.249314,-33.93838],[150.248397,-33.938972],[150.247386,-33.93997],[150.246054,-33.940756],[150.244251,-33.940988],[150.243589,-33.941245],[150.243795,-33.942475],[150.244249,-33.943573],[150.244877,-33.944336],[150.244833,-33.945696],[150.244148,-33.946701],[150.243529,-33.948184],[150.242574,-33.949932],[150.241628,-33.951407],[150.240354,-33.952944],[150.239256,-33.954076],[150.23848,-33.955351],[150.237369,-33.956891],[150.236337,-33.958501],[150.235806,-33.959781],[150.235047,-33.960513],[150.234046,-33.961171],[150.233062,-33.961285],[150.233839,-33.962527],[150.236227,-33.964418],[150.236684,-33.965448],[150.236163,-33.966389],[150.233113,-33.967273],[150.232022,-33.968201],[150.231894,-33.969627],[150.232015,-33.970923],[150.231651,-33.972071],[150.230725,-33.972935],[150.228404,-33.973971],[150.22765,-33.974566],[150.227928,-33.97607],[150.228296,-33.977302],[150.22817,-33.97866],[150.22741,-33.97946],[150.22388,-33.979993],[150.222376,-33.981047],[150.22077,-33.982712],[150.219179,-33.9839],[150.218321,-33.985174],[150.217864,-33.98666],[150.217096,-33.987664],[150.215925,-33.988522],[150.21427,-33.989164],[150.211804,-33.989653],[150.210965,-33.990314],[150.210341,-33.991933],[150.209557,-33.993412],[150.209343,-33.994972],[150.209759,-33.997227],[150.209145,-33.998505],[150.206559,-34.000148],[150.20548,-34.000667],[150.203936,-34.000428],[150.203197,-34.000547],[150.202578,-34.001962],[150.202553,-34.005227],[150.199601,-34.005568],[150.197403,-34.005314],[150.19561,-34.005205],[150.193537,-34.00611],[150.192343,-34.007648],[150.191881,-34.00927],[150.190936,-34.010677],[150.189782,-34.010991],[150.188655,-34.010489],[150.187426,-34.010597],[150.185691,-34.01117],[150.184115,-34.011882],[150.183442,-34.012479],[150.183254,-34.013223],[150.183619,-34.014524],[150.184071,-34.015691],[150.183783,-34.016977],[150.183094,-34.01805],[150.182502,-34.018649],[150.181207,-34.018279],[150.179599,-34.017494],[150.17864,-34.016859],[150.177265,-34.016419],[150.176116,-34.016597],[150.175431,-34.017534],[150.175406,-34.018282],[150.174329,-34.018733],[150.173572,-34.019396],[150.17305,-34.020337],[150.173093,-34.021494],[150.172971,-34.022716],[150.172384,-34.023179],[150.171002,-34.022943],[150.170034,-34.02258],[150.169902,-34.021625],[150.169183,-34.021132],[150.166775,-34.022301],[150.166335,-34.023244],[150.16824,-34.02492],[150.169696,-34.025362],[150.170983,-34.026004],[150.170874,-34.026818],[150.170531,-34.027287],[150.167862,-34.028926],[150.161264,-34.030747],[150.160261,-34.031404],[150.160779,-34.033049],[150.164834,-34.033959],[150.16705,-34.03367],[150.168763,-34.033777],[150.169217,-34.034876],[150.168854,-34.035957],[150.165372,-34.037441],[150.163061,-34.038136],[150.160942,-34.037951],[150.158279,-34.034488],[150.156718,-34.034724],[150.155856,-34.036064],[150.155648,-34.03742],[150.155171,-34.039451],[150.156006,-34.041375],[150.15547,-34.042723],[150.153878,-34.043911],[150.151813,-34.044543],[150.149445,-34.044488],[150.147428,-34.043693],[150.146425,-34.04435],[150.147051,-34.045181],[150.14809,-34.045886],[150.148045,-34.047245],[150.147661,-34.048937],[150.145921,-34.049645],[150.143791,-34.0498],[150.142704,-34.050523],[150.141905,-34.052409],[150.140185,-34.052506],[150.139074,-34.051527],[150.138516,-34.048657],[150.136919,-34.047531],[150.134549,-34.047544],[150.133525,-34.048812],[150.132994,-34.050025],[150.131578,-34.050808],[150.130863,-34.052628],[150.131275,-34.054951],[150.132318,-34.05552],[150.134045,-34.05522],[150.137226,-34.05543],[150.140168,-34.055431],[150.141872,-34.05581],[150.14332,-34.056525],[150.14361,-34.05762],[150.143571,-34.058776],[150.143087,-34.063459],[150.143767,-34.065107],[150.145575,-34.067259],[150.14604,-34.068018],[150.146485,-34.069389],[150.146519,-34.070818],[150.145672,-34.071683],[150.145145,-34.072759],[150.14424,-34.072943],[150.142588,-34.073448],[150.141206,-34.073212],[150.140008,-34.072368],[150.139395,-34.071129],[150.138426,-34.070766],[150.137897,-34.07191],[150.13809,-34.07348],[150.137574,-34.074216],[150.136027,-34.074044],[150.133429,-34.073507],[150.132149,-34.072661],[150.128567,-34.074618],[150.128043,-34.075626],[150.128174,-34.076582],[150.12912,-34.077625],[150.130567,-34.078339],[150.131779,-34.078775],[150.133061,-34.079554],[150.133935,-34.080322],[150.133655,-34.081336],[150.132976,-34.082069],[150.132241,-34.082052],[150.13031,-34.081122],[150.128547,-34.08006],[150.125357,-34.077673],[150.124507,-34.076224],[150.123297,-34.075719],[150.122121,-34.076644],[150.120871,-34.077363],[150.119876,-34.077748],[150.117419,-34.077895],[150.116649,-34.078897],[150.116183,-34.080587],[150.116127,-34.082218],[150.116877,-34.084209],[150.117537,-34.08647],[150.118375,-34.088258],[150.11878,-34.090785],[150.117933,-34.09165],[150.116626,-34.091619],[150.115664,-34.091052],[150.11482,-34.0894],[150.114624,-34.087966],[150.11548,-34.08683],[150.114945,-34.085729],[150.112036,-34.084708],[150.110654,-34.084471],[150.109559,-34.085398],[150.110573,-34.08685],[150.113041,-34.088813],[150.11334,-34.089637],[150.111615,-34.089868],[150.109169,-34.089675],[150.104836,-34.089641],[150.102349,-34.088221],[150.100633,-34.088181],[150.098581,-34.088405],[150.09708,-34.089253],[150.096625,-34.090603],[150.096023,-34.091474],[150.093506,-34.091104],[150.091854,-34.094572],[150.087174,-34.100627],[150.086601,-34.106141],[150.087028,-34.112317],[150.085631,-34.115792],[150.082749,-34.12157],[150.08026,-34.127039],[150.078986,-34.134343],[150.087594,-34.140968],[150.099661,-34.144633],[150.107294,-34.146592],[150.125254,-34.159464],[150.12081,-34.164339],[150.100086,-34.16972],[150.096238,-34.175573],[150.098995,-34.180953],[150.09954,-34.18373],[150.105744,-34.185578],[150.109776,-34.187374],[150.113258,-34.190326],[150.113007,-34.193934],[150.105878,-34.196636],[150.100853,-34.197687],[150.093296,-34.197933],[150.077653,-34.198943],[150.074778,-34.200682],[150.07159,-34.200393],[150.069354,-34.202146],[150.071578,-34.204432],[150.06909,-34.206073],[150.064356,-34.206066],[150.062785,-34.207092],[150.060981,-34.207474],[150.05987,-34.209998],[150.058185,-34.210596],[150.058382,-34.212301],[150.059101,-34.2137],[150.059564,-34.215093],[150.061032,-34.217042],[150.059293,-34.219233],[150.057966,-34.220583],[150.05661,-34.222782],[150.055535,-34.224245],[150.05332,-34.225361],[150.052144,-34.226077],[150.052194,-34.22831],[150.053154,-34.23014],[150.053354,-34.23174],[150.051764,-34.233296],[150.050828,-34.234443],[150.05052,-34.235924],[150.052694,-34.235976],[150.053969,-34.236113],[150.055662,-34.235303],[150.056564,-34.235112],[150.058314,-34.236324],[150.058902,-34.237826],[150.060041,-34.238172],[150.060824,-34.237766],[150.061967,-34.238006],[150.062168,-34.239605],[150.060979,-34.24064],[150.060679,-34.241908],[150.059987,-34.243368],[150.05903,-34.243833],[150.058557,-34.243919],[150.057718,-34.244387],[150.057929,-34.245075],[150.058841,-34.245879],[150.058693,-34.246754],[150.058314,-34.247526],[150.057585,-34.248192],[150.054413,-34.248115],[150.05402,-34.249277],[150.054234,-34.249868],[150.05503,-34.250669],[150.056536,-34.251291],[150.05815,-34.252259],[150.05905,-34.253401],[150.059143,-34.254087],[150.060174,-34.254893],[150.060531,-34.258123],[150.060148,-34.258993],[150.059413,-34.259854],[150.058338,-34.260316],[150.057613,-34.260885],[150.057344,-34.261855],[150.057307,-34.262928],[150.058632,-34.2654],[150.060866,-34.268774],[150.061437,-34.269275],[150.062756,-34.268526],[150.06418,-34.26817],[150.065953,-34.267919],[150.06937,-34.267708],[150.072422,-34.267879],[150.074292,-34.268216],[150.076149,-34.268944],[150.07961,-34.270882],[150.081926,-34.271914],[150.082984,-34.271939],[150.084051,-34.271671],[150.085361,-34.271214],[150.086936,-34.269885],[150.088034,-34.268739],[150.089837,-34.267611],[150.09082,-34.266365],[150.092714,-34.266019],[150.094836,-34.265874],[150.096128,-34.265905],[150.097266,-34.267006],[150.098539,-34.267622],[150.099096,-34.268514],[150.098589,-34.269576],[150.097975,-34.270342],[150.098291,-34.271424],[150.097673,-34.272288],[150.097035,-34.273737],[150.096991,-34.275006],[150.097176,-34.276474],[150.097492,-34.277556],[150.098405,-34.278359],[150.099584,-34.278289],[150.103102,-34.278567],[150.10508,-34.2792],[150.110339,-34.280203],[150.112431,-34.280936],[150.114187,-34.281173],[150.115221,-34.28188],[150.116974,-34.282214],[150.11999,-34.283457],[150.121142,-34.284168],[150.122834,-34.282841],[150.124654,-34.281223],[150.126745,-34.278539],[150.127546,-34.275726],[150.128334,-34.273304],[150.130173,-34.271101],[150.13286,-34.271652],[150.135698,-34.273809],[150.139022,-34.276983],[150.141783,-34.279154],[150.143556,-34.27969],[150.145977,-34.283091],[150.148888,-34.285264],[150.151194,-34.287671],[150.153832,-34.289095],[150.15604,-34.290014],[150.159478,-34.289846],[150.161437,-34.289272],[150.166171,-34.290496],[150.168731,-34.289812],[150.172326,-34.2894],[150.174277,-34.289074],[150.178138,-34.289658],[150.179799,-34.289527]]]},"properties":{"OBJECTID":2047,"FireType":1,"FireName":"Warragamba","FireNo":"","FireYear":196869,"Label":"1968-69 Wildfire","StartDate":null,"EndDate":null,"Intensity":null,"AreaHa":44851.81730543,"PerimeterM":213707.07888446,"OFHObjMet":null,"ObjNotMet":null,"NPWSBranch":"BMTN","NPWSArea":"KANA","VerDate":1788739200000,"Shape.STArea()":0.043816834805152555,"Shape.STLength()":2.121874017520768}},{"type":"Feature","id":2936,"geometry":{"type":"Polygon","coordinates":[[[150.152886,-33.998808],[150.148669,-33.999675],[150.147816,-34.000565],[150.145461,-34.002061],[150.144692,-34.001737],[150.144255,-34.001871],[150.144552,-34.002383],[150.14406,-34.002858],[150.140729,-34.003718],[150.139508,-34.004303],[150.137975,-34.004186],[150.136959,-34.003838],[150.136332,-34.003489],[150.134211,-34.003458],[150.133271,-34.003752],[150.13209,-34.004752],[150.130738,-34.00536],[150.12994,-34.005269],[150.129308,-34.005381],[150.128051,-34.007046],[150.126661,-34.009727],[150.125694,-34.010822],[150.124198,-34.011824],[150.123258,-34.01209],[150.122686,-34.012366],[150.121988,-34.012845],[150.121766,-34.013345],[150.122751,-34.01463],[150.12349,-34.015161],[150.123155,-34.015784],[150.123264,-34.016427],[150.124022,-34.017364],[150.124375,-34.018445],[150.12483,-34.023585],[150.124072,-34.02519],[150.124098,-34.026038],[150.125131,-34.027161],[150.125263,-34.028724],[150.12443,-34.02966],[150.124397,-34.030624],[150.123995,-34.032273],[150.124193,-34.032521],[150.124013,-34.033346],[150.123404,-34.034702],[150.122958,-34.034764],[150.122714,-34.034948],[150.122742,-34.035083],[150.123345,-34.035179],[150.124083,-34.035457],[150.124771,-34.036222],[150.124622,-34.036813],[150.125058,-34.037689],[150.126047,-34.037901],[150.127166,-34.038748],[150.128363,-34.040822],[150.127913,-34.041623],[150.12824,-34.042216],[150.128904,-34.042106],[150.129236,-34.042546],[150.129502,-34.042688],[150.13022,-34.042272],[150.131682,-34.042576],[150.132176,-34.043038],[150.131811,-34.043886],[150.131858,-34.044113],[150.132603,-34.044509],[150.132957,-34.044905],[150.132948,-34.045517],[150.130778,-34.045305],[150.130585,-34.045579],[150.13083,-34.046018],[150.133769,-34.046537],[150.134453,-34.04713],[150.135161,-34.047318],[150.135742,-34.047755],[150.135928,-34.048354],[150.134969,-34.048512],[150.134962,-34.04872],[150.13535,-34.049107],[150.136165,-34.049667],[150.136599,-34.050281],[150.136674,-34.051274],[150.14063,-34.052142],[150.140774,-34.051731],[150.140258,-34.050321],[150.140622,-34.049825],[150.141871,-34.048754],[150.142945,-34.048365],[150.145039,-34.047918],[150.146143,-34.047285],[150.146636,-34.046801],[150.146564,-34.046042],[150.145138,-34.044639],[150.144926,-34.043858],[150.144928,-34.042831],[150.145625,-34.042072],[150.146399,-34.041918],[150.147218,-34.042037],[150.148539,-34.04268],[150.150409,-34.042787],[150.152306,-34.042425],[150.154131,-34.041268],[150.154603,-34.040423],[150.154251,-34.039297],[150.154154,-34.037663],[150.153808,-34.036357],[150.154865,-34.034209],[150.156194,-34.03332],[150.157124,-34.033351],[150.158008,-34.033488],[150.159019,-34.034341],[150.15999,-34.036707],[150.160432,-34.037096],[150.161196,-34.03724],[150.167456,-34.035248],[150.168067,-34.034794],[150.168104,-34.033334],[150.167611,-34.032872],[150.166702,-34.033166],[150.164111,-34.033584],[150.163401,-34.033442],[150.162469,-34.032825],[150.161561,-34.032768],[150.159476,-34.032323],[150.159062,-34.031755],[150.159151,-34.031018],[150.160173,-34.029599],[150.167288,-34.027275],[150.168696,-34.026614],[150.168458,-34.025626],[150.166947,-34.0245],[150.165874,-34.024538],[150.165354,-34.024211],[150.164979,-34.023454],[150.166837,-34.020648],[150.168167,-34.019732],[150.16893,-34.019579],[150.169474,-34.020475],[150.169497,-34.021413],[150.169775,-34.021825],[150.170397,-34.02201],[150.171149,-34.021856],[150.171593,-34.021191],[150.171294,-34.019768],[150.171445,-34.018807],[150.173319,-34.017147],[150.175142,-34.015728],[150.1757,-34.015525],[150.17718,-34.015622],[150.178575,-34.016321],[150.18003,-34.017175],[150.180987,-34.017386],[150.181872,-34.017136],[150.18246,-34.016383],[150.182302,-34.014612],[150.182012,-34.013218],[150.182435,-34.011569],[150.183451,-34.010627],[150.184964,-34.010364],[150.185581,-34.009721],[150.186322,-34.009566],[150.18748,-34.009593],[150.187998,-34.009298],[150.189784,-34.009952],[150.190383,-34.009839],[150.190777,-34.009407],[150.190753,-34.008802],[150.191404,-34.006473],[150.193169,-34.004801],[150.194573,-34.004238],[150.196551,-34.004337],[150.199132,-34.004829],[150.201369,-34.004294],[150.201836,-34.003899],[150.201682,-34.00266],[150.201814,-34.001933],[150.201767,-34.000733],[150.20203,-33.999657],[150.202465,-33.999595],[150.203375,-33.999877],[150.205276,-33.999352],[150.207449,-33.998437],[150.209218,-33.996963],[150.209084,-33.996094],[150.20861,-33.994371],[150.208649,-33.993182],[150.210153,-33.991215],[150.210631,-33.989504],[150.21193,-33.989163],[150.213134,-33.989083],[150.214326,-33.988722],[150.216256,-33.987612],[150.217146,-33.986199],[150.218525,-33.98339],[150.219375,-33.982886],[150.220539,-33.982047],[150.222059,-33.980567],[150.222308,-33.980203],[150.223587,-33.979484],[150.226274,-33.979382],[150.227214,-33.978772],[150.227635,-33.977808],[150.226834,-33.975464],[150.226957,-33.97434],[150.227592,-33.973778],[150.230126,-33.972717],[150.231316,-33.971391],[150.231521,-33.970413],[150.230983,-33.969329],[150.23155,-33.967845],[150.233147,-33.966979],[150.234328,-33.9666],[150.236205,-33.965768],[150.236217,-33.965074],[150.235038,-33.96438],[150.234056,-33.963637],[150.232833,-33.962988],[150.232617,-33.962298],[150.232628,-33.961288],[150.232989,-33.960837],[150.235274,-33.95977],[150.235754,-33.958997],[150.236398,-33.957145],[150.237403,-33.955824],[150.239484,-33.953383],[150.240679,-33.951535],[150.238439,-33.950898],[150.237866,-33.950552],[150.237542,-33.950211],[150.23727,-33.95025],[150.237012,-33.950866],[150.236713,-33.951094],[150.235859,-33.951048],[150.235499,-33.950814],[150.235014,-33.950767],[150.233571,-33.951555],[150.232842,-33.951025],[150.231632,-33.951313],[150.230671,-33.950913],[150.229133,-33.951636],[150.227453,-33.952067],[150.226782,-33.953413],[150.226168,-33.954003],[150.226353,-33.95499],[150.225717,-33.955237],[150.225063,-33.955051],[150.224682,-33.955114],[150.224093,-33.955597],[150.222642,-33.955654],[150.219916,-33.95699],[150.218256,-33.958124],[150.217586,-33.958758],[150.216579,-33.958798],[150.216104,-33.959094],[150.214714,-33.961235],[150.212444,-33.962825],[150.211506,-33.963389],[150.20914,-33.964273],[150.207599,-33.964103],[150.207109,-33.964191],[150.206827,-33.964554],[150.206409,-33.965744],[150.20346,-33.966596],[150.20315,-33.967464],[150.202653,-33.967461],[150.201892,-33.967246],[150.201031,-33.967749],[150.200367,-33.968545],[150.199209,-33.968879],[150.198764,-33.969563],[150.196574,-33.969063],[150.195526,-33.969336],[150.194843,-33.968708],[150.194218,-33.968639],[150.193443,-33.968856],[150.192431,-33.968689],[150.192077,-33.968915],[150.19212,-33.969926],[150.191511,-33.97002],[150.190618,-33.969206],[150.189405,-33.969566],[150.188782,-33.969101],[150.188257,-33.969278],[150.187503,-33.969829],[150.186855,-33.969796],[150.186275,-33.969332],[150.185505,-33.969378],[150.184747,-33.969072],[150.184139,-33.969157],[150.183395,-33.969726],[150.181961,-33.969901],[150.181407,-33.970285],[150.17944,-33.972845],[150.178498,-33.972859],[150.176419,-33.972586],[150.174706,-33.973998],[150.17305,-33.97433],[150.171513,-33.976638],[150.171096,-33.977133],[150.171396,-33.978213],[150.17003,-33.981869],[150.169797,-33.98336],[150.168299,-33.984795],[150.167477,-33.984767],[150.166254,-33.986091],[150.164662,-33.986766],[150.164459,-33.987356],[150.164556,-33.988981],[150.163755,-33.989323],[150.162884,-33.988834],[150.161388,-33.989233],[150.160685,-33.988892],[150.158438,-33.988119],[150.157365,-33.9885],[150.156835,-33.989452],[150.155712,-33.989038],[150.155719,-33.990778],[150.156316,-33.991396],[150.155987,-33.99183],[150.153809,-33.992231],[150.152897,-33.992976],[150.153327,-33.99404],[150.156002,-33.99495],[150.156545,-33.996215],[150.156037,-33.997475],[150.152886,-33.998808]]]},"properties":{"OBJECTID":2936,"FireType":1,"FireName":"","FireNo":"","FireYear":198283,"Label":"1982-83 Wildfire","StartDate":null,"EndDate":null,"Intensity":null,"AreaHa":4161.87546406,"PerimeterM":43699.48500341,"OFHObjMet":null,"ObjNotMet":null,"NPWSBranch":"BMTN","NPWSArea":"KANA","VerDate":1788739200000,"Shape.STArea()":0.004061355638442333,"Shape.STLength()":0.4360278062764983}},{"type":"Feature","id":5171,"geometry":{"type":"Polygon","coordinates":[[[150.133182,-34.043368],[150.132789,-34.043476],[150.132567,-34.043643],[150.132485,-34.04383],[150.132511,-34.044011],[150.132616,-34.044103],[150.133276,-34.044137],[150.13499,-34.044051],[150.135714,-34.04441],[150.135899,-34.044712],[150.13585,-34.045504],[150.135499,-34.045974],[150.135356,-34.046664],[150.135458,-34.047181],[150.135601,-34.047427],[150.137023,-34.047677],[150.137049,-34.048191],[150.136837,-34.048367],[150.136584,-34.048811],[150.13645,-34.049566],[150.136532,-34.050036],[150.136854,-34.05044],[150.137024,-34.050841],[150.137011,-34.051886],[150.136688,-34.052158],[150.136232,-34.052184],[150.135638,-34.052125],[150.134561,-34.05164],[150.134023,-34.051519],[150.133611,-34.051546],[150.133412,-34.051649],[150.133739,-34.052252],[150.134096,-34.052576],[150.135031,-34.053102],[150.135324,-34.053425],[150.135388,-34.05376],[150.135375,-34.054165],[150.134903,-34.055299],[150.133553,-34.056484],[150.133468,-34.056762],[150.133585,-34.057459],[150.133378,-34.058472],[150.133108,-34.058763],[150.131114,-34.060087],[150.130748,-34.060646],[150.128823,-34.061521],[150.128654,-34.061724],[150.128246,-34.062571],[150.127871,-34.06277],[150.127403,-34.062849],[150.126951,-34.063082],[150.126531,-34.063631],[150.12626,-34.064283],[150.125832,-34.064777],[150.125221,-34.065214],[150.124711,-34.065887],[150.124394,-34.066628],[150.124418,-34.067187],[150.1246,-34.067588],[150.125839,-34.068095],[150.126117,-34.068516],[150.126199,-34.068987],[150.126081,-34.069921],[150.125742,-34.070959],[150.125118,-34.072441],[150.124761,-34.074019],[150.124808,-34.074561],[150.12516,-34.074723],[150.125674,-34.074581],[150.125912,-34.074271],[150.126031,-34.073941],[150.126662,-34.073225],[150.126877,-34.072653],[150.126846,-34.071941],[150.126942,-34.071663],[150.127632,-34.071454],[150.127704,-34.071248],[150.127583,-34.07066],[150.127977,-34.070534],[150.129202,-34.070833],[150.129462,-34.070821],[150.129672,-34.0707],[150.129668,-34.07051],[150.129483,-34.070199],[150.128471,-34.069373],[150.128396,-34.069029],[150.128523,-34.068807],[150.129009,-34.068854],[150.129294,-34.068762],[150.1295,-34.068424],[150.129171,-34.067911],[150.129135,-34.067352],[150.129417,-34.06734],[150.12969,-34.067608],[150.13018,-34.067854],[150.130439,-34.067869],[150.130639,-34.067747],[150.13071,-34.067542],[150.130559,-34.066889],[150.130968,-34.06634],[150.131722,-34.065807],[150.132595,-34.065621],[150.133175,-34.065769],[150.133139,-34.066841],[150.133253,-34.067953],[150.133182,-34.068447],[150.13254,-34.070478],[150.132521,-34.071343],[150.132744,-34.072114],[150.133038,-34.072392],[150.134064,-34.072812],[150.134852,-34.072903],[150.135794,-34.073231],[150.1364,-34.073245],[150.136826,-34.073156],[150.136921,-34.072591],[150.136732,-34.070161],[150.136907,-34.069778],[150.137306,-34.069517],[150.137666,-34.069435],[150.138079,-34.06939],[150.138456,-34.069453],[150.138838,-34.069706],[150.139343,-34.070132],[150.140856,-34.071844],[150.141101,-34.071976],[150.142059,-34.072169],[150.142536,-34.072135],[150.142985,-34.071993],[150.143516,-34.071689],[150.144022,-34.071124],[150.144285,-34.070698],[150.144408,-34.070268],[150.144334,-34.069906],[150.143938,-34.069112],[150.143931,-34.067381],[150.143799,-34.066792],[150.143577,-34.0663],[150.142412,-34.064867],[150.142308,-34.064441],[150.142426,-34.062839],[150.142917,-34.06048],[150.143081,-34.059149],[150.142878,-34.057765],[150.142196,-34.055514],[150.141657,-34.054456],[150.141472,-34.053207],[150.141536,-34.052902],[150.141733,-34.052844],[150.142044,-34.052932],[150.142351,-34.05348],[150.144084,-34.054755],[150.144026,-34.055187],[150.143747,-34.055766],[150.144613,-34.056426],[150.144827,-34.056512],[150.145324,-34.056533],[150.146981,-34.056229],[150.147248,-34.056334],[150.147189,-34.056477],[150.146868,-34.056695],[150.146398,-34.056819],[150.145551,-34.056881],[150.144927,-34.057065],[150.144769,-34.05725],[150.144745,-34.057655],[150.144273,-34.058176],[150.144183,-34.05858],[150.144262,-34.058816],[150.144432,-34.058919],[150.144928,-34.058985],[150.145635,-34.058902],[150.146692,-34.058386],[150.147115,-34.05836],[150.147838,-34.058106],[150.148097,-34.05813],[150.148232,-34.058304],[150.148241,-34.058683],[150.148132,-34.05905],[150.147915,-34.059388],[150.147661,-34.059517],[150.146933,-34.059599],[150.144434,-34.060145],[150.14411,-34.060111],[150.14387,-34.060177],[150.143443,-34.060942],[150.143297,-34.061426],[150.143346,-34.06158],[150.143516,-34.061665],[150.144352,-34.061613],[150.145411,-34.061376],[150.145797,-34.061484],[150.145794,-34.061574],[150.144547,-34.062266],[150.144176,-34.062357],[150.143547,-34.062369],[150.143607,-34.063488],[150.143786,-34.064277],[150.144331,-34.065804],[150.1445,-34.066232],[150.145546,-34.067671],[150.14598,-34.06861],[150.146175,-34.069254],[150.14632,-34.070096],[150.146258,-34.070347],[150.145853,-34.070788],[150.145573,-34.071377],[150.1452,-34.071855],[150.143778,-34.072895],[150.142863,-34.073387],[150.142349,-34.073528],[150.141612,-34.073538],[150.141018,-34.073488],[150.140507,-34.073224],[150.139498,-34.072606],[150.138767,-34.071804],[150.138336,-34.071722],[150.137997,-34.071831],[150.137724,-34.072204],[150.137651,-34.072761],[150.137821,-34.073188],[150.137805,-34.073999],[150.137594,-34.074481],[150.136729,-34.074732],[150.13609,-34.074735],[150.134581,-34.074186],[150.13132,-34.073569],[150.130886,-34.073585],[150.12991,-34.073923],[150.128416,-34.075195],[150.128061,-34.075746],[150.128038,-34.076097],[150.128147,-34.076415],[150.128377,-34.076673],[150.132434,-34.078733],[150.133208,-34.079238],[150.134079,-34.080069],[150.134273,-34.080425],[150.134315,-34.080787],[150.134227,-34.081146],[150.134019,-34.081528],[150.132985,-34.082315],[150.132814,-34.082564],[150.132751,-34.082851],[150.13289,-34.083206],[150.133525,-34.083987],[150.13394,-34.085484],[150.133956,-34.086611],[150.13423,-34.087501],[150.134277,-34.089314],[150.134269,-34.089873],[150.134126,-34.090248],[150.133964,-34.092489],[150.134016,-34.093193],[150.134151,-34.093683],[150.135082,-34.095327],[150.135548,-34.097565],[150.13536,-34.098958],[150.13508,-34.099555],[150.134419,-34.100207],[150.133696,-34.100424],[150.132948,-34.100452],[150.133003,-34.099146],[150.133178,-34.098771],[150.133659,-34.098305],[150.134019,-34.09761],[150.134225,-34.096966],[150.134341,-34.096076],[150.134336,-34.09558],[150.134231,-34.095497],[150.133965,-34.095662],[150.133517,-34.097067],[150.133146,-34.097797],[150.132261,-34.098308],[150.132081,-34.09852],[150.131273,-34.099015],[150.131185,-34.099383],[150.131491,-34.100273],[150.131901,-34.100653],[150.134839,-34.101578],[150.135166,-34.101829],[150.135675,-34.102472],[150.137036,-34.103901],[150.13703,-34.104387],[150.136828,-34.104599],[150.136469,-34.104654],[150.135586,-34.104489],[150.135032,-34.104503],[150.134636,-34.104692],[150.134321,-34.105027],[150.133911,-34.105288],[150.133493,-34.105476],[150.133177,-34.105848],[150.133127,-34.106063],[150.133554,-34.107542],[150.133567,-34.10875],[150.133318,-34.109394],[150.132694,-34.110524],[150.132341,-34.11167],[150.132334,-34.112219],[150.132601,-34.11328],[150.132934,-34.113694],[150.133955,-34.114583],[150.13418,-34.115003],[150.134235,-34.115274],[150.134094,-34.115623],[150.133578,-34.116125],[150.133425,-34.116472],[150.133538,-34.117638],[150.133493,-34.118313],[150.133287,-34.118975],[150.133004,-34.11932],[150.131792,-34.119914],[150.131468,-34.120204],[150.131413,-34.120527],[150.131537,-34.12135],[150.131849,-34.121754],[150.133221,-34.122525],[150.13363,-34.122923],[150.133799,-34.123377],[150.133394,-34.123485],[150.132578,-34.124223],[150.13239,-34.124651],[150.132316,-34.125263],[150.132555,-34.125872],[150.133568,-34.126698],[150.133614,-34.126934],[150.133548,-34.127275],[150.133365,-34.127559],[150.133088,-34.127742],[150.131923,-34.127895],[150.131205,-34.128293],[150.130869,-34.128925],[150.130699,-34.12948],[150.13036,-34.129877],[150.128583,-34.130187],[150.127699,-34.13004],[150.126787,-34.129767],[150.126253,-34.129835],[150.125803,-34.130014],[150.125358,-34.130328],[150.125039,-34.130798],[150.124745,-34.131468],[150.124495,-34.13276],[150.124489,-34.133265],[150.124622,-34.133511],[150.124899,-34.133644],[150.125235,-34.133652],[150.126581,-34.132953],[150.127137,-34.132858],[150.128141,-34.133305],[150.129383,-34.134073],[150.129943,-34.134826],[150.13011,-34.135334],[150.130173,-34.136679],[150.129956,-34.138927],[150.129203,-34.141019],[150.129085,-34.142891],[150.129086,-34.143486],[150.129258,-34.144194],[150.129723,-34.145169],[150.129763,-34.145918],[150.129155,-34.146895],[150.128765,-34.148482],[150.128859,-34.14925],[150.12911,-34.149824],[150.129434,-34.150201],[150.129819,-34.150354],[150.130364,-34.150259],[150.130557,-34.15002],[150.130769,-34.149187],[150.131017,-34.148904],[150.131882,-34.148996],[150.13255,-34.149427],[150.133783,-34.149852],[150.134849,-34.150048],[150.13533,-34.150267],[150.136652,-34.150595],[150.137046,-34.150812],[150.137425,-34.150848],[150.137908,-34.15067],[150.138111,-34.150422],[150.13761,-34.149851],[150.135889,-34.148793],[150.134975,-34.148582],[150.134282,-34.148241],[150.133423,-34.147987],[150.132675,-34.147663],[150.131906,-34.147302],[150.131466,-34.14685],[150.131295,-34.146477],[150.131369,-34.14619],[150.131851,-34.145742],[150.132338,-34.145122],[150.132983,-34.144957],[150.133896,-34.144897],[150.134618,-34.145022],[150.136073,-34.145606],[150.136649,-34.14589],[150.137324,-34.146455],[150.13617,-34.146582],[150.135945,-34.146504],[150.135446,-34.14588],[150.135006,-34.145725],[150.133151,-34.145456],[150.132689,-34.145626],[150.13421,-34.146175],[150.134829,-34.146794],[150.135128,-34.147269],[150.136396,-34.147912],[150.136778,-34.147849],[150.136735,-34.147514],[150.136803,-34.147417],[150.137249,-34.147373],[150.137349,-34.147294],[150.138417,-34.147779],[150.139362,-34.148071],[150.140031,-34.148168],[150.14013,-34.148125],[150.140362,-34.147662],[150.14063,-34.14774],[150.140852,-34.14761],[150.141091,-34.146624],[150.141256,-34.146556],[150.141558,-34.146599],[150.141788,-34.146866],[150.142255,-34.147147],[150.142987,-34.1473],[150.143355,-34.147642],[150.1439,-34.14788],[150.144332,-34.148259],[150.144791,-34.148477],[150.145169,-34.148504],[150.146042,-34.148353],[150.146679,-34.148422],[150.14725,-34.148544],[150.14759,-34.148759],[150.147721,-34.14905],[150.147546,-34.149398],[150.147325,-34.149519],[150.146846,-34.149598],[150.145501,-34.149603],[150.142437,-34.150442],[150.140382,-34.15125],[150.139345,-34.152082],[150.138322,-34.153483],[150.138199,-34.153931],[150.138256,-34.154815],[150.137678,-34.156181],[150.137393,-34.156589],[150.137001,-34.156959],[150.136463,-34.157162],[150.135753,-34.157317],[150.134384,-34.157402],[150.133859,-34.157525],[150.133403,-34.157866],[150.133163,-34.15823],[150.133165,-34.158492],[150.133449,-34.158751],[150.134511,-34.159082],[150.135492,-34.159258],[150.1386,-34.159385],[150.139469,-34.158693],[150.14094,-34.156879],[150.141528,-34.156478],[150.142172,-34.156358],[150.14356,-34.156354],[150.145021,-34.155793],[150.145411,-34.15583],[150.145848,-34.156047],[150.14637,-34.156979],[150.147884,-34.158709],[150.148428,-34.158956],[150.149836,-34.15934],[150.150197,-34.159556],[150.150785,-34.160795],[150.151393,-34.161413],[150.151369,-34.162134],[150.151174,-34.162445],[150.150849,-34.162744],[150.150552,-34.162872],[150.150204,-34.162918],[150.149636,-34.162698],[150.14912,-34.162893],[150.148853,-34.163085],[150.148302,-34.164001],[150.147611,-34.164544],[150.147192,-34.164759],[150.146212,-34.164565],[150.14479,-34.163946],[150.144042,-34.163956],[150.143789,-34.16404],[150.1437,-34.164444],[150.143845,-34.164636],[150.144097,-34.164876],[150.145013,-34.165367],[150.14618,-34.165817],[150.147564,-34.166282],[150.1486,-34.166433],[150.149069,-34.166353],[150.150619,-34.165073],[150.151678,-34.164557],[150.152552,-34.164361],[150.154197,-34.164787],[150.154953,-34.165201],[150.155135,-34.165584],[150.155227,-34.166406],[150.154848,-34.166713],[150.153717,-34.16647],[150.152053,-34.166305],[150.1513,-34.166423],[150.149722,-34.167252],[150.148866,-34.167863],[150.148461,-34.168295],[150.148137,-34.169559],[150.148058,-34.170287],[150.148203,-34.171129],[150.148717,-34.172601],[150.149075,-34.172925],[150.149558,-34.173071],[150.150036,-34.173047],[150.150633,-34.172718],[150.150885,-34.172336],[150.150928,-34.172013],[150.15017,-34.170372],[150.150178,-34.169796],[150.150333,-34.169376],[150.150656,-34.169149],[150.152493,-34.168696],[150.154076,-34.168696],[150.154681,-34.16908],[150.154762,-34.169587],[150.154695,-34.169973],[150.154127,-34.171068],[150.154157,-34.171457],[150.154585,-34.171953],[150.154285,-34.172478],[150.153987,-34.173301],[150.153683,-34.174898],[150.153459,-34.175452],[150.15279,-34.176644],[150.152622,-34.177758],[150.152122,-34.178765],[150.15193,-34.178995],[150.150495,-34.179088],[150.149818,-34.179225],[150.149124,-34.179525],[150.146595,-34.181206],[150.145964,-34.181894],[150.145519,-34.182217],[150.144128,-34.182951],[150.143361,-34.182861],[150.142731,-34.182549],[150.1422,-34.182528],[150.14212,-34.182661],[150.142259,-34.183034],[150.142248,-34.183367],[150.141759,-34.184365],[150.141296,-34.184904],[150.13971,-34.186265],[150.138997,-34.18778],[150.13809,-34.188922],[150.13769,-34.190175],[150.137624,-34.191174],[150.137757,-34.192682],[150.137448,-34.194117],[150.137461,-34.194686],[150.137593,-34.194977],[150.137947,-34.195391],[150.13899,-34.196308],[150.139336,-34.197001],[150.139487,-34.197672],[150.139418,-34.198112],[150.13902,-34.198968],[150.139121,-34.199493],[150.139403,-34.20014],[150.140113,-34.201292],[150.140018,-34.202804],[150.139872,-34.202954],[150.139597,-34.203065],[150.138724,-34.203234],[150.137964,-34.203558],[150.137208,-34.204091],[150.136519,-34.205228],[150.13645,-34.20565],[150.136182,-34.205888],[150.135865,-34.205961],[150.135499,-34.206196],[150.135218,-34.206487],[150.13506,-34.206979],[150.135117,-34.207864],[150.135244,-34.208281],[150.135866,-34.20881],[150.136587,-34.209629],[150.136999,-34.209945],[150.137504,-34.210101],[150.138549,-34.210017],[150.139237,-34.210187],[150.139911,-34.210464],[150.140443,-34.210467],[150.140949,-34.210254],[150.141315,-34.209703],[150.142293,-34.209023],[150.142527,-34.208515],[150.142529,-34.208127],[150.141915,-34.208005],[150.141666,-34.207674],[150.14158,-34.20733],[150.141683,-34.207161],[150.1423,-34.206878],[150.14316,-34.20679],[150.145033,-34.207239],[150.146002,-34.207153],[150.146792,-34.207208],[150.147242,-34.207362],[150.147546,-34.207379],[150.148735,-34.207172],[150.149274,-34.207284],[150.149958,-34.207281],[150.150505,-34.206816],[150.151096,-34.206677],[150.151585,-34.206977],[150.151408,-34.207396],[150.1514,-34.207612],[150.151761,-34.208189],[150.152011,-34.208501],[150.152752,-34.20905],[150.154214,-34.209778],[150.155642,-34.209586],[150.156438,-34.2101],[150.156351,-34.210432],[150.155519,-34.21098],[150.155272,-34.211227],[150.154731,-34.212143],[150.154159,-34.213671],[150.153653,-34.214498],[150.153393,-34.215141],[150.153055,-34.216467],[150.153104,-34.216955],[150.153365,-34.217907],[150.153343,-34.21824],[150.152823,-34.21885],[150.152626,-34.219224],[150.152466,-34.219798],[150.152395,-34.220923],[150.152958,-34.220981],[150.154764,-34.220527],[150.15509,-34.220508],[150.15537,-34.220568],[150.155646,-34.220746],[150.156131,-34.221478],[150.156368,-34.221556],[150.156684,-34.2215],[150.157258,-34.221225],[150.157608,-34.221143],[150.15791,-34.221177],[150.159048,-34.222204],[150.15958,-34.223172],[150.160442,-34.22367],[150.160645,-34.224098],[150.160628,-34.224269],[150.160406,-34.224742],[150.160284,-34.224811],[150.160117,-34.225582],[150.160141,-34.226178],[150.160288,-34.226632],[150.160672,-34.227164],[150.161146,-34.22758],[150.162122,-34.228901],[150.162689,-34.229157],[150.163204,-34.229972],[150.163727,-34.230236],[150.163945,-34.230539],[150.164064,-34.230875],[150.164,-34.231486],[150.163698,-34.23175],[150.163508,-34.232241],[150.162731,-34.233071],[150.162626,-34.233285],[150.162659,-34.23361],[150.163249,-34.234768],[150.164232,-34.236206],[150.16516,-34.237012],[150.165475,-34.23829],[150.16635,-34.239086],[150.166693,-34.239202],[150.167881,-34.239374],[150.169164,-34.239313],[150.170039,-34.239433],[150.172106,-34.239291],[150.173251,-34.238813],[150.174139,-34.238247],[150.175304,-34.238139],[150.17617,-34.238195],[150.177628,-34.238724],[150.178907,-34.239439],[150.179535,-34.240129],[150.180171,-34.241253],[150.180507,-34.241594],[150.181109,-34.242077],[150.182229,-34.242688],[150.182487,-34.242757],[150.182652,-34.242698],[150.182945,-34.242371],[150.182999,-34.242057],[150.182954,-34.241759],[150.182306,-34.240698],[150.182435,-34.240412],[150.182702,-34.240211],[150.182902,-34.239738],[150.183002,-34.238695],[150.183165,-34.238374],[150.183118,-34.238147],[150.182972,-34.237964],[150.182249,-34.237857],[150.181921,-34.237606],[150.181721,-34.237088],[150.181639,-34.236608],[150.181698,-34.236456],[150.18189,-34.236253],[150.183137,-34.235633],[150.183461,-34.235343],[150.18488,-34.235448],[150.185132,-34.235363],[150.185312,-34.235178],[150.185373,-34.234972],[150.185389,-34.234486],[150.185516,-34.234272],[150.18576,-34.234107],[150.186175,-34.234035],[150.187104,-34.234165],[150.188461,-34.233826],[150.188992,-34.233532],[150.188947,-34.23326],[150.188494,-34.232826],[150.188077,-34.232005],[150.187866,-34.230513],[150.188082,-34.229238],[150.188076,-34.22876],[150.187661,-34.228192],[150.187354,-34.227959],[150.187323,-34.227598],[150.187125,-34.227341],[150.186688,-34.227115],[150.185955,-34.226945],[150.185507,-34.226384],[150.185211,-34.226161],[150.185072,-34.225779],[150.185023,-34.225598],[150.185095,-34.225401],[150.185271,-34.225315],[150.185574,-34.225358],[150.185719,-34.225235],[150.18578,-34.225021],[150.185812,-34.224724],[150.185661,-34.224035],[150.185727,-34.223379],[150.185962,-34.223159],[150.186673,-34.222986],[150.187214,-34.222719],[150.187491,-34.221878],[150.187773,-34.221551],[150.188173,-34.22128],[150.189063,-34.220949],[150.189794,-34.220849],[150.190238,-34.220201],[150.191115,-34.219275],[150.191311,-34.218945],[150.191504,-34.218364],[150.191603,-34.217014],[150.191775,-34.216748],[150.192107,-34.216539],[150.192689,-34.216345],[150.194825,-34.215745],[150.195499,-34.215372],[150.196628,-34.21502],[150.197788,-34.214415],[150.198334,-34.213977],[150.198817,-34.212834],[150.199432,-34.212262],[150.199877,-34.211623],[150.200257,-34.211271],[150.201986,-34.210193],[150.202309,-34.209921],[150.202836,-34.209095],[150.203224,-34.208851],[150.203758,-34.208773],[150.204504,-34.208844],[150.205837,-34.209235],[150.207838,-34.209407],[150.209378,-34.209433],[150.210538,-34.209135],[150.212022,-34.208547],[150.212755,-34.208059],[150.213396,-34.207361],[150.214107,-34.206864],[150.214491,-34.206412],[150.214778,-34.205914],[150.21481,-34.205599],[150.21454,-34.204908],[150.21476,-34.204489],[150.214994,-34.204315],[150.215757,-34.204215],[150.216415,-34.204329],[150.217478,-34.204659],[150.217997,-34.204725],[150.219498,-34.205273],[150.2203,-34.205273],[150.220654,-34.205074],[150.220825,-34.204835],[150.220995,-34.20427],[150.221203,-34.203888],[150.221485,-34.20356],[150.221918,-34.203264],[150.222532,-34.203079],[150.222965,-34.203107],[150.223705,-34.203376],[150.224354,-34.203427],[150.224685,-34.203254],[150.224912,-34.202953],[150.224976,-34.202648],[150.224589,-34.201233],[150.224579,-34.200854],[150.224699,-34.200523],[150.225149,-34.20002],[150.226237,-34.199584],[150.227802,-34.198538],[150.230934,-34.197978],[150.231093,-34.19809],[150.231097,-34.198279],[150.231531,-34.198622],[150.232371,-34.198822],[150.233147,-34.198641],[150.233961,-34.19829],[150.234559,-34.198267],[150.234913,-34.198392],[150.235176,-34.198615],[150.235582,-34.199147],[150.236634,-34.200171],[150.237776,-34.200755],[150.238839,-34.201086],[150.239354,-34.201584],[150.240046,-34.201997],[150.24113,-34.202364],[150.242483,-34.202466],[150.243008,-34.202649],[150.243797,-34.203091],[150.24411,-34.203143],[150.248238,-34.202307],[150.249738,-34.20189],[150.250291,-34.20192],[150.250839,-34.202086],[150.251295,-34.202385],[150.251784,-34.20236],[150.252125,-34.202232],[150.252548,-34.201908],[150.253037,-34.200864],[150.253742,-34.199888],[150.254887,-34.199373],[150.255566,-34.199154],[150.256511,-34.199148],[150.257351,-34.198996],[150.260676,-34.197817],[150.263218,-34.197387],[150.263885,-34.196897],[150.264531,-34.196722],[150.265416,-34.196183],[150.266221,-34.196129],[150.267292,-34.195864],[150.268258,-34.195516],[150.268831,-34.194907],[150.269236,-34.194123],[150.269683,-34.193718],[150.270248,-34.193352],[150.270842,-34.193104],[150.271761,-34.192863],[150.273072,-34.192261],[150.273372,-34.192033],[150.273576,-34.191767],[150.273656,-34.190949],[150.273901,-34.19008],[150.274359,-34.189675],[150.274695,-34.189683],[150.275221,-34.189523],[150.276248,-34.188626],[150.276399,-34.188323],[150.276535,-34.187452],[150.276815,-34.187178],[150.277517,-34.186942],[150.27805,-34.186566],[150.278279,-34.186174],[150.278687,-34.184957],[150.279016,-34.184523],[150.279069,-34.184218],[150.278968,-34.183656],[150.279024,-34.18327],[150.278081,-34.183249],[150.277196,-34.183103],[150.276769,-34.182895],[150.276478,-34.182474],[150.275929,-34.181353],[150.27589,-34.181199],[150.276001,-34.180787],[150.275578,-34.180462],[150.274487,-34.180302],[150.272025,-34.180293],[150.271554,-34.180111],[150.271215,-34.179851],[150.271017,-34.179612],[150.270962,-34.179296],[150.271081,-34.178289],[150.270924,-34.177104],[150.271099,-34.177054],[150.271338,-34.177393],[150.271493,-34.177297],[150.271655,-34.176976],[150.271787,-34.176916],[150.271903,-34.177027],[150.271691,-34.178536],[150.271863,-34.17928],[150.272181,-34.179494],[150.272598,-34.179684],[150.273029,-34.179765],[150.273507,-34.179749],[150.275431,-34.179954],[150.276175,-34.180439],[150.277219,-34.182031],[150.277411,-34.182143],[150.278252,-34.182306],[150.27841,-34.182454],[150.278972,-34.182169],[150.27911,-34.181938],[150.279274,-34.181887],[150.279467,-34.181946],[150.279536,-34.181172],[150.279956,-34.180595],[150.279965,-34.180307],[150.279144,-34.178837],[150.279235,-34.178731],[150.279699,-34.178787],[150.279929,-34.179053],[150.280229,-34.179168],[150.280425,-34.179136],[150.280496,-34.178966],[150.279958,-34.178143],[150.279961,-34.17772],[150.280057,-34.1771],[150.280467,-34.175829],[150.280301,-34.174229],[150.280663,-34.172092],[150.280834,-34.171807],[150.281224,-34.171491],[150.282114,-34.171141],[150.282718,-34.170551],[150.284123,-34.170032],[150.28584,-34.168925],[150.286079,-34.168561],[150.286426,-34.167559],[150.286482,-34.167172],[150.286407,-34.16681],[150.285657,-34.164143],[150.285519,-34.163707],[150.285078,-34.162922],[150.284745,-34.160436],[150.284771,-34.159986],[150.286431,-34.157255],[150.28689,-34.156778],[150.287854,-34.156151],[150.28842,-34.155415],[150.288815,-34.1539],[150.289578,-34.153115],[150.290261,-34.152778],[150.291219,-34.151961],[150.292726,-34.149939],[150.293213,-34.149634],[150.29435,-34.149353],[150.295148,-34.148469],[150.295523,-34.148252],[150.296016,-34.147758],[150.29621,-34.147798],[150.296372,-34.149163],[150.296966,-34.149915],[150.297568,-34.150442],[150.298553,-34.151167],[150.30165,-34.15266],[150.301953,-34.152693],[150.303347,-34.15249],[150.304257,-34.15251],[150.304668,-34.152546],[150.305732,-34.152858],[150.306723,-34.152041],[150.307086,-34.151869],[150.307325,-34.151865],[150.308042,-34.152169],[150.308816,-34.152709],[150.309392,-34.153001],[150.309964,-34.153113],[150.310351,-34.152878],[150.311082,-34.152055],[150.311565,-34.151859],[150.312076,-34.151807],[150.313214,-34.152174],[150.314227,-34.15271],[150.31437,-34.152641],[150.314223,-34.15216],[150.31415,-34.151374],[150.314735,-34.151405],[150.315378,-34.151645],[150.31591,-34.151629],[150.316507,-34.151255],[150.316866,-34.150875],[150.317328,-34.150669],[150.317879,-34.150744],[150.318755,-34.151493],[150.319043,-34.151626],[150.319303,-34.151631],[150.319678,-34.151459],[150.320753,-34.150031],[150.320729,-34.149769],[150.321123,-34.148597],[150.321292,-34.148411],[150.322417,-34.148139],[150.32287,-34.147544],[150.323313,-34.147257],[150.323295,-34.146796],[150.323796,-34.146717],[150.323975,-34.146541],[150.324557,-34.145616],[150.325572,-34.144367],[150.326401,-34.143195],[150.327038,-34.142578],[150.327169,-34.14222],[150.32744,-34.141884],[150.327165,-34.14131],[150.327356,-34.141115],[150.327959,-34.140894],[150.328033,-34.140598],[150.327959,-34.140209],[150.327753,-34.139844],[150.328092,-34.139752],[150.329048,-34.139692],[150.330754,-34.138891],[150.331155,-34.138566],[150.332455,-34.137909],[150.337011,-34.136439],[150.337377,-34.136186],[150.337627,-34.135813],[150.339252,-34.135172],[150.339794,-34.13448],[150.339772,-34.134119],[150.339509,-34.133888],[150.339517,-34.133636],[150.340285,-34.133328],[150.340724,-34.132815],[150.341324,-34.13271],[150.341709,-34.132511],[150.34258,-34.131376],[150.344148,-34.130094],[150.34464,-34.129609],[150.344924,-34.129209],[150.344903,-34.128848],[150.344766,-34.12871],[150.344455,-34.128595],[150.342795,-34.128658],[150.342237,-34.128827],[150.341883,-34.129035],[150.341738,-34.12951],[150.341469,-34.129802],[150.340874,-34.130113],[150.340296,-34.130209],[150.339178,-34.13059],[150.338332,-34.130617],[150.336949,-34.131146],[150.336407,-34.131143],[150.336839,-34.131901],[150.336983,-34.132499],[150.33694,-34.132832],[150.336691,-34.13316],[150.336403,-34.133361],[150.335005,-34.134034],[150.334624,-34.13408],[150.334275,-34.133793],[150.334414,-34.133516],[150.334317,-34.132802],[150.333979,-34.132542],[150.333811,-34.132016],[150.333529,-34.131658],[150.333602,-34.131425],[150.333912,-34.131197],[150.334459,-34.131065],[150.334836,-34.130794],[150.334974,-34.130526],[150.335041,-34.130113],[150.334728,-34.129403],[150.332715,-34.129972],[150.33235,-34.13019],[150.332038,-34.13048],[150.330802,-34.132184],[150.330315,-34.132516],[150.330088,-34.132484],[150.329929,-34.132373],[150.329801,-34.131973],[150.329072,-34.131363],[150.329088,-34.131201],[150.329932,-34.13057],[150.330704,-34.129811],[150.330841,-34.129598],[150.330646,-34.129224],[150.330653,-34.128999],[150.332063,-34.128976],[150.33246,-34.128768],[150.332675,-34.128502],[150.332704,-34.128241],[150.332502,-34.12812],[150.331548,-34.128126],[150.331063,-34.128025],[150.32998,-34.12765],[150.329147,-34.127262],[150.328809,-34.127318],[150.326907,-34.128169],[150.326539,-34.128161],[150.326413,-34.128032],[150.326461,-34.127528],[150.327277,-34.126762],[150.327808,-34.126422],[150.328411,-34.126183],[150.328914,-34.125707],[150.329012,-34.125357],[150.328816,-34.125028],[150.328542,-34.124788],[150.327787,-34.12433],[150.32653,-34.123969],[150.326239,-34.123575],[150.326047,-34.123138],[150.325556,-34.12255],[150.325102,-34.122162],[150.32484,-34.122201],[150.324038,-34.122553],[150.323847,-34.122775],[150.323522,-34.123444],[150.323397,-34.122954],[150.323058,-34.122694],[150.323137,-34.122579],[150.323819,-34.122278],[150.32445,-34.12185],[150.324328,-34.121604],[150.323599,-34.121011],[150.322001,-34.120472],[150.32177,-34.120223],[150.321808,-34.120053],[150.323637,-34.120138],[150.324074,-34.120364],[150.324995,-34.121087],[150.325973,-34.121685],[150.327092,-34.122295],[150.327627,-34.122514],[150.32807,-34.122578],[150.328374,-34.122558],[150.328755,-34.121818],[150.328961,-34.121795],[150.329451,-34.122085],[150.329754,-34.122434],[150.329917,-34.122438],[150.33003,-34.122278],[150.330038,-34.121683],[150.33037,-34.121123],[150.330711,-34.12095],[150.331126,-34.120878],[150.331521,-34.121067],[150.332275,-34.121894],[150.332598,-34.121622],[150.332842,-34.123529],[150.33243,-34.125233],[150.332521,-34.12547],[150.3327,-34.125618],[150.332927,-34.12565],[150.333191,-34.12552],[150.333721,-34.124874],[150.334219,-34.123172],[150.334387,-34.122977],[150.334687,-34.122749],[150.335772,-34.122394],[150.33586,-34.122684],[150.335787,-34.122926],[150.335029,-34.123613],[150.334674,-34.124218],[150.334644,-34.124461],[150.334867,-34.124628],[150.335278,-34.124664],[150.336375,-34.124571],[150.336722,-34.124912],[150.337783,-34.125656],[150.338641,-34.125963],[150.339115,-34.126037],[150.33941,-34.125962],[150.339861,-34.125422],[150.339993,-34.125019],[150.33997,-34.124712],[150.339802,-34.124519],[150.339624,-34.123992],[150.339692,-34.123534],[150.339641,-34.123082],[150.339973,-34.122521],[150.340274,-34.122257],[150.340449,-34.122207],[150.340547,-34.122543],[150.340372,-34.123278],[150.34043,-34.123505],[150.340846,-34.123748],[150.341634,-34.123846],[150.341931,-34.124042],[150.342392,-34.124566],[150.343184,-34.124872],[150.343425,-34.124814],[150.343593,-34.124619],[150.343679,-34.124305],[150.343563,-34.123509],[150.343346,-34.123171],[150.343411,-34.122821],[150.343647,-34.122565],[150.343975,-34.122473],[150.344144,-34.122594],[150.344794,-34.123671],[150.345025,-34.124244],[150.345157,-34.124887],[150.345302,-34.125089],[150.345895,-34.125192],[150.346159,-34.125089],[150.346883,-34.124447],[150.34729,-34.123924],[150.347542,-34.123487],[150.34787,-34.12235],[150.348271,-34.122025],[150.348792,-34.121991],[150.34892,-34.121723],[150.349613,-34.121378],[150.350027,-34.121666],[150.350622,-34.121697],[150.350919,-34.121568],[150.351137,-34.121176],[150.350908,-34.120522],[150.350856,-34.120115],[150.351344,-34.119396],[150.351632,-34.119194],[150.351945,-34.119255],[150.352163,-34.119206],[150.352543,-34.118853],[150.352716,-34.118857],[150.352968,-34.119106],[150.352951,-34.119313],[150.352757,-34.119624],[150.352931,-34.119962],[150.353891,-34.119757],[150.354589,-34.119294],[150.354639,-34.119079],[150.354365,-34.118478],[150.354344,-34.118099],[150.35476,-34.117612],[150.355075,-34.117583],[150.355331,-34.117742],[150.355441,-34.118366],[150.355881,-34.118502],[150.356506,-34.118299],[150.357848,-34.11767],[150.36123,-34.116607],[150.361453,-34.116395],[150.361482,-34.11617],[150.361338,-34.115933],[150.361071,-34.115801],[150.360108,-34.115735],[150.359982,-34.115615],[150.360358,-34.11538],[150.360088,-34.114986],[150.359652,-34.114725],[150.35972,-34.114636],[150.360437,-34.114561],[150.360727,-34.11464],[150.36127,-34.114958],[150.362257,-34.114952],[150.362596,-34.11486],[150.362903,-34.114731],[150.36316,-34.114476],[150.363917,-34.113482],[150.36425,-34.112894],[150.364268,-34.112651],[150.364165,-34.112487],[150.363949,-34.112455],[150.363727,-34.112622],[150.363522,-34.112608],[150.363557,-34.112185],[150.363466,-34.111958],[150.363109,-34.11159],[150.362252,-34.111607],[150.361878,-34.111789],[150.361553,-34.111791],[150.361449,-34.111653],[150.361848,-34.111364],[150.361973,-34.111178],[150.36217,-34.11111],[150.364082,-34.110979],[150.364323,-34.110876],[150.364459,-34.11069],[150.365028,-34.110513],[150.365284,-34.110311],[150.365534,-34.109929],[150.366604,-34.106526],[150.366595,-34.106129],[150.366402,-34.106062],[150.366149,-34.106183],[150.366003,-34.10636],[150.365895,-34.106331],[150.366118,-34.105794],[150.366665,-34.105265],[150.366579,-34.104542],[150.366403,-34.103943],[150.366057,-34.103197],[150.366017,-34.102745],[150.365882,-34.102562],[150.36484,-34.101909],[150.36456,-34.101866],[150.36434,-34.101961],[150.364309,-34.102249],[150.364482,-34.103668],[150.36422,-34.104446],[150.363808,-34.10515],[150.363521,-34.105297],[150.363733,-34.10477],[150.363605,-34.104334],[150.363475,-34.103989],[150.363037,-34.103429],[150.362864,-34.103065],[150.362782,-34.102568],[150.362601,-34.102464],[150.362016,-34.10247],[150.360992,-34.103331],[150.360816,-34.103778],[150.36059,-34.10408],[150.359679,-34.105142],[150.359492,-34.105228],[150.359186,-34.10496],[150.358243,-34.104606],[150.357917,-34.104293],[150.35743,-34.103561],[150.357113,-34.103311],[150.356749,-34.103159],[150.356467,-34.103171],[150.356149,-34.103308],[150.356028,-34.103693],[150.355905,-34.103817],[150.35589,-34.103276],[150.35577,-34.103291],[150.35516,-34.103729],[150.354554,-34.103706],[150.353035,-34.103412],[150.352883,-34.103761],[150.352458,-34.10386],[150.351398,-34.103765],[150.351158,-34.104183],[150.35083,-34.104275],[150.350463,-34.104231],[150.350005,-34.10396],[150.349532,-34.103499],[150.348985,-34.102613],[150.349089,-34.102408],[150.350115,-34.102529],[150.350476,-34.10241],[150.351202,-34.100686],[150.351795,-34.100095],[150.352446,-34.099703],[150.354006,-34.099367],[150.355135,-34.098959],[150.356384,-34.097147],[150.356885,-34.096725],[150.357833,-34.096196],[150.358707,-34.095268],[150.359311,-34.094325],[150.359714,-34.09391],[150.360216,-34.093795],[150.361093,-34.093805],[150.361497,-34.093714],[150.362751,-34.09311],[150.363363,-34.092952],[150.363905,-34.092918],[150.364238,-34.093016],[150.364728,-34.093315],[150.365518,-34.094017],[150.365853,-34.094412],[150.365984,-34.094721],[150.365653,-34.095282],[150.365396,-34.095511],[150.365347,-34.095708],[150.364862,-34.095977],[150.364515,-34.096321],[150.363811,-34.09737],[150.363805,-34.097541],[150.364321,-34.098039],[150.365079,-34.098416],[150.366383,-34.098651],[150.366701,-34.098532],[150.367152,-34.097956],[150.367364,-34.097392],[150.367517,-34.097368],[150.367818,-34.09778],[150.36923,-34.097685],[150.369554,-34.097728],[150.369691,-34.097857],[150.369729,-34.098029],[150.369653,-34.098379],[150.369745,-34.098561],[150.369917,-34.098601],[150.37032,-34.098546],[150.370552,-34.098398],[150.370784,-34.097907],[150.370951,-34.097749],[150.372353,-34.097986],[150.373508,-34.097767],[150.374495,-34.098086],[150.375412,-34.097871],[150.376034,-34.098074],[150.376294,-34.098079],[150.37659,-34.097977],[150.376879,-34.097749],[150.379122,-34.097391],[150.379975,-34.096806],[150.380495,-34.09679],[150.380552,-34.09671],[150.380491,-34.096591],[150.380151,-34.096359],[150.380188,-34.096224],[150.381006,-34.096025],[150.381377,-34.096295],[150.381646,-34.096373],[150.382705,-34.096467],[150.383209,-34.096289],[150.384198,-34.095507],[150.384297,-34.095104],[150.384241,-34.094787],[150.383941,-34.094339],[150.383969,-34.094132],[150.384083,-34.093945],[150.38428,-34.093877],[150.384481,-34.094035],[150.384744,-34.093959],[150.385156,-34.09359],[150.385283,-34.09334],[150.385236,-34.093113],[150.385089,-34.092948],[150.384703,-34.092823],[150.384861,-34.092628],[150.385521,-34.092308],[150.385902,-34.092244],[150.386199,-34.092458],[150.385969,-34.092525],[150.385888,-34.092677],[150.386097,-34.092951],[150.38751,-34.093513],[150.389096,-34.093376],[150.389521,-34.093295],[150.389928,-34.093114],[150.391125,-34.092238],[150.391791,-34.092072],[150.392056,-34.091924],[150.392911,-34.091248],[150.393039,-34.090944],[150.392969,-34.090781],[150.393217,-34.090795],[150.393441,-34.090565],[150.393424,-34.089699],[150.393557,-34.089621],[150.394954,-34.089984],[150.395402,-34.089877],[150.395806,-34.089407],[150.396802,-34.088725],[150.397206,-34.087923],[150.398567,-34.087365],[150.399311,-34.086777],[150.400105,-34.086668],[150.400415,-34.086476],[150.400708,-34.086076],[150.400816,-34.085754],[150.400812,-34.085511],[150.400544,-34.08473],[150.400545,-34.084324],[150.400376,-34.083491],[150.400433,-34.083393],[150.400918,-34.083476],[150.401441,-34.084082],[150.401738,-34.084286],[150.402273,-34.084171],[150.402571,-34.083988],[150.40328,-34.083111],[150.404314,-34.082961],[150.404783,-34.082511],[150.406995,-34.081404],[150.407947,-34.080739],[150.408226,-34.080457],[150.408263,-34.080304],[150.40751,-34.080126],[150.406861,-34.079761],[150.406402,-34.079156],[150.406107,-34.078906],[150.405995,-34.078652],[150.406065,-34.078482],[150.40626,-34.078486],[150.406891,-34.078779],[150.407406,-34.078916],[150.409236,-34.078972],[150.409712,-34.078288],[150.409976,-34.078141],[150.410197,-34.077658],[150.410307,-34.077246],[150.41029,-34.077092],[150.410059,-34.076862],[150.410108,-34.076647],[150.410431,-34.076365],[150.410745,-34.076372],[150.411042,-34.076243],[150.41157,-34.075253],[150.412044,-34.074641],[150.4126,-34.074148],[150.412665,-34.073798],[150.412509,-34.073587],[150.412452,-34.073333],[150.413066,-34.073094],[150.413266,-34.072927],[150.413686,-34.072305],[150.413945,-34.071607],[150.413802,-34.071333],[150.413257,-34.070736],[150.413317,-34.070548],[150.413234,-34.070402],[150.412924,-34.070296],[150.412044,-34.070368],[150.411255,-34.070315],[150.411118,-34.070168],[150.411219,-34.070062],[150.411723,-34.069883],[150.41238,-34.069293],[150.41245,-34.069123],[150.41233,-34.068805],[150.411889,-34.068327],[150.411749,-34.068306],[150.411374,-34.068542],[150.411268,-34.06844],[150.411232,-34.068223],[150.410815,-34.068034],[150.410738,-34.067717],[150.410449,-34.067585],[150.410466,-34.067405],[150.410714,-34.067094],[150.410527,-34.066829],[150.410623,-34.066497],[150.410599,-34.066235],[150.410375,-34.065401],[150.410138,-34.065018],[150.409668,-34.065152],[150.409231,-34.065621],[150.408902,-34.065758],[150.408675,-34.065735],[150.408636,-34.065608],[150.408912,-34.065073],[150.409049,-34.064129],[150.408844,-34.063737],[150.408261,-34.063319],[150.407603,-34.063576],[150.407475,-34.063519],[150.407506,-34.063222],[150.407359,-34.063075],[150.407015,-34.062986],[150.406966,-34.062823],[150.407044,-34.062383],[150.406678,-34.062312],[150.406404,-34.062406],[150.406158,-34.062653],[150.405895,-34.062746],[150.405829,-34.062447],[150.405599,-34.062163],[150.404937,-34.062203],[150.403757,-34.062539],[150.403359,-34.062801],[150.402874,-34.063431],[150.40272,-34.063518],[150.402559,-34.063469],[150.402224,-34.063083],[150.401966,-34.063006],[150.40125,-34.063063],[150.400175,-34.06277],[150.399845,-34.062582],[150.399808,-34.062374],[150.401579,-34.061853],[150.402806,-34.061058],[150.402929,-34.060908],[150.402846,-34.060807],[150.400567,-34.060569],[150.400519,-34.060388],[150.400578,-34.060218],[150.401425,-34.060146],[150.402545,-34.059664],[150.402691,-34.059487],[150.402244,-34.059243],[150.402249,-34.059072],[150.403081,-34.058783],[150.403974,-34.058613],[150.404288,-34.058259],[150.40435,-34.058017],[150.404167,-34.057265],[150.404047,-34.055892],[150.404313,-34.054978],[150.404312,-34.054293],[150.404507,-34.054297],[150.40487,-34.054476],[150.405097,-34.054841],[150.405534,-34.056131],[150.405813,-34.056587],[150.406057,-34.056746],[150.406349,-34.056761],[150.40659,-34.056658],[150.40707,-34.056208],[150.407434,-34.055639],[150.407664,-34.054823],[150.408058,-34.053975],[150.409062,-34.052319],[150.409242,-34.052107],[150.40967,-34.051927],[150.409828,-34.051722],[150.410725,-34.051056],[150.411222,-34.050382],[150.411235,-34.049949],[150.411317,-34.049752],[150.411729,-34.049374],[150.411811,-34.049195],[150.41175,-34.049058],[150.411132,-34.048703],[150.411148,-34.048559],[150.411718,-34.048318],[150.41223,-34.047887],[150.412447,-34.047504],[150.412786,-34.04634],[150.412703,-34.046221],[150.411925,-34.045799],[150.411322,-34.045335],[150.41125,-34.045189],[150.412105,-34.045225],[150.412443,-34.045142],[150.412393,-34.045006],[150.411978,-34.044754],[150.411875,-34.04458],[150.41239,-34.044041],[150.412451,-34.043817],[150.412035,-34.042889],[150.412268,-34.042344],[150.412286,-34.04211],[150.411428,-34.041109],[150.411464,-34.04102],[150.411884,-34.041092],[150.411945,-34.041201],[150.412373,-34.04139],[150.412679,-34.041298],[150.413273,-34.040634],[150.413279,-34.040436],[150.413033,-34.03998],[150.413106,-34.03972],[150.413576,-34.039225],[150.41367,-34.038966],[150.413595,-34.038234],[150.413235,-34.037956],[150.413252,-34.037767],[150.413386,-34.037643],[150.413644,-34.037676],[150.414761,-34.037988],[150.41523,-34.037538],[150.415556,-34.036779],[150.416023,-34.036392],[150.41607,-34.036248],[150.41589,-34.036109],[150.414939,-34.036071],[150.415395,-34.035675],[150.416133,-34.035619],[150.416233,-34.035522],[150.416354,-34.035109],[150.416311,-34.034748],[150.416396,-34.034434],[150.416262,-34.034215],[150.416419,-34.03402],[150.417286,-34.03366],[150.417675,-34.033325],[150.417558,-34.032881],[150.417569,-34.03253],[150.417982,-34.031763],[150.417895,-34.031418],[150.417986,-34.031294],[150.418458,-34.03107],[150.418571,-34.030901],[150.418711,-34.03057],[150.41874,-34.029633],[150.418842,-34.029464],[150.419771,-34.028843],[150.419802,-34.028529],[150.419338,-34.028104],[150.419299,-34.027977],[150.419552,-34.027487],[150.419719,-34.026634],[150.419969,-34.026215],[150.420665,-34.0254],[150.42067,-34.025238],[150.42,-34.024845],[150.41994,-34.024691],[150.419967,-34.024502],[150.420268,-34.02422],[150.420273,-34.024067],[150.419702,-34.023604],[150.418298,-34.023115],[150.418194,-34.023004],[150.419648,-34.0229],[150.420289,-34.022462],[150.421154,-34.022138],[150.421076,-34.021487],[150.421117,-34.021227],[150.421206,-34.021147],[150.421528,-34.021217],[150.421768,-34.021159],[150.421978,-34.020659],[150.422303,-34.020305],[150.42228,-34.019637],[150.422449,-34.019415],[150.422489,-34.019155],[150.422187,-34.018049],[150.422322,-34.016807],[150.422454,-34.016738],[150.423221,-34.016799],[150.423716,-34.016548],[150.425291,-34.01458],[150.425347,-34.013796],[150.425459,-34.013673],[150.426066,-34.01364],[150.426333,-34.01342],[150.42688,-34.012864],[150.427283,-34.01207],[150.427976,-34.012057],[150.428173,-34.011989],[150.428364,-34.011768],[150.428525,-34.011447],[150.428355,-34.010614],[150.428392,-34.01047],[150.428536,-34.010383],[150.42913,-34.010432],[150.4309,-34.009865],[150.431292,-34.009449],[150.431385,-34.008874],[150.431707,-34.008232],[150.431368,-34.007648],[150.431455,-34.00728],[150.431316,-34.007196],[150.430731,-34.00722],[150.430067,-34.00662],[150.429998,-34.006402],[150.430204,-34.006028],[150.430758,-34.005598],[150.430668,-34.00537],[150.429739,-34.004936],[150.429456,-34.004642],[150.429272,-34.004268],[150.429426,-34.003848],[150.429374,-34.003765],[150.427796,-34.003336],[150.427499,-34.003131],[150.427625,-34.002881],[150.428527,-34.002062],[150.429024,-34.002081],[150.429113,-34.002011],[150.428993,-34.001666],[150.42874,-34.001462],[150.427712,-34.001432],[150.426886,-34.001207],[150.426344,-34.001223],[150.426112,-34.00138],[150.42597,-34.002135],[150.425855,-34.002367],[150.425656,-34.002489],[150.424738,-34.002433],[150.424399,-34.001822],[150.424144,-34.001664],[150.422573,-34.001342],[150.422514,-34.001152],[150.422672,-34.000596],[150.422383,-34.000121],[150.422623,-33.999333],[150.422644,-33.999009],[150.422289,-33.998578],[150.422088,-33.998411],[150.421219,-33.998167],[150.420762,-33.997887],[150.420319,-33.997842],[150.419715,-33.998136],[150.41927,-33.998532],[150.418994,-33.999076],[150.418983,-33.999788],[150.418861,-34.000246],[150.418662,-34.000395],[150.416141,-34.001054],[150.415514,-34.001383],[150.4149,-34.001298],[150.414323,-34.001421],[150.414091,-34.001579],[150.413977,-34.001766],[150.413997,-34.002163],[150.413887,-34.002224],[150.413728,-34.002103],[150.413659,-34.001894],[150.413487,-34.001864],[150.413249,-34.002201],[150.413076,-34.002179],[150.412835,-34.001922],[150.412611,-34.001827],[150.412254,-34.001811],[150.411197,-34.002041],[150.41079,-34.002267],[150.410565,-34.002532],[150.410359,-34.003628],[150.410796,-34.004548],[150.410821,-34.004792],[150.410506,-34.004839],[150.41013,-34.004759],[150.409997,-34.004837],[150.409348,-34.00696],[150.409373,-34.007222],[150.409964,-34.00737],[150.409982,-34.007478],[150.409218,-34.007688],[150.408647,-34.007604],[150.4084,-34.007878],[150.408322,-34.008309],[150.408189,-34.008414],[150.407581,-34.008456],[150.406713,-34.008879],[150.405058,-34.009205],[150.404527,-34.009933],[150.404397,-34.0103],[150.404506,-34.010608],[150.40484,-34.01103],[150.404557,-34.011078],[150.404011,-34.010886],[150.403793,-34.010945],[150.403591,-34.011157],[150.403531,-34.011706],[150.403388,-34.011784],[150.40263,-34.011452],[150.401282,-34.011613],[150.400841,-34.012244],[150.399802,-34.013295],[150.39932,-34.013492],[150.396975,-34.013704],[150.3962,-34.013895],[150.395695,-34.014136],[150.395404,-34.014446],[150.394833,-34.015777],[150.394472,-34.016256],[150.39405,-34.016572],[150.39329,-34.016664],[150.393721,-34.016357],[150.393958,-34.016065],[150.394522,-34.014959],[150.394855,-34.013983],[150.395081,-34.013664],[150.398914,-34.012248],[150.39969,-34.011291],[150.400133,-34.010597],[150.400561,-34.010408],[150.402121,-34.010378],[150.402589,-34.010298],[150.40282,-34.010167],[150.402991,-34.009882],[150.40326,-34.008509],[150.403458,-34.008423],[150.40391,-34.008504],[150.40454,-34.008094],[150.405435,-34.007842],[150.40696,-34.006477],[150.407012,-34.006181],[150.406835,-34.0056],[150.406818,-34.005086],[150.406889,-34.004889],[150.407076,-34.004776],[150.407553,-34.00475],[150.407687,-34.004635],[150.408015,-34.003461],[150.4075,-34.002603],[150.407227,-34.0023],[150.406877,-34.002067],[150.406466,-34.002067],[150.406131,-34.001691],[150.405809,-34.001585],[150.405802,-34.001485],[150.405946,-34.001371],[150.406585,-34.000997],[150.406754,-34.000766],[150.406772,-34.000559],[150.40638,-33.999568],[150.406204,-33.999303],[150.40598,-33.99919],[150.405277,-33.999157],[150.405075,-33.999036],[150.405083,-33.998783],[150.405185,-33.998623],[150.405513,-33.998513],[150.405497,-33.998332],[150.405624,-33.998074],[150.405512,-33.997855],[150.404934,-33.997617],[150.404239,-33.99772],[150.403817,-33.997693],[150.403401,-33.997486],[150.403233,-33.997311],[150.403999,-33.997399],[150.404995,-33.996699],[150.405189,-33.996703],[150.406085,-33.997155],[150.406715,-33.997781],[150.40751,-33.997293],[150.407496,-33.997022],[150.407402,-33.996903],[150.407461,-33.996769],[150.407713,-33.996648],[150.408038,-33.996628],[150.408521,-33.996764],[150.409221,-33.996545],[150.410027,-33.996715],[150.410572,-33.9966],[150.411154,-33.995972],[150.412179,-33.995724],[150.412909,-33.995207],[150.413262,-33.994628],[150.413024,-33.99429],[150.413043,-33.99402],[150.413193,-33.993689],[150.41397,-33.993075],[150.414329,-33.992649],[150.414602,-33.992204],[150.414611,-33.991547],[150.415537,-33.990295],[150.415564,-33.990097],[150.41521,-33.98963],[150.415707,-33.988594],[150.415687,-33.988188],[150.415822,-33.988029],[150.416411,-33.987879],[150.416876,-33.987519],[150.41767,-33.986679],[150.417832,-33.986349],[150.417837,-33.98616],[150.417693,-33.985905],[150.417848,-33.985791],[150.417708,-33.985427],[150.417899,-33.985197],[150.417938,-33.98499],[150.417665,-33.984696],[150.417716,-33.984084],[150.417852,-33.983879],[150.417705,-33.983723],[150.417886,-33.983474],[150.417838,-33.983266],[150.417924,-33.982934],[150.417866,-33.982708],[150.417408,-33.982464],[150.416998,-33.982428],[150.416472,-33.982633],[150.416389,-33.982523],[150.417185,-33.981612],[150.417429,-33.981058],[150.417737,-33.980902],[150.417972,-33.980636],[150.418099,-33.980369],[150.418008,-33.979817],[150.418204,-33.979415],[150.417856,-33.979101],[150.417447,-33.97903],[150.417055,-33.979102],[150.416485,-33.978649],[150.416066,-33.978532],[150.415953,-33.97834],[150.415938,-33.978123],[150.415408,-33.977752],[150.41448,-33.97766],[150.413332,-33.977699],[150.413119,-33.977586],[150.41319,-33.97738],[150.413537,-33.976982],[150.415239,-33.975828],[150.415763,-33.975658],[150.41671,-33.975498],[150.417062,-33.975298],[150.417194,-33.974877],[150.417087,-33.974127],[150.415763,-33.97244],[150.415248,-33.972312],[150.415048,-33.972136],[150.415096,-33.971975],[150.415707,-33.971808],[150.417422,-33.97234],[150.417644,-33.972146],[150.417718,-33.971868],[150.417776,-33.971364],[150.41762,-33.971163],[150.416997,-33.971014],[150.416827,-33.970903],[150.41681,-33.97074],[150.416971,-33.970437],[150.417182,-33.970261],[150.417707,-33.970074],[150.417811,-33.96985],[150.417776,-33.969588],[150.41761,-33.969332],[150.416652,-33.968816],[150.416453,-33.968614],[150.416388,-33.968261],[150.416264,-33.968069],[150.415901,-33.967881],[150.416049,-33.967659],[150.416358,-33.967467],[150.416945,-33.967353],[150.417188,-33.967187],[150.417449,-33.966453],[150.417978,-33.965761],[150.41813,-33.965403],[150.418246,-33.964784],[150.418506,-33.964411],[150.418603,-33.964052],[150.419118,-33.963486],[150.41917,-33.962856],[150.419513,-33.962944],[150.419947,-33.962926],[150.420884,-33.962351],[150.420911,-33.962162],[150.420036,-33.962117],[150.419835,-33.96195],[150.420237,-33.961905],[150.421928,-33.960723],[150.422872,-33.960283],[150.423558,-33.959774],[150.42484,-33.959233],[150.425534,-33.958833],[150.425968,-33.958418],[150.426244,-33.957892],[150.426332,-33.957488],[150.4262,-33.957179],[150.426013,-33.956923],[150.424936,-33.956404],[150.424793,-33.95614],[150.424866,-33.95588],[150.425076,-33.955722],[150.425587,-33.955625],[150.426126,-33.955329],[150.426528,-33.954941],[150.426743,-33.954603],[150.426566,-33.954392],[150.42616,-33.954212],[150.426027,-33.953957],[150.426167,-33.953257],[150.426486,-33.952714],[150.426668,-33.952086],[150.426636,-33.951707],[150.426712,-33.95133],[150.426881,-33.951099],[150.427486,-33.951139],[150.427801,-33.9511],[150.428021,-33.95097],[150.428189,-33.950766],[150.428309,-33.95039],[150.42826,-33.949857],[150.428058,-33.949735],[150.427133,-33.949923],[150.426459,-33.949675],[150.426091,-33.949676],[150.425532,-33.949547],[150.425313,-33.949308],[150.425461,-33.949059],[150.426309,-33.948175],[150.426746,-33.947319],[150.426746,-33.946624],[150.426653,-33.946451],[150.426471,-33.946402],[150.425754,-33.946865],[150.424702,-33.946609],[150.424461,-33.946694],[150.424204,-33.946977],[150.42344,-33.94825],[150.423064,-33.94854],[150.422575,-33.948611],[150.42196,-33.948553],[150.421382,-33.94836],[150.421499,-33.948074],[150.421976,-33.947679],[150.42199,-33.947571],[150.421842,-33.94745],[150.421072,-33.947497],[150.421178,-33.946878],[150.421131,-33.946624],[150.420973,-33.946486],[150.419695,-33.946892],[150.418747,-33.946772],[150.418161,-33.946832],[150.417732,-33.947049],[150.41711,-33.947964],[150.416531,-33.947772],[150.416175,-33.947755],[150.415709,-33.948142],[150.415382,-33.948207],[150.41505,-33.94848],[150.414623,-33.949003],[150.414514,-33.949028],[150.414429,-33.948972],[150.414461,-33.948278],[150.414266,-33.947922],[150.413423,-33.947184],[150.413036,-33.947103],[150.412128,-33.947436],[150.411803,-33.947465],[150.411103,-33.947351],[150.410562,-33.947006],[150.410278,-33.947081],[150.410004,-33.947544],[150.409817,-33.947658],[150.409504,-33.947651],[150.407474,-33.945724],[150.407025,-33.945561],[150.40657,-33.94557],[150.406393,-33.945719],[150.406207,-33.94613],[150.406165,-33.946445],[150.406577,-33.947139],[150.407387,-33.947895],[150.407351,-33.947993],[150.406823,-33.947937],[150.406583,-33.947995],[150.406578,-33.948509],[150.406455,-33.948651],[150.405808,-33.948574],[150.404734,-33.948695],[150.404088,-33.948574],[150.403625,-33.948879],[150.403442,-33.948839],[150.403034,-33.94838],[150.402661,-33.94821],[150.402378,-33.948249],[150.40219,-33.94838],[150.401797,-33.949219],[150.401721,-33.949596],[150.401927,-33.950647],[150.401439,-33.950681],[150.401027,-33.950339],[150.400628,-33.950295],[150.400343,-33.950424],[150.400184,-33.950691],[150.400331,-33.951893],[150.400242,-33.952333],[150.399759,-33.953612],[150.399534,-33.953905],[150.399171,-33.954095],[150.397906,-33.954438],[150.397561,-33.954746],[150.397299,-33.955543],[150.397179,-33.95555],[150.397122,-33.955648],[150.397095,-33.956197],[150.396891,-33.95686],[150.396709,-33.957136],[150.396221,-33.957549],[150.395677,-33.957637],[150.395433,-33.957821],[150.395082,-33.958688],[150.39558,-33.960096],[150.395492,-33.960157],[150.395332,-33.960081],[150.394242,-33.958931],[150.393974,-33.958836],[150.393649,-33.958856],[150.393275,-33.959046],[150.392961,-33.959418],[150.392945,-33.960671],[150.392744,-33.961226],[150.39291,-33.961797],[150.392875,-33.961887],[150.392711,-33.961928],[150.392182,-33.961205],[150.391884,-33.961027],[150.391555,-33.961164],[150.391287,-33.961465],[150.390847,-33.962385],[150.39063,-33.962398],[150.390382,-33.963096],[150.390097,-33.963559],[150.389456,-33.964014],[150.389307,-33.96429],[150.389378,-33.964436],[150.390041,-33.964693],[150.390134,-33.964822],[150.38996,-33.964854],[150.389481,-33.964609],[150.388987,-33.964482],[150.388607,-33.964528],[150.388342,-33.964693],[150.388281,-33.964917],[150.388383,-33.965145],[150.388822,-33.965272],[150.389903,-33.965322],[150.390441,-33.965423],[150.389643,-33.965686],[150.38906,-33.965637],[150.388754,-33.96573],[150.389107,-33.966567],[150.388708,-33.967586],[150.387834,-33.967513],[150.387636,-33.967617],[150.387565,-33.967814],[150.387864,-33.96902],[150.387838,-33.969154],[150.387687,-33.969124],[150.387535,-33.968814],[150.387237,-33.968628],[150.386685,-33.9683],[150.386383,-33.968258],[150.386099,-33.968333],[150.385724,-33.968569],[150.385162,-33.96926],[150.384285,-33.969629],[150.383777,-33.969979],[150.383368,-33.970592],[150.383086,-33.970613],[150.382553,-33.970376],[150.382185,-33.970359],[150.381478,-33.970498],[150.381213,-33.970672],[150.38126,-33.970881],[150.381658,-33.971322],[150.381779,-33.971604],[150.38183,-33.972425],[150.382213,-33.972965],[150.381783,-33.973587],[150.381408,-33.973823],[150.381239,-33.974045],[150.380618,-33.975582],[150.379628,-33.976111],[150.379049,-33.976991],[150.378502,-33.977547],[150.378354,-33.978121],[150.378779,-33.980862],[150.37861,-33.981057],[150.3784,-33.980169],[150.37822,-33.980039],[150.377927,-33.980393],[150.377596,-33.979908],[150.377278,-33.979694],[150.377146,-33.979421],[150.377189,-33.979079],[150.378,-33.97696],[150.378368,-33.974497],[150.378304,-33.974135],[150.378044,-33.973769],[150.378029,-33.973553],[150.378467,-33.973039],[150.378511,-33.972679],[150.378435,-33.972335],[150.377984,-33.971496],[150.378216,-33.971005],[150.378315,-33.970584],[150.378478,-33.970235],[150.378781,-33.969863],[150.378842,-33.96963],[150.37875,-33.969457],[150.378516,-33.969335],[150.378277,-33.969023],[150.378739,-33.96878],[150.379031,-33.968778],[150.379636,-33.96916],[150.379756,-33.969136],[150.379728,-33.96863],[150.380286,-33.967732],[150.380551,-33.967548],[150.380811,-33.967526],[150.381309,-33.967185],[150.381474,-33.966738],[150.381626,-33.966723],[150.381707,-33.966905],[150.381701,-33.967455],[150.381837,-33.967611],[150.382493,-33.967012],[150.382753,-33.967027],[150.382738,-33.967495],[150.382601,-33.967745],[150.382696,-33.968171],[150.382872,-33.968418],[150.383407,-33.968618],[150.383754,-33.968599],[150.384359,-33.96826],[150.38519,-33.967998],[150.385516,-33.967581],[150.386286,-33.967192],[150.386874,-33.966366],[150.386958,-33.966088],[150.386856,-33.965879],[150.386216,-33.965577],[150.386133,-33.964755],[150.386196,-33.964458],[150.386558,-33.963943],[150.386478,-33.963392],[150.386602,-33.963214],[150.387085,-33.962999],[150.38814,-33.962093],[150.38851,-33.961686],[150.389913,-33.959678],[150.390247,-33.95937],[150.390781,-33.959246],[150.390971,-33.959042],[150.391168,-33.958614],[150.391501,-33.957287],[150.391529,-33.956728],[150.391663,-33.956569],[150.391659,-33.95637],[150.391515,-33.956115],[150.391499,-33.955583],[150.391338,-33.955165],[150.391097,-33.954907],[150.391056,-33.9545],[150.390801,-33.954351],[150.390381,-33.954279],[150.390013,-33.954289],[150.389561,-33.954541],[150.389281,-33.954526],[150.389552,-33.954135],[150.390387,-33.953711],[150.391129,-33.95351],[150.391365,-33.953236],[150.391424,-33.953075],[150.391364,-33.952911],[150.391183,-33.952826],[150.390191,-33.952697],[150.390282,-33.952573],[150.390542,-33.952542],[150.39071,-33.952375],[150.39063,-33.952129],[150.390708,-33.952059],[150.391047,-33.951958],[150.391432,-33.95211],[150.39225,-33.951893],[150.392491,-33.951781],[150.392605,-33.951576],[150.392024,-33.950762],[150.392152,-33.950133],[150.392834,-33.949399],[150.392901,-33.948968],[150.392705,-33.948675],[150.392637,-33.948404],[150.392721,-33.948153],[150.392684,-33.947945],[150.392849,-33.947489],[150.392727,-33.947252],[150.392395,-33.947136],[150.392285,-33.946845],[150.39285,-33.946407],[150.392586,-33.945824],[150.392883,-33.945686],[150.39364,-33.945675],[150.393743,-33.945506],[150.393743,-33.945136],[150.393491,-33.944888],[150.392833,-33.94482],[150.391745,-33.945022],[150.391674,-33.944894],[150.391852,-33.944727],[150.393072,-33.944085],[150.393374,-33.944119],[150.394076,-33.943782],[150.394843,-33.943843],[150.395335,-33.943656],[150.395782,-33.943187],[150.396134,-33.942987],[150.396315,-33.94273],[150.396346,-33.942433],[150.396227,-33.942061],[150.396009,-33.941786],[150.395638,-33.941525],[150.396027,-33.940821],[150.396035,-33.940569],[150.395746,-33.940455],[150.395119,-33.940469],[150.394208,-33.939818],[150.393595,-33.939715],[150.393403,-33.939603],[150.39336,-33.939259],[150.39276,-33.938715],[150.392699,-33.938578],[150.393175,-33.938219],[150.393268,-33.938022],[150.392934,-33.937618],[150.393214,-33.936939],[150.393158,-33.936668],[150.392453,-33.935652],[150.39251,-33.935563],[150.392918,-33.935662],[150.393038,-33.935619],[150.393057,-33.935358],[150.392873,-33.935003],[150.392909,-33.934904],[150.393383,-33.93495],[150.394574,-33.935282],[150.395803,-33.935416],[150.396379,-33.935672],[150.396681,-33.935696],[150.397031,-33.935569],[150.397288,-33.935304],[150.396763,-33.934788],[150.395866,-33.934408],[150.395456,-33.934021],[150.395125,-33.93386],[150.394242,-33.933725],[150.393786,-33.933453],[150.393259,-33.933704],[150.393067,-33.9336],[150.39301,-33.933347],[150.392817,-33.933307],[150.391332,-33.93341],[150.390865,-33.932769],[150.39145,-33.932728],[150.391772,-33.932446],[150.392307,-33.932295],[150.392476,-33.932073],[150.392917,-33.931785],[150.393041,-33.931626],[150.393011,-33.931535],[150.39283,-33.931468],[150.392297,-33.931565],[150.391549,-33.931242],[150.391297,-33.931012],[150.391425,-33.930699],[150.391388,-33.930518],[150.391251,-33.930371],[150.390761,-33.930126],[150.390502,-33.930111],[150.390142,-33.93023],[150.389885,-33.930152],[150.389156,-33.929208],[150.387335,-33.928286],[150.386661,-33.927686],[150.386532,-33.927683],[150.385848,-33.928462],[150.385383,-33.928804],[150.385244,-33.928774],[150.385341,-33.928424],[150.385702,-33.927927],[150.38563,-33.927465],[150.385148,-33.927302],[150.385004,-33.927398],[150.384798,-33.927799],[150.384702,-33.927734],[150.384349,-33.927267],[150.384147,-33.926433],[150.383968,-33.926285],[150.383332,-33.926209],[150.383614,-33.925818],[150.383324,-33.925767],[150.38318,-33.92552],[150.38301,-33.925435],[150.383056,-33.924968],[150.383214,-33.924773],[150.383521,-33.924617],[150.383701,-33.924386],[150.383576,-33.92423],[150.38319,-33.924123],[150.382058,-33.924018],[150.381732,-33.923713],[150.38284,-33.923548],[150.38292,-33.923414],[150.382862,-33.923178],[150.382338,-33.922662],[150.381756,-33.922235],[150.381632,-33.922043],[150.381845,-33.921787],[150.381876,-33.921499],[150.381536,-33.920923],[150.381417,-33.920939],[150.381197,-33.920357],[150.38089,-33.920125],[150.380822,-33.91989],[150.380674,-33.91976],[150.380448,-33.919728],[150.380388,-33.919934],[150.38008,-33.920108],[150.379813,-33.920003],[150.379492,-33.920222],[150.379368,-33.919336],[150.37952,-33.9186],[150.379434,-33.918255],[150.379221,-33.918152],[150.379056,-33.91822],[150.379092,-33.918834],[150.37892,-33.919128],[150.37868,-33.919204],[150.378513,-33.919354],[150.37841,-33.91991],[150.378278,-33.91998],[150.37777,-33.919608],[150.377816,-33.919167],[150.377737,-33.918913],[150.377454,-33.918637],[150.377582,-33.918324],[150.377534,-33.918125],[150.377657,-33.917649],[150.37829,-33.91677],[150.378289,-33.916428],[150.378056,-33.916279],[150.377803,-33.916435],[150.377152,-33.917188],[150.376736,-33.917359],[150.376524,-33.91758],[150.376426,-33.917939],[150.37626,-33.91807],[150.376123,-33.917959],[150.375489,-33.916765],[150.375352,-33.915932],[150.375473,-33.915178],[150.375123,-33.914936],[150.3749,-33.915166],[150.374816,-33.915452],[150.374304,-33.918029],[150.374101,-33.918655],[150.374144,-33.919008],[150.374,-33.919492],[150.374403,-33.920808],[150.375109,-33.922112],[150.375205,-33.922484],[150.375138,-33.922563],[150.37487,-33.922503],[150.374149,-33.922037],[150.3737,-33.921847],[150.372992,-33.922031],[150.372681,-33.921925],[150.372377,-33.921963],[150.372048,-33.922119],[150.371929,-33.922477],[150.371926,-33.923261],[150.372202,-33.924159],[150.37256,-33.924446],[150.373908,-33.924935],[150.374343,-33.925206],[150.374743,-33.925584],[150.374696,-33.925682],[150.374292,-33.925809],[150.373981,-33.926091],[150.373266,-33.927184],[150.37244,-33.928726],[150.37215,-33.929009],[150.371987,-33.929384],[150.372378,-33.929671],[150.372879,-33.929908],[150.373535,-33.930742],[150.373373,-33.931793],[150.373042,-33.932012],[150.372868,-33.932044],[150.372795,-33.931952],[150.372851,-33.93153],[150.372679,-33.931138],[150.371651,-33.930116],[150.371335,-33.929848],[150.371004,-33.929696],[150.370694,-33.929212],[150.371092,-33.928932],[150.371619,-33.927627],[150.37157,-33.927112],[150.371356,-33.926702],[150.370836,-33.926366],[150.369986,-33.926213],[150.369154,-33.926213],[150.368877,-33.926414],[150.36859,-33.926967],[150.368667,-33.927618],[150.368549,-33.92794],[150.368305,-33.928133],[150.368077,-33.928155],[150.367877,-33.927989],[150.367582,-33.927387],[150.368039,-33.925522],[150.368012,-33.925016],[150.368329,-33.924554],[150.368471,-33.924161],[150.368434,-33.923583],[150.368594,-33.923307],[150.36867,-33.922948],[150.368483,-33.922701],[150.368065,-33.922574],[150.367782,-33.922649],[150.367345,-33.923145],[150.366758,-33.923574],[150.366497,-33.923974],[150.366405,-33.924504],[150.366465,-33.925362],[150.366336,-33.925693],[150.366136,-33.92586],[150.365741,-33.926771],[150.365487,-33.926928],[150.364687,-33.92692],[150.364325,-33.927092],[150.364255,-33.927587],[150.36439,-33.927788],[150.365347,-33.928647],[150.365382,-33.928945],[150.364261,-33.928101],[150.363907,-33.928003],[150.363751,-33.928171],[150.363458,-33.928904],[150.363339,-33.928901],[150.3632,-33.928502],[150.363436,-33.927839],[150.363535,-33.926742],[150.36403,-33.925788],[150.364474,-33.9254],[150.364584,-33.925006],[150.364606,-33.923231],[150.364794,-33.922757],[150.366035,-33.92144],[150.365913,-33.921158],[150.36532,-33.920749],[150.364878,-33.920703],[150.364601,-33.92095],[150.364444,-33.92146],[150.364517,-33.922616],[150.36433,-33.923053],[150.364081,-33.923075],[150.363753,-33.922834],[150.36318,-33.922118],[150.362882,-33.921959],[150.36258,-33.921943],[150.362316,-33.922082],[150.36222,-33.922747],[150.36225,-33.923892],[150.362159,-33.924017],[150.362021,-33.923942],[150.361744,-33.92344],[150.361482,-33.923173],[150.361266,-33.923168],[150.361035,-33.923289],[150.360719,-33.923715],[150.360494,-33.924351],[150.360402,-33.924889],[150.360569,-33.925777],[150.360437,-33.925846],[150.359819,-33.92522],[150.359715,-33.924712],[150.359792,-33.923984],[150.360195,-33.922821],[150.361124,-33.921101],[150.361528,-33.92064],[150.362422,-33.920056],[150.36267,-33.919736],[150.362701,-33.91943],[150.36217,-33.918409],[150.361741,-33.918292],[150.360981,-33.920151],[150.360876,-33.920735],[150.360421,-33.921473],[150.359494,-33.922418],[150.358979,-33.923687],[150.358831,-33.924288],[150.358664,-33.924447],[150.358497,-33.924245],[150.358288,-33.923654],[150.358477,-33.923144],[150.358474,-33.922874],[150.358333,-33.922555],[150.358033,-33.922441],[150.356795,-33.922621],[150.356369,-33.922765],[150.356134,-33.923004],[150.355661,-33.923625],[150.355584,-33.92402],[150.355619,-33.924291],[150.355825,-33.924611],[150.355878,-33.925],[150.355546,-33.925606],[150.355506,-33.925839],[150.355605,-33.926121],[150.355586,-33.926409],[150.355402,-33.926414],[150.355189,-33.926292],[150.35526,-33.925041],[150.355179,-33.924859],[150.355029,-33.924828],[150.354989,-33.924719],[150.355129,-33.924389],[150.355028,-33.923809],[150.355341,-33.92277],[150.355733,-33.922346],[150.358961,-33.921135],[150.359341,-33.92072],[150.359471,-33.920353],[150.35958,-33.919652],[150.359695,-33.919411],[150.359738,-33.918736],[150.35993,-33.91846],[150.359996,-33.918056],[150.359791,-33.915951],[150.359632,-33.91584],[150.359404,-33.915871],[150.358552,-33.91652],[150.358371,-33.916399],[150.358487,-33.915797],[150.358697,-33.915315],[150.359301,-33.914661],[150.359355,-33.914328],[150.359232,-33.914109],[150.359009,-33.91396],[150.35863,-33.913988],[150.35822,-33.914313],[150.357877,-33.9149],[150.357525,-33.9151],[150.356883,-33.915231],[150.356524,-33.915647],[150.356378,-33.916157],[150.356464,-33.916881],[150.356694,-33.917498],[150.35697,-33.917649],[150.357123,-33.917958],[150.356381,-33.919214],[150.356241,-33.919211],[150.356238,-33.918616],[150.356076,-33.9179],[150.355831,-33.917768],[150.355697,-33.917225],[150.355456,-33.916967],[150.355338,-33.916595],[150.355318,-33.915819],[150.355042,-33.915669],[150.354255,-33.91558],[150.353895,-33.915689],[150.353564,-33.915908],[150.352947,-33.916625],[150.352577,-33.916698],[150.352341,-33.917675],[150.352232,-33.917718],[150.352082,-33.917661],[150.351715,-33.91695],[150.35165,-33.916615],[150.352298,-33.915222],[150.352144,-33.914949],[150.351792,-33.914797],[150.351445,-33.914834],[150.351245,-33.915019],[150.351328,-33.915463],[150.351106,-33.91636],[150.350924,-33.916644],[150.350616,-33.916809],[150.349867,-33.917622],[150.349756,-33.918052],[150.34982,-33.918442],[150.35064,-33.919875],[150.351033,-33.920126],[150.350777,-33.920689],[150.350543,-33.92163],[150.350421,-33.9217],[150.350033,-33.919934],[150.349799,-33.91946],[150.349257,-33.919142],[150.348914,-33.919053],[150.348716,-33.919157],[150.348677,-33.919355],[150.348919,-33.921343],[150.348237,-33.92415],[150.348064,-33.924137],[150.347419,-33.922627],[150.347376,-33.922247],[150.347474,-33.92188],[150.347413,-33.921058],[150.347326,-33.920389],[150.347148,-33.919862],[150.346648,-33.919572],[150.345723,-33.919408],[150.345352,-33.919517],[150.345236,-33.919785],[150.34512,-33.920378],[150.345153,-33.92073],[150.345071,-33.920918],[150.344569,-33.920032],[150.344271,-33.919873],[150.343209,-33.919931],[150.342748,-33.920164],[150.342257,-33.920658],[150.341949,-33.921148],[150.341905,-33.921525],[150.342009,-33.922005],[150.341957,-33.922284],[150.341334,-33.922496],[150.341069,-33.923031],[150.341158,-33.923303],[150.341423,-33.923462],[150.34128,-33.923892],[150.341135,-33.924024],[150.341116,-33.924303],[150.341247,-33.924594],[150.341257,-33.924991],[150.340963,-33.925382],[150.341042,-33.925654],[150.340829,-33.927263],[150.340601,-33.927303],[150.340459,-33.927002],[150.340319,-33.925927],[150.340224,-33.925528],[150.340069,-33.92529],[150.339725,-33.925229],[150.338949,-33.925464],[150.33813,-33.924329],[150.33785,-33.924314],[150.337636,-33.92457],[150.337539,-33.924902],[150.337484,-33.92564],[150.337153,-33.92584],[150.337042,-33.926279],[150.336973,-33.926765],[150.337149,-33.928067],[150.33702,-33.928379],[150.337038,-33.928831],[150.336907,-33.928873],[150.335476,-33.928644],[150.334934,-33.928677],[150.333363,-33.928445],[150.332928,-33.928507],[150.332663,-33.928673],[150.332516,-33.928895],[150.332528,-33.929184],[150.33336,-33.930599],[150.333296,-33.93094],[150.333184,-33.931037],[150.332046,-33.929732],[150.331821,-33.929322],[150.33186,-33.928421],[150.332052,-33.928164],[150.332572,-33.927787],[150.335255,-33.928089],[150.335656,-33.928061],[150.335919,-33.92795],[150.336125,-33.927603],[150.335943,-33.926833],[150.336009,-33.926131],[150.336333,-33.92474],[150.33663,-33.924242],[150.336569,-33.923763],[150.33621,-33.923494],[150.335793,-33.923322],[150.335818,-33.923233],[150.336222,-33.923097],[150.336346,-33.922947],[150.336374,-33.922731],[150.336052,-33.922318],[150.335222,-33.921877],[150.334202,-33.921647],[150.333904,-33.921487],[150.335912,-33.921603],[150.336111,-33.921463],[150.336112,-33.921779],[150.336352,-33.922036],[150.336651,-33.922187],[150.336932,-33.922193],[150.337804,-33.921951],[150.338302,-33.921943],[150.338817,-33.922081],[150.339366,-33.922498],[150.339656,-33.922577],[150.339822,-33.922445],[150.340087,-33.921928],[150.340615,-33.921299],[150.340834,-33.920502],[150.341252,-33.920267],[150.341414,-33.919919],[150.34221,-33.919738],[150.342408,-33.919607],[150.342446,-33.919427],[150.342449,-33.919004],[150.342287,-33.91864],[150.342129,-33.91851],[150.341578,-33.91848],[150.340396,-33.918247],[150.339523,-33.917805],[150.3392,-33.917744],[150.338657,-33.917831],[150.338524,-33.917945],[150.33849,-33.918323],[150.338311,-33.918536],[150.338235,-33.918183],[150.338014,-33.917997],[150.336845,-33.917675],[150.336484,-33.917117],[150.336252,-33.916932],[150.336049,-33.916855],[150.335688,-33.916982],[150.335516,-33.916961],[150.335673,-33.916766],[150.33587,-33.91668],[150.336325,-33.916672],[150.337014,-33.917119],[150.337442,-33.917264],[150.338361,-33.917257],[150.33851,-33.916989],[150.338336,-33.916688],[150.337977,-33.916392],[150.337531,-33.916139],[150.336689,-33.915399],[150.336474,-33.915359],[150.335165,-33.915709],[150.33476,-33.91552],[150.333975,-33.915386],[150.333726,-33.915065],[150.333406,-33.914923],[150.333518,-33.914799],[150.333743,-33.914858],[150.334007,-33.915071],[150.334606,-33.915255],[150.335243,-33.915296],[150.335493,-33.915247],[150.33567,-33.915116],[150.336292,-33.914615],[150.336551,-33.914279],[150.336677,-33.914407],[150.337158,-33.91458],[150.337944,-33.915363],[150.338403,-33.915554],[150.338775,-33.915417],[150.339141,-33.915119],[150.341317,-33.915049],[150.341596,-33.915118],[150.341999,-33.915388],[150.34245,-33.915821],[150.342817,-33.916533],[150.343486,-33.916944],[150.344711,-33.917529],[150.345899,-33.917582],[150.346229,-33.917409],[150.346259,-33.916427],[150.346499,-33.916387],[150.3469,-33.916702],[150.34722,-33.916844],[150.347653,-33.916826],[150.34892,-33.916069],[150.349099,-33.915866],[150.349005,-33.915773],[150.348141,-33.915728],[150.34782,-33.915631],[150.347761,-33.915089],[150.347419,-33.914603],[150.347145,-33.914021],[150.346974,-33.913945],[150.346636,-33.914037],[150.346193,-33.913693],[150.345815,-33.913676],[150.344597,-33.914227],[150.344027,-33.913782],[150.343568,-33.913592],[150.343095,-33.913518],[150.342823,-33.913576],[150.341259,-33.9131],[150.340921,-33.912822],[150.340875,-33.912569],[150.341331,-33.912867],[150.341792,-33.912985],[150.34393,-33.912725],[150.345072,-33.912858],[150.346942,-33.912547],[150.347907,-33.912117],[150.348374,-33.911703],[150.3488,-33.91155],[150.349092,-33.911574],[150.349739,-33.912309],[150.35024,-33.912537],[150.351946,-33.91297],[150.352793,-33.913574],[150.353082,-33.913661],[150.353257,-33.913575],[150.353723,-33.913901],[150.354135,-33.913873],[150.355328,-33.913421],[150.356076,-33.913338],[150.356388,-33.913047],[150.356467,-33.91258],[150.356299,-33.91209],[150.355993,-33.91184],[150.355368,-33.911763],[150.355222,-33.91158],[150.355737,-33.911357],[150.356107,-33.91095],[150.356307,-33.911107],[150.356763,-33.911757],[150.357092,-33.911963],[150.357385,-33.911933],[150.357666,-33.911578],[150.357561,-33.911468],[150.356793,-33.911136],[150.356627,-33.910925],[150.356438,-33.91038],[150.356088,-33.910174],[150.355441,-33.910097],[150.354421,-33.910228],[150.353874,-33.910433],[150.352994,-33.91091],[150.352226,-33.911606],[150.35179,-33.911731],[150.351411,-33.911732],[150.351038,-33.911571],[150.350702,-33.911239],[150.350404,-33.910737],[150.350076,-33.910523],[150.349561,-33.910367],[150.348924,-33.910354],[150.348193,-33.910545],[150.347711,-33.91076],[150.347244,-33.911165],[150.346785,-33.911335],[150.345931,-33.910983],[150.345447,-33.910883],[150.342779,-33.911141],[150.342243,-33.911012],[150.341443,-33.910652],[150.339253,-33.909451],[150.338547,-33.908849],[150.337627,-33.908541],[150.337291,-33.908552],[150.336342,-33.909189],[150.335776,-33.909285],[150.332761,-33.909247],[150.331858,-33.909408],[150.33156,-33.909257],[150.330896,-33.908702],[150.330758,-33.908284],[150.329924,-33.907292],[150.329869,-33.906272],[150.330003,-33.905121],[150.329862,-33.904785],[150.329607,-33.904617],[150.329134,-33.904544],[150.327946,-33.90486],[150.327449,-33.904841],[150.32698,-33.904623],[150.326708,-33.90432],[150.326527,-33.903901],[150.326456,-33.903404],[150.326595,-33.902758],[150.326922,-33.901989],[150.327717,-33.900745],[150.32787,-33.9],[150.327452,-33.899549],[150.326535,-33.899141],[150.326273,-33.898874],[150.326214,-33.898674],[150.326787,-33.897632],[150.326783,-33.897425],[150.326521,-33.897176],[150.325667,-33.896814],[150.325448,-33.896557],[150.325466,-33.896332],[150.32567,-33.89603],[150.326049,-33.895669],[150.326113,-33.895346],[150.326065,-33.895146],[150.325929,-33.894999],[150.325517,-33.895044],[150.324034,-33.895796],[150.323117,-33.896425],[150.32228,-33.897273],[150.321817,-33.897876],[150.321429,-33.898552],[150.32092,-33.898929],[150.319779,-33.899463],[150.319378,-33.899815],[150.31847,-33.900868],[150.315743,-33.902323],[150.314788,-33.903132],[150.314178,-33.904642],[150.313215,-33.906388],[150.312586,-33.906789],[150.310532,-33.907132],[150.308451,-33.90797],[150.306998,-33.908443],[150.304933,-33.908785],[150.30469,-33.908942],[150.304586,-33.909156],[150.305237,-33.910451],[150.305262,-33.911389],[150.306197,-33.911553],[150.306846,-33.91155],[150.307198,-33.911702],[150.307852,-33.913257],[150.307794,-33.914068],[150.307516,-33.914314],[150.306554,-33.914662],[150.306275,-33.914909],[150.303638,-33.917628],[150.303242,-33.918187],[150.302521,-33.919451],[150.301973,-33.920701],[150.301873,-33.923539],[150.301366,-33.925538],[150.301128,-33.925885],[150.300684,-33.926245],[150.299209,-33.926708],[150.298979,-33.926829],[150.298441,-33.927412],[150.298083,-33.928477],[150.297924,-33.929384],[150.29798,-33.930035],[150.298131,-33.930362],[150.298406,-33.930576],[150.298759,-33.931034],[150.29897,-33.931562],[150.298863,-33.931848],[150.298232,-33.932646],[150.298112,-33.933031],[150.298245,-33.933277],[150.299112,-33.934242],[150.2995,-33.934981],[150.29989,-33.935972],[150.299991,-33.936552],[150.299932,-33.937046],[150.299097,-33.938128],[150.297861,-33.93893],[150.297501,-33.939355],[150.297011,-33.940146],[150.296589,-33.940498],[150.295967,-33.940655],[150.295459,-33.940653],[150.294739,-33.940493],[150.293378,-33.941121],[150.29219,-33.94142],[150.290598,-33.942484],[150.289872,-33.943217],[150.287684,-33.944331],[150.287225,-33.944492],[150.285897,-33.944734],[150.284877,-33.945865],[150.284395,-33.946044],[150.283863,-33.946131],[150.282675,-33.946727],[150.281684,-33.947616],[150.280682,-33.947837],[150.279301,-33.948762],[150.278265,-33.949686],[150.277429,-33.950136],[150.276599,-33.95037],[150.275623,-33.950799],[150.274879,-33.951387],[150.274253,-33.952031],[150.273385,-33.953472],[150.273159,-33.954107],[150.273355,-33.955401],[150.273331,-33.955824],[150.272715,-33.957171],[150.271277,-33.957798],[150.2711,-33.957947],[150.270936,-33.958989],[150.270671,-33.959506],[150.270257,-33.959929],[150.269817,-33.960154],[150.268845,-33.960457],[150.268304,-33.961455],[150.267718,-33.961847],[150.266821,-33.96217],[150.265012,-33.963248],[150.264534,-33.964319],[150.264208,-33.96469],[150.264125,-33.964932],[150.264183,-33.965817],[150.263655,-33.967112],[150.263621,-33.967499],[150.263689,-33.967744],[150.264002,-33.968102],[150.26422,-33.96872],[150.264277,-33.969993],[150.264455,-33.970835],[150.264506,-33.971602],[150.264272,-33.972156],[150.263968,-33.972519],[150.26337,-33.972965],[150.261795,-33.974508],[150.259885,-33.976025],[150.25919,-33.976433],[150.258823,-33.97675],[150.258607,-33.97706],[150.258495,-33.977527],[150.258285,-33.979009],[150.258088,-33.979077],[150.257508,-33.978947],[150.257027,-33.978404],[150.25627,-33.978045],[150.255807,-33.977999],[150.255285,-33.978059],[150.254665,-33.978162],[150.253899,-33.978434],[150.253252,-33.978347],[150.252124,-33.977438],[150.251652,-33.97732],[150.250543,-33.976799],[150.249189,-33.976832],[150.248546,-33.976637],[150.248187,-33.976368],[150.24726,-33.975256],[150.246913,-33.974951],[150.246048,-33.974589],[150.243173,-33.97448],[150.242487,-33.974617],[150.241983,-33.974813],[150.23991,-33.977012],[150.239354,-33.977125],[150.238542,-33.977161],[150.237428,-33.977127],[150.236977,-33.977018],[150.236373,-33.976635],[150.236103,-33.976268],[150.235548,-33.974714],[150.234883,-33.974176],[150.234275,-33.973234],[150.233848,-33.972747],[150.232334,-33.971712],[150.231279,-33.97121],[150.230553,-33.970581],[150.229311,-33.96985],[150.228125,-33.969363],[150.226982,-33.96858],[150.225283,-33.96792],[150.223842,-33.967662],[150.221888,-33.967852],[150.219344,-33.968228],[150.218642,-33.968203],[150.217056,-33.967373],[150.215982,-33.967151],[150.215483,-33.966851],[150.214704,-33.96686],[150.213532,-33.967303],[150.211001,-33.969238],[150.21049,-33.969316],[150.210278,-33.969203],[150.210251,-33.969013],[150.210421,-33.968801],[150.210403,-33.968665],[150.210226,-33.968454],[150.209947,-33.968402],[150.209454,-33.96858],[150.208584,-33.968714],[150.20758,-33.969313],[150.206999,-33.969543],[150.206012,-33.969629],[150.205076,-33.970113],[150.20465,-33.970247],[150.204186,-33.970192],[150.203124,-33.969581],[150.202746,-33.969573],[150.201658,-33.97008],[150.201386,-33.97011],[150.201087,-33.970004],[150.200964,-33.969794],[150.200872,-33.969296],[150.200646,-33.968948],[150.200435,-33.968772],[150.20024,-33.968768],[150.199525,-33.969455],[150.199276,-33.969476],[150.198743,-33.969238],[150.197552,-33.969265],[150.196337,-33.969012],[150.195931,-33.968859],[150.195262,-33.968798],[150.193503,-33.968984],[150.193244,-33.969302],[150.192959,-33.969422],[150.192041,-33.969365],[150.191217,-33.969409],[150.190756,-33.969282],[150.19027,-33.969252],[150.189543,-33.969335],[150.18907,-33.969549],[150.188579,-33.969998],[150.188032,-33.970184],[150.186576,-33.969709],[150.183613,-33.970002],[150.18286,-33.970201],[150.182251,-33.970601],[150.181551,-33.971829],[150.181077,-33.972098],[150.180517,-33.972653],[150.180041,-33.973003],[150.177767,-33.97305],[150.176064,-33.97384],[150.173844,-33.974528],[150.173565,-33.974783],[150.173185,-33.976127],[150.172636,-33.976718],[150.172322,-33.978027],[150.17206,-33.978409],[150.171858,-33.978963],[150.171584,-33.980038],[150.171574,-33.980669],[150.171733,-33.981421],[150.172065,-33.981861],[150.173491,-33.983219],[150.174362,-33.984691],[150.174968,-33.985372],[150.175236,-33.98609],[150.175102,-33.986538],[150.174731,-33.986962],[150.174124,-33.986975],[150.172942,-33.986731],[150.171397,-33.98666],[150.169991,-33.986952],[150.167748,-33.987694],[150.166855,-33.987853],[150.166229,-33.988154],[150.165706,-33.988251],[150.16507,-33.988506],[150.1643,-33.988885],[150.161815,-33.989396],[150.160711,-33.990055],[150.160063,-33.990978],[150.159124,-33.991569],[150.158645,-33.991639],[150.158124,-33.991375],[150.157865,-33.991342],[150.157321,-33.991428],[150.15672,-33.991919],[150.156098,-33.992743],[150.155965,-33.993146],[150.155898,-33.993856],[150.155685,-33.994086],[150.155422,-33.994179],[150.155165,-33.99411],[150.154667,-33.993765],[150.154039,-33.993146],[150.153693,-33.993138],[150.153484,-33.993215],[150.153205,-33.993803],[150.152949,-33.994023],[150.152767,-33.99428],[150.152658,-33.994638],[150.152218,-33.995169],[150.15157,-33.995758],[150.15015,-33.996482],[150.149781,-33.996852],[150.14959,-33.99737],[150.149538,-33.997955],[150.149535,-33.99837],[150.149692,-33.998536],[150.149472,-33.998954],[150.1491,-33.999396],[150.149072,-33.999603],[150.149551,-34.000146],[150.150005,-34.000832],[150.150135,-34.001151],[150.150145,-34.001494],[150.150029,-34.001716],[150.149557,-34.001913],[150.149409,-34.002126],[150.149049,-34.002226],[150.148996,-34.001864],[150.148585,-34.001205],[150.148281,-34.000919],[150.147763,-34.000871],[150.147547,-34.001497],[150.14759,-34.001831],[150.147885,-34.002397],[150.147923,-34.002894],[150.147824,-34.003243],[150.147649,-34.003293],[150.147339,-34.003178],[150.146933,-34.002699],[150.146699,-34.002252],[150.146484,-34.002202],[150.146347,-34.002433],[150.146312,-34.002829],[150.14608,-34.003617],[150.145869,-34.003783],[150.145591,-34.00366],[150.14529,-34.002634],[150.145079,-34.002485],[150.144744,-34.002468],[150.144468,-34.002615],[150.14369,-34.003544],[150.143271,-34.003768],[150.1429,-34.003868],[150.141953,-34.003701],[150.14089,-34.004082],[150.140436,-34.004405],[150.139769,-34.005246],[150.137841,-34.008194],[150.137551,-34.008124],[150.137542,-34.007736],[150.13773,-34.006966],[150.137565,-34.005132],[150.137256,-34.005287],[150.136728,-34.006519],[150.136355,-34.006654],[150.135817,-34.00656],[150.135541,-34.00641],[150.135504,-34.006229],[150.135947,-34.004941],[150.135909,-34.004787],[150.135672,-34.004772],[150.132459,-34.006644],[150.130525,-34.00751],[150.13011,-34.007942],[150.130055,-34.008274],[150.130155,-34.008538],[150.13053,-34.008646],[150.131889,-34.008786],[150.132067,-34.00897],[150.132256,-34.00947],[150.132103,-34.010458],[150.131913,-34.010959],[150.131438,-34.011579],[150.130149,-34.012243],[150.129825,-34.012542],[150.129156,-34.013436],[150.128123,-34.013881],[150.127695,-34.014403],[150.126556,-34.015431],[150.126243,-34.016028],[150.126125,-34.017611],[150.126494,-34.019179],[150.126736,-34.019726],[150.127364,-34.020345],[150.127399,-34.020607],[150.126827,-34.021504],[150.126783,-34.021855],[150.126868,-34.022217],[150.127138,-34.022575],[150.127994,-34.022865],[150.12829,-34.023071],[150.128679,-34.024044],[150.128692,-34.025271],[150.128858,-34.025815],[150.129236,-34.026473],[150.129393,-34.026964],[150.129559,-34.027175],[150.129899,-34.027381],[150.130961,-34.027352],[150.131392,-34.027732],[150.131413,-34.028066],[150.131291,-34.028468],[150.13112,-34.028735],[150.130889,-34.028847],[150.129134,-34.028878],[150.128436,-34.029015],[150.128188,-34.029306],[150.128203,-34.029505],[150.128432,-34.029772],[150.128687,-34.029931],[150.13024,-34.030427],[150.130655,-34.030653],[150.130668,-34.030897],[150.130302,-34.031159],[150.129329,-34.031442],[150.127908,-34.031526],[150.127381,-34.03173],[150.127266,-34.031926],[150.127169,-34.032221],[150.127241,-34.032674],[150.127421,-34.032795],[150.129394,-34.03303],[150.129629,-34.033135],[150.129667,-34.03328],[150.129674,-34.033407],[150.129526,-34.033629],[150.12911,-34.033745],[150.128731,-34.033754],[150.127051,-34.03349],[150.126228,-34.033488],[150.125365,-34.033711],[150.124793,-34.033987],[150.124597,-34.034334],[150.124521,-34.034656],[150.124643,-34.034885],[150.125175,-34.035167],[150.125854,-34.035273],[150.127057,-34.03522],[150.12737,-34.035273],[150.127668,-34.035406],[150.127845,-34.035636],[150.128325,-34.035854],[150.129378,-34.035761],[150.130301,-34.035368],[150.130813,-34.035263],[150.131166,-34.035389],[150.131138,-34.035577],[150.130914,-34.035824],[150.129236,-34.03675],[150.129123,-34.037234],[150.129369,-34.037312],[150.13076,-34.036839],[150.131641,-34.036076],[150.132004,-34.035913],[150.132162,-34.036052],[150.131606,-34.037121],[150.13018,-34.03862],[150.130122,-34.03906],[150.131003,-34.039261],[150.13217,-34.039342],[150.133719,-34.039009],[150.134624,-34.038498],[150.135097,-34.038599],[150.135266,-34.038721],[150.135183,-34.039259],[150.134959,-34.039489],[150.133686,-34.039991],[150.133546,-34.040294],[150.133569,-34.040556],[150.133764,-34.040876],[150.13389,-34.041339],[150.133845,-34.041698],[150.133333,-34.042119],[150.133228,-34.042342],[150.133182,-34.043368]],[[150.251153,-34.151953],[150.250962,-34.15184],[150.249694,-34.152155],[150.249391,-34.152121],[150.249039,-34.15196],[150.24888,-34.151496],[150.248263,-34.151122],[150.246003,-34.150945],[150.244517,-34.150632],[150.244564,-34.150516],[150.245025,-34.150337],[150.246005,-34.150557],[150.246742,-34.150547],[150.248183,-34.150913],[150.248361,-34.1508],[150.248277,-34.150374],[150.248357,-34.15025],[150.248595,-34.150264],[150.24883,-34.150359],[150.249176,-34.151061],[150.249432,-34.151193],[150.2499,-34.151132],[150.250962,-34.151155],[150.251401,-34.150345],[150.251759,-34.150317],[150.252146,-34.150443],[150.252364,-34.150393],[150.252886,-34.149684],[150.253285,-34.149747],[150.253886,-34.149589],[150.255334,-34.150766],[150.255749,-34.15101],[150.255922,-34.151032],[150.256067,-34.150909],[150.25631,-34.15041],[150.25651,-34.15027],[150.257545,-34.149779],[150.258288,-34.149598],[150.258514,-34.149332],[150.258783,-34.148716],[150.259136,-34.148535],[150.259449,-34.148596],[150.259693,-34.148745],[150.260255,-34.148812],[150.260887,-34.149034],[150.261395,-34.149081],[150.261608,-34.149212],[150.261882,-34.149786],[150.262893,-34.151053],[150.263212,-34.151601],[150.262894,-34.151711],[150.262693,-34.151535],[150.262177,-34.151415],[150.261526,-34.151067],[150.260474,-34.150737],[150.260205,-34.150686],[150.26003,-34.150736],[150.259948,-34.150915],[150.260079,-34.151242],[150.260247,-34.151408],[150.261725,-34.152316],[150.262062,-34.152603],[150.262393,-34.153124],[150.262811,-34.15325],[150.262722,-34.153681],[150.262519,-34.153911],[150.261803,-34.153904],[150.261237,-34.153639],[150.260954,-34.153335],[150.260523,-34.153253],[150.25862,-34.153427],[150.257158,-34.153367],[150.256731,-34.153502],[150.255932,-34.154061],[150.25556,-34.154161],[150.25539,-34.154058],[150.255091,-34.153565],[150.254777,-34.153576],[150.254348,-34.153764],[150.253413,-34.153482],[150.251814,-34.152319],[150.251153,-34.151953]],[[150.251125,-34.157857],[150.251779,-34.158413],[150.252611,-34.158828],[150.252785,-34.158832],[150.253075,-34.158586],[150.253357,-34.158574],[150.253636,-34.15867],[150.253758,-34.158899],[150.253816,-34.159477],[150.2543,-34.15992],[150.2546,-34.160369],[150.255212,-34.160878],[150.256151,-34.161368],[150.256388,-34.161409],[150.256533,-34.161277],[150.257023,-34.1599],[150.257457,-34.159874],[150.257617,-34.159977],[150.257884,-34.160758],[150.257895,-34.161083],[150.257586,-34.162275],[150.257604,-34.163032],[150.257789,-34.163685],[150.257772,-34.163874],[150.257469,-34.164526],[150.257447,-34.164868],[150.257496,-34.165058],[150.257812,-34.165327],[150.258303,-34.165563],[150.258426,-34.165809],[150.258296,-34.166122],[150.257898,-34.166347],[150.257147,-34.166439],[150.256762,-34.166619],[150.256703,-34.16742],[150.256812,-34.167738],[150.258235,-34.167662],[150.25874,-34.167817],[150.259124,-34.168349],[150.25944,-34.168987],[150.259752,-34.170067],[150.26003,-34.170181],[150.260557,-34.169995],[150.260584,-34.169499],[150.260815,-34.169405],[150.261281,-34.169398],[150.261627,-34.16909],[150.261914,-34.168276],[150.262208,-34.167895],[150.262961,-34.167749],[150.263252,-34.167801],[150.263472,-34.16804],[150.263348,-34.168876],[150.263198,-34.169161],[150.26189,-34.169673],[150.261386,-34.170184],[150.26115,-34.170765],[150.260282,-34.1718],[150.260126,-34.172257],[150.260152,-34.172456],[150.260332,-34.172586],[150.260828,-34.172687],[150.261232,-34.172921],[150.262007,-34.173128],[150.264236,-34.173611],[150.264767,-34.173631],[150.265095,-34.173558],[150.265364,-34.173618],[150.265485,-34.173909],[150.264951,-34.17533],[150.264784,-34.176805],[150.264587,-34.176846],[150.264515,-34.176727],[150.264453,-34.176293],[150.264311,-34.175983],[150.264389,-34.175588],[150.264776,-34.174695],[150.264691,-34.174297],[150.264565,-34.174177],[150.264233,-34.174052],[150.263916,-34.173793],[150.260919,-34.173554],[150.259954,-34.173217],[150.259808,-34.173016],[150.259156,-34.171388],[150.257709,-34.169516],[150.25741,-34.169383],[150.256245,-34.169186],[150.255832,-34.169204],[150.255031,-34.169483],[150.254706,-34.169494],[150.253809,-34.169375],[150.253726,-34.169265],[150.253832,-34.169024],[150.254307,-34.168728],[150.254135,-34.168372],[150.253678,-34.168074],[150.253657,-34.167713],[150.253781,-34.167571],[150.254043,-34.167514],[150.25557,-34.167575],[150.255802,-34.167454],[150.256063,-34.1671],[150.256621,-34.163939],[150.256743,-34.162833],[150.256506,-34.162458],[150.255871,-34.161975],[150.254129,-34.16117],[150.253092,-34.160389],[150.252218,-34.160243],[150.251879,-34.160019],[150.251742,-34.15989],[150.2517,-34.15952],[150.251317,-34.158952],[150.250959,-34.158629],[150.250287,-34.158271],[150.249875,-34.157937],[150.249714,-34.157555],[150.249967,-34.157425],[150.250534,-34.157681],[150.251084,-34.157757],[150.251125,-34.157857]],[[150.204111,-34.11063],[150.205298,-34.111469],[150.20566,-34.111639],[150.207353,-34.111921],[150.208347,-34.112349],[150.20859,-34.112517],[150.209006,-34.113401],[150.209531,-34.113584],[150.209749,-34.113544],[150.21003,-34.113217],[150.210217,-34.112158],[150.210347,-34.111836],[150.211207,-34.11072],[150.211437,-34.110644],[150.211528,-34.110862],[150.21151,-34.111403],[150.211151,-34.112431],[150.210736,-34.113188],[150.210596,-34.113807],[150.210609,-34.114087],[150.211342,-34.11486],[150.211706,-34.116329],[150.211932,-34.116713],[150.212077,-34.117897],[150.211892,-34.118262],[150.211577,-34.118264],[150.211478,-34.117983],[150.211436,-34.117297],[150.211288,-34.117176],[150.211094,-34.117145],[150.210839,-34.117301],[150.210469,-34.117698],[150.21011,-34.117726],[150.209658,-34.117617],[150.209376,-34.117313],[150.209226,-34.116904],[150.208799,-34.11638],[150.208472,-34.116129],[150.208138,-34.116068],[150.207256,-34.116165],[150.206738,-34.116117],[150.206452,-34.115912],[150.206361,-34.115703],[150.20669,-34.115251],[150.207341,-34.115247],[150.207012,-34.11469],[150.20665,-34.114492],[150.205422,-34.113942],[150.204559,-34.113832],[150.204058,-34.113892],[150.202908,-34.113596],[150.202443,-34.113252],[150.201919,-34.113357],[150.201049,-34.113112],[150.200947,-34.112929],[150.201249,-34.11263],[150.201759,-34.112605],[150.201892,-34.112527],[150.201919,-34.112356],[150.201732,-34.111793],[150.201752,-34.111523],[150.201924,-34.11123],[150.202444,-34.110899],[150.203359,-34.109775],[150.203588,-34.109744],[150.203757,-34.109856],[150.203956,-34.11042],[150.204111,-34.11063]],[[150.170299,-34.151854],[150.170469,-34.151975],[150.170224,-34.153141],[150.169754,-34.154528],[150.169633,-34.154588],[150.169342,-34.154536],[150.169233,-34.154236],[150.169307,-34.153327],[150.169203,-34.152865],[150.169099,-34.152737],[150.168936,-34.152724],[150.168099,-34.153768],[150.167213,-34.154325],[150.166671,-34.15433],[150.166121,-34.154236],[150.165553,-34.154034],[150.164958,-34.153975],[150.163533,-34.154123],[150.163187,-34.154403],[150.163007,-34.154606],[150.162919,-34.154974],[150.162964,-34.155263],[150.163078,-34.155419],[150.16361,-34.155711],[150.163658,-34.15591],[150.163192,-34.156549],[150.162926,-34.157345],[150.162965,-34.157499],[150.163134,-34.157629],[150.163551,-34.157801],[150.163682,-34.158101],[150.16367,-34.158462],[150.163505,-34.158846],[150.162927,-34.15958],[150.163089,-34.159927],[150.163835,-34.160314],[150.163795,-34.160565],[150.163619,-34.160633],[150.163403,-34.160592],[150.16286,-34.160291],[150.162474,-34.160174],[150.16168,-34.160552],[150.160671,-34.160574],[150.160446,-34.160487],[150.160323,-34.160277],[150.160718,-34.159178],[150.160787,-34.158413],[150.160696,-34.157879],[150.160852,-34.156792],[150.161155,-34.155843],[150.161504,-34.15385],[150.161776,-34.153171],[150.161941,-34.153094],[150.162212,-34.153109],[150.162812,-34.153322],[150.162988,-34.153227],[150.163052,-34.15294],[150.16288,-34.152584],[150.162886,-34.152395],[150.163044,-34.152218],[150.164773,-34.151726],[150.165357,-34.151469],[150.166548,-34.151497],[150.167487,-34.151654],[150.168452,-34.151631],[150.168957,-34.151769],[150.170299,-34.151854]],[[150.270828,-34.189849],[150.271125,-34.190063],[150.27132,-34.190392],[150.27185,-34.190449],[150.272234,-34.190322],[150.272986,-34.189861],[150.27316,-34.189865],[150.273154,-34.190036],[150.271891,-34.191198],[150.270419,-34.191778],[150.268031,-34.192139],[150.267272,-34.192141],[150.266952,-34.192296],[150.266617,-34.192252],[150.265609,-34.192554],[150.264808,-34.193176],[150.263514,-34.194626],[150.263316,-34.194712],[150.26308,-34.194616],[150.26287,-34.194413],[150.262212,-34.194281],[150.261914,-34.194094],[150.261354,-34.194298],[150.261203,-34.194277],[150.261248,-34.193557],[150.261468,-34.193138],[150.261533,-34.192788],[150.261816,-34.192433],[150.262254,-34.192317],[150.262725,-34.192517],[150.262714,-34.193175],[150.262805,-34.193384],[150.263131,-34.193716],[150.263271,-34.193737],[150.263606,-34.193438],[150.264166,-34.192567],[150.265198,-34.191851],[150.265502,-34.191497],[150.265541,-34.191318],[150.265438,-34.191135],[150.265096,-34.190965],[150.263291,-34.190447],[150.261173,-34.190508],[150.261068,-34.190397],[150.261541,-34.190219],[150.261543,-34.190147],[150.261125,-34.189975],[150.260969,-34.189773],[150.260878,-34.189564],[150.261092,-34.189334],[150.261747,-34.189196],[150.262929,-34.189213],[150.263464,-34.18945],[150.263884,-34.189874],[150.264628,-34.189693],[150.266368,-34.190218],[150.267435,-34.190449],[150.267814,-34.190449],[150.268198,-34.190322],[150.269547,-34.19056],[150.269927,-34.190523],[150.270367,-34.190352],[150.270384,-34.189821],[150.270526,-34.189779],[150.270828,-34.189849]],[[150.219012,-34.116297],[150.21923,-34.116247],[150.219763,-34.115881],[150.22009,-34.115807],[150.220326,-34.115876],[150.220787,-34.116373],[150.220764,-34.116742],[150.220873,-34.117051],[150.221645,-34.117979],[150.221857,-34.11811],[150.222503,-34.11826],[150.222959,-34.118558],[150.22293,-34.118792],[150.222576,-34.119325],[150.222212,-34.120191],[150.222079,-34.120287],[150.221691,-34.120216],[150.221262,-34.120413],[150.220838,-34.12044],[150.220254,-34.120084],[150.21916,-34.12005],[150.218236,-34.119813],[150.218066,-34.11971],[150.218039,-34.119529],[150.218266,-34.118551],[150.218098,-34.118403],[150.217699,-34.11834],[150.215449,-34.118533],[150.215071,-34.118488],[150.215,-34.118342],[150.215355,-34.118071],[150.216224,-34.118027],[150.217105,-34.117615],[150.217646,-34.117636],[150.217975,-34.117526],[150.218666,-34.117596],[150.218809,-34.117518],[150.218845,-34.11742],[150.21873,-34.117291],[150.217534,-34.117083],[150.217417,-34.117009],[150.217372,-34.116746],[150.217672,-34.116501],[150.218298,-34.116578],[150.218928,-34.116538],[150.219012,-34.116297]],[[150.275818,-34.08756],[150.275027,-34.086551],[150.274372,-34.08605],[150.27222,-34.085569],[150.271171,-34.084482],[150.271282,-34.08407],[150.272027,-34.083807],[150.27271,-34.083137],[150.274142,-34.082727],[150.274991,-34.082611],[150.276284,-34.082504],[150.277235,-34.082589],[150.278893,-34.082553],[150.279369,-34.082582],[150.280031,-34.082885],[150.280077,-34.083481],[150.27955,-34.083713],[150.278161,-34.083772],[150.277491,-34.083703],[150.276836,-34.083535],[150.276269,-34.083288],[150.275062,-34.083099],[150.274779,-34.083147],[150.274208,-34.083729],[150.274069,-34.083997],[150.27418,-34.084603],[150.274547,-34.085305],[150.274769,-34.085482],[150.275573,-34.086771],[150.275797,-34.087208],[150.275818,-34.08756]],[[150.335925,-34.090574],[150.33591,-34.09034],[150.336218,-34.08985],[150.336609,-34.088804],[150.336665,-34.087354],[150.336938,-34.08763],[150.337083,-34.088174],[150.338216,-34.089362],[150.338535,-34.08991],[150.338794,-34.090646],[150.338799,-34.090826],[150.338342,-34.091916],[150.338722,-34.093989],[150.338675,-34.094799],[150.338747,-34.095585],[150.338669,-34.096016],[150.338408,-34.096046],[150.338156,-34.09577],[150.338177,-34.095122],[150.33803,-34.094262],[150.337896,-34.094052],[150.337339,-34.093859],[150.335837,-34.093701],[150.335603,-34.093587],[150.335623,-34.09329],[150.335884,-34.092917],[150.336134,-34.092869],[150.336944,-34.092976],[150.337151,-34.092927],[150.337273,-34.092839],[150.337371,-34.092481],[150.337375,-34.092021],[150.336927,-34.091768],[150.336961,-34.091372],[150.336599,-34.090841],[150.336462,-34.090712],[150.335925,-34.090574]],[[150.304645,-34.076802],[150.304848,-34.076572],[150.305,-34.076557],[150.305169,-34.076696],[150.305117,-34.077317],[150.304736,-34.078048],[150.304477,-34.078358],[150.304176,-34.078622],[150.303481,-34.079003],[150.303027,-34.078975],[150.302384,-34.078744],[150.302113,-34.078766],[150.301658,-34.079107],[150.301126,-34.079826],[150.300624,-34.080265],[150.300152,-34.080823],[150.299753,-34.081085],[150.299188,-34.082163],[150.298411,-34.08275],[150.29673,-34.083479],[150.296246,-34.083378],[150.295232,-34.083572],[150.294064,-34.084196],[150.293208,-34.084871],[150.292689,-34.084832],[150.292146,-34.084514],[150.291684,-34.084405],[150.292153,-34.084325],[150.292992,-34.084488],[150.29414,-34.083512],[150.295158,-34.083183],[150.296362,-34.083119],[150.297554,-34.082785],[150.297885,-34.082585],[150.298785,-34.081559],[150.300011,-34.080486],[150.300645,-34.079599],[150.301764,-34.078505],[150.301714,-34.078369],[150.301066,-34.077958],[150.300508,-34.077441],[150.299645,-34.076971],[150.298975,-34.076262],[150.298243,-34.075751],[150.297389,-34.075371],[150.297157,-34.075177],[150.296961,-34.074839],[150.297771,-34.074947],[150.298276,-34.0754],[150.298519,-34.074567],[150.298608,-34.074515],[150.29871,-34.074706],[150.298752,-34.075437],[150.298865,-34.07562],[150.299531,-34.07613],[150.300441,-34.077151],[150.301388,-34.077722],[150.301777,-34.078073],[150.303012,-34.078425],[150.303128,-34.078517],[150.30354,-34.078508],[150.303917,-34.078255],[150.304244,-34.07783],[150.304593,-34.07708],[150.304645,-34.076802]],[[150.251089,-34.163626],[150.251431,-34.163787],[150.251839,-34.164255],[150.252164,-34.164254],[150.252331,-34.16414],[150.252625,-34.164102],[150.252925,-34.164199],[150.252946,-34.164569],[150.252827,-34.165215],[150.25264,-34.165626],[150.252357,-34.165989],[150.252176,-34.166562],[150.252469,-34.167217],[150.252395,-34.167829],[150.252563,-34.168671],[150.252425,-34.16892],[150.252177,-34.16887],[150.251894,-34.168575],[150.250631,-34.166392],[150.250283,-34.165744],[150.24997,-34.164709],[150.249735,-34.164253],[150.249647,-34.163629],[150.249861,-34.163039],[150.250112,-34.162991],[150.25053,-34.163153],[150.251089,-34.163626]],[[150.320319,-34.105767],[150.323494,-34.10544],[150.324252,-34.105439],[150.324996,-34.105563],[150.327045,-34.106221],[150.327929,-34.106393],[150.330072,-34.10717],[150.332905,-34.1077],[150.33333,-34.107998],[150.331134,-34.10786],[150.329783,-34.10738],[150.327753,-34.107147],[150.325592,-34.106595],[150.323406,-34.106493],[150.322678,-34.106558],[150.321284,-34.106429],[150.320419,-34.106013],[150.320319,-34.105767]],[[150.244243,-34.197043],[150.244331,-34.19736],[150.244284,-34.197476],[150.244086,-34.197544],[150.242816,-34.197552],[150.240952,-34.197176],[150.240275,-34.197314],[150.239888,-34.197197],[150.239486,-34.196882],[150.238373,-34.196424],[150.237157,-34.196784],[150.236798,-34.196794],[150.236616,-34.196718],[150.237392,-34.196221],[150.237832,-34.196033],[150.23826,-34.19588],[150.238738,-34.195855],[150.238754,-34.19572],[150.238601,-34.195419],[150.238259,-34.194925],[150.238286,-34.194745],[150.23843,-34.194676],[150.238676,-34.194763],[150.23887,-34.195155],[150.239934,-34.196107],[150.240226,-34.196159],[150.241369,-34.196032],[150.242034,-34.195596],[150.242924,-34.195589],[150.243668,-34.196381],[150.243905,-34.196783],[150.244224,-34.196961],[150.244243,-34.197043]],[[150.251012,-34.184394],[150.251466,-34.184116],[150.251637,-34.18384],[150.251798,-34.18324],[150.252088,-34.182994],[150.252593,-34.183131],[150.252898,-34.183084],[150.253085,-34.182673],[150.253421,-34.182356],[150.253684,-34.182263],[150.254685,-34.182186],[150.255517,-34.18262],[150.256923,-34.183075],[150.257157,-34.183224],[150.257163,-34.18336],[150.256999,-34.18341],[150.256599,-34.183365],[150.256119,-34.183436],[150.255592,-34.183631],[150.254804,-34.183532],[150.253579,-34.183847],[150.25294,-34.18414],[150.25202,-34.184732],[150.251125,-34.185586],[150.250838,-34.185733],[150.2506,-34.185728],[150.250323,-34.185568],[150.250309,-34.185316],[150.250464,-34.184904],[150.251012,-34.184394]],[[150.356795,-34.08705],[150.356709,-34.086687],[150.356835,-34.086122],[150.356941,-34.085863],[150.357279,-34.085438],[150.359121,-34.084035],[150.359328,-34.083994],[150.359715,-34.084111],[150.35984,-34.084276],[150.359842,-34.084564],[150.359487,-34.085512],[150.359377,-34.086267],[150.359671,-34.087265],[150.359676,-34.087436],[150.359516,-34.087713],[150.358541,-34.08771],[150.356964,-34.087207],[150.356795,-34.08705]],[[150.163627,-34.127965],[150.164429,-34.127965],[150.164677,-34.128016],[150.164749,-34.128135],[150.164151,-34.1285],[150.163883,-34.129079],[150.16379,-34.129573],[150.163877,-34.130233],[150.163704,-34.130545],[150.163516,-34.13128],[150.163428,-34.131341],[150.163149,-34.131253],[150.162863,-34.131364],[150.162603,-34.132016],[150.162756,-34.132308],[150.162767,-34.132623],[150.162674,-34.132802],[150.162378,-34.132903],[150.161153,-34.132893],[150.160244,-34.133169],[150.159801,-34.133465],[150.159585,-34.133442],[150.159408,-34.133222],[150.159387,-34.132888],[150.159762,-34.132365],[150.160115,-34.132192],[150.161231,-34.131876],[150.162014,-34.13147],[150.162283,-34.131197],[150.162472,-34.130751],[150.162926,-34.130121],[150.163048,-34.129736],[150.163007,-34.129023],[150.16275,-34.128585],[150.162735,-34.128377],[150.16284,-34.128172],[150.16304,-34.128014],[150.163627,-34.127965]],[[150.258375,-34.109024],[150.259062,-34.10922],[150.259626,-34.109548],[150.260271,-34.109697],[150.260869,-34.109657],[150.261944,-34.109257],[150.26217,-34.10928],[150.26266,-34.109552],[150.262613,-34.109677],[150.262481,-34.109738],[150.261952,-34.109681],[150.261099,-34.109905],[150.260696,-34.109977],[150.260339,-34.109933],[150.259706,-34.11009],[150.258747,-34.109907],[150.258224,-34.110003],[150.257896,-34.110086],[150.257326,-34.110623],[150.255442,-34.111239],[150.254869,-34.111181],[150.252828,-34.111289],[150.252054,-34.111443],[150.252567,-34.110995],[150.252786,-34.110927],[150.253927,-34.110836],[150.255367,-34.110859],[150.255706,-34.110767],[150.256682,-34.11041],[150.25783,-34.109778],[150.257837,-34.109562],[150.257519,-34.109356],[150.255321,-34.108613],[150.254864,-34.108332],[150.255997,-34.108159],[150.257012,-34.108272],[150.257399,-34.108371],[150.257696,-34.108558],[150.258042,-34.108926],[150.258341,-34.109068],[150.258375,-34.109024]],[[150.390365,-34.043927],[150.390919,-34.044218],[150.391788,-34.04521],[150.392746,-34.045745],[150.393111,-34.045861],[150.393047,-34.045102],[150.39323,-34.044457],[150.393472,-34.043975],[150.394168,-34.04316],[150.394836,-34.042219],[150.394959,-34.042086],[150.395067,-34.042116],[150.395034,-34.042457],[150.394379,-34.043363],[150.393549,-34.044986],[150.39355,-34.045302],[150.394015,-34.046736],[150.394232,-34.047092],[150.395863,-34.047938],[150.396096,-34.048115],[150.396092,-34.04825],[150.395691,-34.048602],[150.395576,-34.048482],[150.394436,-34.048197],[150.393914,-34.047942],[150.393681,-34.047739],[150.393447,-34.046922],[150.393107,-34.046347],[150.392884,-34.04618],[150.391544,-34.045746],[150.391304,-34.045453],[150.390722,-34.044989],[150.389898,-34.043971],[150.389956,-34.043837],[150.390228,-34.043816],[150.390365,-34.043927]],[[150.316063,-34.101555],[150.316799,-34.101922],[150.317922,-34.102713],[150.318429,-34.103472],[150.318551,-34.104097],[150.318488,-34.104375],[150.318073,-34.104474],[150.317729,-34.104368],[150.3165,-34.103836],[150.315435,-34.103569],[150.315086,-34.103309],[150.314983,-34.103127],[150.314971,-34.102838],[150.314963,-34.102062],[150.315045,-34.101848],[150.315233,-34.101753],[150.315613,-34.101734],[150.315868,-34.10155],[150.316063,-34.101555]],[[150.274113,-34.130893],[150.274358,-34.131052],[150.274576,-34.131002],[150.274741,-34.130916],[150.275027,-34.130463],[150.275415,-34.130534],[150.275632,-34.130855],[150.275767,-34.131389],[150.275945,-34.131574],[150.276458,-34.131819],[150.276453,-34.131964],[150.275914,-34.132195],[150.275654,-34.132216],[150.274583,-34.131796],[150.272993,-34.131679],[150.270534,-34.1313],[150.270467,-34.131028],[150.270503,-34.130912],[150.2707,-34.130835],[150.271362,-34.130814],[150.271529,-34.1307],[150.271701,-34.130073],[150.271682,-34.129649],[150.271751,-34.129524],[150.271915,-34.129474],[150.272257,-34.129617],[150.272714,-34.130249],[150.273144,-34.130691],[150.273815,-34.130742],[150.274113,-34.130893]],[[150.258569,-34.180488],[150.259572,-34.180322],[150.261046,-34.180373],[150.2621,-34.180306],[150.262442,-34.180458],[150.262466,-34.180729],[150.261487,-34.181149],[150.260191,-34.1813],[150.259396,-34.181751],[150.258291,-34.181699],[150.257706,-34.181335],[150.256861,-34.180964],[150.256542,-34.180768],[150.256503,-34.180623],[150.256595,-34.180471],[150.256849,-34.180324],[150.257219,-34.180296],[150.258569,-34.180488]],[[150.275421,-34.182974],[150.27513,-34.183265],[150.274794,-34.184934],[150.274764,-34.184519],[150.274277,-34.183814],[150.274106,-34.183711],[150.273842,-34.183831],[150.273177,-34.1846],[150.272642,-34.185048],[150.271265,-34.185369],[150.270885,-34.185397],[150.270616,-34.185319],[150.270873,-34.185072],[150.271279,-34.184261],[150.272164,-34.18374],[150.272635,-34.183597],[150.273035,-34.183299],[150.274111,-34.183233],[150.27432,-34.183138],[150.274639,-34.182659],[150.275159,-34.182355],[150.275656,-34.182402],[150.275876,-34.182659],[150.275807,-34.182784],[150.275421,-34.182974]],[[150.149218,-34.13386],[150.15039,-34.134139],[150.151175,-34.134004],[150.152259,-34.13403],[150.152675,-34.133886],[150.15301,-34.134254],[150.153003,-34.134452],[150.152921,-34.134649],[150.152677,-34.134814],[150.152131,-34.134919],[150.15131,-34.134846],[150.151186,-34.134969],[150.15053,-34.135152],[150.148756,-34.135039],[150.147742,-34.135205],[150.147585,-34.135039],[150.147537,-34.134848],[150.14774,-34.134303],[150.147985,-34.134102],[150.149218,-34.13386]],[[150.364978,-34.016673],[150.365245,-34.016796],[150.365485,-34.01709],[150.365603,-34.01748],[150.365074,-34.018118],[150.364688,-34.018353],[150.363623,-34.019898],[150.3634,-34.020083],[150.36316,-34.02015],[150.362721,-34.019987],[150.362555,-34.019767],[150.362575,-34.019461],[150.363089,-34.018616],[150.363469,-34.017533],[150.363819,-34.017063],[150.364229,-34.016756],[150.364546,-34.016664],[150.364978,-34.016673]],[[150.278256,-34.164619],[150.27859,-34.164681],[150.279882,-34.164304],[150.280454,-34.164055],[150.280819,-34.164162],[150.280553,-34.164706],[150.279843,-34.165195],[150.277881,-34.16718],[150.277717,-34.167231],[150.277354,-34.167051],[150.277327,-34.166537],[150.277223,-34.166381],[150.276585,-34.165988],[150.276312,-34.165712],[150.276198,-34.165232],[150.276253,-34.164863],[150.276412,-34.16465],[150.276594,-34.164718],[150.276887,-34.165382],[150.277281,-34.165589],[150.277463,-34.166008],[150.2777,-34.166058],[150.278224,-34.165944],[150.278533,-34.165788],[150.279072,-34.165232],[150.279065,-34.165088],[150.278063,-34.165219],[150.277496,-34.16499],[150.277458,-34.164836],[150.277642,-34.164506],[150.277752,-34.164455],[150.278256,-34.164619]],[[150.266008,-34.159704],[150.266226,-34.159673],[150.266405,-34.159839],[150.266528,-34.160067],[150.266552,-34.160338],[150.266532,-34.160933],[150.266157,-34.161817],[150.266115,-34.163457],[150.266,-34.16432],[150.266163,-34.165324],[150.265986,-34.165428],[150.26574,-34.165332],[150.265436,-34.164992],[150.265275,-34.164619],[150.265002,-34.163324],[150.265025,-34.162937],[150.265318,-34.161924],[150.265442,-34.160764],[150.265859,-34.160296],[150.265927,-34.159874],[150.265868,-34.159665],[150.266008,-34.159704]],[[150.251091,-34.169602],[150.251263,-34.169624],[150.25143,-34.169826],[150.251421,-34.170124],[150.25154,-34.17046],[150.251896,-34.171189],[150.252217,-34.171647],[150.252558,-34.171844],[150.252914,-34.171906],[150.253646,-34.171742],[150.253749,-34.171898],[150.253627,-34.172319],[150.253406,-34.17244],[150.253025,-34.172476],[150.2518,-34.172142],[150.251362,-34.171934],[150.250185,-34.170772],[150.249864,-34.170287],[150.249689,-34.169688],[150.249523,-34.169441],[150.250202,-34.16924],[150.25059,-34.169303],[150.251091,-34.169602]],[[150.284301,-34.086576],[150.284602,-34.086664],[150.284856,-34.08685],[150.285,-34.087079],[150.285593,-34.087506],[150.285802,-34.087763],[150.286181,-34.088457],[150.286123,-34.088906],[150.286031,-34.089067],[150.28579,-34.089151],[150.285402,-34.08908],[150.284869,-34.088816],[150.283863,-34.088748],[150.283468,-34.088586],[150.283428,-34.088144],[150.283536,-34.08747],[150.283726,-34.08696],[150.284031,-34.086561],[150.284301,-34.086576]],[[150.344283,-34.094244],[150.344857,-34.093932],[150.345118,-34.093875],[150.347058,-34.093872],[150.347582,-34.093757],[150.348056,-34.093514],[150.34838,-34.093548],[150.349085,-34.09387],[150.350009,-34.094107],[150.349738,-34.094452],[150.349353,-34.094651],[150.34805,-34.094731],[150.346624,-34.094601],[150.345673,-34.094842],[150.344949,-34.0948],[150.344767,-34.094714],[150.344518,-34.094367],[150.344283,-34.094244]],[[150.2877,-34.156219],[150.287594,-34.155793],[150.287455,-34.155736],[150.287204,-34.155785],[150.286106,-34.156878],[150.285962,-34.156992],[150.285789,-34.156979],[150.286116,-34.156247],[150.286554,-34.15577],[150.287069,-34.154934],[150.287318,-34.154931],[150.287462,-34.154844],[150.287834,-34.154059],[150.288089,-34.153199],[150.288453,-34.152675],[150.288481,-34.152486],[150.288371,-34.152187],[150.288513,-34.151486],[150.288971,-34.151055],[150.289368,-34.150838],[150.28986,-34.150723],[150.290247,-34.150506],[150.2907,-34.150552],[150.290753,-34.150607],[150.29065,-34.150776],[150.290152,-34.151081],[150.289768,-34.151217],[150.289023,-34.151804],[150.288908,-34.152027],[150.289016,-34.152697],[150.288426,-34.153531],[150.288081,-34.154488],[150.287971,-34.155198],[150.288103,-34.155823],[150.2877,-34.156219]],[[150.339753,-34.107074],[150.339662,-34.106873],[150.339819,-34.106687],[150.340295,-34.106391],[150.340279,-34.106184],[150.339954,-34.105861],[150.339915,-34.105716],[150.340018,-34.10552],[150.340218,-34.105389],[150.340479,-34.105359],[150.34094,-34.105513],[150.342036,-34.106141],[150.342887,-34.106321],[150.343882,-34.106027],[150.34486,-34.105607],[150.345198,-34.10556],[150.344849,-34.105976],[150.343048,-34.106721],[150.341991,-34.107248],[150.341364,-34.107199],[150.340721,-34.106977],[150.340234,-34.106949],[150.339753,-34.107074]],[[150.163498,-34.137021],[150.164207,-34.137227],[150.164167,-34.137451],[150.163797,-34.137803],[150.163452,-34.138399],[150.163076,-34.138607],[150.162955,-34.139001],[150.162661,-34.139355],[150.162386,-34.139475],[150.162116,-34.139441],[150.161422,-34.139128],[150.161212,-34.1386],[150.161453,-34.137875],[150.161637,-34.137564],[150.161871,-34.137371],[150.162593,-34.137163],[150.163191,-34.137122],[150.163498,-34.137021]],[[150.351236,-34.043946],[150.351254,-34.044073],[150.351155,-34.044125],[150.350939,-34.044093],[150.350544,-34.043913],[150.349604,-34.043163],[150.349228,-34.043064],[150.346624,-34.043215],[150.345249,-34.042834],[150.344516,-34.042737],[150.34339,-34.042397],[150.342915,-34.042342],[150.340219,-34.041265],[150.339853,-34.041212],[150.339427,-34.040968],[150.339441,-34.04086],[150.339542,-34.040745],[150.339727,-34.04074],[150.340081,-34.040847],[150.341341,-34.041406],[150.342189,-34.041668],[150.34276,-34.041735],[150.343434,-34.04202],[150.343682,-34.042052],[150.344459,-34.042474],[150.346333,-34.042803],[150.349874,-34.042817],[150.350406,-34.043126],[150.351236,-34.043946]],[[150.250587,-34.14133],[150.250458,-34.141624],[150.250237,-34.141773],[150.2499,-34.141792],[150.247984,-34.141344],[150.247051,-34.141386],[150.246554,-34.141312],[150.245399,-34.140835],[150.244003,-34.140758],[150.243821,-34.140673],[150.243825,-34.140565],[150.244307,-34.140414],[150.244523,-34.140419],[150.244735,-34.140595],[150.245868,-34.140422],[150.246578,-34.140591],[150.248122,-34.140788],[150.248524,-34.140761],[150.249104,-34.140575],[150.249461,-34.140611],[150.250484,-34.141174],[150.250587,-34.14133]],[[150.317665,-33.943086],[150.318068,-33.943348],[150.318211,-33.943594],[150.320046,-33.94441],[150.320124,-33.944691],[150.319959,-33.945111],[150.319687,-33.945168],[150.319355,-33.945071],[150.317764,-33.944405],[150.317035,-33.943839],[150.316499,-33.94371],[150.315429,-33.943669],[150.315291,-33.943594],[150.315461,-33.943327],[150.317026,-33.942766],[150.317528,-33.942957],[150.317665,-33.943086]],[[150.297741,-34.140232],[150.297678,-34.140871],[150.297451,-34.141524],[150.297059,-34.142264],[150.296519,-34.142856],[150.295924,-34.143167],[150.295475,-34.143292],[150.294858,-34.14327],[150.294744,-34.143114],[150.294819,-34.142782],[150.295212,-34.142367],[150.296056,-34.141746],[150.296317,-34.141382],[150.29677,-34.140418],[150.297018,-34.140144],[150.297545,-34.139939],[150.297674,-34.139969],[150.297741,-34.140232]],[[150.269486,-34.164839],[150.269038,-34.165613],[150.268664,-34.166786],[150.268507,-34.166963],[150.268325,-34.166896],[150.268238,-34.166569],[150.268527,-34.165322],[150.268698,-34.165074],[150.269195,-34.163796],[150.269893,-34.162306],[150.270078,-34.161967],[150.270771,-34.161316],[150.271101,-34.161161],[150.271296,-34.161165],[150.271356,-34.161338],[150.270645,-34.16253],[150.269816,-34.164369],[150.269486,-34.164839]],[[150.357992,-34.027963],[150.358123,-34.028273],[150.35804,-34.028496],[150.356827,-34.030255],[150.356515,-34.03088],[150.356307,-34.030974],[150.356007,-34.030869],[150.355865,-34.030541],[150.355856,-34.029784],[150.356294,-34.028603],[150.356787,-34.028046],[150.357394,-34.027689],[150.357889,-34.027799],[150.357992,-34.027963]],[[150.278976,-34.141197],[150.280706,-34.142695],[150.28114,-34.143363],[150.281673,-34.143961],[150.282057,-34.144177],[150.283021,-34.144523],[150.282759,-34.144607],[150.28202,-34.144645],[150.281635,-34.144483],[150.281141,-34.143994],[150.280688,-34.143236],[150.280419,-34.143176],[150.279707,-34.143413],[150.279393,-34.143388],[150.279727,-34.143124],[150.280232,-34.142919],[150.280183,-34.142774],[150.278632,-34.141432],[150.277945,-34.140543],[150.27755,-34.139687],[150.277488,-34.139234],[150.27714,-34.138253],[150.277698,-34.138428],[150.277866,-34.138603],[150.278078,-34.139085],[150.278089,-34.13978],[150.278516,-34.140664],[150.278976,-34.141197]],[[150.375649,-34.065286],[150.376851,-34.064933],[150.378784,-34.064794],[150.379297,-34.064652],[150.380498,-34.064001],[150.381518,-34.063599],[150.381918,-34.063283],[150.383207,-34.062914],[150.384222,-34.063035],[150.384401,-34.06321],[150.384278,-34.063334],[150.382847,-34.063357],[150.382163,-34.063766],[150.381407,-34.064039],[150.38023,-34.064618],[150.379522,-34.065108],[150.377058,-34.065253],[150.375711,-34.065738],[150.375418,-34.065741],[150.375404,-34.065497],[150.375486,-34.06531],[150.375649,-34.065286]],[[150.405417,-34.03011],[150.405334,-34.03],[150.405383,-34.029812],[150.405887,-34.028903],[150.406248,-34.028433],[150.406434,-34.028013],[150.406949,-34.027474],[150.407243,-34.027038],[150.407644,-34.025965],[150.408,-34.025314],[150.408382,-34.024835],[150.408746,-34.024636],[150.408943,-34.02491],[150.408342,-34.026151],[150.408126,-34.026489],[150.407647,-34.026956],[150.407387,-34.027663],[150.406638,-34.029126],[150.406214,-34.029568],[150.405941,-34.029986],[150.405797,-34.030091],[150.405417,-34.03011]],[[150.28404,-34.167209],[150.284218,-34.167411],[150.284019,-34.167551],[150.283348,-34.167824],[150.282565,-34.167897],[150.281983,-34.168119],[150.281254,-34.168535],[150.280629,-34.168738],[150.279989,-34.169093],[150.279755,-34.169277],[150.279627,-34.169536],[150.279645,-34.16968],[150.279814,-34.169792],[150.280924,-34.169691],[150.281289,-34.169816],[150.281339,-34.169934],[150.280791,-34.170102],[150.280152,-34.170097],[150.279626,-34.170248],[150.279357,-34.170197],[150.278952,-34.16998],[150.278957,-34.1698],[150.279451,-34.169297],[150.279872,-34.168685],[150.280508,-34.168131],[150.280971,-34.167546],[150.281101,-34.16754],[150.281153,-34.167613],[150.281123,-34.167883],[150.281875,-34.167783],[150.28248,-34.167508],[150.283091,-34.167377],[150.283674,-34.167128],[150.28404,-34.167209]],[[150.312411,-34.112139],[150.312779,-34.112156],[150.313129,-34.112065],[150.313538,-34.111812],[150.314014,-34.111841],[150.314162,-34.111961],[150.313379,-34.112377],[150.313168,-34.112895],[150.312955,-34.113107],[150.312474,-34.11325],[150.310274,-34.112552],[150.310011,-34.112294],[150.310182,-34.112045],[150.310919,-34.111683],[150.311192,-34.111644],[150.3119,-34.111867],[150.312411,-34.112139]],[[150.318027,-33.931528],[150.317553,-33.932167],[150.31735,-33.932793],[150.316898,-33.933388],[150.316733,-33.933483],[150.316629,-33.933355],[150.316625,-33.933138],[150.31625,-33.933013],[150.315623,-33.933008],[150.315138,-33.933313],[150.314943,-33.933318],[150.314841,-33.933117],[150.313187,-33.932757],[150.313018,-33.932618],[150.313033,-33.932483],[150.313254,-33.932325],[150.315239,-33.932486],[150.316443,-33.932729],[150.317214,-33.932628],[150.317381,-33.932127],[150.317597,-33.931816],[150.317616,-33.931528],[150.31802,-33.931086],[150.318105,-33.930772],[150.318363,-33.930481],[150.318802,-33.930265],[150.319604,-33.930219],[150.318027,-33.931528]],[[150.361859,-34.081002],[150.36205,-34.08078],[150.362241,-34.080216],[150.362284,-34.079181],[150.362613,-34.079053],[150.362798,-34.079381],[150.362873,-34.079734],[150.362606,-34.080675],[150.36261,-34.080901],[150.362786,-34.08149],[150.363224,-34.082419],[150.364076,-34.083943],[150.364383,-34.085203],[150.364316,-34.085616],[150.363873,-34.084534],[150.363292,-34.083719],[150.363089,-34.082921],[150.362407,-34.082185],[150.362229,-34.081641],[150.361859,-34.081002]],[[150.279561,-34.125659],[150.280353,-34.125614],[150.280541,-34.125834],[150.280798,-34.125957],[150.281282,-34.125724],[150.281547,-34.125901],[150.282523,-34.125896],[150.282933,-34.125968],[150.282961,-34.126104],[150.28277,-34.126316],[150.282451,-34.126471],[150.282113,-34.126527],[150.281411,-34.126448],[150.279863,-34.126711],[150.279204,-34.126634],[150.277761,-34.126674],[150.27747,-34.126613],[150.277281,-34.12642],[150.277834,-34.126441],[150.278937,-34.126186],[150.279561,-34.125659]],[[150.273751,-34.133066],[150.275202,-34.132783],[150.275675,-34.132559],[150.276223,-34.132725],[150.276084,-34.133326],[150.275973,-34.133413],[150.275412,-34.13332],[150.275053,-34.133366],[150.273801,-34.133879],[150.273166,-34.134054],[150.271622,-34.134209],[150.270679,-34.134197],[150.269825,-34.134133],[150.269646,-34.133949],[150.270437,-34.133957],[150.272461,-34.133741],[150.273751,-34.133066]],[[150.296402,-34.139067],[150.295112,-34.139733],[150.294733,-34.140382],[150.29432,-34.140752],[150.294198,-34.141182],[150.293637,-34.141782],[150.293431,-34.141787],[150.293228,-34.141674],[150.292894,-34.14127],[150.292991,-34.140957],[150.293172,-34.140717],[150.294366,-34.139662],[150.296175,-34.138692],[150.296714,-34.138452],[150.29705,-34.138459],[150.297112,-34.138551],[150.297019,-34.138729],[150.296808,-34.138914],[150.296402,-34.139067]],[[150.140123,-34.077227],[150.140377,-34.077395],[150.14075,-34.07789],[150.141576,-34.078468],[150.141666,-34.078687],[150.141591,-34.078991],[150.141471,-34.07934],[150.141281,-34.079516],[150.140791,-34.079577],[150.14047,-34.07947],[150.140114,-34.079092],[150.13996,-34.078196],[150.139529,-34.077501],[150.139484,-34.077221],[150.139531,-34.077096],[150.140123,-34.077227]],[[150.261786,-34.106738],[150.260469,-34.106267],[150.260419,-34.106131],[150.260804,-34.105932],[150.261659,-34.105996],[150.262256,-34.106298],[150.263221,-34.10696],[150.264113,-34.107169],[150.265712,-34.106988],[150.266102,-34.107015],[150.266153,-34.107115],[150.266019,-34.10722],[150.264715,-34.107326],[150.26395,-34.107517],[150.263589,-34.107635],[150.263495,-34.107867],[150.262693,-34.107534],[150.262393,-34.107085],[150.261786,-34.106738]],[[150.363709,-34.081438],[150.364461,-34.081995],[150.366593,-34.083123],[150.368209,-34.084113],[150.369392,-34.085103],[150.3695,-34.085475],[150.369388,-34.085581],[150.369185,-34.085495],[150.368444,-34.084929],[150.367527,-34.084459],[150.36694,-34.083806],[150.365755,-34.082906],[150.363958,-34.082138],[150.363617,-34.081598],[150.363709,-34.081438]],[[150.334178,-34.109621],[150.334547,-34.10962],[150.335815,-34.109972],[150.33609,-34.110168],[150.336193,-34.11035],[150.336156,-34.110502],[150.336034,-34.110581],[150.334721,-34.110643],[150.333634,-34.110385],[150.332626,-34.110381],[150.332433,-34.110322],[150.332318,-34.110194],[150.332301,-34.110049],[150.33296,-34.109757],[150.334178,-34.109621]],[[150.270485,-34.142261],[150.270403,-34.142115],[150.270578,-34.142047],[150.270816,-34.142404],[150.271104,-34.142545],[150.271355,-34.142488],[150.271623,-34.142602],[150.271663,-34.143054],[150.271995,-34.143845],[150.272611,-34.144229],[150.273351,-34.144479],[150.273638,-34.144684],[150.273761,-34.144885],[150.273741,-34.145182],[150.272673,-34.145023],[150.271963,-34.144503],[150.271437,-34.144338],[150.271305,-34.143713],[150.270582,-34.142588],[150.270485,-34.142261]],[[150.323428,-34.058308],[150.32355,-34.057887],[150.323802,-34.057784],[150.324731,-34.057543],[150.325063,-34.057659],[150.325178,-34.057778],[150.325289,-34.059079],[150.32564,-34.059979],[150.325614,-34.060096],[150.325429,-34.060137],[150.325291,-34.060053],[150.324451,-34.059214],[150.324246,-34.058831],[150.323878,-34.058471],[150.323428,-34.058308]],[[150.270926,-34.175346],[150.271374,-34.175591],[150.271464,-34.175836],[150.271388,-34.176177],[150.271181,-34.176199],[150.270724,-34.17591],[150.270301,-34.1759],[150.268268,-34.176396],[150.266702,-34.176857],[150.266272,-34.177082],[150.266222,-34.176927],[150.266686,-34.176343],[150.267989,-34.175948],[150.268563,-34.175979],[150.268945,-34.175897],[150.270026,-34.175344],[150.270468,-34.175426],[150.270926,-34.175346]],[[150.211379,-34.153642],[150.211597,-34.153945],[150.212168,-34.15439],[150.212271,-34.154546],[150.212233,-34.154707],[150.211595,-34.154972],[150.210573,-34.155075],[150.210249,-34.155014],[150.209816,-34.15467],[150.209799,-34.154544],[150.210459,-34.153594],[150.210833,-34.153431],[150.211379,-34.153642]],[[150.267869,-34.151091],[150.268886,-34.151484],[150.271281,-34.151871],[150.271441,-34.151955],[150.271457,-34.152127],[150.271355,-34.15226],[150.271092,-34.152362],[150.269611,-34.152203],[150.269109,-34.151966],[150.267481,-34.151678],[150.266803,-34.151194],[150.266753,-34.151067],[150.266845,-34.150915],[150.267118,-34.150849],[150.267421,-34.150874],[150.267869,-34.151091]],[[150.206359,-34.118092],[150.206707,-34.118045],[150.207897,-34.118433],[150.208277,-34.118748],[150.208196,-34.118891],[150.207998,-34.118985],[150.206942,-34.11879],[150.20638,-34.119093],[150.205515,-34.119028],[150.205094,-34.11864],[150.205088,-34.118486],[150.205329,-34.118402],[150.205281,-34.118229],[150.204604,-34.117718],[150.204535,-34.1175],[150.205128,-34.117622],[150.205537,-34.118019],[150.205783,-34.118124],[150.206359,-34.118092]],[[150.211611,-34.167999],[150.212084,-34.168478],[150.212107,-34.169083],[150.211951,-34.16953],[150.211665,-34.169659],[150.211395,-34.169644],[150.211035,-34.169374],[150.210421,-34.169234],[150.210112,-34.169083],[150.21004,-34.168946],[150.210084,-34.168613],[150.210326,-34.168501],[150.210763,-34.168088],[150.211315,-34.167794],[150.211611,-34.167999]],[[150.144397,-34.078354],[150.144931,-34.078564],[150.145799,-34.079171],[150.145913,-34.079344],[150.145875,-34.079506],[150.145587,-34.079679],[150.145349,-34.079665],[150.144739,-34.079461],[150.144346,-34.079209],[150.143787,-34.079088],[150.14333,-34.07914],[150.143008,-34.079376],[150.142866,-34.079742],[150.142647,-34.079809],[150.142564,-34.07969],[150.142583,-34.079447],[150.142806,-34.078948],[150.143121,-34.078594],[150.143507,-34.078405],[150.144397,-34.078354]],[[150.349051,-34.034469],[150.349359,-34.034331],[150.349728,-34.034294],[150.350237,-34.03463],[150.350562,-34.034988],[150.350485,-34.035365],[150.349975,-34.036085],[150.349383,-34.035982],[150.349042,-34.035803],[150.34877,-34.035491],[150.348657,-34.03529],[150.348633,-34.035028],[150.34882,-34.03459],[150.349051,-34.034469]],[[150.265399,-34.142274],[150.266171,-34.142544],[150.26641,-34.142882],[150.266295,-34.143069],[150.2658,-34.143284],[150.265775,-34.143067],[150.265595,-34.142927],[150.264838,-34.142875],[150.264409,-34.142721],[150.263791,-34.142373],[150.262826,-34.142036],[150.262745,-34.141863],[150.262765,-34.141593],[150.262875,-34.141533],[150.264083,-34.141749],[150.264818,-34.142153],[150.265399,-34.142274]],[[150.293595,-34.06319],[150.293559,-34.062269],[150.293693,-34.062137],[150.294056,-34.062316],[150.294183,-34.063094],[150.294588,-34.063635],[150.294849,-34.064615],[150.295277,-34.065471],[150.295258,-34.065741],[150.294902,-34.065679],[150.294619,-34.065385],[150.293728,-34.063751],[150.293595,-34.06319]],[[150.27385,-34.10533],[150.2746,-34.106275],[150.274697,-34.106647],[150.274524,-34.106643],[150.273945,-34.106107],[150.272952,-34.105986],[150.272369,-34.106244],[150.271977,-34.106641],[150.271672,-34.106688],[150.271646,-34.10648],[150.272186,-34.105518],[150.272467,-34.1052],[150.272785,-34.10509],[150.27324,-34.1051],[150.27385,-34.10533]],[[150.255754,-34.190035],[150.256186,-34.190081],[150.256261,-34.190452],[150.256069,-34.191025],[150.256091,-34.19135],[150.256173,-34.19182],[150.25645,-34.19198],[150.256478,-34.192116],[150.256285,-34.192057],[150.255652,-34.191502],[150.254232,-34.191452],[150.253932,-34.191347],[150.254165,-34.191181],[150.254771,-34.19123],[150.255175,-34.19114],[150.255093,-34.190669],[150.254656,-34.190101],[150.254762,-34.189824],[150.254884,-34.189745],[150.255754,-34.190035]],[[150.39597,-34.049401],[150.39613,-34.049116],[150.396961,-34.049215],[150.397388,-34.049774],[150.399261,-34.05122],[150.39973,-34.051482],[150.399738,-34.051572],[150.396955,-34.050468],[150.396288,-34.049624],[150.39597,-34.049401]],[[150.148587,-34.199335],[150.14893,-34.198171],[150.149084,-34.198102],[150.149355,-34.197793],[150.149551,-34.19778],[150.149925,-34.197942],[150.150515,-34.198478],[150.150509,-34.198649],[150.149506,-34.199446],[150.148812,-34.19943],[150.148587,-34.199335]],[[150.332718,-34.057383],[150.332889,-34.057117],[150.333311,-34.056801],[150.33329,-34.056422],[150.333457,-34.056291],[150.33421,-34.056433],[150.334337,-34.056526],[150.334249,-34.056921],[150.334363,-34.057104],[150.334583,-34.057325],[150.334914,-34.057494],[150.33549,-34.058462],[150.335368,-34.058559],[150.335174,-34.058528],[150.334545,-34.058207],[150.334248,-34.057651],[150.334026,-34.057475],[150.333395,-34.057236],[150.333178,-34.05724],[150.332814,-34.05744],[150.332718,-34.057383]],[[150.305081,-34.097555],[150.305744,-34.097164],[150.306148,-34.097082],[150.306941,-34.097352],[150.306969,-34.097506],[150.306808,-34.098116],[150.306538,-34.098777],[150.306279,-34.098753],[150.30542,-34.098148],[150.305081,-34.097555]],[[150.397322,-34.034573],[150.397468,-34.034765],[150.3973,-34.034942],[150.396677,-34.034775],[150.396209,-34.034513],[150.395071,-34.034534],[150.394253,-34.034742],[150.393962,-34.034682],[150.394049,-34.034332],[150.394149,-34.034244],[150.394929,-34.034224],[150.395484,-34.034137],[150.395628,-34.034041],[150.395774,-34.033873],[150.395824,-34.03363],[150.39573,-34.033186],[150.395928,-34.032731],[150.396203,-34.032935],[150.396246,-34.033297],[150.396167,-34.033412],[150.396182,-34.03362],[150.396479,-34.034176],[150.396659,-34.034324],[150.397322,-34.034573]],[[150.377138,-34.08864],[150.376905,-34.088816],[150.375785,-34.089315],[150.375266,-34.08998],[150.374755,-34.090032],[150.374498,-34.089918],[150.374415,-34.089799],[150.374456,-34.089548],[150.374695,-34.089174],[150.375039,-34.088911],[150.37647,-34.088536],[150.377133,-34.088117],[150.377347,-34.088212],[150.377138,-34.08864]],[[150.343564,-34.036126],[150.343135,-34.036316],[150.342667,-34.036396],[150.34215,-34.036303],[150.342328,-34.035811],[150.342793,-34.035145],[150.343143,-34.034323],[150.343568,-34.0339],[150.343684,-34.035029],[150.343442,-34.035871],[150.343564,-34.036126]],[[150.273898,-34.187817],[150.274153,-34.187976],[150.274381,-34.188323],[150.274769,-34.188404],[150.274841,-34.188532],[150.274668,-34.189168],[150.274406,-34.189568],[150.274027,-34.189559],[150.273611,-34.189334],[150.273369,-34.188752],[150.273214,-34.188171],[150.273267,-34.187884],[150.273597,-34.187738],[150.273898,-34.187817]],[[150.225605,-34.113552],[150.226893,-34.113266],[150.226867,-34.1134],[150.226346,-34.114101],[150.226092,-34.114248],[150.225912,-34.114109],[150.224602,-34.114052],[150.224,-34.114255],[150.22381,-34.11407],[150.223549,-34.114101],[150.223747,-34.113366],[150.223879,-34.113306],[150.224159,-34.113348],[150.224693,-34.113586],[150.225605,-34.113552]],[[150.333382,-34.093918],[150.333448,-34.093532],[150.333798,-34.093088],[150.333961,-34.093074],[150.334536,-34.093384],[150.33484,-34.093724],[150.334981,-34.094385],[150.335186,-34.094768],[150.335126,-34.094956],[150.334961,-34.095043],[150.334669,-34.09501],[150.334404,-34.094832],[150.333776,-34.094125],[150.333382,-34.093918]],[[150.343657,-34.107699],[150.344479,-34.107753],[150.345447,-34.10763],[150.346171,-34.107717],[150.346327,-34.107901],[150.346222,-34.108512],[150.346092,-34.108834],[150.345849,-34.109],[150.345686,-34.109014],[150.345517,-34.108848],[150.34566,-34.108085],[150.344442,-34.10823],[150.343208,-34.108176],[150.343216,-34.107933],[150.343395,-34.107757],[150.343657,-34.107699]],[[150.277121,-34.150324],[150.277475,-34.15044],[150.277466,-34.150746],[150.277267,-34.150859],[150.276308,-34.151009],[150.275328,-34.15078],[150.274312,-34.150676],[150.274003,-34.150516],[150.273966,-34.150335],[150.274121,-34.15023],[150.274817,-34.150155],[150.275514,-34.150405],[150.276787,-34.150262],[150.277121,-34.150324]],[[150.369927,-34.072376],[150.369587,-34.072152],[150.369485,-34.071943],[150.368952,-34.07167],[150.368831,-34.071388],[150.369078,-34.071096],[150.369461,-34.070978],[150.369862,-34.070959],[150.370205,-34.071075],[150.370574,-34.071398],[150.370674,-34.071698],[150.370527,-34.072227],[150.370218,-34.072409],[150.369927,-34.072376]],[[150.326764,-34.046607],[150.326511,-34.046737],[150.326065,-34.046781],[150.324797,-34.04715],[150.323042,-34.047527],[150.323242,-34.047369],[150.323954,-34.047105],[150.325242,-34.046781],[150.327584,-34.046021],[150.328275,-34.045748],[150.329311,-34.045166],[150.329583,-34.045118],[150.329743,-34.045203],[150.329122,-34.045658],[150.327628,-34.046319],[150.326764,-34.046607]],[[150.317623,-34.111839],[150.317221,-34.112209],[150.316391,-34.112749],[150.315863,-34.113017],[150.315362,-34.113087],[150.315619,-34.112498],[150.317474,-34.111078],[150.317636,-34.111109],[150.317703,-34.111363],[150.317623,-34.111839]],[[150.360172,-34.022944],[150.360534,-34.023141],[150.360524,-34.023474],[150.360464,-34.023653],[150.360139,-34.024016],[150.359974,-34.024454],[150.359617,-34.024771],[150.359399,-34.024829],[150.359055,-34.024741],[150.35895,-34.02463],[150.359037,-34.024299],[150.359682,-34.023041],[150.36,-34.022904],[150.360172,-34.022944]],[[150.259992,-34.147553],[150.260685,-34.147587],[150.261783,-34.147819],[150.262387,-34.148265],[150.262404,-34.1484],[150.262313,-34.148525],[150.261956,-34.148517],[150.260205,-34.148018],[150.259398,-34.148153],[150.25915,-34.148111],[150.259045,-34.148001],[150.259219,-34.147635],[150.259439,-34.147559],[150.259992,-34.147553]],[[150.380296,-34.08356],[150.380386,-34.083102],[150.381055,-34.082495],[150.381979,-34.082055],[150.38258,-34.082248],[150.382086,-34.082787],[150.381714,-34.082905],[150.380968,-34.083548],[150.380477,-34.083672],[150.380296,-34.08356]],[[150.37362,-34.044345],[150.373052,-34.044496],[150.372707,-34.044452],[150.371695,-34.044593],[150.371234,-34.044466],[150.371162,-34.044338],[150.371165,-34.044239],[150.37135,-34.044198],[150.371792,-34.04427],[150.372185,-34.04418],[150.3734,-34.043764],[150.374317,-34.043179],[150.374782,-34.043189],[150.374779,-34.043288],[150.37362,-34.044345]],[[150.26804,-34.15892],[150.268117,-34.15921],[150.268576,-34.160095],[150.268596,-34.160483],[150.268445,-34.16048],[150.268165,-34.160086],[150.267931,-34.159927],[150.267325,-34.158886],[150.267219,-34.157793],[150.267119,-34.157529],[150.267212,-34.157333],[150.267384,-34.1574],[150.267706,-34.157822],[150.26804,-34.15892]],[[150.313188,-34.147865],[150.313368,-34.147995],[150.313385,-34.148157],[150.313294,-34.148273],[150.313098,-34.148313],[150.312072,-34.147831],[150.311858,-34.146718],[150.312026,-34.146541],[150.312506,-34.14647],[150.312741,-34.146566],[150.312854,-34.146757],[150.312804,-34.147306],[150.313188,-34.147865]],[[150.401054,-34.051736],[150.401369,-34.051355],[150.401727,-34.051326],[150.401996,-34.051395],[150.403171,-34.052285],[150.403274,-34.052801],[150.403139,-34.052979],[150.402858,-34.052973],[150.402096,-34.05238],[150.401635,-34.051874],[150.401054,-34.051736]],[[150.272584,-34.150142],[150.272796,-34.150958],[150.272778,-34.151183],[150.272525,-34.151646],[150.272371,-34.151696],[150.27218,-34.151584],[150.271944,-34.151164],[150.271792,-34.150818],[150.271734,-34.150267],[150.271392,-34.149791],[150.271558,-34.149668],[150.272584,-34.150142]],[[150.196042,-34.006318],[150.195805,-34.006601],[150.194965,-34.006807],[150.194738,-34.006793],[150.194558,-34.00668],[150.194471,-34.006354],[150.194566,-34.006095],[150.194872,-34.005687],[150.195678,-34.005534],[150.19596,-34.005829],[150.196091,-34.006121],[150.196042,-34.006318]],[[150.345226,-34.101882],[150.345911,-34.102159],[150.346387,-34.102529],[150.346491,-34.10301],[150.346315,-34.103096],[150.346089,-34.103028],[150.344411,-34.101594],[150.343581,-34.101108],[150.343445,-34.10096],[150.343514,-34.100827],[150.34398,-34.100819],[150.344246,-34.100978],[150.345012,-34.101788],[150.345226,-34.101882]],[[150.267149,-34.147199],[150.267771,-34.147393],[150.26772,-34.147626],[150.265961,-34.147722],[150.265248,-34.147643],[150.265013,-34.147512],[150.264439,-34.147517],[150.264343,-34.147443],[150.264642,-34.14726],[150.265979,-34.147146],[150.267149,-34.147199]],[[150.384951,-34.068216],[150.38473,-34.068698],[150.384711,-34.069672],[150.384496,-34.069956],[150.384437,-34.069765],[150.384498,-34.068856],[150.384436,-34.068737],[150.384319,-34.068681],[150.382223,-34.068834],[150.382896,-34.068461],[150.384465,-34.068143],[150.385184,-34.06768],[150.385279,-34.067755],[150.384951,-34.068216]],[[150.379568,-34.041813],[150.379917,-34.041379],[150.380029,-34.04194],[150.379906,-34.042442],[150.379723,-34.042745],[150.379337,-34.042971],[150.37861,-34.043037],[150.3782,-34.042974],[150.378752,-34.042273],[150.379568,-34.041813]],[[150.420573,-34.014517],[150.420993,-34.01458],[150.421249,-34.01472],[150.421877,-34.015428],[150.422181,-34.016119],[150.421801,-34.016147],[150.42148,-34.016023],[150.421367,-34.015823],[150.420868,-34.015488],[150.420502,-34.015047],[150.420481,-34.014677],[150.420573,-34.014517]],[[150.335496,-34.095947],[150.335903,-34.096776],[150.335919,-34.097326],[150.335753,-34.097413],[150.335197,-34.097203],[150.335019,-34.096991],[150.334862,-34.096465],[150.334837,-34.09587],[150.334744,-34.095741],[150.334802,-34.095616],[150.335169,-34.095669],[150.335496,-34.095947]],[[150.203695,-34.001029],[150.203642,-34.001325],[150.203183,-34.002108],[150.202965,-34.002157],[150.202595,-34.001888],[150.202483,-34.001669],[150.202475,-34.001254],[150.202752,-34.000737],[150.202949,-34.000661],[150.20338,-34.000733],[150.203677,-34.000903],[150.203695,-34.001029]],[[150.347794,-34.057097],[150.347863,-34.056981],[150.34806,-34.056895],[150.34843,-34.056858],[150.35038,-34.057171],[150.351353,-34.057237],[150.351436,-34.057347],[150.351061,-34.057564],[150.350747,-34.057575],[150.347794,-34.057097]],[[150.313241,-34.061917],[150.313475,-34.062391],[150.313402,-34.06266],[150.313239,-34.062656],[150.31305,-34.062472],[150.312533,-34.061712],[150.31181,-34.060939],[150.311766,-34.060614],[150.311951,-34.060239],[150.312091,-34.060269],[150.312283,-34.060715],[150.312953,-34.061424],[150.313074,-34.061733],[150.313241,-34.061917]],[[150.278043,-34.108407],[150.277899,-34.108521],[150.277643,-34.109056],[150.27733,-34.109374],[150.277042,-34.109566],[150.27688,-34.109535],[150.276964,-34.109276],[150.277729,-34.108067],[150.278517,-34.107489],[150.278735,-34.107449],[150.279123,-34.107529],[150.279151,-34.107656],[150.278983,-34.107824],[150.278167,-34.108266],[150.278043,-34.108407]],[[150.385023,-34.063404],[150.385011,-34.063097],[150.385089,-34.063017],[150.385445,-34.063079],[150.386293,-34.063656],[150.387021,-34.064312],[150.387594,-34.064684],[150.388324,-34.064916],[150.388428,-34.065063],[150.388252,-34.065149],[150.386317,-34.064297],[150.385622,-34.063651],[150.385023,-34.063404]],[[150.400007,-34.083141],[150.400173,-34.083379],[150.400052,-34.083457],[150.399825,-34.083425],[150.399067,-34.083076],[150.398791,-34.08289],[150.398255,-34.081968],[150.398409,-34.081917],[150.398698,-34.082022],[150.39938,-34.082379],[150.399865,-34.082849],[150.400007,-34.083141]],[[150.163305,-34.170001],[150.163816,-34.170301],[150.163957,-34.17062],[150.163931,-34.170745],[150.163184,-34.17071],[150.162539,-34.170524],[150.161664,-34.170423],[150.161923,-34.17014],[150.162241,-34.170048],[150.162973,-34.169894],[150.163305,-34.170001]],[[150.330974,-34.097769],[150.330867,-34.097722],[150.330839,-34.097595],[150.33126,-34.097288],[150.332912,-34.097829],[150.333304,-34.098126],[150.333181,-34.098241],[150.332519,-34.098253],[150.330974,-34.097769]],[[150.278334,-34.162196],[150.279198,-34.162314],[150.279313,-34.162452],[150.279275,-34.162623],[150.279129,-34.162773],[150.278736,-34.162854],[150.277976,-34.162882],[150.277784,-34.162761],[150.277495,-34.162331],[150.277697,-34.161785],[150.278334,-34.162196]],[[150.385219,-34.043628],[150.385118,-34.043761],[150.384877,-34.043846],[150.380991,-34.04306],[150.380703,-34.042919],[150.380642,-34.04281],[150.380678,-34.042675],[150.38095,-34.042645],[150.383223,-34.043378],[150.385092,-34.043544],[150.385221,-34.043565],[150.385219,-34.043628]],[[150.297391,-34.062336],[150.297464,-34.062103],[150.297605,-34.062079],[150.29769,-34.062153],[150.297837,-34.062985],[150.298374,-34.064124],[150.298413,-34.064612],[150.298282,-34.064663],[150.298082,-34.064469],[150.297514,-34.063591],[150.297391,-34.062336]],[[150.323237,-33.93165],[150.322722,-33.931847],[150.322129,-33.932474],[150.321856,-33.932576],[150.321662,-33.932536],[150.322162,-33.931762],[150.322934,-33.93095],[150.323208,-33.930838],[150.323487,-33.930917],[150.323505,-33.931025],[150.323499,-33.931223],[150.323237,-33.93165]],[[150.404263,-34.037063],[150.405003,-34.036971],[150.405219,-34.036993],[150.405226,-34.037111],[150.404729,-34.037434],[150.404467,-34.0375],[150.403557,-34.037517],[150.40276,-34.037699],[150.40235,-34.037663],[150.40226,-34.037436],[150.402542,-34.037415],[150.403341,-34.037125],[150.404263,-34.037063]],[[150.336578,-34.056241],[150.33646,-34.055851],[150.336782,-34.055254],[150.3369,-34.055293],[150.337023,-34.055503],[150.337323,-34.056654],[150.337609,-34.057192],[150.337447,-34.057549],[150.337142,-34.057254],[150.336578,-34.056241]],[[150.278794,-34.147873],[150.279225,-34.147945],[150.279375,-34.148012],[150.279403,-34.148139],[150.278713,-34.1487],[150.278412,-34.149307],[150.278289,-34.149403],[150.277955,-34.149332],[150.278352,-34.148115],[150.278488,-34.147947],[150.278794,-34.147873]],[[150.384449,-34.037671],[150.384401,-34.037823],[150.38407,-34.038014],[150.383297,-34.038151],[150.382461,-34.038584],[150.383057,-34.037858],[150.383624,-34.037392],[150.384179,-34.037295],[150.384373,-34.037345],[150.384539,-34.037556],[150.384449,-34.037671]],[[150.313343,-34.150158],[150.313995,-34.150785],[150.314129,-34.151022],[150.314131,-34.151293],[150.313926,-34.151252],[150.313638,-34.150777],[150.312765,-34.150262],[150.312353,-34.149929],[150.31182,-34.149953],[150.31153,-34.150217],[150.311227,-34.15022],[150.311265,-34.150031],[150.311422,-34.149881],[150.312372,-34.149659],[150.312575,-34.149744],[150.312732,-34.149946],[150.313343,-34.150158]],[[150.19823,-34.087527],[150.19776,-34.08766],[150.196775,-34.087277],[150.196782,-34.08707],[150.196908,-34.086866],[150.197139,-34.086754],[150.197378,-34.08675],[150.198148,-34.087065],[150.198272,-34.087239],[150.19823,-34.087527]],[[150.340344,-34.098919],[150.34094,-34.099292],[150.341188,-34.099658],[150.341891,-34.100052],[150.341888,-34.10016],[150.34181,-34.100231],[150.341584,-34.100181],[150.341019,-34.099871],[150.340431,-34.099281],[150.339274,-34.098508],[150.339283,-34.098211],[150.33951,-34.098216],[150.340344,-34.098919]],[[150.241971,-34.106547],[150.242109,-34.107307],[150.242061,-34.10745],[150.241799,-34.10749],[150.241336,-34.107398],[150.240831,-34.106936],[150.240847,-34.106792],[150.241046,-34.106661],[150.241636,-34.106494],[150.241971,-34.106547]],[[150.222356,-34.113154],[150.222551,-34.113131],[150.222967,-34.113691],[150.2229,-34.114077],[150.222699,-34.114244],[150.222169,-34.114214],[150.222074,-34.11413],[150.222077,-34.113707],[150.221873,-34.113332],[150.221867,-34.11317],[150.222185,-34.113069],[150.222356,-34.113154]],[[150.39909,-34.035566],[150.399589,-34.035874],[150.400329,-34.036115],[150.400301,-34.036312],[150.400115,-34.03639],[150.399533,-34.036296],[150.39845,-34.03594],[150.398323,-34.035838],[150.39833,-34.035631],[150.398594,-34.035483],[150.39909,-34.035566]],[[150.262634,-34.161432],[150.262915,-34.161456],[150.262987,-34.161575],[150.263015,-34.162044],[150.262381,-34.162896],[150.262194,-34.162973],[150.262057,-34.162825],[150.26231,-34.161722],[150.262425,-34.161535],[150.262634,-34.161432]],[[150.379466,-34.045832],[150.380092,-34.045899],[150.381143,-34.045867],[150.381485,-34.046037],[150.381328,-34.046196],[150.380922,-34.046359],[150.380281,-34.046435],[150.379247,-34.045908],[150.379273,-34.045755],[150.379466,-34.045832]],[[150.342257,-34.055436],[150.342357,-34.055339],[150.343188,-34.055086],[150.343126,-34.054301],[150.343258,-34.054231],[150.343375,-34.054297],[150.343322,-34.054638],[150.343453,-34.054921],[150.343443,-34.055245],[150.343606,-34.0556],[150.343753,-34.055729],[150.343862,-34.056047],[150.343877,-34.056607],[150.34374,-34.056513],[150.343447,-34.055822],[150.343247,-34.055628],[150.343023,-34.055515],[150.342257,-34.055436]],[[150.217636,-34.111983],[150.217706,-34.112165],[150.217614,-34.112325],[150.217765,-34.112689],[150.217759,-34.112861],[150.217635,-34.112993],[150.217297,-34.113067],[150.216901,-34.112913],[150.216912,-34.11258],[150.217065,-34.112205],[150.217257,-34.111975],[150.217465,-34.111916],[150.217636,-34.111983]],[[150.353999,-34.05852],[150.354756,-34.059284],[150.354824,-34.059511],[150.354749,-34.059834],[150.354335,-34.059573],[150.353793,-34.058534],[150.35351,-34.058239],[150.353738,-34.058226],[150.353999,-34.05852]],[[150.158562,-34.169792],[150.158896,-34.169854],[150.159031,-34.170037],[150.158971,-34.170207],[150.158737,-34.170382],[150.157796,-34.170324],[150.157713,-34.170205],[150.15785,-34.170001],[150.158182,-34.169792],[150.158562,-34.169792]],[[150.194764,-34.112752],[150.194889,-34.112899],[150.194871,-34.113115],[150.194645,-34.113398],[150.19383,-34.113452],[150.193938,-34.113157],[150.194195,-34.112901],[150.194405,-34.11278],[150.194764,-34.112752]],[[150.355147,-34.03204],[150.3551,-34.032174],[150.35488,-34.032278],[150.354218,-34.031966],[150.354216,-34.031696],[150.354481,-34.031539],[150.354707,-34.03158],[150.355004,-34.031767],[150.355147,-34.03204]],[[150.319035,-34.059556],[150.31903,-34.059375],[150.319178,-34.059144],[150.319618,-34.05928],[150.319657,-34.059389],[150.319559,-34.059765],[150.319437,-34.059853],[150.319147,-34.059792],[150.319035,-34.059556]],[[150.215706,-34.111994],[150.216031,-34.112001],[150.216049,-34.112128],[150.216,-34.112307],[150.215712,-34.112472],[150.21553,-34.112404],[150.21523,-34.111992],[150.215418,-34.111852],[150.215706,-34.111994]]]},"properties":{"OBJECTID":5171,"FireType":1,"FireName":"","FireNo":"","FireYear":199798,"Label":"1997-98 Wildfire","StartDate":880502400000,"EndDate":null,"Intensity":null,"AreaHa":61366.60784142,"PerimeterM":390583.15836224,"OFHObjMet":null,"ObjNotMet":null,"NPWSBranch":"BMTN","NPWSArea":"KANA","VerDate":1788739200000,"Shape.STArea()":0.05992691065845444,"Shape.STLength()":3.888728990580044}},{"type":"Feature","id":22179,"geometry":{"type":"MultiPolygon","coordinates":[[[[150.091033,-33.975506],[150.09133,-33.974244],[150.091743,-33.973302],[150.091852,-33.971982],[150.092389,-33.971123],[150.092033,-33.970374],[150.09078,-33.969921],[150.090113,-33.969007],[150.089883,-33.968287],[150.090477,-33.965763],[150.089558,-33.96479],[150.089106,-33.964092],[150.08893,-33.963665],[150.089048,-33.962112],[150.088886,-33.961231],[150.089228,-33.959574],[150.08925,-33.95894],[150.090254,-33.957404],[150.091178,-33.955443],[150.091187,-33.954227],[150.090082,-33.952218],[150.089731,-33.951337],[150.089685,-33.949909],[150.089903,-33.949094],[150.089498,-33.948873],[150.08805,-33.948548],[150.08666,-33.948383],[150.08543,-33.949094],[150.08238,-33.950158],[150.080674,-33.949933],[150.0799,-33.949386],[150.077829,-33.948702],[150.0768,-33.949127],[150.075579,-33.948991],[150.073435,-33.948254],[150.072071,-33.947323],[150.069773,-33.946818],[150.068284,-33.946757],[150.067501,-33.946473],[150.06623,-33.946522],[150.06542,-33.947005],[150.063695,-33.947361],[150.062025,-33.949806],[150.061196,-33.950844],[150.060596,-33.952601],[150.060512,-33.955983],[150.059664,-33.957575],[150.059461,-33.958839],[150.059536,-33.960348],[150.058539,-33.962598],[150.058417,-33.964287],[150.058108,-33.964967],[150.057927,-33.966549],[150.057321,-33.967539],[150.057225,-33.968488],[150.057279,-33.969679],[150.057527,-33.96987],[150.057673,-33.970217],[150.057649,-33.970931],[150.05736,-33.971029],[150.057321,-33.972165],[150.057034,-33.97311],[150.056595,-33.973893],[150.055429,-33.975478],[150.055049,-33.976394],[150.054886,-33.977421],[150.055544,-33.9786],[150.056661,-33.97934],[150.057733,-33.979525],[150.058548,-33.979835],[150.059064,-33.980508],[150.059547,-33.982159],[150.060705,-33.983535],[150.061667,-33.985091],[150.062702,-33.986385],[150.063868,-33.98755],[150.06628,-33.988453],[150.068396,-33.988768],[150.069552,-33.989298],[150.070032,-33.990103],[150.07015,-33.991295],[150.070462,-33.99236],[150.070784,-33.994086],[150.07131,-33.994495],[150.072077,-33.994329],[150.07369,-33.993574],[150.074613,-33.99349],[150.076468,-33.99401],[150.078831,-33.994516],[150.079853,-33.994355],[150.082917,-33.994771],[150.083987,-33.995035],[150.087713,-33.9947],[150.087113,-33.993655],[150.086744,-33.992062],[150.086328,-33.991548],[150.086348,-33.990966],[150.086814,-33.990343],[150.085926,-33.988471],[150.085249,-33.987847],[150.084966,-33.986836],[150.084026,-33.985545],[150.083737,-33.984718],[150.084936,-33.982129],[150.085572,-33.981166],[150.088272,-33.980173],[150.089242,-33.97964],[150.090981,-33.977038],[150.090859,-33.976903],[150.090092,-33.97707],[150.089038,-33.97809],[150.088169,-33.979483],[150.085615,-33.98085],[150.084476,-33.981669],[150.084257,-33.98251],[150.082768,-33.984272],[150.082718,-33.984826],[150.083037,-33.986372],[150.086016,-33.990483],[150.085427,-33.990997],[150.085461,-33.991844],[150.083299,-33.992877],[150.083002,-33.993214],[150.082085,-33.993112],[150.080394,-33.99339],[150.078784,-33.992188],[150.077111,-33.991937],[150.074818,-33.992147],[150.073358,-33.993064],[150.072338,-33.993198],[150.072039,-33.992662],[150.071887,-33.991836],[150.071105,-33.991085],[150.071416,-33.990479],[150.071406,-33.989845],[150.070577,-33.989032],[150.06994,-33.989096],[150.069509,-33.988689],[150.068826,-33.98825],[150.067793,-33.987829],[150.067102,-33.988031],[150.065498,-33.987219],[150.06449,-33.986058],[150.06247,-33.982793],[150.058452,-33.978934],[150.057517,-33.978436],[150.056656,-33.977648],[150.056484,-33.977089],[150.056186,-33.976553],[150.056359,-33.976134],[150.057153,-33.9761],[150.058837,-33.975136],[150.059105,-33.97472],[150.059416,-33.973987],[150.060654,-33.973038],[150.061264,-33.972841],[150.061795,-33.973092],[150.062283,-33.973659],[150.062693,-33.974647],[150.063123,-33.975054],[150.063959,-33.975682],[150.064621,-33.975803],[150.065139,-33.975498],[150.065375,-33.975107],[150.06583,-33.974775],[150.065718,-33.974349],[150.065381,-33.973997],[150.065241,-33.973465],[150.065831,-33.972898],[150.067038,-33.971948],[150.067182,-33.971449],[150.066878,-33.971072],[150.0667,-33.969772],[150.066846,-33.96922],[150.067373,-33.968678],[150.067334,-33.967963],[150.067126,-33.967535],[150.06618,-33.96738],[150.0654,-33.966992],[150.06463,-33.966312],[150.063122,-33.96588],[150.061873,-33.96622],[150.061086,-33.966942],[150.059896,-33.967415],[150.058989,-33.967024],[150.05863,-33.966407],[150.058459,-33.965821],[150.061198,-33.960916],[150.062232,-33.954861],[150.063785,-33.953047],[150.064304,-33.95179],[150.064281,-33.948776],[150.065369,-33.947586],[150.066831,-33.947489],[150.068841,-33.948092],[150.069643,-33.950596],[150.069804,-33.954222],[150.070456,-33.95926],[150.070269,-33.964728],[150.069989,-33.966414],[150.069823,-33.968472],[150.069275,-33.969278],[150.068863,-33.972388],[150.06912,-33.97324],[150.070087,-33.972788],[150.070959,-33.971434],[150.071235,-33.967474],[150.071801,-33.965399],[150.071701,-33.963679],[150.071295,-33.962559],[150.071771,-33.959794],[150.071346,-33.955527],[150.070921,-33.95393],[150.071084,-33.952058],[150.071043,-33.951396],[150.071385,-33.95069],[150.072202,-33.949996],[150.073353,-33.949732],[150.074888,-33.950298],[150.076697,-33.950288],[150.07793,-33.950397],[150.078229,-33.950932],[150.078658,-33.951366],[150.080006,-33.950922],[150.080608,-33.950936],[150.08136,-33.951218],[150.081781,-33.951889],[150.082327,-33.951691],[150.083155,-33.950679],[150.083817,-33.950801],[150.084608,-33.951798],[150.085176,-33.952214],[150.086293,-33.951679],[150.086779,-33.952325],[150.085973,-33.953628],[150.086166,-33.954888],[150.086827,-33.955551],[150.08793,-33.955789],[150.089555,-33.95559],[150.090116,-33.955867],[150.089187,-33.957987],[150.088594,-33.959585],[150.088435,-33.961432],[150.088852,-33.963161],[150.0886,-33.964053],[150.088476,-33.965822],[150.089105,-33.966921],[150.08959,-33.969081],[150.089135,-33.96975],[150.089028,-33.970118],[150.08947,-33.970181],[150.090172,-33.970066],[150.091616,-33.970523],[150.091953,-33.970874],[150.091965,-33.971456],[150.091433,-33.972157],[150.090657,-33.972589],[150.090418,-33.973085],[150.091342,-33.972975],[150.091294,-33.97345],[150.090829,-33.974998],[150.091033,-33.975506]]],[[[150.094172,-33.968151],[150.093942,-33.968383],[150.094396,-33.968077],[150.094172,-33.968151]]],[[[150.094139,-33.967251],[150.094463,-33.967047],[150.094205,-33.967173],[150.094139,-33.967251]]]]},"properties":{"OBJECTID":22179,"FireType":2,"FireName":"Rocky Top","FireNo":"BMS-HR-03-029","FireYear":200304,"Label":"2003-04 Prescribed Burn","StartDate":1080691200000,"EndDate":1081555200000,"Intensity":null,"AreaHa":309.40144844,"PerimeterM":38417.08586878,"OFHObjMet":null,"ObjNotMet":null,"NPWSBranch":"BMTN","NPWSArea":"KANA","VerDate":1788739200000,"Shape.STArea()":0.00030181463997895586,"Shape.STLength()":0.3718588871444584}},{"type":"Feature","id":22396,"geometry":{"type":"Polygon","coordinates":[[[150.086537,-33.948193],[150.087189,-33.948129],[150.088934,-33.948461],[150.09017,-33.948833],[150.090152,-33.94936],[150.089925,-33.949641],[150.08998,-33.951211],[150.090191,-33.951891],[150.090932,-33.953029],[150.091537,-33.954401],[150.091647,-33.954901],[150.091285,-33.955761],[150.09087,-33.956437],[150.090423,-33.957874],[150.089639,-33.958564],[150.089444,-33.958982],[150.089511,-33.959663],[150.089305,-33.960397],[150.089302,-33.962086],[150.089155,-33.963742],[150.089691,-33.964494],[150.090445,-33.96519],[150.090727,-33.965966],[150.090635,-33.966537],[150.090403,-33.966954],[150.090414,-33.967709],[150.090191,-33.968312],[150.090232,-33.968805],[150.09059,-33.969432],[150.090883,-33.969655],[150.09221,-33.970255],[150.092571,-33.970807],[150.092686,-33.971156],[150.092427,-33.971768],[150.092163,-33.97217],[150.091995,-33.9735],[150.092197,-33.973278],[150.092429,-33.972327],[150.092989,-33.971284],[150.092916,-33.970769],[150.092572,-33.970248],[150.091846,-33.969764],[150.090739,-33.96933],[150.090507,-33.968586],[150.090806,-33.967409],[150.091042,-33.966805],[150.091681,-33.965597],[150.091473,-33.964792],[150.090269,-33.963467],[150.090036,-33.962858],[150.090327,-33.961484],[150.089866,-33.959867],[150.090488,-33.959158],[150.091468,-33.960674],[150.091652,-33.96151],[150.092069,-33.962483],[150.092693,-33.963509],[150.093761,-33.964141],[150.094618,-33.964199],[150.094924,-33.964063],[150.094752,-33.963557],[150.094037,-33.962284],[150.093543,-33.960371],[150.093557,-33.95994],[150.093911,-33.959662],[150.095261,-33.959227],[150.095581,-33.958961],[150.095673,-33.958405],[150.094974,-33.957534],[150.094417,-33.957449],[150.093765,-33.957649],[150.093106,-33.957693],[150.092718,-33.956918],[150.092218,-33.953829],[150.091581,-33.952034],[150.091548,-33.951154],[150.091903,-33.950691],[150.09277,-33.950486],[150.095372,-33.95049],[150.095773,-33.95001],[150.096668,-33.949616],[150.098431,-33.949016],[150.098815,-33.948366],[150.098821,-33.947536],[150.098484,-33.946574],[150.09733,-33.946264],[150.09563,-33.946305],[150.094638,-33.946929],[150.093762,-33.947604],[150.092776,-33.947473],[150.092412,-33.946783],[150.09253,-33.945853],[150.092255,-33.945093],[150.09158,-33.944895],[150.090632,-33.944811],[150.089937,-33.94528],[150.089854,-33.945759],[150.090112,-33.946143],[150.089693,-33.94651],[150.088649,-33.946579],[150.087928,-33.946506],[150.087721,-33.946199],[150.087806,-33.945653],[150.088485,-33.945102],[150.08851,-33.944955],[150.088348,-33.944795],[150.088062,-33.944789],[150.087306,-33.945033],[150.087208,-33.944711],[150.087242,-33.944572],[150.086953,-33.944401],[150.086686,-33.944419],[150.086525,-33.944539],[150.086588,-33.944984],[150.087364,-33.945634],[150.087514,-33.945909],[150.086825,-33.946865],[150.086806,-33.947431],[150.086537,-33.948193]]]},"properties":{"OBJECTID":22396,"FireType":2,"FireName":"Thurat Ridge","FireNo":"BMR-HR-05-004","FireYear":200506,"Label":"2005-06 Prescribed Burn","StartDate":1142726400000,"EndDate":1143072000000,"Intensity":null,"AreaHa":83.07349533,"PerimeterM":11058.41842988,"OFHObjMet":null,"ObjNotMet":null,"NPWSBranch":"BMTN","NPWSArea":"KANA","VerDate":1788739200000,"Shape.STArea()":8.102346581468842e-05,"Shape.STLength()":0.10650705409889008}},{"type":"Feature","id":22397,"geometry":{"type":"Polygon","coordinates":[[[150.111304,-33.971973],[150.111374,-33.972167],[150.112519,-33.972629],[150.113543,-33.972665],[150.113481,-33.972216],[150.112917,-33.971883],[150.111814,-33.971634],[150.111304,-33.971973]]]},"properties":{"OBJECTID":22397,"FireType":2,"FireName":"Thurat Ridge","FireNo":"BMR-HR-05-004","FireYear":200506,"Label":"2005-06 Prescribed Burn","StartDate":1142726400000,"EndDate":1143072000000,"Intensity":null,"AreaHa":1.4669963,"PerimeterM":514.5433608,"OFHObjMet":null,"ObjNotMet":null,"NPWSBranch":"BMTN","NPWSArea":"KANA","VerDate":1788739200000,"Shape.STArea()":1.431099280268892e-06,"Shape.STLength()":0.0053155679698546785}},{"type":"Feature","id":22398,"geometry":{"type":"Polygon","coordinates":[[[150.105695,-33.970722],[150.105431,-33.971069],[150.106189,-33.97131],[150.10723,-33.971387],[150.10784,-33.971253],[150.10773,-33.97097],[150.107334,-33.970866],[150.106737,-33.970934],[150.106248,-33.970705],[150.105695,-33.970722]]]},"properties":{"OBJECTID":22398,"FireType":2,"FireName":"Thurat Ridge","FireNo":"BMR-HR-05-004","FireYear":200506,"Label":"2005-06 Prescribed Burn","StartDate":1142726400000,"EndDate":1143072000000,"Intensity":null,"AreaHa":1.07057869,"PerimeterM":507.40264051,"OFHObjMet":null,"ObjNotMet":null,"NPWSBranch":"BMTN","NPWSArea":"KANA","VerDate":1788739200000,"Shape.STArea()":1.0443678482357777e-06,"Shape.STLength()":0.005321782170401899}},{"type":"Feature","id":22399,"geometry":{"type":"Polygon","coordinates":[[[150.099261,-33.968387],[150.099106,-33.968484],[150.099178,-33.968866],[150.100768,-33.969521],[150.101274,-33.96931],[150.100894,-33.9688],[150.09971,-33.968398],[150.099261,-33.968387]]]},"properties":{"OBJECTID":22399,"FireType":2,"FireName":"Thurat Ridge","FireNo":"BMR-HR-05-004","FireYear":200506,"Label":"2005-06 Prescribed Burn","StartDate":1142726400000,"EndDate":1143072000000,"Intensity":null,"AreaHa":1.32482359,"PerimeterM":503.61772806,"OFHObjMet":null,"ObjNotMet":null,"NPWSBranch":"BMTN","NPWSArea":"KANA","VerDate":1788739200000,"Shape.STArea()":1.2923557646285852e-06,"Shape.STLength()":0.005177478753628916}},{"type":"Feature","id":22400,"geometry":{"type":"Polygon","coordinates":[[[150.095696,-33.973235],[150.095256,-33.973845],[150.095004,-33.97465],[150.095036,-33.975742],[150.095622,-33.975437],[150.095838,-33.973589],[150.095696,-33.973235]]]},"properties":{"OBJECTID":22400,"FireType":2,"FireName":"Thurat Ridge","FireNo":"BMR-HR-05-004","FireYear":200506,"Label":"2005-06 Prescribed Burn","StartDate":1142726400000,"EndDate":1143072000000,"Intensity":null,"AreaHa":1.33763198,"PerimeterM":604.00203664,"OFHObjMet":null,"ObjNotMet":null,"NPWSBranch":"BMTN","NPWSArea":"KANA","VerDate":1788739200000,"Shape.STArea()":1.3049367867560898e-06,"Shape.STLength()":0.005595689611587756}},{"type":"Feature","id":22653,"geometry":{"type":"Polygon","coordinates":[[[150.20545,-33.919867],[150.199428,-33.917851],[150.19652,-33.923988],[150.19456,-33.921876],[150.192649,-33.91826],[150.189127,-33.922504],[150.188948,-33.927951],[150.184453,-33.927473],[150.182888,-33.927061],[150.178362,-33.927521],[150.177775,-33.931644],[150.179028,-33.93468],[150.174866,-33.937781],[150.170195,-33.935793],[150.167321,-33.934035],[150.166864,-33.934213],[150.165649,-33.930049],[150.160691,-33.929935],[150.162588,-33.933926],[150.165362,-33.93869],[150.163077,-33.939577],[150.162176,-33.939557],[150.162489,-33.9437],[150.159077,-33.944561],[150.156629,-33.943564],[150.155145,-33.94071],[150.153862,-33.938613],[150.153448,-33.937475],[150.152653,-33.934261],[150.150706,-33.931772],[150.148709,-33.930785],[150.148396,-33.93341],[150.147908,-33.934527],[150.147826,-33.936969],[150.150218,-33.939656],[150.147951,-33.93998],[150.147419,-33.942411],[150.151445,-33.943444],[150.157161,-33.947901],[150.159121,-33.950014],[150.157256,-33.951851],[150.153856,-33.952336],[150.149328,-33.952795],[150.150637,-33.954141],[150.15013,-33.955822],[150.15276,-33.958139],[150.152528,-33.958321],[150.153568,-33.960977],[150.150386,-33.961655],[150.149259,-33.961629],[150.14522,-33.960972],[150.142283,-33.961091],[150.139076,-33.962521],[150.138274,-33.966262],[150.13756,-33.967373],[150.134985,-33.970133],[150.132185,-33.972888],[150.134609,-33.974636],[150.137835,-33.972644],[150.140484,-33.974397],[150.142313,-33.973688],[150.140021,-33.967995],[150.142783,-33.966367],[150.144869,-33.964723],[150.146441,-33.964948],[150.150217,-33.966727],[150.151933,-33.969399],[150.153041,-33.969989],[150.15333,-33.968115],[150.155215,-33.965715],[150.157469,-33.965767],[150.157457,-33.966143],[150.160538,-33.96847],[150.163287,-33.967218],[150.161189,-33.962469],[150.157632,-33.960883],[150.156749,-33.960299],[150.156836,-33.957669],[150.157594,-33.955242],[150.161131,-33.950624],[150.163035,-33.94766],[150.166941,-33.945494],[150.174605,-33.945671],[150.175945,-33.946077],[150.181568,-33.946582],[150.186255,-33.941238],[150.187463,-33.938821],[150.190674,-33.937203],[150.194067,-33.936904],[150.194761,-33.936356],[150.196925,-33.932269],[150.200775,-33.931793],[150.204699,-33.929062],[150.206551,-33.9276],[150.206649,-33.924595],[150.20545,-33.919867]]]},"properties":{"OBJECTID":22653,"FireType":2,"FireName":"Gangerang Plateau","FireNo":"BMR-HR08-010","FireYear":200809,"Label":"2008-09 Prescribed Burn","StartDate":1237420800000,"EndDate":1238544000000,"Intensity":null,"AreaHa":930.70559573,"PerimeterM":32688.07008603,"OFHObjMet":null,"ObjNotMet":null,"NPWSBranch":"BMTN","NPWSArea":"KANA","VerDate":1788739200000,"Shape.STArea()":0.000907615012207778,"Shape.STLength()":0.3230901747257085}},{"type":"Feature","id":27978,"geometry":{"type":"Polygon","coordinates":[[[150.117897,-33.994598],[150.116269,-33.997679],[150.116109,-34.002895],[150.116233,-34.006367],[150.118452,-34.010076],[150.120441,-34.012199],[150.12363,-34.013857],[150.124439,-34.017022],[150.125759,-34.019884],[150.125472,-34.026407],[150.126187,-34.026968],[150.126444,-34.029278],[150.124943,-34.031053],[150.125348,-34.032635],[150.125804,-34.035664],[150.126741,-34.037523],[150.128536,-34.039071],[150.130377,-34.041921],[150.132131,-34.042311],[150.133052,-34.043736],[150.13451,-34.045582],[150.135952,-34.046994],[150.136925,-34.049865],[150.138357,-34.050987],[150.139527,-34.049655],[150.14226,-34.048284],[150.144672,-34.047644],[150.145467,-34.045597],[150.143319,-34.043914],[150.145179,-34.042419],[150.14849,-34.042626],[150.151286,-34.04299],[150.154009,-34.041329],[150.153273,-34.035411],[150.155121,-34.033627],[150.157369,-34.033281],[150.158422,-34.033544],[150.159543,-34.035688],[150.160449,-34.036678],[150.163213,-34.036174],[150.165619,-34.03539],[150.166983,-34.034631],[150.166951,-34.033764],[150.163834,-34.034132],[150.161923,-34.03418],[150.159796,-34.033075],[150.158354,-34.031664],[150.158991,-34.030055],[150.160686,-34.028854],[150.163118,-34.028793],[150.165182,-34.028162],[150.167425,-34.027671],[150.168425,-34.026487],[150.167346,-34.025501],[150.165393,-34.024392],[150.163966,-34.023415],[150.164608,-34.021951],[150.167146,-34.020004],[150.16923,-34.019952],[150.169962,-34.020947],[150.170336,-34.021661],[150.171325,-34.020188],[150.172636,-34.017983],[150.17311,-34.016668],[150.175173,-34.016037],[150.1776,-34.015831],[150.179547,-34.016795],[150.181653,-34.017321],[150.182963,-34.015116],[150.182037,-34.013546],[150.182315,-34.011657],[150.183652,-34.010175],[150.18641,-34.009526],[150.188494,-34.009473],[150.189378,-34.009885],[150.19021,-34.00885],[150.190651,-34.006667],[150.19283,-34.00444],[150.19543,-34.004229],[150.198914,-34.00443],[150.201682,-34.00407],[150.201728,-34.000594],[150.203249,-33.999397],[150.205685,-33.999479],[150.208037,-33.997247],[150.20851,-33.995932],[150.208403,-33.993039],[150.209517,-33.990259],[150.210848,-33.988633],[150.213773,-33.987834],[150.216856,-33.986596],[150.217639,-33.98426],[150.217922,-33.982515],[150.220825,-33.981137],[150.222318,-33.979217],[150.223507,-33.978462],[150.226627,-33.978237],[150.227658,-33.977921],[150.227214,-33.975326],[150.227318,-33.973441],[150.230058,-33.972357],[150.231394,-33.970875],[150.231313,-33.968705],[150.231422,-33.966965],[150.234705,-33.966446],[150.235524,-33.965122],[150.233155,-33.962142],[150.233264,-33.960402],[150.23545,-33.958463],[150.239401,-33.95257],[150.240768,-33.951955],[150.239526,-33.951263],[150.237937,-33.95058],[150.236397,-33.951199],[150.233294,-33.951859],[150.231027,-33.951627],[150.228607,-33.951979],[150.227673,-33.954899],[150.226485,-33.955654],[150.223534,-33.95573],[150.222193,-33.957067],[150.219296,-33.95859],[150.215605,-33.962159],[150.21084,-33.964888],[150.208405,-33.964805],[150.207096,-33.967011],[150.203645,-33.967678],[150.200573,-33.969204],[150.1994,-33.970393],[150.196612,-33.970174],[150.193481,-33.970109],[150.189136,-33.970075],[150.185142,-33.970177],[150.182738,-33.970962],[150.181413,-33.972733],[150.179361,-33.973653],[150.176236,-33.973733],[150.173705,-33.975824],[150.173069,-33.977433],[150.172469,-33.980054],[150.171354,-33.982833],[150.170733,-33.984876],[150.169455,-33.987949],[150.166676,-33.988019],[150.163087,-33.989702],[150.161351,-33.989746],[150.159246,-33.98922],[150.158704,-33.988654],[150.157715,-33.990127],[150.156357,-33.99103],[150.156246,-33.99277],[150.153989,-33.992827],[150.153357,-33.99458],[150.152183,-33.995768],[150.150146,-33.997122],[150.149014,-33.999467],[150.148377,-34.001076],[150.146493,-34.001847],[150.144772,-34.002325],[150.14325,-34.003521],[150.141361,-34.004147],[150.137376,-34.004537],[150.134919,-34.003874],[150.13313,-34.002471],[150.133215,-34.000008],[150.133168,-33.998706],[150.132247,-33.997281],[150.130806,-33.995869],[150.130412,-33.994576],[150.130191,-33.993279],[150.128312,-33.994194],[150.127322,-33.995667],[150.128069,-33.997096],[150.129526,-33.998942],[150.12943,-34.001116],[150.12795,-34.003469],[150.126071,-34.004385],[150.123466,-34.00445],[150.121661,-34.002612],[150.118916,-33.998772],[150.117897,-33.994598]]]},"properties":{"OBJECTID":27978,"FireType":2,"FireName":"Gingra Range HR","FireNo":"HR11120956249","FireYear":201213,"Label":"2012-13 Prescribed Burn","StartDate":1368403200000,"EndDate":1368835200000,"Intensity":null,"AreaHa":4100.27712492,"PerimeterM":45219.08926675,"OFHObjMet":null,"ObjNotMet":null,"NPWSBranch":"BMTN","NPWSArea":"KANA","VerDate":1788739200000,"Shape.STArea()":0.004001259177071323,"Shape.STLength()":0.44733072033157933}},{"type":"Feature","id":29175,"geometry":{"type":"Polygon","coordinates":[[[150.162028,-34.008395],[150.162272,-34.008485],[150.162674,-34.008468],[150.162912,-34.008274],[150.162886,-34.007894],[150.162459,-34.007756],[150.162062,-34.007837],[150.161912,-34.008187],[150.162028,-34.008395]]]},"properties":{"OBJECTID":29175,"FireType":1,"FireName":"Megalith Ridge","FireNo":"14110677320","FireYear":201415,"Label":"2014-15 Wildfire","StartDate":1415145600000,"EndDate":1415232000000,"Intensity":null,"AreaHa":0.58677261,"PerimeterM":281.60160144,"OFHObjMet":null,"ObjNotMet":null,"NPWSBranch":"BMTN","NPWSArea":"KANA","VerDate":1788739200000,"Shape.STArea()":5.726523364858863e-07,"Shape.STLength()":0.002823945169625594}},{"type":"Feature","id":32396,"geometry":{"type":"Polygon","coordinates":[[[150.08721,-33.984809],[150.087124,-33.985338],[150.087977,-33.985463],[150.088428,-33.984809],[150.088342,-33.984595],[150.08802,-33.984413],[150.086802,-33.984395],[150.086711,-33.984707],[150.086754,-33.984911],[150.08721,-33.984809]]]},"properties":{"OBJECTID":32396,"FireType":1,"FireName":"Thurat","FireNo":"19112760369","FireYear":201920,"Label":"2019-20 Wildfire","StartDate":1574812800000,"EndDate":1575072000000,"Intensity":9999,"AreaHa":1.31130354,"PerimeterM":498.60277949,"OFHObjMet":null,"ObjNotMet":null,"NPWSBranch":"BMTN","NPWSArea":"KANA","VerDate":1788739200000,"Shape.STArea()":1.2794031287425204e-06,"Shape.STLength()":0.005011103069949243}},{"type":"Feature","id":32785,"geometry":{"type":"Polygon","coordinates":[[[150.451585,-34.117973],[150.451312,-34.117086],[150.451521,-34.11616],[150.451197,-34.115213],[150.450678,-34.114363],[150.450798,-34.113724],[150.449637,-34.112889],[150.449779,-34.112273],[150.44731,-34.111071],[150.443957,-34.108842],[150.441794,-34.108726],[150.439419,-34.107677],[150.439305,-34.107109],[150.43896,-34.106375],[150.439291,-34.105586],[150.441395,-34.105211],[150.44151,-34.104492],[150.4405,-34.10397],[150.440467,-34.10273],[150.441161,-34.101826],[150.440097,-34.101864],[150.441522,-34.100544],[150.442262,-34.099297],[150.442347,-34.097455],[150.440725,-34.095047],[150.440016,-34.093096],[150.441258,-34.092536],[150.438878,-34.089808],[150.438423,-34.088467],[150.433599,-34.086507],[150.42998,-34.086808],[150.429696,-34.086891],[150.429401,-34.086739],[150.426369,-34.087459],[150.424967,-34.087497],[150.420203,-34.086353],[150.4177,-34.087589],[150.417093,-34.088688],[150.413607,-34.089481],[150.410665,-34.090963],[150.403753,-34.091895],[150.401945,-34.094134],[150.399842,-34.094191],[150.39866,-34.094923],[150.398294,-34.097692],[150.398598,-34.098359],[150.398509,-34.098825],[150.397803,-34.099848],[150.396659,-34.099974],[150.396138,-34.101326],[150.396371,-34.101651],[150.395794,-34.102037],[150.3955,-34.102552],[150.39448,-34.102777],[150.393609,-34.104353],[150.393433,-34.106374],[150.392794,-34.107465],[150.392936,-34.108087],[150.392488,-34.10797],[150.391835,-34.107037],[150.391549,-34.106038],[150.391,-34.10726],[150.390257,-34.106934],[150.39005,-34.106181],[150.389122,-34.106252],[150.387695,-34.106752],[150.387909,-34.10818],[150.388171,-34.108337],[150.387438,-34.109634],[150.386612,-34.111354],[150.387455,-34.113347],[150.387578,-34.114073],[150.38796,-34.114667],[150.386868,-34.115333],[150.387025,-34.116262],[150.386126,-34.116796],[150.386152,-34.117463],[150.385699,-34.117593],[150.383405,-34.120668],[150.383215,-34.121625],[150.379465,-34.12234],[150.378499,-34.124396],[150.378006,-34.12457],[150.377511,-34.124931],[150.377058,-34.124346],[150.376736,-34.122707],[150.375123,-34.123324],[150.373976,-34.122638],[150.372427,-34.122679],[150.370497,-34.124021],[150.36854,-34.124647],[150.367616,-34.124859],[150.36663,-34.126489],[150.365994,-34.128192],[150.362711,-34.129931],[150.360967,-34.130946],[150.360666,-34.13094],[150.359473,-34.132462],[150.358291,-34.13286],[150.353618,-34.136807],[150.345223,-34.142572],[150.339759,-34.148654],[150.336052,-34.150224],[150.336178,-34.148944],[150.337394,-34.148612],[150.336307,-34.147587],[150.335185,-34.147706],[150.332876,-34.149945],[150.330339,-34.151336],[150.328056,-34.154132],[150.324029,-34.154817],[150.322298,-34.155611],[150.322011,-34.155551],[150.321181,-34.154579],[150.321102,-34.15255],[150.32246,-34.150433],[150.324112,-34.148083],[150.326021,-34.146694],[150.32834,-34.14591],[150.331505,-34.145621],[150.333289,-34.143632],[150.333356,-34.141487],[150.333696,-34.139824],[150.336728,-34.139175],[150.339504,-34.137565],[150.339891,-34.134354],[150.343681,-34.132408],[150.344431,-34.131351],[150.342293,-34.130947],[150.340573,-34.13091],[150.336519,-34.132134],[150.336409,-34.131058],[150.335002,-34.130193],[150.333727,-34.129688],[150.331325,-34.128562],[150.331264,-34.127834],[150.332219,-34.127907],[150.335553,-34.125487],[150.339435,-34.12633],[150.341776,-34.126489],[150.348866,-34.1248],[150.35249,-34.121411],[150.360418,-34.117423],[150.361358,-34.117405],[150.363585,-34.114948],[150.364806,-34.112589],[150.367044,-34.109775],[150.367871,-34.106214],[150.368661,-34.103846],[150.367706,-34.102275],[150.363892,-34.100468],[150.363703,-34.100195],[150.3662,-34.09949],[150.372098,-34.098316],[150.379652,-34.098369],[150.382166,-34.097122],[150.384275,-34.0963],[150.383969,-34.095908],[150.384825,-34.095724],[150.385326,-34.09442],[150.386939,-34.093665],[150.38779,-34.093767],[150.389284,-34.093428],[150.390332,-34.092683],[150.391413,-34.091552],[150.400297,-34.086573],[150.403186,-34.083335],[150.40399,-34.08313],[150.405589,-34.081297],[150.408219,-34.07985],[150.411287,-34.074621],[150.413131,-34.070636],[150.411125,-34.065848],[150.408463,-34.062893],[150.403198,-34.061412],[150.40528,-34.059662],[150.406337,-34.057896],[150.405943,-34.056975],[150.407622,-34.056914],[150.4124,-34.049646],[150.412704,-34.042493],[150.414835,-34.040599],[150.414665,-34.038532],[150.416193,-34.036374],[150.416405,-34.035119],[150.417312,-34.032972],[150.417846,-34.032441],[150.41851,-34.031079],[150.420482,-34.028786],[150.420582,-34.026768],[150.420898,-34.025031],[150.423841,-34.023805],[150.425681,-34.020267],[150.426465,-34.019052],[150.42484,-34.017273],[150.425062,-34.016157],[150.427291,-34.013545],[150.427317,-34.012688],[150.428043,-34.011981],[150.428357,-34.011258],[150.429491,-34.010962],[150.429607,-34.010158],[150.431665,-34.009175],[150.432142,-34.005069],[150.429624,-34.000753],[150.425743,-34.000672],[150.422282,-33.998394],[150.419822,-33.998049],[150.417273,-34.000155],[150.416493,-33.999908],[150.412777,-34.001547],[150.40814,-34.003357],[150.407793,-34.003422],[150.407955,-34.003168],[150.406315,-34.002088],[150.408806,-33.999045],[150.413649,-33.994244],[150.414021,-33.992292],[150.415846,-33.991847],[150.418057,-33.987558],[150.418686,-33.984019],[150.421143,-33.982269],[150.421253,-33.98045],[150.419319,-33.977476],[150.416348,-33.975603],[150.417685,-33.974414],[150.41721,-33.971083],[150.416993,-33.970562],[150.418504,-33.968494],[150.417939,-33.965664],[150.420435,-33.96485],[150.419394,-33.962806],[150.421028,-33.962551],[150.422633,-33.960075],[150.426334,-33.959013],[150.427221,-33.955455],[150.426893,-33.954861],[150.427734,-33.952203],[150.4294,-33.949591],[150.426972,-33.948218],[150.420824,-33.947354],[150.417453,-33.948018],[150.41383,-33.948527],[150.412833,-33.94722],[150.410406,-33.946713],[150.408577,-33.946858],[150.407832,-33.948311],[150.404204,-33.949365],[150.403336,-33.950631],[150.402347,-33.951709],[150.402048,-33.952864],[150.400636,-33.955626],[150.396271,-33.958595],[150.394239,-33.960811],[150.389807,-33.96432],[150.389622,-33.967829],[150.389482,-33.968505],[150.388364,-33.968439],[150.388145,-33.967644],[150.387775,-33.965613],[150.389991,-33.962104],[150.389991,-33.960811],[150.389799,-33.960568],[150.391073,-33.959563],[150.39129,-33.959109],[150.392002,-33.95891],[150.392937,-33.957088],[150.390996,-33.955225],[150.390083,-33.954709],[150.392446,-33.95288],[150.394431,-33.947504],[150.392736,-33.947517],[150.392802,-33.947015],[150.395535,-33.943734],[150.396166,-33.940366],[150.39285,-33.937707],[150.393276,-33.937062],[150.393223,-33.936701],[150.394306,-33.935506],[150.396241,-33.935002],[150.396544,-33.933992],[150.395227,-33.933241],[150.394961,-33.933265],[150.394629,-33.932657],[150.392574,-33.932581],[150.391851,-33.930232],[150.389802,-33.930288],[150.387371,-33.932091],[150.387187,-33.93117],[150.387137,-33.929882],[150.385682,-33.927843],[150.383524,-33.925393],[150.383476,-33.924176],[150.382709,-33.922119],[150.380936,-33.920733],[150.378376,-33.919193],[150.37625,-33.918552],[150.374604,-33.920902],[150.373438,-33.921593],[150.373127,-33.922421],[150.373465,-33.922941],[150.374233,-33.9252],[150.375043,-33.925466],[150.374878,-33.925758],[150.374441,-33.927395],[150.374247,-33.927793],[150.374116,-33.928872],[150.374679,-33.930075],[150.375765,-33.931423],[150.37253,-33.930511],[150.370941,-33.928929],[150.371244,-33.928911],[150.371186,-33.927414],[150.370769,-33.927135],[150.369713,-33.927633],[150.369784,-33.926881],[150.368721,-33.923884],[150.366474,-33.922892],[150.365845,-33.927015],[150.365187,-33.927372],[150.365362,-33.928065],[150.363417,-33.928898],[150.362637,-33.927877],[150.363424,-33.927379],[150.363685,-33.926715],[150.363565,-33.926429],[150.364667,-33.926107],[150.364612,-33.925829],[150.365243,-33.924902],[150.365544,-33.923401],[150.364747,-33.923184],[150.363503,-33.922501],[150.362252,-33.921638],[150.361562,-33.921636],[150.36301,-33.918448],[150.362982,-33.917732],[150.362096,-33.917039],[150.361515,-33.918547],[150.361217,-33.918414],[150.361005,-33.918838],[150.360262,-33.918348],[150.36077,-33.916662],[150.359813,-33.915971],[150.359704,-33.91687],[150.359099,-33.917901],[150.357968,-33.91829],[150.356865,-33.91841],[150.356888,-33.91814],[150.35587,-33.917749],[150.355279,-33.917287],[150.354781,-33.916164],[150.355307,-33.915476],[150.354451,-33.915305],[150.353823,-33.915076],[150.353452,-33.916103],[150.352842,-33.916262],[150.352549,-33.91611],[150.351745,-33.916263],[150.35131,-33.916104],[150.350796,-33.916275],[150.351018,-33.916681],[150.350786,-33.916814],[150.350165,-33.917428],[150.350009,-33.917818],[150.348749,-33.918835],[150.348989,-33.919694],[150.348831,-33.920485],[150.348861,-33.920932],[150.347486,-33.920427],[150.345821,-33.920153],[150.344307,-33.920512],[150.344109,-33.922003],[150.34462,-33.922193],[150.346101,-33.925268],[150.344885,-33.927437],[150.34484,-33.928362],[150.343484,-33.928677],[150.34343,-33.928938],[150.341142,-33.927601],[150.33987,-33.927634],[150.3381,-33.928126],[150.336998,-33.927231],[150.336528,-33.923947],[150.335691,-33.923002],[150.338403,-33.922579],[150.341899,-33.920788],[150.343606,-33.918832],[150.341645,-33.917505],[150.340025,-33.918397],[150.339048,-33.919485],[150.337868,-33.918332],[150.337241,-33.916353],[150.337127,-33.914766],[150.338367,-33.914733],[150.339029,-33.913936],[150.339077,-33.912954],[150.340375,-33.912843],[150.34062,-33.911762],[150.339456,-33.910166],[150.339983,-33.910507],[150.34115,-33.910713],[150.344557,-33.911098],[150.345026,-33.911841],[150.347505,-33.91218],[150.34935,-33.910789],[150.350676,-33.91232],[150.353992,-33.913322],[150.356016,-33.914947],[150.35581,-33.9157],[150.356218,-33.917002],[150.357377,-33.91733],[150.358656,-33.917057],[150.358988,-33.916391],[150.359421,-33.914543],[150.360084,-33.913152],[150.358844,-33.912588],[150.3583,-33.913319],[150.357852,-33.913664],[150.356459,-33.911109],[150.358081,-33.911634],[150.358998,-33.911558],[150.359115,-33.910759],[150.357741,-33.910768],[150.357416,-33.910283],[150.357729,-33.910234],[150.358211,-33.909744],[150.358334,-33.909203],[150.357444,-33.908887],[150.355533,-33.908437],[150.353927,-33.908747],[150.352432,-33.908465],[150.351184,-33.909077],[150.34826,-33.908737],[150.347634,-33.908474],[150.343868,-33.90738],[150.343457,-33.907389],[150.343922,-33.906413],[150.345509,-33.906719],[150.348098,-33.907008],[150.350048,-33.907434],[150.351006,-33.908125],[150.351712,-33.907867],[150.351694,-33.90739],[150.35145,-33.907136],[150.351871,-33.906325],[150.350489,-33.905677],[150.351087,-33.904696],[150.3514,-33.905263],[150.352266,-33.905291],[150.35315,-33.906156],[150.354016,-33.906312],[150.354253,-33.905689],[150.354638,-33.905654],[150.353896,-33.903521],[150.354642,-33.903967],[150.355551,-33.905256],[150.355622,-33.907105],[150.357561,-33.907731],[150.359068,-33.90781],[150.3594,-33.907144],[150.359523,-33.904752],[150.358805,-33.90286],[150.357591,-33.902953],[150.356691,-33.902923],[150.355893,-33.901941],[150.357213,-33.901927],[150.358911,-33.901404],[150.35998,-33.901256],[150.360536,-33.900823],[150.361182,-33.900865],[150.36217,-33.90048],[150.362627,-33.899333],[150.362393,-33.898499],[150.362489,-33.898103],[150.362293,-33.896735],[150.360191,-33.896075],[150.35957,-33.896161],[150.359116,-33.895502],[150.357976,-33.895652],[150.358211,-33.896227],[150.357209,-33.896254],[150.357598,-33.897291],[150.356495,-33.898065],[150.356095,-33.898075],[150.356365,-33.896591],[150.3555,-33.896435],[150.354332,-33.89772],[150.353824,-33.898701],[150.353435,-33.898684],[150.351462,-33.899513],[150.350541,-33.899777],[150.350513,-33.900035],[150.349898,-33.900292],[150.348021,-33.901776],[150.348025,-33.902471],[150.345241,-33.903397],[150.343025,-33.903516],[150.341117,-33.902313],[150.340406,-33.902764],[150.339927,-33.902512],[150.340079,-33.901903],[150.339508,-33.90138],[150.338937,-33.901428],[150.338426,-33.901724],[150.337629,-33.901305],[150.336561,-33.899779],[150.33529,-33.89925],[150.334264,-33.899601],[150.335127,-33.898443],[150.337453,-33.899336],[150.338277,-33.898419],[150.338068,-33.896692],[150.338299,-33.895253],[150.338378,-33.893579],[150.334618,-33.894515],[150.333606,-33.893606],[150.334352,-33.893577],[150.336531,-33.892479],[150.335806,-33.890961],[150.335811,-33.890145],[150.336945,-33.888612],[150.33468,-33.884045],[150.331618,-33.881626],[150.329621,-33.881305],[150.329052,-33.881386],[150.328372,-33.880451],[150.329866,-33.877584],[150.328013,-33.876986],[150.327272,-33.875591],[150.327558,-33.875323],[150.329814,-33.874414],[150.329872,-33.872608],[150.328802,-33.871257],[150.329004,-33.869872],[150.330079,-33.868039],[150.328973,-33.865734],[150.327657,-33.865335],[150.326376,-33.864179],[150.32753,-33.863587],[150.330561,-33.865182],[150.330508,-33.86381],[150.331152,-33.863793],[150.333242,-33.864156],[150.334063,-33.863178],[150.335936,-33.863487],[150.337535,-33.864101],[150.338386,-33.863899],[150.341678,-33.863871],[150.342225,-33.863199],[150.342304,-33.861525],[150.344221,-33.861116],[150.344742,-33.859788],[150.342119,-33.859683],[150.341184,-33.858977],[150.340925,-33.857719],[150.34039,-33.856837],[150.338871,-33.857037],[150.338556,-33.856408],[150.337509,-33.856503],[150.337346,-33.856928],[150.336167,-33.856831],[150.333885,-33.857086],[150.333512,-33.857027],[150.332132,-33.857074],[150.331513,-33.857788],[150.33186,-33.858287],[150.331059,-33.858592],[150.32719,-33.858341],[150.326056,-33.858398],[150.325911,-33.858178],[150.324467,-33.857858],[150.321388,-33.857821],[150.32066,-33.857942],[150.318554,-33.856599],[150.3187,-33.856205],[150.318951,-33.854593],[150.317763,-33.854121],[150.316037,-33.855868],[150.315935,-33.856887],[150.314629,-33.85753],[150.312244,-33.853082],[150.310532,-33.852973],[150.305268,-33.851555],[150.306336,-33.850729],[150.308566,-33.848517],[150.308467,-33.845921],[150.310247,-33.843572],[150.309482,-33.842181],[150.307429,-33.842013],[150.30499,-33.843414],[150.303427,-33.84442],[150.301596,-33.845434],[150.301829,-33.846255],[150.298607,-33.847631],[150.298124,-33.849338],[150.297325,-33.851425],[150.295495,-33.851923],[150.293218,-33.854131],[150.289842,-33.855652],[150.285041,-33.858508],[150.283804,-33.858152],[150.28232,-33.85893],[150.282023,-33.85933],[150.279359,-33.857528],[150.27815,-33.853772],[150.276455,-33.853668],[150.275936,-33.856429],[150.276114,-33.857795],[150.27511,-33.859645],[150.273793,-33.859321],[150.271537,-33.86013],[150.269376,-33.860654],[150.267524,-33.85954],[150.266412,-33.859444],[150.265769,-33.860789],[150.26612,-33.863041],[150.265617,-33.864902],[150.264327,-33.866011],[150.263348,-33.867398],[150.263195,-33.868657],[150.260787,-33.869227],[150.259686,-33.870423],[150.259041,-33.871502],[150.258105,-33.871256],[150.255142,-33.872697],[150.252127,-33.873556],[150.250595,-33.874336],[150.248497,-33.874004],[150.246741,-33.874686],[150.246606,-33.877826],[150.245842,-33.87892],[150.244565,-33.879761],[150.243676,-33.880537],[150.24309,-33.880233],[150.241977,-33.879187],[150.241423,-33.879679],[150.240743,-33.880652],[150.240368,-33.880184],[150.239259,-33.879257],[150.238696,-33.87951],[150.237735,-33.88061],[150.237625,-33.881509],[150.239172,-33.883351],[150.239025,-33.883916],[150.239437,-33.884203],[150.238544,-33.88659],[150.237674,-33.885825],[150.236641,-33.886444],[150.235731,-33.886358],[150.234997,-33.885232],[150.231767,-33.8843],[150.230502,-33.886276],[150.229037,-33.88381],[150.225935,-33.883872],[150.224264,-33.883684],[150.223549,-33.883703],[150.222701,-33.884023],[150.221755,-33.88554],[150.221778,-33.88616],[150.221544,-33.886302],[150.221415,-33.886027],[150.220819,-33.885385],[150.220005,-33.88469],[150.219232,-33.884211],[150.219087,-33.883599],[150.218005,-33.883388],[150.217088,-33.88377],[150.215475,-33.882736],[150.214561,-33.883178],[150.214055,-33.884249],[150.212473,-33.884286],[150.211127,-33.884679],[150.210058,-33.884826],[150.209033,-33.885817],[150.208544,-33.886477],[150.208681,-33.888265],[150.208703,-33.890087],[150.206578,-33.890111],[150.206253,-33.889702],[150.206213,-33.888604],[150.205836,-33.887706],[150.204352,-33.887316],[150.203782,-33.884741],[150.201987,-33.884558],[150.201178,-33.885684],[150.200596,-33.885098],[150.200753,-33.883472],[150.200729,-33.882816],[150.200202,-33.882112],[150.198421,-33.883403],[150.198474,-33.881793],[150.199014,-33.88045],[150.198294,-33.879885],[150.198241,-33.879416],[150.197721,-33.878892],[150.196715,-33.878798],[150.196663,-33.879263],[150.195409,-33.879766],[150.195156,-33.880668],[150.194744,-33.880704],[150.194472,-33.880109],[150.194023,-33.879583],[150.192508,-33.879263],[150.191904,-33.880354],[150.191807,-33.88161],[150.190998,-33.883004],[150.191818,-33.883879],[150.192963,-33.884378],[150.193721,-33.885443],[150.193858,-33.88575],[150.193292,-33.886164],[150.19362,-33.887302],[150.19365,-33.888113],[150.191591,-33.888214],[150.190192,-33.887533],[150.188852,-33.886572],[150.188406,-33.886074],[150.187269,-33.88656],[150.186943,-33.885197],[150.187025,-33.884827],[150.187634,-33.884582],[150.187809,-33.883718],[150.187007,-33.880585],[150.186961,-33.879325],[150.185015,-33.878744],[150.183383,-33.878459],[150.182834,-33.877943],[150.183455,-33.87774],[150.182219,-33.876214],[150.179244,-33.873031],[150.177246,-33.872234],[150.174404,-33.871803],[150.17265,-33.872457],[150.171004,-33.872604],[150.169954,-33.871677],[150.168767,-33.868741],[150.167418,-33.86745],[150.166008,-33.86534],[150.166237,-33.863772],[150.167318,-33.86295],[150.170208,-33.862466],[150.170201,-33.86105],[150.171429,-33.86091],[150.173192,-33.860441],[150.17479,-33.858915],[150.176011,-33.857504],[150.175807,-33.855387],[150.173997,-33.854584],[150.17227,-33.854152],[150.170808,-33.851134],[150.171674,-33.85068],[150.172128,-33.850349],[150.175097,-33.849886],[150.177608,-33.848974],[150.178563,-33.847251],[150.178239,-33.845349],[150.177577,-33.844406],[150.178553,-33.841783],[150.180129,-33.841375],[150.181203,-33.839437],[150.180864,-33.837111],[150.180451,-33.836273],[150.179282,-33.836302],[150.179259,-33.835704],[150.171882,-33.835771],[150.16893,-33.839254],[150.168395,-33.838295],[150.169937,-33.834543],[150.169479,-33.831219],[150.166275,-33.833749],[150.163764,-33.832508],[150.164991,-33.829695],[150.163646,-33.826211],[150.16436,-33.824036],[150.16821,-33.823993],[150.172022,-33.823119],[150.175597,-33.818945],[150.173929,-33.814709],[150.17584,-33.812814],[150.175789,-33.8124],[150.176555,-33.811865],[150.180608,-33.806876],[150.18078,-33.804198],[150.179951,-33.801144],[150.178136,-33.799762],[150.178005,-33.798917],[150.175204,-33.798434],[150.173175,-33.797733],[150.172217,-33.797234],[150.171783,-33.79612],[150.170801,-33.79602],[150.169238,-33.796499],[150.168867,-33.798707],[150.169822,-33.800128],[150.169968,-33.802072],[150.169863,-33.803331],[150.169084,-33.80467],[150.166615,-33.80575],[150.166292,-33.805758],[150.165203,-33.803928],[150.16679,-33.801713],[150.164976,-33.799035],[150.164566,-33.796124],[150.16566,-33.795283],[150.1674,-33.794518],[150.167775,-33.792074],[150.166239,-33.79114],[150.16509,-33.791497],[150.164875,-33.789153],[150.164483,-33.788227],[150.161966,-33.787779],[150.16183,-33.786937],[150.16217,-33.786247],[150.163593,-33.786087],[150.164778,-33.785555],[150.164889,-33.784484],[150.167112,-33.783548],[150.170461,-33.784594],[150.172486,-33.784417],[150.173438,-33.783702],[150.173281,-33.782484],[150.173638,-33.782297],[150.173387,-33.781073],[150.174281,-33.779195],[150.176643,-33.778383],[150.17861,-33.778101],[150.182314,-33.778594],[150.185296,-33.777191],[150.187667,-33.776509],[150.187752,-33.776208],[150.188215,-33.776218],[150.191285,-33.767794],[150.192665,-33.763158],[150.191993,-33.762946],[150.19218,-33.762584],[150.189879,-33.761658],[150.188086,-33.757453],[150.184948,-33.752614],[150.182155,-33.749528],[150.180703,-33.747211],[150.178551,-33.744207],[150.175612,-33.742169],[150.176295,-33.742119],[150.176783,-33.742476],[150.177588,-33.742745],[150.178494,-33.743189],[150.178726,-33.743063],[150.178707,-33.742795],[150.178507,-33.742361],[150.178733,-33.741102],[150.17928,-33.740542],[150.179407,-33.739728],[150.178601,-33.738815],[150.176722,-33.738456],[150.174898,-33.738336],[150.172713,-33.739246],[150.171295,-33.740703],[150.170367,-33.740454],[150.162631,-33.741278],[150.156719,-33.743933],[150.155216,-33.74537],[150.154445,-33.745312],[150.153657,-33.746307],[150.149911,-33.748981],[150.149402,-33.750083],[150.148358,-33.7516],[150.146212,-33.75335],[150.14553,-33.753458],[150.14458,-33.755043],[150.143513,-33.757353],[150.141278,-33.759212],[150.139566,-33.759615],[150.137458,-33.76099],[150.137405,-33.763514],[150.135657,-33.765754],[150.130398,-33.763333],[150.127407,-33.766058],[150.125528,-33.767221],[150.122894,-33.769706],[150.122788,-33.772868],[150.121888,-33.776675],[150.120808,-33.77691],[150.116141,-33.77837],[150.112985,-33.77809],[150.110091,-33.778162],[150.107299,-33.777067],[150.103775,-33.777863],[150.098576,-33.777641],[150.096187,-33.776804],[150.093363,-33.776501],[150.09026,-33.77504],[150.088317,-33.77467],[150.085961,-33.776818],[150.084623,-33.777389],[150.078844,-33.77574],[150.074587,-33.77668],[150.062107,-33.773583],[150.04967,-33.765527],[150.050988,-33.760299],[150.050197,-33.756079],[150.045914,-33.754184],[150.046365,-33.754104],[150.041631,-33.75102],[150.037252,-33.755719],[150.036687,-33.756109],[150.035348,-33.756679],[150.03379,-33.759165],[150.033149,-33.761271],[150.029647,-33.763386],[150.029295,-33.765118],[150.026139,-33.763703],[150.023474,-33.763738],[150.019481,-33.764531],[150.017048,-33.766401],[150.015652,-33.768195],[150.009697,-33.766547],[150.008446,-33.766577],[150.006155,-33.767528],[150.004134,-33.765935],[150.003496,-33.762964],[150.003587,-33.761572],[150.004173,-33.761086],[150.004442,-33.758837],[150.004046,-33.7574],[150.003909,-33.755957],[150.004122,-33.754577],[150.005041,-33.753615],[150.006116,-33.752142],[150.005883,-33.750412],[150.003861,-33.74952],[150.002864,-33.748242],[150.002063,-33.745078],[150.002369,-33.743914],[150.001311,-33.74336],[149.999059,-33.743342],[149.997455,-33.744538],[149.996207,-33.743483],[149.994551,-33.743161],[149.992961,-33.742259],[149.991977,-33.741342],[149.990615,-33.742025],[149.989498,-33.742269],[149.988079,-33.74129],[149.985916,-33.741342],[149.985066,-33.741796],[149.984317,-33.742682],[149.98294,-33.742932],[149.981927,-33.74368],[149.981279,-33.745484],[149.978062,-33.746225],[149.977058,-33.748604],[149.979734,-33.750715],[149.982575,-33.747905],[149.983598,-33.748457],[149.984126,-33.750835],[149.985167,-33.754164],[149.987019,-33.758635],[149.989682,-33.764247],[149.990511,-33.770418],[149.991689,-33.773228],[149.991126,-33.775488],[149.990357,-33.775832],[149.987588,-33.777348],[149.989391,-33.779298],[149.991757,-33.778698],[149.993381,-33.777522],[149.994961,-33.778567],[149.995015,-33.784629],[149.996537,-33.788462],[149.998673,-33.788854],[149.999901,-33.789457],[150.002008,-33.791405],[150.003655,-33.794069],[150.003564,-33.79669],[150.005697,-33.800656],[150.005435,-33.805412],[150.005083,-33.807179],[150.005051,-33.808107],[150.00557,-33.809855],[150.005474,-33.811225],[150.005998,-33.813459],[150.008341,-33.817986],[150.008432,-33.818399],[150.007183,-33.821132],[150.00516,-33.825917],[150.004231,-33.826926],[150.00236,-33.828268],[150.00072,-33.829802],[149.999634,-33.831422],[149.999175,-33.832305],[149.999079,-33.832589],[149.99944,-33.833313],[150.000652,-33.834201],[150.001984,-33.835343],[150.003304,-33.835589],[150.004961,-33.836023],[150.005901,-33.836118],[150.007813,-33.835377],[150.008299,-33.83496],[150.009255,-33.834589],[150.010451,-33.834726],[150.011027,-33.834656],[150.013271,-33.837758],[150.01411,-33.839791],[150.015554,-33.842397],[150.015338,-33.843094],[150.01563,-33.844825],[150.016435,-33.845689],[150.018031,-33.846703],[150.018243,-33.847236],[150.019718,-33.847874],[150.020362,-33.84781],[150.019611,-33.848392],[150.019687,-33.848915],[150.020821,-33.848601],[150.022714,-33.848699],[150.024992,-33.851653],[150.025166,-33.853369],[150.027878,-33.853972],[150.029784,-33.853457],[150.030308,-33.853559],[150.031412,-33.853198],[150.032736,-33.853405],[150.033244,-33.853201],[150.033943,-33.851895],[150.036623,-33.851772],[150.03807,-33.85195],[150.039155,-33.85236],[150.039764,-33.853369],[150.040985,-33.856973],[150.043657,-33.859334],[150.043681,-33.859727],[150.043249,-33.861428],[150.046336,-33.864344],[150.04874,-33.871765],[150.046202,-33.876436],[150.045929,-33.879227],[150.045827,-33.88217],[150.044849,-33.884944],[150.046225,-33.886008],[150.048186,-33.888878],[150.048744,-33.890304],[150.049328,-33.893298],[150.049171,-33.89786],[150.049972,-33.900235],[150.052321,-33.903826],[150.052078,-33.910888],[150.051431,-33.915788],[150.050516,-33.9163],[150.050395,-33.917716],[150.050098,-33.919078],[150.050069,-33.922625],[150.049361,-33.922949],[150.048517,-33.922862],[150.048412,-33.925893],[150.047904,-33.926682],[150.046125,-33.927325],[150.04264,-33.927987],[150.042272,-33.926719],[150.041731,-33.926477],[150.041415,-33.927671],[150.039914,-33.927673],[150.038469,-33.924287],[150.032399,-33.922999],[150.017105,-33.926956],[150.015533,-33.92896],[150.013491,-33.929758],[150.013441,-33.928648],[150.013523,-33.92584],[150.0105,-33.925405],[150.009786,-33.925151],[150.006175,-33.921097],[150.004192,-33.921335],[149.999902,-33.921302],[149.998205,-33.920759],[149.995667,-33.919696],[149.994161,-33.918586],[149.993631,-33.916569],[149.99235,-33.916395],[149.990296,-33.916958],[149.988795,-33.914939],[149.986385,-33.915368],[149.985708,-33.915902],[149.984406,-33.916028],[149.982656,-33.918105],[149.982417,-33.91923],[149.982912,-33.920288],[149.982922,-33.921262],[149.982604,-33.922664],[149.982352,-33.923358],[149.980971,-33.92385],[149.979785,-33.924031],[149.979298,-33.925208],[149.978579,-33.926295],[149.978353,-33.927065],[149.977645,-33.928476],[149.977011,-33.93006],[149.976718,-33.93018],[149.976311,-33.93103],[149.976516,-33.931488],[149.976336,-33.93211],[149.975621,-33.933847],[149.977236,-33.935814],[149.978032,-33.936476],[149.979025,-33.93785],[149.98013,-33.938755],[149.98009,-33.940082],[149.979484,-33.941207],[149.978605,-33.941908],[149.97767,-33.942217],[149.975726,-33.941941],[149.972808,-33.940828],[149.97047,-33.939056],[149.969264,-33.939013],[149.968846,-33.939345],[149.968208,-33.940793],[149.966299,-33.941555],[149.963946,-33.941862],[149.963415,-33.940155],[149.96393,-33.938888],[149.966091,-33.937978],[149.965828,-33.937805],[149.962993,-33.939126],[149.96192,-33.940441],[149.961294,-33.944633],[149.96039,-33.945078],[149.960931,-33.946229],[149.961299,-33.947564],[149.959999,-33.948311],[149.95854,-33.949659],[149.958831,-33.950847],[149.959759,-33.952855],[149.960908,-33.955037],[149.962143,-33.955545],[149.964041,-33.9555],[149.966402,-33.95434],[149.967728,-33.954368],[149.968501,-33.955127],[149.968108,-33.956573],[149.968581,-33.960096],[149.969371,-33.960561],[149.966759,-33.964119],[149.965316,-33.966469],[149.964819,-33.968364],[149.965258,-33.970104],[149.96694,-33.9711],[149.968349,-33.971731],[149.969316,-33.972709],[149.969593,-33.973176],[149.968699,-33.973786],[149.967714,-33.975161],[149.967642,-33.975778],[149.965356,-33.97586],[149.965319,-33.976897],[149.966132,-33.978169],[149.967408,-33.979678],[149.967333,-33.981314],[149.966225,-33.98343],[149.965408,-33.985415],[149.965746,-33.986105],[149.964388,-33.988255],[149.964795,-33.988352],[149.964035,-33.990481],[149.966345,-33.993054],[149.966824,-33.994476],[149.964977,-33.999177],[149.965347,-34.001616],[149.965829,-34.001769],[149.966445,-34.004741],[149.966766,-34.004837],[149.965935,-34.005188],[149.964228,-34.007071],[149.965221,-34.009222],[149.955767,-34.01395],[149.956147,-34.014887],[149.954824,-34.017063],[149.955605,-34.017574],[149.95516,-34.018042],[149.953089,-34.017867],[149.949478,-34.018865],[149.945617,-34.021116],[149.944373,-34.022049],[149.944124,-34.021814],[149.941195,-34.023411],[149.934619,-34.025762],[149.931925,-34.024106],[149.923795,-34.024582],[149.922043,-34.023668],[149.920807,-34.021022],[149.920232,-34.019226],[149.916797,-34.017771],[149.913676,-34.01708],[149.908043,-34.020172],[149.903916,-34.020267],[149.903693,-34.020751],[149.896587,-34.020399],[149.896678,-34.019957],[149.894825,-34.019427],[149.89009,-34.018485],[149.886832,-34.020566],[149.884338,-34.021483],[149.882838,-34.022124],[149.880878,-34.022521],[149.878985,-34.022657],[149.874316,-34.02372],[149.868503,-34.028343],[149.869168,-34.028827],[149.869127,-34.029952],[149.870974,-34.033948],[149.870961,-34.03618],[149.870549,-34.03989],[149.87171,-34.04198],[149.875513,-34.043279],[149.877511,-34.044704],[149.87885,-34.046486],[149.878145,-34.047697],[149.879869,-34.05124],[149.88308,-34.051166],[149.885696,-34.052204],[149.88983,-34.052252],[149.889802,-34.051988],[149.894043,-34.054009],[149.899797,-34.060778],[149.903926,-34.062216],[149.908208,-34.068252],[149.90847,-34.068016],[149.908589,-34.06848],[149.908928,-34.074226],[149.91226,-34.077086],[149.915494,-34.077011],[149.919515,-34.079373],[149.921094,-34.080567],[149.925434,-34.080581],[149.92872,-34.079969],[149.929227,-34.079167],[149.929982,-34.079122],[149.93146,-34.079332],[149.932466,-34.080028],[149.932475,-34.081009],[149.933141,-34.082388],[149.935338,-34.083521],[149.93621,-34.083621],[149.937104,-34.085912],[149.940757,-34.08819],[149.941493,-34.08968],[149.943269,-34.091513],[149.945858,-34.092756],[149.945475,-34.095903],[149.950835,-34.096511],[149.952265,-34.098229],[149.953361,-34.098774],[149.954287,-34.098804],[149.955654,-34.09989],[149.956655,-34.100225],[149.957694,-34.099497],[149.959334,-34.099815],[149.959786,-34.100613],[149.960414,-34.100797],[149.961931,-34.102383],[149.961896,-34.103459],[149.962022,-34.105068],[149.96145,-34.107231],[149.960677,-34.107726],[149.960696,-34.108285],[149.959004,-34.109243],[149.958309,-34.109916],[149.958616,-34.110506],[149.960705,-34.109959],[149.961786,-34.110137],[149.962032,-34.112078],[149.962457,-34.112664],[149.96241,-34.113449],[149.962618,-34.11428],[149.962378,-34.114614],[149.962621,-34.115415],[149.962976,-34.116362],[149.963798,-34.117298],[149.96439,-34.117821],[149.963728,-34.118404],[149.964124,-34.119499],[149.964281,-34.121973],[149.963801,-34.122641],[149.962995,-34.123227],[149.963153,-34.124686],[149.964995,-34.126076],[149.965265,-34.126637],[149.965046,-34.127567],[149.965163,-34.128501],[149.965826,-34.130183],[149.96704,-34.13418],[149.966683,-34.136536],[149.967539,-34.138463],[149.968467,-34.138534],[149.970466,-34.142032],[149.97018,-34.143888],[149.969538,-34.145601],[149.968713,-34.146695],[149.967486,-34.154909],[149.965042,-34.161774],[149.960775,-34.16864],[149.961767,-34.169025],[149.961923,-34.170066],[149.962412,-34.170497],[149.962827,-34.171727],[149.96466,-34.173063],[149.966024,-34.175698],[149.963469,-34.180593],[149.96268,-34.181435],[149.961862,-34.184024],[149.961015,-34.185207],[149.958829,-34.185554],[149.956085,-34.185754],[149.954466,-34.185981],[149.953314,-34.186689],[149.95205,-34.188263],[149.951315,-34.190787],[149.948815,-34.193133],[149.947582,-34.194617],[149.94607,-34.19664],[149.942074,-34.200294],[149.940095,-34.203493],[149.939311,-34.203842],[149.938475,-34.205238],[149.938823,-34.205419],[149.937323,-34.207147],[149.937568,-34.207345],[149.934235,-34.211602],[149.929969,-34.220876],[149.926095,-34.225815],[149.926871,-34.227513],[149.928347,-34.228672],[149.928403,-34.232997],[149.930459,-34.238021],[149.934315,-34.243153],[149.931903,-34.248329],[149.931651,-34.250036],[149.932307,-34.252454],[149.934021,-34.253507],[149.932727,-34.256913],[149.933161,-34.257858],[149.937089,-34.25834],[149.93757,-34.258949],[149.937811,-34.259111],[149.938732,-34.259039],[149.936114,-34.260314],[149.933199,-34.263461],[149.933069,-34.265067],[149.93084,-34.265131],[149.929829,-34.269524],[149.929482,-34.269571],[149.930316,-34.270241],[149.931767,-34.270456],[149.93273,-34.271409],[149.933745,-34.27293],[149.935598,-34.274855],[149.936693,-34.276216],[149.938881,-34.277625],[149.940323,-34.278812],[149.940175,-34.279516],[149.939897,-34.279812],[149.939,-34.279327],[149.938536,-34.278829],[149.938,-34.278711],[149.937548,-34.278814],[149.936864,-34.279312],[149.936681,-34.279918],[149.936704,-34.280548],[149.936442,-34.281114],[149.93609,-34.281611],[149.936139,-34.282175],[149.936402,-34.282534],[149.936969,-34.28273],[149.937177,-34.283021],[149.936757,-34.284294],[149.936558,-34.285433],[149.936217,-34.285908],[149.936501,-34.286401],[149.936179,-34.286384],[149.935543,-34.285682],[149.935397,-34.285369],[149.934985,-34.284846],[149.934862,-34.283781],[149.933953,-34.283776],[149.933169,-34.284219],[149.933056,-34.284547],[149.933126,-34.285389],[149.933894,-34.285985],[149.933811,-34.286313],[149.933437,-34.286506],[149.932872,-34.286641],[149.932547,-34.286883],[149.931757,-34.28709],[149.931073,-34.287132],[149.930811,-34.287268],[149.930845,-34.287585],[149.930481,-34.287877],[149.930009,-34.287806],[149.929847,-34.287538],[149.929376,-34.287197],[149.928857,-34.287108],[149.928416,-34.287373],[149.92737,-34.287376],[149.927086,-34.287459],[149.926859,-34.287678],[149.926747,-34.28808],[149.926937,-34.288867],[149.927425,-34.289716],[149.927746,-34.289986],[149.927886,-34.290282],[149.927647,-34.290932],[149.92806,-34.291306],[149.928187,-34.291673],[149.928057,-34.292283],[149.928082,-34.29343],[149.928494,-34.294138],[149.928972,-34.294442],[149.929692,-34.294383],[149.930373,-34.294447],[149.930933,-34.294259],[149.931381,-34.293793],[149.931644,-34.293662],[149.932508,-34.293613],[149.932758,-34.293346],[149.932744,-34.292942],[149.932928,-34.292717],[149.934719,-34.292204],[149.936158,-34.292941],[149.936391,-34.293176],[149.936635,-34.29404],[149.936297,-34.295291],[149.935786,-34.295579],[149.935104,-34.296807],[149.934908,-34.297431],[149.934534,-34.297765],[149.933852,-34.298034],[149.933601,-34.298934],[149.933417,-34.299245],[149.932462,-34.299278],[149.932271,-34.299473],[149.932024,-34.300569],[149.932114,-34.300939],[149.931769,-34.301273],[149.930911,-34.301452],[149.929584,-34.30222],[149.929095,-34.302723],[149.928882,-34.303107],[149.928925,-34.303492],[149.929395,-34.30433],[149.929617,-34.304556],[149.929927,-34.304711],[149.930271,-34.304797],[149.930988,-34.304807],[149.931593,-34.304629],[149.932052,-34.304801],[149.931731,-34.305037],[149.931664,-34.305381],[149.932543,-34.306502],[149.932879,-34.30666],[149.933428,-34.306661],[149.934156,-34.306448],[149.935162,-34.306998],[149.936968,-34.307467],[149.938031,-34.307322],[149.938268,-34.308349],[149.938492,-34.308533],[149.939043,-34.308739],[149.939297,-34.309024],[149.939467,-34.309361],[149.939416,-34.310133],[149.939828,-34.310616],[149.940446,-34.311571],[149.940916,-34.311833],[149.941804,-34.311956],[149.94213,-34.311873],[149.94264,-34.311481],[149.943054,-34.312069],[149.943116,-34.312467],[149.942997,-34.3128],[149.942475,-34.313389],[149.942253,-34.313796],[149.942039,-34.314428],[149.941631,-34.315215],[149.941464,-34.315968],[149.940457,-34.316365],[149.940049,-34.31713],[149.939487,-34.317129],[149.938932,-34.317361],[149.937816,-34.31745],[149.937189,-34.317673],[149.936931,-34.318002],[149.936913,-34.318331],[149.937078,-34.318674],[149.936647,-34.318635],[149.935594,-34.319412],[149.935091,-34.319489],[149.934838,-34.319791],[149.934597,-34.320317],[149.934552,-34.320907],[149.934675,-34.321532],[149.935449,-34.323767],[149.935947,-34.324405],[149.935979,-34.325019],[149.935727,-34.326537],[149.935717,-34.327013],[149.935505,-34.327284],[149.93521,-34.327485],[149.934916,-34.328281],[149.934479,-34.328999],[149.934002,-34.330489],[149.933976,-34.330917],[149.93446,-34.331714],[149.934546,-34.332179],[149.934282,-34.33283],[149.933423,-34.334004],[149.933226,-34.334551],[149.933183,-34.335085],[149.933461,-34.336355],[149.933764,-34.337085],[149.933742,-34.337962],[149.933924,-34.338366],[149.935275,-34.339655],[149.935734,-34.339959],[149.936382,-34.340194],[149.937511,-34.340396],[149.938748,-34.340736],[149.939377,-34.340756],[149.939685,-34.340573],[149.939702,-34.340253],[149.939524,-34.340037],[149.939076,-34.33976],[149.937996,-34.339309],[149.937666,-34.339081],[149.937436,-34.338758],[149.937723,-34.338571],[149.938093,-34.338568],[149.939909,-34.338819],[149.94132,-34.338827],[149.94194,-34.338751],[149.942477,-34.33856],[149.94353,-34.337936],[149.944405,-34.337583],[149.944582,-34.337389],[149.944655,-34.337137],[149.944619,-34.336877],[149.944011,-34.335604],[149.943656,-34.334011],[149.943523,-34.333778],[149.94318,-34.33359],[149.942603,-34.333521],[149.942375,-34.333195],[149.942261,-34.332763],[149.942247,-34.332289],[149.942522,-34.331346],[149.94272,-34.331016],[149.943106,-34.33071],[149.94344,-34.330776],[149.944104,-34.331133],[149.944628,-34.331068],[149.944942,-34.33089],[149.945425,-34.331022],[149.945966,-34.331472],[149.946839,-34.332695],[149.947058,-34.332865],[149.947436,-34.332879],[149.947728,-34.332575],[149.947733,-34.332268],[149.94726,-34.331088],[149.947261,-34.330764],[149.947406,-34.330175],[149.947964,-34.328699],[149.948018,-34.328158],[149.947469,-34.327062],[149.947571,-34.326757],[149.948608,-34.326006],[149.948759,-34.325759],[149.948803,-34.325445],[149.948625,-34.325036],[149.94779,-34.324233],[149.946153,-34.323689],[149.945796,-34.323368],[149.945556,-34.322685],[149.945621,-34.322042],[149.945978,-34.321351],[149.94715,-34.31996],[149.947913,-34.319236],[149.94823,-34.318638],[149.948297,-34.317929],[149.948154,-34.316634],[149.948022,-34.31606],[149.947336,-34.314326],[149.947342,-34.313545],[149.947629,-34.312911],[149.948072,-34.312381],[149.948321,-34.312178],[149.949235,-34.311811],[149.949639,-34.311527],[149.950968,-34.309588],[149.951267,-34.309296],[149.952759,-34.308261],[149.953251,-34.307692],[149.953545,-34.307582],[149.954555,-34.307826],[149.954927,-34.307974],[149.955137,-34.308295],[149.955114,-34.308736],[149.954143,-34.309378],[149.954086,-34.309774],[149.954464,-34.311039],[149.954784,-34.311511],[149.954811,-34.31193],[149.954687,-34.312366],[149.954396,-34.312945],[149.953911,-34.313487],[149.953087,-34.313729],[149.95229,-34.313696],[149.952062,-34.313821],[149.951903,-34.314038],[149.951748,-34.314827],[149.951744,-34.316774],[149.951459,-34.317692],[149.951711,-34.318526],[149.95172,-34.319228],[149.951865,-34.319741],[149.953181,-34.321839],[149.954085,-34.32262],[149.95428,-34.323156],[149.954689,-34.323248],[149.955093,-34.323023],[149.956424,-34.321997],[149.956694,-34.321886],[149.957752,-34.32207],[149.958093,-34.322244],[149.95865,-34.322721],[149.95958,-34.322764],[149.960198,-34.322629],[149.96088,-34.321744],[149.9614,-34.321462],[149.962115,-34.321449],[149.963169,-34.321684],[149.964444,-34.321584],[149.964868,-34.321632],[149.965108,-34.321783],[149.965265,-34.32201],[149.965434,-34.323301],[149.966113,-34.323423],[149.966352,-34.32356],[149.966601,-34.324111],[149.966683,-34.324871],[149.967198,-34.325231],[149.967499,-34.325116],[149.969743,-34.324767],[149.970778,-34.324847],[149.971831,-34.325193],[149.972203,-34.325221],[149.972907,-34.324985],[149.973221,-34.32498],[149.973556,-34.325108],[149.973943,-34.325578],[149.973996,-34.325827],[149.973909,-34.326101],[149.973544,-34.326267],[149.972925,-34.326799],[149.971026,-34.327923],[149.970619,-34.328369],[149.970585,-34.328729],[149.970816,-34.329052],[149.971068,-34.32921],[149.97197,-34.329407],[149.972744,-34.329296],[149.972947,-34.329054],[149.973351,-34.328924],[149.973613,-34.329138],[149.973775,-34.330155],[149.973935,-34.330474],[149.974319,-34.330711],[149.974973,-34.330603],[149.975243,-34.330336],[149.975623,-34.33019],[149.976229,-34.330485],[149.976945,-34.330376],[149.977201,-34.330461],[149.977472,-34.330332],[149.97758,-34.329714],[149.977444,-34.329393],[149.976332,-34.328759],[149.97671,-34.328677],[149.976993,-34.32873],[149.977779,-34.329096],[149.979034,-34.329387],[149.979328,-34.329362],[149.979965,-34.329134],[149.981246,-34.328962],[149.981716,-34.328933],[149.982128,-34.329098],[149.982332,-34.329435],[149.98244,-34.330021],[149.983191,-34.331187],[149.983535,-34.331453],[149.984045,-34.331289],[149.984074,-34.331593],[149.983942,-34.331934],[149.983922,-34.332262],[149.983305,-34.33264],[149.982929,-34.332985],[149.982566,-34.333754],[149.982322,-34.334931],[149.981793,-34.335395],[149.981568,-34.335719],[149.982062,-34.336875],[149.983255,-34.338345],[149.983276,-34.338671],[149.983484,-34.339041],[149.983891,-34.33929],[149.984764,-34.339511],[149.985444,-34.339579],[149.985699,-34.339664],[149.985987,-34.339905],[149.986942,-34.340151],[149.987376,-34.340368],[149.987875,-34.340462],[149.989255,-34.340335],[149.990471,-34.340468],[149.990795,-34.340429],[149.991881,-34.34007],[149.992219,-34.340241],[149.992622,-34.341098],[149.992639,-34.341543],[149.992559,-34.341884],[149.992657,-34.342225],[149.993357,-34.342989],[149.993425,-34.343355],[149.993339,-34.343727],[149.993359,-34.344182],[149.993479,-34.344447],[149.994016,-34.345125],[149.994305,-34.345368],[149.995211,-34.346066],[149.99613,-34.346546],[149.996785,-34.346621],[149.997171,-34.346533],[149.998293,-34.346035],[149.999094,-34.345811],[149.99992,-34.345764],[150.000313,-34.34583],[150.000573,-34.345962],[150.000258,-34.346204],[149.999923,-34.346329],[149.998392,-34.346508],[149.996323,-34.347502],[149.995513,-34.347764],[149.99459,-34.34765],[149.99368,-34.347067],[149.993288,-34.347089],[149.992682,-34.3477],[149.992368,-34.347858],[149.99104,-34.348083],[149.990252,-34.347831],[149.988541,-34.347492],[149.987755,-34.34725],[149.987238,-34.347383],[149.98708,-34.34759],[149.987008,-34.347906],[149.987224,-34.349343],[149.987148,-34.349871],[149.986715,-34.350228],[149.985292,-34.351015],[149.985124,-34.351278],[149.985205,-34.351564],[149.98578,-34.351705],[149.986034,-34.351904],[149.985976,-34.3526],[149.986073,-34.352968],[149.986338,-34.35325],[149.987218,-34.353275],[149.98723,-34.353657],[149.986961,-34.354075],[149.986042,-34.354629],[149.985822,-34.354896],[149.985717,-34.355331],[149.985486,-34.355697],[149.984184,-34.356539],[149.982787,-34.356988],[149.982524,-34.356818],[149.982304,-34.35621],[149.982095,-34.355933],[149.981851,-34.35583],[149.981556,-34.355831],[149.981033,-34.355993],[149.980627,-34.35641],[149.979725,-34.356648],[149.979035,-34.357445],[149.979069,-34.35789],[149.979214,-34.358342],[149.979683,-34.359036],[149.979976,-34.359757],[149.979593,-34.360492],[149.97938,-34.360653],[149.97853,-34.360903],[149.978443,-34.361301],[149.978702,-34.361607],[149.980235,-34.362208],[149.980887,-34.3622],[149.981737,-34.362009],[149.982122,-34.362053],[149.982875,-34.36168],[149.983507,-34.36151],[149.983675,-34.361217],[149.983985,-34.361024],[149.984413,-34.361483],[149.985037,-34.361624],[149.985966,-34.362102],[149.985991,-34.362412],[149.986226,-34.362611],[149.987406,-34.362458],[149.987698,-34.362291],[149.988195,-34.361678],[149.98948,-34.360419],[149.99004,-34.360133],[149.99031,-34.359886],[149.990409,-34.359509],[149.991515,-34.360143],[149.992433,-34.360195],[149.992763,-34.360287],[149.993213,-34.360647],[149.99277,-34.360682],[149.992379,-34.360873],[149.992061,-34.361209],[149.991453,-34.362628],[149.991202,-34.362896],[149.990892,-34.363078],[149.990558,-34.363098],[149.989944,-34.362487],[149.989693,-34.362386],[149.989408,-34.362426],[149.989121,-34.362573],[149.988848,-34.362871],[149.988841,-34.36438],[149.988675,-34.364744],[149.988722,-34.365136],[149.98898,-34.36549],[149.989232,-34.365688],[149.989844,-34.36597],[149.990836,-34.366874],[149.991674,-34.36734],[149.992604,-34.367991],[149.992216,-34.368996],[149.99229,-34.369346],[149.993253,-34.370487],[149.993837,-34.370959],[149.993979,-34.371181],[149.994049,-34.371426],[149.994017,-34.372527],[149.994179,-34.372811],[149.994483,-34.372934],[149.994683,-34.373156],[149.994498,-34.373445],[149.994189,-34.373659],[149.992819,-34.374069],[149.992408,-34.37414],[149.991646,-34.37392],[149.991392,-34.373939],[149.991154,-34.374029],[149.990925,-34.374246],[149.990776,-34.374628],[149.990494,-34.375736],[149.99052,-34.376144],[149.990783,-34.376511],[149.991852,-34.377414],[149.992154,-34.378495],[149.992547,-34.37885],[149.99313,-34.379111],[149.994048,-34.379253],[149.995619,-34.378482],[149.99655,-34.379476],[149.996867,-34.379626],[149.997994,-34.379466],[149.998753,-34.379641],[149.999346,-34.379653],[149.999916,-34.379564],[150.00081,-34.379203],[150.001227,-34.379136],[150.002604,-34.377872],[150.002865,-34.37785],[150.00387,-34.378051],[150.004362,-34.378935],[150.004946,-34.379308],[150.00543,-34.380016],[150.006375,-34.380273],[150.007353,-34.380339],[150.007683,-34.380217],[150.007933,-34.379987],[150.008068,-34.379614],[150.00796,-34.379202],[150.008498,-34.3786],[150.00943,-34.37933],[150.010558,-34.379737],[150.012055,-34.380443],[150.012579,-34.380544],[150.013872,-34.380271],[150.01423,-34.380504],[150.014351,-34.380836],[150.014241,-34.381204],[150.013632,-34.382193],[150.013262,-34.382466],[150.013091,-34.382799],[150.013149,-34.383063],[150.013612,-34.383511],[150.014082,-34.384145],[150.015126,-34.384521],[150.016068,-34.385506],[150.016514,-34.385663],[150.017501,-34.385818],[150.018463,-34.38633],[150.018767,-34.386277],[150.01905,-34.386066],[150.019531,-34.385515],[150.020066,-34.385146],[150.020977,-34.384975],[150.021303,-34.384875],[150.021583,-34.384681],[150.021961,-34.38413],[150.022153,-34.383597],[150.02255,-34.383156],[150.023617,-34.382663],[150.024253,-34.382115],[150.026412,-34.381248],[150.027297,-34.38067],[150.027522,-34.380405],[150.027554,-34.379622],[150.027783,-34.379368],[150.028647,-34.379134],[150.028923,-34.37917],[150.029233,-34.379385],[150.029446,-34.380175],[150.030434,-34.381697],[150.030847,-34.381613],[150.031308,-34.381377],[150.032516,-34.38154],[150.032873,-34.382099],[150.033155,-34.382187],[150.033413,-34.38253],[150.033353,-34.382997],[150.033394,-34.383762],[150.033878,-34.383946],[150.034076,-34.384171],[150.033692,-34.385139],[150.033632,-34.385521],[150.033629,-34.386144],[150.033778,-34.386479],[150.034321,-34.386799],[150.036807,-34.387319],[150.03771,-34.387581],[150.037944,-34.387362],[150.038762,-34.385845],[150.039454,-34.384759],[150.039596,-34.384428],[150.039659,-34.383995],[150.039567,-34.383626],[150.03891,-34.382241],[150.038932,-34.381166],[150.038761,-34.379906],[150.038574,-34.379286],[150.038097,-34.378524],[150.038334,-34.378322],[150.038602,-34.378302],[150.039337,-34.378659],[150.039802,-34.378711],[150.040216,-34.378957],[150.040984,-34.378976],[150.041336,-34.379087],[150.042784,-34.379939],[150.044161,-34.380502],[150.044899,-34.380288],[150.045512,-34.380609],[150.046306,-34.381301],[150.047033,-34.381605],[150.048389,-34.381997],[150.048614,-34.382129],[150.048668,-34.382478],[150.048234,-34.383298],[150.048265,-34.383642],[150.048523,-34.383864],[150.048805,-34.383874],[150.04954,-34.383708],[150.050552,-34.383819],[150.05128,-34.383741],[150.051889,-34.38333],[150.052343,-34.382764],[150.052636,-34.382607],[150.053257,-34.382447],[150.054541,-34.38167],[150.054737,-34.38106],[150.055452,-34.38111],[150.055225,-34.382268],[150.056607,-34.382234],[150.057237,-34.383747],[150.057194,-34.384559],[150.056919,-34.38489],[150.056508,-34.387586],[150.057095,-34.38953],[150.058268,-34.390701],[150.058679,-34.390896],[150.058988,-34.390781],[150.059629,-34.39114],[150.066339,-34.390283],[150.069075,-34.389429],[150.071883,-34.387403],[150.077505,-34.381932],[150.078753,-34.381313],[150.079521,-34.381835],[150.079302,-34.383593],[150.079343,-34.38474],[150.080035,-34.385439],[150.081328,-34.385691],[150.08119,-34.386606],[150.081228,-34.389817],[150.08212,-34.390943],[150.082203,-34.391599],[150.082564,-34.392817],[150.082978,-34.393197],[150.084873,-34.396255],[150.092858,-34.400325],[150.094487,-34.400091],[150.096264,-34.398468],[150.096791,-34.398357],[150.097259,-34.397908],[150.097536,-34.397026],[150.09707,-34.396307],[150.097212,-34.395355],[150.098336,-34.39478],[150.099693,-34.394252],[150.101057,-34.394495],[150.102459,-34.393409],[150.101354,-34.391526],[150.099652,-34.389589],[150.099446,-34.388915],[150.098896,-34.388764],[150.098483,-34.386604],[150.098007,-34.385594],[150.098377,-34.384855],[150.098982,-34.384168],[150.099815,-34.384455],[150.100223,-34.384809],[150.100742,-34.385782],[150.102174,-34.38644],[150.102994,-34.384741],[150.102705,-34.384055],[150.102771,-34.383433],[150.103126,-34.383534],[150.10383,-34.383516],[150.104412,-34.382553],[150.105227,-34.381986],[150.105648,-34.380224],[150.105545,-34.379789],[150.104745,-34.37959],[150.103781,-34.379687],[150.102894,-34.379489],[150.102741,-34.378909],[150.102809,-34.37836],[150.10273,-34.377377],[150.101819,-34.376524],[150.101072,-34.376542],[150.100608,-34.377101],[150.10093,-34.378735],[150.10118,-34.379568],[150.09947,-34.38096],[150.098835,-34.381669],[150.097527,-34.38203],[150.097013,-34.382407],[150.096419,-34.383042],[150.095563,-34.38372],[150.094926,-34.384356],[150.094779,-34.385162],[150.095512,-34.385983],[150.095742,-34.386855],[150.095414,-34.387604],[150.094817,-34.38746],[150.093813,-34.386837],[150.092985,-34.386969],[150.092045,-34.388072],[150.091785,-34.388927],[150.091394,-34.388909],[150.091472,-34.389318],[150.091839,-34.389273],[150.091773,-34.389724],[150.091457,-34.390308],[150.090056,-34.390599],[150.089562,-34.390409],[150.086907,-34.388659],[150.084712,-34.385274],[150.084051,-34.381279],[150.084285,-34.378121],[150.087081,-34.37576],[150.090995,-34.373469],[150.092471,-34.371854],[150.092958,-34.369359],[150.093407,-34.366107],[150.093378,-34.365818],[150.093919,-34.362155],[150.094477,-34.361253],[150.095736,-34.360073],[150.088865,-34.358924],[150.087167,-34.358942],[150.085995,-34.358373],[150.085361,-34.357553],[150.085134,-34.35603],[150.08451,-34.355472],[150.083183,-34.355409],[150.083085,-34.351854],[150.082397,-34.35113],[150.081842,-34.350093],[150.082342,-34.349579],[150.084536,-34.34814],[150.091207,-34.347578],[150.093199,-34.347146],[150.093482,-34.346047],[150.092943,-34.344265],[150.094834,-34.343641],[150.096117,-34.343913],[150.096922,-34.343858],[150.096874,-34.343331],[150.097374,-34.343156],[150.097743,-34.343152],[150.098168,-34.343348],[150.098642,-34.343255],[150.098869,-34.34249],[150.099869,-34.34185],[150.098738,-34.341142],[150.097369,-34.340906],[150.096987,-34.340381],[150.096473,-34.34048],[150.095524,-34.34031],[150.095735,-34.338675],[150.094948,-34.339614],[150.094825,-34.340588],[150.096784,-34.341132],[150.097119,-34.341711],[150.098543,-34.341634],[150.098803,-34.341825],[150.098021,-34.342617],[150.097958,-34.342964],[150.097419,-34.342846],[150.096433,-34.342881],[150.096573,-34.343496],[150.096268,-34.343568],[150.094716,-34.343276],[150.093262,-34.343753],[150.092265,-34.343955],[150.092857,-34.346125],[150.092433,-34.346833],[150.090527,-34.346946],[150.088733,-34.345506],[150.088591,-34.344769],[150.088912,-34.344093],[150.088526,-34.342932],[150.08785,-34.342543],[150.087274,-34.342557],[150.086332,-34.342771],[150.085208,-34.342751],[150.085025,-34.342445],[150.084915,-34.341803],[150.084557,-34.34143],[150.082132,-34.34125],[150.080771,-34.341045],[150.080472,-34.340718],[150.082656,-34.340616],[150.084,-34.340345],[150.0859,-34.340346],[150.092772,-34.339169],[150.094415,-34.337647],[150.095556,-34.337619],[150.097051,-34.334756],[150.096221,-34.332392],[150.095843,-34.332454],[150.09337,-34.330077],[150.091086,-34.329223],[150.089004,-34.326422],[150.088015,-34.316604],[150.084592,-34.314415],[150.08147,-34.313165],[150.078613,-34.311507],[150.070311,-34.30905],[150.068515,-34.30781],[150.061949,-34.307684],[150.059514,-34.30717],[150.061361,-34.305692],[150.06473,-34.303318],[150.066156,-34.299701],[150.068373,-34.29893],[150.069835,-34.301187],[150.072128,-34.307436],[150.076023,-34.309326],[150.077663,-34.308817],[150.080426,-34.30931],[150.0882,-34.312218],[150.088837,-34.312263],[150.090462,-34.313148],[150.092948,-34.310221],[150.0969,-34.309694],[150.100695,-34.312175],[150.100731,-34.313193],[150.103523,-34.314789],[150.104201,-34.314467],[150.104504,-34.314665],[150.101094,-34.315896],[150.101135,-34.317041],[150.105129,-34.317659],[150.102293,-34.320451],[150.105888,-34.324374],[150.107465,-34.324336],[150.108618,-34.323447],[150.109174,-34.319708],[150.114526,-34.321885],[150.114825,-34.322483],[150.11377,-34.322589],[150.114747,-34.32284],[150.115106,-34.322711],[150.115047,-34.322138],[150.115484,-34.322275],[150.115911,-34.324557],[150.116791,-34.325146],[150.117938,-34.325177],[150.117353,-34.325522],[150.119628,-34.327044],[150.119836,-34.328042],[150.115715,-34.328717],[150.112587,-34.329727],[150.112291,-34.330446],[150.111986,-34.330545],[150.11314,-34.333939],[150.117328,-34.335125],[150.122175,-34.335434],[150.124942,-34.335509],[150.128951,-34.33823],[150.132016,-34.338025],[150.133105,-34.339526],[150.136967,-34.341244],[150.147008,-34.341854],[150.147513,-34.341483],[150.147825,-34.341633],[150.153073,-34.34064],[150.154355,-34.341192],[150.159291,-34.343934],[150.162942,-34.346135],[150.163679,-34.346255],[150.16672,-34.344352],[150.168963,-34.339567],[150.1739,-34.33758],[150.170505,-34.334513],[150.169643,-34.331503],[150.167723,-34.330003],[150.166379,-34.330318],[150.160434,-34.328318],[150.156231,-34.321976],[150.155965,-34.314675],[150.155503,-34.310733],[150.154899,-34.310671],[150.158237,-34.306917],[150.158737,-34.307213],[150.166171,-34.307864],[150.173392,-34.30703],[150.176669,-34.306947],[150.179559,-34.305728],[150.181555,-34.303672],[150.181771,-34.303529],[150.181397,-34.301855],[150.178802,-34.299626],[150.177361,-34.298834],[150.177178,-34.295084],[150.180903,-34.294796],[150.181715,-34.294818],[150.186967,-34.29369],[150.18773,-34.290948],[150.186083,-34.28841],[150.184603,-34.285725],[150.18523,-34.28399],[150.187278,-34.283365],[150.188361,-34.285758],[150.190421,-34.289017],[150.191857,-34.289784],[150.191941,-34.290372],[150.198793,-34.293636],[150.203367,-34.293018],[150.204277,-34.293452],[150.20768,-34.292195],[150.209393,-34.289861],[150.21048,-34.28448],[150.210912,-34.278268],[150.212706,-34.275934],[150.212538,-34.275413],[150.215571,-34.274486],[150.218361,-34.273885],[150.219479,-34.273007],[150.219032,-34.272615],[150.221483,-34.272224],[150.224098,-34.273289],[150.224345,-34.274991],[150.225004,-34.275137],[150.223594,-34.276943],[150.222358,-34.277739],[150.223101,-34.279153],[150.224744,-34.281101],[150.228395,-34.283399],[150.234711,-34.286103],[150.236026,-34.284349],[150.235353,-34.282377],[150.236122,-34.280594],[150.235941,-34.279584],[150.234852,-34.279314],[150.233632,-34.278666],[150.234153,-34.278357],[150.234296,-34.276377],[150.231445,-34.275373],[150.228405,-34.275092],[150.226837,-34.276181],[150.22691,-34.275568],[150.226164,-34.274177],[150.226193,-34.270907],[150.223431,-34.268908],[150.214136,-34.26902],[150.213534,-34.268395],[150.213768,-34.265459],[150.216308,-34.265978],[150.216036,-34.263778],[150.215037,-34.262706],[150.214244,-34.262328],[150.213148,-34.26001],[150.213497,-34.259897],[150.214791,-34.256893],[150.219874,-34.256126],[150.221127,-34.255457],[150.224439,-34.25516],[150.22511,-34.252596],[150.226954,-34.250639],[150.227405,-34.249036],[150.228387,-34.24795],[150.231879,-34.245632],[150.231723,-34.244893],[150.230001,-34.243239],[150.228074,-34.24297],[150.226707,-34.240565],[150.225562,-34.240701],[150.223836,-34.241259],[150.222166,-34.236558],[150.218461,-34.23436],[150.217637,-34.234627],[150.216655,-34.234433],[150.215538,-34.234587],[150.215292,-34.234418],[150.214283,-34.234263],[150.214198,-34.233988],[150.212978,-34.23211],[150.210359,-34.230373],[150.20815,-34.229368],[150.207213,-34.228225],[150.210106,-34.226984],[150.212874,-34.226108],[150.213658,-34.225994],[150.214259,-34.225444],[150.214444,-34.224306],[150.214775,-34.223509],[150.215043,-34.223571],[150.215428,-34.223484],[150.216402,-34.223688],[150.218022,-34.224583],[150.218618,-34.225141],[150.219097,-34.225958],[150.219389,-34.226726],[150.219919,-34.227362],[150.220862,-34.227958],[150.223486,-34.229044],[150.225105,-34.229503],[150.225512,-34.229913],[150.225925,-34.231125],[150.225995,-34.231699],[150.227132,-34.231286],[150.228299,-34.231255],[150.229026,-34.231026],[150.231203,-34.229603],[150.231876,-34.22926],[150.236518,-34.227516],[150.247724,-34.226265],[150.251536,-34.226832],[150.251438,-34.225927],[150.251955,-34.225992],[150.254405,-34.225139],[150.258424,-34.219776],[150.26155,-34.218721],[150.264034,-34.218009],[150.265644,-34.218388],[150.268427,-34.213163],[150.273978,-34.211202],[150.283393,-34.211988],[150.284086,-34.212404],[150.284832,-34.212115],[150.285152,-34.212143],[150.285393,-34.211897],[150.286799,-34.209622],[150.288288,-34.209999],[150.291214,-34.211191],[150.291103,-34.211974],[150.29139,-34.213294],[150.291382,-34.213676],[150.29124,-34.214196],[150.290719,-34.214767],[150.290037,-34.215247],[150.289067,-34.215705],[150.288609,-34.215774],[150.288252,-34.21607],[150.288013,-34.21642],[150.287951,-34.216703],[150.287762,-34.216889],[150.28768,-34.217957],[150.288017,-34.219573],[150.287943,-34.220033],[150.287701,-34.220345],[150.287317,-34.220508],[150.286923,-34.220442],[150.286591,-34.22021],[150.286433,-34.219652],[150.285963,-34.219397],[150.285594,-34.219369],[150.284364,-34.219668],[150.283536,-34.220158],[150.283089,-34.221032],[150.282811,-34.221805],[150.282171,-34.224058],[150.282501,-34.224551],[150.283107,-34.224745],[150.284032,-34.224893],[150.284378,-34.225218],[150.284485,-34.225607],[150.284255,-34.2259],[150.283371,-34.226267],[150.283127,-34.226483],[150.281982,-34.226628],[150.280689,-34.225897],[150.280142,-34.226026],[150.279627,-34.226442],[150.279204,-34.226585],[150.279285,-34.226874],[150.278911,-34.22753],[150.278837,-34.228113],[150.277454,-34.229153],[150.276979,-34.229376],[150.2764,-34.229333],[150.276135,-34.229392],[150.274212,-34.22918],[150.27315,-34.229715],[150.272931,-34.230121],[150.272916,-34.230604],[150.27312,-34.231755],[150.273188,-34.232928],[150.273646,-34.234252],[150.274965,-34.235753],[150.275064,-34.236073],[150.274871,-34.23643],[150.274561,-34.236681],[150.274104,-34.236825],[150.272094,-34.23701],[150.271203,-34.237021],[150.270674,-34.236712],[150.269977,-34.236522],[150.269531,-34.236712],[150.269197,-34.237014],[150.268743,-34.237754],[150.268622,-34.238601],[150.268043,-34.239778],[150.267372,-34.241432],[150.266409,-34.242591],[150.26563,-34.242886],[150.265144,-34.242763],[150.264004,-34.242116],[150.262726,-34.241779],[150.260893,-34.241958],[150.260532,-34.241805],[150.260207,-34.240937],[150.260079,-34.2402],[150.259625,-34.23922],[150.259357,-34.238965],[150.258743,-34.238718],[150.258057,-34.238981],[150.257468,-34.23956],[150.257285,-34.239868],[150.257096,-34.240221],[150.256859,-34.241],[150.256997,-34.241593],[150.257373,-34.242431],[150.257373,-34.242813],[150.257116,-34.243856],[150.257231,-34.244764],[150.257497,-34.245354],[150.257715,-34.24616],[150.258025,-34.246773],[150.258108,-34.247361],[150.259097,-34.249053],[150.258095,-34.249939],[150.256386,-34.250365],[150.25413,-34.249805],[150.253621,-34.249067],[150.251232,-34.248279],[150.251261,-34.248822],[150.250801,-34.248829],[150.248737,-34.247408],[150.248135,-34.250404],[150.248888,-34.251321],[150.246981,-34.252394],[150.248137,-34.253129],[150.246124,-34.254119],[150.245796,-34.256257],[150.248701,-34.257117],[150.251629,-34.255932],[150.252978,-34.257192],[150.252973,-34.257496],[150.253961,-34.257914],[150.254252,-34.26012],[150.252966,-34.261346],[150.25164,-34.261552],[150.25131,-34.261415],[150.250508,-34.262363],[150.248809,-34.263076],[150.248381,-34.263098],[150.248794,-34.264863],[150.248073,-34.264797],[150.246422,-34.263198],[150.245526,-34.262565],[150.243836,-34.263973],[150.246453,-34.265351],[150.246225,-34.267401],[150.247417,-34.269072],[150.249465,-34.272617],[150.249452,-34.2759],[150.250808,-34.277582],[150.252052,-34.277549],[150.250851,-34.280987],[150.251197,-34.282],[150.250702,-34.282294],[150.249819,-34.281179],[150.24922,-34.280931],[150.248167,-34.281221],[150.247085,-34.281918],[150.246235,-34.282274],[150.245028,-34.282293],[150.244602,-34.282123],[150.244015,-34.28177],[150.243313,-34.281072],[150.242225,-34.281219],[150.241561,-34.281531],[150.241632,-34.28224],[150.241789,-34.282687],[150.242482,-34.28384],[150.243592,-34.285024],[150.243832,-34.285392],[150.244198,-34.286188],[150.244384,-34.286818],[150.244111,-34.28701],[150.243864,-34.286945],[150.243568,-34.286743],[150.243019,-34.285892],[150.242863,-34.285179],[150.242652,-34.284922],[150.242359,-34.284786],[150.242072,-34.284806],[150.24119,-34.285067],[150.240883,-34.285326],[150.240651,-34.285666],[150.240113,-34.286201],[150.239488,-34.28726],[150.23959,-34.287699],[150.240448,-34.28865],[150.240319,-34.289022],[150.241628,-34.289236],[150.243194,-34.289961],[150.244486,-34.291545],[150.243625,-34.293152],[150.243624,-34.293851],[150.244714,-34.297381],[150.244719,-34.298198],[150.244895,-34.298743],[150.244518,-34.299264],[150.244236,-34.299434],[150.243561,-34.299528],[150.242985,-34.299523],[150.241442,-34.2992],[150.24016,-34.299069],[150.23998,-34.298249],[150.240326,-34.297051],[150.240292,-34.296765],[150.240088,-34.296551],[150.239541,-34.296393],[150.238695,-34.296438],[150.238533,-34.296199],[150.238542,-34.295205],[150.238336,-34.294628],[150.237981,-34.294073],[150.237671,-34.293785],[150.234567,-34.292404],[150.233986,-34.290631],[150.231375,-34.289422],[150.231037,-34.288993],[150.230919,-34.28922],[150.230533,-34.288849],[150.228611,-34.28958],[150.2278,-34.292497],[150.228986,-34.293999],[150.22759,-34.295057],[150.227834,-34.296073],[150.228935,-34.295362],[150.229825,-34.294487],[150.231838,-34.296137],[150.23258,-34.299439],[150.233356,-34.300951],[150.234622,-34.301854],[150.234812,-34.303379],[150.234313,-34.304071],[150.233157,-34.303766],[150.233189,-34.304617],[150.232286,-34.305152],[150.234143,-34.308083],[150.23479,-34.308565],[150.235452,-34.309719],[150.236707,-34.310725],[150.236767,-34.312271],[150.237844,-34.313605],[150.239904,-34.313806],[150.242632,-34.315352],[150.244443,-34.314459],[150.245228,-34.316134],[150.247599,-34.316412],[150.248961,-34.317142],[150.248992,-34.315268],[150.250635,-34.31531],[150.253274,-34.317198],[150.25543,-34.317226],[150.256184,-34.315503],[150.255157,-34.312805],[150.25691,-34.310374],[150.256682,-34.308523],[150.258537,-34.307532],[150.261125,-34.307743],[150.262237,-34.307978],[150.263084,-34.308549],[150.263561,-34.309206],[150.264355,-34.309329],[150.26479,-34.309824],[150.266725,-34.309431],[150.269301,-34.307064],[150.269277,-34.305013],[150.269666,-34.305206],[150.269265,-34.303891],[150.269258,-34.303318],[150.269879,-34.298259],[150.272022,-34.298626],[150.273262,-34.300742],[150.275832,-34.300843],[150.278285,-34.300607],[150.278837,-34.301614],[150.278265,-34.302736],[150.279616,-34.304232],[150.278979,-34.304643],[150.277857,-34.305816],[150.27775,-34.306125],[150.276787,-34.306948],[150.275709,-34.308255],[150.276007,-34.310631],[150.277412,-34.312467],[150.278778,-34.313281],[150.279229,-34.312468],[150.279491,-34.312549],[150.280325,-34.312175],[150.281082,-34.31168],[150.281711,-34.312181],[150.28106,-34.313902],[150.283378,-34.315457],[150.284693,-34.313977],[150.286789,-34.314168],[150.287667,-34.314916],[150.28896,-34.31386],[150.288321,-34.310641],[150.283477,-34.31009],[150.282934,-34.309338],[150.283288,-34.308272],[150.285141,-34.308223],[150.286454,-34.307351],[150.288209,-34.307529],[150.289478,-34.307378],[150.28982,-34.310078],[150.290432,-34.3117],[150.291322,-34.312392],[150.29016,-34.313061],[150.290514,-34.314244],[150.293206,-34.314852],[150.293315,-34.314265],[150.293771,-34.314351],[150.294288,-34.312785],[150.294291,-34.310994],[150.294596,-34.309553],[150.29533,-34.308429],[150.29552,-34.308668],[150.296395,-34.308825],[150.296983,-34.307691],[150.297742,-34.307754],[150.298507,-34.308316],[150.299008,-34.308343],[150.299647,-34.308974],[150.301594,-34.308921],[150.301875,-34.308232],[150.300466,-34.306312],[150.299489,-34.306825],[150.298232,-34.30604],[150.297239,-34.303765],[150.298267,-34.303272],[150.297105,-34.301719],[150.297479,-34.300773],[150.298408,-34.300918],[150.300176,-34.298912],[150.301667,-34.297679],[150.302126,-34.297872],[150.302464,-34.297557],[150.304373,-34.297571],[150.304871,-34.298113],[150.305968,-34.297478],[150.309255,-34.29756],[150.310123,-34.298622],[150.311575,-34.298967],[150.313411,-34.298895],[150.313226,-34.299411],[150.312159,-34.300577],[150.312917,-34.301973],[150.31316,-34.301769],[150.313935,-34.302421],[150.315408,-34.303195],[150.317715,-34.305726],[150.317934,-34.306572],[150.320389,-34.308753],[150.322184,-34.30984],[150.323028,-34.310233],[150.323105,-34.310553],[150.32591,-34.311413],[150.327475,-34.311082],[150.328716,-34.311443],[150.330247,-34.312365],[150.330884,-34.312861],[150.330878,-34.313171],[150.329766,-34.31332],[150.32711,-34.314004],[150.325041,-34.313519],[150.323456,-34.313619],[150.322294,-34.313936],[150.32207,-34.317094],[150.322378,-34.317418],[150.321219,-34.317609],[150.319879,-34.317623],[150.318543,-34.317081],[150.316637,-34.315956],[150.315443,-34.315579],[150.315114,-34.315053],[150.314763,-34.313287],[150.314324,-34.312593],[150.31401,-34.311809],[150.313654,-34.311263],[150.312711,-34.31086],[150.311741,-34.31112],[150.310519,-34.311516],[150.310101,-34.312062],[150.31002,-34.313305],[150.309445,-34.313769],[150.30895,-34.313632],[150.308472,-34.313281],[150.308148,-34.312883],[150.307599,-34.312684],[150.30681,-34.312961],[150.305639,-34.314019],[150.305503,-34.314514],[150.305772,-34.315491],[150.305221,-34.315912],[150.305079,-34.316237],[150.304673,-34.316419],[150.304118,-34.317396],[150.303345,-34.317416],[150.30266,-34.317691],[150.301666,-34.318679],[150.300317,-34.318237],[150.299707,-34.318599],[150.300029,-34.319094],[150.299964,-34.31958],[150.300189,-34.320199],[150.298463,-34.320671],[150.298018,-34.321334],[150.297699,-34.321379],[150.296415,-34.320579],[150.295226,-34.320174],[150.294574,-34.320218],[150.29375,-34.320019],[150.291778,-34.319886],[150.290725,-34.319938],[150.290091,-34.318857],[150.289407,-34.319399],[150.289024,-34.319544],[150.287567,-34.319857],[150.286443,-34.319961],[150.285941,-34.320172],[150.285478,-34.320605],[150.28512,-34.321349],[150.284766,-34.32174],[150.284698,-34.322036],[150.284255,-34.32258],[150.284061,-34.323371],[150.283815,-34.323823],[150.282317,-34.32443],[150.281806,-34.324798],[150.280739,-34.325004],[150.279403,-34.325405],[150.278659,-34.325728],[150.27801,-34.326365],[150.277882,-34.326758],[150.278329,-34.327158],[150.278029,-34.327299],[150.277469,-34.327239],[150.276836,-34.32746],[150.276486,-34.32776],[150.27612,-34.328433],[150.275994,-34.327677],[150.27604,-34.326683],[150.275901,-34.326278],[150.275559,-34.326186],[150.275345,-34.325998],[150.275573,-34.325664],[150.275571,-34.325261],[150.27607,-34.3243],[150.27615,-34.323853],[150.276014,-34.323068],[150.275711,-34.322489],[150.275372,-34.322331],[150.27499,-34.322297],[150.274752,-34.322097],[150.274384,-34.320787],[150.274156,-34.3204],[150.274141,-34.319998],[150.273739,-34.319411],[150.27327,-34.319073],[150.271807,-34.318794],[150.271494,-34.318924],[150.270481,-34.319018],[150.2702,-34.319273],[150.269902,-34.319184],[150.269605,-34.318913],[150.269355,-34.318852],[150.267497,-34.318995],[150.265959,-34.318238],[150.264481,-34.317946],[150.262761,-34.318217],[150.261255,-34.31883],[150.260853,-34.319263],[150.260793,-34.319612],[150.261418,-34.319777],[150.263906,-34.319504],[150.264793,-34.31985],[150.26632,-34.321342],[150.267272,-34.321967],[150.26932,-34.322684],[150.270937,-34.323548],[150.271464,-34.324018],[150.271684,-34.324541],[150.271593,-34.326235],[150.270238,-34.327328],[150.268635,-34.327794],[150.267691,-34.327962],[150.268996,-34.328214],[150.269508,-34.328171],[150.270235,-34.328232],[150.272807,-34.328707],[150.273497,-34.329587],[150.273913,-34.331176],[150.275742,-34.33241],[150.279401,-34.33261],[150.280582,-34.332786],[150.281541,-34.333135],[150.281563,-34.334686],[150.281207,-34.335691],[150.281311,-34.336916],[150.281616,-34.337975],[150.282045,-34.339071],[150.283706,-34.339633],[150.284841,-34.340237],[150.285815,-34.340457],[150.290098,-34.340805],[150.291875,-34.341152],[150.293438,-34.341349],[150.293649,-34.34224],[150.29326,-34.344853],[150.29198,-34.349381],[150.291636,-34.35129],[150.291097,-34.353301],[150.292269,-34.353885],[150.294724,-34.354282],[150.297442,-34.354543],[150.298613,-34.354805],[150.29854,-34.355596],[150.299661,-34.355855],[150.299831,-34.355034],[150.302027,-34.355231],[150.304325,-34.355579],[150.304428,-34.356243],[150.304862,-34.357755],[150.306025,-34.358095],[150.308038,-34.358283],[150.308657,-34.357744],[150.309401,-34.356049],[150.310071,-34.356053],[150.311969,-34.356397],[150.312786,-34.35647],[150.313144,-34.356739],[150.31485,-34.356985],[150.317055,-34.357074],[150.317467,-34.357282],[150.321439,-34.35841],[150.322499,-34.360212],[150.324853,-34.362617],[150.328305,-34.364226],[150.326933,-34.365881],[150.328566,-34.368221],[150.330515,-34.368168],[150.332549,-34.365691],[150.332827,-34.365762],[150.337617,-34.360822],[150.340214,-34.356408],[150.34052,-34.356454],[150.340959,-34.355358],[150.342301,-34.355783],[150.342625,-34.35579],[150.342854,-34.355655],[150.34594,-34.355826],[150.34722,-34.354429],[150.349138,-34.35361],[150.349678,-34.354276],[150.348785,-34.355067],[150.34726,-34.355449],[150.349379,-34.357094],[150.34943,-34.35837],[150.351068,-34.358393],[150.351521,-34.357791],[150.351718,-34.356519],[150.352798,-34.356803],[150.353936,-34.355922],[150.354746,-34.355408],[150.354908,-34.355708],[150.35644,-34.354822],[150.356899,-34.354894],[150.358237,-34.356493],[150.359597,-34.356872],[150.361389,-34.35782],[150.363693,-34.358149],[150.363548,-34.359025],[150.365439,-34.36074],[150.362851,-34.360216],[150.362263,-34.360913],[150.363018,-34.361829],[150.362328,-34.362529],[150.359207,-34.361598],[150.359018,-34.361939],[150.362652,-34.3655],[150.363323,-34.367828],[150.363307,-34.370111],[150.361786,-34.37208],[150.363074,-34.372645],[150.363126,-34.37291],[150.362572,-34.373762],[150.363685,-34.37415],[150.365126,-34.375217],[150.366167,-34.375015],[150.367779,-34.375577],[150.369148,-34.374046],[150.369482,-34.373792],[150.370874,-34.373683],[150.371501,-34.373459],[150.374361,-34.373267],[150.375224,-34.371845],[150.375927,-34.371416],[150.376237,-34.370357],[150.377613,-34.369856],[150.379068,-34.369009],[150.37974,-34.369635],[150.379155,-34.369899],[150.379292,-34.370746],[150.380188,-34.372595],[150.37829,-34.373924],[150.378646,-34.375107],[150.376939,-34.376091],[150.377059,-34.376513],[150.376808,-34.377344],[150.376112,-34.37741],[150.375891,-34.37759],[150.375159,-34.377465],[150.373941,-34.378272],[150.373673,-34.378963],[150.374094,-34.37963],[150.374799,-34.379962],[150.376105,-34.379917],[150.376803,-34.379606],[150.379527,-34.38028],[150.380311,-34.380766],[150.381706,-34.38226],[150.381566,-34.383881],[150.380251,-34.384964],[150.379325,-34.384569],[150.379226,-34.382944],[150.378396,-34.38167],[150.37578,-34.380465],[150.371906,-34.381168],[150.371542,-34.382213],[150.371309,-34.382388],[150.370848,-34.382974],[150.371447,-34.384161],[150.37256,-34.384628],[150.373239,-34.38624],[150.372504,-34.388389],[150.372693,-34.388979],[150.371981,-34.389533],[150.370469,-34.388871],[150.369008,-34.39087],[150.367671,-34.390821],[150.367966,-34.39176],[150.367102,-34.391456],[150.365951,-34.390219],[150.36532,-34.390665],[150.36667,-34.392027],[150.367324,-34.392571],[150.36778,-34.393543],[150.370482,-34.39432],[150.371042,-34.394369],[150.371849,-34.395166],[150.373902,-34.396294],[150.376074,-34.396755],[150.376858,-34.397552],[150.376994,-34.398128],[150.377074,-34.398552],[150.377001,-34.39914],[150.376699,-34.399627],[150.381742,-34.400477],[150.383529,-34.400644],[150.38537,-34.400754],[150.386635,-34.400458],[150.386625,-34.400869],[150.387829,-34.400865],[150.387756,-34.402569],[150.389961,-34.402801],[150.390764,-34.403395],[150.392121,-34.403681],[150.392728,-34.40205],[150.394221,-34.402214],[150.396328,-34.39652],[150.399618,-34.395577],[150.403658,-34.392766],[150.404486,-34.392616],[150.40451,-34.391841],[150.405147,-34.389857],[150.405938,-34.388711],[150.408072,-34.387146],[150.408917,-34.385405],[150.406166,-34.38481],[150.405111,-34.384042],[150.404476,-34.38286],[150.404833,-34.382725],[150.404477,-34.381542],[150.405079,-34.381185],[150.404829,-34.380085],[150.406217,-34.378854],[150.404872,-34.376082],[150.404368,-34.373797],[150.405821,-34.373247],[150.40629,-34.373348],[150.407385,-34.373784],[150.408135,-34.37388],[150.409867,-34.375176],[150.412978,-34.373387],[150.416307,-34.371931],[150.417678,-34.370275],[150.418097,-34.367965],[150.416972,-34.367186],[150.416901,-34.366672],[150.417509,-34.366194],[150.417815,-34.366127],[150.418984,-34.363647],[150.420384,-34.361761],[150.420845,-34.361316],[150.420316,-34.36115],[150.418579,-34.361908],[150.417831,-34.36215],[150.416569,-34.362292],[150.415785,-34.362504],[150.415099,-34.362586],[150.413928,-34.362381],[150.413066,-34.360995],[150.413825,-34.360907],[150.415642,-34.358949],[150.420085,-34.357563],[150.422406,-34.355036],[150.423754,-34.356029],[150.423783,-34.356774],[150.423083,-34.360032],[150.422928,-34.362097],[150.423975,-34.36462],[150.426084,-34.364072],[150.42765,-34.361772],[150.428892,-34.360266],[150.430863,-34.359231],[150.431506,-34.357545],[150.43306,-34.354951],[150.435718,-34.352252],[150.436459,-34.352373],[150.437692,-34.352041],[150.439584,-34.352168],[150.438944,-34.352894],[150.439851,-34.353979],[150.438687,-34.356196],[150.438134,-34.354241],[150.43786,-34.354364],[150.437333,-34.354259],[150.437405,-34.355044],[150.437119,-34.355115],[150.436762,-34.357257],[150.436262,-34.359398],[150.436834,-34.359755],[150.436986,-34.359363],[150.437145,-34.359785],[150.438825,-34.361188],[150.4392,-34.36207],[150.440897,-34.363098],[150.44345,-34.363924],[150.44648,-34.36408],[150.447499,-34.36497],[150.448827,-34.367568],[150.44711,-34.36945],[150.450653,-34.3692],[150.45191,-34.373926],[150.455778,-34.375245],[150.45828,-34.374896],[150.462945,-34.375382],[150.470241,-34.372891],[150.472635,-34.373062],[150.473607,-34.374298],[150.474084,-34.371924],[150.473071,-34.371665],[150.47302,-34.371298],[150.475104,-34.371561],[150.475471,-34.371408],[150.475257,-34.371104],[150.472969,-34.370932],[150.472878,-34.370279],[150.47235,-34.368625],[150.472053,-34.367012],[150.471604,-34.363114],[150.472268,-34.362476],[150.47327,-34.361684],[150.475927,-34.361942],[150.478472,-34.360916],[150.477916,-34.359978],[150.477314,-34.359328],[150.476391,-34.357876],[150.47531,-34.355379],[150.477103,-34.351465],[150.466024,-34.349687],[150.465746,-34.348923],[150.465079,-34.348464],[150.463272,-34.348275],[150.461413,-34.348362],[150.461334,-34.347957],[150.460244,-34.346626],[150.461358,-34.344231],[150.461212,-34.34273],[150.459869,-34.341549],[150.459167,-34.341282],[150.458186,-34.34267],[150.458821,-34.343441],[150.458453,-34.345027],[150.458282,-34.347253],[150.459079,-34.347733],[150.459275,-34.348301],[150.45825,-34.348615],[150.457201,-34.348286],[150.456749,-34.347797],[150.45534,-34.347119],[150.454215,-34.347078],[150.452875,-34.348118],[150.450292,-34.348332],[150.448522,-34.349455],[150.4472,-34.349492],[150.446542,-34.348834],[150.448826,-34.348263],[150.448041,-34.34712],[150.44647,-34.346549],[150.44747,-34.345621],[150.449112,-34.344836],[150.450468,-34.34398],[150.451539,-34.343194],[150.452681,-34.342052],[150.456892,-34.340482],[150.456678,-34.339696],[150.455251,-34.338983],[150.45368,-34.338768],[150.451396,-34.337841],[150.4504,-34.337177],[150.451549,-34.335353],[150.451087,-34.334724],[150.451672,-34.333274],[150.454272,-34.331599],[150.45447,-34.331172],[150.456238,-34.33121],[150.458167,-34.331635],[150.45932,-34.332392],[150.461333,-34.333053],[150.466064,-34.332564],[150.469348,-34.332617],[150.468609,-34.333569],[150.467171,-34.334325],[150.468008,-34.335807],[150.47036,-34.336315],[150.474228,-34.33585],[150.476656,-34.33607],[150.477651,-34.337189],[150.478663,-34.338737],[150.480147,-34.339126],[150.482991,-34.338976],[150.484427,-34.340297],[150.484739,-34.340279],[150.485477,-34.340681],[150.486437,-34.340615],[150.486864,-34.340443],[150.487696,-34.339581],[150.487641,-34.338652],[150.487883,-34.338195],[150.487493,-34.336986],[150.486767,-34.336571],[150.486007,-34.335913],[150.48504,-34.335819],[150.484069,-34.33588],[150.483704,-34.335804],[150.482278,-34.334698],[150.482473,-34.333117],[150.482571,-34.331252],[150.48191,-34.329838],[150.481778,-34.328696],[150.482787,-34.328023],[150.483913,-34.328135],[150.484557,-34.32912],[150.485716,-34.330019],[150.487705,-34.330107],[150.488337,-34.330806],[150.488395,-34.332242],[150.488653,-34.332237],[150.489275,-34.333085],[150.491813,-34.334747],[150.491986,-34.336181],[150.491076,-34.337773],[150.491388,-34.339694],[150.491666,-34.339522],[150.492569,-34.339497],[150.493221,-34.339639],[150.493584,-34.340994],[150.494993,-34.341431],[150.495711,-34.34135],[150.498779,-34.342169],[150.498351,-34.343546],[150.497813,-34.343727],[150.497048,-34.344169],[150.496847,-34.344692],[150.49733,-34.345457],[150.497853,-34.346664],[150.498963,-34.347373],[150.498204,-34.3508],[150.5005,-34.35096],[150.503165,-34.351856],[150.503755,-34.351882],[150.50341,-34.353718],[150.502058,-34.353926],[150.499789,-34.355717],[150.499878,-34.356457],[150.503781,-34.357047],[150.503271,-34.360321],[150.506427,-34.360959],[150.513768,-34.361973],[150.51523,-34.362445],[150.518981,-34.362212],[150.521805,-34.364218],[150.523183,-34.364363],[150.525801,-34.363574],[150.528562,-34.361759],[150.534676,-34.361976],[150.535502,-34.362202],[150.538487,-34.362303],[150.538846,-34.360538],[150.538481,-34.360047],[150.540387,-34.354913],[150.540002,-34.354746],[150.540341,-34.353761],[150.542251,-34.353994],[150.543341,-34.352136],[150.538216,-34.351456],[150.539055,-34.345872],[150.539462,-34.34521],[150.542314,-34.346038],[150.542796,-34.345375],[150.544339,-34.344932],[150.549279,-34.345699],[150.549486,-34.345899],[150.549795,-34.345681],[150.550481,-34.3455],[150.550458,-34.345099],[150.55055,-34.344732],[150.551125,-34.344312],[150.551519,-34.343857],[150.55189,-34.343235],[150.552498,-34.342638],[150.553343,-34.341618],[150.5542,-34.34017],[150.554783,-34.339344],[150.555088,-34.339048],[150.555473,-34.33884],[150.555869,-34.338282],[150.555662,-34.337455],[150.555606,-34.336887],[150.555815,-34.33545],[150.555706,-34.335094],[150.552866,-34.335115],[150.551394,-34.334755],[150.550872,-34.334561],[150.550599,-34.334297],[150.549791,-34.334122],[150.54945,-34.333423],[150.546533,-34.332942],[150.546844,-34.331159],[150.55526,-34.331648],[150.554816,-34.331006],[150.555531,-34.330356],[150.556066,-34.330541],[150.55656,-34.329991],[150.55663,-34.328701],[150.556583,-34.32742],[150.55702,-34.325479],[150.557331,-34.322042],[150.558865,-34.321677],[150.559293,-34.321076],[150.55875,-34.320448],[150.560151,-34.31998],[150.561056,-34.320008],[150.561719,-34.319456],[150.563283,-34.319064],[150.563867,-34.319286],[150.564118,-34.31884],[150.565052,-34.318572],[150.565389,-34.3186],[150.566025,-34.318368],[150.566563,-34.317335],[150.566948,-34.31727],[150.568111,-34.317291],[150.568073,-34.316381],[150.567006,-34.315554],[150.566717,-34.314813],[150.566829,-34.314381],[150.56746,-34.314042],[150.567052,-34.313518],[150.566471,-34.313534],[150.565949,-34.31365],[150.565383,-34.311161],[150.565053,-34.307307],[150.56438,-34.30663],[150.564834,-34.305117],[150.565321,-34.304407],[150.565466,-34.303224],[150.564372,-34.303309],[150.563549,-34.303707],[150.56282,-34.303246],[150.562524,-34.303897],[150.562155,-34.304336],[150.561811,-34.30381],[150.562156,-34.302782],[150.562307,-34.30176],[150.562933,-34.299707],[150.563462,-34.2953],[150.563572,-34.293261],[150.563192,-34.291879],[150.562559,-34.290611],[150.562805,-34.289257],[150.562336,-34.288314],[150.562434,-34.287562],[150.562954,-34.287654],[150.563519,-34.287263],[150.56389,-34.286877],[150.564888,-34.28664],[150.565764,-34.285272],[150.565378,-34.283836],[150.566123,-34.283118],[150.565534,-34.28292],[150.565845,-34.282644],[150.565555,-34.281849],[150.564019,-34.28216],[150.564519,-34.281771],[150.564506,-34.28145],[150.565322,-34.280891],[150.564711,-34.280158],[150.564491,-34.279522],[150.56408,-34.278944],[150.563862,-34.278361],[150.565205,-34.278055],[150.56699,-34.277523],[150.56885,-34.277255],[150.569035,-34.277036],[150.570519,-34.277047],[150.571404,-34.276594],[150.572471,-34.275867],[150.572814,-34.274786],[150.573354,-34.273806],[150.573968,-34.273039],[150.574239,-34.271799],[150.573913,-34.271701],[150.572817,-34.271733],[150.571964,-34.271382],[150.572186,-34.270518],[150.573255,-34.269845],[150.573829,-34.269668],[150.574291,-34.269923],[150.574831,-34.270497],[150.575555,-34.270851],[150.575447,-34.269783],[150.576931,-34.269794],[150.578274,-34.269488],[150.579765,-34.26966],[150.581315,-34.270228],[150.581825,-34.27025],[150.582987,-34.269845],[150.583204,-34.269189],[150.583722,-34.269191],[150.584896,-34.268925],[150.585426,-34.267275],[150.585955,-34.266796],[150.586508,-34.264218],[150.587397,-34.263872],[150.588201,-34.264599],[150.588806,-34.26496],[150.589037,-34.264811],[150.589389,-34.265034],[150.590144,-34.26495],[150.590678,-34.264302],[150.590497,-34.263871],[150.593693,-34.261809],[150.594242,-34.261673],[150.594455,-34.26115],[150.594317,-34.260423],[150.591924,-34.259706],[150.587269,-34.258748],[150.58694,-34.256011],[150.589753,-34.256229],[150.591103,-34.255832],[150.590061,-34.253235],[150.590443,-34.24892],[150.593339,-34.248818],[150.59371,-34.246266],[150.59075,-34.243908],[150.587724,-34.241848],[150.584165,-34.240659],[150.584114,-34.240303],[150.582479,-34.238732],[150.582537,-34.238197],[150.583217,-34.237029],[150.583201,-34.236063],[150.582308,-34.235652],[150.581171,-34.236238],[150.58073,-34.235853],[150.581368,-34.235082],[150.579328,-34.234111],[150.579367,-34.235758],[150.57876,-34.235889],[150.577497,-34.234862],[150.574399,-34.234729],[150.572316,-34.235261],[150.568275,-34.234966],[150.567633,-34.235786],[150.565802,-34.233819],[150.562651,-34.232296],[150.560009,-34.231766],[150.555679,-34.231292],[150.553207,-34.231124],[150.55168,-34.231779],[150.550275,-34.233182],[150.548405,-34.235798],[150.547641,-34.237721],[150.545185,-34.237222],[150.543917,-34.237685],[150.542126,-34.237925],[150.54141,-34.238942],[150.542051,-34.239221],[150.542774,-34.239094],[150.543365,-34.239208],[150.543402,-34.239753],[150.543089,-34.240841],[150.544252,-34.241331],[150.545222,-34.241442],[150.544617,-34.242126],[150.542556,-34.241963],[150.542947,-34.243099],[150.543337,-34.243442],[150.543037,-34.243698],[150.545695,-34.244884],[150.545619,-34.246176],[150.54507,-34.246478],[150.54401,-34.245864],[150.542926,-34.244676],[150.541438,-34.245063],[150.540485,-34.245876],[150.539993,-34.245762],[150.53878,-34.246692],[150.537476,-34.247516],[150.536706,-34.247681],[150.5334,-34.245947],[150.532882,-34.247001],[150.533544,-34.248415],[150.532848,-34.250405],[150.533174,-34.252044],[150.535174,-34.253493],[150.536532,-34.253618],[150.536599,-34.254212],[150.540021,-34.25525],[150.539301,-34.260525],[150.542868,-34.261559],[150.544045,-34.263974],[150.543091,-34.265255],[150.539654,-34.266835],[150.539168,-34.265337],[150.53704,-34.265263],[150.533845,-34.26648],[150.532506,-34.265782],[150.530747,-34.26586],[150.527997,-34.2655],[150.528296,-34.263999],[150.527443,-34.263303],[150.526057,-34.263763],[150.524812,-34.264993],[150.522321,-34.264418],[150.521348,-34.26378],[150.520026,-34.263817],[150.519191,-34.264509],[150.517852,-34.264117],[150.518429,-34.26133],[150.518002,-34.261081],[150.517509,-34.2595],[150.516037,-34.259161],[150.516333,-34.258311],[150.515908,-34.257827],[150.512958,-34.257829],[150.514374,-34.255956],[150.515213,-34.249389],[150.515907,-34.248381],[150.516848,-34.24864],[150.51719,-34.248573],[150.517992,-34.24792],[150.518532,-34.247618],[150.518456,-34.246925],[150.518908,-34.246816],[150.519178,-34.244961],[150.517421,-34.244639],[150.51741,-34.243566],[150.519965,-34.242832],[150.52178,-34.243731],[150.522217,-34.24303],[150.521704,-34.238642],[150.522651,-34.236717],[150.523895,-34.236143],[150.525688,-34.238406],[150.525608,-34.239209],[150.523625,-34.243668],[150.522597,-34.243202],[150.522353,-34.243715],[150.522881,-34.244957],[150.524685,-34.244763],[150.525775,-34.246094],[150.526473,-34.246289],[150.527382,-34.24741],[150.530232,-34.247474],[150.531257,-34.250357],[150.532331,-34.250281],[150.53145,-34.247726],[150.53213,-34.24538],[150.532087,-34.244329],[150.532821,-34.243973],[150.536893,-34.243572],[150.537801,-34.244646],[150.538782,-34.246101],[150.53996,-34.245351],[150.541056,-34.243981],[150.54113,-34.242975],[150.540176,-34.240754],[150.538476,-34.238697],[150.538565,-34.238285],[150.538841,-34.23785],[150.538481,-34.237467],[150.537129,-34.237077],[150.536557,-34.236771],[150.536154,-34.236425],[150.535924,-34.236074],[150.533851,-34.230769],[150.532621,-34.230197],[150.531955,-34.229715],[150.530578,-34.22768],[150.530157,-34.22687],[150.529912,-34.226161],[150.528999,-34.225792],[150.528943,-34.22543],[150.528156,-34.224405],[150.527453,-34.224081],[150.524969,-34.223981],[150.524466,-34.223481],[150.525377,-34.222195],[150.527429,-34.22185],[150.529797,-34.222469],[150.531413,-34.221564],[150.532272,-34.220681],[150.5328,-34.218491],[150.531217,-34.216877],[150.529208,-34.218251],[150.527763,-34.218292],[150.525378,-34.217274],[150.519817,-34.21772],[150.511816,-34.215832],[150.50923,-34.213274],[150.507533,-34.207256],[150.509726,-34.203645],[150.50691,-34.200521],[150.509816,-34.197519],[150.513232,-34.196849],[150.513734,-34.19403],[150.510048,-34.190817],[150.508853,-34.191387],[150.506636,-34.189841],[150.505703,-34.184622],[150.507716,-34.181286],[150.510078,-34.17943],[150.51159,-34.174379],[150.514928,-34.168381],[150.515091,-34.167125],[150.514246,-34.164049],[150.514945,-34.161883],[150.515478,-34.159185],[150.514377,-34.156832],[150.510237,-34.15558],[150.510257,-34.156056],[150.508736,-34.157411],[150.507059,-34.156744],[150.506414,-34.156762],[150.50676,-34.158183],[150.505987,-34.158563],[150.502314,-34.158191],[150.500879,-34.16027],[150.500697,-34.157901],[150.500405,-34.15779],[150.501495,-34.154535],[150.503428,-34.147255],[150.497853,-34.144365],[150.49617,-34.13647],[150.495068,-34.134052],[150.493027,-34.131631],[150.492701,-34.131685],[150.491827,-34.132233],[150.490741,-34.133546],[150.489433,-34.13463],[150.490358,-34.136128],[150.490026,-34.137857],[150.489031,-34.141215],[150.483627,-34.142716],[150.481933,-34.141363],[150.481379,-34.140424],[150.482832,-34.140336],[150.482555,-34.139059],[150.480217,-34.138822],[150.479178,-34.13796],[150.478064,-34.139663],[150.476924,-34.140436],[150.475693,-34.140676],[150.47432,-34.140338],[150.474081,-34.140467],[150.473763,-34.141167],[150.47459,-34.14375],[150.47549,-34.145715],[150.475352,-34.148543],[150.477281,-34.148096],[150.47751,-34.147796],[150.478472,-34.147621],[150.480126,-34.149346],[150.480244,-34.151227],[150.479507,-34.15157],[150.479324,-34.15183],[150.47874,-34.151708],[150.478,-34.150951],[150.477298,-34.150627],[150.47592,-34.150665],[150.47506,-34.151394],[150.475217,-34.150195],[150.475557,-34.149708],[150.474111,-34.148111],[150.474567,-34.14713],[150.474148,-34.146597],[150.474237,-34.145978],[150.473706,-34.145808],[150.474067,-34.145243],[150.473182,-34.142792],[150.473157,-34.141862],[150.472723,-34.141629],[150.472353,-34.140319],[150.473468,-34.139655],[150.474387,-34.139864],[150.474708,-34.139815],[150.476352,-34.139982],[150.476679,-34.139723],[150.477268,-34.139602],[150.478612,-34.13733],[150.479306,-34.137255],[150.479928,-34.137799],[150.480339,-34.138294],[150.481557,-34.138496],[150.482206,-34.13836],[150.481844,-34.137794],[150.48101,-34.137202],[150.479191,-34.136544],[150.479769,-34.135834],[150.48177,-34.136106],[150.484466,-34.135984],[150.487629,-34.134654],[150.490289,-34.133174],[150.492002,-34.131399],[150.494024,-34.130798],[150.494721,-34.129584],[150.495052,-34.12946],[150.494945,-34.130087],[150.495506,-34.130095],[150.49597,-34.1292],[150.498591,-34.128439],[150.499411,-34.127607],[150.500517,-34.127281],[150.501384,-34.126129],[150.502452,-34.125608],[150.502938,-34.124516],[150.502026,-34.123856],[150.500171,-34.123093],[150.499536,-34.122524],[150.499389,-34.12174],[150.496806,-34.120355],[150.495422,-34.120226],[150.49503,-34.121192],[150.494405,-34.121353],[150.494028,-34.121985],[150.493266,-34.122316],[150.493303,-34.123223],[150.492896,-34.123115],[150.492301,-34.122606],[150.491289,-34.122419],[150.490712,-34.12308],[150.489554,-34.122849],[150.488671,-34.122325],[150.488492,-34.12196],[150.489175,-34.121356],[150.490579,-34.120418],[150.491875,-34.120266],[150.495395,-34.11905],[150.49659,-34.117929],[150.497839,-34.116416],[150.497401,-34.115978],[150.496922,-34.114667],[150.497016,-34.112729],[150.496835,-34.111803],[150.497195,-34.110765],[150.497029,-34.109695],[150.497034,-34.10912],[150.497837,-34.108168],[150.498715,-34.107857],[150.498659,-34.108599],[150.49908,-34.109089],[150.502294,-34.109023],[150.501859,-34.107483],[150.502252,-34.106564],[150.50343,-34.105862],[150.503825,-34.104967],[150.502692,-34.104641],[150.500811,-34.106437],[150.500649,-34.108113],[150.499794,-34.108257],[150.498746,-34.107211],[150.497166,-34.107164],[150.495539,-34.103083],[150.495748,-34.102771],[150.496562,-34.102461],[150.497209,-34.101411],[150.495298,-34.100146],[150.493285,-34.099801],[150.493657,-34.097374],[150.494526,-34.09707],[150.495085,-34.097081],[150.502201,-34.097906],[150.505122,-34.098001],[150.505042,-34.096354],[150.505482,-34.096005],[150.504392,-34.093585],[150.50397,-34.091859],[150.50417,-34.08943],[150.503928,-34.088889],[150.503774,-34.088277],[150.505452,-34.086773],[150.505225,-34.08573],[150.504275,-34.084387],[150.50399,-34.08434],[150.503461,-34.085063],[150.502609,-34.085906],[150.501773,-34.086544],[150.50081,-34.087083],[150.499602,-34.087055],[150.498504,-34.087291],[150.496475,-34.088269],[150.49603,-34.087913],[150.495318,-34.087666],[150.494989,-34.08743],[150.494592,-34.087359],[150.494406,-34.087016],[150.494556,-34.086469],[150.493979,-34.086823],[150.49332,-34.086944],[150.492629,-34.086922],[150.491905,-34.086041],[150.490954,-34.086293],[150.490283,-34.086741],[150.489846,-34.086897],[150.488379,-34.085319],[150.486914,-34.084991],[150.485795,-34.084101],[150.485296,-34.083336],[150.484247,-34.082956],[150.483801,-34.082271],[150.483848,-34.081594],[150.483104,-34.081471],[150.48332,-34.080708],[150.483958,-34.080669],[150.48466,-34.077124],[150.48441,-34.077041],[150.482692,-34.07697],[150.480734,-34.077752],[150.479596,-34.076978],[150.479133,-34.075179],[150.479712,-34.073044],[150.480521,-34.07188],[150.479546,-34.07106],[150.48109,-34.070803],[150.481329,-34.069921],[150.481435,-34.068715],[150.481586,-34.068284],[150.481759,-34.067274],[150.48165,-34.066139],[150.482033,-34.064871],[150.483304,-34.064961],[150.483087,-34.065989],[150.483204,-34.067067],[150.483087,-34.067437],[150.48332,-34.067897],[150.483659,-34.067887],[150.483057,-34.071896],[150.483728,-34.072482],[150.486401,-34.072248],[150.488774,-34.073877],[150.490238,-34.074604],[150.490525,-34.074529],[150.490722,-34.074103],[150.491652,-34.074096],[150.491882,-34.073968],[150.4922,-34.072961],[150.492462,-34.072786],[150.492854,-34.071936],[150.492205,-34.071133],[150.491056,-34.070997],[150.491074,-34.070596],[150.491541,-34.068279],[150.491568,-34.067573],[150.49148,-34.067259],[150.49208,-34.066284],[150.491448,-34.065975],[150.491489,-34.064587],[150.491153,-34.063754],[150.491248,-34.06317],[150.490919,-34.062746],[150.493446,-34.060293],[150.49645,-34.060254],[150.496394,-34.060938],[150.498573,-34.061181],[150.500668,-34.060145],[150.50344,-34.059459],[150.503611,-34.059842],[150.504061,-34.059693],[150.504921,-34.060578],[150.509953,-34.059433],[150.510531,-34.060436],[150.511147,-34.059822],[150.510903,-34.060652],[150.513271,-34.060521],[150.513525,-34.060228],[150.514531,-34.060538],[150.51486,-34.058587],[150.51642,-34.058317],[150.519265,-34.058622],[150.519768,-34.058501],[150.52289,-34.05682],[150.523384,-34.054271],[150.525662,-34.052805],[150.525058,-34.049537],[150.529241,-34.049854],[150.531675,-34.051161],[150.531048,-34.051987],[150.531351,-34.052616],[150.532398,-34.052981],[150.53295,-34.052786],[150.533723,-34.052729],[150.533591,-34.053736],[150.53522,-34.053791],[150.534865,-34.055832],[150.53516,-34.057448],[150.538347,-34.056785],[150.543707,-34.053098],[150.542919,-34.052485],[150.543474,-34.051567],[150.542989,-34.050581],[150.541016,-34.05028],[150.541523,-34.049785],[150.54534,-34.04987],[150.546239,-34.050447],[150.546745,-34.051579],[150.549065,-34.052182],[150.552359,-34.051325],[150.552323,-34.050438],[150.553019,-34.049277],[150.552473,-34.048737],[150.550837,-34.048684],[150.550306,-34.048593],[150.550216,-34.047729],[150.550769,-34.04726],[150.550943,-34.046393],[150.555239,-34.044559],[150.557431,-34.04123],[150.559599,-34.040178],[150.5607,-34.040719],[150.561172,-34.041742],[150.562447,-34.042244],[150.563308,-34.042202],[150.563751,-34.041734],[150.56406,-34.040964],[150.564869,-34.040205],[150.565343,-34.038664],[150.565386,-34.038149],[150.566672,-34.035548],[150.566926,-34.034694],[150.56871,-34.032439],[150.570013,-34.030938],[150.570624,-34.029978],[150.571874,-34.029538],[150.577454,-34.029764],[150.584788,-34.028812],[150.586342,-34.026683],[150.591264,-34.0255],[150.590485,-34.023392],[150.585908,-34.022255],[150.57602,-34.021246],[150.570248,-34.022877],[150.563723,-34.021469],[150.564132,-34.016941],[150.562454,-34.01214],[150.558858,-34.010905],[150.553249,-34.011724],[150.54852,-34.011049],[150.54652,-34.007752],[150.54898,-34.004778],[150.551668,-34.003552],[150.556725,-34.00249],[150.564301,-34.001245],[150.567011,-34.000404],[150.565574,-33.995804],[150.563659,-33.994943],[150.564267,-33.994057],[150.56354,-33.992659],[150.560855,-33.992712],[150.560024,-33.993526],[150.55845,-33.995895],[150.554161,-33.999415],[150.551366,-33.999476],[150.552705,-33.996595],[150.555342,-33.993681],[150.557,-33.993487],[150.558189,-33.992127],[150.561661,-33.991344],[150.564124,-33.990116],[150.564915,-33.98928],[150.564075,-33.987348],[150.562546,-33.987211],[150.561619,-33.986714],[150.561443,-33.984863],[150.562307,-33.980658],[150.562446,-33.977798],[150.562866,-33.977138],[150.562904,-33.975803],[150.562231,-33.975313],[150.562261,-33.97226],[150.563036,-33.969174],[150.563276,-33.968797],[150.562428,-33.968399],[150.561866,-33.970058],[150.561728,-33.970866],[150.561714,-33.973347],[150.561491,-33.975155],[150.561753,-33.976019],[150.562077,-33.976693],[150.562112,-33.977457],[150.561794,-33.978596],[150.561776,-33.98122],[150.561175,-33.98221],[150.561381,-33.983025],[150.561005,-33.985028],[150.560086,-33.985294],[150.55904,-33.985179],[150.559009,-33.984529],[150.560544,-33.983989],[150.558259,-33.980709],[150.556742,-33.980317],[150.555837,-33.978147],[150.553589,-33.978281],[150.552547,-33.977355],[150.552705,-33.975808],[150.557945,-33.974145],[150.55911,-33.973452],[150.559824,-33.972512],[150.559799,-33.971367],[150.558791,-33.970583],[150.557273,-33.971603],[150.555925,-33.970669],[150.553526,-33.968475],[150.554037,-33.964621],[150.55309,-33.963695],[150.551258,-33.963707],[150.547827,-33.965547],[150.547178,-33.964198],[150.546735,-33.963811],[150.551757,-33.96274],[150.552627,-33.962935],[150.554721,-33.962818],[150.555404,-33.96109],[150.553842,-33.96032],[150.552594,-33.960149],[150.550861,-33.959157],[150.547592,-33.958376],[150.546618,-33.957403],[150.548072,-33.956597],[150.5481,-33.955643],[150.550279,-33.954494],[150.550756,-33.954437],[150.551001,-33.955565],[150.550466,-33.956557],[150.55115,-33.956993],[150.553985,-33.957525],[150.5544,-33.956319],[150.553921,-33.955359],[150.553839,-33.953798],[150.554653,-33.951718],[150.555287,-33.951271],[150.55651,-33.951188],[150.557195,-33.949407],[150.55676,-33.948957],[150.55704,-33.948307],[150.555355,-33.947563],[150.556665,-33.946418],[150.557265,-33.946293],[150.559296,-33.946333],[150.559444,-33.94829],[150.560184,-33.948991],[150.561079,-33.948692],[150.561839,-33.94649],[150.561825,-33.944748],[150.561295,-33.94367],[150.562287,-33.94141],[150.565948,-33.942742],[150.571734,-33.94341],[150.571056,-33.945579],[150.569732,-33.945753],[150.567676,-33.945569],[150.566767,-33.94734],[150.567591,-33.948573],[150.569631,-33.948906],[150.569468,-33.949237],[150.568709,-33.949727],[150.566697,-33.949384],[150.565079,-33.950566],[150.564714,-33.950978],[150.561278,-33.949696],[150.560214,-33.949965],[150.560993,-33.951495],[150.563345,-33.952921],[150.56493,-33.953272],[150.564909,-33.95437],[150.565935,-33.954795],[150.565012,-33.955157],[150.562353,-33.957321],[150.562686,-33.958964],[150.56446,-33.958947],[150.565519,-33.959601],[150.566698,-33.960469],[150.568788,-33.960458],[150.570091,-33.959216],[150.570475,-33.956849],[150.57049,-33.954106],[150.570676,-33.953858],[150.570433,-33.953681],[150.570331,-33.952339],[150.571883,-33.952226],[150.57299,-33.949854],[150.57199,-33.947828],[150.572099,-33.946296],[150.575024,-33.943537],[150.579763,-33.941572],[150.581015,-33.939831],[150.581071,-33.937829],[150.580553,-33.93591],[150.580265,-33.933948],[150.58105,-33.932533],[150.583808,-33.932157],[150.586786,-33.932073],[150.588826,-33.930777],[150.59,-33.92975],[150.590899,-33.924233],[150.591674,-33.923151],[150.593258,-33.921751],[150.593673,-33.91923],[150.594183,-33.915328],[150.594508,-33.913951],[150.595543,-33.91378],[150.600417,-33.913398],[150.601933,-33.912426],[150.603245,-33.910495],[150.603826,-33.908169],[150.603464,-33.906778],[150.602879,-33.905193],[150.601652,-33.904071],[150.600608,-33.902524],[150.598777,-33.900485],[150.599286,-33.896598],[150.599624,-33.895251],[150.59918,-33.894709],[150.598171,-33.895553],[150.596982,-33.895809],[150.595954,-33.895653],[150.595056,-33.895975],[150.594329,-33.896402],[150.593819,-33.896449],[150.589471,-33.895469],[150.586664,-33.893919],[150.584964,-33.893097],[150.58425,-33.891932],[150.583432,-33.89203],[150.58284,-33.892751],[150.583407,-33.893568],[150.584013,-33.894748],[150.582994,-33.894624],[150.580844,-33.89373],[150.579137,-33.894883],[150.578323,-33.896848],[150.576643,-33.89606],[150.575227,-33.896458],[150.574712,-33.897876],[150.57285,-33.89787],[150.572709,-33.899666],[150.569909,-33.899507],[150.569064,-33.900725],[150.568104,-33.900902],[150.5667,-33.901599],[150.566289,-33.902924],[150.566344,-33.904266],[150.565823,-33.904669],[150.564993,-33.906246],[150.565221,-33.906585],[150.564568,-33.907967],[150.564281,-33.909454],[150.565228,-33.91049],[150.566699,-33.910248],[150.568347,-33.909535],[150.568817,-33.908109],[150.569582,-33.908116],[150.570183,-33.908815],[150.571513,-33.908927],[150.572695,-33.908923],[150.573412,-33.909828],[150.574622,-33.91051],[150.577074,-33.911572],[150.572923,-33.911921],[150.572838,-33.914026],[150.569286,-33.915465],[150.5704,-33.918873],[150.567397,-33.922866],[150.564632,-33.923728],[150.561988,-33.925655],[150.556651,-33.927771],[150.556256,-33.927545],[150.554463,-33.926149],[150.554809,-33.925741],[150.557676,-33.925007],[150.558486,-33.924141],[150.559514,-33.924133],[150.560407,-33.923494],[150.561263,-33.923319],[150.565476,-33.921254],[150.568654,-33.92044],[150.569631,-33.919385],[150.569415,-33.918658],[150.568032,-33.918302],[150.566634,-33.918457],[150.565947,-33.917671],[150.566081,-33.916228],[150.565279,-33.914244],[150.566222,-33.91276],[150.566858,-33.91152],[150.565706,-33.911283],[150.565264,-33.911739],[150.562804,-33.912227],[150.561702,-33.91174],[150.56213,-33.910282],[150.561247,-33.909922],[150.560473,-33.908617],[150.557571,-33.908976],[150.556669,-33.905057],[150.551025,-33.907631],[150.548692,-33.908048],[150.548363,-33.908873],[150.547627,-33.909217],[150.547087,-33.910631],[150.547713,-33.911283],[150.547786,-33.912734],[150.545248,-33.917109],[150.544501,-33.915962],[150.542685,-33.916114],[150.541826,-33.915212],[150.530661,-33.919959],[150.528548,-33.920219],[150.523836,-33.922636],[150.521328,-33.924496],[150.521642,-33.926936],[150.51836,-33.927267],[150.515655,-33.929493],[150.515733,-33.929789],[150.514543,-33.930773],[150.512294,-33.933193],[150.510034,-33.935937],[150.506557,-33.940408],[150.504894,-33.941348],[150.502898,-33.943059],[150.502092,-33.944016],[150.503521,-33.945732],[150.506413,-33.945337],[150.508578,-33.943174],[150.510817,-33.941144],[150.511287,-33.940902],[150.512246,-33.940875],[150.511927,-33.943631],[150.513213,-33.944705],[150.509657,-33.947877],[150.511677,-33.947877],[150.512688,-33.948439],[150.51439,-33.949168],[150.51389,-33.949182],[150.512499,-33.950236],[150.512792,-33.951072],[150.511856,-33.951815],[150.510227,-33.952263],[150.507754,-33.950408],[150.508328,-33.949835],[150.506781,-33.948883],[150.506428,-33.949413],[150.505727,-33.948888],[150.500563,-33.948102],[150.500215,-33.950538],[150.499274,-33.949718],[150.497981,-33.949635],[150.495042,-33.951389],[150.494296,-33.952358],[150.491581,-33.953637],[150.490826,-33.953477],[150.48974,-33.954465],[150.482378,-33.958395],[150.482138,-33.959548],[150.478326,-33.960275],[150.474338,-33.962344],[150.471867,-33.965088],[150.471432,-33.967107],[150.466418,-33.966481],[150.468347,-33.964517],[150.465566,-33.962348],[150.462609,-33.961263],[150.462457,-33.960074],[150.46096,-33.958032],[150.461868,-33.95719],[150.461212,-33.955403],[150.459129,-33.953882],[150.456332,-33.952494],[150.452437,-33.952266],[150.44786,-33.951136],[150.445389,-33.952779],[150.442861,-33.954024],[150.441186,-33.955352],[150.439923,-33.956593],[150.437708,-33.956714],[150.435791,-33.957531],[150.434516,-33.960098],[150.434606,-33.962388],[150.4328,-33.963107],[150.4301,-33.964423],[150.429216,-33.96674],[150.427911,-33.968543],[150.427463,-33.971709],[150.428964,-33.974244],[150.428438,-33.974492],[150.428509,-33.975777],[150.428834,-33.975916],[150.428699,-33.977442],[150.428813,-33.97878],[150.428667,-33.979016],[150.427406,-33.97921],[150.426728,-33.980184],[150.425424,-33.981652],[150.425667,-33.983135],[150.425528,-33.98356],[150.425654,-33.98493],[150.425818,-33.985286],[150.424805,-33.985969],[150.425044,-33.986148],[150.424715,-33.986568],[150.425332,-33.987685],[150.426917,-33.987881],[150.427433,-33.988225],[150.427193,-33.989426],[150.429086,-33.990151],[150.430435,-33.989815],[150.43039,-33.988682],[150.430609,-33.988069],[150.431521,-33.987904],[150.432174,-33.988701],[150.432428,-33.98978],[150.434073,-33.992199],[150.436306,-33.994154],[150.439382,-33.996604],[150.444144,-34.000162],[150.446681,-34.001526],[150.450967,-34.001854],[150.450574,-34.000653],[150.447893,-33.998612],[150.448124,-33.998495],[150.447032,-33.995563],[150.448335,-33.995145],[150.448679,-33.993702],[150.450611,-33.991332],[150.450978,-33.992638],[150.452494,-33.992895],[150.454476,-33.992243],[150.454898,-33.993844],[150.453961,-33.997333],[150.453259,-33.997711],[150.453723,-34.000385],[150.453434,-34.002125],[150.45478,-34.003521],[150.458452,-34.006378],[150.457301,-34.006918],[150.457115,-34.007365],[150.456158,-34.0071],[150.455794,-34.006473],[150.455056,-34.006175],[150.454247,-34.006786],[150.45081,-34.006551],[150.448128,-34.006495],[150.447676,-34.006678],[150.445927,-34.005216],[150.444759,-34.006502],[150.445148,-34.007377],[150.444012,-34.007776],[150.441308,-34.006531],[150.440257,-34.006801],[150.438982,-34.010065],[150.438009,-34.010816],[150.436473,-34.011145],[150.435558,-34.011958],[150.434939,-34.013695],[150.434654,-34.015208],[150.434605,-34.016141],[150.434957,-34.016809],[150.433938,-34.017438],[150.43161,-34.016956],[150.430128,-34.018594],[150.430911,-34.01978],[150.430494,-34.019748],[150.429412,-34.021002],[150.428688,-34.022717],[150.431021,-34.023543],[150.430434,-34.02539],[150.430104,-34.025771],[150.427106,-34.026941],[150.426169,-34.029582],[150.425757,-34.029822],[150.424803,-34.032238],[150.423585,-34.032828],[150.421295,-34.038617],[150.420892,-34.038537],[150.420917,-34.040117],[150.422443,-34.040331],[150.421524,-34.041564],[150.422911,-34.044062],[150.423289,-34.04519],[150.423075,-34.045693],[150.423013,-34.046303],[150.42381,-34.046855],[150.424592,-34.047049],[150.425003,-34.047646],[150.426134,-34.047881],[150.426176,-34.048314],[150.425121,-34.048825],[150.425712,-34.04984],[150.426147,-34.050078],[150.423577,-34.052618],[150.423787,-34.056135],[150.424729,-34.056759],[150.424681,-34.058361],[150.425313,-34.060187],[150.425915,-34.060539],[150.423609,-34.061322],[150.423358,-34.061167],[150.422689,-34.057487],[150.421503,-34.058034],[150.421485,-34.058632],[150.420674,-34.058815],[150.420275,-34.059602],[150.418994,-34.059876],[150.418731,-34.06048],[150.418689,-34.061257],[150.420065,-34.061578],[150.420925,-34.061555],[150.421618,-34.061811],[150.421705,-34.062733],[150.422854,-34.063387],[150.422211,-34.064175],[150.419609,-34.063776],[150.419401,-34.064481],[150.418529,-34.064504],[150.418162,-34.066127],[150.418948,-34.066198],[150.419359,-34.067492],[150.420442,-34.068088],[150.420589,-34.070037],[150.421089,-34.071058],[150.420321,-34.071741],[150.420571,-34.072111],[150.422595,-34.077552],[150.423962,-34.078568],[150.425203,-34.080923],[150.426612,-34.080682],[150.428144,-34.081817],[150.430004,-34.082597],[150.431004,-34.083654],[150.432359,-34.08435],[150.433973,-34.084098],[150.435314,-34.078955],[150.436438,-34.080072],[150.442023,-34.08],[150.442142,-34.078387],[150.441594,-34.077021],[150.444273,-34.077805],[150.444764,-34.076718],[150.444174,-34.07537],[150.441994,-34.075201],[150.441982,-34.074763],[150.4438,-34.073671],[150.444427,-34.074068],[150.44442,-34.075082],[150.445674,-34.075944],[150.44652,-34.075562],[150.446683,-34.074244],[150.445911,-34.073623],[150.445638,-34.072049],[150.444426,-34.071165],[150.44189,-34.071252],[150.442352,-34.070997],[150.443307,-34.070652],[150.443582,-34.070463],[150.443577,-34.069937],[150.443389,-34.069605],[150.44349,-34.069362],[150.442701,-34.069012],[150.442142,-34.068532],[150.441641,-34.069397],[150.441208,-34.069764],[150.440235,-34.069551],[150.439372,-34.069061],[150.437554,-34.069453],[150.436804,-34.069485],[150.435978,-34.069393],[150.434736,-34.069102],[150.434532,-34.068666],[150.435914,-34.068882],[150.437498,-34.069017],[150.437992,-34.068825],[150.437492,-34.068312],[150.438467,-34.067901],[150.440816,-34.067418],[150.441392,-34.065671],[150.440729,-34.063195],[150.441102,-34.062738],[150.440449,-34.061579],[150.43958,-34.061404],[150.439414,-34.060195],[150.435181,-34.060322],[150.435107,-34.058882],[150.436109,-34.058903],[150.436685,-34.058343],[150.435177,-34.055592],[150.43551,-34.054525],[150.436175,-34.053356],[150.437264,-34.05317],[150.438467,-34.05205],[150.439639,-34.05196],[150.443324,-34.049962],[150.443334,-34.050263],[150.444177,-34.050817],[150.446174,-34.051097],[150.449178,-34.051279],[150.451174,-34.051618],[150.453089,-34.052254],[150.454742,-34.054495],[150.456222,-34.055028],[150.455978,-34.055898],[150.456022,-34.057007],[150.455791,-34.057694],[150.454936,-34.058936],[150.453749,-34.059399],[150.45248,-34.05886],[150.451194,-34.057928],[150.450533,-34.057552],[150.448887,-34.057275],[150.447925,-34.057982],[150.448703,-34.059338],[150.446815,-34.059237],[150.44681,-34.059561],[150.444086,-34.05938],[150.443992,-34.060637],[150.444236,-34.060895],[150.442075,-34.062414],[150.44217,-34.066137],[150.442475,-34.067403],[150.445201,-34.068262],[150.447532,-34.068539],[150.449892,-34.067844],[150.453069,-34.065105],[150.453452,-34.064073],[150.454082,-34.064164],[150.45406,-34.065023],[150.454798,-34.065515],[150.454272,-34.066339],[150.452736,-34.067381],[150.451981,-34.067454],[150.451366,-34.068873],[150.449664,-34.069464],[150.449282,-34.070261],[150.448526,-34.070364],[150.448111,-34.069879],[150.447935,-34.070948],[150.450849,-34.071754],[150.452862,-34.070335],[150.453454,-34.068529],[150.454598,-34.068612],[150.456357,-34.067307],[150.457314,-34.065239],[150.458372,-34.064796],[150.459656,-34.06519],[150.461303,-34.06675],[150.461936,-34.068796],[150.460247,-34.069645],[150.459527,-34.070582],[150.458818,-34.071805],[150.4594,-34.074312],[150.45898,-34.075381],[150.45867,-34.07543],[150.456415,-34.076447],[150.454648,-34.07692],[150.452228,-34.076987],[150.450461,-34.07746],[150.449764,-34.079177],[150.449572,-34.080774],[150.45091,-34.082329],[150.451476,-34.082546],[150.451565,-34.083013],[150.453978,-34.084129],[150.456213,-34.084397],[150.456107,-34.086475],[150.458176,-34.086514],[150.458436,-34.087271],[150.455801,-34.087439],[150.455873,-34.089253],[150.453698,-34.089408],[150.453458,-34.091295],[150.449573,-34.092561],[150.449332,-34.091781],[150.449891,-34.0908],[150.452692,-34.089198],[150.452134,-34.087126],[150.450592,-34.085777],[150.44851,-34.086364],[150.448101,-34.086248],[150.447114,-34.0851],[150.445469,-34.085589],[150.443044,-34.085105],[150.441823,-34.085111],[150.440776,-34.085368],[150.439768,-34.085841],[150.43937,-34.087645],[150.440492,-34.087669],[150.44062,-34.087917],[150.442339,-34.087953],[150.442908,-34.089625],[150.444809,-34.090466],[150.445603,-34.091513],[150.44697,-34.091827],[150.447933,-34.091847],[150.446417,-34.09422],[150.446562,-34.094822],[150.445655,-34.095352],[150.445733,-34.09732],[150.447077,-34.097673],[150.447471,-34.098078],[150.447675,-34.098565],[150.4476,-34.099715],[150.446575,-34.100406],[150.447108,-34.102451],[150.446307,-34.102738],[150.445866,-34.104303],[150.446002,-34.105911],[150.446625,-34.107148],[150.448963,-34.107812],[150.448971,-34.108299],[150.449142,-34.109032],[150.449459,-34.109799],[150.450649,-34.110841],[150.450947,-34.110972],[150.450995,-34.111343],[150.451648,-34.112486],[150.45161,-34.113323],[150.452135,-34.113906],[150.453057,-34.113982],[150.45316,-34.11582],[150.452464,-34.116781],[150.452694,-34.116999],[150.452556,-34.117484],[150.45306,-34.118573],[150.453025,-34.118981],[150.454468,-34.120453],[150.454082,-34.120901],[150.454724,-34.12223],[150.456365,-34.122764],[150.457019,-34.123942],[150.456906,-34.124966],[150.45582,-34.124903],[150.455856,-34.124172],[150.454162,-34.122614],[150.452643,-34.121553],[150.453025,-34.118981],[150.451585,-34.117973]],[[150.316551,-34.196032],[150.31681,-34.195761],[150.316896,-34.196222],[150.316551,-34.196032]],[[150.501936,-34.304682],[150.505318,-34.304983],[150.505922,-34.305427],[150.505261,-34.307202],[150.500049,-34.309629],[150.499814,-34.309499],[150.497559,-34.309078],[150.498049,-34.307764],[150.500492,-34.306107],[150.500922,-34.306795],[150.501385,-34.307281],[150.502519,-34.307144],[150.502918,-34.306844],[150.501993,-34.305107],[150.501936,-34.304682]],[[150.475953,-34.066961],[150.476529,-34.06818],[150.4776,-34.069854],[150.476558,-34.069222],[150.475169,-34.066761],[150.472128,-34.064909],[150.470211,-34.062866],[150.466858,-34.061437],[150.466704,-34.062257],[150.465314,-34.062729],[150.463728,-34.062589],[150.461006,-34.063034],[150.460429,-34.062972],[150.460649,-34.062744],[150.45951,-34.062482],[150.457652,-34.062324],[150.455466,-34.062475],[150.455533,-34.062069],[150.457953,-34.061718],[150.461781,-34.062064],[150.46361,-34.061525],[150.464429,-34.060876],[150.465686,-34.059047],[150.466364,-34.059381],[150.466794,-34.059691],[150.4679,-34.061026],[150.469381,-34.061831],[150.475953,-34.066961]],[[149.988561,-33.921949],[149.988961,-33.92223],[149.984768,-33.924044],[149.984902,-33.923812],[149.984155,-33.922203],[149.985696,-33.921941],[149.985226,-33.92094],[149.984376,-33.920864],[149.984397,-33.919488],[149.983949,-33.918825],[149.98495,-33.917181],[149.987095,-33.916222],[149.987692,-33.916208],[149.989029,-33.916749],[149.989148,-33.918701],[149.988545,-33.918816],[149.988287,-33.9193],[149.988752,-33.920386],[149.988689,-33.920719],[149.988328,-33.921152],[149.988561,-33.921949]],[[150.191346,-34.282763],[150.191849,-34.282836],[150.193749,-34.283745],[150.194989,-34.283926],[150.196494,-34.284342],[150.198118,-34.284513],[150.198658,-34.284644],[150.199159,-34.28496],[150.200905,-34.284974],[150.201584,-34.285101],[150.202001,-34.285351],[150.202346,-34.285864],[150.202526,-34.28698],[150.203247,-34.289483],[150.201147,-34.289642],[150.200459,-34.289303],[150.198335,-34.288516],[150.197466,-34.288287],[150.195648,-34.28727],[150.193489,-34.286762],[150.192709,-34.28552],[150.191346,-34.282763]],[[150.391831,-34.384023],[150.392112,-34.383789],[150.392373,-34.383688],[150.393043,-34.383604],[150.395175,-34.383054],[150.396615,-34.383568],[150.397765,-34.383547],[150.398615,-34.384001],[150.399427,-34.384873],[150.399986,-34.385243],[150.400183,-34.385646],[150.400162,-34.385976],[150.399881,-34.386295],[150.39917,-34.386043],[150.398812,-34.38608],[150.398159,-34.386476],[150.397136,-34.386599],[150.394928,-34.3877],[150.394267,-34.387488],[150.393598,-34.387506],[150.39341,-34.387687],[150.393357,-34.387999],[150.393571,-34.388467],[150.39367,-34.388924],[150.393553,-34.389252],[150.39335,-34.389487],[150.391816,-34.39062],[150.391203,-34.390905],[150.390827,-34.39091],[150.390588,-34.39063],[150.390706,-34.389883],[150.390536,-34.389292],[150.389369,-34.388661],[150.388432,-34.388483],[150.388092,-34.388533],[150.387465,-34.38836],[150.386649,-34.387936],[150.386587,-34.3876],[150.387153,-34.387476],[150.387862,-34.387674],[150.389087,-34.387289],[150.390584,-34.387181],[150.391117,-34.387045],[150.391645,-34.386787],[150.392567,-34.386167],[150.392614,-34.385706],[150.392539,-34.385438],[150.391877,-34.384373],[150.391831,-34.384023]],[[150.581418,-34.243768],[150.581896,-34.244762],[150.578733,-34.244933],[150.577881,-34.247244],[150.582726,-34.249078],[150.581711,-34.250579],[150.579183,-34.25205],[150.577246,-34.252447],[150.576966,-34.250486],[150.573734,-34.252393],[150.575541,-34.248688],[150.577936,-34.242729],[150.57849,-34.241669],[150.57855,-34.24138],[150.579173,-34.241315],[150.581418,-34.243768]],[[150.164389,-34.13394],[150.165508,-34.134801],[150.165884,-34.136419],[150.166145,-34.1372],[150.165323,-34.138195],[150.164919,-34.139557],[150.16423,-34.140853],[150.163547,-34.14197],[150.159838,-34.141784],[150.15945,-34.133706],[150.160136,-34.130323],[150.162495,-34.130557],[150.163908,-34.131186],[150.164495,-34.132929],[150.164389,-34.13394]],[[150.551983,-33.945674],[150.552722,-33.944145],[150.552777,-33.942193],[150.552097,-33.941773],[150.551665,-33.940957],[150.548676,-33.941745],[150.548998,-33.938518],[150.548609,-33.936849],[150.552603,-33.935367],[150.552754,-33.936368],[150.554489,-33.936737],[150.556531,-33.935873],[150.558642,-33.936679],[150.560429,-33.935702],[150.559239,-33.938125],[150.559707,-33.939067],[150.559575,-33.940192],[150.558275,-33.941017],[150.554756,-33.943953],[150.553888,-33.945579],[150.552891,-33.946292],[150.551983,-33.945674]],[[150.018836,-33.822122],[150.01916,-33.821027],[150.020662,-33.818916],[150.017927,-33.818463],[150.016695,-33.818969],[150.016537,-33.819198],[150.014664,-33.818993],[150.015354,-33.817638],[150.018851,-33.817077],[150.021713,-33.816915],[150.021441,-33.815712],[150.020022,-33.814033],[150.020912,-33.812896],[150.022313,-33.815098],[150.024173,-33.814925],[150.024307,-33.815482],[150.023849,-33.815757],[150.024032,-33.817621],[150.023499,-33.818131],[150.022674,-33.819992],[150.023107,-33.820496],[150.025245,-33.818828],[150.026233,-33.819337],[150.027225,-33.819412],[150.028391,-33.820756],[150.028256,-33.819766],[150.029186,-33.820263],[150.030129,-33.819872],[150.030895,-33.820896],[150.031733,-33.820305],[150.031378,-33.818125],[150.03166,-33.818278],[150.033537,-33.818055],[150.033967,-33.818407],[150.033772,-33.819978],[150.034563,-33.821218],[150.03427,-33.821554],[150.034603,-33.822415],[150.034351,-33.822789],[150.031337,-33.822502],[150.030262,-33.822249],[150.02954,-33.82247],[150.029458,-33.82381],[150.028439,-33.824351],[150.027848,-33.82389],[150.027725,-33.823111],[150.027712,-33.821907],[150.027071,-33.821078],[150.026348,-33.821253],[150.02615,-33.822337],[150.025317,-33.822731],[150.025111,-33.823083],[150.023857,-33.823585],[150.023707,-33.824833],[150.022864,-33.825439],[150.020418,-33.824639],[150.020291,-33.823601],[150.019261,-33.822908],[150.018836,-33.822122]],[[150.09557,-34.273582],[150.098686,-34.270044],[150.09941,-34.271161],[150.102924,-34.272588],[150.103106,-34.273512],[150.102973,-34.273948],[150.103761,-34.275593],[150.110328,-34.275734],[150.113203,-34.2777],[150.113496,-34.278442],[150.116713,-34.281514],[150.116955,-34.284253],[150.11514,-34.283215],[150.112568,-34.282172],[150.109023,-34.280045],[150.105986,-34.280895],[150.105247,-34.282132],[150.10445,-34.281244],[150.09665,-34.28029],[150.095957,-34.280379],[150.095618,-34.278954],[150.09557,-34.273582]],[[149.974741,-33.954286],[149.975352,-33.956403],[149.978468,-33.956463],[149.978778,-33.956909],[149.978722,-33.957237],[149.977348,-33.958119],[149.975217,-33.959677],[149.973426,-33.959752],[149.972943,-33.959604],[149.972733,-33.957494],[149.971015,-33.953476],[149.971138,-33.948644],[149.969426,-33.947204],[149.97103,-33.947166],[149.973443,-33.947348],[149.977601,-33.94658],[149.97786,-33.946438],[149.979151,-33.948055],[149.978919,-33.948669],[149.979695,-33.949337],[149.980873,-33.949219],[149.980953,-33.948411],[149.980396,-33.947857],[149.979497,-33.947879],[149.978196,-33.946254],[149.980246,-33.945132],[149.982147,-33.943383],[149.983366,-33.942526],[149.984236,-33.939496],[149.983526,-33.937172],[149.982913,-33.936219],[149.98405,-33.936224],[149.984063,-33.934823],[149.9853,-33.935288],[149.985093,-33.937335],[149.985965,-33.939716],[149.985556,-33.942392],[149.986236,-33.943699],[149.985895,-33.943745],[149.984993,-33.94433],[149.984704,-33.946644],[149.985427,-33.94801],[149.986147,-33.948078],[149.986605,-33.948842],[149.984416,-33.951756],[149.98068,-33.952742],[149.980001,-33.953575],[149.977379,-33.954196],[149.975937,-33.953809],[149.974741,-33.954286]],[[149.939538,-34.226768],[149.941255,-34.227437],[149.94264,-34.228437],[149.942901,-34.22975],[149.941206,-34.231302],[149.938519,-34.233031],[149.942706,-34.235039],[149.947051,-34.235463],[149.947281,-34.234685],[149.948602,-34.233421],[149.949567,-34.233539],[149.948758,-34.23595],[149.950673,-34.234334],[149.951699,-34.237089],[149.950523,-34.237904],[149.950288,-34.237706],[149.948578,-34.239398],[149.948735,-34.24077],[149.949037,-34.241571],[149.947977,-34.243804],[149.945999,-34.244105],[149.944301,-34.243643],[149.942881,-34.243748],[149.941963,-34.243375],[149.941122,-34.243443],[149.940253,-34.243148],[149.936785,-34.242823],[149.936177,-34.242603],[149.933574,-34.239857],[149.93647,-34.239305],[149.942366,-34.237756],[149.94039,-34.235861],[149.936722,-34.234183],[149.936094,-34.231331],[149.934026,-34.229835],[149.932534,-34.229694],[149.930438,-34.23002],[149.930484,-34.228543],[149.932844,-34.227637],[149.933308,-34.227528],[149.934342,-34.228051],[149.936523,-34.227283],[149.937449,-34.226814],[149.93794,-34.227213],[149.939538,-34.226768]],[[150.007544,-34.076772],[150.007855,-34.075494],[150.007437,-34.075057],[150.008964,-34.073979],[150.009572,-34.072889],[150.008348,-34.072445],[150.010199,-34.07249],[150.010237,-34.071427],[150.009955,-34.070355],[150.010938,-34.06967],[150.010912,-34.069098],[150.011818,-34.06861],[150.013476,-34.069027],[150.016341,-34.069505],[150.019387,-34.068884],[150.020825,-34.066115],[150.020737,-34.063598],[150.021969,-34.063446],[150.024527,-34.063414],[150.024805,-34.064212],[150.032634,-34.064212],[150.032493,-34.064557],[150.032662,-34.066285],[150.032298,-34.068391],[150.032061,-34.071041],[150.031871,-34.071645],[150.031404,-34.071364],[150.031022,-34.070697],[150.029856,-34.070436],[150.028631,-34.069701],[150.02839,-34.070108],[150.027289,-34.069861],[150.025668,-34.072303],[150.025185,-34.0721],[150.021525,-34.073511],[150.021132,-34.073089],[150.01928,-34.073492],[150.018576,-34.074526],[150.018304,-34.074503],[150.0177,-34.074667],[150.017748,-34.075024],[150.017931,-34.075471],[150.017676,-34.075846],[150.016706,-34.075927],[150.016322,-34.076044],[150.01547,-34.075375],[150.013104,-34.075432],[150.011244,-34.075596],[150.01052,-34.076268],[150.008895,-34.076229],[150.007544,-34.076772]],[[150.416757,-34.299072],[150.421589,-34.298959],[150.421577,-34.297561],[150.422782,-34.297063],[150.423583,-34.295521],[150.425463,-34.29404],[150.427167,-34.293547],[150.430071,-34.293063],[150.42959,-34.293904],[150.430929,-34.29522],[150.430706,-34.296861],[150.432677,-34.29726],[150.435355,-34.297101],[150.437528,-34.299365],[150.439635,-34.302516],[150.438522,-34.304062],[150.436595,-34.304633],[150.435024,-34.304704],[150.434667,-34.305846],[150.432597,-34.305775],[150.431812,-34.305489],[150.428243,-34.30499],[150.426173,-34.306846],[150.425122,-34.306595],[150.424245,-34.305169],[150.421388,-34.305538],[150.420075,-34.303364],[150.418382,-34.302326],[150.417579,-34.300377],[150.416757,-34.299072]],[[150.495344,-34.052773],[150.497385,-34.049907],[150.49969,-34.047512],[150.50235,-34.042565],[150.504247,-34.039813],[150.508017,-34.039889],[150.508734,-34.040454],[150.508548,-34.040746],[150.507926,-34.042403],[150.507755,-34.043354],[150.508949,-34.044153],[150.510401,-34.043527],[150.510497,-34.042694],[150.511066,-34.04207],[150.513673,-34.04233],[150.515661,-34.041207],[150.517115,-34.043678],[150.517166,-34.044435],[150.516596,-34.046284],[150.513168,-34.048862],[150.510899,-34.050033],[150.509055,-34.051355],[150.508777,-34.052949],[150.505068,-34.054715],[150.498481,-34.055395],[150.495344,-34.052773]],[[149.990524,-34.06456],[149.990871,-34.064368],[149.99125,-34.063923],[149.991846,-34.06432],[149.991868,-34.063363],[149.993227,-34.062566],[149.993225,-34.060991],[149.993736,-34.056282],[149.993345,-34.052813],[149.993769,-34.052326],[149.992676,-34.049766],[149.993592,-34.047531],[149.994706,-34.047785],[149.996527,-34.048952],[149.996649,-34.050093],[149.997809,-34.0504],[149.998357,-34.051114],[150.00333,-34.049766],[150.005319,-34.047506],[150.005815,-34.047133],[150.006052,-34.047366],[150.006914,-34.046407],[150.008385,-34.04609],[150.010211,-34.046974],[150.010248,-34.04754],[150.019754,-34.059262],[150.019743,-34.059591],[150.017446,-34.060045],[150.016308,-34.059956],[150.013342,-34.058621],[150.01302,-34.058663],[150.012689,-34.05665],[150.009883,-34.055795],[150.008908,-34.056629],[150.008426,-34.059262],[150.005487,-34.059645],[150.004107,-34.062826],[150.003604,-34.062924],[150.002689,-34.062345],[150.001332,-34.061811],[150.000501,-34.063436],[150.00062,-34.063955],[149.999674,-34.063906],[149.998261,-34.062889],[149.99798,-34.063327],[149.997071,-34.062412],[149.996238,-34.06186],[149.995119,-34.061832],[149.994363,-34.062124],[149.994153,-34.063539],[149.995278,-34.064897],[149.997337,-34.065435],[149.997702,-34.065444],[149.997787,-34.065766],[149.999402,-34.066014],[150.00052,-34.065892],[150.001079,-34.066543],[150.001052,-34.067314],[149.998738,-34.069547],[149.996843,-34.069643],[149.994203,-34.066502],[149.993174,-34.066405],[149.992858,-34.066636],[149.991175,-34.064885],[149.990524,-34.06456]],[[150.260101,-33.930606],[150.260798,-33.926459],[150.261253,-33.926886],[150.261735,-33.924977],[150.261826,-33.923864],[150.262468,-33.923589],[150.263557,-33.9239],[150.264002,-33.923755],[150.265211,-33.92422],[150.265963,-33.92297],[150.265624,-33.922274],[150.266383,-33.921703],[150.266968,-33.921863],[150.267026,-33.92253],[150.269628,-33.923885],[150.269844,-33.920783],[150.270142,-33.920661],[150.271434,-33.92051],[150.272425,-33.92083],[150.273828,-33.921696],[150.274579,-33.921214],[150.276583,-33.918982],[150.27703,-33.919161],[150.277564,-33.918957],[150.278783,-33.919516],[150.279447,-33.920209],[150.280442,-33.919604],[150.281225,-33.919308],[150.282248,-33.919138],[150.281255,-33.917876],[150.280323,-33.91746],[150.280338,-33.917198],[150.280621,-33.916844],[150.281289,-33.916881],[150.283774,-33.915944],[150.282517,-33.914255],[150.284262,-33.913832],[150.28494,-33.912074],[150.285765,-33.91239],[150.287122,-33.911032],[150.288051,-33.91053],[150.288319,-33.910046],[150.288194,-33.908616],[150.288294,-33.907478],[150.28848,-33.906981],[150.290368,-33.90563],[150.289829,-33.904257],[150.288824,-33.902874],[150.28643,-33.901169],[150.285652,-33.901062],[150.284248,-33.899923],[150.281692,-33.899329],[150.280452,-33.900077],[150.280029,-33.90069],[150.279083,-33.900742],[150.27827,-33.901284],[150.276927,-33.900272],[150.275953,-33.897886],[150.27497,-33.896445],[150.276357,-33.895885],[150.276374,-33.895351],[150.276741,-33.895288],[150.2797,-33.89702],[150.286058,-33.896997],[150.284103,-33.890742],[150.284483,-33.887149],[150.281858,-33.883094],[150.28319,-33.881894],[150.283219,-33.880967],[150.282505,-33.879387],[150.28152,-33.878636],[150.281326,-33.87634],[150.278658,-33.87644],[150.278483,-33.874764],[150.278526,-33.87407],[150.276965,-33.873156],[150.275821,-33.873185],[150.275221,-33.874156],[150.275183,-33.87462],[150.27316,-33.874702],[150.27277,-33.873265],[150.271803,-33.872802],[150.272856,-33.872381],[150.274825,-33.87104],[150.273395,-33.869572],[150.271793,-33.868805],[150.271824,-33.868412],[150.27402,-33.868424],[150.275776,-33.869627],[150.279273,-33.868391],[150.281203,-33.870088],[150.282399,-33.871795],[150.284996,-33.870925],[150.285906,-33.872915],[150.284618,-33.874103],[150.283242,-33.875869],[150.284159,-33.877627],[150.284458,-33.87914],[150.285408,-33.879545],[150.284085,-33.88114],[150.287491,-33.882765],[150.288764,-33.883946],[150.286672,-33.884906],[150.286386,-33.887583],[150.287579,-33.890192],[150.285527,-33.890534],[150.29047,-33.891812],[150.290304,-33.892437],[150.290264,-33.893274],[150.291886,-33.893657],[150.291344,-33.893928],[150.291586,-33.894638],[150.29261,-33.894719],[150.293515,-33.89603],[150.292566,-33.897334],[150.29279,-33.898181],[150.287518,-33.899252],[150.289917,-33.901649],[150.289008,-33.901727],[150.289397,-33.902507],[150.29116,-33.90509],[150.291238,-33.905588],[150.290521,-33.906574],[150.290822,-33.906912],[150.289027,-33.908019],[150.2888,-33.911106],[150.291205,-33.911358],[150.291981,-33.911997],[150.291044,-33.912508],[150.28904,-33.912558],[150.288374,-33.91289],[150.288026,-33.913138],[150.288043,-33.913603],[150.286681,-33.914171],[150.28647,-33.915395],[150.289856,-33.914943],[150.290202,-33.915113],[150.289985,-33.915364],[150.291646,-33.917118],[150.291545,-33.920288],[150.288756,-33.920211],[150.288629,-33.920567],[150.288088,-33.920481],[150.287811,-33.920728],[150.288124,-33.921436],[150.288845,-33.921869],[150.288889,-33.925573],[150.291787,-33.926209],[150.292431,-33.927448],[150.290664,-33.928213],[150.290535,-33.929291],[150.290437,-33.929557],[150.290805,-33.93023],[150.291121,-33.931641],[150.290697,-33.932209],[150.288737,-33.931754],[150.287783,-33.933758],[150.286928,-33.933258],[150.284207,-33.93067],[150.284657,-33.929276],[150.283405,-33.928367],[150.282626,-33.926182],[150.281436,-33.925798],[150.279364,-33.926181],[150.279119,-33.928466],[150.279614,-33.929073],[150.278317,-33.929367],[150.277323,-33.930029],[150.276715,-33.930788],[150.27666,-33.9327],[150.278993,-33.933806],[150.280018,-33.933779],[150.280447,-33.934513],[150.280411,-33.936011],[150.281823,-33.936566],[150.281769,-33.93778],[150.282178,-33.93898],[150.279608,-33.942333],[150.273609,-33.940937],[150.274329,-33.937479],[150.274535,-33.935824],[150.275182,-33.934554],[150.274932,-33.934077],[150.274151,-33.934138],[150.273443,-33.931103],[150.27125,-33.931573],[150.268843,-33.933855],[150.270483,-33.936096],[150.269623,-33.938671],[150.264039,-33.933229],[150.260469,-33.932894],[150.260101,-33.930606]],[[150.449821,-34.272018],[150.45037,-34.273833],[150.456393,-34.285651],[150.455722,-34.286945],[150.452952,-34.286785],[150.451415,-34.28744],[150.451515,-34.288701],[150.454302,-34.29019],[150.453102,-34.29079],[150.45144,-34.292333],[150.451915,-34.293402],[150.453577,-34.293402],[150.45512,-34.29174],[150.456516,-34.290833],[150.457171,-34.290994],[150.457825,-34.290384],[150.458192,-34.290547],[150.459152,-34.29],[150.463809,-34.288799],[150.472759,-34.289202],[150.474199,-34.295153],[150.474817,-34.295434],[150.474569,-34.296302],[150.476339,-34.2974],[150.477282,-34.296801],[150.477968,-34.294947],[150.478861,-34.295751],[150.480203,-34.299707],[150.480504,-34.301355],[150.481764,-34.3014],[150.481967,-34.303587],[150.48157,-34.304514],[150.481846,-34.304765],[150.481981,-34.30602],[150.481606,-34.307014],[150.480251,-34.30763],[150.479293,-34.307969],[150.478213,-34.308018],[150.477071,-34.308471],[150.473819,-34.310005],[150.472399,-34.310247],[150.472186,-34.311402],[150.470002,-34.312199],[150.467718,-34.314198],[150.463297,-34.314847],[150.463292,-34.317196],[150.462982,-34.318281],[150.46182,-34.318007],[150.458652,-34.315412],[150.45622,-34.311115],[150.452656,-34.310843],[150.450817,-34.307997],[150.451248,-34.30187],[150.451161,-34.299819],[150.451347,-34.299518],[150.450324,-34.298985],[150.448482,-34.298532],[150.447739,-34.299108],[150.446852,-34.299195],[150.44523,-34.300363],[150.44531,-34.30072],[150.44485,-34.301129],[150.444125,-34.302439],[150.444596,-34.303429],[150.447675,-34.303183],[150.448552,-34.304716],[150.447191,-34.306529],[150.443542,-34.302446],[150.443913,-34.302075],[150.442515,-34.299827],[150.441811,-34.297451],[150.441004,-34.295645],[150.439096,-34.293172],[150.438757,-34.290093],[150.439572,-34.287278],[150.435514,-34.282757],[150.433938,-34.281489],[150.433719,-34.279508],[150.432735,-34.278484],[150.431261,-34.277255],[150.433892,-34.276278],[150.434107,-34.277138],[150.436007,-34.278087],[150.4385,-34.277612],[150.440518,-34.275119],[150.440955,-34.273916],[150.442565,-34.272519],[150.445271,-34.273504],[150.449262,-34.272558],[150.449821,-34.272018]],[[150.273231,-34.161294],[150.276481,-34.162256],[150.278865,-34.163542],[150.278668,-34.164226],[150.278828,-34.164669],[150.279293,-34.16438],[150.279472,-34.165419],[150.27502,-34.168972],[150.275456,-34.16913],[150.274495,-34.169861],[150.278719,-34.172431],[150.281874,-34.175178],[150.285526,-34.176646],[150.285066,-34.176868],[150.284893,-34.177178],[150.286852,-34.177345],[150.287843,-34.176931],[150.29038,-34.177186],[150.295171,-34.180485],[150.295914,-34.180168],[150.297677,-34.180522],[150.297792,-34.179366],[150.298523,-34.179054],[150.30077,-34.176906],[150.300931,-34.176483],[150.303969,-34.176938],[150.306352,-34.176548],[150.306733,-34.177524],[150.307852,-34.177395],[150.308204,-34.17883],[150.308074,-34.179249],[150.308159,-34.179721],[150.310443,-34.179754],[150.312082,-34.180568],[150.312449,-34.181159],[150.313059,-34.181041],[150.313865,-34.182141],[150.317571,-34.182995],[150.318204,-34.182778],[150.319029,-34.183658],[150.320168,-34.183281],[150.32105,-34.185217],[150.320126,-34.185292],[150.319044,-34.186428],[150.31923,-34.186702],[150.318681,-34.186975],[150.31906,-34.187503],[150.319813,-34.187602],[150.32024,-34.188184],[150.319063,-34.189123],[150.318583,-34.189208],[150.317159,-34.190963],[150.316525,-34.192655],[150.315721,-34.19316],[150.31055,-34.191937],[150.30801,-34.189877],[150.306409,-34.190857],[150.309896,-34.193573],[150.30956,-34.195455],[150.31036,-34.197562],[150.309353,-34.198015],[150.30826,-34.198896],[150.308539,-34.200468],[150.306268,-34.202149],[150.303152,-34.201929],[150.303222,-34.203715],[150.304478,-34.204693],[150.30457,-34.204985],[150.305957,-34.205515],[150.30819,-34.207584],[150.306162,-34.208149],[150.305508,-34.209785],[150.30421,-34.208032],[150.303196,-34.207338],[150.3017,-34.206737],[150.301221,-34.207601],[150.302341,-34.21004],[150.300928,-34.210589],[150.300289,-34.211337],[150.298327,-34.211846],[150.298775,-34.213202],[150.296483,-34.213563],[150.29586,-34.21289],[150.294914,-34.212208],[150.294125,-34.211772],[150.293322,-34.20962],[150.292718,-34.210453],[150.291914,-34.208107],[150.290269,-34.207981],[150.287387,-34.208891],[150.287753,-34.208162],[150.285792,-34.204972],[150.28497,-34.204682],[150.284793,-34.204211],[150.284085,-34.204369],[150.281019,-34.203287],[150.279952,-34.203316],[150.279379,-34.202659],[150.278761,-34.202687],[150.27817,-34.203364],[150.271959,-34.20353],[150.265632,-34.203221],[150.265161,-34.203431],[150.265247,-34.202888],[150.258108,-34.203668],[150.247741,-34.202799],[150.239763,-34.198286],[150.239011,-34.198811],[150.232056,-34.190214],[150.226925,-34.187368],[150.224309,-34.184605],[150.224196,-34.181627],[150.221917,-34.178751],[150.221926,-34.178151],[150.22224,-34.178067],[150.221027,-34.176603],[150.224041,-34.177383],[150.226531,-34.176459],[150.227223,-34.17654],[150.227066,-34.176221],[150.226853,-34.176037],[150.234469,-34.17396],[150.235669,-34.172307],[150.235574,-34.171738],[150.235864,-34.171736],[150.236529,-34.171409],[150.236528,-34.170758],[150.237221,-34.167878],[150.239279,-34.164675],[150.240728,-34.164274],[150.241581,-34.163449],[150.244187,-34.163973],[150.245746,-34.165745],[150.246969,-34.167715],[150.248467,-34.167866],[150.252406,-34.165854],[150.252778,-34.164944],[150.25355,-34.165011],[150.255031,-34.164471],[150.255393,-34.163907],[150.255,-34.162753],[150.254717,-34.162561],[150.255175,-34.161992],[150.255747,-34.16319],[150.257014,-34.166304],[150.259566,-34.167],[150.26008,-34.166748],[150.260747,-34.167044],[150.261105,-34.166639],[150.261205,-34.166296],[150.26315,-34.166299],[150.265095,-34.164696],[150.265724,-34.163992],[150.266705,-34.163511],[150.26732,-34.163478],[150.267973,-34.162932],[150.269477,-34.162157],[150.273231,-34.161294]]]},"properties":{"OBJECTID":32785,"FireType":1,"FireName":"Green Wattle Creek","FireNo":"19112760264","FireYear":201920,"Label":"2019-20 Wildfire","StartDate":1574773200000,"EndDate":1581253200000,"Intensity":9999,"AreaHa":277881.69582697,"PerimeterM":983943.63608938,"OFHObjMet":null,"ObjNotMet":null,"NPWSBranch":"BMTN","NPWSArea":"KANA","VerDate":1788739200000,"Shape.STArea()":0.2714929444709743,"Shape.STLength()":9.765209567044725}},{"type":"Feature","id":34654,"geometry":{"type":"Polygon","coordinates":[[[150.28875,-33.903077],[150.286356,-33.901372],[150.285579,-33.901265],[150.284174,-33.900125],[150.281619,-33.899532],[150.280379,-33.90028],[150.279756,-33.901181],[150.278876,-33.901984],[150.27643,-33.903431],[150.274398,-33.903964],[150.272,-33.905163],[150.270375,-33.906147],[150.267182,-33.90678],[150.266313,-33.907337],[150.266069,-33.907238],[150.264342,-33.907557],[150.263862,-33.909157],[150.263245,-33.910574],[150.262341,-33.911985],[150.262365,-33.913477],[150.263202,-33.914564],[150.26319,-33.914954],[150.262361,-33.916103],[150.256622,-33.916303],[150.256155,-33.914969],[150.25396,-33.913957],[150.254003,-33.91329],[150.252629,-33.91153],[150.252872,-33.910641],[150.254191,-33.909657],[150.254094,-33.908224],[150.252199,-33.907108],[150.250153,-33.907849],[150.249424,-33.90794],[150.246719,-33.908657],[150.246046,-33.908465],[150.24595,-33.907922],[150.243886,-33.907638],[150.242064,-33.90867],[150.24044,-33.908634],[150.240402,-33.90851],[150.23859,-33.907328],[150.236004,-33.905183],[150.233965,-33.90585],[150.230817,-33.908389],[150.230098,-33.910259],[150.229482,-33.910713],[150.228751,-33.911939],[150.226426,-33.912478],[150.225248,-33.90927],[150.224292,-33.907328],[150.218254,-33.907484],[150.214971,-33.908098],[150.214695,-33.907994],[150.213534,-33.906298],[150.211531,-33.906313],[150.208292,-33.909161],[150.20821,-33.909642],[150.207002,-33.911067],[150.207061,-33.912818],[150.207742,-33.913063],[150.206414,-33.914871],[150.203273,-33.913932],[150.20319,-33.913688],[150.203802,-33.912647],[150.203587,-33.911292],[150.203646,-33.911262],[150.203555,-33.90965],[150.202818,-33.908142],[150.202177,-33.908068],[150.201287,-33.906855],[150.20018,-33.905697],[150.199531,-33.905861],[150.197712,-33.904627],[150.196488,-33.902691],[150.195896,-33.902111],[150.195793,-33.901914],[150.193437,-33.901974],[150.19096,-33.902774],[150.189322,-33.903842],[150.187634,-33.904457],[150.187027,-33.905517],[150.18566,-33.905783],[150.184683,-33.905046],[150.182489,-33.904339],[150.179795,-33.905049],[150.17893,-33.904309],[150.17287,-33.903849],[150.170595,-33.906118],[150.17051,-33.907841],[150.169372,-33.908976],[150.168056,-33.909255],[150.166253,-33.908317],[150.164263,-33.906279],[150.163053,-33.905449],[150.161425,-33.905244],[150.157654,-33.906937],[150.156248,-33.908816],[150.152811,-33.911606],[150.149335,-33.913291],[150.147715,-33.913332],[150.147086,-33.912242],[150.146474,-33.911643],[150.145595,-33.911788],[150.144064,-33.914284],[150.139498,-33.914398],[150.14122,-33.917182],[150.141737,-33.919258],[150.141643,-33.920735],[150.140389,-33.922733],[150.138889,-33.922033],[150.136725,-33.919261],[150.134775,-33.918327],[150.132696,-33.917887],[150.131375,-33.91792],[150.130772,-33.917515],[150.128741,-33.918362],[150.128147,-33.919004],[150.128139,-33.919101],[150.126983,-33.91889],[150.123982,-33.921546],[150.122646,-33.925389],[150.12032,-33.926307],[150.118253,-33.926236],[150.11558,-33.925688],[150.11243,-33.924168],[150.109111,-33.922039],[150.107559,-33.919865],[150.104297,-33.919331],[150.100762,-33.919419],[150.099203,-33.921178],[150.098948,-33.92229],[150.096119,-33.9215],[150.092041,-33.918774],[150.090993,-33.918308],[150.08884,-33.919959],[150.087381,-33.920364],[150.085501,-33.921393],[150.085515,-33.921806],[150.085286,-33.921634],[150.08419,-33.922324],[150.083088,-33.923636],[150.082594,-33.922571],[150.080515,-33.922131],[150.077105,-33.9216],[150.075788,-33.921878],[150.074523,-33.92363],[150.072058,-33.924796],[150.068268,-33.925995],[150.061544,-33.927634],[150.058342,-33.928819],[150.055456,-33.930609],[150.052701,-33.931906],[150.049872,-33.931114],[150.047224,-33.931301],[150.043896,-33.933103],[150.038207,-33.934839],[150.034731,-33.936643],[150.030957,-33.938332],[150.028831,-33.938708],[150.02645,-33.940162],[150.020932,-33.94263],[150.017431,-33.943697],[150.012477,-33.945414],[150.007345,-33.946275],[150.006124,-33.945075],[150.000842,-33.945816],[149.999419,-33.947325],[149.996645,-33.948129],[149.991987,-33.949063],[149.991449,-33.947936],[149.988525,-33.947686],[149.986998,-33.948364],[149.988821,-33.949422],[149.989402,-33.949842],[149.98886,-33.951217],[149.986529,-33.95116],[149.983907,-33.952748],[149.982666,-33.954856],[149.985493,-33.954977],[149.98269,-33.954877],[149.979557,-33.956469],[149.978884,-33.957288],[149.977274,-33.958321],[149.975143,-33.959879],[149.973352,-33.959954],[149.972078,-33.959565],[149.969989,-33.959931],[149.969018,-33.961099],[149.966685,-33.964321],[149.965242,-33.966671],[149.964745,-33.968566],[149.965184,-33.970306],[149.966866,-33.971302],[149.968275,-33.971933],[149.969242,-33.972911],[149.969519,-33.973378],[149.968625,-33.973988],[149.96764,-33.975363],[149.967412,-33.977335],[149.967259,-33.981516],[149.966151,-33.983632],[149.965334,-33.985617],[149.96581,-33.986589],[149.969706,-33.984039],[149.970771,-33.984997],[149.97318,-33.986415],[149.975925,-33.989053],[149.977032,-33.989279],[149.978027,-33.991029],[149.977455,-33.991584],[149.975288,-33.996182],[149.9753,-33.99667],[149.974015,-33.997763],[149.973092,-34.001843],[149.97048,-34.003577],[149.967897,-34.003513],[149.967703,-34.004152],[149.967686,-34.004621],[149.96586,-34.00539],[149.964154,-34.007273],[149.96607,-34.011529],[149.968669,-34.014171],[149.969132,-34.014115],[149.971626,-34.014624],[149.972123,-34.015137],[149.972502,-34.016577],[149.97235,-34.018433],[149.973165,-34.01967],[149.974131,-34.020402],[149.971839,-34.02491],[149.970002,-34.027288],[149.97068,-34.029853],[149.974223,-34.034193],[149.976389,-34.037091],[149.976587,-34.038561],[149.974593,-34.040697],[149.974357,-34.042423],[149.97206,-34.044321],[149.97225,-34.045545],[149.974192,-34.046236],[149.975882,-34.048162],[149.977682,-34.04898],[149.981546,-34.049748],[149.982212,-34.051945],[149.982427,-34.053906],[149.98421,-34.054232],[149.987152,-34.053916],[149.990056,-34.052495],[149.990536,-34.049814],[149.991821,-34.048605],[149.99312,-34.047622],[149.994631,-34.047987],[149.996453,-34.049154],[149.996574,-34.050296],[149.997734,-34.050602],[149.998283,-34.051316],[150.003256,-34.049968],[150.005244,-34.047708],[150.00574,-34.047335],[150.005978,-34.047568],[150.006832,-34.046607],[150.008289,-34.046214],[150.008334,-34.046371],[150.010137,-34.047176],[150.010173,-34.047742],[150.01968,-34.059464],[150.019669,-34.059793],[150.017372,-34.060247],[150.014714,-34.060039],[150.013518,-34.061311],[150.012354,-34.061178],[150.012232,-34.061918],[150.013438,-34.062627],[150.014012,-34.062613],[150.014101,-34.062815],[150.017077,-34.063746],[150.018176,-34.064273],[150.019477,-34.063947],[150.021895,-34.063648],[150.024386,-34.063709],[150.025199,-34.062583],[150.027637,-34.061712],[150.029026,-34.061317],[150.031392,-34.060997],[150.03179,-34.061387],[150.031018,-34.063305],[150.03492,-34.06314],[150.041254,-34.063519],[150.040678,-34.064673],[150.038669,-34.066319],[150.042079,-34.066728],[150.044486,-34.065964],[150.045507,-34.067009],[150.046366,-34.06703],[150.047197,-34.066757],[150.048755,-34.068439],[150.048496,-34.068662],[150.050301,-34.069601],[150.052371,-34.069674],[150.05467,-34.069998],[150.056129,-34.071691],[150.058586,-34.068248],[150.06049,-34.068774],[150.060668,-34.070455],[150.062495,-34.072008],[150.066704,-34.074117],[150.068237,-34.074708],[150.068192,-34.074851],[150.071157,-34.076138],[150.073585,-34.075552],[150.074305,-34.074639],[150.07509,-34.0743],[150.076109,-34.074682],[150.077761,-34.074149],[150.078222,-34.07323],[150.079597,-34.073262],[150.080709,-34.073432],[150.081912,-34.073461],[150.082874,-34.072983],[150.083993,-34.072938],[150.087162,-34.073299],[150.089298,-34.073707],[150.090383,-34.072159],[150.09081,-34.07013],[150.09155,-34.07046],[150.093109,-34.072141],[150.093,-34.07358],[150.094038,-34.075895],[150.094293,-34.07592],[150.094114,-34.076639],[150.094162,-34.07799],[150.095334,-34.077715],[150.096176,-34.076003],[150.097401,-34.075617],[150.098216,-34.074419],[150.098773,-34.073216],[150.09991,-34.072671],[150.100341,-34.072197],[150.101936,-34.072132],[150.102124,-34.07247],[150.102033,-34.073436],[150.102856,-34.074529],[150.103833,-34.076126],[150.104918,-34.077082],[150.106949,-34.07806],[150.109961,-34.077988],[150.113253,-34.077278],[150.115172,-34.076465],[150.117234,-34.076513],[150.117689,-34.076351],[150.120995,-34.076711],[150.12315,-34.07506],[150.123536,-34.073452],[150.125597,-34.073278],[150.125877,-34.07206],[150.127203,-34.071595],[150.129056,-34.070207],[150.131929,-34.069129],[150.133977,-34.069607],[150.135669,-34.070433],[150.137521,-34.069045],[150.138765,-34.067858],[150.140302,-34.065604],[150.141318,-34.06432],[150.143445,-34.064598],[150.143412,-34.065175],[150.143543,-34.066395],[150.144913,-34.06657],[150.145076,-34.066527],[150.145346,-34.068115],[150.148548,-34.066806],[150.147846,-34.063751],[150.148237,-34.062616],[150.149016,-34.062157],[150.150743,-34.061911],[150.152368,-34.062164],[150.154096,-34.061917],[150.155492,-34.061306],[150.155282,-34.05987],[150.155299,-34.059369],[150.156354,-34.058678],[150.15764,-34.05878],[150.158194,-34.060223],[150.159854,-34.061979],[150.161993,-34.062315],[150.162807,-34.062361],[150.163489,-34.063481],[150.168259,-34.064712],[150.17492,-34.065158],[150.175988,-34.062328],[150.178089,-34.059898],[150.178205,-34.056399],[150.177543,-34.052882],[150.18182,-34.050775],[150.183068,-34.046005],[150.185607,-34.044359],[150.185826,-34.044379],[150.187475,-34.044096],[150.188908,-34.043045],[150.190951,-34.042529],[150.190888,-34.042094],[150.194322,-34.038613],[150.18814,-34.035083],[150.187451,-34.032397],[150.184725,-34.0305],[150.184412,-34.030573],[150.18438,-34.029774],[150.181344,-34.029242],[150.180417,-34.027267],[150.179663,-34.021802],[150.183544,-34.017481],[150.187714,-34.015763],[150.191035,-34.016599],[150.193487,-34.016776],[150.194701,-34.016522],[150.194578,-34.014392],[150.194067,-34.012333],[150.193071,-34.011624],[150.190813,-34.009606],[150.1958,-34.004791],[150.203704,-34.00121],[150.206094,-33.999578],[150.209354,-33.995112],[150.211399,-33.989711],[150.216598,-33.987883],[150.218116,-33.984286],[150.221619,-33.981901],[150.22328,-33.979688],[150.223365,-33.979789],[150.226045,-33.979757],[150.227556,-33.979605],[150.227181,-33.977412],[150.225813,-33.97659],[150.225558,-33.975841],[150.226672,-33.974193],[150.228198,-33.973576],[150.22922,-33.973041],[150.230432,-33.971814],[150.231428,-33.970348],[150.231931,-33.969234],[150.234684,-33.967928],[150.238505,-33.96529],[150.234406,-33.963224],[150.234231,-33.962292],[150.234938,-33.960875],[150.237896,-33.956913],[150.241424,-33.953554],[150.243865,-33.950819],[150.245961,-33.951319],[150.247256,-33.951471],[150.248228,-33.952828],[150.248534,-33.951998],[150.248804,-33.951653],[150.251522,-33.951972],[150.251597,-33.95216],[150.252629,-33.95302],[150.252992,-33.95283],[150.254199,-33.95424],[150.255451,-33.956174],[150.256961,-33.957118],[150.258218,-33.959175],[150.26308,-33.962981],[150.26529,-33.962924],[150.268481,-33.961489],[150.270678,-33.961063],[150.273288,-33.959888],[150.274509,-33.960963],[150.277474,-33.961377],[150.280545,-33.960682],[150.282379,-33.959287],[150.282819,-33.959172],[150.285214,-33.95933],[150.285855,-33.960666],[150.287719,-33.959265],[150.287652,-33.957502],[150.288226,-33.957141],[150.291417,-33.95596],[150.297852,-33.954286],[150.303775,-33.954026],[150.307799,-33.954763],[150.310169,-33.953648],[150.30919,-33.950124],[150.309866,-33.948767],[150.313891,-33.948019],[150.3158,-33.947804],[150.315923,-33.948844],[150.316088,-33.948827],[150.316015,-33.948934],[150.316562,-33.949119],[150.316147,-33.950527],[150.31624,-33.952983],[150.320698,-33.953848],[150.322695,-33.952074],[150.324638,-33.95276],[150.325773,-33.955434],[150.329765,-33.955697],[150.334456,-33.954957],[150.339998,-33.953335],[150.343083,-33.953007],[150.347037,-33.952287],[150.345379,-33.951348],[150.344976,-33.948532],[150.34461,-33.946698],[150.346839,-33.94713],[150.35017,-33.945566],[150.354163,-33.942018],[150.35452,-33.939796],[150.35357,-33.938101],[150.349667,-33.937342],[150.348352,-33.936711],[150.348394,-33.935669],[150.348237,-33.935696],[150.348454,-33.935412],[150.346852,-33.934913],[150.344594,-33.93443],[150.344267,-33.933925],[150.342766,-33.933228],[150.34097,-33.932538],[150.340053,-33.932734],[150.339598,-33.932474],[150.336908,-33.932708],[150.335949,-33.933562],[150.332612,-33.933679],[150.331122,-33.930626],[150.327645,-33.932367],[150.324252,-33.931385],[150.323708,-33.930161],[150.324673,-33.928651],[150.32528,-33.927887],[150.323915,-33.926788],[150.322468,-33.928312],[150.322374,-33.929504],[150.320998,-33.930925],[150.319462,-33.930752],[150.318727,-33.928619],[150.317669,-33.928887],[150.314737,-33.929407],[150.312168,-33.929545],[150.309706,-33.930031],[150.308925,-33.929471],[150.307781,-33.929446],[150.307561,-33.930549],[150.302164,-33.932437],[150.299272,-33.931693],[150.297555,-33.932529],[150.295518,-33.93153],[150.294031,-33.9312],[150.291384,-33.931393],[150.290542,-33.932521],[150.289889,-33.93475],[150.29002,-33.93616],[150.287962,-33.937302],[150.285835,-33.9367],[150.28333,-33.936766],[150.282235,-33.939007],[150.279535,-33.942536],[150.273536,-33.941139],[150.274256,-33.937681],[150.274465,-33.936],[150.27337,-33.931306],[150.271177,-33.931776],[150.26877,-33.934057],[150.27041,-33.936299],[150.269549,-33.938874],[150.263966,-33.933432],[150.259501,-33.933013],[150.259757,-33.932381],[150.258902,-33.930037],[150.258865,-33.928962],[150.259625,-33.927548],[150.256983,-33.926203],[150.256036,-33.923527],[150.257293,-33.919136],[150.261327,-33.918533],[150.262864,-33.921815],[150.265543,-33.922483],[150.266309,-33.921905],[150.266894,-33.922066],[150.266953,-33.922732],[150.269555,-33.924087],[150.26977,-33.920986],[150.270068,-33.920863],[150.271361,-33.920713],[150.272352,-33.921033],[150.273755,-33.921899],[150.274558,-33.92138],[150.277242,-33.918367],[150.278507,-33.918334],[150.280242,-33.917428],[150.28165,-33.915671],[150.281784,-33.914618],[150.284189,-33.914034],[150.285672,-33.910188],[150.285874,-33.910398],[150.287282,-33.908641],[150.28724,-33.907534],[150.288505,-33.907154],[150.290295,-33.905833],[150.289756,-33.90446],[150.28875,-33.903077]]]},"properties":{"OBJECTID":34654,"FireType":1,"FireName":"Kowmung River","FireNo":"19112760351","FireYear":201920,"Label":"2019-20 Wildfire","StartDate":1574812800000,"EndDate":1575763200000,"Intensity":9999,"AreaHa":37952.49280865,"PerimeterM":136595.28796116,"OFHObjMet":null,"ObjNotMet":null,"NPWSBranch":"BMTN","NPWSArea":"KANA","VerDate":1788739200000,"Shape.STArea()":0.037029291293017366,"Shape.STLength()":1.3725981364761775}}]}