{"type":"FeatureCollection","features":[{"type":"Feature","id":2608,"geometry":{"type":"Polygon","coordinates":[[[150.65858,-32.907332],[150.657848,-32.907543],[150.657166,-32.907458],[150.656395,-32.907083],[150.655232,-32.907007],[150.652185,-32.907446],[150.651449,-32.908163],[150.650588,-32.90922],[150.649715,-32.909492],[150.648577,-32.909263],[150.647045,-32.908558],[150.64607,-32.908648],[150.644328,-32.909426],[150.642482,-32.910915],[150.64246,-32.911745],[150.643051,-32.91245],[150.643766,-32.912914],[150.646587,-32.913364],[150.647167,-32.913664],[150.648057,-32.914375],[150.649036,-32.914538],[150.649151,-32.915045],[150.650265,-32.915363],[150.656794,-32.916297],[150.657391,-32.916751],[150.657665,-32.917324],[150.657528,-32.917646],[150.656956,-32.917833],[150.654836,-32.917974],[150.649255,-32.916372],[150.648311,-32.91649],[150.64662,-32.916142],[150.645727,-32.915548],[150.64521,-32.91488],[150.643735,-32.914077],[150.642785,-32.914032],[150.641943,-32.914332],[150.641073,-32.914883],[150.640776,-32.915599],[150.641099,-32.916327],[150.642107,-32.916995],[150.64355,-32.918645],[150.643635,-32.919053],[150.643114,-32.919331],[150.642464,-32.919283],[150.64083,-32.918801],[150.640092,-32.918806],[150.639442,-32.919127],[150.639229,-32.920295],[150.639688,-32.921142],[150.640643,-32.922224],[150.64211,-32.922928],[150.641899,-32.923619],[150.641403,-32.923781],[150.639662,-32.923739],[150.638849,-32.924129],[150.637896,-32.924995],[150.637736,-32.925804],[150.638148,-32.926767],[150.638634,-32.928616],[150.638422,-32.928936],[150.63796,-32.929036],[150.636846,-32.929511],[150.636433,-32.929765],[150.636384,-32.930386],[150.637581,-32.931211],[150.638691,-32.931304],[150.639832,-32.931001],[150.641063,-32.930952],[150.64457,-32.930153],[150.645026,-32.930315],[150.645199,-32.930651],[150.644918,-32.931548],[150.644161,-32.932282],[150.643266,-32.932563],[150.641794,-32.932833],[150.640737,-32.932767],[150.639506,-32.932429],[150.638613,-32.932628],[150.638151,-32.933088],[150.637938,-32.933869],[150.637994,-32.9346],[150.637495,-32.934834],[150.636635,-32.935016],[150.636136,-32.935296],[150.635249,-32.936875],[150.635031,-32.93743],[150.63514,-32.937765],[150.635921,-32.938159],[150.636492,-32.937998],[150.637202,-32.938228],[150.638346,-32.939422],[150.638621,-32.939941],[150.639436,-32.939876],[150.640437,-32.939236],[150.641016,-32.938751],[150.642292,-32.938225],[150.643347,-32.937975],[150.644225,-32.937928],[150.646456,-32.938493],[150.647026,-32.93836],[150.647513,-32.938152],[150.647945,-32.937574],[150.648138,-32.936361],[150.647969,-32.935447],[150.647895,-32.934228],[150.647996,-32.933635],[150.648546,-32.933059],[150.651754,-32.932641],[150.654066,-32.933352],[150.654909,-32.933422],[150.655696,-32.933193],[150.656865,-32.932232],[150.657239,-32.932645],[150.657495,-32.933101],[150.656617,-32.935167],[150.656679,-32.936061],[150.657303,-32.937137],[150.658669,-32.93765],[150.659586,-32.937342],[150.660247,-32.937409],[150.660594,-32.938046],[150.660924,-32.940109],[150.661499,-32.940615],[150.662154,-32.940528],[150.662589,-32.94023],[150.663152,-32.939564],[150.66307,-32.938643],[150.663339,-32.936141],[150.66318,-32.934858],[150.663231,-32.934543],[150.663802,-32.9344],[150.665164,-32.935842],[150.667021,-32.938455],[150.667149,-32.939278],[150.667044,-32.939998],[150.666341,-32.940706],[150.665553,-32.941007],[150.665252,-32.941876],[150.664842,-32.9424],[150.66498,-32.94325],[150.665885,-32.94343],[150.669169,-32.942147],[150.669929,-32.942125],[150.670665,-32.942626],[150.671099,-32.943608],[150.671027,-32.944319],[150.671046,-32.945609],[150.670586,-32.946024],[150.669797,-32.946361],[150.668114,-32.946501],[150.667437,-32.947029],[150.667349,-32.947533],[150.667622,-32.948133],[150.668309,-32.948425],[150.669373,-32.948662],[150.671462,-32.948908],[150.671812,-32.949023],[150.672092,-32.949389],[150.671656,-32.949687],[150.671303,-32.950104],[150.668986,-32.951152],[150.668774,-32.9515],[150.668857,-32.952025],[150.669265,-32.952763],[150.669703,-32.953195],[150.670023,-32.953219],[150.671843,-32.952739],[150.67326,-32.953378],[150.674408,-32.953625],[150.675497,-32.953699],[150.677559,-32.953377],[150.679498,-32.95326],[150.680776,-32.953464],[150.682296,-32.953826],[150.683007,-32.95447],[150.684879,-32.955289],[150.686402,-32.955516],[150.688339,-32.955471],[150.690949,-32.954671],[150.692685,-32.953703],[150.693456,-32.953681],[150.69505,-32.951609],[150.695973,-32.949823],[150.697008,-32.949111],[150.697274,-32.948314],[150.697792,-32.947322],[150.698766,-32.946042],[150.700619,-32.944705],[150.701245,-32.943671],[150.700507,-32.942845],[150.699639,-32.94209],[150.698625,-32.941593],[150.69836,-32.940696],[150.698622,-32.939664],[150.698623,-32.938383],[150.698487,-32.937443],[150.697726,-32.936662],[150.6974,-32.936043],[150.696584,-32.935767],[150.695599,-32.936208],[150.694888,-32.935997],[150.694512,-32.935269],[150.695031,-32.934602],[150.695681,-32.934307],[150.695868,-32.933274],[150.696328,-32.932858],[150.694563,-32.930824],[150.692985,-32.929812],[150.691569,-32.928758],[150.691562,-32.928207],[150.6911,-32.927451],[150.69096,-32.926699],[150.691235,-32.926371],[150.692208,-32.925568],[150.693166,-32.92491],[150.693628,-32.924422],[150.694056,-32.923573],[150.69661,-32.923621],[150.69724,-32.924877],[150.698141,-32.925615],[150.700619,-32.925723],[150.701545,-32.925443],[150.7029,-32.924755],[150.704207,-32.924229],[150.705809,-32.923077],[150.70725,-32.923582],[150.707627,-32.923859],[150.708341,-32.925207],[150.708778,-32.925666],[150.710132,-32.926259],[150.71215,-32.925962],[150.715491,-32.924923],[150.718917,-32.923498],[150.720516,-32.922418],[150.722039,-32.920994],[150.723015,-32.920471],[150.723554,-32.919047],[150.723452,-32.918432],[150.723181,-32.917741],[150.72214,-32.917488],[150.721029,-32.917441],[150.720749,-32.917102],[150.721265,-32.915723],[150.720237,-32.915406],[150.718881,-32.915751],[150.717731,-32.916785],[150.714288,-32.918048],[150.706945,-32.919663],[150.705856,-32.91875],[150.705824,-32.918335],[150.707834,-32.917939],[150.708357,-32.917533],[150.709115,-32.916357],[150.710068,-32.916293],[150.71265,-32.916494],[150.713469,-32.916653],[150.717971,-32.914517],[150.719526,-32.914347],[150.720338,-32.91355],[150.720144,-32.912357],[150.720066,-32.910795],[150.719622,-32.909768],[150.715026,-32.908079],[150.714105,-32.908143],[150.712719,-32.909227],[150.712094,-32.91028],[150.71166,-32.911354],[150.707801,-32.912555],[150.707425,-32.911817],[150.70777,-32.911292],[150.709697,-32.910353],[150.710215,-32.909731],[150.70994,-32.908815],[150.70896,-32.907851],[150.707545,-32.907996],[150.706381,-32.90793],[150.705214,-32.907602],[150.70366,-32.908574],[150.702488,-32.908823],[150.702028,-32.908021],[150.703545,-32.906804],[150.704417,-32.906162],[150.705857,-32.905864],[150.710862,-32.907876],[150.712742,-32.907117],[150.713581,-32.906907],[150.714533,-32.906474],[150.715154,-32.905989],[150.714064,-32.903489],[150.71437,-32.903243],[150.716184,-32.903348],[150.716839,-32.903666],[150.717246,-32.903232],[150.724582,-32.899326],[150.725773,-32.89832],[150.727599,-32.898407],[150.732331,-32.898953],[150.732957,-32.899568],[150.733368,-32.900207],[150.733093,-32.900941],[150.732333,-32.901406],[150.728991,-32.901246],[150.728123,-32.90132],[150.726437,-32.901614],[150.72516,-32.902673],[150.724566,-32.90332],[150.723263,-32.903666],[150.721133,-32.903799],[150.71962,-32.904033],[150.718014,-32.90495],[150.717095,-32.905781],[150.716981,-32.906861],[150.717305,-32.907174],[150.719676,-32.907659],[150.722614,-32.908569],[150.723838,-32.908384],[150.726205,-32.907372],[150.726477,-32.907575],[150.725935,-32.908702],[150.722648,-32.91141],[150.722076,-32.912058],[150.722355,-32.913245],[150.723274,-32.914118],[150.723984,-32.914365],[150.724914,-32.914346],[150.726046,-32.913564],[150.729145,-32.911105],[150.72961,-32.910897],[150.729745,-32.911494],[150.72964,-32.912232],[150.726783,-32.914849],[150.726656,-32.916064],[150.726849,-32.917303],[150.728481,-32.917847],[150.731963,-32.917567],[150.732743,-32.916743],[150.733398,-32.914536],[150.733713,-32.913072],[150.735478,-32.908848],[150.736186,-32.907932],[150.737055,-32.908642],[150.737276,-32.910044],[150.737416,-32.912084],[150.738039,-32.912835],[150.739261,-32.912695],[150.741716,-32.912009],[150.743036,-32.910951],[150.745299,-32.909846],[150.746927,-32.909704],[150.747306,-32.908674],[150.747166,-32.907896],[150.748015,-32.907686],[150.748992,-32.907108],[150.750396,-32.906124],[150.751128,-32.905064],[150.750774,-32.903876],[150.750229,-32.903028],[150.750032,-32.901491],[150.750958,-32.899975],[150.7534,-32.897656],[150.755495,-32.895962],[150.757824,-32.894742],[150.764483,-32.892183],[150.766704,-32.890987],[150.767661,-32.889516],[150.768517,-32.887313],[150.768141,-32.886558],[150.767463,-32.886329],[150.766013,-32.886583],[150.765364,-32.88521],[150.764052,-32.885123],[150.763298,-32.885335],[150.761364,-32.886157],[150.760067,-32.886323],[150.759031,-32.887125],[150.756721,-32.888464],[150.755089,-32.889174],[150.75441,-32.88899],[150.754599,-32.888281],[150.754951,-32.887864],[150.757993,-32.885502],[150.758346,-32.884191],[150.758696,-32.883873],[150.760737,-32.883909],[150.762613,-32.883267],[150.763319,-32.88281],[150.764426,-32.882551],[150.765302,-32.882575],[150.766361,-32.882964],[150.769497,-32.884472],[150.771149,-32.884673],[150.772047,-32.884238],[150.771798,-32.883485],[150.771114,-32.882201],[150.771202,-32.881283],[150.771736,-32.880842],[150.772283,-32.880779],[150.775489,-32.881206],[150.777424,-32.881592],[150.778705,-32.882093],[150.779466,-32.881998],[150.783051,-32.880944],[150.786743,-32.880315],[150.787319,-32.880361],[150.787637,-32.880042],[150.787365,-32.87937],[150.785383,-32.878713],[150.78456,-32.878301],[150.784132,-32.878303],[150.782793,-32.877593],[150.781625,-32.877708],[150.781246,-32.877485],[150.781243,-32.87716],[150.781403,-32.876766],[150.782247,-32.876357],[150.783169,-32.875779],[150.782274,-32.875276],[150.781731,-32.875167],[150.779666,-32.875284],[150.779174,-32.874851],[150.779036,-32.874416],[150.77939,-32.873935],[150.781891,-32.87306],[150.781992,-32.872412],[150.781091,-32.871287],[150.78074,-32.870352],[150.780082,-32.870169],[150.779538,-32.870123],[150.778783,-32.870425],[150.778021,-32.87098],[150.777939,-32.872097],[150.776942,-32.873955],[150.775307,-32.874376],[150.774556,-32.874074],[150.773948,-32.873595],[150.774247,-32.872338],[150.776145,-32.86908],[150.776192,-32.868458],[150.776062,-32.868114],[150.775648,-32.867565],[150.7732,-32.866764],[150.77269,-32.867062],[150.771789,-32.867226],[150.771599,-32.867132],[150.770813,-32.867362],[150.770319,-32.867894],[150.769675,-32.869271],[150.768908,-32.869591],[150.767364,-32.869825],[150.765785,-32.869734],[150.764674,-32.870129],[150.761902,-32.870314],[150.760812,-32.869879],[150.760491,-32.869053],[150.760075,-32.868577],[150.759833,-32.868437],[150.757069,-32.870434],[150.755574,-32.870399],[150.754695,-32.870509],[150.752689,-32.870356],[150.752086,-32.870129],[150.751623,-32.869832],[150.751031,-32.870037],[150.748884,-32.872515],[150.746524,-32.872472],[150.745897,-32.872335],[150.744839,-32.87273],[150.744318,-32.873046],[150.743044,-32.873167],[150.741388,-32.873561],[150.739897,-32.874201],[150.737912,-32.874093],[150.737418,-32.874201],[150.737045,-32.874573],[150.736032,-32.874898],[150.73427,-32.874442],[150.733638,-32.874485],[150.732578,-32.874988],[150.731606,-32.875836],[150.730081,-32.876945],[150.72742,-32.878204],[150.726559,-32.878441],[150.72443,-32.878529],[150.718294,-32.878218],[150.717697,-32.878126],[150.713891,-32.879851],[150.70892,-32.882402],[150.707644,-32.882568],[150.705088,-32.883072],[150.703459,-32.883646],[150.702018,-32.884431],[150.701534,-32.885784],[150.699954,-32.886954],[150.697697,-32.887832],[150.696891,-32.888421],[150.694147,-32.889985],[150.688087,-32.891622],[150.687625,-32.894166],[150.686817,-32.897307],[150.68703,-32.899394],[150.686932,-32.901088],[150.686055,-32.901937],[150.686168,-32.902922],[150.687041,-32.903885],[150.687587,-32.904689],[150.68726,-32.906161],[150.686154,-32.908386],[150.684494,-32.908933],[150.681855,-32.90846],[150.678318,-32.907997],[150.675001,-32.907314],[150.670625,-32.906628],[150.665672,-32.906364],[150.662954,-32.906458],[150.659582,-32.907441],[150.65858,-32.907332]]]},"properties":{"OBJECTID":2608,"FireType":1,"FireName":"","FireNo":"","FireYear":197980,"Label":"1979-80 Wildfire","StartDate":null,"EndDate":null,"Intensity":null,"AreaHa":4995.4159552,"PerimeterM":75456.33139857,"OFHObjMet":null,"ObjNotMet":null,"NPWSBranch":"BMTN","NPWSArea":"WOYE","VerDate":1788739200000,"Shape.STArea()":0.004814915368777153,"Shape.STLength()":0.7599052544705244}},{"type":"Feature","id":2845,"geometry":{"type":"Polygon","coordinates":[[[150.406804,-32.998622],[150.407336,-32.999462],[150.408164,-33.000029],[150.409413,-33.001597],[150.409343,-33.002543],[150.408307,-33.003928],[150.408318,-33.00464],[150.406052,-33.005648],[150.402711,-33.007941],[150.400223,-33.008845],[150.398208,-33.010056],[150.395646,-33.011995],[150.395512,-33.0133],[150.395085,-33.013967],[150.393667,-33.014172],[150.392889,-33.014778],[150.392287,-33.015973],[150.392087,-33.017286],[150.392556,-33.01955],[150.390921,-33.022374],[150.390124,-33.025062],[150.389638,-33.027387],[150.390504,-33.029966],[150.391511,-33.032115],[150.392474,-33.032856],[150.392792,-33.033683],[150.392885,-33.037445],[150.394017,-33.038966],[150.394386,-33.039884],[150.393016,-33.042073],[150.392074,-33.044614],[150.391601,-33.047228],[150.391089,-33.047885],[150.389887,-33.049068],[150.388691,-33.049331],[150.38753,-33.050191],[150.387085,-33.05258],[150.387392,-33.053434],[150.387299,-33.054415],[150.382493,-33.057983],[150.382446,-33.05883],[150.381895,-33.059729],[150.382055,-33.061202],[150.381624,-33.065269],[150.381126,-33.066142],[150.381201,-33.067586],[150.38078,-33.068443],[150.380643,-33.070162],[150.382465,-33.073356],[150.383198,-33.076446],[150.381711,-33.078939],[150.377449,-33.079625],[150.376019,-33.080911],[150.374775,-33.083121],[150.372024,-33.084506],[150.368102,-33.084946],[150.366997,-33.085346],[150.366552,-33.086617],[150.367235,-33.093538],[150.374141,-33.091114],[150.380233,-33.090125],[150.387806,-33.09013],[150.388354,-33.090421],[150.391523,-33.095916],[150.393208,-33.100531],[150.394615,-33.102193],[150.395806,-33.103227],[150.397662,-33.10314],[150.403855,-33.100546],[150.405336,-33.09936],[150.406104,-33.099484],[150.406507,-33.102901],[150.409694,-33.106006],[150.410572,-33.107854],[150.410373,-33.109166],[150.409421,-33.110914],[150.409139,-33.111774],[150.409366,-33.114249],[150.410254,-33.115034],[150.411923,-33.115474],[150.415473,-33.115737],[150.418236,-33.115055],[150.418972,-33.115161],[150.420766,-33.116081],[150.422494,-33.11673],[150.423903,-33.118364],[150.425469,-33.118667],[150.426518,-33.119455],[150.429647,-33.120908],[150.430519,-33.121152],[150.432203,-33.120718],[150.432474,-33.122437],[150.432876,-33.123716],[150.432624,-33.124658],[150.43014,-33.12641],[150.42967,-33.127473],[150.429935,-33.130156],[150.42923,-33.131909],[150.428318,-33.133044],[150.427834,-33.136767],[150.427709,-33.138857],[150.427536,-33.139655],[150.426348,-33.140334],[150.426409,-33.141165],[150.428506,-33.142768],[150.428358,-33.144902],[150.42869,-33.14527],[150.429079,-33.145539],[150.428998,-33.146087],[150.427706,-33.146674],[150.427467,-33.147138],[150.427941,-33.149636],[150.430316,-33.152706],[150.430731,-33.154671],[150.431223,-33.15652],[150.430919,-33.157767],[150.429771,-33.159267],[150.429351,-33.160792],[150.429474,-33.16138],[150.433256,-33.161062],[150.434339,-33.162175],[150.43453,-33.163342],[150.43513,-33.165194],[150.437149,-33.167282],[150.438963,-33.167581],[150.441053,-33.167606],[150.442098,-33.167772],[150.442432,-33.168455],[150.441127,-33.173153],[150.44182,-33.174041],[150.444721,-33.174552],[150.446288,-33.175224],[150.4466,-33.176322],[150.446302,-33.181049],[150.446077,-33.182135],[150.442286,-33.185295],[150.442265,-33.186006],[150.442585,-33.186806],[150.445384,-33.187919],[150.449362,-33.191228],[150.450177,-33.192363],[150.453215,-33.192993],[150.455565,-33.193673],[150.45634,-33.194329],[150.4552,-33.201086],[150.455595,-33.203402],[150.456511,-33.204331],[150.45682,-33.204807],[150.459165,-33.206414],[150.461599,-33.206446],[150.464149,-33.205407],[150.468331,-33.203202],[150.470508,-33.202462],[150.471208,-33.202016],[150.471764,-33.19944],[150.472047,-33.198544],[150.472486,-33.195605],[150.473056,-33.195183],[150.47521,-33.195227],[150.476873,-33.195576],[150.478257,-33.198174],[150.478275,-33.202412],[150.478471,-33.202687],[150.479846,-33.202967],[150.484196,-33.200873],[150.486584,-33.200245],[150.488417,-33.200291],[150.490588,-33.201255],[150.493484,-33.201629],[150.496904,-33.200561],[150.498381,-33.200654],[150.503379,-33.200259],[150.504689,-33.20061],[150.50639,-33.202267],[150.507339,-33.202827],[150.509743,-33.205436],[150.510937,-33.206451],[150.513035,-33.206962],[150.514437,-33.206332],[150.516063,-33.203822],[150.517225,-33.202538],[150.518019,-33.201787],[150.520017,-33.201277],[150.52148,-33.201883],[150.522834,-33.203335],[150.523027,-33.203699],[150.521039,-33.206121],[150.520594,-33.207447],[150.520743,-33.20827],[150.521481,-33.209078],[150.522322,-33.209312],[150.523573,-33.209066],[150.524872,-33.207911],[150.525544,-33.205733],[150.525018,-33.20309],[150.525024,-33.202495],[150.52928,-33.202174],[150.530487,-33.201981],[150.530824,-33.201041],[150.530706,-33.198766],[150.529922,-33.19766],[150.528407,-33.196629],[150.524397,-33.195819],[150.523426,-33.194871],[150.523891,-33.193978],[150.5245,-33.193684],[150.525039,-33.193947],[150.526128,-33.194131],[150.527473,-33.193978],[150.528539,-33.19344],[150.52994,-33.192043],[150.530848,-33.191412],[150.53314,-33.191124],[150.534967,-33.191755],[150.536081,-33.191804],[150.537041,-33.191237],[150.537963,-33.188559],[150.538463,-33.187947],[150.538925,-33.187532],[150.540483,-33.18741],[150.5422,-33.188129],[150.542827,-33.18797],[150.543276,-33.186455],[150.543503,-33.185269],[150.54329,-33.184832],[150.544732,-33.184266],[150.545252,-33.184429],[150.547382,-33.183804],[150.550859,-33.18334],[150.551783,-33.183665],[150.553124,-33.182483],[150.555348,-33.177306],[150.555585,-33.174949],[150.555268,-33.173617],[150.552315,-33.171097],[150.552025,-33.170343],[150.552438,-33.169747],[150.555235,-33.167863],[150.555576,-33.166391],[150.553854,-33.162787],[150.553947,-33.161752],[150.557641,-33.159967],[150.560692,-33.160117],[150.561995,-33.161865],[150.563705,-33.16206],[150.565155,-33.161566],[150.566072,-33.160195],[150.566518,-33.158409],[150.567154,-33.156736],[150.56828,-33.155531],[150.569628,-33.154873],[150.570209,-33.153631],[150.573151,-33.151127],[150.573827,-33.151086],[150.574017,-33.151595],[150.573542,-33.152487],[150.572466,-33.153783],[150.570934,-33.154943],[150.570519,-33.155611],[150.571631,-33.156463],[150.572472,-33.156677],[150.572985,-33.157526],[150.572743,-33.160848],[150.572137,-33.162243],[150.57021,-33.16446],[150.5694,-33.165833],[150.569608,-33.167252],[150.570039,-33.167946],[150.571026,-33.16829],[150.573648,-33.167692],[150.575423,-33.167465],[150.578446,-33.167902],[150.580948,-33.168122],[150.583375,-33.167998],[150.584256,-33.167537],[150.584785,-33.166601],[150.585271,-33.166078],[150.585037,-33.164866],[150.584183,-33.163163],[150.58419,-33.162126],[150.585228,-33.161398],[150.587277,-33.161365],[150.588528,-33.161092],[150.589075,-33.159894],[150.587901,-33.157356],[150.587465,-33.154877],[150.586475,-33.152306],[150.586058,-33.148718],[150.586237,-33.147694],[150.58727,-33.147146],[150.591031,-33.147579],[150.592758,-33.147522],[150.594341,-33.146868],[150.595522,-33.145222],[150.596293,-33.144858],[150.599343,-33.145449],[150.601158,-33.146485],[150.603226,-33.1473],[150.604261,-33.147465],[150.605269,-33.14706],[150.606158,-33.145914],[150.60747,-33.144569],[150.609167,-33.144051],[150.609658,-33.143321],[150.610022,-33.142156],[150.611384,-33.139342],[150.611582,-33.138381],[150.610664,-33.136262],[150.610492,-33.135096],[150.609624,-33.134304],[150.604674,-33.132288],[150.603917,-33.131732],[150.603244,-33.130466],[150.602431,-33.129251],[150.598763,-33.127368],[150.5981,-33.125372],[150.598379,-33.12416],[150.600629,-33.122607],[150.602024,-33.122526],[150.603379,-33.122759],[150.604623,-33.124695],[150.605357,-33.12488],[150.606089,-33.124777],[150.607499,-33.122162],[150.607757,-33.120174],[150.608227,-33.119444],[150.609785,-33.119681],[150.611032,-33.119525],[150.612269,-33.118935],[150.612643,-33.116616],[150.612189,-33.115174],[150.609771,-33.114244],[150.60936,-33.113596],[150.609428,-33.109106],[150.609565,-33.108397],[150.610225,-33.108166],[150.612334,-33.109811],[150.61359,-33.110115],[150.615004,-33.109727],[150.616011,-33.109738],[150.617593,-33.110273],[150.619204,-33.110141],[150.619721,-33.109637],[150.617922,-33.106032],[150.618012,-33.105475],[150.617853,-33.104236],[150.61682,-33.103612],[150.613342,-33.10305],[150.60923,-33.10179],[150.60685,-33.103033],[150.60598,-33.103125],[150.602476,-33.10157],[150.601589,-33.100299],[150.601618,-33.100047],[150.603581,-33.099535],[150.605101,-33.099979],[150.606236,-33.100813],[150.606761,-33.100787],[150.60873,-33.099679],[150.61029,-33.09906],[150.610813,-33.098331],[150.610917,-33.094897],[150.611028,-33.09434],[150.611857,-33.093409],[150.611778,-33.09238],[150.609775,-33.091178],[150.607621,-33.090794],[150.607118,-33.089621],[150.607582,-33.089098],[150.609529,-33.088793],[150.612225,-33.089322],[150.612868,-33.089281],[150.613254,-33.088873],[150.613252,-33.088161],[150.60983,-33.083993],[150.609778,-33.083144],[150.611037,-33.08214],[150.611507,-33.081392],[150.61149,-33.079236],[150.611645,-33.076687],[150.61201,-33.075477],[150.61341,-33.074404],[150.613793,-33.073699],[150.613855,-33.072591],[150.612582,-33.072134],[150.611439,-33.072031],[150.607342,-33.073819],[150.606216,-33.073887],[150.605958,-33.073125],[150.606454,-33.071827],[150.608317,-33.070249],[150.609437,-33.070027],[150.611068,-33.07031],[150.61162,-33.070086],[150.611784,-33.069558],[150.611144,-33.067904],[150.611206,-33.066778],[150.611022,-33.065675],[150.610202,-33.065902],[150.608036,-33.067177],[150.606761,-33.067216],[150.605572,-33.066409],[150.602771,-33.065453],[150.602387,-33.064995],[150.603062,-33.062609],[150.602899,-33.061939],[150.602094,-33.061202],[150.599287,-33.060851],[150.598475,-33.060402],[150.597557,-33.059095],[150.59745,-33.058723],[150.598275,-33.057909],[150.598581,-33.056896],[150.598368,-33.056072],[150.59788,-33.055909],[150.594499,-33.056971],[150.593648,-33.056756],[150.592816,-33.055469],[150.592167,-33.054915],[150.591532,-33.053082],[150.590497,-33.052953],[150.588146,-33.054369],[150.587325,-33.054614],[150.585443,-33.054145],[150.583975,-33.054162],[150.582236,-33.053533],[150.581943,-33.052914],[150.582037,-33.051419],[150.581809,-33.049196],[150.581922,-33.048207],[150.582392,-33.047846],[150.584683,-33.047449],[150.586594,-33.046863],[150.587409,-33.046041],[150.587531,-33.045123],[150.586526,-33.043878],[150.585532,-33.043434],[150.58376,-33.04322],[150.582949,-33.042735],[150.582865,-33.041904],[150.583365,-33.041246],[150.585034,-33.040494],[150.586234,-33.039679],[150.587528,-33.038541],[150.587309,-33.037923],[150.586327,-33.037823],[150.583446,-33.037876],[150.582091,-33.037317],[150.580481,-33.037061],[150.576679,-33.035589],[150.57609,-33.034811],[150.576606,-33.033938],[150.580106,-33.033158],[150.581006,-33.03277],[150.584457,-33.033017],[150.585822,-33.032818],[150.585993,-33.032407],[150.585499,-33.032081],[150.582324,-33.031127],[150.581293,-33.030891],[150.58092,-33.029261],[150.580365,-33.027996],[150.579573,-33.027233],[150.578539,-33.027068],[150.575875,-33.027422],[150.575331,-33.027331],[150.574392,-33.028016],[150.573743,-33.027868],[150.572826,-33.026948],[150.570595,-33.025949],[150.570061,-33.025533],[150.569275,-33.024129],[150.568844,-33.02385],[150.566747,-33.0238],[150.566369,-33.023152],[150.567293,-33.02107],[150.567213,-33.020473],[150.56654,-33.019666],[150.565149,-33.015735],[150.563956,-33.015161],[150.562786,-33.015292],[150.562103,-33.015973],[150.561379,-33.018195],[150.56039,-33.018735],[150.557117,-33.01904],[150.556355,-33.019494],[150.555088,-33.020795],[150.553255,-33.022048],[150.551674,-33.021945],[150.547331,-33.020706],[150.545723,-33.020791],[150.542764,-33.020589],[150.53723,-33.020579],[150.536525,-33.020159],[150.536286,-33.019126],[150.53717,-33.017737],[150.537604,-33.015627],[150.53747,-33.015056],[150.535752,-33.01449],[150.533601,-33.014457],[150.532395,-33.016263],[150.531987,-33.016327],[150.530901,-33.015359],[150.529653,-33.014802],[150.528103,-33.014727],[150.524772,-33.015968],[150.521316,-33.015557],[150.51989,-33.014131],[150.520036,-33.013115],[150.522019,-33.010332],[150.52218,-33.009947],[150.52102,-33.00932],[150.519895,-33.009361],[150.517499,-33.01008],[150.516566,-33.01016],[150.516059,-33.009907],[150.515251,-33.008574],[150.512908,-33.008167],[150.512047,-33.007591],[150.51187,-33.005504],[150.512292,-33.003808],[150.512191,-33.002842],[150.511517,-33.00245],[150.509005,-33.002733],[150.507666,-33.003554],[150.50712,-33.00357],[150.504288,-33.001512],[150.504182,-33.001104],[150.504732,-32.999429],[150.504827,-32.99833],[150.502689,-32.997503],[150.501489,-32.997569],[150.500045,-32.997919],[150.499202,-32.997469],[150.499192,-32.995558],[150.498242,-32.994691],[150.497689,-32.993454],[150.495927,-32.992958],[150.495058,-32.99378],[150.49421,-32.99351],[150.492906,-32.992321],[150.491957,-32.992184],[150.491305,-32.99292],[150.489891,-32.99336],[150.48957,-32.99375],[150.489217,-32.994879],[150.488384,-32.995954],[150.488047,-32.999527],[150.487132,-33.000473],[150.486065,-33.000749],[150.484486,-32.999816],[150.483749,-32.999774],[150.481877,-33.001656],[150.480609,-33.002578],[150.477394,-33.003486],[150.476826,-33.003899],[150.476128,-33.005508],[150.473303,-33.007371],[150.472651,-33.007331],[150.470924,-33.006719],[150.469617,-33.006764],[150.466124,-33.005052],[150.464111,-33.003226],[150.464081,-33.002784],[150.464349,-33.002032],[150.464071,-33.001638],[150.463476,-33.001482],[150.462028,-33.001597],[150.461673,-33.001301],[150.461289,-33.000157],[150.46074,-32.999885],[150.459873,-32.999885],[150.459435,-33.000228],[150.458628,-33.001519],[150.457165,-33.002165],[150.456453,-33.002719],[150.454476,-33.004878],[150.453218,-33.004699],[150.452543,-33.004379],[150.451591,-33.00436],[150.450256,-33.004639],[150.449627,-33.004545],[150.447912,-33.003518],[150.447822,-33.002191],[150.447165,-33.001988],[150.444248,-33.001811],[150.44174,-32.999731],[150.439062,-32.998351],[150.437219,-32.998448],[150.435672,-32.99829],[150.434497,-32.99749],[150.431673,-32.990796],[150.430673,-32.989125],[150.429199,-32.987932],[150.427482,-32.98814],[150.426592,-32.988924],[150.425915,-32.989045],[150.42417,-32.988333],[150.42273,-32.988195],[150.420312,-32.987081],[150.418781,-32.985634],[150.417947,-32.986004],[150.416561,-32.985822],[150.416011,-32.986334],[150.415803,-32.987619],[150.415234,-32.988401],[150.414035,-32.988421],[150.413654,-32.988656],[150.413492,-32.989437],[150.412956,-32.99058],[150.412355,-32.991001],[150.411326,-32.99107],[150.409994,-32.992358],[150.409131,-32.992611],[150.408828,-32.993064],[150.410144,-32.995265],[150.410148,-32.995869],[150.409768,-32.99605],[150.40887,-32.99568],[150.407944,-32.99585],[150.407779,-32.996397],[150.407424,-32.996813],[150.406725,-32.997295],[150.406479,-32.998029],[150.406804,-32.998622]]]},"properties":{"OBJECTID":2845,"FireType":1,"FireName":"","FireNo":"","FireYear":198081,"Label":"1980-81 Wildfire","StartDate":null,"EndDate":null,"Intensity":null,"AreaHa":35856.36774335,"PerimeterM":115566.15910755,"OFHObjMet":null,"ObjNotMet":null,"NPWSBranch":"BMTN","NPWSArea":"MUDG","VerDate":1788739200000,"Shape.STArea()":0.034631824904928825,"Shape.STLength()":1.139987448751025}},{"type":"Feature","id":2846,"geometry":{"type":"Polygon","coordinates":[[[150.382579,-32.838216],[150.386513,-32.837018],[150.386885,-32.836349],[150.386994,-32.834449],[150.386559,-32.832889],[150.386444,-32.832066],[150.387634,-32.831189],[150.390051,-32.830726],[150.391889,-32.831413],[150.393661,-32.834362],[150.394539,-32.8354],[150.396982,-32.836947],[150.400748,-32.837467],[150.402432,-32.838296],[150.404883,-32.839961],[150.406298,-32.841631],[150.407005,-32.841177],[150.407841,-32.841447],[150.408713,-32.842709],[150.40956,-32.843691],[150.410833,-32.843988],[150.412546,-32.844601],[150.413955,-32.844621],[150.416921,-32.845854],[150.421181,-32.846655],[150.421827,-32.846488],[150.422971,-32.846809],[150.42333,-32.84807],[150.423838,-32.848594],[150.425393,-32.84914],[150.426183,-32.849878],[150.427215,-32.850034],[150.428001,-32.850925],[150.429768,-32.851151],[150.431559,-32.852017],[150.432237,-32.85259],[150.432648,-32.854997],[150.433336,-32.855958],[150.435291,-32.857449],[150.439994,-32.858123],[150.442976,-32.859176],[150.445528,-32.861094],[150.447734,-32.86352],[150.448801,-32.865814],[150.450092,-32.868104],[150.451103,-32.870487],[150.454252,-32.871723],[150.454662,-32.872678],[150.454283,-32.873599],[150.45481,-32.875729],[150.454624,-32.877014],[150.454817,-32.877749],[150.455499,-32.878917],[150.455911,-32.880206],[150.456211,-32.880572],[150.455391,-32.881214],[150.454497,-32.881078],[150.45401,-32.881673],[150.453365,-32.881795],[150.451378,-32.881412],[150.450407,-32.881734],[150.449836,-32.883752],[150.449082,-32.883962],[150.447666,-32.883392],[150.44656,-32.884704],[150.445693,-32.885119],[150.445673,-32.886191],[150.446628,-32.888276],[150.446819,-32.89094],[150.446451,-32.892221],[150.44593,-32.893239],[150.444062,-32.893904],[150.442548,-32.894892],[150.442307,-32.895473],[150.442415,-32.897305],[150.442148,-32.898039],[150.44042,-32.898662],[150.439682,-32.899053],[150.439275,-32.90055],[150.438819,-32.901172],[150.438797,-32.901559],[150.439779,-32.902725],[150.439943,-32.903341],[150.439535,-32.904126],[150.437267,-32.906082],[150.435616,-32.908816],[150.435289,-32.91054],[150.435514,-32.911618],[150.436577,-32.913696],[150.436253,-32.914897],[150.433965,-32.918619],[150.432794,-32.91956],[150.430602,-32.920687],[150.430112,-32.921353],[150.430476,-32.923552],[150.430802,-32.924127],[150.431694,-32.924704],[150.432192,-32.926328],[150.434188,-32.929417],[150.434212,-32.930797],[150.435686,-32.931576],[150.436533,-32.93263],[150.43688,-32.933196],[150.436474,-32.933936],[150.436964,-32.934713],[150.436048,-32.935722],[150.436218,-32.936501],[150.436894,-32.937146],[150.436921,-32.937696],[150.435402,-32.938477],[150.435412,-32.939234],[150.436111,-32.939835],[150.436579,-32.941413],[150.437264,-32.941752],[150.43748,-32.942423],[150.438081,-32.943085],[150.437931,-32.946436],[150.437308,-32.946874],[150.437257,-32.947558],[150.438451,-32.948773],[150.438806,-32.949457],[150.438728,-32.950312],[150.438892,-32.950558],[150.440879,-32.952096],[150.442532,-32.952274],[150.443573,-32.952521],[150.44433,-32.953718],[150.444603,-32.954246],[150.44377,-32.956447],[150.444208,-32.957205],[150.444883,-32.957155],[150.445457,-32.957293],[150.445439,-32.959015],[150.445599,-32.959767],[150.446308,-32.960412],[150.446969,-32.961968],[150.448223,-32.963364],[150.447964,-32.966803],[150.44963,-32.969118],[150.451288,-32.969486],[150.453182,-32.96911],[150.454627,-32.969455],[150.455203,-32.970603],[150.455851,-32.971517],[150.456236,-32.973004],[150.456812,-32.973827],[150.457283,-32.975298],[150.457986,-32.975411],[150.459258,-32.97394],[150.462662,-32.974614],[150.463466,-32.974549],[150.46556,-32.973536],[150.466458,-32.973555],[150.467083,-32.974144],[150.467553,-32.977544],[150.46818,-32.977674],[150.468458,-32.978437],[150.468464,-32.980105],[150.468656,-32.980479],[150.469772,-32.980384],[150.470344,-32.980585],[150.471408,-32.981914],[150.47199,-32.982485],[150.473852,-32.982478],[150.474229,-32.982783],[150.47337,-32.984389],[150.473206,-32.98563],[150.473669,-32.985901],[150.474592,-32.985414],[150.475054,-32.985342],[150.475549,-32.985641],[150.476256,-32.985592],[150.47723,-32.984836],[150.478183,-32.984441],[150.480457,-32.984965],[150.48235,-32.987627],[150.484502,-32.989086],[150.485557,-32.99],[150.487791,-32.990451],[150.48883,-32.992284],[150.489891,-32.99336],[150.491305,-32.99292],[150.491957,-32.992184],[150.492906,-32.992321],[150.49421,-32.99351],[150.495058,-32.99378],[150.495927,-32.992958],[150.497689,-32.993454],[150.498242,-32.994691],[150.499192,-32.995558],[150.499202,-32.997469],[150.500045,-32.997919],[150.501489,-32.997569],[150.502689,-32.997503],[150.504827,-32.99833],[150.504732,-32.999429],[150.504182,-33.001104],[150.504288,-33.001512],[150.50712,-33.00357],[150.507666,-33.003554],[150.509005,-33.002733],[150.511517,-33.00245],[150.512191,-33.002842],[150.512292,-33.003808],[150.51187,-33.005504],[150.512047,-33.007591],[150.512908,-33.008167],[150.515251,-33.008574],[150.516059,-33.009907],[150.516566,-33.01016],[150.517499,-33.01008],[150.519895,-33.009361],[150.52102,-33.00932],[150.52218,-33.009947],[150.522019,-33.010332],[150.520036,-33.013115],[150.51989,-33.014131],[150.521316,-33.015557],[150.524772,-33.015968],[150.528103,-33.014727],[150.529653,-33.014802],[150.530901,-33.015359],[150.531987,-33.016327],[150.532395,-33.016263],[150.533601,-33.014457],[150.535752,-33.01449],[150.53747,-33.015056],[150.537604,-33.015627],[150.53717,-33.017737],[150.536286,-33.019126],[150.536525,-33.020159],[150.53723,-33.020579],[150.542764,-33.020589],[150.545723,-33.020791],[150.547331,-33.020706],[150.551674,-33.021945],[150.553255,-33.022048],[150.555088,-33.020795],[150.556355,-33.019494],[150.557117,-33.01904],[150.56039,-33.018735],[150.561379,-33.018195],[150.562103,-33.015973],[150.562786,-33.015292],[150.563956,-33.015161],[150.565149,-33.015735],[150.56654,-33.019666],[150.567213,-33.020473],[150.567293,-33.02107],[150.566369,-33.023152],[150.566747,-33.0238],[150.568844,-33.02385],[150.569275,-33.024129],[150.570061,-33.025533],[150.570595,-33.025949],[150.572826,-33.026948],[150.573743,-33.027868],[150.574392,-33.028016],[150.575331,-33.027331],[150.574693,-33.026398],[150.574799,-33.025255],[150.576096,-33.024036],[150.576451,-33.023574],[150.576954,-33.021618],[150.577575,-33.020819],[150.579729,-33.020347],[150.580029,-33.019938],[150.579614,-33.019452],[150.577135,-33.018935],[150.576259,-33.018458],[150.575727,-33.016004],[150.576462,-33.015748],[150.578369,-33.016452],[150.580711,-33.016146],[150.581501,-33.015818],[150.581874,-33.014716],[150.581319,-33.012677],[150.580549,-33.011877],[150.579074,-33.011037],[150.578615,-33.01019],[150.578765,-33.009408],[150.579713,-33.008002],[150.580233,-33.007011],[150.580272,-33.005957],[150.579617,-33.004492],[150.579558,-33.003896],[150.579678,-33.001852],[150.579329,-33.000934],[150.57533,-33.001596],[150.574861,-33.001524],[150.574202,-33.000564],[150.574144,-32.999968],[150.574673,-32.998238],[150.575237,-32.995607],[150.576594,-32.994903],[150.576679,-32.994535],[150.575858,-32.994032],[150.574858,-32.994211],[150.57358,-32.993591],[150.572714,-32.992789],[150.572115,-32.991227],[150.572282,-32.98747],[150.571555,-32.986257],[150.569358,-32.983662],[150.568194,-32.983197],[150.567403,-32.982767],[150.566074,-32.980541],[150.566128,-32.980127],[150.568059,-32.979534],[150.568607,-32.979445],[150.56734,-32.974173],[150.567425,-32.97183],[150.568383,-32.970848],[150.570253,-32.969378],[150.570449,-32.968832],[150.57021,-32.968214],[150.568797,-32.967456],[150.567331,-32.965507],[150.567062,-32.964014],[150.566736,-32.96344],[150.563557,-32.961944],[150.563183,-32.96117],[150.56289,-32.957431],[150.564041,-32.952504],[150.56491,-32.952006],[150.565352,-32.951113],[150.564992,-32.949799],[150.564622,-32.949251],[150.564813,-32.948515],[150.566058,-32.947989],[150.566794,-32.947264],[150.567149,-32.944854],[150.565827,-32.943936],[150.564333,-32.944186],[150.560309,-32.943513],[150.559465,-32.943127],[150.55852,-32.940926],[150.558853,-32.939688],[150.559553,-32.93953],[150.55986,-32.936525],[150.56038,-32.935101],[150.56188,-32.934211],[150.562419,-32.933662],[150.562043,-32.933339],[150.559217,-32.933068],[150.555554,-32.932527],[150.553943,-32.932784],[150.551988,-32.932322],[150.55053,-32.931284],[150.549523,-32.930966],[150.548872,-32.93016],[150.549452,-32.926177],[150.545739,-32.922822],[150.545382,-32.922174],[150.545166,-32.921097],[150.543658,-32.917244],[150.54219,-32.91699],[150.541597,-32.916401],[150.543012,-32.914707],[150.543826,-32.914272],[150.544918,-32.91267],[150.54378,-32.908978],[150.54352,-32.907557],[150.543105,-32.907098],[150.541565,-32.906752],[150.540906,-32.907758],[150.540393,-32.907775],[150.539413,-32.906863],[150.53819,-32.906235],[150.536481,-32.90621],[150.535727,-32.906006],[150.534851,-32.905249],[150.533583,-32.90279],[150.532774,-32.902269],[150.532034,-32.901966],[150.530219,-32.902282],[150.529428,-32.902284],[150.528723,-32.901864],[150.528024,-32.900101],[150.525798,-32.897145],[150.525209,-32.895627],[150.524641,-32.895309],[150.522795,-32.895967],[150.522031,-32.895762],[150.520079,-32.894867],[150.519753,-32.894293],[150.520052,-32.893514],[150.520058,-32.89218],[150.520711,-32.891354],[150.523077,-32.890057],[150.526024,-32.883254],[150.527903,-32.882155],[150.529453,-32.882158],[150.532554,-32.881318],[150.533528,-32.879714],[150.535139,-32.879033],[150.536556,-32.874932],[150.537675,-32.874268],[150.53889,-32.87477],[150.540632,-32.874363],[150.542099,-32.872327],[150.542239,-32.869967],[150.542733,-32.869508],[150.543547,-32.869803],[150.545152,-32.869717],[150.546424,-32.86894],[150.545105,-32.864451],[150.544816,-32.86293],[150.545572,-32.861854],[150.54693,-32.861817],[150.54761,-32.86156],[150.547747,-32.86085],[150.547697,-32.859181],[150.547862,-32.857462],[150.547511,-32.857004],[150.545374,-32.856241],[150.544146,-32.85546],[150.543749,-32.853973],[150.544348,-32.851631],[150.544162,-32.849842],[150.542781,-32.846452],[150.541949,-32.844848],[150.542052,-32.844228],[150.543282,-32.843793],[150.543253,-32.842899],[150.542571,-32.842444],[150.540357,-32.841796],[150.539301,-32.839413],[150.539406,-32.838315],[150.540797,-32.837071],[150.54207,-32.83623],[150.541889,-32.834261],[150.541346,-32.83343],[150.540152,-32.833334],[150.539284,-32.833065],[150.538096,-32.830444],[150.536661,-32.830191],[150.536061,-32.829872],[150.535766,-32.827784],[150.53545,-32.827236],[150.534229,-32.827375],[150.530348,-32.823655],[150.530025,-32.822982],[150.53063,-32.821569],[150.530575,-32.821243],[150.529656,-32.821288],[150.529029,-32.821564],[150.525867,-32.817345],[150.525478,-32.816724],[150.525186,-32.814933],[150.52432,-32.814609],[150.522885,-32.81514],[150.522037,-32.815294],[150.518078,-32.814053],[150.517113,-32.811896],[150.516022,-32.811181],[150.514863,-32.810626],[150.512597,-32.806478],[150.510664,-32.805736],[150.50942,-32.8048],[150.508009,-32.804087],[150.506584,-32.801191],[150.506666,-32.79902],[150.50771,-32.796065],[150.508208,-32.791981],[150.506993,-32.788088],[150.50698,-32.7855],[150.507605,-32.784124],[150.507801,-32.780548],[150.507221,-32.775713],[150.510064,-32.764849],[150.508915,-32.760516],[150.509137,-32.758293],[150.511452,-32.75411],[150.513114,-32.749599],[150.511758,-32.749617],[150.511275,-32.750094],[150.509997,-32.750393],[150.508669,-32.74979],[150.507932,-32.749838],[150.507524,-32.750687],[150.506963,-32.750892],[150.504922,-32.752168],[150.503592,-32.752006],[150.501115,-32.752453],[150.500008,-32.753116],[150.497652,-32.753015],[150.495053,-32.753252],[150.493935,-32.753914],[150.490839,-32.752067],[150.491034,-32.751214],[150.491781,-32.750066],[150.491859,-32.749193],[150.491043,-32.748969],[150.48926,-32.749384],[150.48804,-32.749162],[150.486651,-32.747303],[150.485832,-32.746854],[150.485046,-32.746712],[150.482777,-32.747343],[150.481503,-32.747119],[150.479335,-32.746408],[150.478441,-32.746345],[150.476113,-32.747542],[150.47254,-32.750148],[150.471077,-32.75093],[150.471764,-32.751521],[150.471987,-32.752716],[150.471252,-32.753432],[150.47088,-32.754118],[150.470748,-32.755405],[150.469612,-32.756302],[150.469237,-32.757124],[150.469343,-32.758668],[150.468456,-32.760598],[150.46846,-32.76195],[150.470178,-32.764582],[150.469994,-32.765823],[150.470057,-32.767745],[150.469436,-32.768183],[150.46767,-32.768355],[150.465641,-32.769161],[150.465328,-32.770399],[150.462593,-32.772769],[150.461782,-32.772771],[150.460586,-32.772016],[150.459177,-32.772042],[150.458155,-32.773833],[150.457555,-32.773902],[150.456523,-32.773034],[150.455628,-32.772971],[150.454899,-32.773452],[150.452619,-32.774055],[150.451974,-32.773852],[150.449819,-32.77159],[150.448714,-32.771405],[150.447978,-32.771751],[150.446545,-32.771478],[150.445625,-32.771937],[150.445114,-32.772648],[150.444002,-32.772698],[150.442718,-32.772058],[150.441499,-32.771033],[150.440465,-32.770984],[150.439548,-32.771705],[150.438524,-32.772072],[150.434676,-32.772264],[150.433675,-32.772928],[150.432238,-32.7728],[150.430714,-32.773075],[150.429017,-32.774203],[150.428607,-32.775097],[150.428231,-32.77701],[150.427691,-32.77763],[150.427267,-32.777882],[150.427271,-32.779235],[150.42632,-32.780361],[150.425217,-32.78197],[150.424432,-32.783649],[150.423891,-32.784287],[150.421514,-32.785284],[150.420561,-32.786112],[150.418534,-32.786828],[150.416009,-32.78738],[150.415173,-32.788228],[150.41461,-32.788505],[150.414039,-32.788322],[150.413354,-32.78764],[150.41279,-32.787575],[150.412083,-32.788056],[150.410958,-32.790395],[150.410332,-32.790995],[150.407729,-32.79132],[150.405857,-32.790686],[150.404856,-32.791351],[150.404588,-32.792842],[150.40356,-32.794426],[150.403322,-32.796008],[150.403084,-32.79649],[150.401591,-32.79718],[150.40103,-32.798467],[150.399996,-32.79987],[150.400595,-32.800559],[150.40084,-32.801339],[150.400338,-32.80315],[150.400632,-32.804437],[150.399854,-32.804754],[150.399524,-32.805081],[150.399335,-32.806087],[150.398686,-32.807101],[150.397935,-32.807951],[150.397522,-32.807835],[150.39674,-32.807926],[150.396336,-32.808594],[150.395357,-32.808853],[150.394214,-32.808487],[150.393215,-32.808692],[150.391995,-32.809523],[150.389827,-32.810262],[150.388289,-32.811393],[150.384575,-32.812407],[150.383496,-32.813168],[150.382168,-32.814773],[150.380731,-32.815329],[150.380112,-32.815695],[150.379027,-32.816979],[150.377644,-32.817906],[150.377267,-32.819115],[150.37603,-32.819784],[150.37581,-32.820356],[150.375597,-32.823598],[150.37468,-32.824651],[150.374679,-32.826121],[150.377217,-32.829898],[150.37785,-32.831967],[150.380867,-32.834708],[150.381353,-32.836315],[150.382579,-32.838216]]]},"properties":{"OBJECTID":2846,"FireType":1,"FireName":"","FireNo":"","FireYear":198081,"Label":"1980-81 Wildfire","StartDate":null,"EndDate":null,"Intensity":null,"AreaHa":27861.14894692,"PerimeterM":106692.09965995,"OFHObjMet":null,"ObjNotMet":null,"NPWSBranch":"BMTN","NPWSArea":"MUDG","VerDate":1788739200000,"Shape.STArea()":0.026847622762846125,"Shape.STLength()":1.0409653296916166}},{"type":"Feature","id":2851,"geometry":{"type":"Polygon","coordinates":[[[150.541755,-32.906062],[150.542323,-32.905992],[150.542919,-32.905724],[150.544716,-32.905678],[150.547045,-32.907654],[150.54726,-32.907991],[150.546466,-32.912367],[150.545752,-32.913444],[150.544633,-32.915622],[150.544639,-32.9162],[150.546616,-32.917366],[150.547209,-32.917963],[150.548834,-32.922233],[150.551627,-32.924461],[150.552137,-32.92613],[150.552109,-32.928312],[150.552214,-32.929549],[150.552837,-32.930238],[150.555826,-32.930792],[150.557642,-32.931621],[150.558868,-32.931366],[150.563023,-32.932312],[150.564055,-32.932892],[150.564139,-32.933344],[150.562636,-32.935912],[150.561425,-32.940288],[150.561508,-32.941156],[150.56371,-32.942353],[150.565393,-32.942214],[150.568711,-32.942865],[150.569606,-32.943784],[150.570358,-32.945981],[150.569816,-32.947449],[150.56668,-32.952212],[150.56558,-32.957592],[150.566599,-32.960993],[150.56723,-32.961402],[150.572,-32.966888],[150.571833,-32.969869],[150.569596,-32.972242],[150.56927,-32.972822],[150.569134,-32.974289],[150.569512,-32.976875],[150.570571,-32.97768],[150.571736,-32.978091],[150.574405,-32.975167],[150.575555,-32.971844],[150.576402,-32.970607],[150.57871,-32.969534],[150.580125,-32.967469],[150.581925,-32.96736],[150.583228,-32.96899],[150.584366,-32.970022],[150.585475,-32.970134],[150.58635,-32.969447],[150.58758,-32.966315],[150.588909,-32.965421],[150.590004,-32.96528],[150.593182,-32.962464],[150.59746,-32.959743],[150.60031,-32.95876],[150.602322,-32.957942],[150.603576,-32.956244],[150.604425,-32.952951],[150.605921,-32.951005],[150.607416,-32.950682],[150.612176,-32.94906],[150.614464,-32.947913],[150.615121,-32.946546],[150.614953,-32.945218],[150.614279,-32.944826],[150.613351,-32.944754],[150.612943,-32.944016],[150.61303,-32.94317],[150.614065,-32.941657],[150.614393,-32.939418],[150.61399,-32.938472],[150.613004,-32.938958],[150.611511,-32.940418],[150.610473,-32.941218],[150.609061,-32.941651],[150.608275,-32.942637],[150.607294,-32.944909],[150.607052,-32.945139],[150.601964,-32.947034],[150.600409,-32.947996],[150.59845,-32.94886],[150.597258,-32.948629],[150.596278,-32.948881],[150.595085,-32.948326],[150.591964,-32.944704],[150.592073,-32.943444],[150.593571,-32.941038],[150.596299,-32.940198],[150.59776,-32.940361],[150.600205,-32.940913],[150.602274,-32.940295],[150.602976,-32.939677],[150.603065,-32.938741],[150.601268,-32.937958],[150.599588,-32.937998],[150.599288,-32.936856],[150.60032,-32.93546],[150.600411,-32.93447],[150.597632,-32.934399],[150.594321,-32.935859],[150.593717,-32.935261],[150.594593,-32.934097],[150.596222,-32.933163],[150.596776,-32.931668],[150.596423,-32.929308],[150.595227,-32.928049],[150.593138,-32.927423],[150.592056,-32.926329],[150.589722,-32.92366],[150.589012,-32.923457],[150.588249,-32.923595],[150.586468,-32.922236],[150.585701,-32.920174],[150.585086,-32.919188],[150.58378,-32.918478],[150.581857,-32.916826],[150.580172,-32.913953],[150.579174,-32.913294],[150.577302,-32.912554],[150.574947,-32.907964],[150.574587,-32.907461],[150.57348,-32.906889],[150.566382,-32.895164],[150.564219,-32.891407],[150.56129,-32.889501],[150.560453,-32.889223],[150.559067,-32.889494],[150.557844,-32.890047],[150.557052,-32.890086],[150.555209,-32.889076],[150.552443,-32.889004],[150.551436,-32.88948],[150.550756,-32.890495],[150.550102,-32.890969],[150.549354,-32.894453],[150.547826,-32.897543],[150.544046,-32.902446],[150.5423,-32.904503],[150.541755,-32.906062]]]},"properties":{"OBJECTID":2851,"FireType":1,"FireName":"","FireNo":"","FireYear":198081,"Label":"1980-81 Wildfire","StartDate":null,"EndDate":null,"Intensity":null,"AreaHa":2620.5301609,"PerimeterM":33174.2302794,"OFHObjMet":null,"ObjNotMet":null,"NPWSBranch":"BMTN","NPWSArea":"WOYE","VerDate":1788739200000,"Shape.STArea()":0.0025264880948881255,"Shape.STLength()":0.32307537597791713}},{"type":"Feature","id":2957,"geometry":{"type":"Polygon","coordinates":[[[150.6657,-32.998396],[150.665776,-32.999597],[150.66653,-33.000215],[150.667404,-33.000339],[150.668305,-33.000275],[150.668982,-33.000576],[150.66938,-33.001287],[150.669052,-33.001975],[150.668227,-33.002411],[150.668164,-33.0036],[150.666875,-33.004189],[150.664806,-33.004312],[150.664042,-33.004055],[150.662911,-33.003105],[150.661826,-33.002868],[150.660328,-33.002858],[150.660017,-33.003294],[150.660234,-33.00401],[150.660333,-33.004698],[150.660956,-33.005845],[150.661572,-33.006407],[150.66307,-33.00685],[150.663931,-33.007452],[150.662974,-33.008038],[150.662322,-33.008017],[150.661335,-33.008495],[150.660425,-33.009334],[150.659007,-33.009506],[150.658274,-33.009321],[150.657903,-33.008791],[150.6569,-33.008258],[150.656004,-33.00816],[150.654828,-33.008517],[150.655845,-33.01052],[150.656572,-33.010939],[150.658335,-33.011477],[150.660516,-33.011536],[150.660896,-33.011769],[150.661326,-33.01248],[150.661045,-33.013007],[150.659793,-33.013389],[150.658654,-33.013178],[150.657751,-33.013306],[150.656798,-33.012909],[150.654645,-33.012995],[150.653327,-33.013854],[150.652586,-33.014742],[150.652573,-33.015643],[150.653224,-33.016512],[150.654014,-33.017023],[150.655363,-33.018202],[150.655469,-33.018637],[150.654881,-33.01942],[150.654173,-33.019505],[150.653202,-33.018558],[150.652447,-33.017976],[150.651662,-33.0177],[150.650598,-33.017878],[150.649593,-33.017841],[150.645133,-33.016901],[150.64399,-33.016843],[150.642781,-33.017199],[150.642532,-33.018123],[150.642251,-33.018622],[150.642327,-33.019381],[150.643712,-33.02003],[150.644606,-33.020218],[150.646707,-33.020095],[150.649132,-33.020294],[150.650028,-33.020789],[150.650563,-33.02162],[150.650416,-33.022302],[150.649759,-33.022461],[150.648948,-33.022365],[150.647864,-33.021668],[150.64716,-33.021574],[150.646439,-33.022119],[150.645351,-33.022387],[150.644095,-33.02212],[150.642663,-33.021245],[150.640696,-33.022353],[150.640142,-33.023064],[150.638975,-33.025486],[150.637959,-33.025845],[150.637493,-33.026459],[150.637534,-33.027334],[150.638597,-33.028003],[150.641203,-33.028233],[150.643744,-33.028083],[150.645866,-33.028402],[150.646764,-33.028816],[150.647542,-33.029768],[150.647344,-33.03036],[150.646499,-33.030335],[150.6456,-33.029939],[150.644838,-33.029997],[150.644345,-33.03043],[150.64412,-33.031255],[150.643597,-33.031579],[150.642654,-33.031227],[150.641947,-33.030438],[150.640977,-33.029879],[150.640101,-33.029808],[150.638542,-33.030067],[150.637573,-33.02949],[150.635239,-33.02867],[150.634419,-33.028916],[150.634034,-33.029333],[150.634067,-33.031669],[150.634863,-33.033145],[150.637296,-33.035851],[150.637616,-33.036677],[150.636697,-33.038617],[150.635315,-33.040655],[150.635011,-33.041227],[150.63503,-33.04212],[150.634521,-33.043129],[150.633433,-33.043785],[150.632426,-33.045795],[150.632502,-33.046553],[150.633387,-33.048283],[150.634086,-33.049],[150.634331,-33.049041],[150.635374,-33.048069],[150.636115,-33.047975],[150.637442,-33.048396],[150.639356,-33.050894],[150.639374,-33.052247],[150.639766,-33.053192],[150.641018,-33.054028],[150.641782,-33.053889],[150.642936,-33.053189],[150.64391,-33.050367],[150.644141,-33.046927],[150.644627,-33.046386],[150.646958,-33.045276],[150.648005,-33.044178],[150.648202,-33.043199],[150.646873,-33.042425],[150.644346,-33.042071],[150.643327,-33.040501],[150.643143,-33.039785],[150.643562,-33.03853],[150.644466,-33.037961],[150.645474,-33.037872],[150.646616,-33.038822],[150.649141,-33.039303],[150.650069,-33.039005],[150.650736,-33.03807],[150.650616,-33.036553],[150.650227,-33.034283],[150.650979,-33.032565],[150.652917,-33.03134],[150.653576,-33.034346],[150.654441,-33.034425],[150.65555,-33.033355],[150.65659,-33.032924],[150.657439,-33.031984],[150.658246,-33.030592],[150.659012,-33.029588],[150.661522,-33.026947],[150.664006,-33.022873],[150.668172,-33.019939],[150.66838,-33.01896],[150.667814,-33.018084],[150.667862,-33.015876],[150.668322,-33.01547],[150.669872,-33.01594],[150.671035,-33.017711],[150.671129,-33.019039],[150.670605,-33.019822],[150.669634,-33.020913],[150.669347,-33.022883],[150.670019,-33.024609],[150.669735,-33.02482],[150.667757,-33.024323],[150.666387,-33.025118],[150.665146,-33.026736],[150.664971,-33.027283],[150.665842,-33.027939],[150.666024,-33.02833],[150.665309,-33.029056],[150.664167,-33.029324],[150.662294,-33.030966],[150.662215,-33.031514],[150.665468,-33.033604],[150.66598,-33.034082],[150.665781,-33.034701],[150.664827,-33.034746],[150.663733,-33.034437],[150.662406,-33.033601],[150.661863,-33.033482],[150.658288,-33.03429],[150.657186,-33.035451],[150.657046,-33.036296],[150.657959,-33.037386],[150.660548,-33.037858],[150.662606,-33.038979],[150.662659,-33.039431],[150.661861,-33.039632],[150.66017,-33.0396],[150.659648,-33.04033],[150.659611,-33.041339],[150.659986,-33.042104],[150.660585,-33.042954],[150.662442,-33.044801],[150.663555,-33.0452],[150.664785,-33.045278],[150.66887,-33.047879],[150.669796,-33.048113],[150.671315,-33.048971],[150.673569,-33.049581],[150.675268,-33.0489],[150.677077,-33.047266],[150.678532,-33.046517],[150.678919,-33.045641],[150.679637,-33.045194],[150.68,-33.044434],[150.68107,-33.043643],[150.682028,-33.042615],[150.681982,-33.041514],[150.682703,-33.040553],[150.683095,-33.039478],[150.683111,-33.038054],[150.6822,-33.036468],[150.68114,-33.035222],[150.680957,-33.034479],[150.681628,-33.033364],[150.682812,-33.031881],[150.683059,-33.031056],[150.68207,-33.028756],[150.682357,-33.028022],[150.682823,-33.027814],[150.684477,-33.028007],[150.684891,-33.02732],[150.684931,-33.026203],[150.684256,-33.025388],[150.683662,-33.024376],[150.683864,-33.023622],[150.684938,-33.022253],[150.686089,-33.022031],[150.687635,-33.022249],[150.688345,-33.022136],[150.688951,-33.021471],[150.688153,-33.019653],[150.687453,-33.018991],[150.686522,-33.018982],[150.686555,-33.017721],[150.687029,-33.016783],[150.686873,-33.016203],[150.686138,-33.016045],[150.685791,-33.015398],[150.685662,-33.014593],[150.687223,-33.013847],[150.688906,-33.014157],[150.689891,-33.01414],[150.690379,-33.013914],[150.689684,-33.012666],[150.689316,-33.011559],[150.689675,-33.010943],[150.690707,-33.010358],[150.691665,-33.01016],[150.69303,-33.010347],[150.69368,-33.010035],[150.693995,-33.009021],[150.69417,-33.00723],[150.693746,-33.006267],[150.693014,-33.006037],[150.6916,-33.006074],[150.690267,-33.00549],[150.691397,-33.00442],[150.6908,-33.003904],[150.691353,-33.002814],[150.694551,-32.998355],[150.695083,-32.993973],[150.694053,-32.990348],[150.700849,-32.98866],[150.696464,-32.984071],[150.685213,-32.983863],[150.679494,-32.987363],[150.672735,-32.987238],[150.667015,-32.990747],[150.6657,-32.998396]]]},"properties":{"OBJECTID":2957,"FireType":1,"FireName":"","FireNo":"","FireYear":198283,"Label":"1982-83 Wildfire","StartDate":null,"EndDate":null,"Intensity":null,"AreaHa":2140.70916593,"PerimeterM":44191.39040431,"OFHObjMet":null,"ObjNotMet":null,"NPWSBranch":"BMTN","NPWSArea":"WOYE","VerDate":1788739200000,"Shape.STArea()":0.002065873667003868,"Shape.STLength()":0.4367563404338179}},{"type":"Feature","id":3249,"geometry":{"type":"Polygon","coordinates":[[[150.501388,-32.941915],[150.500821,-32.941552],[150.500201,-32.941918],[150.49955,-32.94186],[150.498238,-32.941013],[150.497794,-32.940815],[150.496878,-32.941076],[150.496082,-32.942756],[150.496549,-32.943622],[150.497236,-32.944303],[150.501284,-32.947512],[150.502443,-32.948149],[150.504762,-32.950089],[150.505955,-32.951402],[150.505436,-32.951996],[150.504517,-32.951968],[150.503104,-32.952779],[150.501195,-32.954102],[150.500493,-32.954701],[150.499674,-32.95455],[150.49822,-32.953024],[150.496337,-32.951913],[150.494435,-32.951857],[150.492276,-32.952949],[150.491949,-32.953547],[150.493026,-32.957437],[150.494967,-32.959144],[150.498377,-32.960357],[150.502319,-32.96279],[150.502694,-32.963915],[150.503379,-32.965038],[150.504189,-32.965154],[150.50463,-32.964306],[150.504569,-32.963024],[150.504928,-32.962058],[150.505824,-32.961399],[150.506746,-32.961327],[150.507508,-32.961992],[150.508051,-32.963599],[150.508839,-32.966022],[150.509198,-32.968085],[150.508378,-32.969096],[150.50833,-32.969673],[150.509087,-32.970517],[150.509173,-32.971619],[150.508301,-32.972584],[150.508,-32.973038],[150.508166,-32.973592],[150.509143,-32.974233],[150.50977,-32.975148],[150.508053,-32.976845],[150.507679,-32.976819],[150.506287,-32.975376],[150.505743,-32.975311],[150.504954,-32.975583],[150.504548,-32.976729],[150.504581,-32.977812],[150.503871,-32.978339],[150.500943,-32.979732],[150.500265,-32.980269],[150.500351,-32.981001],[150.500906,-32.981436],[150.501661,-32.981216],[150.501803,-32.980723],[150.504061,-32.979939],[150.505664,-32.979249],[150.506319,-32.979533],[150.506753,-32.98047],[150.506178,-32.981893],[150.502645,-32.984644],[150.502428,-32.985515],[150.502704,-32.985953],[150.503765,-32.985902],[150.506783,-32.984366],[150.509071,-32.982897],[150.509967,-32.983357],[150.511677,-32.98496],[150.512903,-32.984705],[150.513094,-32.984023],[150.511485,-32.980745],[150.511762,-32.980399],[150.513252,-32.980672],[150.514316,-32.980513],[150.51442,-32.979848],[150.513224,-32.977462],[150.513389,-32.976545],[150.514181,-32.976137],[150.516051,-32.976228],[150.518578,-32.97728],[150.520924,-32.977579],[150.522662,-32.977],[150.522744,-32.97638],[150.522254,-32.975531],[150.520109,-32.974208],[150.518014,-32.971822],[150.517874,-32.971477],[150.519668,-32.971594],[150.522059,-32.971407],[150.523013,-32.970948],[150.523231,-32.969663],[150.523805,-32.969025],[150.525131,-32.969024],[150.525863,-32.96847],[150.525431,-32.967118],[150.525214,-32.966068],[150.525322,-32.965268],[150.526028,-32.964488],[150.526242,-32.964096],[150.526194,-32.962742],[150.525507,-32.960537],[150.526082,-32.960269],[150.526847,-32.960429],[150.52752,-32.960081],[150.528037,-32.959965],[150.529013,-32.960634],[150.529347,-32.961705],[150.528831,-32.962948],[150.529293,-32.964003],[150.52878,-32.965535],[150.529267,-32.96687],[150.528637,-32.967597],[150.528669,-32.968382],[150.529487,-32.968957],[150.529782,-32.969504],[150.529624,-32.969798],[150.528505,-32.970029],[150.52685,-32.972214],[150.526283,-32.974529],[150.526654,-32.974636],[150.528642,-32.973539],[150.530544,-32.973243],[150.531146,-32.973904],[150.530383,-32.974818],[150.527666,-32.975188],[150.526713,-32.975971],[150.526305,-32.97948],[150.527076,-32.98138],[150.528321,-32.982775],[150.530713,-32.984085],[150.531449,-32.984171],[150.532163,-32.983509],[150.533275,-32.983116],[150.533877,-32.983417],[150.533955,-32.984059],[150.533299,-32.984569],[150.532973,-32.985527],[150.533978,-32.987107],[150.534637,-32.987246],[150.53532,-32.987683],[150.536572,-32.990016],[150.537576,-32.990848],[150.53809,-32.98965],[150.538369,-32.989258],[150.538985,-32.989424],[150.539564,-32.99013],[150.539094,-32.990869],[150.539183,-32.991898],[150.540215,-32.993271],[150.541987,-32.99419],[150.543341,-32.993982],[150.543865,-32.994001],[150.54588,-32.995448],[150.548294,-32.99673],[150.55018,-32.995884],[150.550768,-32.994714],[150.552189,-32.994435],[150.553196,-32.99515],[150.551974,-32.997551],[150.552218,-32.998422],[150.551057,-32.99976],[150.551125,-33.000772],[150.551691,-33.001594],[150.55223,-33.002606],[150.552167,-33.00375],[150.551934,-33.005188],[150.552686,-33.005852],[150.552459,-33.006722],[150.552695,-33.007845],[150.553719,-33.008766],[150.555427,-33.009675],[150.55613,-33.010572],[150.556399,-33.011695],[150.556927,-33.012725],[150.558143,-33.01365],[150.559528,-33.014272],[150.561054,-33.015204],[150.561948,-33.015393],[150.563313,-33.015194],[150.564566,-33.015155],[150.565435,-33.015479],[150.565978,-33.016355],[150.566432,-33.017365],[150.566897,-33.01952],[150.567644,-33.021149],[150.567253,-33.022151],[150.566758,-33.023034],[150.567075,-33.023545],[150.569012,-33.023556],[150.569507,-33.023881],[150.569934,-33.024683],[150.570659,-33.025581],[150.571476,-33.026228],[150.572783,-33.026578],[150.574133,-33.027686],[150.574904,-33.027304],[150.57474,-33.026634],[150.574619,-33.025603],[150.575773,-33.024084],[150.576494,-33.023566],[150.576932,-33.022808],[150.577471,-33.021096],[150.578101,-33.020784],[150.578919,-33.020628],[150.579904,-33.020197],[150.579657,-33.019831],[150.5786,-33.019739],[150.577461,-33.019518],[150.576337,-33.019514],[150.575938,-33.018848],[150.57566,-33.01612],[150.576531,-33.015965],[150.577846,-33.016027],[150.578842,-33.016786],[150.579935,-33.016726],[150.581273,-33.016346],[150.581855,-33.015798],[150.581891,-33.014861],[150.581008,-33.012707],[150.5802,-33.012105],[150.578952,-33.011576],[150.57841,-33.011042],[150.578286,-33.010102],[150.578533,-33.009305],[150.579889,-33.00705],[150.579948,-33.006474],[150.579242,-33.003728],[150.579417,-33.002018],[150.578716,-33.001418],[150.577573,-33.00173],[150.575221,-33.002036],[150.574353,-33.001685],[150.573894,-33.000883],[150.573769,-32.999988],[150.574358,-32.998385],[150.574383,-32.997475],[150.574852,-32.996366],[150.576263,-32.995266],[150.576507,-32.994558],[150.575497,-32.994304],[150.575068,-32.994332],[150.57382,-32.995381],[150.573058,-32.995456],[150.572398,-32.994947],[150.572619,-32.994312],[150.573108,-32.993618],[150.571855,-32.991718],[150.571366,-32.990049],[150.571826,-32.988489],[150.571445,-32.987544],[150.570297,-32.987269],[150.569837,-32.986881],[150.570269,-32.986331],[150.571109,-32.986518],[150.571468,-32.986309],[150.568992,-32.984151],[150.566859,-32.981936],[150.56675,-32.981249],[150.565751,-32.980607],[150.565369,-32.980095],[150.565744,-32.979705],[150.56635,-32.979843],[150.568409,-32.980028],[150.568901,-32.979659],[150.568902,-32.978838],[150.566935,-32.97604],[150.566663,-32.974665],[150.567536,-32.972878],[150.56802,-32.970444],[150.569439,-32.96939],[150.569955,-32.968516],[150.569375,-32.967828],[150.568372,-32.967737],[150.566638,-32.967784],[150.564943,-32.966804],[150.563151,-32.966616],[150.561328,-32.966003],[150.559346,-32.964143],[150.557468,-32.963619],[150.555615,-32.963709],[150.549801,-32.965462],[150.548405,-32.965254],[150.54836,-32.964586],[150.549255,-32.963927],[150.551371,-32.963599],[150.552351,-32.96296],[150.553362,-32.962773],[150.554205,-32.962086],[150.555615,-32.961744],[150.556243,-32.96071],[150.555586,-32.960093],[150.553768,-32.960066],[150.552267,-32.959424],[150.551236,-32.959566],[150.550125,-32.96032],[150.54781,-32.961239],[150.545882,-32.962112],[150.545141,-32.961836],[150.545145,-32.961313],[150.546256,-32.960604],[150.547912,-32.959113],[150.548158,-32.957549],[150.547639,-32.95661],[150.546853,-32.956405],[150.544325,-32.95769],[150.543266,-32.957326],[150.542233,-32.957532],[150.541389,-32.958651],[150.537879,-32.960259],[150.537227,-32.95948],[150.538149,-32.958632],[150.538561,-32.958063],[150.538265,-32.957147],[150.538643,-32.956271],[150.539625,-32.955929],[150.541987,-32.955624],[150.545522,-32.954269],[150.547369,-32.952826],[150.547776,-32.951662],[150.546824,-32.951247],[150.544643,-32.952006],[150.541191,-32.952696],[150.539344,-32.95256],[150.538069,-32.95304],[150.537694,-32.954232],[150.536597,-32.95522],[150.535809,-32.955079],[150.535572,-32.954389],[150.536787,-32.9526],[150.536322,-32.951617],[150.530126,-32.951368],[150.526697,-32.949326],[150.525695,-32.947656],[150.525669,-32.946285],[150.526857,-32.946254],[150.529501,-32.947335],[150.53187,-32.947886],[150.533845,-32.94724],[150.534395,-32.946322],[150.53393,-32.945339],[150.532273,-32.944946],[150.528465,-32.94497],[150.527487,-32.943625],[150.528107,-32.942086],[150.527591,-32.94103],[150.52607,-32.940342],[150.525884,-32.939355],[150.524846,-32.938992],[150.52096,-32.939519],[150.518724,-32.938789],[150.518126,-32.938011],[150.517963,-32.93505],[150.515787,-32.934457],[150.513644,-32.935009],[150.511307,-32.93636],[150.510761,-32.936404],[150.510546,-32.936039],[150.512094,-32.93423],[150.513911,-32.933121],[150.514974,-32.931799],[150.514572,-32.93051],[150.513855,-32.930532],[150.51218,-32.931545],[150.511246,-32.931661],[150.510816,-32.930625],[150.511305,-32.929958],[150.511435,-32.929501],[150.511191,-32.929072],[150.507794,-32.92932],[150.506875,-32.930059],[150.506661,-32.931615],[150.505892,-32.93196],[150.506143,-32.934066],[150.507859,-32.936174],[150.506361,-32.941149],[150.504516,-32.941725],[150.503208,-32.942231],[150.501388,-32.941915]]]},"properties":{"OBJECTID":3249,"FireType":1,"FireName":"","FireNo":"","FireYear":198485,"Label":"1984-85 Wildfire","StartDate":null,"EndDate":null,"Intensity":null,"AreaHa":3116.87479158,"PerimeterM":58303.81445212,"OFHObjMet":null,"ObjNotMet":null,"NPWSBranch":"BMTN","NPWSArea":"MUDG","VerDate":1788739200000,"Shape.STArea()":0.0030064683149164033,"Shape.STLength()":0.5752061183571868}},{"type":"Feature","id":3252,"geometry":{"type":"Polygon","coordinates":[[[150.569131,-32.96345],[150.568204,-32.964487],[150.568318,-32.965427],[150.569266,-32.967141],[150.570742,-32.967918],[150.571226,-32.968586],[150.570848,-32.969507],[150.571581,-32.970071],[150.571914,-32.970808],[150.571836,-32.971339],[150.569761,-32.972092],[150.56922,-32.972695],[150.568868,-32.973445],[150.569007,-32.975396],[150.570044,-32.977363],[150.570178,-32.978746],[150.56937,-32.980506],[150.569012,-32.981843],[150.570649,-32.983399],[150.57304,-32.984013],[150.574484,-32.98323],[150.574725,-32.981855],[150.57644,-32.979796],[150.579322,-32.977679],[150.579694,-32.976189],[150.57847,-32.97401],[150.577458,-32.971908],[150.577245,-32.970299],[150.578687,-32.969569],[150.579412,-32.96888],[150.580121,-32.967613],[150.582705,-32.966212],[150.583872,-32.964999],[150.583955,-32.963513],[150.582888,-32.962248],[150.58156,-32.959932],[150.581259,-32.95842],[150.582861,-32.957324],[150.58354,-32.955579],[150.583181,-32.954616],[150.581027,-32.953609],[150.576496,-32.955812],[150.575844,-32.95698],[150.574918,-32.957972],[150.573472,-32.958449],[150.571706,-32.959253],[150.570294,-32.960443],[150.569731,-32.962263],[150.569131,-32.96345]]]},"properties":{"OBJECTID":3252,"FireType":1,"FireName":"","FireNo":"","FireYear":198485,"Label":"1984-85 Wildfire","StartDate":null,"EndDate":null,"Intensity":null,"AreaHa":278.85509171,"PerimeterM":8743.29506523,"OFHObjMet":null,"ObjNotMet":null,"NPWSBranch":"BMTN","NPWSArea":"WOYE","VerDate":1788739200000,"Shape.STArea()":0.0002689560194555742,"Shape.STLength()":0.08434488072417524}},{"type":"Feature","id":3253,"geometry":{"type":"Polygon","coordinates":[[[150.574766,-32.943957],[150.573491,-32.944049],[150.571288,-32.945224],[150.570391,-32.946369],[150.570773,-32.94726],[150.572461,-32.947311],[150.573171,-32.94756],[150.573764,-32.948545],[150.573359,-32.949276],[150.571893,-32.949717],[150.571779,-32.950355],[150.572709,-32.951554],[150.573802,-32.952648],[150.57538,-32.95359],[150.577355,-32.952943],[150.579262,-32.951267],[150.582791,-32.948927],[150.586084,-32.947368],[150.58934,-32.946791],[150.593861,-32.94612],[150.596109,-32.945253],[150.596492,-32.944539],[150.596088,-32.943666],[150.594533,-32.943022],[150.593256,-32.941997],[150.591867,-32.940392],[150.590744,-32.939595],[150.58942,-32.939542],[150.587999,-32.940254],[150.586154,-32.940462],[150.583682,-32.939738],[150.579465,-32.937537],[150.577835,-32.938498],[150.577313,-32.939191],[150.577402,-32.939878],[150.578655,-32.940561],[150.578674,-32.941436],[150.579609,-32.942076],[150.580745,-32.943541],[150.581647,-32.944983],[150.579802,-32.945191],[150.578249,-32.944466],[150.574766,-32.943957]]]},"properties":{"OBJECTID":3253,"FireType":1,"FireName":"","FireNo":"","FireYear":198485,"Label":"1984-85 Wildfire","StartDate":null,"EndDate":null,"Intensity":null,"AreaHa":190.37758399,"PerimeterM":7763.12020034,"OFHObjMet":null,"ObjNotMet":null,"NPWSBranch":"BMTN","NPWSArea":"WOYE","VerDate":1788739200000,"Shape.STArea()":0.0001835727758764536,"Shape.STLength()":0.07871856013800439}},{"type":"Feature","id":3254,"geometry":{"type":"Polygon","coordinates":[[[150.573721,-32.955974],[150.573253,-32.955514],[150.572799,-32.955289],[150.572337,-32.955379],[150.571921,-32.956093],[150.572145,-32.95689],[150.572774,-32.957371],[150.573965,-32.957629],[150.574457,-32.957233],[150.574181,-32.956389],[150.573721,-32.955974]]]},"properties":{"OBJECTID":3254,"FireType":1,"FireName":"","FireNo":"","FireYear":198485,"Label":"1984-85 Wildfire","StartDate":null,"EndDate":null,"Intensity":null,"AreaHa":3.95424189,"PerimeterM":757.89198382,"OFHObjMet":null,"ObjNotMet":null,"NPWSBranch":"BMTN","NPWSArea":"WOYE","VerDate":1788739200000,"Shape.STArea()":3.813379747347833e-06,"Shape.STLength()":0.0074371408411542245}},{"type":"Feature","id":3356,"geometry":{"type":"Polygon","coordinates":[[[150.571947,-32.979772],[150.570425,-32.979887],[150.568375,-32.980505],[150.567525,-32.981065],[150.567638,-32.981636],[150.569071,-32.98243],[150.570963,-32.98446],[150.571486,-32.985281],[150.572038,-32.985824],[150.572557,-32.985636],[150.572799,-32.98537],[150.573898,-32.983128],[150.574147,-32.981862],[150.573849,-32.981035],[150.573533,-32.98047],[150.572427,-32.979835],[150.571947,-32.979772]]]},"properties":{"OBJECTID":3356,"FireType":1,"FireName":"","FireNo":"","FireYear":198586,"Label":"1985-86 Wildfire","StartDate":null,"EndDate":null,"Intensity":null,"AreaHa":23.99109649,"PerimeterM":1978.29525416,"OFHObjMet":null,"ObjNotMet":null,"NPWSBranch":"BMTN","NPWSArea":"WOYE","VerDate":1788739200000,"Shape.STArea()":2.3143063036439744e-05,"Shape.STLength()":0.019419834291327234}},{"type":"Feature","id":3357,"geometry":{"type":"Polygon","coordinates":[[[150.587692,-32.972431],[150.587547,-32.972248],[150.586874,-32.971793],[150.58628,-32.97161],[150.58397,-32.971223],[150.583589,-32.971459],[150.583617,-32.972388],[150.583516,-32.97336],[150.583387,-32.973763],[150.582572,-32.975019],[150.582107,-32.975578],[150.581957,-32.975981],[150.582188,-32.976526],[150.582723,-32.976906],[150.583638,-32.977113],[150.58438,-32.976974],[150.58563,-32.976629],[150.587648,-32.975613],[150.588608,-32.975298],[150.589334,-32.974572],[150.589523,-32.973521],[150.589108,-32.973044],[150.588175,-32.972765],[150.587692,-32.972431]]]},"properties":{"OBJECTID":3357,"FireType":1,"FireName":"","FireNo":"","FireYear":198586,"Label":"1985-86 Wildfire","StartDate":null,"EndDate":null,"Intensity":null,"AreaHa":28.67243597,"PerimeterM":2136.19094709,"OFHObjMet":null,"ObjNotMet":null,"NPWSBranch":"BMTN","NPWSArea":"WOYE","VerDate":1788739200000,"Shape.STArea()":2.765648694687453e-05,"Shape.STLength()":0.02124521321731355}},{"type":"Feature","id":3358,"geometry":{"type":"Polygon","coordinates":[[[150.605446,-32.92976],[150.604259,-32.929359],[150.602782,-32.929006],[150.602169,-32.929148],[150.597775,-32.931119],[150.596121,-32.93216],[150.594874,-32.933191],[150.593892,-32.934327],[150.593288,-32.935695],[150.592839,-32.936497],[150.593044,-32.937583],[150.59283,-32.9384],[150.592878,-32.939384],[150.593177,-32.940589],[150.593874,-32.941287],[150.594762,-32.941296],[150.59511,-32.941077],[150.595779,-32.940837],[150.599114,-32.940901],[150.599763,-32.940634],[150.600294,-32.940762],[150.601239,-32.941429],[150.602089,-32.941608],[150.603537,-32.941446],[150.605551,-32.940917],[150.607268,-32.939904],[150.610162,-32.938886],[150.610718,-32.938464],[150.610986,-32.937639],[150.611659,-32.936877],[150.611873,-32.936466],[150.6118,-32.936014],[150.611454,-32.935773],[150.610724,-32.935452],[150.610485,-32.935204],[150.610881,-32.933625],[150.610662,-32.932989],[150.60993,-32.932407],[150.608899,-32.931756],[150.607562,-32.930576],[150.606613,-32.930098],[150.605446,-32.92976]]]},"properties":{"OBJECTID":3358,"FireType":1,"FireName":"","FireNo":"","FireYear":198586,"Label":"1985-86 Wildfire","StartDate":null,"EndDate":null,"Intensity":null,"AreaHa":178.65228862,"PerimeterM":5158.37204672,"OFHObjMet":null,"ObjNotMet":null,"NPWSBranch":"BMTN","NPWSArea":"WOYE","VerDate":1788739200000,"Shape.STArea()":0.0001722485036074502,"Shape.STLength()":0.05168280605924566}},{"type":"Feature","id":3360,"geometry":{"type":"Polygon","coordinates":[[[150.613964,-32.972872],[150.614528,-32.97218],[150.614604,-32.97174],[150.614329,-32.971238],[150.61429,-32.97067],[150.614805,-32.969038],[150.614739,-32.968694],[150.614413,-32.968093],[150.612955,-32.967019],[150.612268,-32.967123],[150.611594,-32.967101],[150.611117,-32.966966],[150.610632,-32.967074],[150.610673,-32.967562],[150.610935,-32.968153],[150.611411,-32.968739],[150.612046,-32.969788],[150.611559,-32.970392],[150.610775,-32.97053],[150.609957,-32.970325],[150.607724,-32.969417],[150.606879,-32.969428],[150.606389,-32.969337],[150.604387,-32.968208],[150.603474,-32.967956],[150.602453,-32.966953],[150.601984,-32.966872],[150.601763,-32.96712],[150.601436,-32.967754],[150.601361,-32.968555],[150.601766,-32.969014],[150.603003,-32.969543],[150.604087,-32.970195],[150.604387,-32.970967],[150.604247,-32.971803],[150.603465,-32.973411],[150.603409,-32.973933],[150.603708,-32.974335],[150.604985,-32.974576],[150.605626,-32.975012],[150.607409,-32.975939],[150.609135,-32.976198],[150.610153,-32.976533],[150.610573,-32.976811],[150.611559,-32.977939],[150.611823,-32.978098],[150.612685,-32.977871],[150.6137,-32.977899],[150.614763,-32.978154],[150.615316,-32.977876],[150.616419,-32.976238],[150.617849,-32.974786],[150.618077,-32.974277],[150.617863,-32.973876],[150.617212,-32.973818],[150.61493,-32.974352],[150.614333,-32.974241],[150.613849,-32.973961],[150.613751,-32.973635],[150.613964,-32.972872]]]},"properties":{"OBJECTID":3360,"FireType":1,"FireName":"","FireNo":"","FireYear":198586,"Label":"1985-86 Wildfire","StartDate":null,"EndDate":null,"Intensity":null,"AreaHa":96.74019408,"PerimeterM":5696.22490263,"OFHObjMet":null,"ObjNotMet":null,"NPWSBranch":"BMTN","NPWSArea":"WOYE","VerDate":1788739200000,"Shape.STArea()":9.331078639395177e-05,"Shape.STLength()":0.056579786157358446}},{"type":"Feature","id":3361,"geometry":{"type":"Polygon","coordinates":[[[150.663537,-33.014686],[150.662776,-33.014311],[150.660655,-33.013586],[150.658862,-33.013372],[150.654882,-33.013721],[150.653695,-33.014925],[150.652304,-33.015719],[150.652125,-33.016798],[150.653591,-33.01761],[150.654715,-33.017613],[150.655962,-33.018223],[150.659631,-33.018697],[150.66135,-33.019694],[150.66128,-33.02073],[150.660112,-33.020771],[150.659042,-33.021148],[150.658602,-33.021996],[150.658138,-33.021744],[150.657877,-33.020666],[150.657226,-33.020203],[150.655919,-33.02026],[150.655613,-33.021291],[150.655739,-33.022186],[150.657333,-33.02383],[150.657416,-33.024355],[150.65667,-33.024629],[150.654642,-33.023193],[150.654128,-33.02239],[150.653647,-33.020776],[150.653471,-33.019718],[150.652409,-33.019003],[150.650964,-33.019021],[150.649582,-33.018644],[150.64858,-33.017696],[150.647763,-33.017419],[150.646733,-33.017526],[150.645233,-33.017173],[150.643568,-33.017006],[150.642428,-33.017201],[150.642175,-33.017846],[150.642659,-33.018973],[150.643055,-33.020171],[150.644555,-33.020542],[150.646137,-33.020626],[150.648228,-33.02089],[150.649392,-33.021372],[150.650014,-33.022132],[150.650763,-33.024157],[150.650596,-33.024821],[150.650001,-33.024657],[150.647263,-33.021729],[150.646101,-33.021563],[150.645606,-33.022067],[150.645809,-33.023279],[150.645314,-33.024172],[150.643338,-33.022033],[150.641514,-33.021792],[150.639955,-33.022447],[150.639682,-33.023452],[150.639039,-33.025099],[150.637253,-33.026634],[150.63722,-33.027454],[150.638739,-33.028295],[150.641268,-33.029019],[150.64527,-33.029455],[150.647566,-33.029255],[150.64816,-33.029465],[150.648753,-33.030116],[150.648176,-33.031692],[150.647482,-33.032013],[150.64687,-33.031271],[150.645564,-33.030903],[150.644901,-33.031261],[150.644624,-33.03241],[150.644347,-33.032756],[150.643579,-33.032651],[150.642571,-33.032722],[150.641982,-33.031936],[150.642317,-33.031428],[150.642449,-33.030863],[150.642026,-33.030287],[150.641501,-33.030304],[150.640901,-33.030734],[150.640378,-33.03186],[150.639939,-33.031879],[150.636061,-33.029173],[150.634325,-33.028427],[150.633693,-33.02847],[150.633448,-33.028808],[150.63393,-33.029989],[150.633817,-33.031015],[150.633129,-33.031543],[150.632847,-33.032087],[150.63317,-33.032391],[150.635238,-33.033134],[150.636113,-33.033619],[150.636754,-33.034885],[150.637242,-33.035462],[150.638872,-33.03616],[150.639138,-33.036625],[150.639133,-33.03722],[150.63851,-33.037289],[150.638099,-33.037444],[150.637961,-33.037811],[150.638604,-33.038986],[150.638593,-33.039374],[150.638168,-33.039276],[150.637704,-33.039411],[150.637503,-33.039714],[150.638011,-33.040752],[150.63763,-33.040952],[150.635731,-33.040303],[150.635929,-33.039333],[150.635806,-33.037112],[150.634032,-33.035013],[150.631974,-33.033099],[150.628375,-33.032778],[150.62737,-33.033138],[150.627441,-33.034464],[150.629137,-33.036706],[150.629041,-33.038264],[150.628196,-33.038654],[150.627349,-33.038692],[150.6275,-33.037062],[150.626959,-33.035682],[150.625367,-33.033974],[150.62425,-33.034494],[150.619809,-33.033625],[150.614798,-33.033267],[150.610956,-33.03323],[150.609149,-33.033953],[150.608402,-33.035048],[150.60761,-33.035844],[150.606769,-33.036071],[150.604807,-33.035763],[150.603442,-33.035962],[150.602261,-33.036499],[150.601769,-33.037256],[150.601702,-33.038949],[150.60277,-33.041414],[150.603548,-33.041925],[150.604211,-33.041559],[150.607491,-33.040224],[150.608169,-33.040507],[150.608547,-33.040785],[150.608543,-33.041335],[150.608346,-33.041863],[150.60649,-33.042405],[150.604845,-33.043473],[150.604902,-33.043745],[150.607857,-33.045299],[150.608742,-33.046614],[150.611762,-33.048583],[150.613737,-33.049577],[150.615908,-33.050484],[150.617181,-33.051708],[150.618897,-33.05239],[150.621944,-33.052592],[150.623736,-33.053222],[150.627644,-33.055631],[150.62895,-33.056829],[150.631554,-33.057969],[150.632759,-33.057767],[150.636258,-33.05584],[150.637086,-33.054927],[150.636941,-33.052724],[150.635413,-33.049819],[150.636012,-33.048631],[150.636667,-33.048544],[150.637674,-33.04933],[150.638684,-33.049628],[150.639721,-33.049251],[150.640016,-33.049437],[150.639249,-33.052921],[150.639273,-33.053607],[150.640656,-33.055148],[150.641166,-33.055311],[150.642424,-33.055118],[150.643058,-33.05422],[150.643129,-33.052751],[150.643582,-33.050235],[150.644363,-33.048654],[150.646364,-33.04669],[150.647356,-33.045202],[150.649034,-33.043313],[150.649232,-33.042298],[150.648907,-33.041634],[150.648118,-33.041538],[150.646705,-33.041899],[150.643615,-33.042156],[150.643103,-33.041696],[150.64323,-33.039741],[150.643798,-33.036921],[150.644235,-33.036559],[150.645246,-33.036407],[150.645764,-33.036642],[150.645727,-33.038039],[150.64607,-33.039209],[150.647285,-33.039836],[150.649358,-33.039965],[150.65007,-33.039762],[150.650873,-33.038154],[150.651157,-33.036735],[150.650703,-33.036113],[150.650487,-33.034964],[150.65094,-33.033638],[150.651221,-33.032327],[150.653191,-33.031516],[150.65343,-33.031773],[150.652816,-33.033123],[150.653054,-33.034246],[150.653544,-33.034733],[150.654602,-33.034825],[150.656218,-33.034035],[150.65702,-33.033238],[150.658031,-33.032644],[150.658283,-33.031639],[150.661933,-33.027595],[150.662658,-33.02567],[150.662865,-33.02434],[150.664115,-33.024029],[150.665245,-33.023365],[150.665795,-33.022816],[150.665999,-33.020755],[150.666495,-33.020206],[150.668013,-33.020279],[150.668673,-33.019624],[150.668648,-33.018929],[150.665439,-33.015632],[150.663537,-33.014686]]]},"properties":{"OBJECTID":3361,"FireType":1,"FireName":"","FireNo":"","FireYear":198586,"Label":"1985-86 Wildfire","StartDate":null,"EndDate":null,"Intensity":null,"AreaHa":1164.35332397,"PerimeterM":35297.83816801,"OFHObjMet":null,"ObjNotMet":null,"NPWSBranch":"BMTN","NPWSArea":"WOYE","VerDate":1788739200000,"Shape.STArea()":0.0011238824717488883,"Shape.STLength()":0.3498019487186158}},{"type":"Feature","id":3421,"geometry":{"type":"Polygon","coordinates":[[[150.575109,-32.998327],[150.575736,-32.998484],[150.576822,-32.999452],[150.578353,-32.999058],[150.579278,-32.99849],[150.579869,-32.997617],[150.582073,-32.994883],[150.584959,-32.993803],[150.588296,-32.993092],[150.589714,-32.9921],[150.590172,-32.990982],[150.589819,-32.990199],[150.589868,-32.98956],[150.593864,-32.986211],[150.594325,-32.984606],[150.595273,-32.982811],[150.595742,-32.982469],[150.598506,-32.981945],[150.601254,-32.978842],[150.601009,-32.977611],[150.601362,-32.976021],[150.60234,-32.975057],[150.603124,-32.976136],[150.603453,-32.976251],[150.604625,-32.976021],[150.605078,-32.976273],[150.605029,-32.976912],[150.604158,-32.977491],[150.603622,-32.978707],[150.604439,-32.978957],[150.606149,-32.978241],[150.607095,-32.977277],[150.608453,-32.977303],[150.610089,-32.9781],[150.610414,-32.978377],[150.610065,-32.97902],[150.610857,-32.979405],[150.612294,-32.978882],[150.612947,-32.979246],[150.613053,-32.980096],[150.612843,-32.980732],[150.611616,-32.981403],[150.610613,-32.981312],[150.609825,-32.981567],[150.610204,-32.982593],[150.612276,-32.983093],[150.613465,-32.982656],[150.61398,-32.981006],[150.614929,-32.979149],[150.614437,-32.977543],[150.612534,-32.97711],[150.610082,-32.974782],[150.609969,-32.973815],[150.611743,-32.972713],[150.612747,-32.971957],[150.613289,-32.969731],[150.613199,-32.968701],[150.612332,-32.968315],[150.60819,-32.965224],[150.602945,-32.960596],[150.601495,-32.959658],[150.600081,-32.958125],[150.598232,-32.956502],[150.597246,-32.955004],[150.597652,-32.953425],[150.598303,-32.952284],[150.59806,-32.950214],[150.593867,-32.949439],[150.59297,-32.948619],[150.592594,-32.947881],[150.59297,-32.947032],[150.592919,-32.946165],[150.59253,-32.945527],[150.591125,-32.945247],[150.590146,-32.945481],[150.588401,-32.947106],[150.586557,-32.948459],[150.585008,-32.948781],[150.584415,-32.949356],[150.583728,-32.950253],[150.583192,-32.950666],[150.581671,-32.951539],[150.580887,-32.953255],[150.580991,-32.954519],[150.581433,-32.956376],[150.581051,-32.957433],[150.580396,-32.958322],[150.580396,-32.959467],[150.578667,-32.962085],[150.577689,-32.962661],[150.5773,-32.963167],[150.578037,-32.964381],[150.578259,-32.965684],[150.577964,-32.966697],[150.577036,-32.967355],[150.576033,-32.967272],[150.575218,-32.967338],[150.574914,-32.967891],[150.576087,-32.969609],[150.575711,-32.970043],[150.576141,-32.971558],[150.575988,-32.97481],[150.575442,-32.975999],[150.573267,-32.977679],[150.571394,-32.979256],[150.570443,-32.980771],[150.570278,-32.982102],[150.571562,-32.984444],[150.572268,-32.986018],[150.572627,-32.990083],[150.572465,-32.991703],[150.572905,-32.992847],[150.573908,-32.993723],[150.575458,-32.994177],[150.576655,-32.994228],[150.577117,-32.994931],[150.576574,-32.995993],[150.575759,-32.996861],[150.575109,-32.998327]]]},"properties":{"OBJECTID":3421,"FireType":1,"FireName":"","FireNo":"","FireYear":198687,"Label":"1986-87 Wildfire","StartDate":null,"EndDate":null,"Intensity":null,"AreaHa":1223.84103457,"PerimeterM":19846.59989327,"OFHObjMet":null,"ObjNotMet":null,"NPWSBranch":"BMTN","NPWSArea":"WOYE","VerDate":1788739200000,"Shape.STArea()":0.0011804504209082115,"Shape.STLength()":0.19295946606919256}},{"type":"Feature","id":3423,"geometry":{"type":"Polygon","coordinates":[[[150.663537,-33.014686],[150.662776,-33.014311],[150.660655,-33.013586],[150.658862,-33.013372],[150.654882,-33.013721],[150.653695,-33.014925],[150.652304,-33.015719],[150.652125,-33.016798],[150.653591,-33.01761],[150.654715,-33.017613],[150.655962,-33.018223],[150.659631,-33.018697],[150.66135,-33.019694],[150.66128,-33.02073],[150.660112,-33.020771],[150.659042,-33.021148],[150.658602,-33.021996],[150.658138,-33.021744],[150.657877,-33.020666],[150.657226,-33.020203],[150.655919,-33.02026],[150.655613,-33.021291],[150.655739,-33.022186],[150.657333,-33.02383],[150.657416,-33.024355],[150.65667,-33.024629],[150.654642,-33.023193],[150.654128,-33.02239],[150.653647,-33.020776],[150.653471,-33.019718],[150.652409,-33.019003],[150.650964,-33.019021],[150.649582,-33.018644],[150.64858,-33.017696],[150.647763,-33.017419],[150.646733,-33.017526],[150.645233,-33.017173],[150.643568,-33.017006],[150.642428,-33.017201],[150.642175,-33.017846],[150.642659,-33.018973],[150.643055,-33.020171],[150.644555,-33.020542],[150.646137,-33.020626],[150.648228,-33.02089],[150.649392,-33.021372],[150.650014,-33.022132],[150.650763,-33.024157],[150.650596,-33.024821],[150.650001,-33.024657],[150.647263,-33.021729],[150.646101,-33.021563],[150.645606,-33.022067],[150.645809,-33.023279],[150.645314,-33.024172],[150.643338,-33.022033],[150.641514,-33.021792],[150.639955,-33.022447],[150.639682,-33.023452],[150.639039,-33.025099],[150.637253,-33.026634],[150.63722,-33.027454],[150.638739,-33.028295],[150.641268,-33.029019],[150.64527,-33.029455],[150.647566,-33.029255],[150.64816,-33.029465],[150.648753,-33.030116],[150.648176,-33.031692],[150.647482,-33.032013],[150.64687,-33.031271],[150.645564,-33.030903],[150.644901,-33.031261],[150.644624,-33.03241],[150.644347,-33.032756],[150.643579,-33.032651],[150.642571,-33.032722],[150.641982,-33.031936],[150.642317,-33.031428],[150.642449,-33.030863],[150.642026,-33.030287],[150.641501,-33.030304],[150.640901,-33.030734],[150.640378,-33.03186],[150.639939,-33.031879],[150.636061,-33.029173],[150.634325,-33.028427],[150.633693,-33.02847],[150.633448,-33.028808],[150.63393,-33.029989],[150.633817,-33.031015],[150.633129,-33.031543],[150.632847,-33.032087],[150.63317,-33.032391],[150.635238,-33.033134],[150.636113,-33.033619],[150.636754,-33.034885],[150.637242,-33.035462],[150.638872,-33.03616],[150.639138,-33.036625],[150.639133,-33.03722],[150.63851,-33.037289],[150.638099,-33.037444],[150.637961,-33.037811],[150.638604,-33.038986],[150.638593,-33.039374],[150.638168,-33.039276],[150.637704,-33.039411],[150.637503,-33.039714],[150.638011,-33.040752],[150.63763,-33.040952],[150.635731,-33.040303],[150.635929,-33.039333],[150.635806,-33.037112],[150.634032,-33.035013],[150.631974,-33.033099],[150.628375,-33.032778],[150.62737,-33.033138],[150.627441,-33.034464],[150.629137,-33.036706],[150.629041,-33.038264],[150.628196,-33.038654],[150.627349,-33.038692],[150.6275,-33.037062],[150.626959,-33.035682],[150.625367,-33.033974],[150.62425,-33.034494],[150.619809,-33.033625],[150.614798,-33.033267],[150.610956,-33.03323],[150.609149,-33.033953],[150.608402,-33.035048],[150.60761,-33.035844],[150.606769,-33.036071],[150.604807,-33.035763],[150.603442,-33.035962],[150.602261,-33.036499],[150.601769,-33.037256],[150.601702,-33.038949],[150.60277,-33.041414],[150.603548,-33.041925],[150.604211,-33.041559],[150.607491,-33.040224],[150.608169,-33.040507],[150.608547,-33.040785],[150.608543,-33.041335],[150.608346,-33.041863],[150.60649,-33.042405],[150.604845,-33.043473],[150.604902,-33.043745],[150.607857,-33.045299],[150.608742,-33.046614],[150.611762,-33.048583],[150.613737,-33.049577],[150.615908,-33.050484],[150.617181,-33.051708],[150.618897,-33.05239],[150.621944,-33.052592],[150.623736,-33.053222],[150.627644,-33.055631],[150.62895,-33.056829],[150.631554,-33.057969],[150.632759,-33.057767],[150.636258,-33.05584],[150.637086,-33.054927],[150.636941,-33.052724],[150.635413,-33.049819],[150.636012,-33.048631],[150.636667,-33.048544],[150.637674,-33.04933],[150.638684,-33.049628],[150.639721,-33.049251],[150.640016,-33.049437],[150.639249,-33.052921],[150.639273,-33.053607],[150.640656,-33.055148],[150.641166,-33.055311],[150.642424,-33.055118],[150.643058,-33.05422],[150.643129,-33.052751],[150.643582,-33.050235],[150.644363,-33.048654],[150.646364,-33.04669],[150.647356,-33.045202],[150.649034,-33.043313],[150.649232,-33.042298],[150.648907,-33.041634],[150.648118,-33.041538],[150.646705,-33.041899],[150.643615,-33.042156],[150.643103,-33.041696],[150.64323,-33.039741],[150.643798,-33.036921],[150.644235,-33.036559],[150.645246,-33.036407],[150.645764,-33.036642],[150.645727,-33.038039],[150.64607,-33.039209],[150.647285,-33.039836],[150.649358,-33.039965],[150.65007,-33.039762],[150.650873,-33.038154],[150.651157,-33.036735],[150.650703,-33.036113],[150.650487,-33.034964],[150.65094,-33.033638],[150.651221,-33.032327],[150.653191,-33.031516],[150.65343,-33.031773],[150.652816,-33.033123],[150.653054,-33.034246],[150.653544,-33.034733],[150.654602,-33.034825],[150.656218,-33.034035],[150.65702,-33.033238],[150.658031,-33.032644],[150.658283,-33.031639],[150.661933,-33.027595],[150.662658,-33.02567],[150.662865,-33.02434],[150.664115,-33.024029],[150.665245,-33.023365],[150.665795,-33.022816],[150.665999,-33.020755],[150.666495,-33.020206],[150.668013,-33.020279],[150.668673,-33.019624],[150.668648,-33.018929],[150.665439,-33.015632],[150.663537,-33.014686]]]},"properties":{"OBJECTID":3423,"FireType":1,"FireName":"","FireNo":"","FireYear":198687,"Label":"1986-87 Wildfire","StartDate":null,"EndDate":null,"Intensity":null,"AreaHa":1164.35332397,"PerimeterM":35297.83816801,"OFHObjMet":null,"ObjNotMet":null,"NPWSBranch":"BMTN","NPWSArea":"WOYE","VerDate":1788739200000,"Shape.STArea()":0.0011238824717488883,"Shape.STLength()":0.3498019487186158}},{"type":"Feature","id":3609,"geometry":{"type":"Polygon","coordinates":[[[150.584303,-32.918884],[150.583986,-32.918743],[150.582951,-32.918669],[150.581548,-32.918786],[150.579877,-32.919268],[150.578388,-32.919798],[150.576848,-32.920598],[150.575133,-32.921935],[150.574169,-32.923152],[150.5735,-32.92533],[150.57362,-32.926802],[150.574078,-32.928046],[150.575173,-32.929059],[150.576215,-32.929278],[150.576852,-32.929056],[150.577413,-32.928471],[150.578501,-32.928186],[150.57957,-32.928585],[150.580694,-32.929707],[150.581059,-32.930463],[150.581298,-32.931486],[150.580904,-32.9322],[150.578787,-32.934567],[150.57626,-32.936267],[150.575329,-32.937439],[150.574369,-32.938926],[150.57397,-32.940235],[150.574255,-32.94116],[150.575189,-32.941801],[150.578393,-32.942332],[150.580385,-32.942226],[150.581214,-32.942044],[150.582403,-32.941968],[150.583737,-32.942057],[150.584511,-32.941918],[150.585419,-32.940764],[150.586026,-32.940875],[150.586537,-32.941326],[150.587615,-32.941401],[150.589041,-32.941275],[150.590945,-32.940861],[150.593789,-32.940483],[150.594298,-32.940268],[150.594557,-32.939759],[150.593483,-32.937971],[150.592803,-32.937417],[150.592326,-32.936866],[150.592171,-32.936286],[150.59276,-32.935468],[150.593529,-32.935095],[150.594802,-32.934678],[150.596673,-32.933496],[150.598473,-32.932196],[150.600301,-32.930627],[150.601031,-32.929703],[150.601278,-32.928869],[150.601026,-32.928305],[150.600449,-32.927924],[150.599786,-32.927921],[150.59889,-32.92821],[150.597347,-32.929154],[150.592353,-32.93271],[150.591366,-32.933232],[150.590747,-32.933193],[150.590186,-32.932966],[150.590516,-32.931863],[150.592524,-32.930756],[150.593266,-32.930203],[150.59378,-32.929392],[150.593715,-32.928633],[150.592447,-32.927671],[150.590963,-32.927985],[150.590241,-32.928584],[150.58871,-32.929448],[150.587478,-32.92955],[150.586775,-32.929446],[150.586135,-32.928965],[150.586249,-32.928318],[150.586827,-32.927923],[150.588763,-32.927492],[150.589564,-32.927147],[150.590056,-32.926723],[150.59038,-32.926216],[150.590237,-32.925591],[150.589773,-32.924932],[150.588534,-32.924097],[150.587673,-32.923927],[150.586436,-32.92421],[150.585325,-32.924567],[150.582878,-32.925701],[150.581879,-32.925862],[150.581208,-32.925777],[150.580568,-32.925295],[150.580324,-32.924849],[150.580401,-32.924363],[150.580717,-32.924144],[150.583137,-32.923623],[150.584835,-32.922934],[150.586022,-32.922137],[150.586542,-32.921498],[150.58661,-32.920958],[150.586418,-32.920521],[150.5859,-32.919907],[150.584664,-32.918991],[150.584303,-32.918884]]]},"properties":{"OBJECTID":3609,"FireType":1,"FireName":"","FireNo":"","FireYear":198788,"Label":"1987-88 Wildfire","StartDate":null,"EndDate":null,"Intensity":null,"AreaHa":347.45309338,"PerimeterM":13337.246752,"OFHObjMet":null,"ObjNotMet":null,"NPWSBranch":"BMTN","NPWSArea":"WOYE","VerDate":1788739200000,"Shape.STArea()":0.0003349836546646805,"Shape.STLength()":0.13366393923693662}},{"type":"Feature","id":3660,"geometry":{"type":"Polygon","coordinates":[[[150.583921,-32.998516],[150.580415,-33.001118],[150.580367,-33.00365],[150.581452,-33.007035],[150.580505,-33.008026],[150.579797,-33.00923],[150.580348,-33.010242],[150.581523,-33.011085],[150.582539,-33.012304],[150.583257,-33.014211],[150.58315,-33.016175],[150.582344,-33.016682],[150.580491,-33.017124],[150.57839,-33.017246],[150.576726,-33.017051],[150.577442,-33.018264],[150.578835,-33.018977],[150.580363,-33.019475],[150.581842,-33.019792],[150.583526,-33.019257],[150.586712,-33.018624],[150.588812,-33.018548],[150.592031,-33.019827],[150.593884,-33.020143],[150.596887,-33.019533],[150.598139,-33.018773],[150.599438,-33.018212],[150.600945,-33.019106],[150.601714,-33.01996],[150.601698,-33.021727],[150.601978,-33.024032],[150.60094,-33.024426],[150.600294,-33.025721],[150.601099,-33.027612],[150.601784,-33.028807],[150.601521,-33.030236],[150.600863,-33.030791],[150.600107,-33.031065],[150.599129,-33.031975],[150.59864,-33.033444],[150.598949,-33.03428],[150.598921,-33.035686],[150.599747,-33.036441],[150.602695,-33.036678],[150.602453,-33.038107],[150.602545,-33.039426],[150.603259,-33.040756],[150.604431,-33.040959],[150.605877,-33.040545],[150.607234,-33.040625],[150.608226,-33.041545],[150.608616,-33.042978],[150.607664,-33.044132],[150.605847,-33.044827],[150.604815,-33.046142],[150.604824,-33.047801],[150.605513,-33.04923],[150.606578,-33.051027],[150.606756,-33.053555],[150.607503,-33.055238],[150.608812,-33.055533],[150.609684,-33.056127],[150.61024,-33.057373],[150.610305,-33.058916],[150.609625,-33.061085],[150.609782,-33.063198],[150.61071,-33.064515],[150.61111,-33.063584],[150.611814,-33.062507],[150.611891,-33.061237],[150.612538,-33.059094],[150.613704,-33.058368],[150.614326,-33.057145],[150.614625,-33.055951],[150.615166,-33.055348],[150.616502,-33.055455],[150.618408,-33.055446],[150.620091,-33.053783],[150.620956,-33.052303],[150.622094,-33.050575],[150.622086,-33.048871],[150.621424,-33.048038],[150.62202,-33.046958],[150.623547,-33.045914],[150.623615,-33.0434],[150.62514,-33.042428],[150.625319,-33.041349],[150.624114,-33.039947],[150.623565,-33.038079],[150.62427,-33.037344],[150.626038,-33.037675],[150.627321,-33.037744],[150.628134,-33.036561],[150.627606,-33.035505],[150.626181,-33.034341],[150.625531,-33.033445],[150.625255,-33.032935],[150.625106,-33.032103],[150.625649,-33.031437],[150.627445,-33.03074],[150.628678,-33.030665],[150.631973,-33.029519],[150.632234,-33.028162],[150.633645,-33.027441],[150.63484,-33.025597],[150.635759,-33.024857],[150.636766,-33.024407],[150.636816,-33.022956],[150.636729,-33.021413],[150.638579,-33.020645],[150.63906,-33.020275],[150.638864,-33.019217],[150.639481,-33.016938],[150.637711,-33.016273],[150.637047,-33.015512],[150.638459,-33.015142],[150.639278,-33.014536],[150.638682,-33.010764],[150.637808,-33.009431],[150.634697,-33.009327],[150.634477,-33.008728],[150.635642,-33.00801],[150.635075,-33.007594],[150.633378,-33.00703],[150.632144,-33.006321],[150.631401,-33.004918],[150.631101,-33.003298],[150.630709,-33.001965],[150.630672,-33.00054],[150.629712,-32.99962],[150.629438,-32.998677],[150.629984,-32.996668],[150.629395,-32.995493],[150.62837,-32.99422],[150.627452,-32.993319],[150.625972,-32.992254],[150.624532,-32.992497],[150.620709,-32.993804],[150.618796,-32.994895],[150.617233,-32.9961],[150.61497,-32.996706],[150.613319,-32.996422],[150.611915,-32.995719],[150.610583,-32.995504],[150.608872,-32.995453],[150.607596,-32.995582],[150.605334,-32.996116],[150.60359,-32.9961],[150.602558,-32.995891],[150.60223,-32.996137],[150.601626,-32.997127],[150.601079,-32.996755],[150.600193,-32.995485],[150.599286,-32.994629],[150.597361,-32.993771],[150.595031,-32.993312],[150.592902,-32.994055],[150.592745,-32.995919],[150.591676,-32.996647],[150.587407,-32.997051],[150.583921,-32.998516]]]},"properties":{"OBJECTID":3660,"FireType":1,"FireName":"","FireNo":"","FireYear":198889,"Label":"1988-89 Wildfire","StartDate":null,"EndDate":null,"Intensity":null,"AreaHa":2240.13077617,"PerimeterM":27462.10865551,"OFHObjMet":null,"ObjNotMet":null,"NPWSBranch":"BMTN","NPWSArea":"WOYE","VerDate":1788739200000,"Shape.STArea()":0.002161830292954244,"Shape.STLength()":0.2694173618522774}},{"type":"Feature","id":3730,"geometry":{"type":"Polygon","coordinates":[[[150.587923,-32.945438],[150.588162,-32.944505],[150.588174,-32.943675],[150.587789,-32.942874],[150.586947,-32.942398],[150.585562,-32.942588],[150.584383,-32.943079],[150.582468,-32.943484],[150.580703,-32.943504],[150.579022,-32.943201],[150.576962,-32.943034],[150.573916,-32.942993],[150.572136,-32.943175],[150.570571,-32.944073],[150.570057,-32.945281],[150.57029,-32.945763],[150.571164,-32.94587],[150.572609,-32.945799],[150.574228,-32.946047],[150.575036,-32.946613],[150.575402,-32.947305],[150.57528,-32.947871],[150.57454,-32.948326],[150.573495,-32.948603],[150.571908,-32.949158],[150.570803,-32.950056],[150.569028,-32.953151],[150.568404,-32.954491],[150.568162,-32.955496],[150.568451,-32.956277],[150.569395,-32.956566],[150.571144,-32.956366],[150.573245,-32.955803],[150.574616,-32.955315],[150.576102,-32.954578],[150.577639,-32.953525],[150.578437,-32.953288],[150.578981,-32.953317],[150.579639,-32.953122],[150.580023,-32.95276],[150.580475,-32.950704],[150.580984,-32.949695],[150.582199,-32.948663],[150.585216,-32.947441],[150.587198,-32.946533],[150.587923,-32.945438]]]},"properties":{"OBJECTID":3730,"FireType":1,"FireName":"","FireNo":"","FireYear":198990,"Label":"1989-90 Wildfire","StartDate":null,"EndDate":null,"Intensity":null,"AreaHa":151.44441686,"PerimeterM":6409.74757759,"OFHObjMet":null,"ObjNotMet":null,"NPWSBranch":"BMTN","NPWSArea":"WOYE","VerDate":1788739200000,"Shape.STArea()":0.00014603672678702867,"Shape.STLength()":0.06466429198964176}},{"type":"Feature","id":3731,"geometry":{"type":"Polygon","coordinates":[[[150.594383,-32.943029],[150.59384,-32.942946],[150.593004,-32.942614],[150.592633,-32.942093],[150.5925,-32.941477],[150.592085,-32.941019],[150.591477,-32.940953],[150.589505,-32.941519],[150.589077,-32.941934],[150.589701,-32.942181],[150.590108,-32.94254],[150.590679,-32.942795],[150.591101,-32.943407],[150.591077,-32.94429],[150.590691,-32.9455],[150.590458,-32.946596],[150.590572,-32.947518],[150.591066,-32.948213],[150.591589,-32.948277],[150.591867,-32.947867],[150.592853,-32.94739],[150.595022,-32.946693],[150.597032,-32.946317],[150.598701,-32.945501],[150.599513,-32.944741],[150.59984,-32.944125],[150.599765,-32.942916],[150.599283,-32.942176],[150.598452,-32.941664],[150.597603,-32.941413],[150.597,-32.941555],[150.595389,-32.942615],[150.594383,-32.943029]]]},"properties":{"OBJECTID":3731,"FireType":1,"FireName":"","FireNo":"","FireYear":198990,"Label":"1989-90 Wildfire","StartDate":null,"EndDate":null,"Intensity":null,"AreaHa":45.02247726,"PerimeterM":3212.49221932,"OFHObjMet":null,"ObjNotMet":null,"NPWSBranch":"BMTN","NPWSArea":"WOYE","VerDate":1788739200000,"Shape.STArea()":4.3412762742528965e-05,"Shape.STLength()":0.03193452397632238}},{"type":"Feature","id":3891,"geometry":{"type":"Polygon","coordinates":[[[150.629757,-33.037141],[150.630092,-33.037824],[150.630948,-33.038616],[150.630471,-33.039265],[150.629075,-33.039004],[150.627642,-33.039365],[150.626726,-33.039969],[150.627151,-33.041276],[150.627953,-33.041724],[150.629049,-33.041988],[150.628647,-33.042585],[150.627727,-33.042964],[150.626895,-33.043661],[150.627235,-33.044533],[150.628305,-33.044959],[150.630089,-33.045507],[150.630778,-33.046169],[150.630959,-33.046993],[150.63155,-33.048131],[150.632386,-33.049292],[150.633618,-33.049685],[150.634455,-33.049584],[150.63491,-33.048619],[150.636127,-33.046748],[150.637122,-33.047561],[150.637191,-33.048202],[150.637066,-33.048867],[150.638166,-33.049357],[150.639027,-33.049193],[150.640154,-33.047889],[150.640675,-33.048413],[150.640756,-33.049397],[150.64083,-33.050661],[150.640347,-33.05149],[150.6401,-33.05273],[150.640529,-33.053901],[150.641708,-33.054645],[150.642723,-33.05516],[150.643482,-33.054805],[150.643879,-33.053947],[150.644568,-33.051417],[150.644097,-33.048973],[150.644819,-33.048022],[150.645844,-33.04732],[150.646764,-33.046941],[150.647649,-33.04629],[150.647983,-33.045386],[150.648187,-33.044145],[150.64933,-33.042643],[150.648964,-33.041914],[150.647784,-33.041604],[150.645835,-33.042018],[150.644612,-33.042103],[150.643815,-33.04188],[150.643336,-33.04097],[150.643452,-33.039845],[150.644025,-33.03844],[150.644331,-33.036994],[150.6449,-33.036914],[150.645887,-33.037249],[150.646129,-33.038209],[150.646115,-33.039561],[150.646897,-33.040334],[150.647992,-33.040616],[150.649294,-33.04037],[150.650213,-33.039648],[150.650306,-33.038937],[150.649757,-33.037042],[150.65001,-33.035983],[150.649743,-33.034769],[150.650276,-33.033643],[150.651158,-33.032686],[150.652609,-33.03164],[150.653694,-33.031102],[150.653732,-33.032103],[150.652811,-33.034115],[150.653294,-33.034863],[150.654242,-33.035062],[150.655194,-33.034683],[150.658076,-33.032582],[150.659143,-33.031493],[150.660763,-33.028944],[150.661677,-33.027969],[150.663334,-33.024393],[150.664305,-33.024132],[150.664926,-33.023693],[150.665375,-33.022511],[150.666087,-33.021496],[150.668283,-33.0206],[150.668596,-33.019704],[150.668305,-33.01895],[150.667675,-33.018496],[150.667177,-33.017901],[150.66675,-33.017036],[150.666873,-33.016047],[150.667664,-33.016061],[150.668566,-33.016764],[150.669758,-33.017435],[150.670665,-33.018345],[150.671792,-33.018627],[150.672542,-33.018208],[150.673633,-33.016588],[150.675339,-33.012372],[150.674947,-33.011824],[150.673353,-33.010974],[150.670063,-33.010317],[150.669339,-33.010583],[150.668448,-33.011486],[150.667344,-33.01198],[150.66579,-33.01205],[150.662719,-33.012037],[150.661011,-33.011437],[150.660755,-33.011829],[150.663146,-33.013272],[150.661962,-33.014341],[150.661244,-33.013984],[150.660342,-33.013264],[150.658844,-33.013254],[150.657194,-33.012926],[150.6557,-33.01315],[150.653453,-33.013937],[150.652161,-33.014643],[150.651842,-33.015359],[150.652005,-33.01648],[150.652416,-33.017119],[150.653506,-33.017194],[150.655147,-33.01708],[150.658061,-33.017351],[150.659164,-33.018156],[150.659943,-33.019073],[150.660454,-33.019984],[150.660133,-33.020375],[150.659327,-33.02091],[150.658452,-33.021218],[150.658085,-33.021734],[150.65736,-33.020801],[150.657179,-33.019977],[150.656687,-33.019959],[150.656314,-33.020303],[150.655998,-33.020901],[150.656069,-33.021868],[150.65657,-33.022734],[150.657086,-33.02388],[150.656818,-33.024289],[150.655675,-33.024214],[150.654818,-33.023837],[150.65432,-33.023223],[150.653878,-33.022539],[150.654043,-33.02118],[150.653818,-33.019553],[150.653381,-33.019076],[150.651958,-33.018661],[150.650564,-33.018743],[150.649562,-33.018616],[150.648052,-33.018245],[150.646498,-33.018315],[150.645698,-33.017813],[150.644952,-33.016888],[150.644359,-33.017445],[150.642668,-33.017025],[150.642469,-33.018059],[150.642535,-33.018817],[150.642134,-33.019414],[150.642906,-33.020168],[150.643892,-33.02052],[150.64537,-33.020873],[150.648427,-33.021038],[150.649364,-33.021624],[150.650327,-33.022445],[150.651645,-33.024814],[150.651176,-33.025554],[150.650495,-33.025793],[150.649432,-33.025503],[150.649038,-33.025027],[150.649083,-33.024153],[150.648787,-33.023191],[150.6478,-33.022469],[150.646311,-33.021711],[150.645797,-33.022125],[150.645677,-33.023024],[150.646626,-33.024368],[150.646918,-33.02505],[150.646518,-33.02561],[150.645665,-33.025477],[150.64473,-33.024828],[150.644741,-33.023999],[150.644539,-33.023129],[150.644522,-33.022164],[150.643838,-33.021736],[150.642634,-33.021524],[150.641732,-33.021651],[150.64109,-33.022045],[150.640362,-33.022834],[150.639807,-33.025574],[150.638267,-33.025932],[150.638248,-33.026644],[150.638454,-33.027351],[150.639411,-33.027595],[150.64033,-33.027261],[150.642293,-33.027496],[150.64479,-33.028175],[150.64607,-33.02837],[150.648832,-33.029162],[150.649036,-33.029941],[150.648946,-33.030904],[150.648473,-33.031779],[150.647349,-33.031794],[150.646905,-33.031181],[150.646704,-33.030699],[150.646026,-33.030407],[150.645068,-33.030209],[150.644806,-33.030817],[150.645077,-33.032301],[150.645121,-33.033447],[150.64446,-33.033344],[150.642705,-33.032536],[150.642613,-33.031966],[150.642687,-33.031183],[150.642154,-33.030704],[150.641084,-33.030287],[150.640448,-33.030861],[150.639768,-33.031055],[150.638367,-33.030614],[150.635232,-33.028932],[150.63436,-33.028735],[150.634118,-33.028965],[150.633967,-33.029818],[150.634065,-33.030965],[150.633595,-33.031723],[150.633056,-33.032263],[150.633262,-33.03297],[150.633775,-33.033007],[150.634548,-33.033319],[150.635697,-33.033584],[150.635666,-33.033944],[150.635214,-33.034432],[150.636649,-33.035613],[150.637568,-33.036496],[150.638238,-33.037429],[150.637814,-33.038494],[150.637015,-33.039137],[150.635768,-33.039753],[150.635136,-33.039345],[150.635087,-33.038361],[150.635379,-33.037483],[150.635111,-33.036269],[150.634685,-33.035386],[150.633165,-33.034203],[150.632113,-33.033092],[150.630777,-33.033022],[150.629339,-33.033148],[150.628219,-33.032982],[150.627586,-33.033033],[150.62755,-33.03361],[150.629371,-33.035168],[150.629768,-33.036312],[150.629757,-33.037141]]]},"properties":{"OBJECTID":3891,"FireType":1,"FireName":"","FireNo":"","FireYear":199091,"Label":"1990-91 Wildfire","StartDate":null,"EndDate":null,"Intensity":null,"AreaHa":731.21017625,"PerimeterM":32096.54295806,"OFHObjMet":null,"ObjNotMet":null,"NPWSBranch":"BMTN","NPWSArea":"WOYE","VerDate":1788739200000,"Shape.STArea()":0.0007057437472285331,"Shape.STLength()":0.3157410632414253}},{"type":"Feature","id":4131,"geometry":{"type":"Polygon","coordinates":[[[150.60145,-32.976726],[150.601746,-32.976083],[150.602295,-32.975534],[150.603274,-32.974958],[150.603598,-32.974063],[150.602889,-32.973355],[150.600747,-32.972646],[150.600226,-32.97214],[150.600475,-32.971658],[150.605312,-32.972779],[150.60759,-32.973589],[150.6087,-32.973673],[150.610252,-32.973243],[150.610965,-32.973383],[150.611283,-32.973903],[150.611367,-32.974752],[150.611581,-32.975532],[150.612048,-32.976479],[150.613808,-32.977053],[150.615252,-32.977072],[150.618894,-32.976519],[150.621094,-32.976643],[150.623548,-32.976915],[150.624762,-32.976703],[150.626231,-32.975766],[150.62691,-32.975581],[150.62751,-32.975169],[150.627264,-32.974758],[150.626639,-32.97453],[150.626093,-32.974141],[150.625985,-32.973769],[150.629226,-32.971802],[150.63007,-32.971845],[150.63091,-32.972835],[150.633134,-32.972859],[150.634717,-32.972095],[150.636292,-32.971178],[150.640149,-32.970169],[150.644926,-32.968726],[150.648949,-32.969091],[150.651484,-32.967921],[150.652569,-32.968131],[150.653711,-32.969045],[150.654305,-32.970445],[150.654225,-32.971066],[150.654328,-32.971618],[150.654766,-32.972032],[150.655042,-32.972506],[150.655014,-32.973172],[150.655748,-32.973745],[150.655966,-32.974002],[150.655933,-32.974822],[150.655501,-32.975788],[150.654717,-32.977116],[150.654554,-32.97843],[150.654853,-32.979274],[150.656073,-32.980442],[150.658739,-32.981178],[150.659467,-32.981588],[150.659909,-32.982282],[150.659883,-32.984454],[150.660126,-32.987002],[150.660421,-32.987575],[150.66129,-32.987898],[150.662248,-32.987691],[150.66271,-32.986816],[150.662294,-32.982687],[150.662463,-32.981157],[150.662897,-32.980534],[150.662868,-32.979181],[150.66238,-32.978216],[150.6617,-32.978059],[150.660528,-32.978263],[150.659202,-32.978652],[150.658683,-32.978453],[150.659121,-32.976451],[150.65941,-32.975627],[150.660231,-32.975326],[150.661427,-32.975403],[150.662812,-32.975239],[150.66303,-32.974666],[150.662702,-32.973722],[150.661805,-32.972831],[150.66143,-32.972076],[150.661665,-32.971683],[150.662428,-32.971544],[150.663302,-32.972075],[150.664849,-32.972626],[150.66599,-32.972756],[150.666588,-32.972397],[150.666941,-32.971593],[150.66667,-32.970929],[150.66605,-32.970494],[150.66526,-32.969595],[150.665722,-32.969135],[150.666208,-32.968955],[150.666529,-32.968537],[150.666528,-32.967761],[150.665394,-32.966568],[150.664633,-32.966202],[150.663894,-32.966251],[150.662537,-32.967416],[150.660531,-32.967622],[150.659608,-32.968128],[150.658784,-32.967743],[150.658058,-32.966872],[150.658003,-32.966132],[150.658378,-32.965679],[150.661395,-32.965258],[150.662025,-32.964918],[150.662787,-32.964824],[150.663213,-32.964462],[150.663593,-32.962621],[150.663622,-32.961936],[150.664848,-32.961706],[150.665554,-32.961296],[150.665604,-32.960602],[150.665847,-32.960309],[150.66604,-32.959871],[150.665849,-32.959435],[150.664361,-32.959479],[150.661909,-32.959983],[150.660174,-32.96088],[150.65917,-32.962439],[150.657892,-32.962622],[150.657515,-32.962309],[150.657506,-32.961848],[150.658135,-32.961545],[150.658466,-32.960352],[150.659416,-32.959206],[150.659434,-32.958088],[150.658788,-32.957445],[150.65822,-32.957074],[150.657297,-32.954784],[150.656616,-32.954645],[150.655226,-32.955034],[150.654061,-32.956229],[150.653086,-32.958312],[150.651886,-32.959597],[150.650551,-32.959509],[150.650122,-32.958752],[150.649847,-32.957439],[150.649112,-32.956893],[150.647914,-32.956916],[150.647486,-32.956502],[150.647536,-32.956233],[150.649117,-32.955514],[150.651699,-32.95494],[150.653023,-32.954208],[150.653403,-32.953611],[150.652261,-32.953084],[150.651285,-32.952399],[150.651401,-32.951661],[150.654436,-32.949735],[150.655523,-32.948655],[150.655278,-32.947812],[150.654494,-32.947121],[150.653652,-32.947006],[150.652486,-32.947813],[150.651154,-32.948456],[150.650477,-32.948181],[150.650445,-32.947351],[150.649496,-32.946044],[150.648188,-32.946551],[150.647461,-32.947376],[150.647155,-32.94921],[150.647836,-32.95017],[150.648025,-32.950705],[150.647918,-32.951118],[150.647237,-32.951367],[150.646667,-32.951094],[150.64599,-32.949991],[150.645278,-32.949418],[150.644653,-32.949605],[150.644112,-32.950262],[150.644275,-32.951347],[150.644255,-32.952104],[150.643871,-32.952466],[150.643329,-32.95233],[150.642485,-32.951115],[150.641911,-32.950951],[150.640091,-32.951439],[150.639388,-32.951318],[150.639496,-32.950887],[150.640828,-32.950678],[150.643086,-32.949007],[150.644009,-32.948087],[150.643812,-32.947443],[150.642132,-32.947077],[150.642214,-32.946412],[150.643707,-32.94534],[150.643813,-32.944575],[150.641617,-32.943911],[150.640152,-32.943911],[150.638896,-32.944491],[150.637644,-32.944918],[150.636567,-32.944808],[150.635689,-32.944052],[150.634741,-32.94389],[150.633843,-32.944305],[150.632645,-32.945888],[150.631587,-32.947861],[150.6302,-32.948547],[150.628878,-32.948017],[150.628497,-32.947441],[150.629277,-32.946663],[150.630799,-32.945745],[150.632216,-32.944347],[150.632945,-32.943089],[150.632921,-32.941989],[150.632243,-32.941732],[150.628985,-32.942401],[150.622408,-32.94398],[150.621514,-32.943819],[150.619967,-32.944096],[150.618712,-32.943847],[150.618089,-32.941553],[150.617274,-32.941249],[150.614425,-32.942998],[150.614425,-32.946181],[150.613989,-32.94767],[150.612357,-32.949893],[150.611646,-32.950493],[150.608284,-32.951023],[150.607523,-32.951478],[150.606972,-32.952874],[150.60632,-32.953655],[150.604887,-32.954042],[150.602706,-32.954],[150.601675,-32.954161],[150.599801,-32.955036],[150.598744,-32.954961],[150.598008,-32.954523],[150.597031,-32.953062],[150.596159,-32.951295],[150.595291,-32.950584],[150.593038,-32.950442],[150.592636,-32.950669],[150.592091,-32.951821],[150.590648,-32.953786],[150.5885,-32.954502],[150.586243,-32.954107],[150.582925,-32.955368],[150.581652,-32.956949],[150.580725,-32.959564],[150.580646,-32.960897],[150.580261,-32.961674],[150.578572,-32.96284],[150.578032,-32.963416],[150.578624,-32.965231],[150.578895,-32.96667],[150.578682,-32.967035],[150.574634,-32.967976],[150.573898,-32.96908],[150.573222,-32.97032],[150.573485,-32.970866],[150.575989,-32.969282],[150.577266,-32.969127],[150.578441,-32.968807],[150.580037,-32.966376],[150.580552,-32.966305],[150.580852,-32.966699],[150.580822,-32.96897],[150.5802,-32.969815],[150.578953,-32.970043],[150.577075,-32.971026],[150.576428,-32.971626],[150.576779,-32.972084],[150.57854,-32.972226],[150.583103,-32.974749],[150.586092,-32.974979],[150.588921,-32.975619],[150.591833,-32.975531],[150.594415,-32.974977],[150.596371,-32.974663],[150.598075,-32.974957],[150.599848,-32.976218],[150.60145,-32.976726]]]},"properties":{"OBJECTID":4131,"FireType":1,"FireName":"","FireNo":"","FireYear":199192,"Label":"1991-92 Wildfire","StartDate":null,"EndDate":null,"Intensity":null,"AreaHa":2101.37197668,"PerimeterM":39793.23296693,"OFHObjMet":null,"ObjNotMet":null,"NPWSBranch":"BMTN","NPWSArea":"WOYE","VerDate":1788739200000,"Shape.STArea()":0.002026635739196876,"Shape.STLength()":0.39702168162603585}},{"type":"Feature","id":4133,"geometry":{"type":"Polygon","coordinates":[[[150.60145,-32.976726],[150.602126,-32.977831],[150.602801,-32.978195],[150.604324,-32.978468],[150.607183,-32.978378],[150.60846,-32.977808],[150.609788,-32.976959],[150.611309,-32.976916],[150.612048,-32.976479],[150.611581,-32.975532],[150.611367,-32.974752],[150.611283,-32.973903],[150.610965,-32.973383],[150.610252,-32.973243],[150.6087,-32.973673],[150.60759,-32.973589],[150.605312,-32.972779],[150.600475,-32.971658],[150.600226,-32.97214],[150.600747,-32.972646],[150.602889,-32.973355],[150.603598,-32.974063],[150.603274,-32.974958],[150.602295,-32.975534],[150.601746,-32.976083],[150.60145,-32.976726]]]},"properties":{"OBJECTID":4133,"FireType":1,"FireName":"","FireNo":"","FireYear":199192,"Label":"1991-92 Wildfire","StartDate":null,"EndDate":null,"Intensity":null,"AreaHa":47.27714189,"PerimeterM":3352.60785681,"OFHObjMet":null,"ObjNotMet":null,"NPWSBranch":"BMTN","NPWSArea":"WOYE","VerDate":1788739200000,"Shape.STArea()":4.56026035863676e-05,"Shape.STLength()":0.03408412165448124}},{"type":"Feature","id":4284,"geometry":{"type":"Polygon","coordinates":[[[150.581402,-32.928441],[150.581879,-32.928982],[150.581949,-32.929948],[150.582553,-32.930149],[150.583033,-32.929816],[150.584038,-32.929826],[150.586576,-32.93047],[150.587057,-32.931264],[150.587244,-32.93262],[150.587462,-32.932868],[150.587978,-32.933157],[150.588501,-32.933591],[150.58936,-32.936241],[150.589985,-32.937633],[150.59054,-32.938058],[150.59105,-32.938167],[150.591896,-32.937751],[150.592962,-32.936292],[150.594086,-32.935457],[150.594364,-32.935842],[150.594347,-32.936463],[150.593305,-32.937823],[150.593311,-32.9384],[150.59398,-32.938963],[150.594634,-32.939282],[150.597541,-32.938969],[150.598961,-32.939456],[150.601028,-32.940902],[150.601847,-32.94108],[150.606486,-32.939952],[150.610026,-32.938369],[150.611424,-32.937278],[150.611677,-32.936219],[150.611176,-32.935767],[150.608979,-32.935951],[150.607882,-32.935389],[150.607724,-32.934087],[150.60725,-32.933429],[150.606866,-32.933386],[150.606266,-32.933049],[150.605847,-32.93232],[150.605684,-32.930847],[150.605497,-32.930627],[150.60462,-32.930637],[150.603546,-32.931609],[150.603062,-32.931726],[150.602706,-32.931457],[150.602795,-32.930521],[150.602357,-32.930107],[150.601642,-32.930048],[150.600289,-32.93224],[150.597773,-32.933166],[150.596112,-32.934468],[150.595786,-32.934264],[150.595716,-32.933694],[150.596626,-32.932486],[150.597263,-32.931452],[150.597247,-32.930856],[150.59592,-32.930894],[150.592947,-32.932099],[150.592157,-32.932039],[150.591767,-32.931445],[150.592243,-32.930453],[150.592598,-32.928819],[150.592278,-32.927605],[150.59173,-32.927288],[150.590839,-32.927829],[150.588943,-32.92874],[150.587381,-32.929151],[150.586638,-32.928957],[150.586171,-32.928452],[150.586016,-32.927448],[150.584771,-32.926062],[150.584454,-32.925127],[150.583907,-32.92481],[150.583086,-32.924704],[150.581744,-32.925318],[150.580215,-32.926894],[150.581402,-32.928441]]]},"properties":{"OBJECTID":4284,"FireType":1,"FireName":"","FireNo":"","FireYear":199293,"Label":"1992-93 Wildfire","StartDate":null,"EndDate":null,"Intensity":null,"AreaHa":199.15733779,"PerimeterM":10039.13872287,"OFHObjMet":null,"ObjNotMet":null,"NPWSBranch":"BMTN","NPWSArea":"WOYE","VerDate":1788739200000,"Shape.STArea()":0.000192014983875828,"Shape.STLength()":0.09937591127116432}},{"type":"Feature","id":4428,"geometry":{"type":"Polygon","coordinates":[[[150.59445,-32.949234],[150.592788,-32.949391],[150.592064,-32.950089],[150.596085,-32.950086],[150.597391,-32.950426],[150.598373,-32.950121],[150.598308,-32.949759],[150.59763,-32.949493],[150.596188,-32.949447],[150.59445,-32.949234]]]},"properties":{"OBJECTID":4428,"FireType":1,"FireName":"","FireNo":"","FireYear":199394,"Label":"1993-94 Wildfire","StartDate":null,"EndDate":null,"Intensity":null,"AreaHa":4.52437328,"PerimeterM":1270.8182649,"OFHObjMet":null,"ObjNotMet":null,"NPWSBranch":"BMTN","NPWSArea":"WOYE","VerDate":1788739200000,"Shape.STArea()":4.362862733028732e-06,"Shape.STLength()":0.013365812210112415}},{"type":"Feature","id":4646,"geometry":{"type":"Polygon","coordinates":[[[150.309873,-32.998598],[150.311332,-32.999206],[150.312489,-32.999836],[150.313908,-33.000344],[150.314937,-33.001322],[150.315231,-33.002581],[150.315431,-33.003037],[150.316283,-33.003533],[150.316224,-33.004767],[150.316999,-33.005333],[150.317661,-33.007142],[150.316321,-33.007934],[150.315816,-33.00905],[150.315003,-33.013621],[150.315214,-33.014428],[150.316474,-33.01487],[150.318605,-33.015187],[150.319298,-33.014552],[150.320032,-33.014361],[150.322641,-33.012677],[150.324189,-33.009599],[150.32573,-33.007468],[150.32702,-33.004809],[150.328096,-33.004264],[150.330625,-33.005545],[150.33303,-33.005623],[150.332887,-33.006476],[150.332027,-33.007315],[150.33078,-33.007513],[150.329856,-33.006195],[150.328726,-33.005702],[150.328045,-33.00594],[150.327673,-33.00797],[150.326885,-33.009287],[150.326203,-33.009183],[150.325639,-33.009441],[150.324822,-33.011317],[150.322643,-33.014029],[150.3206,-33.01541],[150.320134,-33.016653],[150.320694,-33.017936],[150.320014,-33.020627],[150.320064,-33.022124],[150.320813,-33.022501],[150.32221,-33.022666],[150.322972,-33.022953],[150.323049,-33.023947],[150.323598,-33.024554],[150.326347,-33.024261],[150.327283,-33.024804],[150.326863,-33.026643],[150.326771,-33.027588],[150.327837,-33.02808],[150.328481,-33.027661],[150.328894,-33.026389],[150.331213,-33.023653],[150.332277,-33.023522],[150.333243,-33.024147],[150.333528,-33.024992],[150.335047,-33.025709],[150.336551,-33.027662],[150.337483,-33.028016],[150.33795,-33.027782],[150.337624,-33.026522],[150.337799,-33.026021],[150.340439,-33.027222],[150.341557,-33.02849],[150.342242,-33.028847],[150.343528,-33.028812],[150.344898,-33.027732],[150.346654,-33.027003],[150.347364,-33.027243],[150.347389,-33.028524],[150.347737,-33.029415],[150.349772,-33.030468],[150.351433,-33.030377],[150.352468,-33.030508],[150.35539,-33.031931],[150.363385,-33.03412],[150.365837,-33.035164],[150.36855,-33.036114],[150.370088,-33.035497],[150.372789,-33.033922],[150.374573,-33.031904],[150.375793,-33.031542],[150.376922,-33.032097],[150.380011,-33.032604],[150.380805,-33.032891],[150.380658,-33.033537],[150.379605,-33.034038],[150.379889,-33.03454],[150.381743,-33.034858],[150.383284,-33.035594],[150.383407,-33.036138],[150.381728,-33.036806],[150.381523,-33.037568],[150.382476,-33.039021],[150.384208,-33.039806],[150.385396,-33.040543],[150.386858,-33.041079],[150.387638,-33.042186],[150.385298,-33.04385],[150.384602,-33.045675],[150.382598,-33.046463],[150.379507,-33.048526],[150.37925,-33.049629],[150.377738,-33.050436],[150.377517,-33.051748],[150.37731,-33.05223],[150.375873,-33.052642],[150.375254,-33.052944],[150.374086,-33.054777],[150.37415,-33.057673],[150.3714,-33.062294],[150.370819,-33.064536],[150.369867,-33.06631],[150.369081,-33.066465],[150.36812,-33.065994],[150.366703,-33.066108],[150.365245,-33.066907],[150.36477,-33.068087],[150.3654,-33.069245],[150.365421,-33.070346],[150.364879,-33.07056],[150.364672,-33.071042],[150.36506,-33.071664],[150.365246,-33.072596],[150.364576,-33.073159],[150.364707,-33.074514],[150.366488,-33.076211],[150.36699,-33.076988],[150.367514,-33.080218],[150.368126,-33.080547],[150.369757,-33.080437],[150.371023,-33.080716],[150.371845,-33.081166],[150.37176,-33.082219],[150.372057,-33.083776],[150.372855,-33.083955],[150.374103,-33.083405],[150.374801,-33.081535],[150.376268,-33.079753],[150.376319,-33.078375],[150.375524,-33.077024],[150.37617,-33.076542],[150.37689,-33.076827],[150.377097,-33.077787],[150.377383,-33.078262],[150.377908,-33.078625],[150.381481,-33.078736],[150.382653,-33.07895],[150.382368,-33.07953],[150.381504,-33.079791],[150.380378,-33.079461],[150.378958,-33.079693],[150.376645,-33.081123],[150.375376,-33.083071],[150.375308,-33.083917],[150.376385,-33.084796],[150.376723,-33.085344],[150.376295,-33.085678],[150.375034,-33.085209],[150.373966,-33.085133],[150.371557,-33.085803],[150.369923,-33.086355],[150.368265,-33.086654],[150.367628,-33.08756],[150.367933,-33.088819],[150.369899,-33.088978],[150.370345,-33.089456],[150.370133,-33.090119],[150.368968,-33.090392],[150.368119,-33.090122],[150.367412,-33.090116],[150.366769,-33.090833],[150.365735,-33.091027],[150.365264,-33.090666],[150.364949,-33.0901],[150.364221,-33.090084],[150.363464,-33.090691],[150.36319,-33.091983],[150.362876,-33.092445],[150.361941,-33.092552],[150.360826,-33.092564],[150.360408,-33.093304],[150.360504,-33.094388],[150.361149,-33.095023],[150.362863,-33.096097],[150.363925,-33.097481],[150.363166,-33.098141],[150.361964,-33.097854],[150.361325,-33.097038],[150.360422,-33.096793],[150.357079,-33.097507],[150.353926,-33.098008],[150.351169,-33.099563],[150.351268,-33.100206],[150.353825,-33.10136],[150.354573,-33.102133],[150.354154,-33.1029],[150.353582,-33.103041],[150.353108,-33.102769],[150.35178,-33.10275],[150.350156,-33.103338],[150.350411,-33.104118],[150.351371,-33.104608],[150.351979,-33.105062],[150.352121,-33.106391],[150.353185,-33.10663],[150.354028,-33.107811],[150.353958,-33.108729],[150.353511,-33.109333],[150.350449,-33.108916],[150.348888,-33.109883],[150.349801,-33.110859],[150.351821,-33.112092],[150.353521,-33.111515],[150.354588,-33.111664],[150.356246,-33.114232],[150.356938,-33.114752],[150.35861,-33.114706],[150.360436,-33.113492],[150.362477,-33.113319],[150.365228,-33.114459],[150.365901,-33.115276],[150.368066,-33.11561],[150.368884,-33.116907],[150.371346,-33.117338],[150.372258,-33.118016],[150.371505,-33.119902],[150.370068,-33.120683],[150.370075,-33.121161],[150.371901,-33.122444],[150.373407,-33.122611],[150.374749,-33.121098],[150.375631,-33.12026],[150.374604,-33.116604],[150.374896,-33.11469],[150.376177,-33.11341],[150.376626,-33.112391],[150.3776,-33.112403],[150.378471,-33.112304],[150.380012,-33.11129],[150.381821,-33.110256],[150.385892,-33.110612],[150.38943,-33.113066],[150.390501,-33.11344],[150.392532,-33.11287],[150.395585,-33.113997],[150.396479,-33.113818],[150.396624,-33.112901],[150.396033,-33.111509],[150.39756,-33.107331],[150.396204,-33.106455],[150.395851,-33.104969],[150.396411,-33.104502],[150.396917,-33.105523],[150.398465,-33.106078],[150.398977,-33.104673],[150.400084,-33.1042],[150.401298,-33.104821],[150.401664,-33.105487],[150.4004,-33.106209],[150.400131,-33.107682],[150.398643,-33.108742],[150.398449,-33.109504],[150.400732,-33.110571],[150.403363,-33.111085],[150.407212,-33.109885],[150.407977,-33.110126],[150.409816,-33.112076],[150.409408,-33.113204],[150.409336,-33.113824],[150.409996,-33.113973],[150.410695,-33.113528],[150.410906,-33.11181],[150.410824,-33.110564],[150.411684,-33.109753],[150.413207,-33.109685],[150.415837,-33.111714],[150.417953,-33.112263],[150.420102,-33.114986],[150.422982,-33.115424],[150.424577,-33.114736],[150.425824,-33.113138],[150.427524,-33.112146],[150.427832,-33.111151],[150.425975,-33.110905],[150.425969,-33.109255],[150.425683,-33.108429],[150.42564,-33.107671],[150.424869,-33.107321],[150.422858,-33.107938],[150.42155,-33.107965],[150.421405,-33.107439],[150.422456,-33.107028],[150.424579,-33.106585],[150.426145,-33.105788],[150.427004,-33.105012],[150.429071,-33.108706],[150.430238,-33.110182],[150.432331,-33.110793],[150.437409,-33.110077],[150.437969,-33.109241],[150.438942,-33.108567],[150.439755,-33.108602],[150.44004,-33.109122],[150.439999,-33.109788],[150.441673,-33.110453],[150.440766,-33.111427],[150.44084,-33.112213],[150.440088,-33.112657],[150.439236,-33.113956],[150.43991,-33.1147],[150.441054,-33.116274],[150.44498,-33.11576],[150.446203,-33.114595],[150.446459,-33.112409],[150.448184,-33.110939],[150.452434,-33.110665],[150.453927,-33.11166],[150.455412,-33.112187],[150.457969,-33.111941],[150.460656,-33.109769],[150.462557,-33.109627],[150.463313,-33.110508],[150.463784,-33.110915],[150.465132,-33.111357],[150.465043,-33.112572],[150.464082,-33.113211],[150.461654,-33.11345],[150.460624,-33.113853],[150.460475,-33.114571],[150.461315,-33.115526],[150.461388,-33.116718],[150.460356,-33.11795],[150.460209,-33.118614],[150.460711,-33.119409],[150.461189,-33.119914],[150.461482,-33.120921],[150.462103,-33.120537],[150.462964,-33.120411],[150.46355,-33.120891],[150.465202,-33.122701],[150.465179,-33.124243],[150.465725,-33.124623],[150.467318,-33.124755],[150.470586,-33.121774],[150.470596,-33.121062],[150.469984,-33.120725],[150.468542,-33.120957],[150.467651,-33.121011],[150.467284,-33.120372],[150.468984,-33.119749],[150.46941,-33.119099],[150.468567,-33.118198],[150.468442,-33.117348],[150.469086,-33.116541],[150.469901,-33.116548],[150.470658,-33.117411],[150.470611,-33.119042],[150.471734,-33.120634],[150.472552,-33.120849],[150.472445,-33.119729],[150.472824,-33.11924],[150.473838,-33.11936],[150.474815,-33.120796],[150.477918,-33.121318],[150.480841,-33.120638],[150.481689,-33.119456],[150.484971,-33.118233],[150.48588,-33.118657],[150.485628,-33.119626],[150.48359,-33.120072],[150.483064,-33.120836],[150.481123,-33.122014],[150.479931,-33.124001],[150.479165,-33.124932],[150.476148,-33.125872],[150.476633,-33.126919],[150.479459,-33.127382],[150.480037,-33.12779],[150.48147,-33.128252],[150.483972,-33.129222],[150.486396,-33.130633],[150.488036,-33.131739],[150.49135,-33.132401],[150.492389,-33.132818],[150.493654,-33.134296],[150.495007,-33.134963],[150.496102,-33.136401],[150.497448,-33.136951],[150.499245,-33.136698],[150.49919,-33.135615],[150.498404,-33.134229],[150.49861,-33.133746],[150.499371,-33.133752],[150.500178,-33.134382],[150.501405,-33.136101],[150.501669,-33.13736],[150.503452,-33.138757],[150.504328,-33.138856],[150.504797,-33.13818],[150.504025,-33.136677],[150.502863,-33.135689],[150.50263,-33.134846],[150.503514,-33.134304],[150.504818,-33.135178],[150.506709,-33.138038],[150.50763,-33.138066],[150.509795,-33.134638],[150.510704,-33.133574],[150.511517,-33.132111],[150.511357,-33.131314],[150.510827,-33.130727],[150.511108,-33.129894],[150.511336,-33.127509],[150.511935,-33.126394],[150.512766,-33.126951],[150.513204,-33.128141],[150.513489,-33.129833],[150.514025,-33.130953],[150.514226,-33.13258],[150.512191,-33.134424],[150.509585,-33.138655],[150.508848,-33.139704],[150.506633,-33.140724],[150.505641,-33.141678],[150.505343,-33.143132],[150.506174,-33.144817],[150.506803,-33.144938],[150.512146,-33.140933],[150.514111,-33.141207],[150.517276,-33.139936],[150.518312,-33.138568],[150.519213,-33.138513],[150.518878,-33.13939],[150.517606,-33.14115],[150.516231,-33.142025],[150.513249,-33.142867],[150.510844,-33.143802],[150.509677,-33.145266],[150.509688,-33.145997],[150.510918,-33.148735],[150.511117,-33.15121],[150.508872,-33.152481],[150.50873,-33.153335],[150.509924,-33.154351],[150.509977,-33.155497],[150.512054,-33.158262],[150.514156,-33.158204],[150.515933,-33.158312],[150.516956,-33.158891],[150.517701,-33.159456],[150.519435,-33.158788],[150.520095,-33.158963],[150.521238,-33.158715],[150.523417,-33.155954],[150.524724,-33.15598],[150.526166,-33.156938],[150.527896,-33.157189],[150.530532,-33.154554],[150.531019,-33.154365],[150.531598,-33.154359],[150.531676,-33.155776],[150.531151,-33.156541],[150.530895,-33.158429],[150.531636,-33.159905],[150.531632,-33.161194],[150.532113,-33.1616],[150.533005,-33.161537],[150.534534,-33.161288],[150.535165,-33.161363],[150.535093,-33.163156],[150.53654,-33.164303],[150.538907,-33.166703],[150.54015,-33.167115],[150.542407,-33.166898],[150.542922,-33.165349],[150.543516,-33.164053],[150.544572,-33.163857],[150.546288,-33.164613],[150.547697,-33.165578],[150.549362,-33.165476],[150.549893,-33.166045],[150.550939,-33.16658],[150.551872,-33.166589],[150.552162,-33.165026],[150.550688,-33.162499],[150.550564,-33.160414],[150.548518,-33.158038],[150.550313,-33.157875],[150.551127,-33.15754],[150.551097,-33.156295],[150.549761,-33.155376],[150.548063,-33.155153],[150.547917,-33.154627],[150.549217,-33.15413],[150.55128,-33.154711],[150.552776,-33.155678],[150.553687,-33.15722],[150.555988,-33.158104],[150.557329,-33.158085],[150.558047,-33.156945],[150.558717,-33.155191],[150.558456,-33.15341],[150.556511,-33.152019],[150.555539,-33.151116],[150.554603,-33.150854],[150.55314,-33.150276],[150.552139,-33.149264],[150.552435,-33.147881],[150.553218,-33.147482],[150.554599,-33.148302],[150.555172,-33.149288],[150.557307,-33.150745],[150.559108,-33.152295],[150.559995,-33.153954],[150.560803,-33.15727],[150.56139,-33.158913],[150.562475,-33.159999],[150.563516,-33.159956],[150.56365,-33.158624],[150.563873,-33.157519],[150.564435,-33.157377],[150.565781,-33.155194],[150.567895,-33.154361],[150.569869,-33.153894],[150.571732,-33.152831],[150.57276,-33.1513],[150.572922,-33.150077],[150.571822,-33.148396],[150.57015,-33.146822],[150.567925,-33.146282],[150.566895,-33.145523],[150.566242,-33.143968],[150.565276,-33.142443],[150.565176,-33.14025],[150.56486,-33.137341],[150.565227,-33.136482],[150.566172,-33.137547],[150.566629,-33.13926],[150.566924,-33.141781],[150.568532,-33.144094],[150.570087,-33.145215],[150.571839,-33.145439],[150.572626,-33.146437],[150.574068,-33.146231],[150.574588,-33.14524],[150.574813,-33.144081],[150.575808,-33.142604],[150.575731,-33.141502],[150.576335,-33.14018],[150.576326,-33.138574],[150.576807,-33.138223],[150.577575,-33.139545],[150.576945,-33.141003],[150.576593,-33.14445],[150.576141,-33.146451],[150.575189,-33.147569],[150.574718,-33.148723],[150.574945,-33.150188],[150.574578,-33.15184],[150.572393,-33.153349],[150.571976,-33.154062],[150.572186,-33.155004],[150.57398,-33.155661],[150.575014,-33.156655],[150.574461,-33.158799],[150.574324,-33.159905],[150.575052,-33.160713],[150.575244,-33.162322],[150.575898,-33.16348],[150.577017,-33.163321],[150.578496,-33.163738],[150.579706,-33.163788],[150.58005,-33.162172],[150.583012,-33.159326],[150.584098,-33.159239],[150.584857,-33.160074],[150.585962,-33.160429],[150.5874,-33.160403],[150.588246,-33.16005],[150.588225,-33.15922],[150.586498,-33.157707],[150.585964,-33.156868],[150.586348,-33.155739],[150.586358,-33.153836],[150.586832,-33.15335],[150.587629,-33.153609],[150.588725,-33.155866],[150.589972,-33.15809],[150.590721,-33.158511],[150.593113,-33.156916],[150.594418,-33.156598],[150.597883,-33.158099],[150.601282,-33.15729],[150.602143,-33.155575],[150.603181,-33.155631],[150.60407,-33.156469],[150.606583,-33.1575],[150.607364,-33.158318],[150.607982,-33.16044],[150.609157,-33.160606],[150.609445,-33.159845],[150.610308,-33.160448],[150.611184,-33.160573],[150.61198,-33.160859],[150.612454,-33.161562],[150.613283,-33.161849],[150.614674,-33.161939],[150.615105,-33.161469],[150.614358,-33.159759],[150.614764,-33.158631],[150.616069,-33.158331],[150.617199,-33.158957],[150.617373,-33.160448],[150.618105,-33.161535],[150.619157,-33.161087],[150.621199,-33.161667],[150.621976,-33.161086],[150.62684,-33.160431],[150.630591,-33.164434],[150.631356,-33.166693],[150.630799,-33.167458],[150.629475,-33.168055],[150.628597,-33.167633],[150.628193,-33.166696],[150.627311,-33.166409],[150.625245,-33.166676],[150.624424,-33.167725],[150.624355,-33.169491],[150.623416,-33.17051],[150.623134,-33.171415],[150.623799,-33.171788],[150.624705,-33.172806],[150.624488,-33.174461],[150.624462,-33.175426],[150.625739,-33.176577],[150.625479,-33.177086],[150.624004,-33.176905],[150.623217,-33.177079],[150.622875,-33.177821],[150.623687,-33.17872],[150.627392,-33.180495],[150.631041,-33.180393],[150.632355,-33.179381],[150.632655,-33.178206],[150.633574,-33.177511],[150.634399,-33.177932],[150.635389,-33.181792],[150.633591,-33.182849],[150.63254,-33.183668],[150.632208,-33.184825],[150.631582,-33.185778],[150.629322,-33.186086],[150.628893,-33.186484],[150.629525,-33.187713],[150.629431,-33.188424],[150.62889,-33.188964],[150.627787,-33.189303],[150.626979,-33.189865],[150.626375,-33.191161],[150.627101,-33.19168],[150.628939,-33.191922],[150.630962,-33.190879],[150.631801,-33.190795],[150.632904,-33.192061],[150.634152,-33.194312],[150.634977,-33.194733],[150.636289,-33.194578],[150.637111,-33.194746],[150.637936,-33.195168],[150.638683,-33.195317],[150.640416,-33.194674],[150.641238,-33.194816],[150.642092,-33.195355],[150.642639,-33.195365],[150.644012,-33.194562],[150.645205,-33.194061],[150.645896,-33.194264],[150.646666,-33.195965],[150.645846,-33.196941],[150.643048,-33.198917],[150.642456,-33.200186],[150.64707,-33.2025],[150.646867,-33.203263],[150.645755,-33.203531],[150.644706,-33.204286],[150.642296,-33.204962],[150.640526,-33.205334],[150.639287,-33.20715],[150.640872,-33.208433],[150.641894,-33.20995],[150.641551,-33.21071],[150.640503,-33.21142],[150.640146,-33.212315],[150.64054,-33.213233],[150.642096,-33.213984],[150.643322,-33.215089],[150.644141,-33.21735],[150.643437,-33.218004],[150.641915,-33.217957],[150.640978,-33.217696],[150.640135,-33.217896],[150.639709,-33.21861],[150.642496,-33.219871],[150.645603,-33.221634],[150.646027,-33.224608],[150.646991,-33.226268],[150.647209,-33.227372],[150.646391,-33.228664],[150.64517,-33.231391],[150.643131,-33.232984],[150.640012,-33.233656],[150.639097,-33.235397],[150.640411,-33.236792],[150.642058,-33.238194],[150.644043,-33.239007],[150.645399,-33.240043],[150.647735,-33.240574],[150.647775,-33.237482],[150.648836,-33.235094],[150.65131,-33.233265],[150.657095,-33.232004],[150.65887,-33.230622],[150.660611,-33.228112],[150.662549,-33.225831],[150.665533,-33.223741],[150.669743,-33.220339],[150.672805,-33.218548],[150.673375,-33.218108],[150.675198,-33.217312],[150.673572,-33.219978],[150.672897,-33.221183],[150.672644,-33.2218],[150.672965,-33.223862],[150.673464,-33.225269],[150.673989,-33.225721],[150.675304,-33.225863],[150.678471,-33.225381],[150.679751,-33.22526],[150.680549,-33.225528],[150.681345,-33.226273],[150.682114,-33.227207],[150.682778,-33.228058],[150.683572,-33.22929],[150.684952,-33.231047],[150.685508,-33.231553],[150.686141,-33.231529],[150.686777,-33.231009],[150.687675,-33.229916],[150.689463,-33.226803],[150.690768,-33.225736],[150.691957,-33.224595],[150.693151,-33.223652],[150.694408,-33.223179],[150.694921,-33.223243],[150.695578,-33.223977],[150.697749,-33.225063],[150.701072,-33.226387],[150.703854,-33.227069],[150.704429,-33.226855],[150.704753,-33.226365],[150.704798,-33.22586],[150.703576,-33.221311],[150.703622,-33.220356],[150.703107,-33.218309],[150.702727,-33.21603],[150.702864,-33.215284],[150.703412,-33.214843],[150.704001,-33.21489],[150.705422,-33.216747],[150.706893,-33.222446],[150.707679,-33.224813],[150.70802,-33.224919],[150.709117,-33.224822],[150.709937,-33.224621],[150.71057,-33.224227],[150.711074,-33.223397],[150.711522,-33.221458],[150.7115,-33.219798],[150.71185,-33.21875],[150.712504,-33.218347],[150.713093,-33.218385],[150.713641,-33.219152],[150.71443,-33.220582],[150.714916,-33.220898],[150.715542,-33.221162],[150.716055,-33.22164],[150.716359,-33.22234],[150.716455,-33.22401],[150.716061,-33.228412],[150.715833,-33.229752],[150.715601,-33.230415],[150.71562,-33.230956],[150.716232,-33.234231],[150.716576,-33.235013],[150.717061,-33.235347],[150.718744,-33.235829],[150.721469,-33.236248],[150.722235,-33.236091],[150.722898,-33.235787],[150.723276,-33.235253],[150.723471,-33.234355],[150.72327,-33.232611],[150.722791,-33.230375],[150.722674,-33.228669],[150.722802,-33.22666],[150.72326,-33.225136],[150.72369,-33.224657],[150.724186,-33.224558],[150.725281,-33.224542],[150.727585,-33.225062],[150.728209,-33.225434],[150.728626,-33.225901],[150.728734,-33.226282],[150.728617,-33.226667],[150.727231,-33.22795],[150.72704,-33.228307],[150.726876,-33.228836],[150.726963,-33.229631],[150.727361,-33.230423],[150.727939,-33.230866],[150.730302,-33.231604],[150.730577,-33.231753],[150.730836,-33.232109],[150.731049,-33.233024],[150.730934,-33.233292],[150.729733,-33.234118],[150.729118,-33.234666],[150.72848,-33.236088],[150.728425,-33.236556],[150.728574,-33.237027],[150.728878,-33.237304],[150.729576,-33.237704],[150.730109,-33.237822],[150.732138,-33.237778],[150.732776,-33.237609],[150.733256,-33.237293],[150.734092,-33.234838],[150.735132,-33.233216],[150.735633,-33.2329],[150.736097,-33.232818],[150.736771,-33.232876],[150.737046,-33.233061],[150.737252,-33.233389],[150.737429,-33.234024],[150.737321,-33.235699],[150.736879,-33.237044],[150.736429,-33.23782],[150.73623,-33.238484],[150.735859,-33.239135],[150.735339,-33.239757],[150.735306,-33.240189],[150.735439,-33.240453],[150.735714,-33.240593],[150.736195,-33.240665],[150.738482,-33.240599],[150.73895,-33.240364],[150.739204,-33.240062],[150.739241,-33.239494],[150.739156,-33.2386],[150.739367,-33.237909],[150.740766,-33.236095],[150.741507,-33.23564],[150.742023,-33.235604],[150.7425,-33.235856],[150.742769,-33.23624],[150.742809,-33.23716],[150.743042,-33.237697],[150.743585,-33.238302],[150.744739,-33.238918],[150.745505,-33.239166],[150.746179,-33.239223],[150.746836,-33.239136],[150.747196,-33.238917],[150.747338,-33.238397],[150.747332,-33.237784],[150.746655,-33.235337],[150.744438,-33.233511],[150.744119,-33.232973],[150.743891,-33.232248],[150.743751,-33.231416],[150.743758,-33.230712],[150.743928,-33.230382],[150.744319,-33.2302],[150.745594,-33.229844],[150.746762,-33.22991],[150.748032,-33.230168],[150.750062,-33.230908],[150.751012,-33.231132],[150.751115,-33.232541],[150.751132,-33.234814],[150.752989,-33.238535],[150.753462,-33.23977],[150.755347,-33.243285],[150.756514,-33.245055],[150.759647,-33.248015],[150.761939,-33.249472],[150.76323,-33.251019],[150.764658,-33.252244],[150.767375,-33.255548],[150.768602,-33.257536],[150.76918,-33.258024],[150.770025,-33.258139],[150.771104,-33.257915],[150.771558,-33.257382],[150.771802,-33.255772],[150.772124,-33.255345],[150.773755,-33.254518],[150.774448,-33.253854],[150.774789,-33.253102],[150.774712,-33.252353],[150.774151,-33.251206],[150.772869,-33.249696],[150.77243,-33.248371],[150.772766,-33.248269],[150.772663,-33.248069],[150.771395,-33.247721],[150.76963,-33.2475],[150.76898,-33.247317],[150.767935,-33.246631],[150.767141,-33.245355],[150.766879,-33.245125],[150.764829,-33.244276],[150.763844,-33.243366],[150.763575,-33.242964],[150.763329,-33.242103],[150.762851,-33.241048],[150.762822,-33.240101],[150.763129,-33.238556],[150.76291,-33.237479],[150.762659,-33.236798],[150.762678,-33.236492],[150.763249,-33.235546],[150.763897,-33.234954],[150.764527,-33.23464],[150.765183,-33.234589],[150.765778,-33.234825],[150.766152,-33.235319],[150.766334,-33.235746],[150.766398,-33.236171],[150.765284,-33.238631],[150.764992,-33.23913],[150.764439,-33.239797],[150.764141,-33.24054],[150.764074,-33.241503],[150.764324,-33.242608],[150.764614,-33.243028],[150.765088,-33.243397],[150.76566,-33.243687],[150.767235,-33.244202],[150.767753,-33.244491],[150.768787,-33.245619],[150.769186,-33.245987],[150.76965,-33.246274],[150.770522,-33.246606],[150.771664,-33.246861],[150.77318,-33.247573],[150.775362,-33.250002],[150.77644,-33.251509],[150.778122,-33.252873],[150.778569,-33.253449],[150.77941,-33.253717],[150.780034,-33.253647],[150.780908,-33.25304],[150.78191,-33.252481],[150.783197,-33.252089],[150.784269,-33.252127],[150.785595,-33.253593],[150.785895,-33.254464],[150.785913,-33.255014],[150.785594,-33.255757],[150.784329,-33.256961],[150.78377,-33.257853],[150.783686,-33.258627],[150.78384,-33.25936],[150.78425,-33.259674],[150.785521,-33.259931],[150.786403,-33.259874],[150.787771,-33.259231],[150.788883,-33.258142],[150.789919,-33.256628],[150.791071,-33.255629],[150.791695,-33.255577],[150.792377,-33.255769],[150.793294,-33.256877],[150.793818,-33.257364],[150.794651,-33.257956],[150.795756,-33.258381],[150.796708,-33.258939],[150.797666,-33.25929],[150.801057,-33.259711],[150.801745,-33.259669],[150.802127,-33.259432],[150.80273,-33.258496],[150.80321,-33.25735],[150.80335,-33.256442],[150.803002,-33.254506],[150.802609,-33.253904],[150.801767,-33.253249],[150.800892,-33.252187],[150.801215,-33.251264],[150.801835,-33.250545],[150.803898,-33.249571],[150.805076,-33.248817],[150.805894,-33.248705],[150.806628,-33.248997],[150.807358,-33.250255],[150.808061,-33.251322],[150.808281,-33.251542],[150.809925,-33.252338],[150.81064,-33.252495],[150.813394,-33.252227],[150.816832,-33.252071],[150.819672,-33.251797],[150.820862,-33.251448],[150.821678,-33.250966],[150.822104,-33.250261],[150.822184,-33.249604],[150.822028,-33.248574],[150.821807,-33.248371],[150.821415,-33.248184],[150.816619,-33.247279],[150.813355,-33.246888],[150.811815,-33.247105],[150.811185,-33.246986],[150.810688,-33.246697],[150.810427,-33.246386],[150.810292,-33.245798],[150.810373,-33.244699],[150.810257,-33.243317],[150.80995,-33.241427],[150.809619,-33.240943],[150.809203,-33.240855],[150.808673,-33.24099],[150.807253,-33.242002],[150.804217,-33.243274],[150.80268,-33.24377],[150.800714,-33.244285],[150.799053,-33.244625],[150.796673,-33.24498],[150.796138,-33.244916],[150.795371,-33.244659],[150.794768,-33.244315],[150.794594,-33.244005],[150.79475,-33.242493],[150.794962,-33.241739],[150.79551,-33.240865],[150.795971,-33.24045],[150.798698,-33.238262],[150.800073,-33.237321],[150.801719,-33.236719],[150.802237,-33.236629],[150.802687,-33.236646],[150.80337,-33.236811],[150.803993,-33.236777],[150.804555,-33.236625],[150.80563,-33.236085],[150.806463,-33.235829],[150.80717,-33.235896],[150.807901,-33.236269],[150.808892,-33.236539],[150.810016,-33.236658],[150.811506,-33.236693],[150.811922,-33.236782],[150.81211,-33.23702],[150.812229,-33.237409],[150.812653,-33.237615],[150.813596,-33.237677],[150.816888,-33.237329],[150.817826,-33.237156],[150.819298,-33.237083],[150.821418,-33.236381],[150.823597,-33.235499],[150.824667,-33.235175],[150.825495,-33.235126],[150.825877,-33.235277],[150.82599,-33.235929],[150.8262,-33.236104],[150.82701,-33.236307],[150.827358,-33.236998],[150.827559,-33.237128],[150.827954,-33.237189],[150.828333,-33.237079],[150.829445,-33.236368],[150.829789,-33.235887],[150.829768,-33.235426],[150.829103,-33.235018],[150.827627,-33.234388],[150.826527,-33.23417],[150.82567,-33.234119],[150.824423,-33.233782],[150.823585,-33.233821],[150.822707,-33.233752],[150.820807,-33.233331],[150.820404,-33.233153],[150.820111,-33.232823],[150.82007,-33.232326],[150.820466,-33.231954],[150.820966,-33.231693],[150.821829,-33.231509],[150.825955,-33.231266],[150.826991,-33.231013],[150.829177,-33.230285],[150.83086,-33.229918],[150.83339,-33.229556],[150.835038,-33.229738],[150.835469,-33.229646],[150.836067,-33.229332],[150.836389,-33.228905],[150.836387,-33.228526],[150.835299,-33.226974],[150.835073,-33.226556],[150.834987,-33.226148],[150.835151,-33.225601],[150.835394,-33.225308],[150.837468,-33.224307],[150.83819,-33.223742],[150.838772,-33.222769],[150.838887,-33.221987],[150.838719,-33.221398],[150.838388,-33.220932],[150.838363,-33.219751],[150.838045,-33.21915],[150.837591,-33.218862],[150.837164,-33.218765],[150.834874,-33.218959],[150.834126,-33.218865],[150.830583,-33.218957],[150.829981,-33.219018],[150.827651,-33.21951],[150.826667,-33.21942],[150.826188,-33.219232],[150.825905,-33.218965],[150.825744,-33.218548],[150.825884,-33.21809],[150.826093,-33.217877],[150.827615,-33.217056],[150.827742,-33.216725],[150.82748,-33.216035],[150.827035,-33.215784],[150.824329,-33.215475],[150.822704,-33.215663],[150.822018,-33.215642],[150.82104,-33.215291],[150.820726,-33.214997],[150.819875,-33.213377],[150.818423,-33.212261],[150.817923,-33.212062],[150.816633,-33.212184],[150.816056,-33.212535],[150.81404,-33.215096],[150.813648,-33.21573],[150.812792,-33.218663],[150.812414,-33.219189],[150.809994,-33.221599],[150.809553,-33.221636],[150.80916,-33.221503],[150.808887,-33.221246],[150.808682,-33.220881],[150.808642,-33.220321],[150.808846,-33.219468],[150.809131,-33.218788],[150.809578,-33.218066],[150.810469,-33.21589],[150.811772,-33.213523],[150.812642,-33.212628],[150.813666,-33.211988],[150.817024,-33.210279],[150.817789,-33.209679],[150.818232,-33.209155],[150.818649,-33.208333],[150.818722,-33.207532],[150.81853,-33.207068],[150.818095,-33.206862],[150.81726,-33.206803],[150.815922,-33.207131],[150.814403,-33.207826],[150.813444,-33.208404],[150.812481,-33.208748],[150.810288,-33.209818],[150.807458,-33.211869],[150.806628,-33.212892],[150.805352,-33.215015],[150.80474,-33.215455],[150.804177,-33.215662],[150.803276,-33.215655],[150.80238,-33.215477],[150.80201,-33.215254],[150.800694,-33.213382],[150.800505,-33.212793],[150.800615,-33.21183],[150.800806,-33.211472],[150.801443,-33.210907],[150.801512,-33.210709],[150.801453,-33.210077],[150.80153,-33.209564],[150.801808,-33.209155],[150.802278,-33.208829],[150.805719,-33.207628],[150.808828,-33.206826],[150.811935,-33.205248],[150.812877,-33.204931],[150.81353,-33.204537],[150.813612,-33.204259],[150.813536,-33.20387],[150.812984,-33.203626],[150.808767,-33.203678],[150.804859,-33.204285],[150.804013,-33.204207],[150.803498,-33.203774],[150.803347,-33.203384],[150.802282,-33.198784],[150.801749,-33.197801],[150.800473,-33.196083],[150.800014,-33.195561],[150.799602,-33.19531],[150.798171,-33.195068],[150.797677,-33.195087],[150.797341,-33.195234],[150.795735,-33.196396],[150.793757,-33.197425],[150.792141,-33.197739],[150.7918,-33.197624],[150.791124,-33.196792],[150.790874,-33.196057],[150.790857,-33.19548],[150.791052,-33.194978],[150.791894,-33.193893],[150.79291,-33.193163],[150.7944,-33.192341],[150.795266,-33.19159],[150.795816,-33.190617],[150.795994,-33.189926],[150.79606,-33.188998],[150.795728,-33.188532],[150.79525,-33.188371],[150.793864,-33.188481],[150.793119,-33.188676],[150.791051,-33.18945],[150.787928,-33.191226],[150.786582,-33.191472],[150.785964,-33.191308],[150.7855,-33.190993],[150.785135,-33.190139],[150.784992,-33.189415],[150.785025,-33.188965],[150.785872,-33.188114],[150.787329,-33.187355],[150.789738,-33.18665],[150.792743,-33.186135],[150.795049,-33.186113],[150.797266,-33.186251],[150.798907,-33.186217],[150.80076,-33.186331],[150.802792,-33.186538],[150.805679,-33.187743],[150.806751,-33.18861],[150.807295,-33.189188],[150.80956,-33.190391],[150.810274,-33.190972],[150.810898,-33.191794],[150.810983,-33.192255],[150.810592,-33.193277],[150.81066,-33.193566],[150.810888,-33.193886],[150.81246,-33.194076],[150.813118,-33.193934],[150.814105,-33.193483],[150.81448,-33.193498],[150.815121,-33.194032],[150.815858,-33.194145],[150.816916,-33.193884],[150.817491,-33.193605],[150.817908,-33.193252],[150.818281,-33.192456],[150.818523,-33.192226],[150.819079,-33.192298],[150.820047,-33.193037],[150.820662,-33.193318],[150.822128,-33.193479],[150.823804,-33.193346],[150.825194,-33.193073],[150.82585,-33.192579],[150.826228,-33.192027],[150.826361,-33.191425],[150.82607,-33.189752],[150.825467,-33.187667],[150.824733,-33.187023],[150.824125,-33.186868],[150.821505,-33.186561],[150.820892,-33.186631],[150.816883,-33.187868],[150.81579,-33.188273],[150.814392,-33.188402],[150.816694,-33.186819],[150.818205,-33.185592],[150.820575,-33.18429],[150.821436,-33.183719],[150.82166,-33.183344],[150.821723,-33.182976],[150.821093,-33.182433],[150.820531,-33.182152],[150.819508,-33.181909],[150.818033,-33.181703],[150.814712,-33.181572],[150.811167,-33.180951],[150.810435,-33.181091],[150.809705,-33.181123],[150.805516,-33.180518],[150.804958,-33.180553],[150.802674,-33.180954],[150.79729,-33.181427],[150.79669,-33.18139],[150.795935,-33.181133],[150.79538,-33.180618],[150.79522,-33.180137],[150.795352,-33.179599],[150.795785,-33.179011],[150.796288,-33.178596],[150.796766,-33.17837],[150.798219,-33.178161],[150.800241,-33.178342],[150.801009,-33.17849],[150.803187,-33.178457],[150.803642,-33.178275],[150.803843,-33.177936],[150.803799,-33.177584],[150.803463,-33.177289],[150.80142,-33.176234],[150.799758,-33.174933],[150.799372,-33.174485],[150.798807,-33.173492],[150.79867,-33.172984],[150.798777,-33.172572],[150.798964,-33.172376],[150.799505,-33.172197],[150.800096,-33.172117],[150.800725,-33.172272],[150.801467,-33.172619],[150.802085,-33.173189],[150.803101,-33.175047],[150.804392,-33.176584],[150.804938,-33.177036],[150.806849,-33.178224],[150.807687,-33.17859],[150.809997,-33.179298],[150.812736,-33.179518],[150.818052,-33.179638],[150.820103,-33.17953],[150.823623,-33.179844],[150.827524,-33.179957],[150.828707,-33.179815],[150.829387,-33.179629],[150.829726,-33.179391],[150.8302,-33.178408],[150.830465,-33.177664],[150.83033,-33.177057],[150.830006,-33.176709],[150.829435,-33.176401],[150.828616,-33.176126],[150.827228,-33.175858],[150.824348,-33.175708],[150.819713,-33.175799],[150.816235,-33.175503],[150.815682,-33.175349],[150.811506,-33.172931],[150.807622,-33.17087],[150.806673,-33.170231],[150.806223,-33.169781],[150.806114,-33.169455],[150.806293,-33.168728],[150.806568,-33.168435],[150.806969,-33.16828],[150.807557,-33.168335],[150.811591,-33.169515],[150.812161,-33.169471],[150.812841,-33.169258],[150.813179,-33.169047],[150.813348,-33.168707],[150.813349,-33.167382],[150.812854,-33.166589],[150.812136,-33.166143],[150.81018,-33.165901],[150.809576,-33.16562],[150.807359,-33.164211],[150.806649,-33.1639],[150.805954,-33.163816],[150.804623,-33.164289],[150.803078,-33.16519],[150.801292,-33.165889],[150.799602,-33.166148],[150.797044,-33.165967],[150.795767,-33.166017],[150.793082,-33.166627],[150.791025,-33.167402],[150.790185,-33.167568],[150.788826,-33.167445],[150.787986,-33.167168],[150.787555,-33.166827],[150.787362,-33.166418],[150.787478,-33.164779],[150.787379,-33.164046],[150.787105,-33.163419],[150.786538,-33.162931],[150.785911,-33.162713],[150.784415,-33.162533],[150.78269,-33.162917],[150.780527,-33.163636],[150.779981,-33.161913],[150.779648,-33.161528],[150.779058,-33.161121],[150.777879,-33.160676],[150.777509,-33.160453],[150.776241,-33.159285],[150.774781,-33.158114],[150.773636,-33.157588],[150.771986,-33.157153],[150.771512,-33.156802],[150.77101,-33.1559],[150.770138,-33.153919],[150.769314,-33.153011],[150.768119,-33.151953],[150.766708,-33.150927],[150.764564,-33.14968],[150.763725,-33.149358],[150.760719,-33.149548],[150.760016,-33.149373],[150.759434,-33.149047],[150.759015,-33.148669],[150.758834,-33.148188],[150.758877,-33.147765],[150.759135,-33.147328],[150.759939,-33.146909],[150.763093,-33.146389],[150.763517,-33.146153],[150.765476,-33.1437],[150.765634,-33.142972],[150.765556,-33.14224],[150.76475,-33.139394],[150.764092,-33.138264],[150.763377,-33.137287],[150.762553,-33.136397],[150.761796,-33.135815],[150.761099,-33.135424],[150.759503,-33.134954],[150.758224,-33.134254],[150.756155,-33.133441],[150.755478,-33.133492],[150.754818,-33.13376],[150.753859,-33.134374],[150.753362,-33.134518],[150.753043,-33.134422],[150.752771,-33.134183],[150.752326,-33.133959],[150.751248,-33.133804],[150.749886,-33.133833],[150.746984,-33.13416],[150.745746,-33.133948],[150.74425,-33.13292],[150.743222,-33.132072],[150.74086,-33.131812],[150.73988,-33.130749],[150.73801,-33.130092],[150.736812,-33.127933],[150.73584,-33.127375],[150.733344,-33.125652],[150.731874,-33.124507],[150.733048,-33.123428],[150.732951,-33.12303],[150.732673,-33.122583],[150.731616,-33.122429],[150.729429,-33.122461],[150.726839,-33.122332],[150.725763,-33.121682],[150.725621,-33.120949],[150.725905,-33.120341],[150.727418,-33.11943],[150.731993,-33.118206],[150.734516,-33.117188],[150.735463,-33.116168],[150.735476,-33.115682],[150.735006,-33.115195],[150.734043,-33.115133],[150.730538,-33.115619],[150.727953,-33.115292],[150.727358,-33.115092],[150.726728,-33.114603],[150.726528,-33.114022],[150.726722,-33.113593],[150.72828,-33.112566],[150.731314,-33.111251],[150.731728,-33.110591],[150.731567,-33.110173],[150.73011,-33.10892],[150.728774,-33.107543],[150.72742,-33.105607],[150.726543,-33.103463],[150.726396,-33.101269],[150.726167,-33.100588],[150.726811,-33.099329],[150.72791,-33.09824],[150.730119,-33.097333],[150.730538,-33.096872],[150.730626,-33.096368],[150.730474,-33.096014],[150.730342,-33.095335],[150.730554,-33.094564],[150.730988,-33.093949],[150.730351,-33.092071],[150.730355,-33.090656],[150.730445,-33.089629],[150.731181,-33.088921],[150.732712,-33.088552],[150.73321,-33.088354],[150.733365,-33.08814],[150.733486,-33.08679],[150.733821,-33.08584],[150.734325,-33.085389],[150.735099,-33.084448],[150.735236,-33.083693],[150.734981,-33.08321],[150.730362,-33.080791],[150.729888,-33.08007],[150.729999,-33.079513],[150.730429,-33.078997],[150.731394,-33.078546],[150.733027,-33.07835],[150.734272,-33.078698],[150.735053,-33.078703],[150.735405,-33.078367],[150.736099,-33.07635],[150.736581,-33.075926],[150.737278,-33.075921],[150.73702,-33.073842],[150.735837,-33.073225],[150.734358,-33.073226],[150.732591,-33.074492],[150.731209,-33.074909],[150.72962,-33.074663],[150.728684,-33.07314],[150.728965,-33.072199],[150.727615,-33.070569],[150.72722,-33.068876],[150.726853,-33.066037],[150.725405,-33.064911],[150.724839,-33.064008],[150.725623,-33.063923],[150.724534,-33.062541],[150.722955,-33.061494],[150.722438,-33.060745],[150.723591,-33.059648],[150.723379,-33.059139],[150.718521,-33.059844],[150.714436,-33.06003],[150.71424,-33.061],[150.713433,-33.061536],[150.710999,-33.061239],[150.71001,-33.060589],[150.706395,-33.059179],[150.705685,-33.060113],[150.70752,-33.061617],[150.707791,-33.06356],[150.708844,-33.065491],[150.708,-33.06663],[150.708428,-33.067494],[150.709419,-33.070146],[150.708328,-33.072596],[150.705461,-33.0745],[150.702871,-33.073623],[150.700306,-33.072178],[150.69881,-33.069977],[150.69874,-33.067316],[150.698155,-33.060993],[150.69704,-33.059016],[150.689462,-33.054349],[150.685556,-33.053041],[150.683458,-33.051794],[150.68258,-33.050569],[150.682381,-33.047932],[150.682785,-33.045172],[150.679885,-33.042683],[150.679525,-33.044155],[150.678776,-33.045782],[150.678532,-33.046508],[150.677719,-33.047305],[150.677143,-33.0476],[150.675526,-33.048842],[150.675458,-33.049409],[150.675609,-33.050593],[150.674854,-33.052806],[150.673026,-33.050689],[150.671712,-33.049762],[150.669843,-33.048763],[150.667735,-33.047894],[150.665333,-33.046415],[150.662398,-33.044827],[150.659876,-33.04303],[150.658738,-33.041963],[150.658233,-33.040412],[150.657828,-33.03952],[150.657544,-33.039344],[150.656297,-33.039122],[150.655985,-33.038764],[150.655322,-33.038346],[150.654659,-33.038325],[150.653586,-33.039197],[150.652783,-33.040012],[150.652458,-33.040583],[150.651747,-33.041525],[150.649941,-33.045423],[150.648663,-33.046399],[150.646081,-33.050093],[150.645004,-33.052705],[150.643766,-33.055378],[150.642997,-33.055724],[150.642218,-33.055592],[150.641894,-33.055325],[150.641874,-33.054441],[150.642214,-33.053365],[150.642342,-33.052556],[150.642841,-33.050735],[150.644007,-33.048349],[150.645281,-33.046759],[150.647621,-33.044089],[150.648576,-33.043215],[150.649036,-33.04243],[150.649146,-33.041918],[150.648845,-33.041146],[150.648315,-33.040973],[150.647049,-33.041067],[150.644116,-33.041859],[150.64309,-33.041795],[150.642722,-33.041544],[150.642586,-33.041001],[150.642837,-33.039608],[150.643505,-33.038673],[150.644234,-33.038218],[150.645035,-33.038279],[150.646041,-33.039127],[150.646686,-33.03941],[150.6486,-33.039888],[150.649436,-33.039858],[150.649926,-33.039552],[150.65038,-33.038983],[150.65092,-33.03802],[150.651262,-33.036809],[150.651236,-33.035384],[150.65094,-33.034431],[150.650306,-33.03331],[150.649859,-33.032797],[150.649138,-33.032567],[150.648571,-33.032538],[150.64815,-33.032683],[150.647651,-33.032521],[150.64731,-33.032054],[150.647086,-33.030815],[150.646458,-33.030271],[150.64599,-33.030145],[150.645494,-33.030298],[150.645347,-33.030602],[150.64562,-33.032014],[150.64555,-33.032607],[150.645273,-33.032972],[150.64497,-33.033101],[150.644224,-33.032979],[150.643504,-33.032659],[150.643222,-33.032401],[150.642751,-33.030796],[150.642437,-33.030114],[150.641768,-33.029912],[150.641419,-33.030149],[150.640523,-33.031241],[150.64036,-33.031328],[150.639642,-33.031369],[150.639434,-33.031157],[150.639169,-33.030232],[150.638758,-33.029981],[150.638332,-33.029901],[150.637997,-33.030039],[150.637428,-33.030109],[150.636985,-33.02983],[150.636368,-33.02889],[150.636011,-33.028631],[150.635481,-33.02844],[150.634519,-33.028386],[150.633955,-33.028664],[150.633601,-33.02909],[150.633282,-33.031014],[150.633441,-33.031882],[150.633669,-33.032554],[150.635948,-33.034193],[150.637501,-33.03617],[150.637862,-33.037512],[150.637771,-33.038493],[150.637424,-33.039054],[150.636963,-33.039487],[150.636563,-33.039642],[150.635753,-33.039501],[150.635628,-33.039354],[150.63543,-33.037177],[150.635097,-33.036007],[150.634567,-33.035393],[150.63398,-33.034931],[150.633206,-33.034673],[150.630868,-33.033619],[150.629423,-33.032825],[150.628325,-33.032642],[150.627882,-33.032787],[150.62766,-33.033071],[150.627671,-33.033486],[150.627906,-33.033905],[150.629583,-33.036029],[150.629916,-33.036775],[150.62989,-33.037351],[150.629615,-33.038031],[150.629021,-33.038642],[150.628324,-33.039071],[150.627667,-33.03923],[150.626991,-33.039271],[150.626373,-33.039178],[150.625843,-33.038952],[150.625022,-33.038855],[150.62475,-33.038985],[150.62485,-33.039672],[150.625363,-33.040484],[150.626266,-33.041548],[150.626517,-33.042175],[150.626416,-33.04394],[150.625724,-33.045388],[150.625759,-33.045695],[150.625927,-33.045806],[150.62626,-33.045776],[150.627446,-33.045069],[150.627831,-33.045058],[150.628,-33.045169],[150.62798,-33.045503],[150.62764,-33.045821],[150.627549,-33.046008],[150.627427,-33.046962],[150.62715,-33.047299],[150.626266,-33.047932],[150.625492,-33.048828],[150.624939,-33.049088],[150.624235,-33.04902],[150.623943,-33.048708],[150.624023,-33.047718],[150.624209,-33.04718],[150.623449,-33.045975],[150.623397,-33.045515],[150.623884,-33.043738],[150.624172,-33.043365],[150.624926,-33.043217],[150.625308,-33.042936],[150.625444,-33.042659],[150.625479,-33.042137],[150.62526,-33.041123],[150.624733,-33.040436],[150.624303,-33.040094],[150.624163,-33.039731],[150.623689,-33.039046],[150.623411,-33.038229],[150.623494,-33.037942],[150.623839,-33.037849],[150.62595,-33.038151],[150.627053,-33.038172],[150.627743,-33.037987],[150.628137,-33.037643],[150.628366,-33.037097],[150.628237,-33.036328],[150.627623,-33.035261],[150.627022,-33.034538],[150.626528,-33.034168],[150.625436,-33.033777],[150.623664,-33.033599],[150.6232,-33.033347],[150.623223,-33.03286],[150.62349,-33.032514],[150.624402,-33.032026],[150.624633,-33.031805],[150.624712,-33.030454],[150.624916,-33.030043],[150.625347,-33.029907],[150.626066,-33.030272],[150.626767,-33.030475],[150.62775,-33.030936],[150.628197,-33.031007],[150.62929,-33.030568],[150.631507,-33.03015],[150.6318,-33.029994],[150.631602,-33.02898],[150.631707,-33.028657],[150.631941,-33.028337],[150.632247,-33.028108],[150.632583,-33.027123],[150.632801,-33.027001],[150.634506,-33.026889],[150.635282,-33.026281],[150.635575,-33.02571],[150.635642,-33.025224],[150.635052,-33.024456],[150.635094,-33.024114],[150.635556,-33.023627],[150.63704,-33.023366],[150.637503,-33.02287],[150.638075,-33.020681],[150.637914,-33.020308],[150.637324,-33.019557],[150.637465,-33.019073],[150.637706,-33.018879],[150.638242,-33.018844],[150.639435,-33.019074],[150.639726,-33.019008],[150.639847,-33.018857],[150.639036,-33.017985],[150.638644,-33.017427],[150.638312,-33.016636],[150.637922,-33.015998],[150.637595,-33.015802],[150.636858,-33.015779],[150.636394,-33.015906],[150.635501,-33.016493],[150.634455,-33.01678],[150.633003,-33.016653],[150.630752,-33.016745],[150.629677,-33.016536],[150.629281,-33.016149],[150.629105,-33.015515],[150.629336,-33.014095],[150.629266,-33.013895],[150.628809,-33.013778],[150.628125,-33.014144],[150.627467,-33.014339],[150.626759,-33.014406],[150.626095,-33.01479],[150.625744,-33.015532],[150.625732,-33.016389],[150.626415,-33.018448],[150.626409,-33.019061],[150.62608,-33.019768],[150.625496,-33.020379],[150.624842,-33.020808],[150.62368,-33.021047],[150.622632,-33.020991],[150.621584,-33.020575],[150.621215,-33.019981],[150.621337,-33.018198],[150.620941,-33.016604],[150.620457,-33.015531],[150.61967,-33.014929],[150.618105,-33.014241],[150.616987,-33.014013],[150.615435,-33.014001],[150.613965,-33.014144],[150.612638,-33.014164],[150.611812,-33.013823],[150.611184,-33.013297],[150.610655,-33.012656],[150.610484,-33.011859],[150.610671,-33.011295],[150.611167,-33.010736],[150.612739,-33.010018],[150.614147,-33.009774],[150.617354,-33.009899],[150.618474,-33.009659],[150.619,-33.0092],[150.619383,-33.008486],[150.619465,-33.007829],[150.619226,-33.007157],[150.617598,-33.006008],[150.616867,-33.005354],[150.616425,-33.004272],[150.615984,-33.003957],[150.615349,-33.003702],[150.614392,-33.003467],[150.613524,-33.003117],[150.612982,-33.002583],[150.614083,-33.002217],[150.615224,-33.001995],[150.615767,-33.001672],[150.61623,-33.001167],[150.617708,-33.00032],[150.618338,-32.999584],[150.618447,-32.999117],[150.618463,-32.998522],[150.601241,-32.996695],[150.600484,-32.99504],[150.597741,-32.993968],[150.596306,-32.994031],[150.594288,-32.994641],[150.593243,-32.996082],[150.591763,-32.996621],[150.591291,-32.997451],[150.596687,-32.99851],[150.596266,-32.99944],[150.594906,-33.001434],[150.592004,-33.003903],[150.588115,-33.006406],[150.587217,-33.007146],[150.585492,-33.008015],[150.583453,-33.008625],[150.582598,-33.00896],[150.581391,-33.009667],[150.57955,-33.010451],[150.578547,-33.010748],[150.578899,-33.009618],[150.579222,-33.009138],[150.579617,-33.008794],[150.57984,-33.008455],[150.580255,-33.007381],[150.580335,-33.006806],[150.580089,-33.005998],[150.579357,-33.004974],[150.579175,-33.004592],[150.579135,-33.004104],[150.579278,-33.003575],[150.579713,-33.002916],[150.57983,-33.002179],[150.579783,-33.001529],[150.579426,-33.001297],[150.578913,-33.00126],[150.57643,-33.002041],[150.575325,-33.002146],[150.574763,-33.001955],[150.574292,-33.001585],[150.574077,-33.001211],[150.573972,-33.000361],[150.574064,-32.998578],[150.574835,-32.997375],[150.571521,-32.996499],[150.567885,-32.995256],[150.563731,-32.992975],[150.560159,-32.989822],[150.557128,-32.986823],[150.551821,-32.986421],[150.544852,-32.986582],[150.542696,-32.985214],[150.539548,-32.986477],[150.537357,-32.985992],[150.535239,-32.983308],[150.533455,-32.981659],[150.531281,-32.980588],[150.529465,-32.980111],[150.52744,-32.980215],[150.52342,-32.980135],[150.521988,-32.978934],[150.521167,-32.975392],[150.51992,-32.974051],[150.518104,-32.973573],[150.515896,-32.974115],[150.514758,-32.975418],[150.512884,-32.976995],[150.511029,-32.977544],[150.509411,-32.976484],[150.509291,-32.974281],[150.508429,-32.972208],[150.50663,-32.971144],[150.504992,-32.970814],[150.502978,-32.970918],[150.501311,-32.971624],[150.500685,-32.974109],[150.501359,-32.975223],[150.499598,-32.976585],[150.49757,-32.977582],[150.495809,-32.978556],[150.494436,-32.980602],[150.492323,-32.981922],[150.490487,-32.984779],[150.490656,-32.98526],[150.491473,-32.985484],[150.494575,-32.98551],[150.495147,-32.98572],[150.494772,-32.986128],[150.493522,-32.986806],[150.490097,-32.986475],[150.489284,-32.986477],[150.487633,-32.988464],[150.487807,-32.989125],[150.489964,-32.990052],[150.490697,-32.990211],[150.492373,-32.989587],[150.49359,-32.988935],[150.495877,-32.989017],[150.497412,-32.989977],[150.498541,-32.991685],[150.499743,-32.99271],[150.50032,-32.99347],[150.500356,-32.994499],[150.499431,-32.99467],[150.497999,-32.993072],[150.497133,-32.992685],[150.494632,-32.992581],[150.493978,-32.992261],[150.492906,-32.991167],[150.492139,-32.991079],[150.491082,-32.991355],[150.489946,-32.991432],[150.487866,-32.990064],[150.488129,-32.992477],[150.486726,-32.991033],[150.486021,-32.990604],[150.483729,-32.989927],[150.482887,-32.98945],[150.481767,-32.98895],[150.480557,-32.988222],[150.480199,-32.986889],[150.479537,-32.986118],[150.477228,-32.985648],[150.474697,-32.985885],[150.473798,-32.986264],[150.472393,-32.987507],[150.471422,-32.987785],[150.469704,-32.987263],[150.468024,-32.988013],[150.466466,-32.987855],[150.465281,-32.988508],[150.463625,-32.988808],[150.46465,-32.987773],[150.466009,-32.987377],[150.467523,-32.986822],[150.469019,-32.986149],[150.470216,-32.986182],[150.471912,-32.984846],[150.472128,-32.984039],[150.470494,-32.983203],[150.470047,-32.982725],[150.470347,-32.981983],[150.468733,-32.980796],[150.468022,-32.980601],[150.465636,-32.980589],[150.463372,-32.980462],[150.463128,-32.979997],[150.465488,-32.979026],[150.466158,-32.977669],[150.465931,-32.977024],[150.465518,-32.976502],[150.466087,-32.975287],[150.465993,-32.974483],[150.464469,-32.974281],[150.46265,-32.974676],[150.460644,-32.974852],[150.458009,-32.975709],[150.457062,-32.975555],[150.454836,-32.97596],[150.452824,-32.977461],[150.450419,-32.978503],[150.449762,-32.9783],[150.449593,-32.977864],[150.450265,-32.977174],[150.452685,-32.97597],[150.455048,-32.97527],[150.456202,-32.974203],[150.456116,-32.973452],[150.453425,-32.972938],[150.451579,-32.973153],[150.44891,-32.973693],[150.447614,-32.974866],[150.446455,-32.975744],[150.445721,-32.975981],[150.443437,-32.975781],[150.442833,-32.97484],[150.444029,-32.974928],[150.445088,-32.974535],[150.446488,-32.973103],[150.44888,-32.972151],[150.452114,-32.972388],[150.453986,-32.972011],[150.454852,-32.971299],[150.453781,-32.969861],[150.452284,-32.969822],[150.450224,-32.970032],[150.449054,-32.96981],[150.447821,-32.968441],[150.446915,-32.966818],[150.446039,-32.966403],[150.443806,-32.96633],[150.441362,-32.967254],[150.438135,-32.968234],[150.437568,-32.96787],[150.43761,-32.967159],[150.438425,-32.966355],[150.443316,-32.965527],[150.44418,-32.964859],[150.441885,-32.963586],[150.439709,-32.962631],[150.436002,-32.961725],[150.43238,-32.961218],[150.432215,-32.960664],[150.432705,-32.960341],[150.434798,-32.960474],[150.438283,-32.961258],[150.443244,-32.963551],[150.445408,-32.964938],[150.447087,-32.964955],[150.447334,-32.964175],[150.446072,-32.963058],[150.446071,-32.962346],[150.445156,-32.961038],[150.444174,-32.959142],[150.443647,-32.9585],[150.4425,-32.958206],[150.441823,-32.95757],[150.441733,-32.957001],[150.442912,-32.954671],[150.442559,-32.953943],[150.439564,-32.953566],[150.43796,-32.953921],[150.437079,-32.955183],[150.436419,-32.95544],[150.435221,-32.955073],[150.433838,-32.955197],[150.432366,-32.95468],[150.429654,-32.955652],[150.428834,-32.955518],[150.427545,-32.953869],[150.42635,-32.952681],[150.429466,-32.952186],[150.430424,-32.952341],[150.431837,-32.953028],[150.435692,-32.952485],[150.4364,-32.951652],[150.435554,-32.950598],[150.432292,-32.948024],[150.4302,-32.947134],[150.428692,-32.946021],[150.428986,-32.945468],[150.430241,-32.94608],[150.431302,-32.946011],[150.433148,-32.9443],[150.43324,-32.942968],[150.432241,-32.942767],[150.430168,-32.941949],[150.42718,-32.942103],[150.426494,-32.94144],[150.426842,-32.9405],[150.426609,-32.939305],[150.425881,-32.938966],[150.423816,-32.940123],[150.42091,-32.940757],[150.419609,-32.939909],[150.419329,-32.938885],[150.420131,-32.937405],[150.420019,-32.936122],[150.419172,-32.935807],[150.417867,-32.936204],[150.417653,-32.936957],[150.417754,-32.939348],[150.416734,-32.941347],[150.416361,-32.942773],[150.418881,-32.945097],[150.419666,-32.946042],[150.419906,-32.948103],[150.418471,-32.949642],[150.417876,-32.950982],[150.418033,-32.952933],[150.41777,-32.954605],[150.417174,-32.954881],[150.412654,-32.954372],[150.411253,-32.952892],[150.410653,-32.951103],[150.409503,-32.950196],[150.404124,-32.95058],[150.402164,-32.950295],[150.399605,-32.950765],[150.395017,-32.95186],[150.393361,-32.951455],[150.392544,-32.951961],[150.390523,-32.95521],[150.390317,-32.955666],[150.390586,-32.956357],[150.390705,-32.957405],[150.389676,-32.957483],[150.388934,-32.95726],[150.388767,-32.956021],[150.389242,-32.954408],[150.390293,-32.953213],[150.39165,-32.951438],[150.390583,-32.950252],[150.385581,-32.950896],[150.383676,-32.951316],[150.381233,-32.950751],[150.377757,-32.951471],[150.376967,-32.951067],[150.377476,-32.950122],[150.37851,-32.949522],[150.380758,-32.949442],[150.382145,-32.949183],[150.384368,-32.948508],[150.385156,-32.948624],[150.386248,-32.948205],[150.387072,-32.946392],[150.386662,-32.945428],[150.386091,-32.94483],[150.383041,-32.94418],[150.382523,-32.943628],[150.382492,-32.942509],[150.381114,-32.94065],[150.37832,-32.940366],[150.377125,-32.941729],[150.375889,-32.94375],[150.374727,-32.944717],[150.373256,-32.94383],[150.371784,-32.944087],[150.368683,-32.943003],[150.367054,-32.943465],[150.366348,-32.944911],[150.366604,-32.946034],[150.365741,-32.94772],[150.365889,-32.949571],[150.36535,-32.950101],[150.364666,-32.950087],[150.364227,-32.949374],[150.363714,-32.949012],[150.363145,-32.949081],[150.362463,-32.949707],[150.359888,-32.950355],[150.357275,-32.950111],[150.355694,-32.949338],[150.355413,-32.948376],[150.354003,-32.94758],[150.352126,-32.947775],[150.351342,-32.948596],[150.351677,-32.949911],[150.352631,-32.951302],[150.352724,-32.952106],[150.348978,-32.953289],[150.35007,-32.955395],[150.349915,-32.956293],[150.350407,-32.956637],[150.350822,-32.957088],[150.350201,-32.958887],[150.349361,-32.96015],[150.349376,-32.961088],[150.350567,-32.961663],[150.351853,-32.961952],[150.352045,-32.962686],[150.348997,-32.963018],[150.349057,-32.962469],[150.349294,-32.962051],[150.347965,-32.961761],[150.347231,-32.96234],[150.346718,-32.963763],[150.347887,-32.967611],[150.346899,-32.970601],[150.346109,-32.9709],[150.345452,-32.969985],[150.345641,-32.969384],[150.345716,-32.967961],[150.344636,-32.966153],[150.344524,-32.96561],[150.345448,-32.965098],[150.345607,-32.964452],[150.344595,-32.962879],[150.344674,-32.962007],[150.345426,-32.96085],[150.345537,-32.960348],[150.344579,-32.96021],[150.344545,-32.959551],[150.344292,-32.957986],[150.346057,-32.957275],[150.346621,-32.956304],[150.345988,-32.95456],[150.343791,-32.954369],[150.341912,-32.954626],[150.340954,-32.954101],[150.342617,-32.953199],[150.344133,-32.952943],[150.344761,-32.952343],[150.344775,-32.951153],[150.345287,-32.950479],[150.345642,-32.949675],[150.345337,-32.948812],[150.345843,-32.948326],[150.344971,-32.947821],[150.343609,-32.947233],[150.342176,-32.947212],[150.341273,-32.946327],[150.339501,-32.945847],[150.338549,-32.946215],[150.338009,-32.946744],[150.338229,-32.947623],[150.337775,-32.949201],[150.336826,-32.949117],[150.336498,-32.948632],[150.336664,-32.948104],[150.336685,-32.947392],[150.336299,-32.946708],[150.336407,-32.945971],[150.335584,-32.94561],[150.334692,-32.946096],[150.334341,-32.947477],[150.333478,-32.948415],[150.333227,-32.947544],[150.332547,-32.947385],[150.331927,-32.947714],[150.331059,-32.948516],[150.330195,-32.948777],[150.329755,-32.948479],[150.32902,-32.948734],[150.327632,-32.948668],[150.327635,-32.948209],[150.326677,-32.948053],[150.32546,-32.949415],[150.325031,-32.949091],[150.3247,-32.948362],[150.324131,-32.948088],[150.322614,-32.949102],[150.3219,-32.949014],[150.320785,-32.948395],[150.320368,-32.94771],[150.319445,-32.947465],[150.318473,-32.94776],[150.317702,-32.947446],[150.31491,-32.9489],[150.312733,-32.951937],[150.311674,-32.952654],[150.310852,-32.952239],[150.310495,-32.951303],[150.309764,-32.95108],[150.306988,-32.952003],[150.304112,-32.952337],[150.303241,-32.952823],[150.303199,-32.95422],[150.303891,-32.957129],[150.306879,-32.956986],[150.307786,-32.957781],[150.30635,-32.958589],[150.305368,-32.959559],[150.304234,-32.960274],[150.303907,-32.961196],[150.302743,-32.96182],[150.301435,-32.961593],[150.300843,-32.962049],[150.299623,-32.961716],[150.297963,-32.961807],[150.29641,-32.962576],[150.296147,-32.963147],[150.298249,-32.964355],[150.298053,-32.96482],[150.296242,-32.965646],[150.295619,-32.966066],[150.295459,-32.966756],[150.294644,-32.967172],[150.294259,-32.967515],[150.294132,-32.968179],[150.293002,-32.969814],[150.293654,-32.97054],[150.294635,-32.970634],[150.296047,-32.970286],[150.298033,-32.970392],[150.300755,-32.970928],[150.301813,-32.971664],[150.302961,-32.971887],[150.3041,-32.972777],[150.303695,-32.973426],[150.30199,-32.974282],[150.30028,-32.973876],[150.298541,-32.974776],[150.297364,-32.973722],[150.296056,-32.97382],[150.295108,-32.972997],[150.294184,-32.973482],[150.294082,-32.974012],[150.295663,-32.976553],[150.296731,-32.977306],[150.29863,-32.97677],[150.300562,-32.97692],[150.301848,-32.979283],[150.30205,-32.981433],[150.302353,-32.982035],[150.303695,-32.982578],[150.305216,-32.98253],[150.306509,-32.981494],[150.306802,-32.979949],[150.307458,-32.979513],[150.30863,-32.979646],[150.311492,-32.982277],[150.313564,-32.983088],[150.31324,-32.983893],[150.314065,-32.98456],[150.314697,-32.985592],[150.314535,-32.986373],[150.313448,-32.986215],[150.312542,-32.985393],[150.312708,-32.984864],[150.311826,-32.983601],[150.310145,-32.983655],[150.309633,-32.98432],[150.308404,-32.984285],[150.307615,-32.984538],[150.30733,-32.986876],[150.308104,-32.98958],[150.307976,-32.990271],[150.304899,-32.990466],[150.304201,-32.990929],[150.303952,-32.991708],[150.303008,-32.991805],[150.300617,-32.993006],[150.300621,-32.993583],[150.301383,-32.99387],[150.302775,-32.994189],[150.3053,-32.994163],[150.306357,-32.994266],[150.30809,-32.996738],[150.309873,-32.998598]]]},"properties":{"OBJECTID":4646,"FireType":1,"FireName":"","FireNo":"","FireYear":199394,"Label":"1993-94 Wildfire","StartDate":null,"EndDate":null,"Intensity":null,"AreaHa":74399.71351723,"PerimeterM":356996.93155921,"OFHObjMet":null,"ObjNotMet":null,"NPWSBranch":"BMTN","NPWSArea":"MUDG","VerDate":1788739200000,"Shape.STArea()":0.07185462376029916,"Shape.STLength()":3.5466511407189287}},{"type":"Feature","id":4758,"geometry":{"type":"Polygon","coordinates":[[[150.584184,-32.937016],[150.583012,-32.936479],[150.581268,-32.936112],[150.579238,-32.935279],[150.57817,-32.935231],[150.576119,-32.937112],[150.575059,-32.938714],[150.574314,-32.940566],[150.573414,-32.942172],[150.568853,-32.94432],[150.567736,-32.945272],[150.567872,-32.946194],[150.568411,-32.947178],[150.569828,-32.948171],[150.569872,-32.948902],[150.569546,-32.949112],[150.568597,-32.949382],[150.567558,-32.94984],[150.567251,-32.950501],[150.567714,-32.951556],[150.567846,-32.952199],[150.566458,-32.953299],[150.565696,-32.953753],[150.565501,-32.954236],[150.567077,-32.95488],[150.567021,-32.955366],[150.56648,-32.95559],[150.565935,-32.95557],[150.565222,-32.955845],[150.564671,-32.956438],[150.564749,-32.958252],[150.565859,-32.961096],[150.567134,-32.962158],[150.567542,-32.962887],[150.567788,-32.96291],[150.568632,-32.96216],[150.569094,-32.962088],[150.56953,-32.962547],[150.569551,-32.962963],[150.568949,-32.963853],[150.56871,-32.96438],[150.568571,-32.965144],[150.568944,-32.965989],[150.571629,-32.968729],[150.571576,-32.969503],[150.570889,-32.970356],[150.569825,-32.970921],[150.569109,-32.97207],[150.568828,-32.976059],[150.569664,-32.978348],[150.570914,-32.978426],[150.572277,-32.977876],[150.573287,-32.977309],[150.57498,-32.976053],[150.575887,-32.974168],[150.575975,-32.972132],[150.576115,-32.970935],[150.576992,-32.970141],[150.577997,-32.969772],[150.579008,-32.969206],[150.580134,-32.967893],[150.580268,-32.966543],[150.579861,-32.966156],[150.579323,-32.96666],[150.579069,-32.96734],[150.578308,-32.968579],[150.57757,-32.96897],[150.576149,-32.969286],[150.574133,-32.970247],[150.573099,-32.970498],[150.572796,-32.969852],[150.573506,-32.968937],[150.573976,-32.968161],[150.574982,-32.967748],[150.577249,-32.967386],[150.577993,-32.96521],[150.577746,-32.964492],[150.577285,-32.963735],[150.57726,-32.963076],[150.57852,-32.962388],[150.578621,-32.961795],[150.579942,-32.960441],[150.580109,-32.959822],[150.579998,-32.958792],[150.58033,-32.957599],[150.581918,-32.955818],[150.584483,-32.954334],[150.586466,-32.954174],[150.588017,-32.954177],[150.589189,-32.953929],[150.590174,-32.953101],[150.590499,-32.951772],[150.590593,-32.950286],[150.59097,-32.949392],[150.590055,-32.94648],[150.59023,-32.945536],[150.590604,-32.944777],[150.590174,-32.943678],[150.588869,-32.942895],[150.58855,-32.940833],[150.587961,-32.938901],[150.584184,-32.937016]]]},"properties":{"OBJECTID":4758,"FireType":1,"FireName":"","FireNo":"","FireYear":199495,"Label":"1994-95 Wildfire","StartDate":null,"EndDate":null,"Intensity":null,"AreaHa":583.46683175,"PerimeterM":14730.7600326,"OFHObjMet":null,"ObjNotMet":null,"NPWSBranch":"BMTN","NPWSArea":"WOYE","VerDate":1788739200000,"Shape.STArea()":0.0005626618856371451,"Shape.STLength()":0.14293392124074814}},{"type":"Feature","id":4768,"geometry":{"type":"Polygon","coordinates":[[[150.621737,-32.998558],[150.621021,-32.999319],[150.620542,-33.000014],[150.619728,-33.001233],[150.619306,-33.00219],[150.619609,-33.002863],[150.62179,-33.005349],[150.623868,-33.006867],[150.62461,-33.007512],[150.6249,-33.007906],[150.62507,-33.008351],[150.625423,-33.009926],[150.625559,-33.011245],[150.625826,-33.011665],[150.626276,-33.012044],[150.627058,-33.012428],[150.629602,-33.012954],[150.630566,-33.013306],[150.631271,-33.014149],[150.631807,-33.01452],[150.632554,-33.014625],[150.633725,-33.014457],[150.635671,-33.015324],[150.636193,-33.015397],[150.637298,-33.015319],[150.637862,-33.015447],[150.638157,-33.015605],[150.638616,-33.016074],[150.639262,-33.016321],[150.639797,-33.016331],[150.640308,-33.016025],[150.640588,-33.015579],[150.640753,-33.014996],[150.641147,-33.013065],[150.6412,-33.012291],[150.641112,-33.011153],[150.640854,-33.010012],[150.640643,-33.009467],[150.639715,-33.007763],[150.638744,-33.006843],[150.637638,-33.006173],[150.636932,-33.005771],[150.635105,-33.005241],[150.634356,-33.004866],[150.633497,-33.004164],[150.631926,-33.002097],[150.629679,-32.999655],[150.629325,-32.9989],[150.629595,-32.998428],[150.629877,-32.998262],[150.629817,-32.998098],[150.628598,-32.996497],[150.627878,-32.995004],[150.627265,-32.99392],[150.626983,-32.993635],[150.626239,-32.99308],[150.625656,-32.992843],[150.625274,-32.992746],[150.624728,-32.992753],[150.623972,-32.993018],[150.623179,-32.993851],[150.622907,-32.994008],[150.622272,-32.994167],[150.621988,-32.99436],[150.62182,-32.994637],[150.621674,-32.99531],[150.621975,-32.996849],[150.621686,-32.997655],[150.62195,-32.998192],[150.621737,-32.998558]]]},"properties":{"OBJECTID":4768,"FireType":1,"FireName":"","FireNo":"","FireYear":199495,"Label":"1994-95 Wildfire","StartDate":null,"EndDate":null,"Intensity":null,"AreaHa":256.67328088,"PerimeterM":7367.07965426,"OFHObjMet":null,"ObjNotMet":null,"NPWSBranch":"BMTN","NPWSArea":"WOYE","VerDate":1788739200000,"Shape.STArea()":0.0002476650634778328,"Shape.STLength()":0.07174832498648558}},{"type":"Feature","id":4896,"geometry":{"type":"Polygon","coordinates":[[[150.573925,-32.907421],[150.572954,-32.907357],[150.570063,-32.907914],[150.567038,-32.909072],[150.56412,-32.909872],[150.560908,-32.910026],[150.557112,-32.909672],[150.556074,-32.909724],[150.555287,-32.909961],[150.554181,-32.910544],[150.552255,-32.911002],[150.550182,-32.911349],[150.548902,-32.912018],[150.547021,-32.913541],[150.546476,-32.914694],[150.545599,-32.915479],[150.54558,-32.915794],[150.54577,-32.916276],[150.546765,-32.917414],[150.548005,-32.9209],[150.548695,-32.923394],[150.549111,-32.924195],[150.549502,-32.924365],[150.549801,-32.92438],[150.550333,-32.924093],[150.550763,-32.923633],[150.551312,-32.922336],[150.551643,-32.921964],[150.552115,-32.921892],[150.552185,-32.922073],[150.552194,-32.922912],[150.551386,-32.924664],[150.551399,-32.92498],[150.551832,-32.925962],[150.551744,-32.926835],[150.55097,-32.928118],[150.550607,-32.928896],[150.550637,-32.929347],[150.550977,-32.929832],[150.551815,-32.930452],[150.552744,-32.930885],[150.553244,-32.930985],[150.553451,-32.930854],[150.553522,-32.930585],[150.553291,-32.929642],[150.553081,-32.929133],[150.553112,-32.928395],[150.553385,-32.927399],[150.55369,-32.926828],[150.554066,-32.926763],[150.554303,-32.927074],[150.554473,-32.928665],[150.554666,-32.929435],[150.555135,-32.930274],[150.557765,-32.931425],[150.559617,-32.93175],[150.56217,-32.931439],[150.563609,-32.930818],[150.563962,-32.930843],[150.564267,-32.93102],[150.564988,-32.932423],[150.564768,-32.933807],[150.564711,-32.934699],[150.564328,-32.935818],[150.56173,-32.940448],[150.561641,-32.940969],[150.561661,-32.941411],[150.562027,-32.941734],[150.563187,-32.941919],[150.56392,-32.94251],[150.564178,-32.942461],[150.564851,-32.942068],[150.565147,-32.941804],[150.565973,-32.94017],[150.566701,-32.939354],[150.567117,-32.939011],[150.567537,-32.938893],[150.567791,-32.938988],[150.567937,-32.939135],[150.567924,-32.939595],[150.5677,-32.940744],[150.567804,-32.941251],[150.568296,-32.941649],[150.568976,-32.941779],[150.56959,-32.94162],[150.57066,-32.941226],[150.571425,-32.940609],[150.572075,-32.939901],[150.572755,-32.938507],[150.575174,-32.934118],[150.57707,-32.931639],[150.578296,-32.929039],[150.578867,-32.928112],[150.57917,-32.927189],[150.579271,-32.925838],[150.579113,-32.924555],[150.578939,-32.923884],[150.577884,-32.922178],[150.576825,-32.919479],[150.57626,-32.918638],[150.575556,-32.917786],[150.573632,-32.916207],[150.572921,-32.915219],[150.572631,-32.914501],[150.572664,-32.913663],[150.573034,-32.913057],[150.5753,-32.912263],[150.575726,-32.911955],[150.57618,-32.911378],[150.576331,-32.910903],[150.576269,-32.91046],[150.575682,-32.909231],[150.575447,-32.90846],[150.575087,-32.90793],[150.574656,-32.907651],[150.573925,-32.907421]]]},"properties":{"OBJECTID":4896,"FireType":1,"FireName":"","FireNo":"","FireYear":199596,"Label":"1995-96 Wildfire","StartDate":null,"EndDate":null,"Intensity":null,"AreaHa":726.47541294,"PerimeterM":14478.25928876,"OFHObjMet":null,"ObjNotMet":null,"NPWSBranch":"BMTN","NPWSArea":"WOYE","VerDate":1788739200000,"Shape.STArea()":0.0007003328962239755,"Shape.STLength()":0.14069620711144185}},{"type":"Feature","id":5712,"geometry":{"type":"Polygon","coordinates":[[[150.641518,-32.948591],[150.640201,-32.948418],[150.638285,-32.947639],[150.635468,-32.947586],[150.63448,-32.94831],[150.634282,-32.949123],[150.634772,-32.950543],[150.633216,-32.952741],[150.631248,-32.953892],[150.630526,-32.954547],[150.630488,-32.955957],[150.631265,-32.956566],[150.632849,-32.956596],[150.633836,-32.955946],[150.634566,-32.954995],[150.636288,-32.953171],[150.63936,-32.950258],[150.641518,-32.948591]]]},"properties":{"OBJECTID":5712,"FireType":1,"FireName":"Swampy Arm","FireNo":"00/01-44","FireYear":200001,"Label":"2000-01 Wildfire","StartDate":979084800000,"EndDate":979171200000,"Intensity":null,"AreaHa":40.30845792,"PerimeterM":3183.53406646,"OFHObjMet":null,"ObjNotMet":null,"NPWSBranch":"BMTN","NPWSArea":"WOYE","VerDate":1788739200000,"Shape.STArea()":3.8870409497986415e-05,"Shape.STLength()":0.03155797287946311}},{"type":"Feature","id":5865,"geometry":{"type":"Polygon","coordinates":[[[150.613049,-32.986625],[150.613437,-32.985033],[150.613972,-32.981189],[150.614431,-32.98018],[150.615148,-32.979175],[150.61544,-32.977945],[150.61503,-32.977137],[150.61136,-32.975685],[150.609711,-32.976017],[150.608488,-32.976576],[150.606321,-32.97697],[150.605457,-32.977026],[150.605474,-32.976372],[150.60557,-32.976011],[150.604381,-32.975333],[150.603093,-32.97509],[150.602231,-32.975074],[150.600387,-32.976275],[150.599759,-32.977135],[150.599575,-32.977568],[150.596682,-32.982457],[150.595986,-32.982662],[150.595537,-32.983308],[150.594827,-32.984021],[150.594718,-32.984892],[150.594271,-32.985465],[150.59401,-32.985533],[150.593286,-32.986755],[150.592322,-32.987318],[150.591679,-32.98876],[150.590691,-32.990195],[150.58893,-32.99147],[150.586842,-32.992084],[150.585299,-32.993291],[150.585097,-32.994378],[150.585058,-32.995831],[150.585467,-32.996639],[150.586308,-32.997455],[150.587072,-32.997906],[150.588195,-32.997855],[150.589236,-32.997657],[150.590389,-32.996516],[150.591954,-32.99611],[150.593024,-32.994822],[150.593373,-32.994683],[150.595014,-32.994642],[150.595108,-32.994353],[150.595124,-32.993771],[150.595394,-32.99334],[150.59798,-32.993463],[150.598744,-32.993914],[150.599228,-32.995159],[150.599736,-32.995533],[150.600067,-32.996048],[150.600141,-32.996486],[150.600473,-32.997001],[150.600971,-32.997738],[150.601645,-32.998333],[150.601972,-32.998994],[150.602129,-32.999578],[150.601937,-33.000302],[150.601413,-33.00051],[150.600704,-33.001223],[150.600782,-33.001516],[150.601382,-33.001673],[150.601905,-33.001465],[150.602972,-33.000322],[150.603587,-32.999897],[150.604373,-32.999549],[150.606281,-32.999222],[150.610119,-32.997695],[150.610723,-32.997707],[150.611991,-32.998677],[150.613285,-32.998701],[150.613808,-32.998493],[150.613914,-32.997768],[150.613669,-32.997254],[150.613938,-32.996896],[150.614461,-32.996688],[150.614149,-32.995446],[150.613642,-32.995072],[150.611721,-32.992708],[150.611225,-32.991899],[150.611593,-32.991033],[150.613271,-32.989611],[150.613218,-32.988374],[150.613577,-32.987872],[150.613049,-32.986625]]]},"properties":{"OBJECTID":5865,"FireType":1,"FireName":"","FireNo":"CCHR 0102-07","FireYear":200102,"Label":"2001-02 Wildfire","StartDate":null,"EndDate":1002067200000,"Intensity":null,"AreaHa":457.10019241,"PerimeterM":11071.27807799,"OFHObjMet":null,"ObjNotMet":null,"NPWSBranch":"BMTN","NPWSArea":"WOYE","VerDate":1788739200000,"Shape.STArea()":0.00044097162491939847,"Shape.STLength()":0.10858052680588018}},{"type":"Feature","id":6181,"geometry":{"type":"Polygon","coordinates":[[[150.575661,-32.979321],[150.575555,-32.978819],[150.575242,-32.978409],[150.57477,-32.978127],[150.57418,-32.978014],[150.573585,-32.978104],[150.573079,-32.978383],[150.572753,-32.978785],[150.572629,-32.979284],[150.572746,-32.979784],[150.573067,-32.98019],[150.573545,-32.980465],[150.574137,-32.980569],[150.57473,-32.980471],[150.575212,-32.9802],[150.575538,-32.979797],[150.575661,-32.979321]]]},"properties":{"OBJECTID":6181,"FireType":1,"FireName":"Julia's","FireNo":"CCHR-0203-43","FireYear":200203,"Label":"2002-03 Wildfire","StartDate":1040083200000,"EndDate":1071964800000,"Intensity":null,"AreaHa":6.31142569,"PerimeterM":890.58254941,"OFHObjMet":null,"ObjNotMet":null,"NPWSBranch":"BMTN","NPWSArea":"WOYE","VerDate":1788739200000,"Shape.STArea()":6.088134729683225e-06,"Shape.STLength()":0.008794815235049058}},{"type":"Feature","id":6193,"geometry":{"type":"Polygon","coordinates":[[[150.571633,-32.972941],[150.571467,-32.972579],[150.571046,-32.972423],[150.57061,-32.972569],[150.570431,-32.972926],[150.570605,-32.973285],[150.571029,-32.973435],[150.571447,-32.973295],[150.571633,-32.972941]]]},"properties":{"OBJECTID":6193,"FireType":1,"FireName":"Kris'","FireNo":"CCHR-0203-44","FireYear":200203,"Label":"2002-03 Wildfire","StartDate":1039996800000,"EndDate":1040428800000,"Intensity":null,"AreaHa":0.99083927,"PerimeterM":352.86781722,"OFHObjMet":null,"ObjNotMet":null,"NPWSBranch":"BMTN","NPWSArea":"WOYE","VerDate":1788739200000,"Shape.STArea()":9.557169606096472e-07,"Shape.STLength()":0.003484554235084951}},{"type":"Feature","id":6301,"geometry":{"type":"Polygon","coordinates":[[[150.58488,-32.792833],[150.582914,-32.792326],[150.580843,-32.793107],[150.577115,-32.792918],[150.575617,-32.793065],[150.573484,-32.799977],[150.570994,-32.800867],[150.563119,-32.801095],[150.560184,-32.79919],[150.559609,-32.798621],[150.558295,-32.79842],[150.555344,-32.800885],[150.553597,-32.803169],[150.551547,-32.804449],[150.55156,-32.805241],[150.553045,-32.806825],[150.552402,-32.807458],[150.548893,-32.808739],[150.548798,-32.811553],[150.549921,-32.812426],[150.550103,-32.813398],[150.548768,-32.813929],[150.54764,-32.814523],[150.546533,-32.818356],[150.546487,-32.820046],[150.54712,-32.823959],[150.546596,-32.82822],[150.544177,-32.831148],[150.543202,-32.836263],[150.541395,-32.839425],[150.544847,-32.842778],[150.543997,-32.845226],[150.54588,-32.850074],[150.546542,-32.854427],[150.54915,-32.856733],[150.549254,-32.861347],[150.545976,-32.862871],[150.548251,-32.869366],[150.546426,-32.87077],[150.544395,-32.871784],[150.542368,-32.875323],[150.537994,-32.876968],[150.536823,-32.879881],[150.53417,-32.883229],[150.528954,-32.883889],[150.52411,-32.891157],[150.522379,-32.89212],[150.521643,-32.893572],[150.523062,-32.895067],[150.525547,-32.894471],[150.529751,-32.900031],[150.531444,-32.90066],[150.533765,-32.899829],[150.535333,-32.903523],[150.536784,-32.904961],[150.544579,-32.906669],[150.54587,-32.909085],[150.546452,-32.912196],[150.544241,-32.915757],[150.547857,-32.921805],[150.549507,-32.924075],[150.551896,-32.925764],[150.55044,-32.929344],[150.553127,-32.930952],[150.561831,-32.931944],[150.565047,-32.932652],[150.564875,-32.935142],[150.56246,-32.937591],[150.562734,-32.939618],[150.561543,-32.941179],[150.566373,-32.942681],[150.569726,-32.94348],[150.569091,-32.946314],[150.57045,-32.948804],[150.568133,-32.950101],[150.56931,-32.951657],[150.565648,-32.955407],[150.565752,-32.958335],[150.565333,-32.960293],[150.568175,-32.961962],[150.569371,-32.965906],[150.570648,-32.966352],[150.571686,-32.966577],[150.572534,-32.967386],[150.572323,-32.968107],[150.571849,-32.96864],[150.573031,-32.969129],[150.573684,-32.968831],[150.574263,-32.967834],[150.57546,-32.96778],[150.577503,-32.967121],[150.577742,-32.965109],[150.57714,-32.963546],[150.578254,-32.96318],[150.578932,-32.961952],[150.579459,-32.961187],[150.580211,-32.960581],[150.579882,-32.959179],[150.580277,-32.958178],[150.581048,-32.956874],[150.58237,-32.955659],[150.583479,-32.955448],[150.58452,-32.954382],[150.585895,-32.954564],[150.587828,-32.954524],[150.589502,-32.953858],[150.590366,-32.952556],[150.5905,-32.951008],[150.590295,-32.950073],[150.59051,-32.948914],[150.590181,-32.947511],[150.590039,-32.945957],[150.590731,-32.944187],[150.590758,-32.943179],[150.592323,-32.943131],[150.594174,-32.942702],[150.594762,-32.941395],[150.597909,-32.938973],[150.599292,-32.938845],[150.601375,-32.940048],[150.603567,-32.940633],[150.606341,-32.940066],[150.608765,-32.938871],[150.610731,-32.93759],[150.611868,-32.936371],[150.611421,-32.935897],[150.609781,-32.935323],[150.610535,-32.934639],[150.610758,-32.93317],[150.608847,-32.932435],[150.606655,-32.93185],[150.606379,-32.930139],[150.605475,-32.929578],[150.604,-32.929705],[150.603375,-32.928995],[150.601725,-32.928808],[150.60158,-32.927332],[150.599855,-32.926523],[150.597749,-32.926173],[150.597668,-32.925783],[150.598878,-32.921851],[150.599116,-32.918132],[150.600175,-32.916369],[150.601387,-32.915772],[150.603258,-32.914567],[150.604781,-32.912657],[150.605182,-32.911424],[150.607417,-32.908674],[150.607613,-32.908212],[150.608549,-32.90761],[150.610128,-32.90702],[150.611726,-32.905732],[150.613856,-32.905152],[150.615341,-32.904637],[150.616203,-32.903335],[150.617406,-32.903048],[150.618707,-32.90253],[150.620295,-32.901629],[150.621516,-32.900644],[150.62623,-32.899725],[150.626748,-32.89927],[150.627,-32.896715],[150.627952,-32.895492],[150.628072,-32.894409],[150.625806,-32.893202],[150.625841,-32.891884],[150.626503,-32.891199],[150.628427,-32.891468],[150.630513,-32.892516],[150.632048,-32.893553],[150.632097,-32.895183],[150.633287,-32.895361],[150.635384,-32.896021],[150.636354,-32.897591],[150.638096,-32.897779],[150.640869,-32.89721],[150.640418,-32.896892],[150.638866,-32.896475],[150.6384,-32.896698],[150.63721,-32.896521],[150.637235,-32.895591],[150.636267,-32.893943],[150.635005,-32.892989],[150.634491,-32.891583],[150.63305,-32.89047],[150.632233,-32.88836],[150.631347,-32.887102],[150.630557,-32.885691],[150.630509,-32.884062],[150.63126,-32.883455],[150.631308,-32.881672],[150.630501,-32.880881],[150.628997,-32.878681],[150.628047,-32.87812],[150.626878,-32.877167],[150.626288,-32.875139],[150.626795,-32.873365],[150.627277,-32.872521],[150.626857,-32.871039],[150.626717,-32.869408],[150.626827,-32.868712],[150.626282,-32.868469],[150.625831,-32.86815],[150.625169,-32.867129],[150.625184,-32.866587],[150.625753,-32.865899],[150.627162,-32.864763],[150.627922,-32.863846],[150.628508,-32.862539],[150.627535,-32.861124],[150.625698,-32.861089],[150.623783,-32.86051],[150.622984,-32.859487],[150.621627,-32.858685],[150.6199,-32.857954],[150.619342,-32.85647],[150.619649,-32.855312],[150.619411,-32.853912],[150.61973,-32.852289],[150.620312,-32.851137],[150.620618,-32.849979],[150.620654,-32.848661],[150.620319,-32.847414],[150.620808,-32.846337],[150.621321,-32.846037],[150.62198,-32.845429],[150.622742,-32.844435],[150.622224,-32.843184],[150.6227,-32.842573],[150.622904,-32.841801],[150.623755,-32.840886],[150.624248,-32.839655],[150.623356,-32.838629],[150.62302,-32.83746],[150.622202,-32.837134],[150.621406,-32.835955],[150.621471,-32.835258],[150.621298,-32.834867],[150.621706,-32.833324],[150.621005,-32.832069],[150.620781,-32.830126],[150.620826,-32.828421],[150.621504,-32.827115],[150.623002,-32.826058],[150.624182,-32.826623],[150.625283,-32.826644],[150.626207,-32.824722],[150.626263,-32.822629],[150.626392,-32.821236],[150.62698,-32.819851],[150.628213,-32.8184],[150.627693,-32.817533],[150.627179,-32.817289],[150.625661,-32.816878],[150.623572,-32.816761],[150.622017,-32.816499],[150.621361,-32.815262],[150.620648,-32.814642],[150.620496,-32.813251],[150.619919,-32.812017],[150.620364,-32.810969],[150.618628,-32.80765],[150.619735,-32.806527],[150.618653,-32.806741],[150.617753,-32.806607],[150.614607,-32.804728],[150.612655,-32.803693],[150.609496,-32.803603],[150.607933,-32.802283],[150.605363,-32.802908],[150.603469,-32.802285],[150.601312,-32.801129],[150.599605,-32.79872],[150.599427,-32.797602],[150.598784,-32.796973],[150.597266,-32.796563],[150.592672,-32.796269],[150.588351,-32.79422],[150.587574,-32.793413],[150.58488,-32.792833]],[[150.599504,-32.908618],[150.600082,-32.908334],[150.599833,-32.908832],[150.599504,-32.908618]],[[150.596376,-32.910104],[150.596476,-32.910056],[150.596436,-32.910148],[150.596376,-32.910104]],[[150.602949,-32.912058],[150.602978,-32.912131],[150.602991,-32.91228],[150.602949,-32.912058]]]},"properties":{"OBJECTID":6301,"FireType":1,"FireName":"Tollagong","FireNo":"CCHR-0203-18","FireYear":200203,"Label":"2002-03 Wildfire","StartDate":1034121600000,"EndDate":1043539200000,"Intensity":null,"AreaHa":11462.17612628,"PerimeterM":61677.35245351,"OFHObjMet":null,"ObjNotMet":null,"NPWSBranch":"BMTN","NPWSArea":"WOYE","VerDate":1788739200000,"Shape.STArea()":0.011043368024544465,"Shape.STLength()":0.6015893559776571}},{"type":"Feature","id":6319,"geometry":{"type":"Polygon","coordinates":[[[150.296459,-33.042151],[150.296586,-33.041946],[150.29722,-33.042328],[150.29944,-33.044477],[150.312654,-33.041649],[150.314918,-33.042664],[150.308856,-33.045002],[150.308027,-33.047131],[150.307844,-33.053139],[150.302574,-33.058715],[150.30045,-33.065646],[150.305658,-33.066296],[150.306896,-33.067503],[150.306968,-33.06933],[150.300561,-33.066186],[150.298975,-33.067678],[150.29585,-33.067762],[150.294602,-33.067493],[150.292541,-33.066844],[150.292027,-33.066047],[150.292138,-33.06475],[150.2923,-33.064149],[150.291753,-33.062736],[150.287849,-33.056678],[150.287666,-33.058498],[150.285444,-33.060275],[150.279973,-33.059941],[150.277516,-33.061068],[150.27577,-33.063929],[150.274756,-33.067878],[150.272305,-33.068791],[150.267755,-33.06751],[150.266673,-33.069526],[150.263648,-33.068386],[150.25702,-33.072427],[150.259982,-33.075606],[150.261506,-33.076297],[150.264009,-33.077116],[150.265717,-33.078463],[150.276493,-33.081238],[150.278281,-33.082994],[150.279033,-33.083148],[150.279347,-33.084163],[150.282108,-33.084615],[150.282753,-33.087239],[150.287026,-33.087398],[150.289245,-33.089017],[150.292137,-33.087716],[150.299204,-33.085577],[150.300725,-33.086626],[150.300034,-33.088105],[150.30105,-33.088782],[150.302693,-33.087982],[150.303699,-33.087919],[150.30397,-33.087291],[150.30464,-33.087559],[150.305264,-33.087699],[150.30637,-33.086856],[150.308157,-33.085076],[150.30865,-33.083754],[150.310778,-33.083166],[150.31147,-33.08354],[150.312578,-33.086758],[150.313362,-33.087828],[150.314764,-33.088391],[150.314899,-33.089726],[150.316166,-33.091022],[150.316859,-33.092221],[150.317982,-33.09312],[150.318498,-33.093674],[150.319297,-33.094252],[150.319845,-33.095361],[150.321968,-33.0986],[150.321562,-33.099513],[150.31968,-33.100504],[150.316379,-33.101389],[150.315678,-33.101311],[150.315334,-33.10104],[150.31505,-33.100451],[150.314986,-33.100091],[150.313396,-33.098682],[150.313114,-33.098041],[150.313107,-33.097449],[150.312581,-33.09657],[150.311885,-33.096302],[150.31091,-33.096569],[150.31012,-33.097159],[150.309661,-33.09725],[150.308251,-33.097239],[150.307492,-33.097026],[150.306714,-33.096915],[150.305341,-33.097514],[150.305156,-33.097827],[150.305846,-33.098265],[150.306592,-33.098514],[150.307944,-33.09867],[150.308664,-33.098939],[150.309589,-33.099932],[150.310181,-33.100283],[150.311449,-33.100712],[150.312726,-33.101691],[150.312848,-33.102646],[150.311729,-33.103087],[150.310282,-33.102738],[150.310318,-33.10238],[150.310009,-33.102648],[150.309929,-33.101969],[150.309594,-33.102237],[150.309141,-33.101424],[150.308867,-33.101354],[150.307552,-33.101643],[150.306724,-33.102391],[150.306385,-33.102557],[150.30591,-33.10275],[150.304622,-33.102954],[150.304343,-33.10326],[150.304125,-33.103667],[150.303954,-33.104205],[150.303672,-33.104456],[150.303609,-33.104857],[150.303709,-33.105684],[150.303378,-33.105806],[150.303108,-33.105628],[150.302673,-33.105048],[150.302649,-33.104214],[150.303298,-33.103518],[150.304093,-33.10216],[150.304128,-33.101844],[150.303091,-33.102075],[150.300662,-33.103461],[150.300251,-33.104573],[150.299535,-33.104959],[150.29961,-33.105806],[150.299886,-33.106637],[150.301836,-33.106552],[150.303318,-33.106162],[150.304595,-33.107141],[150.306429,-33.107963],[150.3067,-33.108963],[150.306674,-33.109808],[150.305485,-33.110904],[150.304316,-33.110498],[150.303722,-33.111035],[150.303692,-33.112831],[150.30405,-33.113453],[150.304729,-33.113446],[150.306555,-33.113697],[150.307168,-33.114197],[150.308041,-33.114427],[150.309056,-33.11409],[150.309683,-33.113321],[150.310757,-33.114359],[150.311428,-33.114606],[150.312143,-33.11422],[150.312567,-33.112706],[150.312077,-33.112273],[150.312016,-33.111986],[150.312472,-33.111653],[150.312645,-33.110953],[150.313032,-33.110622],[150.31468,-33.110995],[150.31572,-33.111441],[150.316512,-33.111398],[150.319329,-33.11168],[150.319637,-33.111787],[150.320671,-33.110882],[150.321197,-33.111517],[150.321044,-33.112424],[150.320538,-33.113681],[150.320521,-33.113935],[150.321202,-33.114669],[150.320709,-33.115187],[150.320841,-33.116628],[150.319751,-33.117746],[150.319556,-33.118398],[150.318805,-33.119122],[150.319415,-33.121376],[150.312799,-33.115799],[150.311214,-33.115024],[150.310837,-33.115037],[150.310894,-33.118105],[150.313916,-33.118741],[150.31471,-33.119055],[150.316974,-33.120647],[150.317365,-33.121015],[150.319008,-33.121537],[150.322217,-33.121775],[150.319845,-33.122105],[150.316505,-33.122836],[150.312992,-33.12183],[150.311136,-33.121706],[150.304898,-33.120974],[150.302061,-33.121606],[150.301039,-33.12322],[150.29967,-33.123778],[150.298292,-33.123812],[150.291601,-33.124764],[150.290045,-33.126021],[150.286335,-33.12822],[150.28405,-33.126724],[150.282177,-33.126977],[150.277238,-33.127948],[150.276321,-33.128394],[150.275874,-33.128703],[150.274853,-33.12971],[150.272246,-33.131541],[150.271673,-33.132166],[150.271459,-33.132504],[150.271297,-33.134223],[150.27054,-33.134443],[150.270012,-33.134826],[150.269851,-33.135493],[150.269511,-33.13588],[150.268919,-33.136814],[150.268906,-33.137247],[150.268519,-33.137633],[150.267659,-33.138127],[150.267272,-33.138513],[150.267208,-33.139064],[150.266999,-33.13977],[150.266756,-33.140041],[150.266285,-33.140109],[150.265524,-33.140448],[150.265453,-33.140555],[150.265259,-33.141428],[150.2652,-33.142597],[150.264678,-33.143283],[150.264273,-33.144802],[150.262454,-33.146056],[150.261354,-33.146555],[150.260266,-33.146639],[150.25938,-33.146156],[150.254656,-33.142268],[150.252398,-33.140621],[150.251268,-33.139395],[150.250618,-33.140038],[150.249895,-33.141096],[150.249071,-33.141936],[150.247455,-33.142526],[150.246786,-33.142574],[150.245407,-33.142855],[150.244922,-33.143244],[150.244501,-33.143091],[150.244347,-33.142586],[150.244576,-33.142054],[150.245944,-33.140509],[150.245968,-33.139757],[150.245647,-33.139106],[150.246062,-33.138112],[150.246647,-33.137964],[150.246767,-33.137806],[150.246582,-33.137628],[150.245885,-33.137396],[150.245911,-33.137104],[150.246697,-33.136877],[150.246703,-33.136682],[150.246351,-33.136549],[150.245739,-33.136528],[150.24456,-33.136872],[150.243711,-33.136853],[150.242265,-33.136995],[150.241514,-33.136902],[150.240893,-33.137153],[150.24009,-33.137282],[150.238156,-33.137399],[150.237412,-33.137592],[150.236494,-33.137948],[150.234731,-33.1383],[150.233585,-33.138321],[150.232537,-33.138235],[150.23214,-33.138337],[150.231909,-33.138521],[150.229661,-33.139576],[150.229329,-33.139995],[150.229162,-33.140528],[150.22997,-33.141667],[150.22961,-33.142928],[150.229839,-33.144444],[150.230805,-33.145325],[150.231468,-33.14534],[150.232117,-33.145772],[150.232272,-33.14641],[150.231872,-33.146954],[150.232282,-33.147395],[150.233343,-33.147706],[150.234643,-33.147493],[150.23578,-33.147587],[150.23638,-33.148516],[150.236826,-33.148699],[150.237113,-33.148717],[150.237446,-33.148586],[150.237569,-33.14837],[150.237609,-33.147519],[150.237825,-33.147305],[150.238058,-33.147273],[150.238297,-33.147353],[150.238603,-33.148412],[150.23895,-33.14845],[150.239037,-33.148264],[150.239032,-33.147287],[150.238763,-33.146446],[150.239042,-33.14637],[150.239521,-33.146486],[150.241631,-33.148472],[150.241791,-33.149355],[150.241681,-33.149729],[150.241492,-33.149777],[150.240663,-33.149683],[150.24035,-33.149425],[150.240149,-33.149046],[150.240266,-33.148434],[150.240135,-33.148342],[150.240044,-33.148415],[150.239867,-33.148927],[150.239114,-33.149228],[150.238979,-33.154073],[150.239036,-33.159074],[150.24005,-33.159456],[150.241456,-33.159631],[150.24295,-33.1597],[150.24468,-33.160696],[150.246833,-33.160931],[150.24909,-33.161449],[150.250482,-33.161817],[150.252263,-33.16255],[150.251419,-33.163918],[150.25155,-33.16542],[150.252462,-33.166161],[150.252955,-33.167443],[150.254902,-33.169451],[150.255763,-33.169932],[150.256851,-33.170288],[150.257798,-33.170743],[150.258532,-33.171452],[150.258802,-33.171602],[150.260434,-33.173545],[150.260746,-33.173735],[150.261367,-33.173898],[150.262002,-33.173926],[150.262955,-33.173673],[150.263711,-33.173661],[150.264307,-33.173559],[150.264857,-33.173252],[150.266164,-33.172247],[150.266814,-33.17195],[150.270637,-33.170753],[150.271266,-33.170633],[150.273185,-33.170522],[150.274075,-33.170745],[150.275981,-33.171684],[150.277132,-33.171997],[150.278795,-33.172081],[150.280752,-33.172315],[150.28138,-33.172233],[150.282515,-33.171759],[150.283635,-33.170906],[150.286045,-33.169355],[150.286879,-33.168619],[150.287395,-33.168295],[150.288633,-33.167819],[150.289822,-33.167582],[150.290902,-33.167174],[150.291662,-33.166975],[150.29226,-33.166988],[150.296456,-33.168217],[150.299379,-33.168747],[150.299943,-33.168927],[150.302899,-33.170691],[150.304407,-33.172124],[150.30488,-33.172481],[150.305733,-33.172751],[150.307546,-33.173042],[150.308667,-33.173138],[150.311652,-33.172831],[150.312668,-33.172877],[150.313274,-33.173082],[150.314072,-33.173518],[150.317056,-33.174863],[150.31761,-33.175342],[150.318336,-33.176279],[150.319019,-33.177683],[150.319061,-33.178426],[150.318533,-33.179851],[150.318494,-33.180209],[150.319048,-33.181179],[150.319915,-33.182394],[150.31987,-33.182477],[150.320252,-33.183946],[150.320143,-33.18421],[150.319798,-33.18427],[150.319434,-33.184175],[150.319255,-33.184036],[150.318638,-33.182858],[150.318449,-33.18268],[150.318245,-33.182618],[150.317909,-33.182726],[150.317549,-33.183258],[150.317304,-33.183426],[150.31641,-33.183802],[150.316195,-33.184096],[150.31617,-33.184538],[150.317561,-33.18739],[150.317586,-33.187798],[150.316548,-33.192659],[150.315351,-33.192395],[150.314491,-33.190019],[150.313205,-33.188437],[150.310893,-33.186834],[150.308963,-33.186188],[150.303337,-33.187275],[150.300297,-33.187491],[150.299043,-33.187066],[150.297852,-33.186785],[150.296516,-33.186841],[150.29498,-33.187333],[150.293412,-33.187693],[150.29184,-33.187805],[150.289663,-33.188269],[150.283226,-33.187273],[150.281664,-33.187573],[150.280921,-33.187401],[150.280355,-33.187112],[150.279855,-33.186608],[150.279626,-33.186534],[150.279419,-33.18663],[150.279078,-33.18691],[150.278935,-33.187363],[150.278493,-33.187294],[150.276338,-33.18905],[150.27717,-33.190459],[150.279637,-33.19034],[150.283264,-33.192631],[150.285339,-33.193485],[150.288103,-33.193718],[150.294461,-33.192217],[150.295968,-33.193285],[150.294249,-33.19411],[150.293508,-33.19469],[150.293701,-33.195497],[150.293839,-33.195724],[150.295279,-33.195694],[150.296072,-33.195874],[150.296718,-33.196488],[150.29709,-33.196994],[150.297311,-33.19706],[150.297971,-33.196861],[150.299736,-33.195803],[150.300234,-33.195609],[150.300599,-33.195566],[150.300897,-33.195684],[150.301045,-33.196003],[150.300885,-33.196294],[150.300089,-33.196988],[150.298964,-33.197798],[150.298599,-33.198247],[150.29869,-33.198443],[150.298836,-33.198405],[150.299236,-33.19878],[150.29933,-33.199338],[150.299787,-33.199727],[150.300171,-33.199847],[150.30037,-33.200452],[150.30015,-33.200709],[150.299344,-33.201115],[150.298361,-33.203515],[150.297994,-33.204032],[150.297578,-33.204398],[150.296994,-33.204715],[150.295961,-33.205098],[150.294477,-33.205331],[150.29322,-33.20516],[150.291529,-33.204664],[150.289852,-33.203709],[150.289412,-33.203585],[150.28869,-33.203741],[150.288201,-33.204132],[150.287603,-33.205812],[150.28748,-33.206469],[150.28626,-33.207303],[150.284986,-33.207648],[150.284013,-33.20823],[150.282848,-33.209467],[150.282683,-33.21041],[150.282081,-33.211114],[150.281564,-33.211275],[150.280781,-33.2112],[150.278712,-33.210782],[150.277885,-33.211051],[150.277422,-33.211672],[150.277234,-33.212213],[150.27668,-33.212488],[150.275633,-33.213211],[150.273156,-33.216054],[150.272483,-33.216297],[150.269773,-33.216726],[150.268103,-33.217751],[150.267574,-33.218284],[150.264903,-33.21857],[150.264137,-33.219069],[150.263536,-33.219716],[150.262633,-33.220212],[150.261704,-33.22045],[150.260872,-33.220862],[150.260445,-33.221427],[150.25997,-33.22242],[150.259491,-33.223156],[150.259499,-33.224268],[150.25985,-33.225315],[150.260808,-33.226054],[150.261442,-33.22761],[150.261492,-33.228758],[150.2604,-33.229559],[150.259073,-33.229709],[150.258566,-33.230917],[150.258746,-33.231961],[150.259193,-33.232688],[150.260018,-33.233603],[150.259958,-33.234857],[150.260611,-33.235804],[150.260696,-33.237169],[150.260663,-33.238244],[150.260053,-33.238625],[150.259932,-33.23977],[150.259997,-33.241779],[150.259457,-33.2427],[150.258999,-33.242999],[150.258711,-33.242588],[150.258546,-33.242593],[150.258047,-33.243099],[150.257552,-33.243466],[150.2567,-33.24341],[150.2547,-33.244279],[150.253025,-33.245556],[150.251983,-33.247026],[150.251445,-33.248329],[150.24799,-33.24772],[150.245914,-33.246947],[150.244049,-33.247321],[150.240261,-33.245991],[150.237435,-33.245513],[150.234613,-33.245878],[150.229514,-33.247158],[150.228936,-33.252302],[150.233492,-33.25777],[150.234501,-33.262601],[150.233854,-33.267325],[150.231597,-33.273129],[150.23433,-33.276931],[150.233648,-33.278287],[150.233335,-33.279234],[150.23337,-33.280368],[150.233833,-33.281452],[150.234706,-33.283022],[150.235792,-33.284596],[150.235979,-33.285436],[150.233571,-33.289735],[150.233474,-33.290568],[150.235376,-33.294427],[150.235648,-33.294791],[150.235737,-33.296463],[150.235556,-33.297711],[150.236101,-33.298439],[150.237283,-33.29924],[150.239169,-33.300236],[150.240209,-33.301035],[150.240351,-33.303304],[150.240316,-33.306643],[150.240527,-33.308973],[150.2403,-33.313918],[150.240832,-33.315063],[150.241383,-33.315491],[150.24234,-33.315901],[150.243346,-33.315794],[150.244363,-33.315516],[150.244363,-33.315183],[150.24463,-33.3149],[150.24723,-33.313683],[150.24868,-33.313117],[150.249113,-33.312833],[150.249346,-33.312617],[150.250513,-33.310666],[150.252746,-33.308633],[150.25588,-33.30555],[150.257796,-33.304016],[150.258096,-33.303533],[150.25823,-33.303],[150.258596,-33.30015],[150.258796,-33.299616],[150.259096,-33.299133],[150.26063,-33.297417],[150.262363,-33.294866],[150.262813,-33.29445],[150.264496,-33.293816],[150.26498,-33.293533],[150.267013,-33.291665],[150.26733,-33.291215],[150.267547,-33.290699],[150.268296,-33.287915],[150.268563,-33.287399],[150.269546,-33.285999],[150.27033,-33.284499],[150.270679,-33.284049],[150.271129,-33.283749],[150.273012,-33.282965],[150.274079,-33.282382],[150.274529,-33.282015],[150.275795,-33.280699],[150.277562,-33.280482],[150.279512,-33.280116],[150.282262,-33.280166],[150.282712,-33.280349],[150.283029,-33.280616],[150.283229,-33.280916],[150.283346,-33.281332],[150.283329,-33.282165],[150.283129,-33.282932],[150.283179,-33.283332],[150.283846,-33.284549],[150.284079,-33.284799],[150.285662,-33.285799],[150.285745,-33.286099],[150.285545,-33.286115],[150.284296,-33.285465],[150.284012,-33.285232],[150.283596,-33.284615],[150.282712,-33.283965],[150.282496,-33.283699],[150.282346,-33.283149],[150.282196,-33.282915],[150.281879,-33.282749],[150.281595,-33.282715],[150.281395,-33.282532],[150.281412,-33.281732],[150.281279,-33.281449],[150.280645,-33.281016],[150.279762,-33.280832],[150.278879,-33.280899],[150.277812,-33.281199],[150.277545,-33.281366],[150.276779,-33.282282],[150.276279,-33.282549],[150.273879,-33.283365],[150.272563,-33.283715],[150.272296,-33.284015],[150.27228,-33.284199],[150.272445,-33.284449],[150.273112,-33.284782],[150.273945,-33.285049],[150.275545,-33.286315],[150.275812,-33.286582],[150.276362,-33.287565],[150.276695,-33.287782],[150.278029,-33.288199],[150.278396,-33.288399],[150.27938,-33.289399],[150.280729,-33.289982],[150.281862,-33.291099],[150.282196,-33.291799],[150.282196,-33.292265],[150.281862,-33.293132],[150.281612,-33.294532],[150.281612,-33.295199],[150.281813,-33.295982],[150.28203,-33.296332],[150.283112,-33.297482],[150.283912,-33.298965],[150.284212,-33.299299],[150.284645,-33.299465],[150.285129,-33.299465],[150.285562,-33.299265],[150.286162,-33.298565],[150.286545,-33.298266],[150.288412,-33.297699],[150.289295,-33.297266],[150.289762,-33.296932],[150.290729,-33.295699],[150.291429,-33.294949],[150.292412,-33.293549],[150.294295,-33.292349],[150.295929,-33.290649],[150.296412,-33.290282],[150.296945,-33.290015],[150.297545,-33.289849],[150.298079,-33.289832],[150.298529,-33.289915],[150.298979,-33.290132],[150.299529,-33.290715],[150.299662,-33.291049],[150.299596,-33.291399],[150.299212,-33.292065],[150.299162,-33.292399],[150.299312,-33.292715],[150.300346,-33.293482],[150.300612,-33.293882],[150.301012,-33.294882],[150.301279,-33.295265],[150.301512,-33.295482],[150.301962,-33.295682],[150.302979,-33.295799],[150.303562,-33.296016],[150.303762,-33.295916],[150.303912,-33.295365],[150.303812,-33.294815],[150.303329,-33.293699],[150.303245,-33.293165],[150.303279,-33.292565],[150.303612,-33.291315],[150.304129,-33.290349],[150.304312,-33.289765],[150.304229,-33.287682],[150.304329,-33.287282],[150.304629,-33.286932],[150.305095,-33.286632],[150.305245,-33.286315],[150.305212,-33.286099],[150.304912,-33.285782],[150.304012,-33.285232],[150.303724,-33.285164],[150.303729,-33.284832],[150.303612,-33.284432],[150.303662,-33.284265],[150.303762,-33.284049],[150.304095,-33.283849],[150.306029,-33.283515],[150.306745,-33.283682],[150.307979,-33.284382],[150.308362,-33.284299],[150.308529,-33.283982],[150.308562,-33.283165],[150.308795,-33.282115],[150.308895,-33.281882],[150.309179,-33.281566],[150.309492,-33.281558],[150.310079,-33.282049],[150.310412,-33.282465],[150.310479,-33.282832],[150.310379,-33.283682],[150.310479,-33.284082],[150.311012,-33.284699],[150.312212,-33.285415],[150.313945,-33.286621],[150.313903,-33.286748],[150.314489,-33.287167],[150.315027,-33.287275],[150.316372,-33.287292],[150.316979,-33.287432],[150.317362,-33.287615],[150.317662,-33.287915],[150.317845,-33.288299],[150.317962,-33.289699],[150.318045,-33.290132],[150.318262,-33.290582],[150.318945,-33.291115],[150.319429,-33.291282],[150.320374,-33.291399],[150.324358,-33.286088],[150.326019,-33.283746],[150.32902,-33.281079],[150.330418,-33.278768],[150.332028,-33.278189],[150.336629,-33.277646],[150.338094,-33.277316],[150.34042,-33.277199],[150.340266,-33.27792],[150.338125,-33.278487],[150.336877,-33.280245],[150.3362,-33.28285],[150.336573,-33.283694],[150.336402,-33.288772],[150.337203,-33.289487],[150.337622,-33.289083],[150.337956,-33.289183],[150.338589,-33.28915],[150.338756,-33.288983],[150.338989,-33.2885],[150.339206,-33.288366],[150.339439,-33.288416],[150.339572,-33.288733],[150.339972,-33.2887],[150.340939,-33.288033],[150.341856,-33.287666],[150.342139,-33.2874],[150.342156,-33.287216],[150.341872,-33.286616],[150.341706,-33.285999],[150.341706,-33.28575],[150.341922,-33.285399],[150.341972,-33.285133],[150.341589,-33.284383],[150.341172,-33.283983],[150.341172,-33.283883],[150.341356,-33.283733],[150.341756,-33.283016],[150.341789,-33.282316],[150.341606,-33.28115],[150.341639,-33.279883],[150.341772,-33.279133],[150.342039,-33.278683],[150.342456,-33.278599],[150.343306,-33.278716],[150.343589,-33.278566],[150.343739,-33.278366],[150.355959,-33.279197],[150.362607,-33.275839],[150.366681,-33.278925],[150.369105,-33.277477],[150.365837,-33.267408],[150.373718,-33.262576],[150.372738,-33.255556],[150.384037,-33.255794],[150.384096,-33.253796],[150.383086,-33.247775],[150.377884,-33.242666],[150.378702,-33.235184],[150.385792,-33.236834],[150.398189,-33.240093],[150.399437,-33.23812],[150.400377,-33.229655],[150.399576,-33.230295],[150.396481,-33.228912],[150.394678,-33.227995],[150.390002,-33.227019],[150.3882,-33.226102],[150.384804,-33.226031],[150.382231,-33.224658],[150.375426,-33.224954],[150.370593,-33.229246],[150.366328,-33.232011],[150.361285,-33.234541],[150.359516,-33.232526],[150.35727,-33.228963],[150.353961,-33.226037],[150.348548,-33.223505],[150.347924,-33.21822],[150.349884,-33.213868],[150.353151,-33.209544],[150.352219,-33.205789],[150.352873,-33.20141],[150.355825,-33.198836],[150.358717,-33.198239],[150.360839,-33.197185],[150.36554,-33.197285],[150.365853,-33.195534],[150.363562,-33.193509],[150.360095,-33.195852],[150.35245,-33.198106],[150.344771,-33.201457],[150.341691,-33.199633],[150.338068,-33.198458],[150.332102,-33.197012],[150.330877,-33.194349],[150.327556,-33.191861],[150.32629,-33.190516],[150.324342,-33.185861],[150.320291,-33.1816],[150.320137,-33.178082],[150.31841,-33.174749],[150.31588,-33.172059],[150.316978,-33.170325],[150.315485,-33.167876],[150.316315,-33.166357],[150.320498,-33.166227],[150.325658,-33.159748],[150.325765,-33.156235],[150.327665,-33.153859],[150.330542,-33.153701],[150.333654,-33.154427],[150.336023,-33.153819],[150.337589,-33.153852],[150.338574,-33.155851],[150.340387,-33.156329],[150.342769,-33.155281],[150.344857,-33.155326],[150.349361,-33.153225],[150.351541,-33.150196],[150.354921,-33.150707],[150.360329,-33.153238],[150.366071,-33.15336],[150.370456,-33.15521],[150.372583,-33.153937],[150.376746,-33.154464],[150.379767,-33.158262],[150.382077,-33.159629],[150.384733,-33.158147],[150.389366,-33.160441],[150.390906,-33.161352],[150.391957,-33.161155],[150.396081,-33.162998],[150.398053,-33.166994],[150.401962,-33.167295],[150.405617,-33.167372],[150.408814,-33.165241],[150.413187,-33.167529],[150.416542,-33.168917],[150.423565,-33.169941],[150.429792,-33.171388],[150.438044,-33.175074],[150.446774,-33.180306],[150.442704,-33.185495],[150.440832,-33.186994],[150.460754,-33.193773],[150.462136,-33.191165],[150.461702,-33.188081],[150.45783,-33.186464],[150.457346,-33.185136],[150.460568,-33.182126],[150.45986,-33.179475],[150.459675,-33.176835],[150.462407,-33.172717],[150.468493,-33.169985],[150.472359,-33.171821],[150.470692,-33.175302],[150.468986,-33.180101],[150.468929,-33.182077],[150.466746,-33.185327],[150.46767,-33.18952],[150.468639,-33.192176],[150.470429,-33.193531],[150.472747,-33.194676],[150.472958,-33.196438],[150.47164,-33.196851],[150.471635,-33.197],[150.472037,-33.196869],[150.48013,-33.204284],[150.483173,-33.201846],[150.4909,-33.202002],[150.491608,-33.198017],[150.489474,-33.189474],[150.489616,-33.184478],[150.493196,-33.18405],[150.498954,-33.190665],[150.508872,-33.197364],[150.516075,-33.195008],[150.522556,-33.197137],[150.531472,-33.197314],[150.531898,-33.203323],[150.540261,-33.201988],[150.539821,-33.19648],[150.544715,-33.191577],[150.546029,-33.187103],[150.559103,-33.18736],[150.561579,-33.184977],[150.559582,-33.184398],[150.553065,-33.183089],[150.553119,-33.181122],[150.554643,-33.176822],[150.554753,-33.172888],[150.552,-33.170865],[150.553937,-33.168541],[150.555406,-33.166208],[150.554101,-33.16264],[150.557408,-33.161524],[150.560683,-33.161588],[150.56486,-33.162851],[150.56783,-33.157004],[150.57019,-33.156263],[150.57205,-33.156693],[150.57341,-33.158294],[150.569908,-33.166492],[150.570789,-33.168478],[150.582038,-33.16791],[150.587249,-33.165649],[150.593597,-33.166747],[150.583534,-33.163838],[150.588286,-33.158656],[150.585343,-33.152491],[150.585165,-33.14638],[150.595936,-33.145079],[150.603856,-33.145578],[150.608797,-33.141892],[150.608641,-33.136824],[150.602877,-33.130726],[150.597155,-33.12509],[150.602141,-33.11966],[150.602331,-33.119549],[150.601398,-33.119696],[150.601045,-33.11959],[150.599766,-33.118616],[150.598824,-33.118348],[150.598112,-33.118334],[150.597208,-33.118816],[150.596821,-33.119958],[150.596572,-33.120402],[150.594967,-33.120471],[150.594683,-33.120016],[150.594748,-33.119818],[150.595054,-33.119474],[150.595244,-33.119028],[150.595859,-33.118241],[150.59702,-33.117015],[150.596968,-33.116764],[150.596504,-33.116356],[150.595731,-33.116391],[150.595693,-33.115641],[150.595579,-33.115439],[150.595288,-33.115233],[150.594771,-33.114624],[150.594514,-33.113171],[150.593926,-33.112959],[150.59203,-33.112823],[150.59216,-33.112426],[150.591809,-33.110072],[150.590865,-33.109854],[150.590268,-33.109992],[150.589555,-33.110028],[150.589389,-33.109575],[150.589404,-33.109026],[150.588698,-33.108813],[150.588171,-33.108553],[150.587829,-33.108047],[150.58731,-33.107488],[150.58727,-33.106788],[150.587521,-33.106293],[150.589027,-33.105473],[150.591764,-33.105176],[150.592363,-33.104988],[150.593377,-33.104808],[150.594644,-33.104033],[150.595132,-33.103543],[150.595972,-33.10321],[150.596889,-33.103324],[150.596708,-33.102599],[150.597312,-33.100534],[150.601064,-33.098645],[150.608158,-33.09982],[150.610565,-33.096982],[150.60928,-33.093843],[150.604402,-33.091789],[150.60613,-33.088707],[150.610681,-33.087641],[150.609819,-33.084049],[150.61093,-33.078418],[150.610448,-33.075986],[150.605285,-33.074388],[150.605338,-33.072428],[150.610396,-33.067795],[150.60682,-33.068303],[150.601415,-33.065547],[150.602286,-33.063718],[150.601359,-33.062546],[150.591661,-33.056477],[150.590352,-33.05426],[150.585653,-33.055784],[150.580791,-33.053267],[150.581627,-33.047746],[150.586207,-33.045528],[150.582304,-33.04303],[150.585989,-33.038488],[150.574958,-33.036197],[150.577511,-33.033017],[150.582084,-33.03103],[150.578302,-33.029111],[150.568798,-33.026157],[150.565602,-33.022865],[150.565646,-33.016291],[150.563603,-33.015905],[150.560599,-33.020576],[150.550771,-33.02938],[150.54474,-33.024648],[150.533106,-33.029378],[150.525327,-33.035516],[150.524004,-33.034638],[150.523926,-33.033407],[150.522646,-33.031017],[150.521646,-33.027882],[150.520846,-33.022214],[150.518499,-33.018015],[150.518818,-33.013072],[150.511799,-33.007962],[150.510655,-33.004824],[150.507346,-33.010526],[150.504857,-33.011399],[150.501742,-33.010183],[150.49711,-33.009398],[150.497892,-33.005953],[150.491745,-33.005484],[150.489291,-33.014778],[150.488834,-33.021228],[150.489006,-33.024807],[150.484499,-33.026092],[150.482074,-33.02453],[150.484348,-33.020099],[150.482181,-33.019248],[150.477919,-33.019854],[150.472952,-33.016409],[150.464284,-33.013118],[150.463699,-33.009646],[150.458714,-33.011621],[150.451406,-33.013433],[150.442683,-33.021559],[150.434406,-33.018967],[150.435594,-33.015761],[150.428756,-33.010776],[150.42572,-33.010686],[150.415009,-33.006857],[150.407144,-33.005484],[150.400658,-33.011924],[150.39498,-33.014112],[150.389196,-33.010646],[150.375873,-33.007483],[150.37634,-32.99558],[150.375994,-32.986651],[150.366701,-32.971529],[150.351168,-32.983627],[150.350322,-32.992108],[150.339562,-32.989318],[150.334591,-32.998208],[150.340015,-33.001374],[150.346774,-32.99923],[150.353491,-33.005174],[150.345226,-33.008881],[150.345095,-33.01324],[150.351873,-33.017456],[150.347067,-33.021536],[150.337105,-33.017325],[150.333314,-33.014734],[150.333083,-33.010948],[150.330385,-33.008855],[150.3243,-33.009051],[150.32063,-33.011845],[150.31542,-33.008361],[150.311628,-33.01548],[150.307451,-33.013888],[150.303178,-33.013856],[150.307601,-33.020289],[150.305089,-33.023434],[150.298787,-33.020243],[150.29044,-33.017873],[150.291652,-33.022561],[150.297893,-33.028144],[150.297944,-33.029441],[150.295872,-33.030302],[150.29254,-33.036705],[150.28921,-33.036693],[150.288304,-33.038126],[150.294061,-33.041592],[150.296459,-33.042151]],[[150.485354,-33.135313],[150.486772,-33.136104],[150.486734,-33.137441],[150.485422,-33.137493],[150.484185,-33.137016],[150.482696,-33.139187],[150.483293,-33.13997],[150.481606,-33.140775],[150.479777,-33.14007],[150.483763,-33.130625],[150.479957,-33.131359],[150.471249,-33.137493],[150.450226,-33.136903],[150.449984,-33.135396],[150.450107,-33.134182],[150.450854,-33.132469],[150.449613,-33.130941],[150.447412,-33.130844],[150.445533,-33.131218],[150.44512,-33.133132],[150.443701,-33.135267],[150.444532,-33.13865],[150.444615,-33.140695],[150.442973,-33.140661],[150.441199,-33.142728],[150.436486,-33.145095],[150.434843,-33.147526],[150.427909,-33.147683],[150.42835,-33.15214],[150.427244,-33.153319],[150.42468,-33.153025],[150.424754,-33.150503],[150.423426,-33.147049],[150.424592,-33.143828],[150.423494,-33.142303],[150.42169,-33.140462],[150.418159,-33.139067],[150.409233,-33.138942],[150.406022,-33.138815],[150.40051,-33.139881],[150.398966,-33.139687],[150.397227,-33.128647],[150.397264,-33.126403],[150.397497,-33.125322],[150.395735,-33.121645],[150.393069,-33.119418],[150.388997,-33.118567],[150.38594,-33.119269],[150.383483,-33.120239],[150.380943,-33.118909],[150.374614,-33.11737],[150.371035,-33.115252],[150.361693,-33.112372],[150.359498,-33.113006],[150.358491,-33.111363],[150.359561,-33.108822],[150.360536,-33.10688],[150.360708,-33.106883],[150.360966,-33.103993],[150.361875,-33.102123],[150.36161,-33.1006],[150.360469,-33.099269],[150.359223,-33.098484],[150.357822,-33.100468],[150.356891,-33.099335],[150.355213,-33.097636],[150.351688,-33.097859],[150.350381,-33.099474],[150.350849,-33.101373],[150.350342,-33.103494],[150.348678,-33.104083],[150.346966,-33.103492],[150.345214,-33.101486],[150.344248,-33.099294],[150.341338,-33.098935],[150.338727,-33.098117],[150.335821,-33.098887],[150.334515,-33.096914],[150.334952,-33.092213],[150.333284,-33.090167],[150.333501,-33.088439],[150.334649,-33.085899],[150.336382,-33.08343],[150.33532,-33.081621],[150.333346,-33.080451],[150.331609,-33.078816],[150.329847,-33.078027],[150.331357,-33.076085],[150.330292,-33.074371],[150.332005,-33.073092],[150.332394,-33.071314],[150.332591,-33.068499],[150.332101,-33.066233],[150.33209,-33.064489],[150.32948,-33.060632],[150.331247,-33.05778],[150.330971,-33.055589],[150.330233,-33.054163],[150.330613,-33.052668],[150.331342,-33.05071],[150.331742,-33.048557],[150.332236,-33.046969],[150.331955,-33.045178],[150.332067,-33.043769],[150.330708,-33.042144],[150.331991,-33.040291],[150.332497,-33.038329],[150.334708,-33.037807],[150.33732,-33.037492],[150.339801,-33.036605],[150.341168,-33.035694],[150.34252,-33.035253],[150.343967,-33.035378],[150.344901,-33.033988],[150.347374,-33.033383],[150.351525,-33.032625],[150.352877,-33.032184],[150.355714,-33.034312],[150.357398,-33.033972],[150.358962,-33.033911],[150.359835,-33.034587],[150.361156,-33.035179],[150.363275,-33.035224],[150.364161,-33.035431],[150.371641,-33.031547],[150.376235,-33.030892],[150.37728,-33.029504],[150.378515,-33.029248],[150.379739,-33.029368],[150.381063,-33.029866],[150.382839,-33.030185],[150.384263,-33.031061],[150.386474,-33.031765],[150.388029,-33.031985],[150.390204,-33.033911],[150.393178,-33.038034],[150.395991,-33.038975],[150.402112,-33.041337],[150.412307,-33.045521],[150.416871,-33.047503],[150.417632,-33.045099],[150.420769,-33.046052],[150.422307,-33.047564],[150.425272,-33.048366],[150.428777,-33.048734],[150.430873,-33.049222],[150.433727,-33.0478],[150.436037,-33.046959],[150.437532,-33.043881],[150.438111,-33.042116],[150.440137,-33.0389],[150.440879,-33.037583],[150.443205,-33.03615],[150.445035,-33.033671],[150.446144,-33.031769],[150.445861,-33.029394],[150.446345,-33.024814],[150.449524,-33.024287],[150.451314,-33.023139],[150.452882,-33.023616],[150.453894,-33.025117],[150.455955,-33.026787],[150.456974,-33.027993],[150.458183,-33.028758],[150.463097,-33.029006],[150.468551,-33.02882],[150.471533,-33.029029],[150.472737,-33.029942],[150.474837,-33.03028],[150.476447,-33.029277],[150.476845,-33.027656],[150.479535,-33.025786],[150.481655,-33.025384],[150.484959,-33.026636],[150.487401,-33.026595],[150.488435,-33.025974],[150.489857,-33.026003],[150.491552,-33.027193],[150.492873,-33.027219],[150.494269,-33.026823],[150.500607,-33.026947],[150.503483,-33.02498],[150.506524,-33.023321],[150.511015,-33.023296],[150.513817,-33.025301],[150.516344,-33.027415],[150.519615,-33.027251],[150.520269,-33.028181],[150.520244,-33.029098],[150.521841,-33.030391],[150.522087,-33.031313],[150.522317,-33.032808],[150.523987,-33.036395],[150.525698,-33.037282],[150.526678,-33.037649],[150.528663,-33.03748],[150.529908,-33.037226],[150.531739,-33.037914],[150.532364,-33.040889],[150.53253,-33.043811],[150.534436,-33.043502],[150.535867,-33.042487],[150.535665,-33.040885],[150.535191,-33.040111],[150.536134,-33.040378],[150.537556,-33.041131],[150.538033,-33.041766],[150.53706,-33.04411],[150.535857,-33.045823],[150.534523,-33.049272],[150.53713,-33.050505],[150.538756,-33.051371],[150.541079,-33.053919],[150.541195,-33.055659],[150.542166,-33.056373],[150.543718,-33.053971],[150.543188,-33.049304],[150.543867,-33.048623],[150.546744,-33.049027],[150.547553,-33.049599],[150.547304,-33.052652],[150.547827,-33.054608],[150.549344,-33.055971],[150.550871,-33.057935],[150.552575,-33.059011],[150.553127,-33.059925],[150.554944,-33.059891],[150.555742,-33.061558],[150.556552,-33.064441],[150.557137,-33.067163],[150.557515,-33.068421],[150.555916,-33.069502],[150.555055,-33.070805],[150.552706,-33.072149],[150.550031,-33.073348],[150.547403,-33.072879],[150.547784,-33.073999],[150.546913,-33.07565],[150.547356,-33.077535],[150.545573,-33.079307],[150.542407,-33.080357],[150.53955,-33.079188],[150.535043,-33.077987],[150.533726,-33.077822],[150.532291,-33.078975],[150.531828,-33.080773],[150.533494,-33.083169],[150.534718,-33.08368],[150.535359,-33.084388],[150.533922,-33.08561],[150.533792,-33.090264],[150.532464,-33.093435],[150.533192,-33.094006],[150.532842,-33.094694],[150.529036,-33.094966],[150.53016,-33.0961],[150.5285,-33.096415],[150.525333,-33.097464],[150.523114,-33.097072],[150.520191,-33.098265],[150.516978,-33.097993],[150.513752,-33.098206],[150.511017,-33.098569],[150.513117,-33.100209],[150.517507,-33.099741],[150.518419,-33.100288],[150.517452,-33.101686],[150.51559,-33.103317],[150.516474,-33.104168],[150.526891,-33.10375],[150.527155,-33.106118],[150.52998,-33.105479],[150.532875,-33.105328],[150.53394,-33.105627],[150.539668,-33.104559],[150.540569,-33.105575],[150.540349,-33.106797],[150.539241,-33.108026],[150.537245,-33.108542],[150.541402,-33.111719],[150.54157,-33.113354],[150.542804,-33.116506],[150.54332,-33.11874],[150.546088,-33.120185],[150.547049,-33.121246],[150.545354,-33.122812],[150.545307,-33.124479],[150.543439,-33.126319],[150.543408,-33.12743],[150.545549,-33.127681],[150.549216,-33.126502],[150.54978,-33.127],[150.550581,-33.127919],[150.548182,-33.130999],[150.5472,-33.133621],[150.548491,-33.134758],[150.550175,-33.13361],[150.552076,-33.133578],[150.553886,-33.133822],[150.554437,-33.134806],[150.552275,-33.135319],[150.55069,-33.13656],[150.550625,-33.138206],[150.551668,-33.139339],[150.552735,-33.139568],[150.55338,-33.140137],[150.550537,-33.141974],[150.549887,-33.14396],[150.551014,-33.145025],[150.55058,-33.145781],[150.549756,-33.145695],[150.547271,-33.145924],[150.541229,-33.14928],[150.539735,-33.149529],[150.537017,-33.149197],[150.535627,-33.148683],[150.532293,-33.149729],[150.530824,-33.149074],[150.53095,-33.150467],[150.530506,-33.15157],[150.528424,-33.152154],[150.524893,-33.151389],[150.525768,-33.152588],[150.527878,-33.153951],[150.527668,-33.155545],[150.527059,-33.156645],[150.525523,-33.155433],[150.523555,-33.154907],[150.521295,-33.152986],[150.516323,-33.150437],[150.51621,-33.146207],[150.515852,-33.145567],[150.515695,-33.144457],[150.515127,-33.144604],[150.514264,-33.145219],[150.513345,-33.144489],[150.513186,-33.143458],[150.513228,-33.143221],[150.513,-33.143375],[150.512249,-33.14336],[150.511792,-33.142877],[150.511613,-33.142557],[150.511247,-33.142233],[150.510784,-33.141987],[150.509741,-33.142282],[150.508335,-33.142175],[150.507684,-33.141925],[150.507737,-33.140028],[150.507192,-33.139385],[150.505695,-33.139117],[150.505333,-33.138636],[150.504765,-33.138783],[150.503448,-33.138835],[150.501862,-33.138408],[150.501578,-33.137698],[150.500205,-33.137438],[150.496715,-33.13563],[150.493232,-33.133574],[150.488378,-33.130905],[150.485354,-33.135313]],[[150.247016,-33.154746],[150.247096,-33.154269],[150.247349,-33.15387],[150.2479,-33.153753],[150.248766,-33.154067],[150.249981,-33.153689],[150.25033,-33.153015],[150.251092,-33.152443],[150.253375,-33.152217],[150.254139,-33.151572],[150.25469,-33.150737],[150.255063,-33.150417],[150.255563,-33.150906],[150.255675,-33.151718],[150.255462,-33.153562],[150.256973,-33.156266],[150.256885,-33.156862],[150.256497,-33.15748],[150.254915,-33.157622],[150.2543,-33.158206],[150.253908,-33.158839],[150.253422,-33.159248],[150.253116,-33.159114],[150.252536,-33.15807],[150.251423,-33.157954],[150.250952,-33.15763],[150.249179,-33.157646],[150.247845,-33.156918],[150.247016,-33.154746]]]},"properties":{"OBJECTID":6319,"FireType":1,"FireName":"Wollemi Complex","FireNo":"BMS 02 068/07","FireYear":200203,"Label":"2002-03 Wildfire","StartDate":1041897600000,"EndDate":1046217600000,"Intensity":null,"AreaHa":42243.02518125,"PerimeterM":369990.32477627,"OFHObjMet":null,"ObjNotMet":null,"NPWSBranch":"BMTN","NPWSArea":"MUDG","VerDate":1788739200000,"Shape.STArea()":0.04082332919304663,"Shape.STLength()":3.674771468171501}},{"type":"Feature","id":6321,"geometry":{"type":"Polygon","coordinates":[[[150.547192,-32.92293],[150.544979,-32.921729],[150.542363,-32.921572],[150.538349,-32.922335],[150.533064,-32.923915],[150.527208,-32.923588],[150.525908,-32.925457],[150.524231,-32.927423],[150.523033,-32.930136],[150.523989,-32.931628],[150.526449,-32.93294],[150.528902,-32.934462],[150.531454,-32.936933],[150.532507,-32.939479],[150.534497,-32.939729],[150.536484,-32.940084],[150.539689,-32.941516],[150.541392,-32.943128],[150.542216,-32.944933],[150.544032,-32.946968],[150.545999,-32.948059],[150.548479,-32.948634],[150.549561,-32.950129],[150.550266,-32.951721],[150.550597,-32.953307],[150.55006,-32.954664],[150.551517,-32.956166],[150.553232,-32.957358],[150.558307,-32.95893],[150.558894,-32.961584],[150.557585,-32.961514],[150.556912,-32.960673],[150.556518,-32.959761],[150.553956,-32.959593],[150.552016,-32.958926],[150.55046,-32.959524],[150.549398,-32.95911],[150.548919,-32.959573],[150.548892,-32.960556],[150.548259,-32.961487],[150.548148,-32.962153],[150.548884,-32.962522],[150.550142,-32.962586],[150.552559,-32.962909],[150.553006,-32.963625],[150.552321,-32.964752],[150.550627,-32.96527],[150.548729,-32.966452],[150.547086,-32.966813],[150.545898,-32.967576],[150.544513,-32.968728],[150.543467,-32.969455],[150.543157,-32.97055],[150.543933,-32.971155],[150.545373,-32.97138],[150.546688,-32.971092],[150.547993,-32.971117],[150.550159,-32.972104],[150.551509,-32.972209],[150.552313,-32.971831],[150.553019,-32.971609],[150.554552,-32.971836],[150.555951,-32.971863],[150.557485,-32.97205],[150.561317,-32.972955],[150.561924,-32.973565],[150.563365,-32.97441],[150.565119,-32.974027],[150.566867,-32.973861],[150.567503,-32.97342],[150.567884,-32.972085],[150.568458,-32.971437],[150.56874,-32.971383],[150.569705,-32.970309],[150.570525,-32.969293],[150.570835,-32.96851],[150.570071,-32.967463],[150.567158,-32.965103],[150.567172,-32.965017],[150.566394,-32.963794],[150.564796,-32.962898],[150.563007,-32.960495],[150.562615,-32.956594],[150.564892,-32.950955],[150.566746,-32.947097],[150.566197,-32.94435],[150.562219,-32.943746],[150.560226,-32.943602],[150.559022,-32.942],[150.559471,-32.939273],[150.56031,-32.936026],[150.562259,-32.933223],[150.558766,-32.933155],[150.555291,-32.932455],[150.551676,-32.932279],[150.550563,-32.931942],[150.549507,-32.9295],[150.549327,-32.926971],[150.548767,-32.924645],[150.547192,-32.92293]]]},"properties":{"OBJECTID":6321,"FireType":1,"FireName":"Wollemi8","FireNo":"CCHR-0203-51","FireYear":200203,"Label":"2002-03 Wildfire","StartDate":1041897600000,"EndDate":1044835200000,"Intensity":null,"AreaHa":1067.13732117,"PerimeterM":21378.14756866,"OFHObjMet":null,"ObjNotMet":null,"NPWSBranch":"BMTN","NPWSArea":"MUDG","VerDate":1788739200000,"Shape.STArea()":0.00102899607416838,"Shape.STLength()":0.21238305990726047}},{"type":"Feature","id":6676,"geometry":{"type":"MultiPolygon","coordinates":[[[[150.284716,-32.762671],[150.284977,-32.762733],[150.284681,-32.762763],[150.284716,-32.762671],[150.283709,-32.762431],[150.281462,-32.760746],[150.279589,-32.76084],[150.280432,-32.762337],[150.279401,-32.763554],[150.27912,-32.765801],[150.279682,-32.766644],[150.280133,-32.766694],[150.280003,-32.767108],[150.283175,-32.773621],[150.28354,-32.776131],[150.284257,-32.778387],[150.285145,-32.780447],[150.286248,-32.780428],[150.287567,-32.780756],[150.288931,-32.78171],[150.28848,-32.782716],[150.289659,-32.783999],[150.291243,-32.785291],[150.293737,-32.788238],[150.294473,-32.790274],[150.292404,-32.792436],[150.291628,-32.793406],[150.291617,-32.793634],[150.291243,-32.794203],[150.292404,-32.795994],[150.295166,-32.798536],[150.296582,-32.801059],[150.296319,-32.803954],[150.296535,-32.805122],[150.295318,-32.808058],[150.293193,-32.807907],[150.290557,-32.808061],[150.288534,-32.808652],[150.288223,-32.810656],[150.289677,-32.812274],[150.29292,-32.812768],[150.294529,-32.813438],[150.296619,-32.813252],[150.29698,-32.815028],[150.297151,-32.816906],[150.295461,-32.817903],[150.296512,-32.819502],[150.296778,-32.824915],[150.298246,-32.827361],[150.299714,-32.827361],[150.304117,-32.828584],[150.306074,-32.831031],[150.308765,-32.832498],[150.31031,-32.83441],[150.312032,-32.835505],[150.313079,-32.838173],[150.312435,-32.840081],[150.313658,-32.845707],[150.314636,-32.847419],[150.316838,-32.850599],[150.31924,-32.854703],[150.317241,-32.856323],[150.316231,-32.858404],[150.315904,-32.859339],[150.314959,-32.859639],[150.314043,-32.863413],[150.314465,-32.864288],[150.315746,-32.864741],[150.316877,-32.86459],[150.318159,-32.864816],[150.319742,-32.865947],[150.320722,-32.866249],[150.321702,-32.865646],[150.322983,-32.867078],[150.323963,-32.867757],[150.326314,-32.866581],[150.325245,-32.867305],[150.327959,-32.866324],[150.329618,-32.865495],[150.330338,-32.864469],[150.331444,-32.863413],[150.332853,-32.865122],[150.332149,-32.866782],[150.333255,-32.867285],[150.333506,-32.867939],[150.333807,-32.867922],[150.333797,-32.868241],[150.335066,-32.868793],[150.334915,-32.869246],[150.334309,-32.869615],[150.334211,-32.869598],[150.3324,-32.869095],[150.331344,-32.868089],[150.329433,-32.867737],[150.328527,-32.868743],[150.32722,-32.868844],[150.326465,-32.869347],[150.326623,-32.871636],[150.324911,-32.874816],[150.322954,-32.876283],[150.322737,-32.878394],[150.31855,-32.880442],[150.316299,-32.880597],[150.31219,-32.880442],[150.310874,-32.879807],[150.309204,-32.880444],[150.309476,-32.880862],[150.305342,-32.881114],[150.301915,-32.881909],[150.300111,-32.882925],[150.298401,-32.883025],[150.297044,-32.884333],[150.295686,-32.886797],[150.294821,-32.885089],[150.293598,-32.883866],[150.288705,-32.879708],[150.284791,-32.879953],[150.284047,-32.881142],[150.283932,-32.881561],[150.282589,-32.883377],[150.280632,-32.885579],[150.279654,-32.889492],[150.281121,-32.895118],[150.283079,-32.900255],[150.285525,-32.902946],[150.286645,-32.904317],[150.286711,-32.905908],[150.28512,-32.908096],[150.284192,-32.909754],[150.284666,-32.9107],[150.284283,-32.910836],[150.285864,-32.912714],[150.28661,-32.914177],[150.287589,-32.917083],[150.287549,-32.918373],[150.289194,-32.919579],[150.286043,-32.922099],[150.286572,-32.923706],[150.28712,-32.924925],[150.288993,-32.925865],[150.289091,-32.926298],[150.28998,-32.926906],[150.290823,-32.926859],[150.2912,-32.926705],[150.292508,-32.927],[150.291332,-32.92945],[150.28932,-32.930111],[150.284881,-32.930089],[150.282105,-32.930853],[150.281779,-32.932793],[150.279205,-32.93375],[150.278933,-32.933693],[150.278887,-32.933863],[150.277917,-32.934206],[150.277369,-32.934718],[150.278214,-32.935758],[150.277769,-32.936723],[150.279129,-32.938114],[150.279106,-32.938875],[150.279445,-32.939406],[150.278486,-32.940954],[150.277893,-32.942727],[150.276235,-32.943605],[150.275204,-32.946846],[150.275499,-32.94994],[150.275204,-32.953328],[150.27653,-32.955244],[150.27977,-32.955096],[150.283305,-32.959221],[150.286398,-32.960547],[150.288018,-32.958337],[150.289638,-32.956717],[150.292879,-32.956717],[150.292584,-32.955096],[150.29008,-32.954359],[150.289344,-32.953476],[150.290227,-32.951855],[150.290375,-32.950087],[150.289638,-32.948467],[150.285661,-32.948025],[150.28301,-32.948467],[150.281979,-32.947435],[150.284925,-32.947435],[150.283452,-32.945668],[150.286545,-32.945667],[150.288312,-32.94552],[150.289638,-32.944489],[150.290522,-32.943605],[150.291995,-32.943458],[150.292637,-32.941657],[150.293587,-32.941282],[150.293626,-32.941194],[150.293818,-32.941415],[150.294708,-32.941743],[150.294848,-32.942773],[150.296955,-32.943662],[150.298453,-32.943615],[150.300138,-32.941275],[150.300293,-32.941177],[150.302383,-32.941277],[150.302338,-32.941649],[150.301495,-32.9431],[150.299623,-32.945675],[150.299951,-32.946798],[150.301449,-32.946751],[150.30318,-32.947219],[150.305287,-32.945815],[150.30641,-32.946236],[150.306888,-32.946048],[150.307321,-32.946394],[150.30872,-32.946009],[150.311493,-32.943156],[150.315767,-32.944965],[150.316795,-32.944665],[150.316707,-32.943375],[150.315609,-32.942853],[150.315819,-32.942632],[150.314811,-32.942473],[150.312691,-32.941464],[150.315832,-32.938633],[150.3137,-32.936224],[150.314571,-32.934625],[150.317083,-32.933979],[150.319254,-32.933605],[150.322465,-32.932788],[150.325547,-32.933886],[150.326306,-32.9343],[150.326994,-32.935351],[150.330227,-32.937479],[150.335216,-32.937998],[150.337709,-32.936301],[150.340812,-32.936457],[150.341791,-32.940616],[150.342377,-32.941494],[150.341817,-32.941522],[150.343014,-32.944529],[150.34913,-32.946242],[150.354495,-32.945649],[150.355098,-32.944744],[150.353666,-32.943688],[150.35231,-32.942328],[150.354022,-32.939393],[150.356713,-32.939148],[150.356606,-32.941125],[150.356078,-32.942557],[150.357134,-32.942934],[150.359019,-32.942633],[150.360451,-32.941049],[150.360383,-32.939393],[150.36128,-32.940371],[150.364069,-32.94022],[150.36552,-32.940371],[150.366499,-32.941594],[150.365276,-32.941803],[150.364069,-32.942783],[150.365191,-32.944056],[150.366633,-32.943839],[150.366254,-32.945263],[150.366319,-32.945313],[150.363318,-32.949666],[150.359091,-32.95175],[150.359894,-32.955537],[150.362103,-32.955565],[150.366254,-32.956026],[150.3687,-32.956026],[150.371147,-32.957494],[150.372859,-32.958717],[150.374816,-32.960674],[150.375305,-32.962631],[150.373838,-32.964832],[150.371391,-32.9663],[150.370168,-32.967278],[150.368945,-32.968746],[150.366499,-32.970458],[150.365367,-32.969935],[150.365367,-32.970587],[150.36234,-32.970458],[150.36234,-32.972415],[150.364537,-32.974704],[150.36597,-32.975398],[150.366009,-32.975595],[150.367516,-32.976022],[150.367007,-32.976687],[150.366669,-32.977844],[150.368454,-32.977989],[150.369322,-32.978567],[150.370286,-32.97876],[150.3699,-32.979628],[150.370913,-32.980159],[150.371685,-32.979869],[150.37236,-32.979387],[150.372601,-32.979725],[150.373109,-32.979831],[150.374973,-32.982628],[150.376775,-32.986725],[150.377922,-32.992624],[150.377922,-32.996229],[150.375956,-32.998195],[150.372516,-33.001309],[150.373499,-33.004914],[150.37481,-33.006061],[150.376775,-33.005241],[150.378905,-33.005241],[150.380707,-33.006224],[150.384639,-33.007208],[150.386441,-33.007044],[150.389062,-33.005241],[150.3907,-33.00393],[150.392994,-33.00393],[150.394632,-33.003766],[150.392994,-32.999178],[150.391683,-32.997539],[150.390373,-32.99672],[150.38939,-32.995081],[150.392011,-32.993607],[150.393321,-32.995573],[150.393485,-32.997867],[150.395779,-32.998195],[150.396598,-32.996884],[150.398728,-32.995737],[150.399055,-32.994754],[150.399411,-32.994517],[150.402704,-32.995408],[150.403769,-32.996795],[150.405273,-32.998338],[150.406803,-32.998988],[150.408716,-32.997722],[150.408314,-32.997508],[150.408917,-32.996421],[150.409982,-32.996237],[150.412223,-32.994909],[150.413932,-32.995011],[150.414945,-32.996072],[150.418079,-32.996506],[150.420464,-32.995841],[150.42025,-32.997904],[150.422323,-32.998772],[150.423577,-33.000123],[150.424252,-32.99993],[150.42593,-33.003026],[150.426727,-33.003661],[150.42855,-33.005485],[150.430025,-33.005241],[150.432231,-33.00508],[150.434625,-33.004098],[150.436116,-33.003304],[150.438231,-33.003485],[150.439797,-33.002899],[150.441584,-33.000325],[150.444942,-33.000894],[150.446726,-33.001666],[150.447209,-33.001232],[150.44844,-33.002939],[150.45179,-33.003353],[150.452803,-33.002727],[150.4556,-33.004752],[150.457336,-33.00398],[150.458735,-33.001955],[150.460567,-33.001425],[150.460482,-33.000697],[150.460615,-33.001266],[150.468782,-33.01389],[150.468179,-33.01585],[150.465993,-33.018338],[150.465122,-33.018417],[150.463656,-33.017584],[150.462299,-33.017207],[150.46162,-33.018866],[150.461752,-33.020052],[150.460791,-33.023164],[150.461545,-33.024446],[150.462751,-33.025653],[150.46456,-33.026557],[150.467199,-33.026633],[150.469762,-33.024144],[150.474134,-33.023843],[150.476095,-33.025276],[150.480468,-33.025609],[150.481655,-33.025384],[150.482696,-33.025779],[150.48401,-33.025879],[150.484988,-33.02253],[150.486315,-33.018473],[150.486272,-33.015171],[150.485593,-33.012759],[150.483633,-33.012155],[150.484236,-33.010647],[150.485593,-33.009365],[150.485744,-33.007631],[150.484689,-33.005595],[150.483106,-33.003182],[150.481584,-32.986446],[150.490872,-32.992153],[150.496313,-32.993155],[150.500642,-32.996066],[150.501137,-32.997266],[150.503724,-32.99754],[150.504869,-32.998865],[150.505018,-33.000017],[150.504246,-33.001611],[150.507375,-33.003512],[150.510672,-33.002658],[150.512124,-33.002764],[150.512554,-33.003615],[150.512115,-33.006288],[150.513507,-33.008537],[150.515686,-33.008657],[150.516822,-33.010289],[150.519399,-33.009191],[150.521307,-33.009229],[150.521931,-33.009701],[150.522306,-33.010507],[150.52001,-33.01334],[150.520971,-33.014738],[150.524851,-33.015811],[150.528419,-33.015039],[150.530326,-33.015153],[150.53212,-33.016032],[150.532845,-33.016123],[150.53324,-33.014981],[150.534078,-33.014308],[150.534984,-33.014403],[150.536339,-33.014736],[150.537224,-33.015596],[150.53737,-33.016901],[150.536215,-33.019177],[150.536724,-33.020489],[150.538811,-33.020684],[150.540628,-33.02072],[150.542791,-33.020528],[150.544822,-33.020807],[150.547172,-33.020849],[150.548616,-33.02126],[150.548963,-33.02188],[150.547185,-33.023683],[150.546876,-33.02498],[150.548036,-33.025769],[150.550299,-33.025702],[150.55279,-33.027779],[150.554236,-33.025201],[150.557389,-33.025364],[150.558669,-33.025151],[150.558873,-33.023375],[150.558153,-33.021677],[150.559216,-33.020383],[150.560519,-33.019219],[150.562266,-33.017944],[150.563974,-33.01762],[150.564918,-33.018413],[150.565465,-33.019077],[150.565511,-33.01997],[150.564027,-33.020842],[150.565258,-33.022417],[150.565787,-33.022771],[150.565693,-33.023602],[150.566814,-33.023921],[150.567157,-33.025436],[150.565839,-33.026577],[150.567083,-33.027674],[150.570636,-33.026137],[150.57209,-33.027465],[150.573266,-33.027718],[150.574232,-33.028962],[150.575177,-33.027678],[150.576318,-33.027046],[150.578299,-33.027084],[150.57674,-33.02239],[150.57769,-33.021219],[150.578904,-33.020707],[150.57803,-33.019956],[150.576042,-33.019521],[150.575469,-33.017755],[150.575732,-33.016106],[150.577365,-33.016229],[150.579099,-33.016631],[150.580739,-33.016479],[150.582082,-33.015218],[150.581263,-33.013273],[150.579549,-33.012137],[150.577919,-33.011921],[150.577962,-33.01036],[150.579905,-33.00709],[150.579073,-33.005604],[150.578672,-33.004309],[150.579141,-33.003124],[150.579285,-33.00184],[150.57764,-33.002176],[150.575988,-33.002787],[150.574573,-33.002668],[150.573628,-33.001363],[150.573224,-33.00016],[150.573141,-32.99924],[150.57384,-32.997599],[150.575185,-32.996247],[150.575978,-32.99516],[150.575996,-32.994517],[150.573821,-32.994291],[150.572016,-32.99251],[150.571415,-32.990569],[150.571681,-32.988828],[150.571158,-32.987347],[150.571535,-32.986819],[150.572726,-32.982933],[150.574683,-32.981221],[150.576885,-32.981955],[150.575685,-32.985965],[150.574535,-32.988148],[150.572967,-32.990816],[150.573872,-32.992454],[150.575585,-32.99359],[150.577691,-32.992345],[150.578546,-32.99059],[150.578353,-32.988559],[150.583735,-32.984401],[150.584652,-32.982748],[150.584958,-32.98122],[150.583735,-32.979508],[150.583001,-32.977551],[150.584683,-32.975869],[150.58761,-32.975046],[150.590102,-32.974093],[150.591598,-32.972645],[150.594531,-32.971179],[150.595508,-32.971436],[150.599259,-32.973469],[150.599218,-32.973532],[150.597848,-32.973187],[150.596591,-32.974264],[150.597489,-32.975071],[150.597489,-32.975789],[150.596143,-32.976507],[150.594976,-32.976596],[150.594258,-32.977135],[150.59345,-32.977583],[150.593092,-32.977942],[150.593361,-32.97866],[150.59345,-32.979557],[150.593181,-32.980006],[150.592643,-32.980275],[150.591656,-32.981083],[150.591656,-32.982608],[150.591925,-32.983416],[150.592553,-32.984133],[150.592912,-32.984851],[150.592015,-32.985479],[150.591745,-32.986197],[150.590231,-32.986367],[150.589402,-32.986669],[150.589951,-32.987918],[150.589936,-32.988567],[150.589502,-32.988621],[150.588515,-32.988172],[150.588156,-32.988262],[150.587528,-32.98889],[150.586181,-32.9888],[150.585822,-32.988082],[150.585284,-32.987364],[150.584746,-32.986916],[150.584117,-32.986108],[150.583399,-32.986198],[150.58313,-32.986826],[150.58313,-32.987454],[150.582592,-32.987993],[150.581515,-32.988082],[150.580887,-32.988441],[150.579989,-32.989249],[150.57972,-32.990595],[150.580079,-32.991133],[150.580617,-32.991671],[150.57963,-32.991582],[150.579092,-32.992299],[150.579361,-32.993107],[150.579361,-32.994004],[150.578284,-32.994722],[150.576848,-32.996158],[150.578374,-32.996247],[150.579979,-32.994647],[150.581161,-32.994718],[150.582166,-32.99507],[150.582681,-32.994991],[150.58304,-32.994273],[150.583938,-32.993645],[150.585553,-32.993555],[150.588604,-32.992209],[150.589771,-32.99212],[150.590104,-32.991861],[150.590586,-32.992436],[150.592561,-32.992752],[150.593667,-32.992515],[150.594932,-32.991646],[150.595485,-32.990618],[150.597697,-32.990697],[150.599672,-32.991408],[150.600383,-32.99117],[150.59904,-32.990459],[150.598171,-32.990222],[150.597302,-32.989511],[150.598092,-32.988483],[150.599356,-32.989116],[150.60062,-32.988167],[150.60141,-32.98872],[150.602517,-32.989353],[150.602912,-32.988483],[150.601094,-32.987061],[150.600146,-32.986508],[150.599909,-32.984216],[150.600541,-32.983663],[150.6022,-32.984453],[150.603465,-32.985243],[150.604334,-32.98548],[150.604729,-32.984216],[150.603227,-32.983662],[150.6022,-32.983504],[150.601568,-32.98303],[150.601568,-32.981766],[150.602753,-32.982477],[150.603702,-32.982082],[150.603544,-32.980975],[150.601657,-32.980322],[150.602193,-32.979689],[150.603338,-32.979711],[150.606588,-32.980997],[150.605934,-32.982594],[150.605585,-32.984196],[150.606196,-32.984208],[150.608961,-32.983617],[150.612166,-32.983743],[150.612277,-32.98529],[150.611815,-32.988242],[150.611852,-32.989724],[150.613158,-32.989427],[150.613045,-32.982279],[150.614515,-32.978767],[150.614738,-32.977777],[150.614899,-32.977852],[150.615527,-32.977493],[150.615617,-32.976417],[150.61436,-32.976327],[150.613552,-32.976166],[150.613342,-32.975996],[150.611758,-32.973994],[150.612925,-32.973007],[150.614271,-32.972469],[150.61445,-32.971033],[150.614383,-32.970324],[150.61452,-32.969839],[150.614505,-32.969627],[150.614298,-32.969433],[150.614271,-32.969149],[150.613463,-32.968072],[150.612476,-32.967265],[150.61113,-32.966188],[150.609873,-32.96547],[150.607361,-32.963586],[150.606732,-32.962599],[150.605745,-32.961881],[150.603412,-32.959728],[150.601348,-32.958472],[150.599912,-32.957395],[150.598566,-32.95578],[150.597668,-32.954165],[150.59713,-32.952819],[150.596861,-32.951204],[150.595874,-32.950217],[150.594639,-32.950222],[150.592434,-32.950022],[150.591084,-32.949595],[150.590365,-32.948033],[150.590112,-32.947239],[150.589972,-32.94592],[150.590606,-32.945121],[150.590564,-32.943909],[150.590211,-32.943123],[150.589887,-32.941242],[150.590563,-32.940276],[150.591656,-32.93954],[150.5956,-32.937583],[150.59621,-32.937638],[150.59705,-32.9386],[150.59883,-32.939813],[150.60031,-32.940662],[150.602036,-32.94098],[150.60537,-32.940545],[150.608453,-32.939177],[150.611715,-32.937473],[150.612458,-32.936595],[150.61204,-32.935623],[150.611002,-32.934872],[150.610843,-32.934927],[150.610289,-32.934333],[150.610013,-32.933233],[150.608394,-32.933846],[150.608824,-32.934884],[150.609386,-32.935426],[150.60829,-32.935801],[150.609169,-32.936175],[150.610054,-32.936299],[150.61002,-32.936762],[150.609449,-32.937554],[150.608863,-32.938096],[150.607485,-32.93898],[150.606179,-32.939543],[150.603556,-32.940332],[150.601362,-32.940093],[150.600003,-32.939496],[150.59885,-32.938296],[150.598696,-32.938256],[150.599015,-32.938283],[150.598176,-32.937509],[150.596934,-32.937763],[150.596597,-32.93748],[150.595695,-32.937554],[150.597244,-32.936777],[150.596962,-32.936758],[150.596889,-32.936638],[150.598168,-32.936125],[150.598651,-32.935509],[150.60018,-32.934504],[150.601712,-32.934159],[150.604163,-32.932743],[150.604654,-32.931789],[150.603321,-32.930996],[150.60196,-32.931256],[150.599255,-32.932702],[150.598035,-32.93325],[150.597096,-32.934302],[150.595527,-32.935235],[150.594855,-32.935343],[150.595507,-32.933341],[150.598243,-32.930947],[150.599287,-32.929036],[150.598763,-32.92864],[150.596738,-32.930146],[150.593813,-32.931055],[150.591978,-32.931813],[150.592281,-32.931162],[150.590068,-32.930719],[150.588298,-32.928728],[150.588298,-32.927695],[150.586601,-32.927695],[150.586306,-32.925556],[150.584904,-32.924302],[150.58306,-32.925187],[150.579814,-32.926367],[150.577601,-32.926367],[150.577159,-32.927621],[150.578191,-32.929244],[150.578044,-32.931605],[150.578044,-32.93367],[150.580257,-32.934039],[150.580773,-32.935735],[150.580699,-32.938169],[150.580065,-32.938169],[150.579904,-32.938362],[150.579372,-32.937948],[150.578929,-32.93603],[150.578118,-32.935366],[150.576126,-32.935366],[150.575536,-32.936399],[150.576716,-32.937948],[150.576347,-32.938612],[150.574724,-32.937801],[150.573913,-32.939202],[150.573691,-32.940383],[150.57679,-32.940383],[150.577206,-32.941595],[150.576566,-32.941556],[150.573869,-32.942299],[150.573322,-32.942005],[150.573396,-32.943112],[150.57229,-32.942595],[150.571404,-32.943038],[150.571478,-32.944071],[150.571109,-32.94562],[150.571109,-32.946579],[150.572183,-32.946145],[150.572453,-32.947247],[150.575744,-32.947461],[150.575173,-32.949176],[150.57346,-32.949665],[150.572237,-32.949665],[150.571503,-32.950644],[150.570769,-32.951377],[150.569791,-32.952845],[150.567344,-32.954068],[150.566155,-32.955496],[150.564164,-32.952601],[150.562941,-32.949176],[150.56025,-32.945507],[150.559516,-32.943061],[150.559027,-32.939147],[150.558219,-32.933899],[150.562532,-32.929767],[150.564744,-32.925679],[150.565671,-32.924685],[150.566647,-32.923888],[150.567463,-32.924973],[150.569652,-32.925353],[150.572659,-32.925074],[150.573884,-32.92417],[150.573997,-32.923394],[150.574683,-32.923737],[150.574064,-32.919777],[150.580068,-32.919046],[150.582043,-32.920399],[150.583159,-32.920038],[150.583791,-32.91899],[150.581014,-32.913847],[150.57803,-32.912644],[150.574091,-32.907733],[150.566661,-32.89813],[150.565784,-32.895272],[150.560705,-32.886181],[150.561238,-32.883223],[150.562451,-32.88093],[150.561953,-32.880989],[150.560131,-32.875948],[150.559516,-32.873347],[150.559026,-32.868944],[150.561228,-32.866987],[150.559516,-32.86552],[150.554548,-32.863508],[150.554145,-32.863508],[150.552421,-32.862584],[150.548752,-32.859649],[150.548752,-32.858426],[150.546061,-32.85598],[150.545082,-32.853289],[150.543125,-32.850843],[150.543125,-32.847663],[150.544348,-32.844972],[150.546431,-32.845813],[150.550728,-32.845059],[150.552311,-32.843627],[150.55118,-32.84242],[150.548018,-32.842771],[150.543614,-32.842526],[150.541902,-32.841303],[150.539945,-32.837389],[150.541657,-32.833476],[150.544593,-32.828828],[150.545571,-32.826137],[150.545082,-32.820756],[150.545082,-32.819533],[150.547773,-32.814152],[150.548752,-32.812439],[150.548996,-32.808526],[150.551198,-32.806324],[150.551198,-32.803144],[150.550827,-32.802123],[150.5513,-32.800181],[150.553986,-32.797917],[150.553729,-32.794503],[150.554289,-32.795002],[150.555001,-32.794383],[150.55615,-32.794137],[150.556646,-32.794101],[150.557659,-32.794368],[150.558426,-32.79529],[150.558458,-32.796242],[150.558774,-32.797123],[150.559631,-32.797653],[150.561391,-32.797702],[150.562742,-32.79736],[150.563554,-32.797468],[150.564043,-32.7979],[150.563707,-32.798583],[150.562829,-32.799063],[150.560973,-32.799817],[150.560056,-32.800312],[150.559632,-32.800861],[150.560074,-32.801492],[150.560424,-32.801627],[150.561158,-32.802152],[150.561317,-32.802498],[150.562068,-32.802685],[150.563199,-32.802188],[150.564875,-32.801735],[150.565939,-32.801912],[150.566526,-32.802559],[150.566654,-32.802832],[150.567186,-32.803089],[150.570825,-32.802473],[150.571378,-32.802498],[150.572624,-32.802898],[150.57297,-32.803164],[150.573355,-32.803811],[150.573225,-32.804698],[150.573219,-32.805354],[150.573979,-32.805538],[150.576013,-32.805216],[150.577464,-32.80509],[150.578037,-32.805205],[150.578038,-32.804579],[150.579039,-32.803931],[150.579783,-32.803628],[150.580375,-32.802995],[150.581011,-32.802693],[150.581805,-32.803146],[150.582313,-32.803793],[150.583015,-32.804358],[150.583463,-32.806763],[150.585611,-32.808662],[150.586922,-32.811009],[150.587996,-32.811958],[150.590963,-32.814105],[150.592337,-32.814131],[150.593958,-32.814648],[150.594934,-32.81513],[150.598304,-32.817209],[150.600043,-32.817667],[150.603423,-32.817266],[150.604589,-32.81743],[150.60582,-32.818733],[150.606094,-32.819421],[150.606595,-32.822494],[150.60697,-32.82373],[150.608504,-32.825565],[150.608795,-32.826164],[150.609297,-32.827715],[150.609244,-32.829299],[150.608306,-32.831669],[150.607824,-32.834846],[150.607855,-32.837083],[150.608329,-32.839191],[150.609894,-32.842339],[150.610192,-32.843594],[150.609469,-32.8448],[150.60926,-32.844909],[150.608373,-32.845042],[150.608035,-32.845785],[150.607991,-32.846534],[150.608221,-32.847529],[150.608549,-32.847939],[150.609326,-32.848293],[150.609656,-32.848754],[150.609122,-32.849856],[150.609017,-32.850376],[150.609026,-32.851463],[150.608803,-32.851707],[150.608295,-32.851931],[150.607827,-32.852415],[150.607817,-32.853261],[150.608617,-32.853794],[150.609706,-32.854005],[150.610244,-32.855062],[150.609551,-32.855348],[150.608422,-32.855398],[150.607751,-32.856006],[150.607655,-32.856289],[150.607205,-32.85692],[150.606799,-32.857185],[150.606533,-32.857747],[150.606812,-32.858558],[150.607231,-32.858967],[150.607356,-32.859295],[150.607159,-32.859999],[150.606445,-32.860506],[150.605976,-32.860955],[150.605081,-32.861461],[150.604915,-32.862168],[150.605036,-32.86241],[150.605604,-32.863047],[150.606278,-32.864711],[150.60792,-32.865736],[150.608647,-32.865903],[150.608965,-32.866158],[150.608187,-32.866623],[150.607762,-32.866727],[150.607209,-32.867198],[150.607263,-32.868182],[150.607905,-32.869024],[150.608106,-32.869444],[150.608098,-32.869702],[150.608394,-32.870738],[150.608017,-32.871703],[150.608445,-32.872138],[150.609616,-32.872494],[150.610534,-32.872543],[150.611944,-32.87216],[150.612731,-32.872538],[150.613034,-32.872842],[150.61406,-32.872818],[150.61412,-32.873541],[150.613966,-32.873807],[150.613872,-32.874237],[150.61446,-32.874774],[150.615043,-32.879582],[150.617211,-32.881438],[150.617602,-32.881899],[150.618465,-32.887303],[150.621266,-32.88815],[150.623629,-32.887741],[150.624695,-32.888102],[150.626986,-32.890414],[150.627315,-32.890332],[150.626518,-32.891216],[150.627786,-32.891573],[150.629493,-32.892509],[150.631595,-32.893802],[150.631721,-32.895182],[150.632549,-32.896106],[150.63349,-32.896172],[150.634226,-32.895761],[150.634657,-32.895815],[150.634359,-32.895471],[150.632848,-32.891909],[150.631617,-32.890822],[150.631305,-32.88976],[150.630513,-32.889365],[150.629127,-32.885747],[150.629838,-32.884286],[150.629881,-32.882643],[150.62966,-32.88088],[150.628488,-32.87944],[150.628154,-32.879138],[150.62821,-32.87907],[150.627702,-32.878728],[150.626855,-32.877961],[150.626117,-32.875884],[150.626141,-32.874992],[150.626393,-32.873309],[150.626273,-32.869174],[150.624658,-32.867691],[150.625013,-32.86556],[150.627744,-32.864002],[150.62828,-32.862886],[150.628126,-32.861777],[150.62647,-32.860912],[150.624336,-32.860755],[150.621389,-32.859205],[150.618936,-32.857356],[150.619393,-32.847137],[150.621818,-32.843147],[150.622463,-32.841374],[150.623486,-32.840054],[150.622503,-32.838134],[150.621043,-32.836865],[150.620619,-32.832937],[150.620308,-32.828235],[150.620799,-32.827061],[150.622116,-32.825941],[150.624755,-32.826069],[150.625409,-32.824801],[150.625924,-32.821027],[150.627061,-32.818856],[150.625965,-32.817749],[150.624615,-32.817529],[150.622322,-32.817349],[150.620643,-32.815668],[150.620155,-32.813311],[150.619476,-32.811183],[150.618141,-32.80782],[150.618202,-32.807278],[150.61204,-32.803998],[150.608369,-32.803792],[150.607495,-32.80298],[150.605547,-32.803641],[150.601319,-32.801969],[150.598736,-32.798893],[150.598669,-32.797999],[150.597269,-32.797079],[150.592874,-32.79649],[150.586975,-32.793738],[150.582956,-32.792865],[150.579827,-32.793671],[150.573958,-32.7934],[150.568106,-32.791369],[150.566374,-32.791047],[150.564176,-32.791844],[150.562791,-32.790189],[150.559467,-32.789104],[150.560303,-32.788808],[150.557532,-32.78596],[150.555264,-32.782495],[150.554975,-32.781199],[150.554305,-32.779874],[150.553827,-32.776702],[150.553374,-32.775202],[150.551834,-32.774072],[150.550674,-32.773028],[150.551849,-32.76965],[150.55311,-32.768504],[150.554985,-32.768049],[150.557252,-32.767381],[150.556657,-32.766514],[150.55752,-32.765818],[150.557603,-32.764822],[150.558099,-32.7634],[150.558215,-32.759869],[150.558548,-32.758857],[150.557023,-32.758935],[150.55581,-32.758541],[150.553071,-32.758924],[150.550109,-32.759586],[150.548133,-32.760988],[150.546949,-32.761575],[150.545383,-32.760949],[150.544597,-32.757263],[150.544122,-32.755711],[150.54357,-32.755253],[150.542763,-32.755058],[150.541496,-32.754944],[150.539712,-32.755625],[150.538958,-32.756087],[150.538379,-32.756612],[150.537668,-32.756777],[150.536575,-32.756756],[150.535757,-32.756978],[150.53498,-32.758276],[150.533898,-32.759089],[150.53413,-32.759631],[150.534627,-32.759551],[150.535467,-32.759806],[150.536349,-32.759824],[150.53696,-32.759418],[150.537813,-32.758139],[150.539258,-32.757445],[150.540622,-32.75711],[150.540943,-32.756822],[150.54221,-32.756819],[150.543406,-32.757796],[150.543299,-32.75996],[150.542492,-32.761078],[150.542333,-32.761731],[150.542346,-32.762537],[150.542462,-32.76308],[150.541308,-32.764509],[150.541356,-32.766447],[150.540644,-32.767932],[150.540537,-32.769272],[150.538962,-32.770046],[150.536096,-32.770288],[150.534647,-32.769067],[150.532549,-32.768339],[150.531247,-32.767321],[150.530449,-32.767121],[150.528784,-32.767188],[150.52655,-32.766341],[150.525512,-32.765216],[150.525073,-32.763902],[150.525805,-32.763214],[150.527719,-32.76275],[150.528818,-32.762312],[150.528535,-32.761549],[150.528608,-32.758926],[150.528214,-32.759127],[150.526839,-32.75904],[150.526392,-32.758643],[150.525474,-32.758625],[150.522782,-32.756424],[150.522207,-32.756801],[150.522123,-32.757276],[150.522213,-32.757845],[150.52216,-32.75847],[150.521787,-32.759208],[150.52113,-32.760001],[150.520198,-32.760489],[150.520611,-32.760885],[150.521101,-32.761014],[150.521335,-32.761496],[150.520721,-32.761991],[150.520458,-32.762582],[150.520164,-32.762994],[150.520039,-32.763678],[150.520447,-32.764252],[150.521842,-32.764877],[150.522422,-32.764321],[150.523105,-32.763887],[150.523782,-32.763632],[150.524188,-32.764267],[150.522622,-32.766025],[150.522361,-32.766527],[150.522778,-32.766744],[150.523763,-32.766883],[150.523895,-32.767214],[150.523709,-32.767538],[150.521898,-32.768074],[150.520268,-32.768928],[150.518793,-32.769141],[150.516705,-32.772079],[150.513861,-32.773845],[150.509945,-32.774991],[150.508621,-32.77565],[150.50828,-32.775196],[150.508546,-32.77198],[150.508015,-32.770776],[150.506866,-32.768934],[150.506689,-32.767708],[150.506339,-32.76624],[150.505814,-32.764982],[150.506084,-32.764057],[150.505492,-32.762494],[150.504805,-32.761824],[150.505138,-32.761294],[150.505881,-32.761219],[150.506532,-32.760665],[150.507678,-32.758839],[150.509147,-32.758033],[150.51158,-32.754323],[150.512228,-32.752606],[150.512244,-32.75201],[150.513712,-32.751263],[150.514503,-32.750742],[150.515666,-32.750825],[150.516533,-32.751379],[150.517502,-32.752054],[150.51857,-32.753],[150.519615,-32.753498],[150.520717,-32.754504],[150.521619,-32.756342],[150.522243,-32.756771],[150.522783,-32.756394],[150.522371,-32.754686],[150.521877,-32.753424],[150.519663,-32.751769],[150.518769,-32.750916],[150.518272,-32.749743],[150.51796,-32.749558],[150.517491,-32.749936],[150.517071,-32.749809],[150.516231,-32.748905],[150.515552,-32.748781],[150.515044,-32.749148],[150.514466,-32.749203],[150.514087,-32.749616],[150.513508,-32.749715],[150.512708,-32.750209],[150.512,-32.750217],[150.510759,-32.750503],[150.510573,-32.75061],[150.51059,-32.750942],[150.510244,-32.751135],[150.509929,-32.751151],[150.509522,-32.750678],[150.508716,-32.750462],[150.507784,-32.750045],[150.506849,-32.751599],[150.506036,-32.751605],[150.504805,-32.752691],[150.503002,-32.752872],[150.498806,-32.752347],[150.495332,-32.752809],[150.494578,-32.753157],[150.494744,-32.754796],[150.495315,-32.755902],[150.494873,-32.756793],[150.494129,-32.756935],[150.492475,-32.756471],[150.49192,-32.75646],[150.491031,-32.756794],[150.484416,-32.757905],[150.481602,-32.757896],[150.480756,-32.758348],[150.480221,-32.759276],[150.480424,-32.760298],[150.480151,-32.761778],[150.479609,-32.762941],[150.475607,-32.762],[150.473844,-32.76216],[150.470465,-32.762131],[150.467439,-32.76276],[150.466816,-32.759191],[150.46483,-32.757826],[150.463375,-32.757157],[150.465087,-32.755201],[150.468267,-32.753244],[150.466555,-32.751531],[150.465087,-32.752021],[150.462396,-32.750798],[150.465821,-32.749819],[150.464353,-32.748107],[150.457503,-32.750064],[150.45692,-32.749691],[150.45657,-32.748014],[150.458681,-32.746581],[150.46049,-32.745677],[150.460641,-32.744093],[150.460415,-32.742811],[150.45461,-32.744696],[150.451387,-32.74615],[150.451387,-32.743183],[150.452049,-32.743163],[150.453938,-32.741852],[150.455774,-32.742219],[150.458554,-32.741957],[150.459393,-32.74075],[150.458554,-32.739911],[150.460075,-32.739649],[150.460809,-32.738548],[150.459918,-32.737446],[150.458029,-32.736555],[150.457399,-32.736659],[150.454503,-32.736148],[150.454275,-32.733842],[150.455177,-32.732473],[150.455979,-32.731613],[150.456434,-32.730819],[150.455416,-32.730141],[150.454567,-32.729159],[150.453256,-32.72874],[150.449322,-32.728792],[150.448377,-32.729526],[150.44784,-32.730177],[150.443804,-32.730984],[150.437932,-32.732452],[150.437402,-32.725769],[150.438516,-32.726327],[150.439775,-32.725697],[150.440929,-32.724596],[150.442607,-32.724019],[150.442589,-32.723899],[150.443697,-32.723503],[150.445464,-32.723208],[150.449441,-32.723208],[150.450325,-32.722324],[150.448852,-32.720704],[150.443255,-32.719673],[150.44134,-32.720704],[150.439279,-32.723061],[150.439333,-32.723088],[150.438621,-32.72318],[150.43689,-32.723757],[150.436313,-32.722918],[150.437624,-32.721869],[150.438201,-32.721606],[150.437939,-32.720662],[150.436995,-32.720295],[150.435421,-32.721082],[150.434057,-32.722341],[150.433994,-32.723034],[150.432597,-32.723433],[150.431949,-32.72287],[150.431919,-32.721623],[150.4332,-32.72102],[150.434029,-32.720341],[150.433503,-32.719977],[150.434005,-32.719718],[150.435054,-32.718407],[150.437834,-32.71783],[150.437782,-32.717148],[150.43695,-32.716961],[150.437364,-32.716874],[150.439278,-32.715842],[150.436333,-32.714369],[150.435007,-32.714958],[150.434973,-32.715152],[150.433585,-32.715103],[150.43133,-32.716519],[150.430648,-32.716099],[150.431015,-32.714998],[150.430438,-32.714945],[150.430123,-32.715155],[150.429823,-32.715801],[150.429496,-32.714907],[150.428927,-32.713912],[150.427649,-32.71306],[150.426867,-32.711425],[150.426047,-32.709183],[150.425884,-32.709049],[150.426759,-32.707445],[150.426023,-32.705677],[150.426023,-32.704351],[150.424108,-32.701847],[150.421899,-32.700521],[150.422193,-32.701994],[150.423961,-32.703762],[150.42455,-32.706414],[150.423077,-32.70774],[150.422711,-32.708198],[150.419596,-32.707977],[150.418232,-32.708869],[150.418269,-32.713267],[150.419685,-32.713477],[150.419842,-32.714631],[150.419916,-32.71472],[150.419589,-32.715243],[150.419303,-32.716599],[150.419053,-32.717027],[150.417628,-32.716552],[150.41646,-32.715865],[150.416485,-32.715417],[150.416748,-32.714473],[150.416328,-32.713162],[150.415331,-32.712323],[150.414125,-32.712638],[150.412692,-32.716113],[150.411512,-32.715818],[150.409328,-32.715769],[150.408617,-32.713005],[150.407358,-32.713005],[150.407568,-32.711536],[150.407044,-32.71033],[150.405732,-32.710749],[150.4047,-32.708797],[150.402711,-32.709081],[150.401645,-32.709152],[150.40058,-32.710644],[150.401413,-32.71252],[150.400888,-32.713727],[150.40157,-32.715562],[150.401308,-32.716716],[150.402619,-32.717293],[150.403844,-32.71741],[150.403739,-32.71825],[150.404736,-32.718879],[150.405627,-32.718984],[150.406692,-32.718936],[150.405885,-32.720711],[150.402216,-32.720955],[150.399159,-32.719383],[150.39561,-32.716553],[150.391967,-32.713904],[150.389469,-32.713129],[150.389643,-32.712897],[150.38817,-32.711128],[150.388317,-32.709803],[150.385961,-32.708771],[150.384488,-32.710246],[150.382573,-32.711129],[150.386403,-32.710982],[150.38742,-32.713597],[150.386743,-32.713911],[150.386392,-32.716653],[150.387164,-32.718985],[150.38879,-32.721083],[150.390573,-32.722604],[150.393061,-32.722174],[150.393409,-32.724625],[150.394706,-32.727824],[150.392186,-32.730496],[150.387538,-32.730007],[150.378976,-32.727805],[150.368701,-32.723891],[150.364053,-32.719488],[150.362096,-32.717776],[150.356225,-32.715819],[150.354833,-32.715693],[150.354485,-32.714212],[150.353698,-32.712377],[150.348767,-32.709492],[150.347718,-32.710384],[150.347572,-32.71074],[150.345675,-32.710238],[150.342854,-32.70999],[150.340928,-32.710971],[150.339788,-32.710575],[150.338865,-32.710563],[150.338836,-32.711511],[150.339718,-32.713134],[150.337453,-32.713083],[150.33647,-32.71392],[150.338238,-32.716149],[150.338725,-32.717173],[150.337143,-32.718755],[150.336165,-32.717532],[150.335431,-32.717532],[150.331028,-32.718755],[150.327628,-32.720611],[150.3269,-32.722382],[150.323916,-32.723594],[150.323149,-32.726333],[150.323202,-32.726401],[150.32271,-32.726827],[150.321229,-32.724912],[150.32018,-32.724743],[150.318226,-32.723579],[150.314882,-32.723891],[150.314022,-32.723772],[150.312885,-32.724073],[150.312191,-32.724136],[150.310234,-32.725114],[150.305341,-32.725359],[150.3018,-32.724791],[150.300204,-32.725604],[150.29954,-32.725825],[150.299513,-32.725751],[150.298108,-32.725346],[150.29724,-32.72548],[150.295855,-32.726661],[150.294756,-32.726392],[150.292228,-32.726673],[150.290262,-32.72817],[150.288951,-32.729855],[150.290449,-32.732331],[150.289347,-32.732961],[150.287266,-32.733413],[150.288202,-32.735004],[150.288699,-32.735342],[150.28861,-32.735319],[150.288663,-32.736393],[150.289929,-32.738322],[150.290916,-32.742332],[150.290262,-32.741837],[150.287734,-32.741088],[150.285862,-32.742866],[150.28427,-32.744551],[150.284694,-32.745293],[150.28333,-32.745651],[150.283421,-32.747968],[150.284646,-32.749248],[150.28399,-32.749606],[150.285487,-32.750823],[150.288631,-32.75244],[150.289025,-32.750147],[150.290136,-32.753656],[150.287836,-32.754519],[150.28839,-32.75307],[150.287454,-32.754474],[150.287638,-32.754593],[150.286557,-32.754998],[150.287411,-32.755629],[150.28696,-32.756808],[150.288657,-32.756551],[150.290266,-32.757741],[150.290341,-32.758571],[150.291642,-32.759114],[150.289195,-32.76208],[150.28681,-32.762097],[150.285842,-32.762644],[150.287641,-32.759904],[150.286162,-32.758892],[150.284716,-32.762671]],[[150.594796,-32.968997],[150.59483,-32.969098],[150.594792,-32.969153],[150.594796,-32.968997]],[[150.582843,-32.975206],[150.583306,-32.975167],[150.583477,-32.975322],[150.582843,-32.975206]],[[150.591318,-32.932543],[150.591625,-32.932355],[150.591544,-32.932704],[150.591318,-32.932543]],[[150.3867,-32.986828],[150.386903,-32.986438],[150.387054,-32.987021],[150.3867,-32.986828]],[[150.556193,-32.787835],[150.556433,-32.78749],[150.556765,-32.78784],[150.556193,-32.787835]],[[150.374015,-32.979915],[150.374472,-32.979823],[150.374706,-32.980292],[150.374015,-32.979915]],[[150.433952,-32.716099],[150.434812,-32.716065],[150.434758,-32.716368],[150.433952,-32.716099]],[[150.595366,-32.964285],[150.595966,-32.964342],[150.595346,-32.964809],[150.595366,-32.964285]],[[150.598572,-32.957761],[150.60063,-32.958831],[150.600899,-32.9591],[150.601292,-32.959807],[150.599881,-32.95896],[150.598572,-32.957761]],[[150.373469,-32.976494],[150.373469,-32.976091],[150.373593,-32.976084],[150.374688,-32.975468],[150.374091,-32.97759],[150.373469,-32.976494]],[[150.595695,-32.951787],[150.596143,-32.952011],[150.596502,-32.953627],[150.59722,-32.956229],[150.598152,-32.957375],[150.596945,-32.95627],[150.596211,-32.953334],[150.595695,-32.951787]],[[150.366724,-32.945618],[150.367462,-32.946177],[150.367537,-32.947383],[150.366054,-32.948178],[150.366724,-32.945618]],[[150.37725,-32.974027],[150.380198,-32.972904],[150.380002,-32.975071],[150.37725,-32.974027]],[[150.499767,-32.770108],[150.500561,-32.769654],[150.501561,-32.770721],[150.502877,-32.772377],[150.504398,-32.772901],[150.504658,-32.773057],[150.503984,-32.773057],[150.503005,-32.773546],[150.501633,-32.773121],[150.499842,-32.771239],[150.499767,-32.770108]],[[150.547135,-32.778307],[150.547465,-32.777207],[150.548675,-32.778747],[150.54884,-32.78122],[150.548785,-32.781275],[150.550159,-32.78232],[150.551259,-32.781385],[150.551478,-32.781385],[150.551948,-32.780456],[150.552483,-32.781973],[150.55117,-32.782393],[150.549436,-32.783186],[150.548366,-32.784301],[150.548296,-32.784619],[150.54772,-32.783773],[150.54734,-32.784035],[150.547184,-32.78334],[150.54796,-32.783254],[150.54851,-32.782045],[150.547465,-32.780561],[150.54785,-32.779901],[150.547135,-32.778307]],[[150.580943,-32.967138],[150.581176,-32.966133],[150.582368,-32.965407],[150.582368,-32.964695],[150.581973,-32.964063],[150.582842,-32.96272],[150.583238,-32.961534],[150.583844,-32.961332],[150.584652,-32.961332],[150.584889,-32.961253],[150.584818,-32.963747],[150.585134,-32.965328],[150.586793,-32.965565],[150.587978,-32.965249],[150.588452,-32.964853],[150.589264,-32.96481],[150.590457,-32.964951],[150.59185,-32.964853],[150.589875,-32.965802],[150.588215,-32.967303],[150.586951,-32.967303],[150.584581,-32.966434],[150.582922,-32.966118],[150.583283,-32.967562],[150.580943,-32.967138]]],[[[150.608996,-32.9986],[150.606151,-32.998758],[150.604492,-32.999391],[150.602675,-33.000497],[150.601727,-33.000655],[150.604413,-33.001366],[150.605756,-33.000339],[150.607336,-33.000813],[150.606072,-33.001999],[150.603228,-33.003105],[150.581708,-33.000787],[150.580395,-33.002194],[150.579777,-33.00409],[150.580574,-33.006014],[150.580529,-33.007683],[150.580345,-33.009231],[150.579434,-33.011479],[150.581382,-33.01271],[150.582864,-33.015482],[150.581124,-33.016999],[150.577872,-33.016817],[150.576592,-33.017031],[150.576273,-33.018337],[150.580328,-33.020205],[150.579871,-33.021389],[150.578163,-33.021713],[150.577824,-33.023735],[150.578444,-33.026968],[150.580524,-33.028559],[150.581878,-33.030851],[150.583379,-33.031694],[150.586106,-33.030375],[150.58731,-33.030339],[150.585736,-33.033529],[150.584408,-33.03362],[150.581954,-33.033239],[150.577305,-33.033723],[150.576324,-33.033346],[150.574976,-33.034654],[150.579823,-33.038685],[150.580833,-33.037988],[150.582506,-33.038975],[150.584744,-33.039973],[150.582605,-33.040528],[150.581044,-33.040617],[150.580767,-33.042144],[150.581542,-33.043132],[150.585164,-33.043249],[150.586433,-33.044618],[150.586205,-33.045021],[150.58543,-33.045027],[150.584498,-33.045477],[150.581782,-33.044813],[150.579519,-33.045299],[150.579647,-33.045933],[150.580402,-33.046641],[150.580788,-33.047565],[150.581707,-33.048459],[150.581932,-33.049055],[150.582185,-33.050425],[150.581988,-33.052337],[150.583781,-33.054507],[150.587436,-33.055532],[150.591634,-33.052986],[150.593284,-33.056509],[150.594469,-33.057083],[150.596127,-33.056288],[150.597775,-33.055861],[150.598737,-33.056614],[150.599034,-33.057723],[150.598236,-33.058994],[150.598213,-33.05982],[150.599393,-33.060578],[150.601133,-33.060796],[150.602967,-33.061566],[150.603488,-33.062495],[150.603555,-33.064058],[150.603078,-33.065519],[150.604915,-33.066198],[150.606817,-33.067476],[150.607443,-33.067268],[150.608009,-33.067206],[150.608354,-33.067034],[150.608305,-33.066823],[150.608481,-33.066657],[150.608555,-33.064798],[150.609996,-33.063562],[150.610035,-33.062529],[150.611212,-33.062099],[150.611251,-33.061907],[150.612147,-33.061099],[150.612584,-33.059952],[150.611884,-33.058705],[150.612907,-33.057816],[150.613245,-33.056801],[150.615037,-33.05509],[150.614883,-33.052799],[150.615787,-33.053402],[150.617069,-33.053402],[150.617672,-33.052949],[150.619933,-33.051969],[150.620763,-33.050687],[150.621592,-33.050159],[150.623023,-33.049657],[150.623477,-33.049255],[150.62408,-33.048953],[150.625114,-33.047289],[150.624449,-33.046566],[150.623771,-33.046087],[150.623577,-33.045851],[150.623535,-33.045379],[150.624232,-33.043438],[150.624444,-33.043297],[150.625111,-33.043172],[150.62563,-33.042303],[150.625531,-33.041414],[150.625124,-33.040524],[150.624397,-33.039806],[150.623698,-33.038679],[150.623553,-33.038205],[150.622078,-33.037527],[150.62158,-33.037128],[150.621237,-33.036148],[150.62136,-33.035022],[150.621568,-33.03417],[150.621915,-33.033282],[150.62315,-33.032021],[150.62452,-33.03088],[150.62673,-33.029443],[150.629143,-33.027348],[150.630035,-33.025201],[150.629385,-33.025071],[150.63017,-33.024513],[150.632549,-33.021276],[150.633349,-33.019939],[150.633397,-33.018137],[150.631903,-33.016886],[150.629313,-33.016579],[150.628568,-33.015857],[150.628141,-33.01469],[150.626077,-33.014715],[150.625879,-33.014878],[150.625663,-33.014493],[150.624532,-33.013664],[150.623524,-33.011597],[150.622433,-33.010353],[150.620318,-33.006971],[150.618985,-33.005451],[150.618582,-33.004147],[150.617846,-33.002571],[150.617809,-33.001865],[150.61835,-33.000894],[150.619258,-32.999657],[150.61933,-32.99934],[150.61928,-32.999254],[150.619032,-32.999113],[150.618651,-32.999086],[150.616447,-32.999459],[150.615827,-32.999472],[150.61548,-32.999365],[150.615133,-32.999177],[150.614242,-32.997942],[150.6134,-32.997017],[150.613003,-32.997602],[150.611603,-32.997335],[150.608996,-32.9986]],[[150.599045,-33.020393],[150.599112,-33.020389],[150.599125,-33.020417],[150.599045,-33.020393]],[[150.598816,-33.023209],[150.598845,-33.023222],[150.5988,-33.023448],[150.598816,-33.023209]],[[150.598342,-33.025035],[150.598532,-33.024696],[150.598447,-33.024951],[150.598342,-33.025035]],[[150.617275,-33.035206],[150.618045,-33.034968],[150.61835,-33.034682],[150.617295,-33.035757],[150.617092,-33.035793],[150.617275,-33.035206]],[[150.608324,-33.003333],[150.608255,-33.003441],[150.606511,-33.002972],[150.603741,-33.003443],[150.61279,-32.997938],[150.612395,-32.999788],[150.610209,-33.00092],[150.608324,-33.003333]]],[[[150.616776,-32.896104],[150.616776,-32.894466],[150.618742,-32.892827],[150.617923,-32.891025],[150.616121,-32.890861],[150.612517,-32.891189],[150.611862,-32.893647],[150.614155,-32.895777],[150.612026,-32.89889],[150.609896,-32.896924],[150.607438,-32.89889],[150.60449,-32.900365],[150.6058,-32.902331],[150.60793,-32.902495],[150.616027,-32.900719],[150.614862,-32.902236],[150.614412,-32.902173],[150.614294,-32.903972],[150.613919,-32.903945],[150.613083,-32.903632],[150.612267,-32.903458],[150.612424,-32.90419],[150.611699,-32.904467],[150.610554,-32.9055],[150.610614,-32.90592],[150.609124,-32.906901],[150.608274,-32.907223],[150.60787,-32.906899],[150.606826,-32.906899],[150.605898,-32.907247],[150.604506,-32.907943],[150.60078,-32.908001],[150.601705,-32.905609],[150.600558,-32.902659],[150.597609,-32.902987],[150.596462,-32.907247],[150.597282,-32.908558],[150.597118,-32.908558],[150.597015,-32.908798],[150.595928,-32.909777],[150.595011,-32.909107],[150.594495,-32.910877],[150.59324,-32.911246],[150.592281,-32.912574],[150.594052,-32.913238],[150.593978,-32.914934],[150.592798,-32.917147],[150.591175,-32.918106],[150.591691,-32.919655],[150.590216,-32.920098],[150.590732,-32.922237],[150.592429,-32.922015],[150.594273,-32.923269],[150.596781,-32.923122],[150.595011,-32.924892],[150.59715,-32.926736],[150.600617,-32.927843],[150.603568,-32.928359],[150.605339,-32.928433],[150.608129,-32.928718],[150.60872,-32.930333],[150.608921,-32.930383],[150.613332,-32.933241],[150.613224,-32.932157],[150.614427,-32.932863],[150.61398,-32.93185],[150.615254,-32.932231],[150.615467,-32.931428],[150.615069,-32.929987],[150.612319,-32.928068],[150.611775,-32.927232],[150.611544,-32.926724],[150.610841,-32.923911],[150.609465,-32.922754],[150.609254,-32.920355],[150.610254,-32.919808],[150.61046,-32.919197],[150.610611,-32.917775],[150.610154,-32.916203],[150.608559,-32.914919],[150.606785,-32.91391],[150.604851,-32.912997],[150.604375,-32.913034],[150.604158,-32.911689],[150.605262,-32.909924],[150.606401,-32.910088],[150.606928,-32.909089],[150.607592,-32.908337],[150.608665,-32.907537],[150.608605,-32.907489],[150.608899,-32.907431],[150.612287,-32.905319],[150.614861,-32.904676],[150.615444,-32.903935],[150.61662,-32.902968],[150.617893,-32.902735],[150.620557,-32.9013],[150.621392,-32.900562],[150.623912,-32.900305],[150.62477,-32.900348],[150.627054,-32.90109],[150.628075,-32.901057],[150.629285,-32.90098],[150.630706,-32.899972],[150.62736,-32.897055],[150.624905,-32.895256],[150.623199,-32.894714],[150.621272,-32.895771],[150.61941,-32.896923],[150.61907,-32.896432],[150.616776,-32.896104]],[[150.602949,-32.912058],[150.602978,-32.912131],[150.602991,-32.91228],[150.602949,-32.912058]],[[150.596376,-32.910104],[150.596476,-32.910056],[150.596436,-32.910148],[150.596376,-32.910104]],[[150.624749,-32.900262],[150.625351,-32.90027],[150.625257,-32.900299],[150.624749,-32.900262]],[[150.599497,-32.908614],[150.600082,-32.908334],[150.599833,-32.908832],[150.599497,-32.908614]]],[[[150.295824,-32.953034],[150.295824,-32.950382],[150.297444,-32.946993],[150.294793,-32.946109],[150.292584,-32.945225],[150.290816,-32.946699],[150.292731,-32.948467],[150.292878,-32.951266],[150.29494,-32.955096],[150.295824,-32.953034]]],[[[150.299359,-32.950234],[150.300095,-32.95215],[150.298623,-32.95377],[150.30201,-32.955243],[150.304072,-32.953475],[150.304661,-32.951855],[150.309227,-32.952149],[150.306281,-32.95156],[150.307018,-32.949792],[150.30525,-32.94994],[150.303336,-32.950971],[150.301568,-32.952444],[150.302747,-32.948908],[150.299359,-32.948172],[150.299359,-32.950234]]],[[[150.408201,-32.703173],[150.409968,-32.702436],[150.407759,-32.702142],[150.405255,-32.700668],[150.40555,-32.702731],[150.404371,-32.70332],[150.40172,-32.703173],[150.403341,-32.705088],[150.404666,-32.708624],[150.406728,-32.708034],[150.409527,-32.708182],[150.408643,-32.707003],[150.406434,-32.705825],[150.407317,-32.704793],[150.408201,-32.703173]]],[[[150.491135,-32.751042],[150.491886,-32.750414],[150.492095,-32.749532],[150.491904,-32.748842],[150.491626,-32.748459],[150.490943,-32.748534],[150.490519,-32.748681],[150.490461,-32.748901],[150.489392,-32.749611],[150.489363,-32.749721],[150.489439,-32.749811],[150.489799,-32.75004],[150.489849,-32.750152],[150.489261,-32.750539],[150.489123,-32.750802],[150.488853,-32.751062],[150.488843,-32.751417],[150.488731,-32.75168],[150.488919,-32.752459],[150.489124,-32.752619],[150.489618,-32.752761],[150.49074,-32.752961],[150.491552,-32.752999],[150.491895,-32.752918],[150.492366,-32.752927],[150.492862,-32.753004],[150.493224,-32.753188],[150.493479,-32.753459],[150.493601,-32.753772],[150.493882,-32.754043],[150.494299,-32.75414],[150.494371,-32.754363],[150.494539,-32.753175],[150.494137,-32.753361],[150.49189,-32.752142],[150.4913,-32.751687],[150.491135,-32.751042]]],[[[150.586829,-32.981536],[150.588789,-32.979651],[150.589392,-32.978746],[150.588035,-32.978445],[150.586679,-32.978671],[150.586075,-32.979425],[150.585171,-32.980858],[150.585246,-32.981536],[150.585925,-32.982064],[150.586829,-32.981536]]],[[[150.551256,-32.817687],[150.551784,-32.816858],[150.551784,-32.816179],[150.551256,-32.815576],[150.549975,-32.815576],[150.548995,-32.815953],[150.548392,-32.816858],[150.547864,-32.81716],[150.547412,-32.817763],[150.547939,-32.817989],[150.548995,-32.818064],[150.549824,-32.817914],[150.55005,-32.817687],[150.550578,-32.817838],[150.551256,-32.817687]]],[[[150.604003,-32.903685],[150.605182,-32.905899],[150.610715,-32.90397],[150.604003,-32.903685]]],[[[150.637752,-32.89821],[150.637971,-32.898119],[150.638618,-32.897511],[150.63865,-32.897035],[150.638071,-32.896841],[150.637741,-32.896867],[150.636575,-32.897504],[150.636295,-32.897737],[150.636621,-32.898228],[150.636883,-32.898305],[150.637752,-32.89821]]],[[[150.587432,-32.985156],[150.587432,-32.984553],[150.586829,-32.984326],[150.585623,-32.984402],[150.584568,-32.985231],[150.585849,-32.985382],[150.587432,-32.985156]]],[[[150.589619,-32.982969],[150.590146,-32.982441],[150.589996,-32.981838],[150.588865,-32.981913],[150.588488,-32.983497],[150.589619,-32.982969]]],[[[150.286162,-32.758892],[150.28696,-32.756808],[150.285675,-32.757002],[150.285862,-32.758687],[150.286162,-32.758892]]],[[[150.28839,-32.75307],[150.288764,-32.752508],[150.288631,-32.75244],[150.28839,-32.75307]]]]},"properties":{"OBJECTID":6676,"FireType":1,"FireName":"Wollemi Complex-Coricudgy 1","FireNo":"06111418873","FireYear":200607,"Label":"2006-07 Wildfire","StartDate":1163376000000,"EndDate":1168560000000,"Intensity":9999,"AreaHa":77097.06187416,"PerimeterM":381321.06133435,"OFHObjMet":null,"ObjNotMet":null,"NPWSBranch":"BMTN","NPWSArea":"WOYE","VerDate":1788739200000,"Shape.STArea()":0.07428194745416168,"Shape.STLength()":3.752951410851384}},{"type":"Feature","id":21434,"geometry":{"type":"Polygon","coordinates":[[[150.621633,-32.998447],[150.621149,-32.998907],[150.620694,-32.99953],[150.61996,-33.00094],[150.619397,-33.001615],[150.619131,-33.00234],[150.619201,-33.002928],[150.620861,-33.004853],[150.624201,-33.007613],[150.624808,-33.008526],[150.625135,-33.010291],[150.625673,-33.011374],[150.62628,-33.011917],[150.62726,-33.012062],[150.628387,-33.011966],[150.629657,-33.011684],[150.630512,-33.011727],[150.630663,-33.012073],[150.630445,-33.012619],[150.630378,-33.01314],[150.63076,-33.014049],[150.631089,-33.014579],[150.631822,-33.014773],[150.63321,-33.014484],[150.63497,-33.014328],[150.636674,-33.014631],[150.638056,-33.015387],[150.639469,-33.015793],[150.63992,-33.015711],[150.640254,-33.015248],[150.640601,-33.013875],[150.64094,-33.011997],[150.640493,-33.010302],[150.639499,-33.008624],[150.639367,-33.007558],[150.638829,-33.006862],[150.636813,-33.005832],[150.634693,-33.005459],[150.633238,-33.00425],[150.631277,-33.001949],[150.628587,-32.998508],[150.625037,-32.998377],[150.621633,-32.998447]]]},"properties":{"OBJECTID":21434,"FireType":2,"FireName":"","FireNo":"","FireYear":199495,"Label":"1994-95 Prescribed Burn","StartDate":null,"EndDate":null,"Intensity":null,"AreaHa":212.57830792,"PerimeterM":6471.00477699,"OFHObjMet":null,"ObjNotMet":null,"NPWSBranch":"BMTN","NPWSArea":"WOYE","VerDate":1788739200000,"Shape.STArea()":0.0002051206357568092,"Shape.STLength()":0.06383368201094743}},{"type":"Feature","id":21508,"geometry":{"type":"Polygon","coordinates":[[[150.573989,-32.907413],[150.571964,-32.907581],[150.568779,-32.908358],[150.56674,-32.909049],[150.564283,-32.909749],[150.562167,-32.910114],[150.559131,-32.909757],[150.557466,-32.909643],[150.555611,-32.909841],[150.553002,-32.911053],[150.551092,-32.911304],[150.549615,-32.911744],[150.548439,-32.912532],[150.547423,-32.913333],[150.546394,-32.914954],[150.545651,-32.915561],[150.545747,-32.916312],[150.546751,-32.917512],[150.547972,-32.920557],[150.548653,-32.923357],[150.548926,-32.923957],[150.549665,-32.924296],[150.550103,-32.924287],[150.550602,-32.924044],[150.551577,-32.922016],[150.552049,-32.921972],[150.55217,-32.922235],[150.552076,-32.922937],[150.551612,-32.923857],[150.551369,-32.924907],[150.551619,-32.925525],[150.55186,-32.926476],[150.551532,-32.927516],[150.550789,-32.928493],[150.550702,-32.92933],[150.55116,-32.930151],[150.552678,-32.930938],[150.553318,-32.930996],[150.553541,-32.930666],[150.553515,-32.930062],[150.553275,-32.929065],[150.553407,-32.927787],[150.5537,-32.926846],[150.554224,-32.926856],[150.554505,-32.927899],[150.554705,-32.929165],[150.555181,-32.930157],[150.556414,-32.930795],[150.55834,-32.931536],[150.559946,-32.931838],[150.561479,-32.931696],[150.562779,-32.931072],[150.563738,-32.930802],[150.564151,-32.930937],[150.564885,-32.931862],[150.564966,-32.932422],[150.564595,-32.935418],[150.564093,-32.936589],[150.563177,-32.937996],[150.562223,-32.939267],[150.561765,-32.940349],[150.561808,-32.940747],[150.561624,-32.941203],[150.561759,-32.941747],[150.563078,-32.941989],[150.564165,-32.942542],[150.56463,-32.942344],[150.565057,-32.941982],[150.565889,-32.940484],[150.566733,-32.939355],[150.567601,-32.938894],[150.567917,-32.93908],[150.568069,-32.93976],[150.567843,-32.940594],[150.56776,-32.941278],[150.567936,-32.941506],[150.568966,-32.94177],[150.570419,-32.941429],[150.570907,-32.941195],[150.57173,-32.940408],[150.572406,-32.939556],[150.574728,-32.934776],[150.575678,-32.933289],[150.577386,-32.931429],[150.579137,-32.927982],[150.579421,-32.926987],[150.579241,-32.924963],[150.578894,-32.923956],[150.577031,-32.919744],[150.575391,-32.917945],[150.573298,-32.916291],[150.572537,-32.915194],[150.572407,-32.914073],[150.572684,-32.91333],[150.573086,-32.913094],[150.574108,-32.912862],[150.575232,-32.912397],[150.575734,-32.912046],[150.576077,-32.91162],[150.576315,-32.911128],[150.576286,-32.910614],[150.57596,-32.910021],[150.575554,-32.908453],[150.575343,-32.907944],[150.574458,-32.907485],[150.573989,-32.907413]]]},"properties":{"OBJECTID":21508,"FireType":2,"FireName":"","FireNo":"","FireYear":199596,"Label":"1995-96 Prescribed Burn","StartDate":null,"EndDate":null,"Intensity":null,"AreaHa":726.37537126,"PerimeterM":14511.54557379,"OFHObjMet":null,"ObjNotMet":null,"NPWSBranch":"BMTN","NPWSArea":"WOYE","VerDate":1788739200000,"Shape.STArea()":0.0007002367735823739,"Shape.STLength()":0.14109699338659082}},{"type":"Feature","id":26915,"geometry":{"type":"Polygon","coordinates":[[[150.625646,-32.937076],[150.626994,-32.935094],[150.626509,-32.934486],[150.625133,-32.934425],[150.623594,-32.934149],[150.621759,-32.934043],[150.621182,-32.933751],[150.621235,-32.933329],[150.621827,-32.933058],[150.623999,-32.933064],[150.625092,-32.932803],[150.626105,-32.932435],[150.626244,-32.93191],[150.625331,-32.931681],[150.623666,-32.931473],[150.622174,-32.931022],[150.619296,-32.930861],[150.618576,-32.931235],[150.617694,-32.93143],[150.616903,-32.931344],[150.615645,-32.929946],[150.615154,-32.929585],[150.615101,-32.930006],[150.615988,-32.931186],[150.615805,-32.931781],[150.61563,-32.93206],[150.614998,-32.932259],[150.613289,-32.932121],[150.612739,-32.932392],[150.612641,-32.932954],[150.612961,-32.933453],[150.613654,-32.9341],[150.613809,-32.934561],[150.613834,-32.93516],[150.614436,-32.936088],[150.615693,-32.937521],[150.615598,-32.937942],[150.615875,-32.938511],[150.61636,-32.939119],[150.616513,-32.93965],[150.616039,-32.940169],[150.615227,-32.940858],[150.614426,-32.941125],[150.614653,-32.94046],[150.615212,-32.939872],[150.615316,-32.939099],[150.614952,-32.938669],[150.614337,-32.938235],[150.613627,-32.938221],[150.611959,-32.939669],[150.609943,-32.941603],[150.607691,-32.943004],[150.606959,-32.943835],[150.606766,-32.944782],[150.606241,-32.945653],[150.60338,-32.946408],[150.600882,-32.947628],[150.599817,-32.948418],[150.598359,-32.949799],[150.59652,-32.951349],[150.597142,-32.953087],[150.597444,-32.954255],[150.597099,-32.956221],[150.59675,-32.956743],[150.596769,-32.957589],[150.598325,-32.957231],[150.598903,-32.957489],[150.59947,-32.958134],[150.600258,-32.95836],[150.600925,-32.958408],[150.601463,-32.958595],[150.601786,-32.959024],[150.602292,-32.960407],[150.60303,-32.960914],[150.603814,-32.961282],[150.604299,-32.96189],[150.605253,-32.962155],[150.605952,-32.962591],[150.606625,-32.963503],[150.605928,-32.964637],[150.605819,-32.964993],[150.60601,-32.965312],[150.606465,-32.965541],[150.608207,-32.965424],[150.609004,-32.965608],[150.610735,-32.966522],[150.611426,-32.96724],[150.612168,-32.967606],[150.612802,-32.967336],[150.613612,-32.965203],[150.614173,-32.964545],[150.614536,-32.96346],[150.615343,-32.962982],[150.615945,-32.962359],[150.616499,-32.961947],[150.617047,-32.960196],[150.617677,-32.960103],[150.61953,-32.961089],[150.620018,-32.961592],[150.620377,-32.960683],[150.620301,-32.958849],[150.619873,-32.957644],[150.619938,-32.956799],[150.619779,-32.956479],[150.618901,-32.956498],[150.617957,-32.955881],[150.617605,-32.954994],[150.618054,-32.953805],[150.618691,-32.953429],[150.619821,-32.95338],[150.620248,-32.953036],[150.620008,-32.952609],[150.618932,-32.952236],[150.617562,-32.951928],[150.616196,-32.951444],[150.61573,-32.950132],[150.616215,-32.94919],[150.616275,-32.948487],[150.616637,-32.947472],[150.618457,-32.946591],[150.619227,-32.945901],[150.620236,-32.945674],[150.622825,-32.945723],[150.624735,-32.946182],[150.625363,-32.946124],[150.626252,-32.945683],[150.627066,-32.944923],[150.628112,-32.941738],[150.629301,-32.941021],[150.629655,-32.940252],[150.629595,-32.939406],[150.628402,-32.938714],[150.627316,-32.938693],[150.626466,-32.938883],[150.624745,-32.93878],[150.624158,-32.938781],[150.623555,-32.938896],[150.622969,-32.938862],[150.623003,-32.938598],[150.623776,-32.938274],[150.625242,-32.938161],[150.626411,-32.938183],[150.627503,-32.937957],[150.62768,-32.937573],[150.627456,-32.937428],[150.627008,-32.937339],[150.625812,-32.937311],[150.625646,-32.937076]]]},"properties":{"OBJECTID":26915,"FireType":1,"FireName":"Condon Creek","FireNo":"12081051663","FireYear":201213,"Label":"2012-13 Wildfire","StartDate":1344297600000,"EndDate":1345334400000,"Intensity":9999,"AreaHa":573.55311567,"PerimeterM":16512.80487482,"OFHObjMet":null,"ObjNotMet":null,"NPWSBranch":"BMTN","NPWSArea":"WOYE","VerDate":1788739200000,"Shape.STArea()":0.0005530755180250191,"Shape.STLength()":0.1639760240773483}},{"type":"Feature","id":28543,"geometry":{"type":"Polygon","coordinates":[[[150.598776,-32.99501],[150.598669,-32.994689],[150.597918,-32.99418],[150.596525,-32.993698],[150.5954,-32.993939],[150.595132,-32.994287],[150.595346,-32.994876],[150.595132,-32.995171],[150.593658,-32.99493],[150.592881,-32.995466],[150.59197,-32.996296],[150.591702,-32.996698],[150.591595,-32.99852],[150.590657,-33.000342],[150.589505,-33.00195],[150.588353,-33.003156],[150.587261,-33.003922],[150.587174,-33.003906],[150.584736,-33.005165],[150.583102,-33.005299],[150.581682,-33.005728],[150.580931,-33.006344],[150.580503,-33.007389],[150.579109,-33.009988],[150.578761,-33.010899],[150.579002,-33.011381],[150.579618,-33.011622],[150.580771,-33.011676],[150.581494,-33.012212],[150.582753,-33.015025],[150.5827,-33.01599],[150.581842,-33.016793],[150.579967,-33.017276],[150.578466,-33.017088],[150.577073,-33.016552],[150.576216,-33.016472],[150.576028,-33.017222],[150.576001,-33.017892],[150.576296,-33.018428],[150.577261,-33.019017],[150.580342,-33.020035],[150.581012,-33.020384],[150.581119,-33.020705],[150.579833,-33.021348],[150.579959,-33.021349],[150.579201,-33.021511],[150.577974,-33.022201],[150.576901,-33.023454],[150.576569,-33.024067],[150.576271,-33.024871],[150.575503,-33.025845],[150.575186,-33.026566],[150.574736,-33.026998],[150.573594,-33.027289],[150.571976,-33.026901],[150.57107,-33.026577],[150.569322,-33.025154],[150.568481,-33.024701],[150.567899,-33.024636],[150.566863,-33.023859],[150.566604,-33.018747],[150.565957,-33.017776],[150.564857,-33.017388],[150.563239,-33.017452],[150.562333,-33.017905],[150.561039,-33.018876],[150.559679,-33.019588],[150.557285,-33.020429],[150.555926,-33.021271],[150.554955,-33.022047],[150.553561,-33.023506],[150.552265,-33.023228],[150.551338,-33.022699],[150.549154,-33.022103],[150.547896,-33.02164],[150.543461,-33.021309],[150.541211,-33.021309],[150.540218,-33.021772],[150.539623,-33.02164],[150.539093,-33.021375],[150.538166,-33.02111],[150.536512,-33.020911],[150.53585,-33.019919],[150.535784,-33.019257],[150.53585,-33.018529],[150.536181,-33.017602],[150.536181,-33.016543],[150.535453,-33.016014],[150.533533,-33.016345],[150.532673,-33.017073],[150.531548,-33.01747],[150.530687,-33.01747],[150.530224,-33.016874],[150.529496,-33.016345],[150.528503,-33.016278],[150.527907,-33.016742],[150.526611,-33.017297],[150.524113,-33.01793],[150.520229,-33.01747],[150.519832,-33.017139],[150.518376,-33.016543],[150.518045,-33.015749],[150.517714,-33.014359],[150.517052,-33.012506],[150.516457,-33.011844],[150.514868,-33.010718],[150.513875,-33.010123],[150.513346,-33.009461],[150.512552,-33.00913],[150.510831,-33.008733],[150.5105,-33.006813],[150.5105,-33.005093],[150.510301,-33.003967],[150.509308,-33.003967],[150.508514,-33.004166],[150.508514,-33.004512],[150.507396,-33.004587],[150.50597,-33.004438],[150.504908,-33.004027],[150.504131,-33.003294],[150.503571,-33.002365],[150.502511,-33.000129],[150.502391,-32.998999],[150.501692,-32.998326],[150.500108,-32.99793],[150.498592,-32.997406],[150.497928,-32.996667],[150.497686,-32.995697],[150.496913,-32.995117],[150.496675,-32.995117],[150.495871,-32.994713],[150.494973,-32.994676],[150.493465,-32.99434],[150.492555,-32.993988],[150.491729,-32.993886],[150.491044,-32.995199],[150.490446,-32.995697],[150.48977,-32.997627],[150.488998,-32.999461],[150.489179,-33.002257],[150.48911,-33.003214],[150.489277,-33.005539],[150.489213,-33.007681],[150.488763,-33.00952],[150.487748,-33.010304],[150.486123,-33.01079],[150.484824,-33.010071],[150.484799,-33.009879],[150.485061,-33.009681],[150.485807,-33.006921],[150.485871,-33.004673],[150.485826,-33.003134],[150.485503,-33.001965],[150.485036,-33.001062],[150.485059,-33.00082],[150.483247,-33.002179],[150.481241,-33.003861],[150.478717,-33.004638],[150.477746,-33.004767],[150.47697,-33.005479],[150.476322,-33.005868],[150.475546,-33.006838],[150.474381,-33.007486],[150.473798,-33.007939],[150.472569,-33.008197],[150.470368,-33.007615],[150.469592,-33.007227],[150.468297,-33.006903],[150.467404,-33.006856],[150.467434,-33.006781],[150.466145,-33.006314],[150.464426,-33.006299],[150.463448,-33.006137],[150.463135,-33.005768],[150.462329,-33.00428],[150.461546,-33.003357],[150.459782,-33.002211],[150.45866,-33.002179],[150.458142,-33.002461],[150.457955,-33.002487],[150.45647,-33.00371],[150.455805,-33.004564],[150.455321,-33.005043],[150.453923,-33.005207],[150.451751,-33.005079],[150.451012,-33.005288],[150.450504,-33.00568],[150.449541,-33.005896],[150.448711,-33.005667],[150.448079,-33.004803],[150.446279,-33.002713],[150.445299,-33.002488],[150.444487,-33.002762],[150.444283,-33.003008],[150.444064,-33.002967],[150.443496,-33.003797],[150.442754,-33.006768],[150.441531,-33.008515],[150.440127,-33.00962],[150.440292,-33.008973],[150.439731,-33.008955],[150.439261,-33.008683],[150.439189,-33.008159],[150.43955,-33.007741],[150.438449,-33.007038],[150.437501,-33.006609],[150.436614,-33.006609],[150.435727,-33.006487],[150.434534,-33.006732],[150.432515,-33.007466],[150.431597,-33.008016],[150.430803,-33.008623],[150.429023,-33.008438],[150.428105,-33.008001],[150.4266,-33.007728],[150.424635,-33.007153],[150.422908,-33.006949],[150.420219,-33.00696],[150.41848,-33.006418],[150.417697,-33.005519],[150.417292,-33.004711],[150.416758,-33.004411],[150.415485,-33.006272],[150.414171,-33.007064],[150.413673,-33.007707],[150.411896,-33.008134],[150.410991,-33.007907],[150.410807,-33.007031],[150.410298,-33.006112],[150.409302,-33.006112],[150.407502,-33.005719],[150.406192,-33.005981],[150.405362,-33.006992],[150.40053,-33.009831],[150.39864,-33.011205],[150.397165,-33.011704],[150.396931,-33.011704],[150.396243,-33.012971],[150.395901,-33.013798],[150.395256,-33.014509],[150.394457,-33.015097],[150.394587,-33.015108],[150.393576,-33.015572],[150.393179,-33.016061],[150.392811,-33.017009],[150.392689,-33.01759],[150.392811,-33.018355],[150.393148,-33.019395],[150.393117,-33.021078],[150.392964,-33.022148],[150.393087,-33.022943],[150.394127,-33.025574],[150.394249,-33.026492],[150.394708,-33.027256],[150.396298,-33.028755],[150.396329,-33.029428],[150.396113,-33.030032],[150.39586,-33.030072],[150.395651,-33.030376],[150.395661,-33.030636],[150.395894,-33.030964],[150.395995,-33.031278],[150.397851,-33.031878],[150.398101,-33.032057],[150.398504,-33.032195],[150.398946,-33.03222],[150.399205,-33.032064],[150.399542,-33.031271],[150.400115,-33.031294],[150.400339,-33.031196],[150.401183,-33.031148],[150.401353,-33.031431],[150.401003,-33.032022],[150.400602,-33.033262],[150.399654,-33.034283],[150.395752,-33.037821],[150.395169,-33.038732],[150.394512,-33.039316],[150.394476,-33.039863],[150.394293,-33.040665],[150.3936,-33.041285],[150.392768,-33.041785],[150.391073,-33.041322],[150.388631,-33.041692],[150.387608,-33.042454],[150.386304,-33.043028],[150.385205,-33.043909],[150.383215,-33.045915],[150.381565,-33.046121],[150.380412,-33.046398],[150.378626,-33.047296],[150.378258,-33.047194],[150.377815,-33.04752],[150.377461,-33.048134],[150.376468,-33.049205],[150.374027,-33.049515],[150.372294,-33.050081],[150.372273,-33.050803],[150.372891,-33.051659],[150.373086,-33.052326],[150.372986,-33.053287],[150.373082,-33.054855],[150.372889,-33.056537],[150.371892,-33.058805],[150.37186,-33.059888],[150.370016,-33.064185],[150.369412,-33.065256],[150.367583,-33.069011],[150.367386,-33.070572],[150.367251,-33.070519],[150.367324,-33.071431],[150.367007,-33.071262],[150.366484,-33.069864],[150.365987,-33.06918],[150.365682,-33.068341],[150.365617,-33.067388],[150.364903,-33.066066],[150.364315,-33.065261],[150.362977,-33.064361],[150.36158,-33.063856],[150.360105,-33.062834],[150.359238,-33.061943],[150.35766,-33.061197],[150.356205,-33.061047],[150.354044,-33.059376],[150.352747,-33.058675],[150.35141,-33.057735],[150.350284,-33.057632],[150.348952,-33.058119],[150.348732,-33.059184],[150.348138,-33.060162],[150.345866,-33.060589],[150.34419,-33.06313],[150.343232,-33.065249],[150.342839,-33.067341],[150.342329,-33.071808],[150.342292,-33.073035],[150.34291,-33.074396],[150.344641,-33.076295],[150.345684,-33.077625],[150.347094,-33.07924],[150.348398,-33.079704],[150.349433,-33.079726],[150.350287,-33.079506],[150.351273,-33.078021],[150.353191,-33.076834],[150.354158,-33.075983],[150.355164,-33.075409],[150.356846,-33.075802],[150.357485,-33.076489],[150.358356,-33.07726],[150.359428,-33.0776],[150.360931,-33.077711],[150.361593,-33.077606],[150.364049,-33.075756],[150.365606,-33.075631],[150.366439,-33.074539],[150.367504,-33.073686],[150.367509,-33.073752],[150.367712,-33.073716],[150.367586,-33.074275],[150.367777,-33.075589],[150.368048,-33.076886],[150.368866,-33.079865],[150.369113,-33.081138],[150.369259,-33.083256],[150.369149,-33.08404],[150.368855,-33.084814],[150.36811,-33.085882],[150.366552,-33.087491],[150.364823,-33.089496],[150.362256,-33.091852],[150.361718,-33.09258],[150.360688,-33.092743],[150.359643,-33.093135],[150.359023,-33.093625],[150.358403,-33.094311],[150.357913,-33.094572],[150.357032,-33.094637],[150.355236,-33.094474],[150.352885,-33.093984],[150.352265,-33.09418],[150.350916,-33.094369],[150.35064,-33.094309],[150.348939,-33.095372],[150.349173,-33.095573],[150.348902,-33.09578],[150.348249,-33.096825],[150.347335,-33.097967],[150.345311,-33.100057],[150.34518,-33.100906],[150.345931,-33.101624],[150.346878,-33.102016],[150.349196,-33.103974],[150.349327,-33.105411],[150.348184,-33.106684],[150.347564,-33.10639],[150.346691,-33.105699],[150.346703,-33.105518],[150.34356,-33.103567],[150.342152,-33.103567],[150.340743,-33.102592],[150.338792,-33.102592],[150.336517,-33.103133],[150.334024,-33.105517],[150.331965,-33.106384],[150.330665,-33.107685],[150.329045,-33.108494],[150.327561,-33.109577],[150.32702,-33.110394],[150.32559,-33.112919],[150.325565,-33.114765],[150.324641,-33.118079],[150.322793,-33.122139],[150.323779,-33.122996],[150.32469,-33.124415],[150.325785,-33.128156],[150.326132,-33.129752],[150.326404,-33.13191],[150.327257,-33.134294],[150.328434,-33.135145],[150.330206,-33.136622],[150.331927,-33.136736],[150.333687,-33.137892],[150.334775,-33.138906],[150.336701,-33.139416],[150.338369,-33.140655],[150.339656,-33.141904],[150.342757,-33.143184],[150.34535,-33.143676],[150.347006,-33.144594],[150.348493,-33.146078],[150.350094,-33.14804],[150.352233,-33.149106],[150.354086,-33.150179],[150.357998,-33.150234],[150.35955,-33.150914],[150.361308,-33.151989],[150.363724,-33.152806],[150.365239,-33.152525],[150.367725,-33.152698],[150.3711,-33.153649],[150.375028,-33.154104],[150.374949,-33.154026],[150.378276,-33.154256],[150.38221,-33.154871],[150.384497,-33.154809],[150.386516,-33.155235],[150.38884,-33.156135],[150.390405,-33.157135],[150.391877,-33.158218],[150.393365,-33.159701],[150.394912,-33.160221],[150.396608,-33.159693],[150.398473,-33.158599],[150.400256,-33.157828],[150.401835,-33.156742],[150.402542,-33.155278],[150.403064,-33.153981],[150.405601,-33.150541],[150.406153,-33.147558],[150.407224,-33.145683],[150.408398,-33.143966],[150.410348,-33.142629],[150.411866,-33.142427],[150.413778,-33.142535],[150.416464,-33.142942],[150.41856,-33.142885],[150.419921,-33.143569],[150.420073,-33.145009],[150.419226,-33.14776],[150.419857,-33.149267],[150.420971,-33.150921],[150.421125,-33.152441],[150.420539,-33.154543],[150.420408,-33.156071],[150.420642,-33.157188],[150.421759,-33.158922],[150.423156,-33.160488],[150.424361,-33.162059],[150.425978,-33.161935],[150.427271,-33.160856],[150.429146,-33.160002],[150.431048,-33.159869],[150.433148,-33.159891],[150.435008,-33.161124],[150.435544,-33.162633],[150.435991,-33.164305],[150.436997,-33.165641],[150.439042,-33.166708],[150.44035,-33.166622],[150.44115,-33.166983],[150.442686,-33.167222],[150.443028,-33.168106],[150.44292,-33.16924],[150.44277,-33.169332],[150.442553,-33.171103],[150.442047,-33.172802],[150.446183,-33.175241],[150.446705,-33.175964],[150.446906,-33.17715],[150.446705,-33.180767],[150.446926,-33.182262],[150.445171,-33.183764],[150.444066,-33.184291],[150.443464,-33.185011],[150.443207,-33.18635],[150.443701,-33.186849],[150.445066,-33.187365],[150.446572,-33.188068],[150.448068,-33.189076],[150.44947,-33.190815],[150.450097,-33.191744],[150.451385,-33.192443],[150.45196,-33.192638],[150.452975,-33.19272],[150.456522,-33.193939],[150.456784,-33.194477],[150.456854,-33.19626],[150.456364,-33.198244],[150.456028,-33.200524],[150.456623,-33.203016],[150.457673,-33.20442],[150.459563,-33.205502],[150.461422,-33.205809],[150.46305,-33.205644],[150.464728,-33.20494],[150.466739,-33.203689],[150.467172,-33.20367],[150.467982,-33.203397],[150.467857,-33.203641],[150.469082,-33.202942],[150.470593,-33.20248],[150.469911,-33.203562],[150.469287,-33.204863],[150.4693,-33.206671],[150.46979,-33.207776],[150.469169,-33.208968],[150.469139,-33.210008],[150.470205,-33.211453],[150.470885,-33.212727],[150.470779,-33.214148],[150.471206,-33.215143],[150.471521,-33.215532],[150.472428,-33.215715],[150.474429,-33.216358],[150.47485,-33.216429],[150.475032,-33.216203],[150.475266,-33.216498],[150.477865,-33.216921],[150.480118,-33.217897],[150.481679,-33.217984],[150.482703,-33.218607],[150.482783,-33.220361],[150.484248,-33.221541],[150.485343,-33.222001],[150.487548,-33.224619],[150.487798,-33.225008],[150.488348,-33.225287],[150.488717,-33.225141],[150.489109,-33.225102],[150.489421,-33.225205],[150.49093,-33.224852],[150.494359,-33.223555],[150.494958,-33.222962],[150.495391,-33.221492],[150.496377,-33.221183],[150.498563,-33.222213],[150.499578,-33.223164],[150.500354,-33.223399],[150.50116,-33.223823],[150.501321,-33.223533],[150.502087,-33.223862],[150.503542,-33.223709],[150.504087,-33.22337],[150.504327,-33.223424],[150.50754,-33.222722],[150.508855,-33.22001],[150.509877,-33.218442],[150.511222,-33.216936],[150.512642,-33.215102],[150.513479,-33.213148],[150.513717,-33.211674],[150.513614,-33.210686],[150.51249,-33.208966],[150.511356,-33.207629],[150.510673,-33.20641],[150.510924,-33.205244],[150.51225,-33.205949],[150.51395,-33.205709],[150.515435,-33.203877],[150.516277,-33.202451],[150.517719,-33.201416],[150.519129,-33.201137],[150.520555,-33.201276],[150.521788,-33.201583],[150.522813,-33.202333],[150.523463,-33.203092],[150.522852,-33.20378],[150.522064,-33.20503],[150.521637,-33.205903],[150.521398,-33.206735],[150.521381,-33.207345],[150.521639,-33.207711],[150.522327,-33.208132],[150.522836,-33.208187],[150.52403,-33.207804],[150.524451,-33.207157],[150.52469,-33.206303],[150.525122,-33.205295],[150.52514,-33.20464],[150.524788,-33.203796],[150.524709,-33.202778],[150.525017,-33.202332],[150.525511,-33.20198],[150.525855,-33.201546],[150.526174,-33.201415],[150.527735,-33.201371],[150.529952,-33.201726],[150.530077,-33.201304],[150.530031,-33.20017],[150.529761,-33.198745],[150.527702,-33.197011],[150.526704,-33.19692],[150.524979,-33.196431],[150.523027,-33.195591],[150.521915,-33.194428],[150.520906,-33.192306],[150.519784,-33.190904],[150.518248,-33.188021],[150.517944,-33.18576],[150.517137,-33.183334],[150.517886,-33.182536],[150.517988,-33.18331],[150.519053,-33.185071],[150.519555,-33.186969],[150.520273,-33.188919],[150.521388,-33.190142],[150.522453,-33.191904],[150.523792,-33.193419],[150.526153,-33.19383],[150.527776,-33.193545],[150.528795,-33.192381],[150.530379,-33.191141],[150.532009,-33.191035],[150.533932,-33.19116],[150.535872,-33.191702],[150.536694,-33.190962],[150.537753,-33.18902],[150.5384,-33.187449],[150.539675,-33.187353],[150.541394,-33.187722],[150.542459,-33.187691],[150.542633,-33.186731],[150.543209,-33.185161],[150.543887,-33.184365],[150.545507,-33.18402],[150.547259,-33.183433],[150.54931,-33.183195],[150.551084,-33.183144],[150.551735,-33.181067],[150.55215,-33.180841],[150.553262,-33.178415],[150.553464,-33.176597],[150.553476,-33.17555],[150.553657,-33.174768],[150.552628,-33.173901],[150.551796,-33.172671],[150.551053,-33.171856],[150.550937,-33.170724],[150.551314,-33.169519],[150.553181,-33.168271],[150.553849,-33.167236],[150.553862,-33.165802],[150.553516,-33.164259],[150.553321,-33.162951],[150.553495,-33.16199],[150.554371,-33.16083],[150.555768,-33.160252],[150.557593,-33.159722],[150.55858,-33.159847],[150.558816,-33.160105],[150.559819,-33.160316],[150.561271,-33.16111],[150.56244,-33.161913],[150.563575,-33.16188],[150.564542,-33.161195],[150.564929,-33.160229],[150.565362,-33.158663],[150.566221,-33.157085],[150.567728,-33.155728],[150.569387,-33.154605],[150.572203,-33.152254],[150.573737,-33.151553],[150.573624,-33.152273],[150.571092,-33.154616],[150.571417,-33.155622],[150.572943,-33.156474],[150.573576,-33.158069],[150.57345,-33.160223],[150.572885,-33.162031],[150.570834,-33.164001],[150.570193,-33.165692],[150.570307,-33.166764],[150.570694,-33.167529],[150.572661,-33.166995],[150.575723,-33.167206],[150.580219,-33.167733],[150.582699,-33.167602],[150.58402,-33.166907],[150.584082,-33.164934],[150.583434,-33.162981],[150.583792,-33.161298],[150.585634,-33.161185],[150.588094,-33.160577],[150.587904,-33.159388],[150.586899,-33.157386],[150.586016,-33.154902],[150.585567,-33.152586],[150.585256,-33.150206],[150.585526,-33.148107],[150.586082,-33.14735],[150.58753,-33.147117],[150.588953,-33.147172],[150.592073,-33.147082],[150.593253,-33.146761],[150.594124,-33.145828],[150.595006,-33.145181],[150.596235,-33.144667],[150.597884,-33.144715],[150.60146,-33.146045],[150.602619,-33.146585],[150.60371,-33.146888],[150.604444,-33.146771],[150.605551,-33.14607],[150.606577,-33.14475],[150.607627,-33.14405],[150.608746,-33.143635],[150.609442,-33.142611],[150.610489,-33.140431],[150.611299,-33.139404],[150.6115,-33.138777],[150.611068,-33.137929],[150.610281,-33.136757],[150.610171,-33.13547],[150.609516,-33.134725],[150.60818,-33.133999],[150.606341,-33.133479],[150.604899,-33.132947],[150.603786,-33.132119],[150.602282,-33.130061],[150.60128,-33.129182],[150.600011,-33.128693],[150.598949,-33.127799],[150.598998,-33.127642],[150.598221,-33.126275],[150.597991,-33.124975],[150.598472,-33.124349],[150.599399,-33.123468],[150.600895,-33.122666],[150.602226,-33.122449],[150.603757,-33.12282],[150.604785,-33.12466],[150.605571,-33.124904],[150.606357,-33.124287],[150.606848,-33.123353],[150.607125,-33.12219],[150.607875,-33.120811],[150.608788,-33.119536],[150.610834,-33.119083],[150.611577,-33.11829],[150.611997,-33.116497],[150.611281,-33.11539],[150.609396,-33.115],[150.608925,-33.115801],[150.606285,-33.114793],[150.604403,-33.114474],[150.602613,-33.114928],[150.600246,-33.115097],[150.599219,-33.114492],[150.598211,-33.113184],[150.596528,-33.112361],[150.595193,-33.111574],[150.593501,-33.111102],[150.59146,-33.110682],[150.5901,-33.109514],[150.589718,-33.108218],[150.589442,-33.106866],[150.591557,-33.105853],[150.592763,-33.104998],[150.593561,-33.103128],[150.594385,-33.102689],[150.594794,-33.100477],[150.594772,-33.09943],[150.595934,-33.098783],[150.595992,-33.098647],[150.598333,-33.098713],[150.599264,-33.098371],[150.600197,-33.099326],[150.601126,-33.09993],[150.601965,-33.100155],[150.603622,-33.099601],[150.604861,-33.09975],[150.605841,-33.100313],[150.606328,-33.1007],[150.607425,-33.100595],[150.60798,-33.100313],[150.608139,-33.099939],[150.608147,-33.099646],[150.608798,-33.099491],[150.609545,-33.099464],[150.610707,-33.098774],[150.610837,-33.097646],[150.610807,-33.096934],[150.60996,-33.095659],[150.611515,-33.093385],[150.611777,-33.092687],[150.611689,-33.0921],[150.610419,-33.09146],[150.60841,-33.091158],[150.607031,-33.090693],[150.606771,-33.090014],[150.607045,-33.088907],[150.607748,-33.088628],[150.609387,-33.088454],[150.611911,-33.089],[150.613279,-33.088588],[150.61309,-33.087852],[150.612727,-33.087142],[150.611571,-33.086154],[150.610274,-33.085851],[150.609415,-33.084277],[150.60943,-33.083071],[150.610458,-33.081782],[150.610396,-33.081034],[150.609964,-33.080591],[150.609322,-33.080362],[150.608926,-33.080067],[150.607992,-33.079673],[150.606994,-33.079779],[150.60638,-33.080437],[150.606483,-33.080702],[150.606406,-33.080721],[150.605348,-33.080538],[150.604963,-33.080325],[150.604352,-33.079522],[150.603907,-33.078087],[150.603402,-33.077299],[150.603396,-33.076389],[150.603553,-33.075623],[150.60408,-33.075369],[150.604724,-33.075465],[150.605109,-33.075933],[150.605405,-33.076022],[150.605819,-33.075444],[150.60539,-33.074766],[150.605451,-33.073316],[150.606958,-33.071546],[150.607474,-33.071204],[150.607921,-33.070773],[150.608628,-33.070384],[150.609479,-33.070272],[150.610986,-33.070887],[150.611563,-33.070477],[150.61147,-33.06987],[150.610922,-33.068412],[150.610745,-33.067731],[150.610943,-33.066855],[150.61096,-33.066196],[150.610662,-33.065971],[150.610398,-33.065913],[150.610445,-33.065485],[150.611053,-33.065088],[150.61126,-33.064755],[150.611309,-33.064486],[150.611162,-33.06414],[150.611177,-33.063586],[150.611342,-33.063173],[150.613353,-33.062675],[150.614138,-33.062818],[150.614638,-33.062318],[150.614781,-33.06139],[150.614281,-33.060462],[150.614138,-33.058392],[150.614138,-33.05725],[150.615066,-33.056822],[150.616779,-33.056893],[150.617136,-33.056251],[150.617136,-33.055608],[150.616565,-33.054181],[150.616708,-33.053824],[150.617493,-33.053824],[150.618278,-33.054323],[150.619135,-33.054609],[150.620634,-33.054537],[150.621134,-33.053966],[150.621562,-33.052539],[150.621848,-33.051968],[150.62249,-33.051754],[150.622704,-33.050968],[150.623204,-33.05054],[150.624061,-33.050183],[150.624132,-33.049683],[150.624418,-33.04897],[150.625488,-33.04847],[150.626345,-33.047899],[150.626987,-33.047613],[150.62713,-33.047256],[150.624882,-33.046509],[150.62502,-33.046097],[150.626189,-33.044721],[150.626292,-33.044205],[150.625948,-33.042726],[150.62612,-33.042245],[150.625811,-33.040697],[150.625639,-33.040422],[150.624401,-33.039803],[150.623506,-33.038703],[150.6233,-33.038737],[150.622853,-33.038531],[150.621546,-33.037671],[150.621718,-33.037362],[150.6222,-33.037087],[150.624332,-33.037258],[150.624676,-33.037671],[150.626464,-33.037774],[150.627805,-33.037568],[150.627255,-33.036364],[150.626051,-33.035161],[150.62416,-33.03296],[150.624366,-33.032066],[150.624435,-33.031275],[150.624744,-33.030656],[150.625123,-33.030277],[150.625879,-33.030037],[150.626705,-33.031],[150.62698,-33.031103],[150.627908,-33.030828],[150.629009,-33.030381],[150.629112,-33.029624],[150.62894,-33.028902],[150.628746,-33.028449],[150.629208,-33.028343],[150.630556,-33.029521],[150.631141,-33.029074],[150.631347,-33.028111],[150.631829,-33.027389],[150.632001,-33.026666],[150.632689,-33.026495],[150.63372,-33.02646],[150.634511,-33.026288],[150.636059,-33.024981],[150.636953,-33.023606],[150.637297,-33.02278],[150.637778,-33.022643],[150.637985,-33.02027],[150.637778,-33.019617],[150.63826,-33.018998],[150.639463,-33.019066],[150.640151,-33.019513],[150.640323,-33.019342],[150.639566,-33.018723],[150.639119,-33.018172],[150.638294,-33.016522],[150.637194,-33.015627],[150.636368,-33.015765],[150.635577,-33.01635],[150.634546,-33.0169],[150.63372,-33.016865],[150.632723,-33.016625],[150.632482,-33.018035],[150.631107,-33.019617],[150.62949,-33.020545],[150.628596,-33.020339],[150.628218,-33.01917],[150.628046,-33.018103],[150.626533,-33.018035],[150.625983,-33.017588],[150.625707,-33.017072],[150.625914,-33.016728],[150.627186,-33.016315],[150.627668,-33.015868],[150.627702,-33.015077],[150.628183,-33.013942],[150.627324,-33.014458],[150.626705,-33.014458],[150.625501,-33.014321],[150.624676,-33.013702],[150.623678,-33.013667],[150.623163,-33.013014],[150.622706,-33.01192],[150.622647,-33.011397],[150.623403,-33.011088],[150.623197,-33.010572],[150.622853,-33.010194],[150.622337,-33.00985],[150.621202,-33.010607],[150.620343,-33.010641],[150.619208,-33.009919],[150.619724,-33.008681],[150.619483,-33.008062],[150.619105,-33.008062],[150.618692,-33.008509],[150.618348,-33.008715],[150.617454,-33.008749],[150.617041,-33.007993],[150.6169,-33.008275],[150.616218,-33.005862],[150.615923,-33.003156],[150.615843,-33.001709],[150.615388,-33.000449],[150.615548,-32.999351],[150.615066,-32.998976],[150.614637,-32.998413],[150.614262,-32.997475],[150.614021,-32.997609],[150.614289,-32.998092],[150.614289,-32.998547],[150.613914,-32.998895],[150.613298,-32.999217],[150.612119,-32.999271],[150.61019,-32.998547],[150.609627,-32.998547],[150.609084,-32.998884],[150.609091,-32.998815],[150.608153,-32.999056],[150.605956,-32.999994],[150.604242,-33.000021],[150.603491,-33.000155],[150.603197,-33.000423],[150.602768,-33.001387],[150.602232,-33.001896],[150.60116,-33.002164],[150.600357,-33.002137],[150.600223,-33.001923],[150.600464,-33.001226],[150.600946,-33.000664],[150.601937,-33.000021],[150.601937,-32.999672],[150.601616,-32.999003],[150.600062,-32.997877],[150.600035,-32.997422],[150.599553,-32.996243],[150.599017,-32.996055],[150.598776,-32.995627],[150.598776,-32.99501]],[[150.446142,-33.125487],[150.44848,-33.126327],[150.452723,-33.128709],[150.456076,-33.129305],[150.459371,-33.129731],[150.461694,-33.12889],[150.462901,-33.129632],[150.463942,-33.130034],[150.465148,-33.130733],[150.466282,-33.13221],[150.469079,-33.132994],[150.470187,-33.133825],[150.469967,-33.134736],[150.46862,-33.135636],[150.470845,-33.137513],[150.472136,-33.139072],[150.473538,-33.142136],[150.474041,-33.144492],[150.472816,-33.145906],[150.470882,-33.147512],[150.468367,-33.147409],[150.46457,-33.145964],[150.460701,-33.145296],[150.458613,-33.14432],[150.457428,-33.142844],[150.455227,-33.142906],[150.453278,-33.141538],[150.453696,-33.140448],[150.455292,-33.139326],[150.454981,-33.137956],[150.453689,-33.137647],[150.452614,-33.137677],[150.450525,-33.141873],[150.44961,-33.143364],[150.447532,-33.143938],[150.44651,-33.142717],[150.444995,-33.143276],[150.442862,-33.14243],[150.442076,-33.140685],[150.441232,-33.140062],[150.440422,-33.139007],[150.440232,-33.138541],[150.439709,-33.138647],[150.439035,-33.138916],[150.436675,-33.140139],[150.435503,-33.140497],[150.435359,-33.140526],[150.433701,-33.139962],[150.43277,-33.140048],[150.431671,-33.140441],[150.430495,-33.140685],[150.429384,-33.140776],[150.428931,-33.140214],[150.429144,-33.139211],[150.429341,-33.138752],[150.429371,-33.137666],[150.429042,-33.137009],[150.429122,-33.135991],[150.428993,-33.135224],[150.429032,-33.133908],[150.429311,-33.13298],[150.429637,-33.13218],[150.430073,-33.132075],[150.431641,-33.131365],[150.432502,-33.13088],[150.433264,-33.130726],[150.433426,-33.130469],[150.433285,-33.130237],[150.432679,-33.130345],[150.43162,-33.129921],[150.430917,-33.128489],[150.430801,-33.127343],[150.431269,-33.126437],[150.431576,-33.126444],[150.432475,-33.126057],[150.433272,-33.126216],[150.43736,-33.126013],[150.437836,-33.126241],[150.439484,-33.126105],[150.444525,-33.126049],[150.446142,-33.125487]],[[150.491823,-33.201151],[150.491903,-33.200532],[150.490974,-33.199469],[150.489638,-33.196754],[150.489895,-33.196183],[150.491953,-33.195836],[150.491891,-33.196805],[150.493401,-33.19877],[150.495175,-33.200498],[150.499066,-33.20056],[150.502651,-33.199828],[150.504909,-33.199994],[150.507073,-33.201252],[150.50759,-33.201709],[150.508491,-33.202971],[150.510004,-33.204754],[150.5108,-33.205178],[150.510439,-33.205923],[150.507378,-33.203168],[150.505811,-33.201001],[150.504002,-33.200472],[150.502305,-33.200602],[150.501428,-33.20112],[150.496432,-33.201684],[150.493834,-33.201632],[150.492927,-33.201922],[150.492321,-33.201616],[150.491823,-33.201151]],[[150.397755,-33.015379],[150.397892,-33.015591],[150.39708,-33.015924],[150.396635,-33.015786],[150.395564,-33.015235],[150.395029,-33.015146],[150.397755,-33.015379]],[[150.60289,-33.076318],[150.602715,-33.076222],[150.60336,-33.075761],[150.603065,-33.076413],[150.60289,-33.076318]],[[150.51041,-33.205984],[150.510265,-33.206283],[150.510049,-33.205816],[150.51041,-33.205984]],[[150.368089,-33.071982],[150.368103,-33.071985],[150.368093,-33.072027],[150.368089,-33.071982]]]},"properties":{"OBJECTID":28543,"FireType":1,"FireName":"Girribung Creek","FireNo":"13122150515","FireYear":201314,"Label":"2013-14 Wildfire","StartDate":1387584000000,"EndDate":1393286400000,"Intensity":null,"AreaHa":43389.48175817,"PerimeterM":166739.24635459,"OFHObjMet":null,"ObjNotMet":null,"NPWSBranch":"BMTN","NPWSArea":"MUDG","VerDate":1788739200000,"Shape.STArea()":0.041908778771873725,"Shape.STLength()":1.6465787616360508}},{"type":"Feature","id":30079,"geometry":{"type":"Polygon","coordinates":[[[150.572567,-32.975932],[150.574565,-32.973251],[150.573423,-32.971511],[150.571863,-32.970622],[150.5701,-32.970921],[150.569251,-32.972957],[150.569076,-32.975244],[150.569818,-32.977071],[150.571113,-32.977335],[150.572567,-32.975932]]]},"properties":{"OBJECTID":30079,"FireType":2,"FireName":"UPPE_Sheep Trig_HR","FireNo":"HR15061273086","FireYear":201516,"Label":"2015-16 Prescribed Burn","StartDate":1462492800000,"EndDate":1465171200000,"Intensity":20,"AreaHa":25.51168288,"PerimeterM":1954.62086285,"OFHObjMet":"Y","ObjNotMet":null,"NPWSBranch":"BMTN","NPWSArea":"WOYE","VerDate":1788739200000,"Shape.STArea()":2.460758533533135e-05,"Shape.STLength()":0.018822105268618616}},{"type":"Feature","id":30080,"geometry":{"type":"Polygon","coordinates":[[[150.584391,-32.800781],[150.58142,-32.800974],[150.580512,-32.801421],[150.579759,-32.801264],[150.574519,-32.802308],[150.571222,-32.803192],[150.570479,-32.803107],[150.56581,-32.804032],[150.564025,-32.803611],[150.561646,-32.803836],[150.559467,-32.804166],[150.55759,-32.804029],[150.557587,-32.803958],[150.555472,-32.803974],[150.554813,-32.803836],[150.553605,-32.804752],[150.552439,-32.807507],[150.549355,-32.809196],[150.548241,-32.808918],[150.54551,-32.808864],[150.542671,-32.809345],[150.542325,-32.809676],[150.541866,-32.810578],[150.541194,-32.81035],[150.539887,-32.810425],[150.535598,-32.809825],[150.532846,-32.808196],[150.532182,-32.808899],[150.532494,-32.810508],[150.533341,-32.811155],[150.534726,-32.811311],[150.535169,-32.812479],[150.533134,-32.813112],[150.531126,-32.813373],[150.528475,-32.81447],[150.527845,-32.814598],[150.527041,-32.815596],[150.526924,-32.817264],[150.528907,-32.819629],[150.530511,-32.820376],[150.532297,-32.819636],[150.534134,-32.819613],[150.534177,-32.820628],[150.533008,-32.822036],[150.531845,-32.823206],[150.532656,-32.824534],[150.534188,-32.825758],[150.534256,-32.825889],[150.534992,-32.826232],[150.536267,-32.8261],[150.53692,-32.825168],[150.537413,-32.824945],[150.537917,-32.82589],[150.537864,-32.827798],[150.537754,-32.828089],[150.537033,-32.828463],[150.53682,-32.829432],[150.53764,-32.829616],[150.537669,-32.829762],[150.538912,-32.830801],[150.538865,-32.83247],[150.542206,-32.832831],[150.542168,-32.833679],[150.542572,-32.834169],[150.542799,-32.835175],[150.542496,-32.836115],[150.54281,-32.836684],[150.543541,-32.837165],[150.543426,-32.837664],[150.542361,-32.837543],[150.541386,-32.837853],[150.540768,-32.838743],[150.540861,-32.839675],[150.541058,-32.840509],[150.541636,-32.841079],[150.542728,-32.841444],[150.543656,-32.842235],[150.544207,-32.843148],[150.543766,-32.843769],[150.543357,-32.844098],[150.543099,-32.844655],[150.543303,-32.846422],[150.544278,-32.847944],[150.544965,-32.849504],[150.545237,-32.851313],[150.544894,-32.852079],[150.544894,-32.85268],[150.545055,-32.853087],[150.545065,-32.853872],[150.545923,-32.854733],[150.546042,-32.855337],[150.546754,-32.855966],[150.549717,-32.856754],[150.550248,-32.857796],[150.549191,-32.859221],[150.549245,-32.859898],[150.549093,-32.860059],[150.549138,-32.860551],[150.549444,-32.861129],[150.548785,-32.86166],[150.548497,-32.862285],[150.546936,-32.862703],[150.546323,-32.863001],[150.545875,-32.863851],[150.546535,-32.865138],[150.546987,-32.866578],[150.547426,-32.867274],[150.548277,-32.869023],[150.547685,-32.869569],[150.546808,-32.869926],[150.546721,-32.870151],[150.545449,-32.870699],[150.543965,-32.870985],[150.543853,-32.871971],[150.54344,-32.873422],[150.542864,-32.874642],[150.543738,-32.875547],[150.543221,-32.875823],[150.540956,-32.875549],[150.53908,-32.875913],[150.538097,-32.876495],[150.537913,-32.877608],[150.538984,-32.878249],[150.535308,-32.880487],[150.534943,-32.881314],[150.533859,-32.882481],[150.532218,-32.882935],[150.531037,-32.882993],[150.53036,-32.883382],[150.528938,-32.883157],[150.52813,-32.883542],[150.527737,-32.884837],[150.527806,-32.886026],[150.527137,-32.886299],[150.526321,-32.88634],[150.526004,-32.886719],[150.525285,-32.890815],[150.524326,-32.890967],[150.522411,-32.891502],[150.521871,-32.892608],[150.521783,-32.893952],[150.523219,-32.894796],[150.523687,-32.894419],[150.5247,-32.89338],[150.526211,-32.893982],[150.527043,-32.895187],[150.527367,-32.897343],[150.530088,-32.899249],[150.530355,-32.899933],[150.530815,-32.900472],[150.533201,-32.900705],[150.534406,-32.90133],[150.535166,-32.902046],[150.535515,-32.902926],[150.536163,-32.903455],[150.536304,-32.904459],[150.536663,-32.904996],[150.53797,-32.904993],[150.538729,-32.905137],[150.539832,-32.905746],[150.54036,-32.905699],[150.540164,-32.904807],[150.540966,-32.904836],[150.543393,-32.906154],[150.544252,-32.906076],[150.544555,-32.906168],[150.544833,-32.90656],[150.544731,-32.90688],[150.544849,-32.907219],[150.545733,-32.907766],[150.546161,-32.908232],[150.546485,-32.908797],[150.546434,-32.909411],[150.546243,-32.910195],[150.547015,-32.911112],[150.547016,-32.911684],[150.546735,-32.912022],[150.546146,-32.912455],[150.546204,-32.912879],[150.546683,-32.913295],[150.54712,-32.914077],[150.546392,-32.914635],[150.545424,-32.914627],[150.545405,-32.91471],[150.54472,-32.914946],[150.544039,-32.915648],[150.544065,-32.916536],[150.544735,-32.91748],[150.544676,-32.91789],[150.544826,-32.918484],[150.546007,-32.919366],[150.546229,-32.919914],[150.54605,-32.920855],[150.546707,-32.921641],[150.548323,-32.922747],[150.548856,-32.923745],[150.548851,-32.924245],[150.550084,-32.924155],[150.550723,-32.92434],[150.551121,-32.925307],[150.551444,-32.926544],[150.551128,-32.927525],[150.5505,-32.928298],[150.550484,-32.928905],[150.551447,-32.929878],[150.553324,-32.931048],[150.554628,-32.929941],[150.557993,-32.93102],[150.559542,-32.931289],[150.561948,-32.931217],[150.56277,-32.930863],[150.564808,-32.932663],[150.564778,-32.933777],[150.564332,-32.934544],[150.5633,-32.936075],[150.561472,-32.938246],[150.561941,-32.939209],[150.561489,-32.940214],[150.561282,-32.940563],[150.560794,-32.940841],[150.56041,-32.94122],[150.56089,-32.941645],[150.56168,-32.941961],[150.562213,-32.942315],[150.562683,-32.942228],[150.563331,-32.942696],[150.565223,-32.943019],[150.566175,-32.944008],[150.569329,-32.944689],[150.569632,-32.945085],[150.568892,-32.946263],[150.569431,-32.947228],[150.56982,-32.948548],[150.568814,-32.949125],[150.566887,-32.949743],[150.567272,-32.951182],[150.567747,-32.951907],[150.567293,-32.952972],[150.565555,-32.954429],[150.56472,-32.956501],[150.564481,-32.960075],[150.566272,-32.961839],[150.567435,-32.963293],[150.568872,-32.962486],[150.569719,-32.963048],[150.569854,-32.963334],[150.569458,-32.964772],[150.571043,-32.965805],[150.571279,-32.965817],[150.571892,-32.966452],[150.572992,-32.966588],[150.574148,-32.965909],[150.574792,-32.96532],[150.575543,-32.96396],[150.575646,-32.963364],[150.575871,-32.962963],[150.576222,-32.962004],[150.576487,-32.961639],[150.577253,-32.961058],[150.577764,-32.960483],[150.578411,-32.958956],[150.579199,-32.958924],[150.579752,-32.958338],[150.580306,-32.958779],[150.580763,-32.958644],[150.581228,-32.957624],[150.583319,-32.956213],[150.584521,-32.955735],[150.585642,-32.955112],[150.586804,-32.95515],[150.586993,-32.955377],[150.586703,-32.95666],[150.588147,-32.95664],[150.588622,-32.955814],[150.589944,-32.956102],[150.590702,-32.956355],[150.591647,-32.95592],[150.591348,-32.955461],[150.591007,-32.9545],[150.591725,-32.954108],[150.59206,-32.953232],[150.592503,-32.952549],[150.592632,-32.951955],[150.592647,-32.951406],[150.592548,-32.95088],[150.592588,-32.949816],[150.590825,-32.949149],[150.589984,-32.946566],[150.590827,-32.944878],[150.590713,-32.944123],[150.590345,-32.943417],[150.589511,-32.943133],[150.58895,-32.943748],[150.589516,-32.944785],[150.589496,-32.9455],[150.589105,-32.946563],[150.587514,-32.946559],[150.587403,-32.94589],[150.588554,-32.94229],[150.584866,-32.935723],[150.58205,-32.931087],[150.583963,-32.927947],[150.585431,-32.925947],[150.585188,-32.924511],[150.583936,-32.923711],[150.584772,-32.92158],[150.58474,-32.920148],[150.582162,-32.918727],[150.581483,-32.917995],[150.582148,-32.916654],[150.581598,-32.916091],[150.581165,-32.913816],[150.580278,-32.912606],[150.581129,-32.909939],[150.581718,-32.908892],[150.581287,-32.906721],[150.583119,-32.905365],[150.583058,-32.904012],[150.583961,-32.902001],[150.585074,-32.901758],[150.584468,-32.900358],[150.585639,-32.899763],[150.588,-32.898054],[150.594714,-32.897553],[150.602141,-32.897397],[150.605895,-32.895829],[150.609513,-32.892767],[150.611618,-32.888081],[150.612355,-32.888061],[150.613784,-32.887077],[150.614758,-32.88532],[150.61406,-32.882643],[150.614252,-32.882217],[150.612141,-32.880519],[150.61252,-32.879981],[150.612602,-32.879467],[150.612436,-32.878192],[150.612478,-32.877858],[150.612207,-32.877533],[150.612041,-32.876994],[150.611977,-32.875576],[150.611543,-32.87468],[150.610827,-32.87418],[150.610057,-32.873807],[150.608817,-32.873426],[150.605991,-32.873555],[150.604707,-32.872848],[150.605798,-32.868417],[150.604707,-32.865848],[150.602424,-32.863478],[150.602514,-32.863177],[150.601984,-32.862382],[150.602842,-32.860757],[150.604228,-32.858837],[150.605282,-32.856643],[150.605872,-32.854679],[150.605628,-32.853863],[150.60574,-32.852223],[150.607143,-32.850537],[150.607272,-32.850053],[150.607978,-32.848888],[150.607574,-32.847926],[150.606896,-32.847092],[150.607412,-32.846396],[150.608288,-32.844852],[150.608661,-32.842943],[150.607436,-32.837713],[150.607763,-32.832483],[150.609131,-32.827898],[150.609059,-32.827111],[150.608362,-32.825804],[150.605785,-32.822804],[150.60587,-32.822126],[150.605792,-32.820827],[150.605535,-32.819448],[150.605058,-32.818715],[150.604984,-32.817202],[150.604517,-32.817196],[150.604301,-32.815228],[150.601806,-32.813427],[150.599207,-32.8108],[150.596431,-32.808457],[150.592552,-32.806128],[150.590107,-32.804076],[150.587264,-32.802662],[150.584391,-32.800781]]]},"properties":{"OBJECTID":30080,"FireType":2,"FireName":"UPPE_Sheep Trig_HR","FireNo":"HR15061273086","FireYear":201516,"Label":"2015-16 Prescribed Burn","StartDate":1462492800000,"EndDate":1465171200000,"Intensity":20,"AreaHa":8677.09174541,"PerimeterM":59331.74689816,"OFHObjMet":"Y","ObjNotMet":null,"NPWSBranch":"BMTN","NPWSArea":"WOYE","VerDate":1788739200000,"Shape.STArea()":0.008359936378684827,"Shape.STLength()":0.5789774194089}},{"type":"Feature","id":32781,"geometry":{"type":"Polygon","coordinates":[[[150.526889,-32.755125],[150.523546,-32.749935],[150.518542,-32.747526],[150.512458,-32.749129],[150.505026,-32.750654],[150.497829,-32.750977],[150.497653,-32.752609],[150.49748,-32.752714],[150.497116,-32.755288],[150.49484,-32.759111],[150.495016,-32.763549],[150.490163,-32.766343],[150.486999,-32.766694],[150.486445,-32.767834],[150.486043,-32.767983],[150.484962,-32.769973],[150.484723,-32.771049],[150.481727,-32.772277],[150.478614,-32.773164],[150.474159,-32.772726],[150.474094,-32.772912],[150.473395,-32.773634],[150.47325,-32.773538],[150.469694,-32.777934],[150.464952,-32.780801],[150.466662,-32.783145],[150.466783,-32.786218],[150.465664,-32.788641],[150.463818,-32.793136],[150.46183,-32.793345],[150.461793,-32.793463],[150.455114,-32.793752],[150.451128,-32.792878],[150.448672,-32.792534],[150.446484,-32.791985],[150.441736,-32.793784],[150.44138,-32.793844],[150.440998,-32.794109],[150.44005,-32.79585],[150.435293,-32.798375],[150.435062,-32.802824],[150.431974,-32.806669],[150.431245,-32.80874],[150.427309,-32.811583],[150.426074,-32.813623],[150.425729,-32.813883],[150.425393,-32.814371],[150.425108,-32.817454],[150.422094,-32.819097],[150.422059,-32.819196],[150.41281,-32.822642],[150.402006,-32.824971],[150.391702,-32.825612],[150.391242,-32.826456],[150.391137,-32.826469],[150.39034,-32.829007],[150.390067,-32.832432],[150.38862,-32.836915],[150.387447,-32.837972],[150.387297,-32.837976],[150.387275,-32.838086],[150.383042,-32.838273],[150.382325,-32.838404],[150.382031,-32.838736],[150.382166,-32.839649],[150.380241,-32.850077],[150.37027,-32.851769],[150.362616,-32.853165],[150.362631,-32.853544],[150.362483,-32.853578],[150.36185,-32.856783],[150.362006,-32.86088],[150.36369,-32.862543],[150.363794,-32.865274],[150.360662,-32.868093],[150.357812,-32.868228],[150.35505,-32.869613],[150.351375,-32.870194],[150.346365,-32.868823],[150.343674,-32.868964],[150.343605,-32.869447],[150.34369,-32.870105],[150.343043,-32.873355],[150.33957,-32.877892],[150.339674,-32.880623],[150.340208,-32.884026],[150.34437,-32.88699],[150.341211,-32.889125],[150.334423,-32.891701],[150.329583,-32.892882],[150.322087,-32.893084],[150.323397,-32.894234],[150.32651,-32.896698],[150.327435,-32.899749],[150.32195,-32.904681],[150.31798,-32.906838],[150.315481,-32.906413],[150.315421,-32.906459],[150.311374,-32.905675],[150.308281,-32.906602],[150.306181,-32.907743],[150.30538,-32.908224],[150.305112,-32.908508],[150.304554,-32.908611],[150.296695,-32.911849],[150.294434,-32.911748],[150.294278,-32.911908],[150.292344,-32.911797],[150.289221,-32.909764],[150.289045,-32.909447],[150.288309,-32.908917],[150.287857,-32.908875],[150.287409,-32.908583],[150.2871,-32.908805],[150.286823,-32.90878],[150.285665,-32.909408],[150.28402,-32.913384],[150.283408,-32.913344],[150.283532,-32.916178],[150.282896,-32.917952],[150.284268,-32.917994],[150.284212,-32.918276],[150.282765,-32.918231],[150.282438,-32.918923],[150.281833,-32.919407],[150.281752,-32.919356],[150.281683,-32.919411],[150.279735,-32.918135],[150.274907,-32.917983],[150.274683,-32.917735],[150.276428,-32.91779],[150.274855,-32.916504],[150.275315,-32.913524],[150.25526,-32.910401],[150.252581,-32.905571],[150.246789,-32.904529],[150.245699,-32.904876],[150.243779,-32.904678],[150.242375,-32.905013],[150.240778,-32.904906],[150.23864,-32.904514],[150.237104,-32.903162],[150.236867,-32.903366],[150.236574,-32.902975],[150.236255,-32.902907],[150.235376,-32.903012],[150.235075,-32.903861],[150.234235,-32.905077],[150.234022,-32.905805],[150.232381,-32.907213],[150.232249,-32.907194],[150.231493,-32.907538],[150.230797,-32.906986],[150.230579,-32.906954],[150.229305,-32.905803],[150.229015,-32.904509],[150.229046,-32.90357],[150.228831,-32.90253],[150.228225,-32.901859],[150.227673,-32.901554],[150.226671,-32.901542],[150.224265,-32.901285],[150.213268,-32.898113],[150.212215,-32.898869],[150.21216,-32.898803],[150.211194,-32.899406],[150.208011,-32.899488],[150.205868,-32.898946],[150.202464,-32.89784],[150.19382,-32.893733],[150.192909,-32.89301],[150.192855,-32.891518],[150.192115,-32.890641],[150.190432,-32.888146],[150.18734,-32.885837],[150.185004,-32.884852],[150.183375,-32.883849],[150.181783,-32.88389],[150.180181,-32.883632],[150.17514,-32.881223],[150.173179,-32.880826],[150.171234,-32.880875],[150.16788,-32.881111],[150.165802,-32.882358],[150.162625,-32.887516],[150.161992,-32.889623],[150.161644,-32.889781],[150.157818,-32.888183],[150.157369,-32.886847],[150.15722,-32.886225],[150.157375,-32.885575],[150.158749,-32.883137],[150.158915,-32.882459],[150.158978,-32.881774],[150.158606,-32.879577],[150.158718,-32.878793],[150.158875,-32.878427],[150.158648,-32.877325],[150.159397,-32.876995],[150.159533,-32.875985],[150.159503,-32.873636],[150.159722,-32.87242],[150.160113,-32.871882],[150.16051,-32.870827],[150.162453,-32.869726],[150.163577,-32.869652],[150.166205,-32.867997],[150.156183,-32.869123],[150.156794,-32.872118],[150.154963,-32.885197],[150.155021,-32.88947],[150.153667,-32.889128],[150.151942,-32.890366],[150.153056,-32.891831],[150.155059,-32.892259],[150.155068,-32.892952],[150.153207,-32.895892],[150.150935,-32.900611],[150.152138,-32.907198],[150.155613,-32.909066],[150.161532,-32.914087],[150.161899,-32.914099],[150.161968,-32.914364],[150.161401,-32.914346],[150.164113,-32.917986],[150.165012,-32.923075],[150.154718,-32.924332],[150.152197,-32.925766],[150.151727,-32.926363],[150.151454,-32.926214],[150.146469,-32.925445],[150.141056,-32.922596],[150.134915,-32.919168],[150.132835,-32.920415],[150.132202,-32.922522],[150.134484,-32.926943],[150.139522,-32.929205],[150.144496,-32.929676],[150.148388,-32.929577],[150.152772,-32.933348],[150.154917,-32.93601],[150.155043,-32.936267],[150.155148,-32.936296],[150.155366,-32.936566],[150.159687,-32.938547],[150.162378,-32.944451],[150.165273,-32.946168],[150.169937,-32.947841],[150.176134,-32.949474],[150.173258,-32.952782],[150.176048,-32.954038],[150.176972,-32.954115],[150.174431,-32.954594],[150.172694,-32.955535],[150.172251,-32.956933],[150.166951,-32.957533],[150.165991,-32.956303],[150.163192,-32.957271],[150.161788,-32.957605],[150.160104,-32.960037],[150.159117,-32.962153],[150.156586,-32.960724],[150.15678,-32.95624],[150.152791,-32.953654],[150.145734,-32.95443],[150.139718,-32.954583],[150.137132,-32.961517],[150.136123,-32.963036],[150.136155,-32.963931],[150.140562,-32.968299],[150.14305,-32.968534],[150.145559,-32.969366],[150.146803,-32.974411],[150.149,-32.97665],[150.150485,-32.979101],[150.155023,-32.980994],[150.158196,-32.981364],[150.162065,-32.982049],[150.166222,-32.984827],[150.170064,-32.986405],[150.171421,-32.988225],[150.173074,-32.99184],[150.174681,-32.996946],[150.177565,-32.998472],[150.18155,-33.00596],[150.188165,-33.012306],[150.193806,-33.015456],[150.196738,-33.019149],[150.202985,-33.020196],[150.206876,-33.019979],[150.207299,-33.020641],[150.211195,-33.02054],[150.217025,-33.024869],[150.222111,-33.024484],[150.222922,-33.025176],[150.225229,-33.025983],[150.225584,-33.025257],[150.228059,-33.026075],[150.229475,-33.026038],[150.233528,-33.020557],[150.235112,-33.015439],[150.229659,-33.008361],[150.229765,-33.007191],[150.229482,-33.004766],[150.223836,-33.001769],[150.221989,-33.001496],[150.221828,-33.001152],[150.211386,-32.996645],[150.19674,-32.99344],[150.191988,-32.991588],[150.19122,-32.988672],[150.189938,-32.984469],[150.19115,-32.979725],[150.193562,-32.977798],[150.193699,-32.97799],[150.20213,-32.979082],[150.204444,-32.982666],[150.205965,-32.984704],[150.210424,-32.986903],[150.214455,-32.988329],[150.219183,-32.989198],[150.222929,-32.9889],[150.225127,-32.987422],[150.227398,-32.987186],[150.22888,-32.987219],[150.2304,-32.98897],[150.237082,-32.99618],[150.246328,-32.997434],[150.250547,-32.996477],[150.252625,-32.991561],[150.251831,-32.988024],[150.252778,-32.985113],[150.251399,-32.983589],[150.252378,-32.98125],[150.251457,-32.978142],[150.251297,-32.973804],[150.248775,-32.972675],[150.247713,-32.972703],[150.24444,-32.9704],[150.243082,-32.970743],[150.241742,-32.968329],[150.240486,-32.967935],[150.24049,-32.967861],[150.240814,-32.967472],[150.240807,-32.967647],[150.257238,-32.963429],[150.259068,-32.970148],[150.26173,-32.971924],[150.262338,-32.974228],[150.263399,-32.976541],[150.263781,-32.97884],[150.262155,-32.98014],[150.262508,-32.983392],[150.26336,-32.985128],[150.263766,-32.986664],[150.263933,-32.988576],[150.26439,-32.990483],[150.26419,-32.990523],[150.264243,-32.991955],[150.264636,-32.992266],[150.264709,-32.992792],[150.265349,-32.992831],[150.264711,-32.992808],[150.272383,-33.000975],[150.27049,-33.003605],[150.269676,-33.007977],[150.269546,-33.012173],[150.271119,-33.012589],[150.274538,-33.0119],[150.275873,-33.012693],[150.276493,-33.014615],[150.276712,-33.017109],[150.27338,-33.018664],[150.270786,-33.02136],[150.270856,-33.023222],[150.268717,-33.024449],[150.269345,-33.025316],[150.268306,-33.027506],[150.264254,-33.031041],[150.259357,-33.034371],[150.254337,-33.038971],[150.24923,-33.041995],[150.24728,-33.044507],[150.245978,-33.047647],[150.246346,-33.050719],[150.249217,-33.052388],[150.250041,-33.054732],[150.249077,-33.060897],[150.24487,-33.069894],[150.244586,-33.071793],[150.244672,-33.073005],[150.245527,-33.073867],[150.244838,-33.074434],[150.244591,-33.073828],[150.243765,-33.073794],[150.243439,-33.074184],[150.241906,-33.074177],[150.240669,-33.074496],[150.239927,-33.075136],[150.237925,-33.075475],[150.236138,-33.075498],[150.233592,-33.07726],[150.23399,-33.078062],[150.232973,-33.078949],[150.233237,-33.080734],[150.231666,-33.08584],[150.235452,-33.090017],[150.238401,-33.093022],[150.240193,-33.097754],[150.242555,-33.09946],[150.248429,-33.101719],[150.252063,-33.10559],[150.254,-33.108071],[150.258291,-33.107433],[150.261386,-33.106683],[150.261248,-33.106018],[150.273628,-33.103064],[150.273741,-33.108576],[150.274457,-33.110201],[150.273596,-33.109826],[150.273602,-33.11106],[150.274591,-33.111099],[150.273602,-33.111066],[150.273606,-33.111936],[150.273916,-33.112551],[150.275919,-33.113776],[150.27644,-33.114825],[150.279336,-33.114674],[150.280543,-33.114128],[150.282409,-33.112916],[150.283963,-33.112306],[150.2852,-33.112215],[150.285681,-33.112987],[150.287708,-33.113425],[150.289797,-33.114651],[150.29196,-33.115422],[150.291893,-33.115646],[150.293316,-33.116178],[150.293253,-33.116368],[150.300087,-33.118348],[150.303081,-33.12056],[150.308819,-33.123276],[150.287796,-33.124728],[150.281445,-33.128406],[150.27345,-33.136775],[150.270765,-33.136392],[150.270552,-33.136094],[150.270656,-33.135402],[150.270257,-33.133487],[150.269524,-33.133155],[150.267208,-33.133237],[150.265148,-33.133055],[150.257817,-33.132109],[150.255408,-33.131519],[150.254391,-33.130521],[150.253107,-33.130229],[150.252334,-33.129784],[150.252183,-33.129549],[150.252041,-33.128764],[150.252082,-33.128189],[150.251862,-33.127765],[150.249821,-33.126314],[150.246573,-33.12682],[150.245525,-33.126765],[150.245173,-33.12579],[150.243952,-33.125761],[150.243536,-33.12602],[150.243133,-33.126656],[150.241152,-33.126087],[150.240525,-33.125243],[150.239496,-33.124585],[150.23891,-33.124655],[150.237473,-33.125573],[150.234727,-33.12647],[150.231377,-33.127795],[150.228454,-33.129191],[150.227668,-33.130064],[150.226736,-33.131381],[150.226749,-33.131456],[150.226567,-33.131602],[150.225243,-33.134337],[150.224964,-33.136017],[150.222909,-33.1365],[150.222204,-33.137402],[150.217211,-33.138496],[150.215427,-33.140033],[150.213122,-33.140712],[150.212529,-33.142115],[150.210851,-33.142236],[150.209453,-33.142539],[150.208676,-33.143319],[150.205744,-33.143609],[150.204603,-33.144097],[150.203226,-33.143732],[150.202327,-33.143353],[150.201001,-33.143111],[150.199964,-33.143496],[150.200797,-33.145314],[150.198746,-33.147469],[150.198157,-33.147676],[150.197487,-33.147215],[150.195214,-33.147202],[150.195674,-33.148122],[150.196806,-33.149574],[150.195827,-33.150172],[150.193669,-33.150801],[150.192828,-33.150298],[150.190501,-33.150357],[150.18984,-33.151712],[150.188578,-33.152151],[150.187013,-33.152071],[150.187134,-33.151495],[150.185587,-33.151105],[150.1839,-33.150813],[150.181841,-33.151201],[150.17974,-33.152018],[150.17867,-33.152261],[150.179018,-33.153232],[150.1796,-33.154412],[150.181315,-33.154702],[150.181833,-33.155233],[150.181939,-33.156239],[150.181097,-33.157312],[150.180457,-33.158451],[150.180465,-33.160266],[150.181841,-33.161378],[150.181587,-33.163009],[150.180547,-33.163298],[150.178995,-33.163447],[150.176508,-33.162536],[150.175556,-33.162618],[150.175396,-33.165718],[150.17667,-33.167259],[150.176375,-33.168273],[150.176507,-33.170047],[150.177064,-33.172269],[150.177402,-33.177822],[150.177222,-33.179173],[150.177059,-33.179177],[150.176825,-33.179386],[150.176335,-33.179531],[150.174945,-33.179643],[150.17462,-33.179514],[150.174375,-33.179759],[150.173696,-33.180015],[150.172642,-33.180245],[150.172426,-33.180139],[150.172629,-33.180073],[150.172603,-33.180002],[150.172343,-33.180009],[150.172266,-33.179879],[150.171864,-33.180102],[150.171851,-33.180245],[150.171974,-33.180313],[150.171962,-33.180151],[150.172175,-33.180033],[150.172328,-33.180258],[150.172643,-33.180448],[150.172692,-33.180812],[150.172044,-33.181098],[150.171899,-33.181081],[150.171878,-33.180996],[150.171852,-33.181108],[150.171511,-33.181041],[150.171438,-33.181352],[150.171336,-33.181375],[150.171247,-33.18125],[150.170648,-33.181215],[150.170484,-33.181036],[150.170487,-33.180787],[150.170348,-33.180766],[150.170271,-33.180636],[150.170287,-33.180935],[150.170099,-33.181224],[150.170092,-33.181366],[150.169905,-33.181203],[150.169756,-33.181278],[150.169874,-33.181372],[150.169748,-33.181558],[150.169888,-33.181717],[150.169755,-33.181735],[150.16977,-33.181848],[150.169605,-33.182015],[150.169875,-33.182538],[150.169685,-33.182468],[150.169593,-33.182526],[150.169546,-33.182354],[150.169364,-33.182289],[150.169263,-33.182409],[150.169082,-33.182448],[150.168656,-33.182168],[150.16853,-33.181834],[150.168552,-33.181354],[150.168488,-33.181101],[150.168164,-33.181134],[150.167923,-33.180991],[150.167598,-33.181],[150.167047,-33.181262],[150.166011,-33.181189],[150.165584,-33.180828],[150.165422,-33.180434],[150.16436,-33.180462],[150.164273,-33.181273],[150.164062,-33.181254],[150.163772,-33.182165],[150.164052,-33.182555],[150.163854,-33.182783],[150.16322,-33.183222],[150.163026,-33.183574],[150.163454,-33.183985],[150.162106,-33.184268],[150.16166,-33.184999],[150.16142,-33.184906],[150.159772,-33.185047],[150.159065,-33.184696],[150.158739,-33.184254],[150.158222,-33.183821],[150.157959,-33.183902],[150.157618,-33.184283],[150.156472,-33.184411],[150.156224,-33.185041],[150.15597,-33.185243],[150.155388,-33.185482],[150.155364,-33.18645],[150.155569,-33.18724],[150.154802,-33.187259],[150.154487,-33.187516],[150.154692,-33.188305],[150.154257,-33.188514],[150.153809,-33.189196],[150.152806,-33.189222],[150.153064,-33.189836],[150.152233,-33.190527],[150.151559,-33.190668],[150.151067,-33.190135],[150.150942,-33.190759],[150.150461,-33.191342],[150.150691,-33.192006],[150.149922,-33.191976],[150.148853,-33.191805],[150.147844,-33.192232],[150.14734,-33.191548],[150.147134,-33.191709],[150.147338,-33.191545],[150.14771,-33.190394],[150.148372,-33.189342],[150.148555,-33.189255],[150.149389,-33.186642],[150.149325,-33.1867],[150.149937,-33.183336],[150.15013,-33.181295],[150.150522,-33.180714],[150.150601,-33.180439],[150.150321,-33.180049],[150.148438,-33.181065],[150.147384,-33.18129],[150.147277,-33.181285],[150.146502,-33.180671],[150.145477,-33.18075],[150.144812,-33.180387],[150.143808,-33.179543],[150.143694,-33.179333],[150.143612,-33.178208],[150.143675,-33.177486],[150.144478,-33.176813],[150.143701,-33.175848],[150.142754,-33.175193],[150.141375,-33.174684],[150.139662,-33.173893],[150.138753,-33.173625],[150.138385,-33.173654],[150.136876,-33.172761],[150.136686,-33.172816],[150.136257,-33.172619],[150.133787,-33.171975],[150.133695,-33.170983],[150.13326,-33.170949],[150.132923,-33.170476],[150.131372,-33.167613],[150.130699,-33.167396],[150.130126,-33.166395],[150.127997,-33.165637],[150.126377,-33.165606],[150.123422,-33.166373],[150.122629,-33.168041],[150.122461,-33.168905],[150.122447,-33.1701],[150.121251,-33.170823],[150.119175,-33.170756],[150.118319,-33.170231],[150.117693,-33.169071],[150.116586,-33.167722],[150.114743,-33.166583],[150.116466,-33.165525],[150.116945,-33.164956],[150.117244,-33.164027],[150.117316,-33.162996],[150.117626,-33.161744],[150.117226,-33.161057],[150.114116,-33.162308],[150.112623,-33.162209],[150.111461,-33.161376],[150.11109,-33.161383],[150.111089,-33.159874],[150.110818,-33.157989],[150.109041,-33.157861],[150.107995,-33.157199],[150.10762,-33.156234],[150.10468,-33.155963],[150.10243,-33.155962],[150.101775,-33.154775],[150.10003,-33.153614],[150.098576,-33.152963],[150.09734,-33.152707],[150.097235,-33.151677],[150.096055,-33.151076],[150.095306,-33.151095],[150.094641,-33.15157],[150.094051,-33.152215],[150.088384,-33.151955],[150.086418,-33.152075],[150.086407,-33.151947],[150.084971,-33.151811],[150.080432,-33.150662],[150.078742,-33.149099],[150.077127,-33.147763],[150.075994,-33.146529],[150.075405,-33.145283],[150.074965,-33.144727],[150.074907,-33.143647],[150.073759,-33.141692],[150.071943,-33.140089],[150.069902,-33.138587],[150.069277,-33.136142],[150.068126,-33.135692],[150.06655,-33.136104],[150.066298,-33.136023],[150.06556,-33.137235],[150.061913,-33.13852],[150.062704,-33.14083],[150.062709,-33.1471],[150.06033,-33.152176],[150.060573,-33.159157],[150.060877,-33.159685],[150.06119,-33.165552],[150.05691,-33.166116],[150.054406,-33.169351],[150.052319,-33.169696],[150.051648,-33.170189],[150.050974,-33.171737],[150.050928,-33.172758],[150.051116,-33.173502],[150.052404,-33.173495],[150.05238,-33.174878],[150.048039,-33.176329],[150.047474,-33.176866],[150.045761,-33.179],[150.044613,-33.18057],[150.037986,-33.185347],[150.037687,-33.185927],[150.037143,-33.186008],[150.034857,-33.187338],[150.034348,-33.188331],[150.034775,-33.189464],[150.035551,-33.190079],[150.034926,-33.191953],[150.034889,-33.193053],[150.034864,-33.192956],[150.033956,-33.192236],[150.032924,-33.192673],[150.031539,-33.194247],[150.031642,-33.19628],[150.033084,-33.20015],[150.032478,-33.20154],[150.030378,-33.202306],[150.025678,-33.203575],[150.0253,-33.203997],[150.02528,-33.204355],[150.026066,-33.205326],[150.026267,-33.206421],[150.025691,-33.206793],[150.023559,-33.207587],[150.022942,-33.208647],[150.022212,-33.21026],[150.022454,-33.211602],[150.022613,-33.211506],[150.02048,-33.216415],[150.025164,-33.22893],[150.032846,-33.236747],[150.042912,-33.24128],[150.045338,-33.24609],[150.052188,-33.25217],[150.054488,-33.251573],[150.062828,-33.250123],[150.072872,-33.252518],[150.072857,-33.252674],[150.070468,-33.254695],[150.069112,-33.255735],[150.068126,-33.256091],[150.067057,-33.25463],[150.065438,-33.252625],[150.063773,-33.254376],[150.062431,-33.255227],[150.059906,-33.259334],[150.058329,-33.263287],[150.060153,-33.270229],[150.069392,-33.279931],[150.06743,-33.281678],[150.059362,-33.275541],[150.052601,-33.27395],[150.048109,-33.272412],[150.040481,-33.268031],[150.033258,-33.274921],[150.035778,-33.282795],[150.038044,-33.280739],[150.038493,-33.283295],[150.038425,-33.287827],[150.035354,-33.296915],[150.029403,-33.304883],[150.036947,-33.316989],[150.045288,-33.322356],[150.042524,-33.326954],[150.036599,-33.324683],[150.023662,-33.32335],[150.025929,-33.328265],[150.025736,-33.335708],[150.029275,-33.335282],[150.029943,-33.336398],[150.027436,-33.338045],[150.02764,-33.342646],[150.024041,-33.343941],[150.024076,-33.347565],[150.029377,-33.347361],[150.030185,-33.34879],[150.030112,-33.350401],[150.03296,-33.350764],[150.036465,-33.347986],[150.040392,-33.349511],[150.049463,-33.350204],[150.053262,-33.355542],[150.060046,-33.356657],[150.062678,-33.362921],[150.06831,-33.364485],[150.076064,-33.366899],[150.076277,-33.36267],[150.079175,-33.361009],[150.082908,-33.355611],[150.100241,-33.357925],[150.101183,-33.361644],[150.098146,-33.361096],[150.099002,-33.363144],[150.102636,-33.365068],[150.099256,-33.366934],[150.096968,-33.364574],[150.095511,-33.365366],[150.094017,-33.367668],[150.094612,-33.369201],[150.095839,-33.370832],[150.094093,-33.369818],[150.09411,-33.373833],[150.096936,-33.373912],[150.098359,-33.373876],[150.099156,-33.374294],[150.099623,-33.374315],[150.100038,-33.374477],[150.100054,-33.374935],[150.099039,-33.376208],[150.101034,-33.376847],[150.097384,-33.38189],[150.10114,-33.384363],[150.102473,-33.383533],[150.102823,-33.383394],[150.103913,-33.383479],[150.104772,-33.38329],[150.106414,-33.383937],[150.107479,-33.384043],[150.108147,-33.383392],[150.108345,-33.382103],[150.109694,-33.381957],[150.109757,-33.383742],[150.109419,-33.384235],[150.109694,-33.385102],[150.11017,-33.385388],[150.110794,-33.385466],[150.111479,-33.385374],[150.112355,-33.385073],[150.112864,-33.385023],[150.113187,-33.385387],[150.113161,-33.385891],[150.112988,-33.386639],[150.114175,-33.387577],[150.114955,-33.387688],[150.116114,-33.388441],[150.116686,-33.388929],[150.117086,-33.389589],[150.117122,-33.38996],[150.117021,-33.390242],[150.116514,-33.390348],[150.115728,-33.390088],[150.115004,-33.390311],[150.114067,-33.390167],[150.113368,-33.389489],[150.112147,-33.389191],[150.110999,-33.388736],[150.109003,-33.388749],[150.108459,-33.389042],[150.108062,-33.38974],[150.106665,-33.391636],[150.103063,-33.391853],[150.102987,-33.391784],[150.10273,-33.391795],[150.102737,-33.391982],[150.103987,-33.3921],[150.103924,-33.392318],[150.104157,-33.392377],[150.103636,-33.39332],[150.103511,-33.393754],[150.10065,-33.393378],[150.097408,-33.393326],[150.095763,-33.393754],[150.090016,-33.395528],[150.088753,-33.399315],[150.093251,-33.400851],[150.106875,-33.401647],[150.108954,-33.40349],[150.109244,-33.404916],[150.109566,-33.405814],[150.110054,-33.405868],[150.109577,-33.405847],[150.109829,-33.40655],[150.1092,-33.406535],[150.109916,-33.406795],[150.109958,-33.406911],[150.112065,-33.408124],[150.116869,-33.409064],[150.121053,-33.41002],[150.120794,-33.409735],[150.121602,-33.409924],[150.119542,-33.412023],[150.119439,-33.415122],[150.118231,-33.41724],[150.111947,-33.418048],[150.10991,-33.419432],[150.109641,-33.427536],[150.114679,-33.430038],[150.121233,-33.429714],[150.128663,-33.428693],[150.134932,-33.428361],[150.140049,-33.42848],[150.142268,-33.4302],[150.144686,-33.43455],[150.144292,-33.43788],[150.141632,-33.44092],[150.140034,-33.442005],[150.13879,-33.441833],[150.136411,-33.440798],[150.136344,-33.442584],[150.132977,-33.444536],[150.133475,-33.446694],[150.130048,-33.447092],[150.130705,-33.453071],[150.13373,-33.456242],[150.133336,-33.459572],[150.131045,-33.459996],[150.130557,-33.466186],[150.130731,-33.46953],[150.132943,-33.471489],[150.137517,-33.470879],[150.141877,-33.468118],[150.142115,-33.469554],[150.140891,-33.47215],[150.139509,-33.472632],[150.139708,-33.474799],[150.140772,-33.477351],[150.142108,-33.478472],[150.143142,-33.479057],[150.14496,-33.478943],[150.145048,-33.478856],[150.145222,-33.478929],[150.149598,-33.47569],[150.149698,-33.474422],[150.15018,-33.474297],[150.15077,-33.470447],[150.152697,-33.471111],[150.155672,-33.471537],[150.157102,-33.472523],[150.160724,-33.472122],[150.160624,-33.473048],[150.161756,-33.474106],[150.162555,-33.473814],[150.163968,-33.472556],[150.164007,-33.471759],[150.164243,-33.471733],[150.164406,-33.466727],[150.16533,-33.464602],[150.167067,-33.463687],[150.168727,-33.465156],[150.168618,-33.468493],[150.170562,-33.469969],[150.173477,-33.47024],[150.174191,-33.470803],[150.175723,-33.470628],[150.176887,-33.470327],[150.179081,-33.469422],[150.180343,-33.467354],[150.180566,-33.466646],[150.185536,-33.464585],[150.186874,-33.46724],[150.187513,-33.468191],[150.184233,-33.468544],[150.182609,-33.469536],[150.181284,-33.472081],[150.181343,-33.473709],[150.179628,-33.474431],[150.177401,-33.475574],[150.176272,-33.476825],[150.17498,-33.479166],[150.178929,-33.48195],[150.178711,-33.482634],[150.180122,-33.48372],[150.178516,-33.484824],[150.178221,-33.484751],[150.177005,-33.484748],[150.176566,-33.486163],[150.176001,-33.486552],[150.176216,-33.487291],[150.175518,-33.489538],[150.176611,-33.48951],[150.177695,-33.490177],[150.178145,-33.490656],[150.179604,-33.491854],[150.178196,-33.492999],[150.178275,-33.49405],[150.179189,-33.494671],[150.180774,-33.494834],[150.182249,-33.495272],[150.184669,-33.496721],[150.186276,-33.497571],[150.186603,-33.497841],[150.187446,-33.497907],[150.188064,-33.498177],[150.189603,-33.502385],[150.18965,-33.503147],[150.191314,-33.503487],[150.194987,-33.503727],[150.195868,-33.505485],[150.196908,-33.509006],[150.199181,-33.509262],[150.203441,-33.510079],[150.203593,-33.5106],[150.202204,-33.51267],[150.201543,-33.515517],[150.202596,-33.518165],[150.20385,-33.518958],[150.204634,-33.520256],[150.206891,-33.521046],[150.207227,-33.520257],[150.207088,-33.519644],[150.21108,-33.520026],[150.21571,-33.517745],[150.216738,-33.517435],[150.217448,-33.515047],[150.221032,-33.515432],[150.223233,-33.514882],[150.224327,-33.515187],[150.225079,-33.518063],[150.226883,-33.519607],[150.229714,-33.52017],[150.232061,-33.51995],[150.232859,-33.518927],[150.232142,-33.51753],[150.229951,-33.514771],[150.230602,-33.51388],[150.231506,-33.513665],[150.234917,-33.515533],[150.233848,-33.514352],[150.235563,-33.512987],[150.236514,-33.514569],[150.238087,-33.514974],[150.238594,-33.516376],[150.240745,-33.518544],[150.242991,-33.519548],[150.247552,-33.519411],[150.251832,-33.521324],[150.252639,-33.520783],[150.257225,-33.523664],[150.259077,-33.524199],[150.265083,-33.527483],[150.265483,-33.528665],[150.267093,-33.529005],[150.268746,-33.530491],[150.270334,-33.530258],[150.272343,-33.529058],[150.274246,-33.527099],[150.277217,-33.529821],[150.27696,-33.530466],[150.279532,-33.532118],[150.279675,-33.532072],[150.28199,-33.534193],[150.282169,-33.535489],[150.28244,-33.536629],[150.284563,-33.538484],[150.286872,-33.539187],[150.286929,-33.540715],[150.288547,-33.541246],[150.289491,-33.541061],[150.291181,-33.542609],[150.293862,-33.543016],[150.296171,-33.54372],[150.29915,-33.544023],[150.301679,-33.54453],[150.303796,-33.546194],[150.304824,-33.549224],[150.305573,-33.550924],[150.306087,-33.55244],[150.304747,-33.55324],[150.303995,-33.554339],[150.304381,-33.554692],[150.304301,-33.555205],[150.30461,-33.555212],[150.304301,-33.555208],[150.304528,-33.556701],[150.303839,-33.556858],[150.303872,-33.558003],[150.303431,-33.558967],[150.304646,-33.561684],[150.305447,-33.562331],[150.305737,-33.563998],[150.306748,-33.564478],[150.309253,-33.565277],[150.309782,-33.565861],[150.31023,-33.566844],[150.312389,-33.567807],[150.312578,-33.568326],[150.312907,-33.568734],[150.313415,-33.570004],[150.313946,-33.570531],[150.314415,-33.570828],[150.314735,-33.570892],[150.314612,-33.570933],[150.314923,-33.571023],[150.315585,-33.571487],[150.31588,-33.572119],[150.316535,-33.573049],[150.316638,-33.574139],[150.317279,-33.575527],[150.317806,-33.576168],[150.31813,-33.576748],[150.319257,-33.577917],[150.321788,-33.577915],[150.32298,-33.576967],[150.323791,-33.577271],[150.324243,-33.57814],[150.325645,-33.579258],[150.327325,-33.58021],[150.328619,-33.58041],[150.329714,-33.580376],[150.330405,-33.580162],[150.331907,-33.580252],[150.335113,-33.580983],[150.335018,-33.581756],[150.335852,-33.58243],[150.336628,-33.582685],[150.337892,-33.583309],[150.3386,-33.583443],[150.339301,-33.583816],[150.339575,-33.58418],[150.340415,-33.584675],[150.340951,-33.58576],[150.342627,-33.586869],[150.344462,-33.587446],[150.345019,-33.587875],[150.3452,-33.588952],[150.34625,-33.589571],[150.346506,-33.590531],[150.348479,-33.591229],[150.349055,-33.591063],[150.350251,-33.591565],[150.350474,-33.591589],[150.351758,-33.591531],[150.35283,-33.591146],[150.353189,-33.591146],[150.354002,-33.591428],[150.35464,-33.59238],[150.355045,-33.592546],[150.355866,-33.592535],[150.356033,-33.59266],[150.356958,-33.592608],[150.357498,-33.592849],[150.358608,-33.594583],[150.359316,-33.595334],[150.359753,-33.596717],[150.360288,-33.597129],[150.361308,-33.597323],[150.361694,-33.600365],[150.361152,-33.600182],[150.360509,-33.601084],[150.360953,-33.602239],[150.36107,-33.602871],[150.361328,-33.603392],[150.361305,-33.604136],[150.361835,-33.604719],[150.362072,-33.605927],[150.36176,-33.60718],[150.362995,-33.609324],[150.36273,-33.611265],[150.364579,-33.61348],[150.366898,-33.613701],[150.369506,-33.61347],[150.374381,-33.61741],[150.37733,-33.617186],[150.379884,-33.618729],[150.382219,-33.618435],[150.383701,-33.61921],[150.384994,-33.619467],[150.389913,-33.617452],[150.391541,-33.617945],[150.393055,-33.617633],[150.394259,-33.616285],[150.397024,-33.61537],[150.397893,-33.613785],[150.399444,-33.612272],[150.401531,-33.611113],[150.403855,-33.608929],[150.406862,-33.60676],[150.410987,-33.606102],[150.414469,-33.606347],[150.415317,-33.605448],[150.417941,-33.604644],[150.418378,-33.603737],[150.420559,-33.604012],[150.423477,-33.602527],[150.424523,-33.601862],[150.427522,-33.602268],[150.429328,-33.601332],[150.430344,-33.599878],[150.434534,-33.59984],[150.436362,-33.599372],[150.439873,-33.599124],[150.439895,-33.598381],[150.440809,-33.597541],[150.441765,-33.597618],[150.442959,-33.596555],[150.445622,-33.596724],[150.447602,-33.594532],[150.451349,-33.595068],[150.453079,-33.594416],[150.453755,-33.592369],[150.458362,-33.591548],[150.458551,-33.589777],[150.458436,-33.58903],[150.457114,-33.587457],[150.457266,-33.586945],[150.465003,-33.584356],[150.466239,-33.584209],[150.466636,-33.584676],[150.468438,-33.584704],[150.468717,-33.584239],[150.468726,-33.583895],[150.468718,-33.58424],[150.470709,-33.5844],[150.470907,-33.584062],[150.471312,-33.584093],[150.471609,-33.582868],[150.476322,-33.582487],[150.483097,-33.579328],[150.485393,-33.580001],[150.48751,-33.581952],[150.487785,-33.582316],[150.489203,-33.582553],[150.491471,-33.581735],[150.494623,-33.581143],[150.496966,-33.579617],[150.497402,-33.580294],[150.498015,-33.580382],[150.498304,-33.579873],[150.499211,-33.580192],[150.507976,-33.581382],[150.508876,-33.581709],[150.510089,-33.582344],[150.511931,-33.582117],[150.514757,-33.581372],[150.515523,-33.580342],[150.5153,-33.579121],[150.515345,-33.57867],[150.515256,-33.578042],[150.515502,-33.578137],[150.51589,-33.577041],[150.518149,-33.575297],[150.518771,-33.574713],[150.519803,-33.573511],[150.521001,-33.571478],[150.522066,-33.570156],[150.524276,-33.569127],[150.527094,-33.569219],[150.530475,-33.569043],[150.530444,-33.568989],[150.53113,-33.568753],[150.531224,-33.5683],[150.531965,-33.567814],[150.532622,-33.567254],[150.534248,-33.565676],[150.534463,-33.565723],[150.534823,-33.563505],[150.535056,-33.56283],[150.5347,-33.562389],[150.534026,-33.561064],[150.532687,-33.558055],[150.533582,-33.556641],[150.534738,-33.556068],[150.537023,-33.555875],[150.539884,-33.555455],[150.541992,-33.556451],[150.543549,-33.55684],[150.544674,-33.557339],[150.545223,-33.558066],[150.544844,-33.561398],[150.546973,-33.561679],[150.54932,-33.564349],[150.550137,-33.565678],[150.549402,-33.566498],[150.54751,-33.567892],[150.547175,-33.569674],[150.547422,-33.570991],[150.549098,-33.572217],[150.551803,-33.572271],[150.552512,-33.572404],[150.554231,-33.57208],[150.557842,-33.570363],[150.561674,-33.570915],[150.56263,-33.572366],[150.5651,-33.575754],[150.563032,-33.578337],[150.561978,-33.580344],[150.562498,-33.582144],[150.56256,-33.585008],[150.56293,-33.587043],[150.564897,-33.588036],[150.567257,-33.585219],[150.571401,-33.584824],[150.574279,-33.583807],[150.575916,-33.581334],[150.577629,-33.581248],[150.579762,-33.581409],[150.581385,-33.579413],[150.58488,-33.576738],[150.584493,-33.57017],[150.587139,-33.56724],[150.588898,-33.565485],[150.588656,-33.56393],[150.588557,-33.562377],[150.589017,-33.561193],[150.593114,-33.562466],[150.59367,-33.562954],[150.595213,-33.563819],[150.598346,-33.56388],[150.603508,-33.564753],[150.6035,-33.564897],[150.605461,-33.565076],[150.606594,-33.568328],[150.60835,-33.569382],[150.609807,-33.569251],[150.611338,-33.567444],[150.612434,-33.562903],[150.611223,-33.56034],[150.611348,-33.559918],[150.611588,-33.55797],[150.609537,-33.557038],[150.608883,-33.553778],[150.611501,-33.54982],[150.615616,-33.54755],[150.616723,-33.545804],[150.617302,-33.542691],[150.617553,-33.542037],[150.617662,-33.542031],[150.618082,-33.54114],[150.619689,-33.540271],[150.620748,-33.536074],[150.619882,-33.532407],[150.62129,-33.530974],[150.618104,-33.528983],[150.61795,-33.528032],[150.619855,-33.527174],[150.620961,-33.526893],[150.622464,-33.526811],[150.62278,-33.525082],[150.620938,-33.524677],[150.619269,-33.524591],[150.619066,-33.523546],[150.618635,-33.523327],[150.617927,-33.520588],[150.616605,-33.520626],[150.616872,-33.523218],[150.616775,-33.523316],[150.616374,-33.523387],[150.614915,-33.523351],[150.615701,-33.520289],[150.614094,-33.520049],[150.613355,-33.523702],[150.611644,-33.523713],[150.611992,-33.519995],[150.609698,-33.519699],[150.609997,-33.517549],[150.607333,-33.516575],[150.6068,-33.52523],[150.605931,-33.526287],[150.605592,-33.526124],[150.605153,-33.534256],[150.602974,-33.534222],[150.600633,-33.533662],[150.599172,-33.533912],[150.5986,-33.534165],[150.597177,-33.534335],[150.596466,-33.534023],[150.596698,-33.530807],[150.597052,-33.528309],[150.600068,-33.527413],[150.601335,-33.527915],[150.604629,-33.527263],[150.605206,-33.524423],[150.6056,-33.523059],[150.604769,-33.522208],[150.603845,-33.52213],[150.602814,-33.523363],[150.601682,-33.523102],[150.601922,-33.522153],[150.602228,-33.521383],[150.603381,-33.520869],[150.604692,-33.519821],[150.605243,-33.517923],[150.603631,-33.516997],[150.604283,-33.51562],[150.604668,-33.515526],[150.604555,-33.515239],[150.605066,-33.514279],[150.604501,-33.514037],[150.605338,-33.512502],[150.605345,-33.511283],[150.604413,-33.510139],[150.604229,-33.509141],[150.604545,-33.508487],[150.605536,-33.506929],[150.605941,-33.505914],[150.606595,-33.504992],[150.606391,-33.504678],[150.606405,-33.504382],[150.606339,-33.504055],[150.606169,-33.503742],[150.606151,-33.503304],[150.605563,-33.502379],[150.605483,-33.502019],[150.605677,-33.501664],[150.605616,-33.501587],[150.604948,-33.501196],[150.603833,-33.501866],[150.602803,-33.501281],[150.601945,-33.500258],[150.600902,-33.500698],[150.601671,-33.502202],[150.601492,-33.502481],[150.602186,-33.504147],[150.60229,-33.504691],[150.602018,-33.505336],[150.600845,-33.505256],[150.600148,-33.504844],[150.599493,-33.504111],[150.598988,-33.503738],[150.598381,-33.503528],[150.597895,-33.50361],[150.596531,-33.50603],[150.592436,-33.507462],[150.591923,-33.507365],[150.591906,-33.506944],[150.592249,-33.506011],[150.592646,-33.50536],[150.593512,-33.504767],[150.593453,-33.504224],[150.593933,-33.504021],[150.593817,-33.503561],[150.593818,-33.5032],[150.594309,-33.50269],[150.594844,-33.50246],[150.595417,-33.502403],[150.595839,-33.502163],[150.595947,-33.501664],[150.595872,-33.50114],[150.595284,-33.500533],[150.594914,-33.500314],[150.593639,-33.499895],[150.593011,-33.499895],[150.592116,-33.499629],[150.591735,-33.499248],[150.59164,-33.498943],[150.591792,-33.498696],[150.592097,-33.498487],[150.592592,-33.498429],[150.593106,-33.498943],[150.593506,-33.498981],[150.593677,-33.498924],[150.594096,-33.498296],[150.594588,-33.498138],[150.594181,-33.497564],[150.594519,-33.497447],[150.594841,-33.496972],[150.594813,-33.496282],[150.595287,-33.496203],[150.595852,-33.495734],[150.595527,-33.495],[150.59517,-33.494961],[150.595047,-33.494435],[150.594517,-33.493881],[150.593795,-33.493328],[150.593867,-33.492859],[150.594073,-33.492815],[150.594336,-33.492246],[150.594348,-33.492065],[150.593988,-33.491788],[150.594084,-33.491163],[150.594312,-33.49085],[150.594476,-33.490255],[150.594637,-33.490213],[150.594794,-33.490044],[150.59483,-33.48956],[150.596056,-33.489456],[150.596221,-33.4885],[150.596172,-33.486523],[150.59727,-33.485701],[150.598419,-33.48427],[150.595645,-33.484245],[150.59478,-33.48417],[150.592743,-33.483811],[150.590322,-33.483561],[150.588866,-33.483532],[150.587488,-33.483215],[150.586002,-33.482513],[150.585663,-33.48184],[150.58553,-33.480672],[150.584835,-33.481295],[150.583701,-33.481541],[150.581959,-33.481414],[150.580207,-33.481073],[150.578078,-33.480815],[150.577339,-33.480374],[150.576665,-33.480371],[150.575532,-33.478624],[150.575418,-33.478587],[150.575073,-33.47792],[150.573421,-33.477544],[150.571879,-33.474861],[150.571244,-33.473951],[150.570578,-33.473905],[150.570629,-33.473649],[150.572711,-33.473441],[150.574871,-33.473579],[150.576708,-33.473042],[150.578089,-33.472497],[150.580111,-33.470256],[150.579842,-33.470248],[150.580111,-33.470253],[150.581385,-33.468646],[150.58402,-33.46803],[150.585666,-33.466153],[150.586204,-33.463206],[150.586173,-33.462009],[150.587191,-33.460457],[150.58605,-33.457259],[150.586035,-33.456668],[150.586648,-33.455389],[150.589482,-33.455826],[150.590146,-33.456507],[150.590628,-33.455562],[150.593192,-33.453731],[150.593337,-33.453964],[150.594732,-33.454993],[150.595806,-33.455252],[150.59541,-33.453098],[150.597077,-33.451901],[150.60106,-33.452431],[150.601613,-33.452009],[150.599839,-33.449366],[150.600948,-33.446704],[150.602759,-33.445908],[150.60621,-33.447361],[150.606146,-33.449274],[150.60854,-33.449276],[150.610674,-33.448498],[150.612318,-33.44759],[150.616426,-33.446993],[150.616581,-33.444918],[150.615691,-33.444138],[150.613543,-33.443619],[150.613335,-33.4429],[150.614121,-33.440179],[150.615751,-33.438244],[150.621548,-33.43853],[150.623223,-33.439054],[150.624144,-33.44092],[150.624087,-33.440959],[150.624199,-33.441057],[150.624268,-33.441029],[150.624286,-33.441341],[150.625348,-33.440832],[150.62458,-33.441547],[150.626043,-33.441099],[150.627117,-33.440183],[150.627039,-33.44107],[150.626516,-33.442184],[150.630208,-33.439836],[150.63158,-33.439655],[150.635552,-33.439483],[150.635515,-33.439962],[150.631896,-33.442051],[150.631043,-33.442769],[150.635963,-33.441471],[150.637983,-33.442079],[150.638094,-33.442849],[150.638638,-33.442491],[150.640295,-33.444183],[150.640513,-33.445301],[150.639927,-33.44807],[150.641874,-33.446365],[150.643021,-33.445987],[150.645053,-33.446329],[150.64655,-33.447375],[150.647151,-33.450296],[150.649494,-33.451116],[150.652098,-33.451103],[150.65442,-33.451358],[150.657398,-33.449962],[150.663966,-33.449405],[150.666793,-33.447814],[150.66691,-33.4479],[150.668776,-33.447535],[150.670221,-33.44761],[150.673909,-33.444475],[150.678738,-33.443677],[150.67989,-33.443142],[150.681133,-33.442345],[150.682849,-33.4415],[150.684735,-33.441271],[150.685873,-33.440892],[150.687784,-33.439316],[150.688739,-33.438697],[150.690455,-33.440548],[150.697519,-33.438769],[150.699218,-33.438854],[150.706756,-33.438511],[150.712067,-33.439428],[150.718044,-33.435905],[150.721744,-33.432449],[150.719935,-33.430114],[150.721227,-33.426969],[150.714361,-33.426338],[150.709671,-33.423252],[150.706607,-33.421551],[150.70217,-33.424431],[150.702962,-33.429664],[150.70252,-33.429942],[150.683085,-33.432132],[150.683208,-33.431731],[150.675539,-33.432555],[150.675051,-33.432168],[150.675345,-33.432167],[150.674071,-33.428708],[150.674431,-33.423753],[150.678821,-33.418145],[150.679798,-33.41812],[150.678821,-33.418145],[150.679144,-33.417733],[150.677738,-33.417707],[150.677678,-33.417247],[150.678494,-33.417371],[150.680107,-33.416638],[150.680285,-33.416355],[150.680362,-33.415593],[150.680612,-33.414739],[150.680538,-33.413258],[150.677359,-33.408714],[150.676339,-33.407007],[150.674669,-33.39423],[150.674741,-33.393826],[150.675695,-33.392173],[150.677355,-33.389628],[150.681409,-33.386889],[150.683961,-33.385028],[150.686967,-33.383223],[150.68909,-33.382499],[150.689846,-33.381893],[150.691267,-33.381919],[150.6937,-33.382394],[150.694085,-33.382878],[150.695307,-33.383998],[150.696074,-33.38511],[150.696557,-33.386217],[150.698022,-33.388868],[150.698164,-33.389968],[150.696613,-33.394768],[150.698385,-33.395517],[150.699118,-33.393598],[150.700509,-33.392622],[150.703245,-33.392386],[150.706562,-33.392805],[150.708999,-33.39421],[150.709292,-33.396076],[150.710192,-33.397525],[150.71016,-33.398741],[150.71085,-33.398467],[150.712995,-33.398006],[150.714349,-33.39846],[150.714755,-33.399255],[150.713167,-33.40123],[150.711111,-33.40155],[150.711333,-33.402842],[150.711197,-33.404772],[150.711318,-33.406635],[150.711635,-33.407571],[150.710898,-33.409633],[150.709921,-33.411118],[150.70895,-33.412317],[150.709451,-33.412756],[150.712666,-33.413817],[150.717155,-33.415116],[150.720536,-33.416395],[150.724773,-33.417547],[150.727467,-33.418956],[150.729324,-33.419777],[150.728855,-33.418123],[150.730194,-33.415857],[150.731431,-33.414233],[150.732998,-33.413045],[150.735101,-33.410937],[150.73417,-33.410633],[150.731346,-33.410939],[150.73295,-33.408321],[150.733809,-33.408122],[150.736051,-33.407232],[150.73652,-33.405594],[150.737054,-33.404745],[150.739023,-33.404495],[150.741626,-33.402825],[150.741759,-33.402202],[150.748889,-33.401437],[150.749275,-33.400251],[150.751438,-33.399098],[150.75286,-33.399124],[150.754166,-33.40362],[150.754483,-33.405117],[150.755527,-33.406031],[150.759329,-33.406967],[150.759333,-33.40685],[150.759559,-33.406936],[150.759785,-33.406181],[150.759769,-33.406999],[150.763765,-33.406407],[150.766777,-33.405779],[150.770581,-33.404138],[150.775629,-33.406745],[150.777476,-33.406466],[150.778059,-33.407168],[150.778338,-33.407685],[150.778917,-33.407907],[150.779327,-33.407512],[150.779743,-33.407905],[150.780022,-33.408423],[150.780751,-33.408807],[150.78156,-33.409069],[150.781857,-33.408701],[150.781904,-33.407147],[150.781227,-33.406642],[150.781771,-33.406052],[150.782095,-33.405474],[150.784867,-33.404775],[150.789268,-33.40698],[150.789223,-33.407092],[150.794762,-33.410772],[150.797783,-33.409286],[150.798084,-33.407733],[150.798774,-33.407294],[150.799331,-33.406171],[150.799955,-33.405794],[150.801159,-33.405638],[150.802762,-33.405649],[150.804292,-33.406438],[150.80463,-33.406369],[150.80469,-33.406591],[150.805855,-33.406885],[150.805735,-33.40687],[150.806159,-33.409788],[150.806433,-33.410965],[150.806923,-33.410911],[150.80689,-33.411366],[150.807793,-33.412153],[150.808793,-33.411651],[150.809012,-33.410315],[150.809226,-33.410193],[150.810033,-33.408235],[150.811852,-33.407306],[150.814831,-33.407402],[150.816896,-33.408711],[150.81698,-33.410642],[150.81659,-33.413648],[150.817345,-33.417305],[150.818224,-33.418712],[150.820161,-33.418778],[150.821268,-33.416872],[150.821514,-33.413996],[150.822822,-33.411585],[150.826285,-33.410855],[150.829702,-33.41075],[150.831855,-33.412047],[150.831745,-33.412146],[150.836657,-33.41494],[150.840465,-33.417234],[150.840563,-33.417111],[150.840913,-33.417306],[150.841052,-33.417066],[150.844328,-33.418657],[150.847541,-33.420679],[150.84914,-33.421034],[150.84896,-33.421134],[150.852243,-33.422884],[150.852318,-33.422647],[150.853255,-33.423211],[150.854003,-33.420799],[150.854538,-33.419812],[150.85502,-33.419939],[150.855033,-33.420022],[150.856456,-33.421269],[150.857294,-33.422187],[150.859054,-33.422036],[150.860848,-33.419332],[150.863293,-33.419854],[150.862818,-33.422431],[150.862589,-33.42311],[150.862868,-33.423669],[150.863708,-33.42338],[150.865941,-33.424969],[150.868666,-33.425362],[150.868998,-33.425177],[150.870842,-33.42625],[150.871972,-33.426036],[150.873746,-33.425861],[150.874162,-33.425609],[150.873703,-33.423294],[150.873442,-33.422693],[150.874734,-33.422425],[150.874892,-33.421166],[150.873479,-33.419836],[150.872304,-33.419036],[150.870051,-33.418031],[150.86943,-33.416856],[150.868681,-33.41443],[150.869029,-33.412627],[150.869667,-33.410934],[150.87141,-33.410104],[150.872267,-33.408524],[150.871231,-33.40766],[150.869985,-33.406863],[150.868644,-33.40553],[150.867404,-33.404852],[150.863476,-33.40139],[150.862096,-33.400776],[150.861029,-33.399196],[150.862439,-33.396363],[150.863008,-33.396366],[150.863028,-33.395884],[150.863008,-33.396366],[150.863654,-33.39637],[150.863771,-33.396248],[150.864035,-33.396295],[150.864548,-33.396637],[150.865615,-33.396604],[150.866703,-33.395436],[150.867737,-33.393212],[150.869409,-33.392384],[150.872577,-33.391813],[150.873406,-33.39125],[150.87355,-33.390898],[150.878218,-33.392394],[150.87919,-33.392256],[150.880818,-33.39299],[150.882138,-33.392232],[150.882835,-33.390299],[150.883804,-33.389671],[150.884172,-33.389568],[150.884674,-33.38982],[150.885153,-33.389698],[150.885293,-33.389563],[150.885959,-33.390082],[150.887737,-33.390026],[150.888492,-33.389405],[150.889549,-33.389133],[150.890378,-33.38857],[150.891444,-33.386924],[150.891696,-33.386231],[150.892295,-33.38632],[150.892591,-33.386176],[150.892312,-33.386893],[150.892658,-33.388268],[150.893682,-33.389527],[150.894959,-33.39006],[150.8975,-33.390841],[150.897975,-33.392546],[150.898884,-33.39376],[150.901411,-33.395497],[150.902107,-33.397052],[150.903747,-33.398052],[150.905008,-33.397835],[150.906127,-33.398411],[150.908055,-33.39853],[150.909681,-33.398044],[150.909976,-33.398478],[150.910063,-33.399144],[150.911178,-33.399874],[150.913327,-33.400156],[150.915005,-33.401059],[150.915615,-33.403549],[150.915039,-33.404675],[150.916381,-33.404107],[150.918495,-33.404232],[150.921093,-33.40501],[150.921574,-33.405568],[150.922553,-33.407067],[150.923569,-33.406844],[150.923906,-33.406671],[150.924432,-33.407991],[150.92716,-33.406889],[150.92992,-33.406085],[150.930719,-33.406188],[150.931423,-33.406644],[150.932755,-33.407127],[150.93401,-33.408426],[150.935616,-33.408307],[150.937159,-33.409082],[150.939645,-33.407331],[150.941023,-33.407407],[150.94215,-33.40761],[150.943712,-33.407501],[150.945324,-33.410078],[150.945263,-33.411872],[150.94614,-33.412382],[150.948532,-33.411709],[150.949978,-33.409035],[150.951325,-33.407319],[150.95172,-33.40659],[150.950976,-33.405897],[150.951021,-33.405298],[150.950871,-33.40357],[150.952117,-33.402754],[150.954726,-33.402193],[150.956196,-33.401609],[150.956856,-33.400453],[150.958366,-33.39921],[150.959494,-33.398935],[150.961791,-33.39934],[150.963862,-33.3979],[150.964609,-33.3971],[150.964982,-33.395893],[150.965245,-33.395407],[150.96702,-33.395291],[150.968265,-33.394474],[150.969125,-33.393013],[150.972402,-33.391475],[150.973185,-33.389897],[150.971556,-33.388515],[150.970702,-33.388542],[150.970503,-33.388697],[150.970771,-33.387298],[150.971089,-33.387344],[150.972564,-33.385935],[150.971678,-33.385247],[150.96944,-33.384888],[150.965069,-33.384597],[150.963474,-33.385221],[150.963223,-33.387236],[150.959585,-33.389933],[150.957584,-33.390225],[150.957563,-33.38899],[150.957094,-33.387428],[150.957038,-33.386187],[150.956592,-33.38515],[150.9566,-33.384051],[150.956196,-33.382678],[150.956842,-33.381845],[150.955834,-33.382116],[150.955935,-33.380679],[150.955019,-33.379322],[150.95456,-33.379241],[150.95359,-33.379461],[150.953265,-33.378664],[150.950857,-33.378311],[150.949751,-33.378417],[150.949472,-33.377924],[150.949181,-33.377145],[150.948663,-33.377018],[150.947396,-33.377345],[150.942738,-33.377984],[150.942745,-33.377465],[150.940551,-33.375527],[150.94175,-33.374342],[150.944256,-33.373068],[150.943908,-33.370403],[150.942736,-33.369676],[150.941792,-33.368941],[150.940826,-33.367729],[150.940157,-33.365504],[150.940094,-33.36412],[150.939426,-33.363185],[150.938136,-33.362366],[150.937133,-33.361585],[150.936611,-33.36012],[150.935221,-33.359591],[150.936333,-33.358982],[150.936688,-33.358015],[150.935853,-33.357181],[150.934625,-33.356456],[150.934101,-33.354943],[150.93474,-33.352676],[150.934176,-33.351547],[150.933843,-33.350459],[150.933545,-33.350043],[150.935464,-33.352007],[150.935105,-33.354721],[150.935476,-33.355264],[150.936534,-33.355604],[150.93818,-33.356347],[150.938717,-33.357072],[150.939762,-33.359809],[150.940212,-33.360604],[150.940933,-33.360795],[150.941402,-33.360767],[150.941983,-33.360535],[150.94199,-33.360644],[150.944467,-33.360494],[150.94407,-33.359247],[150.944766,-33.356228],[150.945352,-33.355499],[150.947626,-33.354295],[150.948483,-33.354143],[150.950047,-33.354121],[150.952042,-33.353915],[150.953755,-33.353585],[150.955473,-33.353089],[150.958343,-33.35316],[150.959613,-33.353539],[150.961723,-33.354504],[150.962774,-33.354545],[150.963744,-33.354394],[150.963841,-33.354217],[150.964646,-33.354493],[150.96522,-33.35573],[150.967624,-33.356247],[150.969218,-33.356178],[150.971459,-33.356405],[150.97408,-33.356162],[150.975028,-33.355724],[150.975641,-33.355042],[150.976136,-33.353332],[150.976361,-33.352191],[150.976816,-33.350957],[150.97799,-33.349354],[150.978185,-33.348331],[150.979282,-33.347609],[150.979316,-33.346131],[150.978857,-33.345073],[150.978271,-33.344611],[150.977094,-33.344682],[150.977448,-33.344549],[150.976799,-33.344324],[150.976648,-33.343487],[150.976116,-33.341903],[150.975601,-33.340797],[150.974783,-33.340545],[150.974913,-33.339856],[150.975466,-33.339292],[150.975795,-33.338558],[150.975931,-33.337629],[150.977043,-33.33624],[150.97703,-33.335572],[150.976842,-33.335091],[150.976228,-33.334604],[150.975297,-33.334303],[150.974882,-33.333819],[150.974771,-33.333113],[150.974651,-33.333982],[150.973813,-33.334565],[150.972348,-33.334943],[150.972202,-33.334837],[150.970985,-33.335306],[150.970093,-33.336338],[150.96909,-33.336836],[150.968851,-33.337435],[150.96737,-33.338472],[150.963194,-33.339028],[150.963792,-33.33873],[150.962978,-33.338349],[150.963795,-33.336914],[150.963632,-33.336441],[150.962965,-33.336175],[150.962135,-33.336082],[150.961583,-33.335837],[150.961262,-33.335035],[150.961057,-33.333655],[150.960607,-33.333144],[150.960534,-33.332788],[150.960202,-33.332695],[150.962561,-33.332596],[150.963897,-33.329665],[150.964572,-33.329529],[150.965436,-33.329143],[150.96568,-33.328872],[150.965707,-33.327582],[150.966665,-33.326996],[150.96708,-33.327584],[150.967475,-33.327397],[150.967541,-33.327452],[150.968029,-33.327134],[150.968434,-33.326714],[150.968996,-33.326664],[150.969253,-33.326485],[150.969338,-33.326523],[150.969744,-33.326143],[150.9698,-33.326196],[150.970183,-33.325837],[150.9702,-33.325714],[150.970678,-33.325137],[150.971855,-33.325202],[150.97256,-33.326074],[150.972731,-33.32727],[150.974777,-33.32728],[150.976011,-33.326775],[150.976071,-33.325416],[150.974291,-33.323717],[150.973444,-33.323512],[150.972374,-33.323041],[150.97188,-33.322293],[150.971153,-33.321804],[150.970471,-33.320552],[150.969836,-33.319755],[150.96925,-33.319292],[150.969152,-33.318622],[150.968936,-33.318141],[150.968484,-33.318015],[150.967472,-33.317545],[150.967137,-33.317253],[150.966233,-33.317024],[150.965067,-33.317323],[150.963962,-33.316928],[150.962608,-33.317186],[150.961775,-33.317643],[150.961819,-33.31794],[150.95972,-33.317529],[150.958356,-33.317572],[150.957499,-33.317492],[150.956488,-33.317811],[150.956091,-33.319401],[150.956054,-33.320477],[150.956324,-33.320777],[150.956157,-33.320873],[150.955961,-33.321701],[150.955379,-33.321129],[150.954758,-33.320779],[150.954769,-33.319369],[150.953406,-33.319347],[150.953053,-33.319842],[150.951344,-33.320028],[150.949212,-33.320982],[150.947249,-33.319433],[150.946954,-33.319285],[150.94672,-33.319858],[150.94604,-33.319504],[150.944556,-33.319181],[150.942154,-33.318864],[150.942056,-33.316685],[150.943263,-33.315726],[150.943114,-33.315616],[150.943607,-33.315185],[150.943599,-33.315116],[150.946445,-33.313466],[150.94914,-33.312464],[150.951252,-33.312056],[150.951335,-33.31195],[150.956959,-33.31015],[150.958941,-33.309892],[150.960453,-33.309402],[150.961765,-33.308679],[150.961824,-33.308634],[150.959522,-33.308612],[150.96049,-33.308294],[150.961635,-33.308301],[150.962118,-33.307936],[150.962423,-33.30816],[150.96269,-33.307405],[150.962896,-33.307108],[150.962871,-33.306894],[150.963381,-33.305456],[150.963596,-33.303527],[150.96526,-33.301827],[150.966432,-33.300824],[150.96831,-33.300598],[150.969988,-33.299909],[150.972334,-33.297979],[150.975229,-33.298098],[150.977553,-33.298959],[150.979322,-33.299883],[150.979555,-33.299028],[150.977835,-33.297819],[150.977247,-33.29559],[150.978147,-33.293529],[150.978125,-33.29267],[150.977522,-33.29291],[150.976152,-33.29321],[150.975487,-33.293567],[150.975379,-33.293117],[150.973901,-33.293141],[150.971826,-33.294443],[150.970689,-33.294472],[150.970313,-33.294553],[150.96844,-33.29312],[150.967765,-33.292823],[150.966771,-33.293189],[150.965349,-33.29141],[150.966007,-33.290634],[150.965949,-33.289201],[150.964732,-33.286834],[150.963665,-33.285804],[150.961473,-33.285768],[150.960963,-33.284967],[150.961268,-33.284295],[150.960924,-33.28345],[150.959719,-33.283014],[150.959307,-33.282368],[150.958603,-33.277509],[150.960889,-33.276727],[150.96242,-33.274707],[150.963744,-33.273804],[150.964601,-33.271053],[150.966216,-33.270894],[150.966226,-33.269245],[150.965774,-33.268686],[150.966203,-33.267776],[150.966157,-33.266774],[150.96657,-33.266474],[150.966504,-33.265938],[150.966057,-33.265487],[150.96599,-33.264951],[150.966706,-33.264749],[150.966932,-33.264097],[150.967347,-33.263832],[150.967533,-33.263217],[150.967326,-33.262939],[150.968232,-33.259833],[150.96964,-33.258496],[150.969877,-33.258466],[150.971412,-33.25782],[150.971808,-33.256461],[150.971915,-33.25637],[150.971725,-33.255301],[150.972233,-33.25397],[150.973888,-33.252842],[150.974402,-33.251631],[150.973797,-33.250814],[150.973068,-33.250536],[150.972121,-33.248358],[150.97291,-33.243793],[150.970215,-33.242766],[150.972604,-33.243325],[150.974249,-33.241958],[150.97504,-33.243725],[150.976339,-33.244161],[150.977246,-33.24222],[150.977857,-33.241208],[150.977915,-33.242349],[150.979213,-33.241991],[150.981991,-33.238948],[150.981263,-33.236985],[150.979542,-33.233327],[150.979076,-33.231152],[150.9786,-33.22941],[150.979425,-33.227202],[150.978141,-33.226964],[150.977292,-33.227438],[150.977242,-33.226932],[150.978178,-33.222393],[150.978612,-33.222523],[150.979254,-33.219312],[150.977208,-33.2157],[150.974026,-33.213637],[150.973606,-33.211587],[150.973357,-33.211447],[150.97312,-33.209714],[150.973816,-33.210429],[150.979918,-33.204657],[150.980419,-33.205474],[150.9863,-33.203084],[150.986375,-33.203185],[150.987397,-33.203154],[150.989111,-33.203945],[150.990257,-33.204679],[150.990944,-33.204452],[150.992528,-33.203427],[150.993459,-33.20244],[150.994027,-33.202402],[150.994694,-33.201816],[150.995049,-33.201154],[150.996115,-33.200431],[150.999501,-33.198881],[150.999752,-33.199034],[151.001546,-33.198753],[151.003133,-33.197633],[151.004472,-33.197392],[151.006085,-33.196344],[151.006714,-33.19614],[151.010008,-33.196025],[151.010637,-33.195821],[151.010486,-33.194983],[151.010675,-33.193766],[151.01117,-33.19354],[151.011494,-33.193653],[151.011849,-33.194117],[151.01512,-33.195307],[151.016022,-33.195881],[151.016012,-33.195456],[151.016551,-33.196033],[151.016643,-33.195917],[151.018331,-33.19699],[151.019466,-33.196333],[151.020358,-33.195946],[151.021459,-33.197033],[151.022403,-33.198413],[151.023146,-33.197863],[151.025295,-33.197005],[151.027319,-33.19713],[151.02923,-33.198526],[151.032609,-33.197197],[151.033104,-33.196226],[151.03413,-33.195666],[151.03668,-33.196731],[151.037555,-33.197003],[151.04053,-33.194028],[151.044396,-33.191649],[151.046181,-33.190459],[151.04856,-33.189864],[151.04856,-33.18808],[151.053022,-33.186593],[151.054097,-33.186808],[151.055193,-33.186468],[151.054734,-33.185767],[151.054065,-33.184211],[151.054049,-33.182635],[151.055103,-33.181453],[151.056453,-33.181146],[151.056614,-33.181239],[151.058971,-33.181239],[151.059863,-33.179157],[151.06373,-33.179157],[151.066109,-33.178562],[151.066109,-33.177372],[151.066575,-33.173643],[151.066925,-33.173555],[151.067668,-33.173043],[151.06782,-33.172264],[151.067619,-33.171611],[151.067281,-33.171459],[151.067387,-33.171246],[151.066805,-33.170964],[151.066271,-33.170479],[151.068488,-33.168829],[151.068488,-33.167557],[151.067376,-33.167279],[151.06633,-33.167352],[151.06549,-33.16725],[151.064857,-33.166826],[151.064757,-33.166141],[151.065004,-33.165588],[151.067444,-33.163042],[151.068349,-33.162712],[151.068223,-33.1622],[151.068895,-33.161618],[151.071435,-33.161257],[151.073545,-33.160121],[151.076222,-33.157444],[151.080386,-33.154172],[151.080602,-33.150929],[151.080283,-33.14988],[151.079795,-33.149293],[151.079118,-33.14867],[151.079432,-33.148087],[151.080528,-33.148194],[151.082115,-33.148089],[151.083312,-33.14779],[151.084188,-33.146998],[151.084853,-33.145528],[151.085481,-33.145479],[151.086764,-33.145953],[151.088877,-33.145195],[151.090079,-33.143937],[151.092943,-33.14357],[151.093407,-33.143655],[151.094657,-33.144186],[151.095286,-33.144966],[151.095852,-33.145249],[151.096386,-33.144775],[151.097182,-33.143142],[151.099418,-33.141017],[151.100929,-33.137367],[151.100937,-33.13668],[151.101123,-33.135928],[151.101716,-33.134761],[151.102864,-33.133792],[151.104379,-33.13192],[151.105193,-33.130761],[151.105832,-33.130209],[151.10699,-33.129827],[151.107546,-33.127858],[151.109073,-33.12699],[151.109795,-33.126766],[151.110323,-33.126763],[151.110933,-33.127044],[151.111639,-33.126961],[151.111884,-33.126668],[151.112229,-33.126441],[151.114447,-33.125286],[151.115125,-33.125055],[151.116893,-33.124925],[151.117132,-33.124708],[151.118215,-33.123136],[151.118494,-33.122974],[151.11864,-33.1227],[151.119029,-33.122367],[151.120579,-33.120361],[151.121813,-33.119923],[151.122202,-33.119557],[151.122671,-33.119424],[151.123043,-33.119184],[151.123284,-33.118878],[151.123471,-33.118363],[151.123664,-33.117276],[151.123869,-33.116803],[151.125076,-33.115915],[151.12515,-33.115701],[151.131825,-33.112226],[151.131729,-33.112207],[151.135546,-33.109876],[151.13543,-33.109629],[151.135502,-33.109619],[151.135271,-33.109245],[151.135174,-33.10889],[151.135299,-33.107281],[151.134732,-33.106006],[151.134657,-33.104899],[151.134547,-33.104574],[151.132085,-33.101633],[151.131706,-33.101389],[151.130817,-33.101063],[151.13059,-33.100859],[151.13041,-33.100177],[151.130239,-33.098569],[151.12958,-33.097547],[151.129597,-33.097209],[151.130052,-33.095462],[151.130043,-33.095116],[151.129048,-33.093066],[151.128728,-33.093012],[151.127937,-33.091701],[151.127155,-33.091483],[151.125705,-33.092112],[151.12501,-33.092695],[151.122704,-33.092218],[151.120902,-33.09123],[151.118779,-33.091377],[151.117127,-33.090504],[151.114534,-33.091172],[151.113528,-33.090483],[151.113136,-33.089377],[151.112348,-33.088156],[151.11052,-33.08718],[151.109066,-33.086038],[151.108835,-33.085522],[151.108511,-33.084393],[151.108457,-33.083946],[151.107982,-33.083505],[151.107004,-33.082066],[151.106442,-33.080942],[151.104765,-33.078729],[151.104441,-33.077502],[151.103972,-33.076969],[151.103129,-33.076847],[151.102456,-33.076864],[151.101594,-33.077676],[151.098342,-33.078279],[151.09739,-33.077976],[151.095367,-33.076977],[151.093962,-33.076639],[151.092994,-33.076651],[151.091778,-33.077269],[151.089862,-33.078023],[151.088773,-33.078342],[151.087997,-33.07837],[151.087453,-33.078151],[151.087005,-33.077864],[151.086068,-33.076786],[151.085314,-33.076241],[151.084893,-33.075788],[151.083942,-33.075248],[151.082873,-33.075751],[151.081403,-33.075989],[151.080627,-33.076286],[151.077912,-33.076529],[151.075885,-33.077305],[151.074437,-33.076816],[151.073178,-33.076757],[151.0716,-33.077001],[151.071054,-33.077522],[151.07036,-33.077521],[151.070208,-33.078798],[151.069928,-33.079428],[151.069628,-33.079759],[151.067233,-33.079882],[151.06662,-33.079984],[151.065912,-33.080396],[151.065387,-33.08091],[151.064135,-33.081224],[151.063019,-33.081342],[151.061381,-33.080618],[151.060185,-33.079751],[151.059696,-33.079682],[151.058797,-33.080127],[151.057864,-33.080338],[151.057042,-33.080176],[151.055619,-33.080403],[151.053722,-33.079999],[151.052961,-33.079963],[151.05227,-33.079615],[151.052018,-33.080147],[151.052314,-33.080313],[151.052169,-33.081099],[151.050654,-33.082292],[151.05054,-33.083614],[151.049534,-33.084887],[151.048376,-33.086012],[151.047811,-33.087388],[151.047132,-33.088213],[151.047076,-33.088392],[151.046552,-33.088992],[151.045609,-33.089335],[151.044662,-33.089893],[151.044048,-33.090742],[151.043278,-33.090945],[151.042747,-33.092081],[151.042345,-33.092114],[151.042472,-33.092793],[151.042712,-33.093477],[151.042696,-33.094193],[151.040739,-33.09613],[151.040344,-33.096697],[151.040028,-33.097515],[151.040143,-33.09809],[151.040126,-33.098841],[151.039852,-33.099696],[151.040117,-33.101167],[151.040019,-33.101774],[151.039756,-33.102128],[151.039063,-33.10269],[151.038308,-33.104109],[151.038156,-33.105216],[151.038609,-33.105868],[151.039481,-33.106848],[151.039673,-33.107746],[151.039446,-33.108422],[151.039139,-33.108811],[151.03906,-33.110492],[151.038963,-33.111027],[151.037899,-33.112943],[151.037845,-33.113479],[151.037612,-33.114406],[151.03725,-33.115367],[151.037407,-33.115978],[151.037861,-33.116593],[151.037708,-33.1177],[151.037286,-33.119483],[151.037621,-33.119703],[151.037914,-33.119565],[151.03878,-33.12038],[151.038697,-33.121066],[151.038476,-33.121807],[151.038938,-33.122444],[151.039378,-33.124112],[151.039014,-33.12399],[151.038967,-33.12422],[151.038051,-33.124062],[151.037737,-33.124202],[151.036461,-33.124182],[151.035861,-33.124387],[151.035092,-33.124518],[151.034831,-33.124801],[151.034805,-33.125946],[151.034898,-33.126568],[151.035399,-33.126998],[151.035008,-33.127357],[151.034156,-33.127437],[151.033317,-33.127855],[151.032532,-33.128701],[151.032558,-33.127556],[151.032063,-33.126833],[151.031991,-33.126259],[151.031251,-33.125102],[151.030837,-33.124594],[151.030067,-33.124797],[151.029035,-33.125282],[151.027903,-33.125147],[151.026916,-33.125197],[151.025929,-33.125433],[151.024659,-33.125162],[151.022669,-33.12397],[151.020804,-33.122523],[151.019531,-33.122009],[151.018797,-33.121919],[151.01725,-33.12208],[151.016189,-33.122361],[151.016191,-33.122921],[151.015844,-33.122932],[151.015836,-33.122449],[151.013568,-33.122751],[151.012863,-33.123072],[151.012339,-33.124426],[151.010402,-33.124214],[151.007193,-33.124469],[151.005637,-33.125092],[151.003949,-33.125929],[151.003239,-33.12608],[151.002349,-33.12521],[151.000727,-33.125505],[150.999879,-33.125009],[150.99932,-33.124459],[150.998316,-33.124563],[150.99773,-33.125155],[150.997778,-33.126179],[150.996541,-33.127123],[150.996047,-33.126814],[150.996289,-33.125614],[150.995366,-33.125298],[150.994174,-33.124256],[150.99318,-33.123939],[150.991931,-33.125363],[150.990845,-33.125947],[150.989013,-33.124714],[150.987857,-33.125237],[150.98778,-33.125205],[150.986862,-33.126195],[150.985987,-33.127964],[150.98515,-33.128058],[150.984215,-33.127536],[150.984221,-33.127631],[150.983755,-33.12744],[150.980499,-33.126649],[150.979246,-33.126978],[150.975342,-33.129014],[150.973511,-33.129748],[150.971016,-33.129707],[150.969433,-33.12949],[150.966921,-33.130213],[150.964448,-33.129218],[150.963572,-33.127868],[150.962741,-33.127619],[150.961617,-33.127416],[150.95967,-33.128243],[150.957443,-33.126441],[150.954892,-33.126399],[150.954258,-33.126818],[150.952639,-33.125741],[150.951285,-33.125433],[150.950843,-33.124901],[150.949528,-33.122923],[150.945625,-33.122524],[150.944868,-33.123371],[150.942256,-33.123518],[150.941126,-33.123309],[150.939971,-33.121763],[150.938965,-33.121126],[150.938232,-33.12097],[150.936417,-33.120988],[150.935462,-33.120591],[150.934574,-33.119765],[150.93367,-33.119606],[150.933538,-33.117982],[150.933082,-33.116653],[150.932405,-33.115529],[150.931576,-33.114609],[150.930923,-33.113453],[150.928091,-33.11331],[150.927535,-33.112824],[150.926183,-33.112467],[150.924105,-33.111621],[150.92279,-33.112077],[150.921873,-33.112491],[150.920217,-33.112988],[150.918408,-33.112719],[150.918112,-33.112596],[150.916378,-33.112256],[150.914358,-33.113749],[150.910927,-33.11498],[150.905622,-33.116275],[150.900395,-33.121484],[150.900194,-33.121365],[150.899938,-33.121619],[150.886144,-33.119811],[150.884452,-33.119448],[150.883213,-33.119093],[150.881702,-33.118256],[150.88041,-33.117757],[150.879445,-33.117788],[150.877868,-33.117332],[150.876472,-33.116449],[150.875179,-33.11595],[150.87406,-33.115358],[150.872824,-33.11486],[150.872839,-33.11424],[150.87231,-33.112656],[150.871888,-33.109022],[150.871226,-33.108248],[150.870669,-33.107809],[150.870125,-33.106893],[150.870429,-33.106039],[150.871296,-33.105338],[150.871766,-33.104678],[150.871324,-33.104193],[150.869399,-33.103462],[150.867946,-33.103101],[150.86558,-33.102347],[150.865186,-33.101091],[150.865324,-33.099756],[150.864805,-33.099301],[150.861706,-33.098177],[150.860512,-33.097176],[150.859551,-33.095286],[150.858564,-33.094466],[150.854858,-33.094358],[150.85369,-33.094427],[150.853421,-33.094601],[150.852902,-33.096331],[150.852133,-33.097477],[150.851266,-33.098265],[150.849499,-33.098993],[150.84812,-33.099058],[150.847011,-33.098905],[150.846609,-33.098006],[150.846905,-33.096718],[150.847468,-33.09539],[150.847703,-33.094413],[150.847614,-33.093742],[150.84763,-33.093074],[150.848287,-33.092193],[150.849785,-33.091594],[150.850864,-33.09081],[150.851471,-33.089839],[150.851273,-33.089256],[150.850752,-33.08889],[150.849967,-33.088476],[150.848918,-33.088056],[150.848506,-33.087558],[150.848361,-33.086976],[150.849503,-33.085792],[150.851112,-33.084972],[150.852621,-33.083928],[150.85269,-33.08326],[150.851703,-33.082485],[150.850551,-33.081929],[150.849356,-33.080928],[150.848585,-33.079978],[150.848785,-33.078286],[150.849389,-33.077696],[150.849429,-33.077555],[150.849178,-33.075653],[150.848602,-33.074856],[150.848994,-33.074505],[150.851038,-33.073757],[150.851915,-33.072978],[150.854163,-33.07177],[150.855561,-33.070825],[150.85582,-33.070285],[150.855802,-33.06972],[150.855204,-33.069267],[150.853803,-33.068584],[150.853845,-33.068439],[150.852406,-33.067425],[150.851726,-33.066821],[150.851386,-33.065933],[150.851424,-33.065102],[150.851859,-33.064176],[150.852576,-33.063534],[150.853143,-33.063269],[150.854749,-33.063402],[150.855636,-33.063855],[150.856146,-33.064006],[150.857393,-33.063931],[150.857941,-33.063458],[150.858097,-33.063426],[150.857831,-33.063061],[150.858788,-33.061703],[150.859034,-33.060932],[150.85865,-33.06018],[150.858225,-33.060386],[150.857011,-33.060187],[150.855742,-33.06012],[150.853632,-33.059772],[150.853222,-33.059185],[150.853397,-33.058519],[150.854051,-33.057772],[150.85428,-33.057062],[150.854371,-33.055503],[150.853468,-33.053436],[150.852325,-33.052524],[150.851006,-33.052323],[150.849092,-33.052602],[150.847557,-33.052576],[150.847144,-33.052123],[150.847949,-33.051691],[150.849887,-33.050431],[150.851991,-33.048817],[150.853738,-33.048847],[150.855365,-33.049455],[150.856253,-33.04996],[150.857156,-33.049842],[150.856796,-33.04939],[150.856397,-33.048402],[150.855002,-33.046951],[150.854062,-33.046399],[150.852843,-33.046468],[150.849561,-33.046411],[150.849202,-33.045914],[150.849497,-33.04467],[150.849999,-33.043609],[150.850607,-33.042593],[150.850729,-33.041927],[150.851424,-33.041626],[150.851889,-33.042125],[150.852297,-33.042756],[150.852976,-33.043169],[150.853561,-33.043046],[150.85695,-33.043059],[150.857701,-33.042671],[150.857926,-33.042095],[150.857894,-33.041247],[150.857604,-33.040082],[150.857313,-33.039907],[150.856858,-33.038997],[150.856139,-33.038657],[150.855271,-33.038531],[150.853358,-33.037864],[150.852878,-33.037267],[150.85287,-33.03656],[150.853284,-33.035648],[150.855162,-33.033965],[150.855531,-33.033074],[150.855416,-33.032524],[150.855033,-33.032058],[150.853086,-33.031143],[150.852495,-33.030588],[150.851681,-33.030135],[150.850933,-33.030159],[150.850494,-33.030497],[150.850263,-33.03146],[150.850139,-33.032764],[150.849729,-33.033255],[150.848484,-33.034364],[150.846648,-33.035453],[150.846076,-33.035337],[150.845827,-33.035034],[150.844022,-33.033622],[150.843146,-33.03311],[150.84202,-33.033384],[150.841434,-33.033822],[150.840594,-33.034147],[150.839293,-33.034487],[150.838512,-33.034512],[150.837964,-33.034199],[150.837438,-33.033556],[150.836936,-33.032643],[150.836255,-33.031705],[150.835899,-33.030877],[150.835334,-33.030175],[150.835049,-33.030154],[150.834499,-33.030591],[150.833102,-33.032012],[150.832495,-33.03278],[150.831764,-33.033132],[150.830626,-33.033138],[150.83016,-33.033062],[150.829786,-33.032654],[150.829663,-33.032145],[150.829896,-33.031093],[150.829898,-33.030313],[150.830007,-33.029561],[150.829675,-33.029272],[150.827185,-33.02845],[150.826978,-33.027797],[150.827004,-33.025938],[150.826518,-33.025384],[150.825281,-33.024763],[150.823632,-33.024454],[150.82212,-33.024051],[150.820712,-33.023556],[150.81961,-33.023589],[150.818285,-33.023361],[150.818534,-33.022544],[150.819129,-33.021507],[150.819063,-33.02082],[150.818079,-33.019442],[150.817571,-33.018409],[150.817796,-33.018118],[150.820784,-33.017189],[150.820794,-33.016788],[150.820447,-33.015801],[150.819735,-33.014629],[150.819263,-33.014442],[150.818347,-33.015095],[150.816095,-33.01626],[150.814406,-33.016052],[150.812772,-33.013615],[150.812493,-33.012049],[150.812585,-33.011783],[150.812114,-33.01137],[150.811088,-33.011228],[150.809396,-33.01126],[150.808587,-33.010659],[150.807283,-33.010493],[150.80609,-33.008658],[150.806563,-33.006943],[150.806577,-33.006381],[150.806364,-33.006003],[150.806183,-33.005377],[150.805336,-33.004069],[150.804998,-33.004022],[150.802196,-33.001252],[150.800803,-32.999564],[150.804042,-32.999168],[150.807961,-33.000295],[150.810079,-33.001693],[150.809832,-33.002224],[150.809949,-33.002209],[150.810212,-33.002043],[150.81058,-33.001591],[150.810994,-33.000697],[150.810258,-33.000547],[150.809116,-33.000033],[150.808716,-32.999747],[150.808202,-32.99969],[150.807631,-32.998548],[150.808072,-32.998344],[150.807974,-32.998034],[150.808716,-32.997977],[150.81043,-32.998148],[150.809841,-32.996892],[150.808182,-32.996613],[150.806261,-32.997063],[150.803748,-32.996949],[150.802606,-32.997862],[150.801521,-32.998148],[150.80055,-32.998091],[150.799979,-32.997862],[150.799465,-32.997234],[150.799008,-32.996835],[150.798437,-32.996835],[150.797352,-32.996492],[150.796667,-32.996149],[150.796781,-32.995407],[150.797523,-32.994836],[150.798437,-32.994322],[150.79957,-32.993869],[150.799384,-32.993565],[150.799627,-32.993443],[150.799579,-32.992996],[150.801538,-32.990406],[150.80153,-32.990312],[150.780202,-32.987281],[150.779821,-32.987933],[150.778702,-32.988181],[150.778235,-32.98777],[150.778686,-32.987208],[150.778288,-32.987235],[150.777519,-32.987757],[150.776474,-32.988175],[150.776537,-32.988846],[150.776332,-32.988687],[150.776014,-32.989105],[150.775754,-32.990262],[150.77723,-32.990023],[150.778583,-32.990262],[150.77847,-32.991405],[150.777431,-32.992174],[150.776518,-32.992213],[150.774982,-32.994133],[150.775467,-32.995028],[150.777022,-32.994888],[150.778034,-32.994202],[150.779279,-32.993688],[150.78014,-32.992698],[150.781583,-32.992254],[150.783123,-32.992688],[150.783655,-32.992588],[150.783975,-32.992004],[150.78483,-32.991805],[150.785094,-32.992524],[150.788099,-32.991609],[150.788741,-32.99268],[150.787885,-32.993822],[150.7866,-32.994679],[150.785315,-32.99575],[150.784712,-32.995881],[150.7841,-32.997232],[150.783401,-32.998006],[150.782681,-32.998264],[150.783184,-32.998216],[150.78481,-32.998379],[150.785376,-32.99802],[150.786977,-32.997646],[150.788581,-32.997105],[150.790041,-32.9976],[150.791068,-32.997853],[150.791343,-32.998025],[150.791686,-32.998601],[150.791945,-32.999376],[150.791212,-33.000067],[150.790141,-32.999948],[150.789074,-32.999661],[150.787692,-33.000843],[150.787012,-33.000999],[150.785353,-33.000533],[150.785094,-33.001367],[150.785505,-33.002413],[150.787271,-33.003383],[150.763717,-33.000421],[150.761811,-33.010557],[150.761597,-33.010507],[150.761296,-33.010774],[150.76121,-33.010734],[150.759593,-33.011681],[150.756338,-33.01268],[150.75345,-33.013384],[150.752561,-33.013066],[150.752263,-33.010642],[150.754883,-33.006334],[150.753255,-33.00624],[150.75182,-33.004782],[150.751736,-33.003635],[150.753945,-33.003572],[150.752458,-33.001754],[150.751953,-33.001934],[150.750648,-33.002178],[150.749501,-33.003103],[150.749332,-33.003341],[150.745888,-33.002944],[150.745762,-33.002478],[150.745747,-33.003331],[150.745588,-33.003311],[150.745601,-33.002806],[150.74393,-33.002002],[150.743162,-33.001034],[150.742389,-33.000535],[150.741996,-33.000534],[150.741992,-33.00072],[150.741695,-33.001239],[150.741231,-33.00166],[150.740819,-33.002273],[150.738531,-33.007624],[150.737891,-33.00828],[150.737206,-33.008506],[150.736355,-33.008539],[150.734549,-33.008315],[150.734079,-33.008974],[150.733618,-33.0093],[150.732425,-33.009422],[150.730395,-33.009098],[150.729561,-33.008463],[150.728524,-33.006965],[150.728201,-33.006291],[150.728276,-33.005576],[150.728072,-33.004714],[150.72764,-33.003895],[150.726143,-33.002627],[150.724561,-33.002503],[150.723605,-33.002247],[150.721854,-33.002071],[150.721065,-33.001914],[150.719426,-33.001788],[150.718683,-33.002061],[150.717832,-33.002093],[150.717268,-33.002035],[150.716826,-33.001598],[150.714675,-33.001558],[150.714181,-32.999726],[150.713204,-32.998866],[150.709673,-32.997516],[150.708183,-32.997212],[150.707167,-32.997098],[150.706057,-32.996219],[150.706209,-32.996195],[150.705701,-32.995015],[150.705212,-32.993295],[150.705162,-32.991088],[150.705403,-32.990012],[150.706202,-32.990116],[150.70602,-32.990969],[150.706254,-32.992233],[150.707357,-32.992974],[150.707797,-32.992487],[150.707391,-32.991669],[150.707244,-32.991126],[150.707695,-32.990234],[150.70784,-32.990087],[150.706506,-32.989195],[150.705358,-32.988945],[150.705125,-32.988586],[150.704513,-32.988481],[150.703352,-32.988734],[150.702739,-32.989051],[150.702021,-32.989178],[150.70143,-32.989114],[150.70066,-32.987786],[150.70064,-32.987965],[150.699818,-32.987339],[150.69704,-32.987059],[150.695023,-32.987117],[150.694363,-32.987238],[150.692746,-32.989327],[150.69227,-32.989318],[150.691466,-32.988883],[150.690674,-32.98801],[150.689754,-32.987687],[150.689284,-32.987202],[150.685745,-32.987474],[150.684126,-32.99178],[150.683689,-32.994899],[150.684244,-32.997989],[150.684526,-33.001326],[150.683468,-33.003149],[150.682263,-33.004857],[150.679774,-33.006365],[150.680606,-33.007042],[150.679247,-33.007336],[150.676045,-33.008746],[150.674714,-33.010816],[150.674383,-33.013096],[150.67252,-33.016018],[150.670197,-33.018118],[150.66931,-33.020653],[150.668915,-33.021382],[150.668873,-33.023772],[150.670732,-33.02754],[150.67203,-33.031445],[150.672154,-33.034428],[150.672917,-33.035719],[150.675067,-33.036253],[150.676767,-33.036202],[150.678214,-33.036876],[150.678857,-33.037965],[150.67846,-33.038767],[150.678595,-33.040626],[150.679668,-33.041019],[150.679317,-33.041685],[150.677053,-33.043814],[150.674335,-33.043912],[150.671017,-33.042674],[150.669243,-33.040954],[150.669015,-33.041572],[150.663588,-33.038586],[150.662314,-33.033892],[150.662326,-33.034665],[150.659085,-33.033251],[150.657323,-33.034292],[150.656888,-33.036013],[150.65717,-33.037391],[150.657498,-33.038381],[150.654174,-33.039541],[150.653539,-33.040812],[150.65382,-33.042219],[150.65634,-33.043744],[150.654619,-33.043229],[150.653019,-33.043199],[150.652886,-33.042738],[150.649979,-33.04152],[150.6491,-33.042607],[150.647983,-33.043331],[150.647137,-33.044538],[150.647009,-33.045121],[150.646029,-33.044935],[150.644423,-33.045411],[150.64287,-33.046545],[150.642252,-33.048472],[150.641796,-33.050968],[150.641198,-33.05215],[150.639968,-33.054005],[150.638907,-33.053316],[150.639188,-33.050805],[150.638867,-33.053315],[150.637534,-33.052538],[150.635293,-33.048917],[150.635166,-33.047036],[150.634332,-33.04691],[150.633497,-33.049303],[150.632276,-33.04881],[150.631139,-33.048171],[150.631016,-33.048523],[150.630122,-33.048021],[150.628251,-33.046168],[150.627596,-33.046527],[150.627359,-33.047041],[150.627224,-33.047016],[150.626932,-33.047345],[150.626208,-33.049001],[150.625714,-33.049445],[150.625311,-33.0497],[150.624457,-33.04985],[150.623666,-33.049764],[150.623675,-33.04943],[150.62437,-33.047797],[150.624324,-33.047414],[150.623969,-33.046907],[150.623583,-33.046541],[150.623286,-33.045987],[150.623326,-33.045534],[150.623424,-33.045059],[150.623667,-33.044467],[150.624452,-33.043695],[150.624641,-33.043413],[150.624795,-33.043466],[150.62488,-33.042819],[150.624559,-33.041305],[150.62358,-33.039759],[150.623098,-33.039158],[150.622761,-33.038198],[150.625133,-33.038491],[150.625994,-33.038469],[150.626181,-33.03839],[150.626343,-33.038831],[150.627836,-33.038621],[150.628082,-33.037373],[150.627979,-33.03594],[150.626085,-33.033975],[150.625794,-33.033968],[150.624208,-33.032387],[150.62455,-33.031247],[150.62689,-33.031878],[150.629849,-33.031068],[150.630438,-33.031018],[150.630859,-33.028985],[150.633841,-33.02731],[150.636708,-33.024396],[150.638614,-33.021772],[150.640238,-33.021432],[150.637914,-33.017739],[150.636918,-33.016545],[150.632344,-33.017386],[150.626956,-33.015738],[150.622148,-33.011626],[150.618709,-33.005747],[150.617606,-33.003129],[150.618292,-33.002152],[150.619376,-33.00007],[150.616228,-32.999763],[150.614494,-32.99874],[150.613674,-32.999219],[150.610016,-32.998778],[150.607506,-32.999348],[150.606462,-32.999947],[150.603218,-33.000503],[150.60223,-33.001721],[150.60015,-33.00267],[150.600328,-33.001499],[150.60131,-33.000466],[150.601274,-32.999105],[150.599984,-32.997967],[150.599362,-32.996533],[150.598517,-32.995218],[150.598232,-32.994903],[150.596198,-32.994122],[150.595461,-32.994231],[150.592202,-32.995343],[150.590985,-32.996928],[150.590551,-32.996672],[150.590452,-32.998651],[150.584066,-32.999286],[150.578759,-33.00184],[150.575873,-33.001344],[150.575026,-32.999978],[150.574737,-32.997515],[150.575095,-32.995825],[150.577539,-32.992874],[150.578224,-32.991793],[150.579149,-32.991206],[150.579965,-32.989325],[150.580977,-32.988021],[150.582735,-32.987375],[150.584867,-32.98552],[150.585414,-32.985173],[150.585595,-32.985283],[150.58547,-32.985137],[150.585688,-32.984999],[150.584985,-32.984305],[150.583899,-32.984216],[150.58263,-32.983472],[150.58384,-32.984212],[150.582717,-32.984941],[150.582022,-32.9855],[150.581574,-32.986351],[150.580331,-32.986792],[150.577906,-32.986959],[150.577451,-32.987567],[150.574416,-32.988403],[150.572059,-32.989902],[150.571816,-32.988719],[150.570159,-32.986486],[150.570127,-32.986625],[150.569785,-32.986171],[150.569623,-32.98549],[150.56942,-32.985532],[150.567997,-32.983616],[150.567086,-32.982167],[150.566983,-32.980962],[150.566846,-32.980931],[150.566987,-32.980953],[150.567216,-32.980484],[150.567873,-32.979691],[150.569182,-32.979126],[150.570957,-32.977993],[150.571664,-32.9778],[150.572622,-32.976732],[150.572037,-32.976727],[150.572321,-32.976411],[150.57319,-32.973132],[150.574432,-32.97225],[150.575013,-32.971188],[150.575144,-32.969872],[150.575691,-32.969949],[150.576193,-32.968985],[150.576503,-32.96756],[150.576544,-32.966072],[150.57604,-32.96463],[150.576415,-32.963321],[150.577474,-32.961853],[150.578124,-32.960434],[150.579114,-32.959021],[150.579432,-32.95809],[150.580322,-32.956277],[150.581133,-32.955705],[150.5823,-32.955504],[150.584009,-32.954866],[150.586626,-32.955028],[150.58776,-32.954771],[150.588881,-32.953813],[150.589124,-32.953426],[150.588902,-32.951828],[150.589602,-32.949268],[150.588809,-32.946708],[150.58892,-32.946263],[150.589708,-32.945355],[150.589788,-32.944853],[150.589671,-32.944291],[150.589316,-32.943921],[150.588825,-32.94366],[150.587797,-32.943335],[150.587271,-32.942833],[150.586859,-32.940913],[150.588917,-32.941426],[150.593399,-32.940149],[150.595382,-32.938753],[150.598841,-32.940182],[150.598981,-32.939565],[150.600351,-32.940463],[150.605979,-32.940354],[150.6075,-32.939545],[150.607983,-32.938712],[150.608978,-32.938126],[150.611415,-32.937918],[150.614525,-32.937374],[150.617024,-32.939414],[150.618815,-32.941625],[150.619823,-32.941419],[150.62228,-32.942366],[150.623857,-32.942129],[150.62427,-32.941161],[150.625839,-32.940733],[150.628736,-32.939501],[150.629131,-32.938694],[150.631569,-32.938128],[150.632574,-32.933995],[150.634167,-32.933798],[150.634097,-32.93208],[150.633501,-32.930178],[150.634576,-32.925754],[150.634734,-32.925562],[150.635148,-32.924594],[150.63502,-32.923924],[150.635174,-32.923291],[150.636724,-32.924357],[150.637567,-32.922803],[150.636809,-32.920913],[150.635366,-32.917752],[150.632734,-32.914661],[150.63251,-32.914596],[150.633738,-32.913424],[150.632045,-32.911029],[150.632209,-32.910755],[150.63492,-32.912045],[150.635638,-32.907992],[150.635199,-32.907414],[150.635789,-32.907181],[150.637505,-32.904836],[150.639713,-32.903433],[150.639384,-32.900958],[150.638543,-32.900236],[150.639238,-32.899224],[150.637667,-32.896512],[150.638342,-32.895989],[150.634007,-32.890192],[150.630868,-32.88477],[150.631004,-32.884574],[150.631815,-32.882256],[150.630606,-32.879377],[150.630627,-32.879203],[150.630486,-32.879092],[150.630308,-32.878669],[150.629941,-32.878663],[150.626756,-32.876156],[150.626804,-32.876095],[150.626451,-32.873975],[150.626629,-32.873952],[150.627774,-32.868757],[150.63088,-32.865799],[150.631012,-32.865275],[150.632612,-32.866608],[150.643763,-32.865133],[150.645064,-32.861409],[150.647705,-32.861145],[150.647563,-32.857708],[150.647936,-32.855785],[150.646695,-32.853146],[150.645834,-32.852469],[150.647206,-32.849835],[150.645656,-32.849307],[150.642275,-32.849694],[150.637928,-32.847241],[150.637821,-32.846574],[150.637879,-32.846537],[150.637778,-32.846308],[150.637478,-32.846502],[150.637063,-32.845821],[150.637757,-32.846173],[150.637699,-32.845814],[150.636848,-32.845467],[150.63647,-32.844847],[150.635524,-32.844928],[150.634417,-32.844477],[150.635337,-32.844944],[150.633932,-32.845065],[150.634136,-32.846763],[150.632606,-32.846488],[150.632201,-32.847647],[150.625205,-32.848234],[150.627264,-32.851703],[150.619574,-32.855234],[150.623016,-32.864595],[150.626637,-32.864756],[150.625257,-32.86539],[150.624479,-32.867133],[150.624468,-32.867652],[150.620789,-32.868766],[150.619664,-32.867703],[150.616715,-32.867598],[150.614075,-32.869985],[150.611046,-32.869927],[150.602659,-32.864973],[150.601317,-32.872617],[150.59271,-32.875807],[150.58845,-32.886271],[150.588246,-32.88639],[150.57761,-32.88457],[150.577422,-32.892689],[150.571709,-32.896013],[150.577319,-32.897179],[150.577276,-32.89903],[150.569726,-32.902021],[150.566271,-32.900385],[150.563937,-32.895911],[150.561081,-32.896296],[150.556004,-32.897787],[150.555932,-32.897655],[150.555777,-32.897854],[150.550795,-32.899316],[150.551952,-32.902755],[150.547229,-32.908805],[150.548416,-32.911499],[150.546779,-32.912863],[150.547396,-32.91373],[150.545415,-32.913954],[150.543768,-32.917635],[150.539489,-32.918363],[150.539742,-32.920172],[150.534852,-32.919101],[150.52762,-32.917793],[150.522673,-32.919751],[150.520406,-32.92392],[150.519412,-32.922604],[150.517107,-32.92252],[150.516905,-32.925089],[150.513649,-32.924212],[150.512538,-32.923557],[150.51298,-32.924031],[150.512338,-32.923439],[150.51172,-32.923646],[150.511567,-32.923549],[150.511514,-32.923714],[150.509892,-32.924255],[150.506437,-32.921964],[150.50652,-32.922956],[150.50435,-32.922116],[150.503163,-32.923806],[150.49788,-32.923254],[150.495493,-32.920216],[150.489521,-32.919729],[150.489289,-32.919608],[150.489218,-32.91525],[150.489247,-32.919586],[150.486198,-32.917993],[150.481104,-32.918136],[150.4811,-32.919183],[150.480792,-32.919175],[150.478031,-32.923266],[150.480944,-32.925244],[150.48074,-32.92523],[150.480039,-32.926394],[150.475004,-32.92791],[150.474668,-32.929724],[150.474132,-32.93024],[150.469048,-32.931433],[150.46692,-32.930055],[150.456558,-32.929509],[150.455879,-32.928591],[150.455973,-32.927305],[150.45487,-32.925186],[150.45339,-32.925227],[150.453267,-32.925061],[150.452375,-32.924749],[150.452692,-32.921663],[150.451011,-32.92214],[150.449511,-32.922898],[150.449057,-32.924835],[150.447066,-32.926505],[150.44756,-32.92487],[150.44336,-32.921399],[150.442654,-32.916066],[150.442751,-32.912684],[150.438007,-32.908235],[150.437552,-32.904116],[150.437622,-32.901699],[150.442053,-32.898649],[150.443642,-32.898739],[150.446953,-32.896497],[150.449253,-32.897388],[150.454062,-32.897254],[150.454271,-32.891452],[150.45485,-32.884798],[150.455565,-32.884096],[150.456938,-32.879114],[150.454596,-32.873484],[150.449047,-32.871796],[150.448734,-32.869392],[150.445821,-32.863034],[150.440364,-32.861097],[150.439342,-32.860612],[150.437916,-32.859258],[150.437769,-32.859296],[150.44291,-32.854966],[150.44168,-32.854463],[150.442682,-32.853558],[150.438387,-32.847944],[150.434882,-32.846109],[150.433451,-32.838122],[150.434024,-32.837321],[150.433994,-32.836751],[150.433188,-32.836655],[150.432701,-32.833938],[150.43282,-32.833838],[150.432773,-32.833805],[150.435695,-32.833067],[150.441548,-32.830754],[150.438696,-32.822948],[150.447162,-32.822354],[150.451076,-32.824754],[150.456658,-32.82639],[150.45964,-32.826665],[150.463257,-32.832298],[150.468261,-32.830007],[150.47147,-32.825258],[150.479837,-32.832908],[150.485844,-32.834531],[150.487427,-32.831619],[150.48802,-32.825151],[150.483328,-32.824567],[150.485264,-32.819853],[150.489928,-32.819721],[150.493644,-32.817108],[150.501219,-32.81546],[150.509755,-32.816652],[150.512808,-32.818715],[150.516652,-32.819323],[150.520296,-32.814918],[150.515871,-32.810385],[150.514129,-32.798608],[150.517629,-32.790623],[150.526235,-32.793604],[150.530444,-32.792767],[150.533426,-32.79304],[150.534446,-32.797312],[150.539984,-32.79787],[150.54219,-32.799957],[150.544367,-32.801328],[150.54637,-32.801939],[150.547143,-32.803093],[150.549669,-32.804351],[150.550941,-32.806516],[150.55518,-32.806394],[150.555745,-32.806176],[150.559157,-32.806817],[150.562305,-32.80595],[150.562266,-32.805835],[150.562655,-32.805395],[150.562163,-32.803736],[150.56018,-32.803674],[150.559528,-32.801542],[150.560367,-32.800725],[150.568879,-32.798831],[150.573541,-32.798697],[150.575251,-32.799006],[150.576857,-32.800452],[150.575805,-32.800483],[150.576326,-32.801125],[150.577462,-32.801211],[150.577629,-32.801864],[150.576691,-32.803145],[150.576852,-32.803173],[150.576887,-32.804028],[150.577354,-32.80509],[150.577912,-32.80553],[150.57786,-32.805799],[150.579339,-32.805637],[150.579377,-32.806592],[150.578819,-32.806787],[150.579408,-32.8091],[150.579796,-32.809925],[150.579666,-32.810227],[150.579123,-32.81078],[150.578628,-32.810795],[150.578411,-32.812414],[150.5794,-32.812385],[150.580921,-32.811505],[150.580807,-32.810433],[150.58193,-32.810221],[150.582329,-32.809612],[150.583556,-32.809188],[150.584379,-32.809361],[150.584605,-32.809905],[150.58373,-32.811005],[150.584015,-32.811057],[150.58698,-32.810911],[150.58792,-32.811422],[150.588926,-32.81181],[150.589601,-32.812747],[150.589915,-32.813514],[150.590439,-32.814216],[150.59078,-32.814188],[150.590739,-32.814625],[150.59185,-32.814115],[150.593158,-32.814973],[150.595753,-32.816152],[150.596498,-32.817086],[150.595387,-32.817596],[150.594045,-32.817635],[150.593484,-32.817771],[150.59306,-32.817783],[150.592295,-32.818104],[150.592378,-32.8184],[150.594305,-32.818822],[150.596142,-32.818769],[150.59654,-32.8181],[150.597295,-32.817541],[150.597997,-32.817401],[150.598647,-32.81774],[150.599524,-32.818432],[150.599856,-32.817884],[150.603513,-32.81736],[150.604292,-32.817397],[150.605011,-32.819407],[150.604902,-32.820186],[150.605479,-32.820468],[150.606532,-32.820258],[150.60668,-32.820433],[150.606473,-32.8211],[150.605781,-32.82267],[150.605557,-32.82411],[150.607015,-32.825143],[150.608445,-32.825519],[150.609145,-32.828784],[150.609471,-32.82985],[150.610763,-32.83029],[150.611481,-32.828835],[150.61075,-32.828259],[150.611625,-32.827158],[150.613582,-32.826564],[150.61497,-32.825926],[150.615141,-32.824905],[150.616817,-32.824378],[150.617438,-32.824002],[150.619272,-32.824536],[150.621175,-32.826442],[150.623101,-32.830269],[150.624584,-32.830147],[150.624611,-32.829588],[150.623756,-32.8291],[150.623756,-32.828243],[150.624223,-32.827987],[150.624089,-32.827903],[150.624918,-32.827167],[150.62469,-32.826891],[150.625689,-32.826324],[150.625879,-32.825692],[150.62591,-32.82452],[150.625818,-32.823813],[150.626474,-32.821528],[150.628031,-32.818793],[150.628421,-32.817962],[150.628218,-32.817915],[150.628368,-32.817557],[150.622775,-32.816951],[150.621764,-32.815873],[150.620753,-32.814391],[150.620486,-32.812236],[150.620082,-32.810012],[150.619338,-32.80779],[150.620082,-32.806577],[150.619273,-32.806645],[150.617927,-32.80651],[150.616038,-32.80577],[150.613074,-32.803748],[150.611121,-32.803412],[150.61011,-32.803613],[150.609168,-32.802873],[150.608157,-32.802266],[150.607955,-32.801862],[150.605735,-32.802468],[150.605495,-32.802468],[150.603162,-32.801716],[150.600951,-32.799573],[150.599334,-32.797282],[150.598258,-32.796676],[150.596103,-32.796138],[150.592532,-32.795867],[150.590984,-32.795329],[150.588828,-32.794318],[150.587546,-32.793241],[150.586135,-32.792905],[150.583976,-32.79223],[150.582832,-32.792096],[150.582294,-32.792432],[150.580676,-32.793174],[150.579463,-32.793174],[150.577445,-32.792836],[150.574348,-32.792836],[150.570235,-32.791759],[150.567611,-32.790277],[150.564983,-32.790008],[150.562961,-32.789468],[150.562156,-32.788526],[150.560001,-32.786841],[150.559192,-32.785764],[150.558383,-32.785495],[150.556766,-32.784686],[150.555957,-32.782531],[150.556026,-32.780644],[150.556228,-32.779096],[150.555755,-32.778153],[150.55535,-32.775929],[150.554477,-32.774718],[150.552928,-32.774245],[150.551242,-32.773438],[150.551108,-32.771552],[150.552657,-32.770408],[150.552726,-32.769128],[150.553195,-32.767848],[150.554275,-32.767242],[150.555148,-32.7665],[150.556899,-32.765826],[150.557304,-32.766366],[150.557304,-32.767444],[150.557979,-32.767848],[150.55899,-32.766568],[150.558448,-32.765422],[150.557708,-32.764277],[150.557506,-32.762527],[150.557841,-32.76138],[150.558181,-32.760976],[150.558921,-32.760976],[150.559129,-32.76025],[150.559549,-32.757894],[150.559393,-32.757988],[150.559367,-32.757419],[150.559486,-32.757321],[150.558186,-32.757341],[150.556669,-32.757689],[150.549329,-32.759951],[150.548913,-32.759202],[150.548828,-32.759222],[150.548464,-32.758393],[150.546713,-32.755241],[150.545386,-32.754045],[150.543711,-32.752896],[150.542406,-32.754076],[150.542031,-32.754087],[150.540789,-32.755069],[150.535243,-32.757962],[150.529436,-32.758128],[150.526889,-32.755125]],[[150.881586,-33.187457],[150.880845,-33.186763],[150.88051,-33.186734],[150.879942,-33.185943],[150.880408,-33.184925],[150.88141,-33.184802],[150.893344,-33.19082],[150.903311,-33.184148],[150.913129,-33.184555],[150.916758,-33.1856],[150.916981,-33.185808],[150.917168,-33.186173],[150.917271,-33.18608],[150.921395,-33.189937],[150.925199,-33.190422],[150.928361,-33.187555],[150.931262,-33.188789],[150.93817,-33.196455],[150.941914,-33.196386],[150.944349,-33.198501],[150.944157,-33.199644],[150.94572,-33.200956],[150.947437,-33.201879],[150.94787,-33.202023],[150.947891,-33.202094],[150.94874,-33.202315],[150.952622,-33.205685],[150.946519,-33.20715],[150.944242,-33.205258],[150.939694,-33.205541],[150.934528,-33.20796],[150.93376,-33.210453],[150.93569,-33.212871],[150.939529,-33.213745],[150.943937,-33.21576],[150.9406,-33.216504],[150.940159,-33.216129],[150.939873,-33.216381],[150.939943,-33.21614],[150.939814,-33.216005],[150.9389,-33.215422],[150.937388,-33.215472],[150.936807,-33.21624],[150.935798,-33.216943],[150.934712,-33.218063],[150.933748,-33.218786],[150.932679,-33.219185],[150.931142,-33.21933],[150.930559,-33.219188],[150.929409,-33.219168],[150.928007,-33.219354],[150.927469,-33.219212],[150.927659,-33.218798],[150.927863,-33.217797],[150.927629,-33.217224],[150.926708,-33.217039],[150.926315,-33.21652],[150.924083,-33.215554],[150.923586,-33.215565],[150.922653,-33.215928],[150.922539,-33.21605],[150.919954,-33.215064],[150.917528,-33.213037],[150.91679,-33.211448],[150.915079,-33.212343],[150.912148,-33.212085],[150.911913,-33.211189],[150.912438,-33.210303],[150.912158,-33.208806],[150.911858,-33.207812],[150.911092,-33.207898],[150.910829,-33.206799],[150.907304,-33.208172],[150.902962,-33.208028],[150.902427,-33.208215],[150.901846,-33.208239],[150.90134,-33.208039],[150.900751,-33.20803],[150.900204,-33.207868],[150.899323,-33.207872],[150.899192,-33.208224],[150.894793,-33.207596],[150.892719,-33.20698],[150.892298,-33.206133],[150.892435,-33.205376],[150.891796,-33.205181],[150.891262,-33.201923],[150.893109,-33.20134],[150.893577,-33.200358],[150.89295,-33.199997],[150.892448,-33.198965],[150.89227,-33.197818],[150.89207,-33.197143],[150.891631,-33.19687],[150.890278,-33.197128],[150.88913,-33.197825],[150.888116,-33.197287],[150.884573,-33.198609],[150.876867,-33.199456],[150.874236,-33.201052],[150.873442,-33.201429],[150.870958,-33.201287],[150.871521,-33.198489],[150.871934,-33.198495],[150.871521,-33.198488],[150.87155,-33.198344],[150.871483,-33.198343],[150.87135,-33.19737],[150.871446,-33.196894],[150.87096,-33.196823],[150.871004,-33.196607],[150.870947,-33.196606],[150.870202,-33.191597],[150.882739,-33.189837],[150.881391,-33.18796],[150.881586,-33.187457]],[[150.517945,-33.465388],[150.517985,-33.465285],[150.520351,-33.464863],[150.523201,-33.464729],[150.52704,-33.465856],[150.531196,-33.467847],[150.534771,-33.469338],[150.535648,-33.469355],[150.534772,-33.46934],[150.536487,-33.470075],[150.537723,-33.480532],[150.537312,-33.481044],[150.537727,-33.482484],[150.53541,-33.483869],[150.534288,-33.483274],[150.532903,-33.483915],[150.530749,-33.483585],[150.52918,-33.482695],[150.524771,-33.481558],[150.522585,-33.482373],[150.521229,-33.485972],[150.521405,-33.487788],[150.520126,-33.488717],[150.518297,-33.488967],[150.516898,-33.490084],[150.514725,-33.490422],[150.512528,-33.48761],[150.51027,-33.486897],[150.505935,-33.487191],[150.505425,-33.48909],[150.505307,-33.49319],[150.505008,-33.495665],[150.504737,-33.497187],[150.50291,-33.497341],[150.501552,-33.497027],[150.500541,-33.49653],[150.49884,-33.496304],[150.497742,-33.494851],[150.497892,-33.493613],[150.499405,-33.492499],[150.499138,-33.492213],[150.50012,-33.491368],[150.501243,-33.487956],[150.503493,-33.48607],[150.510894,-33.485001],[150.514171,-33.481918],[150.523587,-33.479148],[150.52385,-33.477913],[150.52582,-33.476712],[150.52317,-33.473796],[150.521569,-33.474051],[150.519467,-33.469027],[150.519223,-33.46902],[150.519467,-33.469025],[150.517945,-33.465388]],[[150.543889,-33.482034],[150.544173,-33.480035],[150.544639,-33.479663],[150.545446,-33.479381],[150.545466,-33.479884],[150.544981,-33.480071],[150.54499,-33.480544],[150.544674,-33.480886],[150.544631,-33.481077],[150.544717,-33.481614],[150.544486,-33.482513],[150.544252,-33.482811],[150.5448,-33.482478],[150.544654,-33.482726],[150.543539,-33.483355],[150.542018,-33.484533],[150.54326,-33.485274],[150.542841,-33.487257],[150.539836,-33.486984],[150.539572,-33.489261],[150.539806,-33.489841],[150.539465,-33.490086],[150.534974,-33.490055],[150.534127,-33.489142],[150.53229,-33.490245],[150.531968,-33.493187],[150.529042,-33.497873],[150.52283,-33.496561],[150.522853,-33.497738],[150.522783,-33.497816],[150.522855,-33.497831],[150.522858,-33.497992],[150.52272,-33.498125],[150.522359,-33.498102],[150.522611,-33.498231],[150.520354,-33.500413],[150.516688,-33.504348],[150.517652,-33.499329],[150.509523,-33.503975],[150.504655,-33.502159],[150.502925,-33.500521],[150.495329,-33.505635],[150.495395,-33.510446],[150.494207,-33.511338],[150.493203,-33.51063],[150.491059,-33.511503],[150.49067,-33.510751],[150.491172,-33.509959],[150.491042,-33.509728],[150.491135,-33.508871],[150.490525,-33.508687],[150.490416,-33.507711],[150.489247,-33.507974],[150.489181,-33.50551],[150.489124,-33.505519],[150.489263,-33.505069],[150.492817,-33.503721],[150.495046,-33.501476],[150.496265,-33.502646],[150.499702,-33.501952],[150.498202,-33.498677],[150.498023,-33.497925],[150.500573,-33.499393],[150.503302,-33.499543],[150.505915,-33.499787],[150.507078,-33.498951],[150.508061,-33.492482],[150.506622,-33.491022],[150.507143,-33.488743],[150.509999,-33.488418],[150.511115,-33.489204],[150.511649,-33.490455],[150.511833,-33.491986],[150.513161,-33.493348],[150.51577,-33.493687],[150.517744,-33.492391],[150.519505,-33.490518],[150.522232,-33.490763],[150.523869,-33.489269],[150.524308,-33.485842],[150.524701,-33.484037],[150.526646,-33.483694],[150.527982,-33.484771],[150.528397,-33.48621],[150.529579,-33.488715],[150.530145,-33.488822],[150.530947,-33.488647],[150.531313,-33.487795],[150.532855,-33.485631],[150.533676,-33.484789],[150.537085,-33.485048],[150.537819,-33.487257],[150.540583,-33.486167],[150.541309,-33.484654],[150.54187,-33.482566],[150.543889,-33.482034]],[[150.092961,-33.167723],[150.092853,-33.168137],[150.090364,-33.167841],[150.089853,-33.167661],[150.08996,-33.167614],[150.089426,-33.166927],[150.088684,-33.167217],[150.088355,-33.167044],[150.087847,-33.166357],[150.086934,-33.165589],[150.085795,-33.165278],[150.08503,-33.164145],[150.083742,-33.164335],[150.082553,-33.164003],[150.080524,-33.164347],[150.079708,-33.164073],[150.078636,-33.164145],[150.077964,-33.165466],[150.071115,-33.167303],[150.070874,-33.165806],[150.069973,-33.16342],[150.066399,-33.162591],[150.064759,-33.162459],[150.063002,-33.160955],[150.062954,-33.15958],[150.061535,-33.158527],[150.06119,-33.152393],[150.063842,-33.147013],[150.063555,-33.140809],[150.063269,-33.138725],[150.064756,-33.138277],[150.064446,-33.138535],[150.064902,-33.14026],[150.065626,-33.142127],[150.065788,-33.14301],[150.065011,-33.144655],[150.065192,-33.147311],[150.065622,-33.148298],[150.065966,-33.149361],[150.065788,-33.15306],[150.065619,-33.154505],[150.065828,-33.155461],[150.066467,-33.156147],[150.06792,-33.156259],[150.068505,-33.156651],[150.069641,-33.158988],[150.073052,-33.15979],[150.074583,-33.159605],[150.075666,-33.159171],[150.077718,-33.160081],[150.078441,-33.160655],[150.079898,-33.16084],[150.081372,-33.160286],[150.08277,-33.160067],[150.085503,-33.160331],[150.08535,-33.160963],[150.085585,-33.161401],[150.087887,-33.161898],[150.08901,-33.162609],[150.089668,-33.161336],[150.09076,-33.161161],[150.092169,-33.162494],[150.093767,-33.162971],[150.096059,-33.163173],[150.097571,-33.162433],[150.098607,-33.16067],[150.099012,-33.15965],[150.099501,-33.159017],[150.100482,-33.158634],[150.101765,-33.15877],[150.102466,-33.158576],[150.104096,-33.15873],[150.106774,-33.159294],[150.108383,-33.160458],[150.107798,-33.163167],[150.107159,-33.164387],[150.105681,-33.164997],[150.105616,-33.165414],[150.105222,-33.165525],[150.104232,-33.166612],[150.100764,-33.16663],[150.100682,-33.166754],[150.098369,-33.166441],[150.09415,-33.164712],[150.091834,-33.16477],[150.091799,-33.165688],[150.092961,-33.167723]],[[150.502329,-33.4541],[150.502408,-33.447503],[150.503754,-33.447009],[150.50578,-33.446531],[150.508521,-33.447248],[150.510038,-33.44995],[150.509213,-33.454896],[150.510054,-33.45487],[150.507991,-33.455168],[150.507009,-33.45763],[150.506836,-33.459725],[150.510364,-33.459428],[150.509783,-33.460166],[150.509102,-33.464065],[150.509503,-33.465982],[150.507584,-33.469381],[150.504121,-33.471028],[150.503944,-33.473022],[150.498645,-33.471395],[150.498918,-33.468604],[150.498182,-33.468586],[150.498918,-33.468602],[150.499129,-33.466441],[150.496909,-33.460479],[150.501914,-33.456668],[150.502329,-33.4541]],[[150.122206,-33.185298],[150.121001,-33.18497],[150.120179,-33.184632],[150.11945,-33.183289],[150.119351,-33.181715],[150.119035,-33.180003],[150.118854,-33.178502],[150.11935,-33.176877],[150.12136,-33.175895],[150.123422,-33.175162],[150.124401,-33.175138],[150.125569,-33.174427],[150.126314,-33.173799],[150.127403,-33.174453],[150.12935,-33.1753],[150.132094,-33.175782],[150.131817,-33.176459],[150.132271,-33.178174],[150.132517,-33.178614],[150.132805,-33.178917],[150.132914,-33.17938],[150.13263,-33.180474],[150.1322,-33.180717],[150.131732,-33.181176],[150.131838,-33.18158],[150.132087,-33.181684],[150.1318,-33.181867],[150.130616,-33.182112],[150.12941,-33.181748],[150.128365,-33.18113],[150.127881,-33.181894],[150.127756,-33.183188],[150.127498,-33.184305],[150.126367,-33.184871],[150.125549,-33.184641],[150.124769,-33.184266],[150.123726,-33.184902],[150.122206,-33.185298]],[[150.977805,-33.238857],[150.978046,-33.237893],[150.977549,-33.236356],[150.977578,-33.233846],[150.977417,-33.233631],[150.97761,-33.233187],[150.978819,-33.233911],[150.980016,-33.235123],[150.980621,-33.236866],[150.980476,-33.237568],[150.97905,-33.23787],[150.978362,-33.239756],[150.977881,-33.240527],[150.977805,-33.238857]],[[150.572144,-32.990318],[150.572756,-32.990811],[150.57234,-32.991271],[150.572144,-32.990318]],[[150.59195,-33.452354],[150.592326,-33.452343],[150.592487,-33.452601],[150.59195,-33.452354]],[[150.587667,-32.95298],[150.587799,-32.952731],[150.587709,-32.953008],[150.587584,-32.953069],[150.587667,-32.95298]],[[150.695033,-32.995349],[150.695049,-32.995235],[150.695125,-32.995153],[150.695033,-32.995349]],[[151.031436,-33.164714],[151.03144,-33.164718],[151.03144,-33.164722],[151.031436,-33.164714]]]},"properties":{"OBJECTID":32781,"FireType":1,"FireName":"Gospers Mountain","FireNo":"19102652934","FireYear":201920,"Label":"2019-20 Wildfire","StartDate":1572008400000,"EndDate":1581253200000,"Intensity":9999,"AreaHa":479513.85436911,"PerimeterM":859730.17692486,"OFHObjMet":null,"ObjNotMet":null,"NPWSBranch":"BMTN","NPWSArea":"MUDG","VerDate":1788739200000,"Shape.STArea()":0.4638209132998241,"Shape.STLength()":8.530499936419403}}]}