{"type":"FeatureCollection","features":[{"type":"Feature","id":9940,"geometry":{"type":"Polygon","coordinates":[[[150.290545,-35.375861],[150.291344,-35.375841],[150.292333,-35.375455],[150.293125,-35.375966],[150.293454,-35.376075],[150.293572,-35.376265],[150.293938,-35.376494],[150.293951,-35.376716],[150.294133,-35.376856],[150.294818,-35.376888],[150.295463,-35.376818],[150.296016,-35.377051],[150.296155,-35.377258],[150.296278,-35.377295],[150.296641,-35.376368],[150.296775,-35.37547],[150.297007,-35.374744],[150.297021,-35.374319],[150.297328,-35.373833],[150.297338,-35.373527],[150.297561,-35.373056],[150.297533,-35.372441],[150.297625,-35.372385],[150.297644,-35.37184],[150.296983,-35.370618],[150.29709,-35.3695],[150.296789,-35.369062],[150.296671,-35.368399],[150.29637,-35.367961],[150.296004,-35.368016],[150.295813,-35.367851],[150.294629,-35.367899],[150.29413,-35.368371],[150.293546,-35.368473],[150.293188,-35.368694],[150.292927,-35.369148],[150.292427,-35.369424],[150.290585,-35.368923],[150.290447,-35.36899],[150.289891,-35.368066],[150.289764,-35.368252],[150.288848,-35.367664],[150.288053,-35.367771],[150.287995,-35.367687],[150.287608,-35.367736],[150.285452,-35.369268],[150.285409,-35.369497],[150.285519,-35.369731],[150.285384,-35.370356],[150.284912,-35.370761],[150.284517,-35.370971],[150.284546,-35.371172],[150.285359,-35.372024],[150.285386,-35.372283],[150.285135,-35.372421],[150.284641,-35.372525],[150.284336,-35.372202],[150.284117,-35.373025],[150.283948,-35.373007],[150.28402,-35.373688],[150.283881,-35.374377],[150.284087,-35.375168],[150.284473,-35.375821],[150.285804,-35.37641],[150.286473,-35.376474],[150.286969,-35.376313],[150.288482,-35.376203],[150.288873,-35.376039],[150.290311,-35.376043],[150.290545,-35.375861]],[[150.29402,-35.373017],[150.294088,-35.373178],[150.294002,-35.373027],[150.29402,-35.373017]]]},"properties":{"OBJECTID":9940,"FireType":1,"FireName":"Jendara","FireNo":"","FireYear":200203,"Label":"2002-03 Wildfire","StartDate":1044057600000,"EndDate":1044057600000,"Intensity":9999,"AreaHa":98.35049282,"PerimeterM":4557.20407247,"OFHObjMet":null,"ObjNotMet":null,"NPWSBranch":"STHC","NPWSArea":"SHOA","VerDate":1788739200000,"Shape.STArea()":9.754976897106874e-05,"Shape.STLength()":0.04545594770925038}},{"type":"Feature","id":10392,"geometry":{"type":"Polygon","coordinates":[[[150.217785,-35.297446],[150.217815,-35.296239],[150.217571,-35.295963],[150.21637,-35.295728],[150.215439,-35.29595],[150.214367,-35.296755],[150.213757,-35.297245],[150.213207,-35.298215],[150.212764,-35.298304],[150.212079,-35.298081],[150.210376,-35.297077],[150.209656,-35.297241],[150.20926,-35.29789],[150.20843,-35.298673],[150.205938,-35.299526],[150.205925,-35.299904],[150.206174,-35.300342],[150.206172,-35.300712],[150.20441,-35.300788],[150.203626,-35.301221],[150.203009,-35.301891],[150.202676,-35.302623],[150.202611,-35.30355],[150.202383,-35.304752],[150.202105,-35.305467],[150.201543,-35.306472],[150.200759,-35.307202],[150.199959,-35.307752],[150.199546,-35.308247],[150.198848,-35.308735],[150.197892,-35.30902],[150.195078,-35.311857],[150.19471,-35.312326],[150.194276,-35.313118],[150.193291,-35.314267],[150.193041,-35.316091],[150.193609,-35.317149],[150.194729,-35.31814],[150.196597,-35.319139],[150.19913,-35.319666],[150.20016,-35.320104],[150.200798,-35.320741],[150.201008,-35.321674],[150.201234,-35.322121],[150.202619,-35.322451],[150.203674,-35.322475],[150.204718,-35.322815],[150.205029,-35.323065],[150.20537,-35.32402],[150.205645,-35.324324],[150.205452,-35.325157],[150.205776,-35.324372],[150.205832,-35.324021],[150.205925,-35.32195],[150.206219,-35.321398],[150.206999,-35.321101],[150.208085,-35.320865],[150.208822,-35.320548],[150.211263,-35.318631],[150.213097,-35.318394],[150.214232,-35.317987],[150.215347,-35.317238],[150.216708,-35.314412],[150.217766,-35.313706],[150.218844,-35.31273],[150.218841,-35.311847],[150.218433,-35.310936],[150.218495,-35.310082],[150.218829,-35.309008],[150.219409,-35.308129],[150.220143,-35.307244],[150.220754,-35.306744],[150.221044,-35.306607],[150.221752,-35.306794],[150.223142,-35.307638],[150.224461,-35.308948],[150.225116,-35.309387],[150.225778,-35.310303],[150.226027,-35.311048],[150.226678,-35.311324],[150.227867,-35.311604],[150.229605,-35.311887],[150.232764,-35.31342],[150.234131,-35.314605],[150.234497,-35.315163],[150.234625,-35.315914],[150.23442,-35.317108],[150.234423,-35.317649],[150.234569,-35.317887],[150.235168,-35.318081],[150.235895,-35.318034],[150.238493,-35.318607],[150.239752,-35.318753],[150.240722,-35.318685],[150.241089,-35.318577],[150.241472,-35.318324],[150.241487,-35.317874],[150.241225,-35.316831],[150.241052,-35.316439],[150.240158,-35.315869],[150.239474,-35.315628],[150.237775,-35.314823],[150.236951,-35.314155],[150.23554,-35.313609],[150.234005,-35.313133],[150.231152,-35.311995],[150.229681,-35.310312],[150.228979,-35.309628],[150.228399,-35.309219],[150.227747,-35.309005],[150.22703,-35.308421],[150.226418,-35.307019],[150.226897,-35.305858],[150.227984,-35.304639],[150.228162,-35.304238],[150.228021,-35.303874],[150.226959,-35.303732],[150.225486,-35.303735],[150.21978,-35.302756],[150.218932,-35.302457],[150.218209,-35.302071],[150.217985,-35.301552],[150.217674,-35.299715],[150.217682,-35.298526],[150.217785,-35.297446]]]},"properties":{"OBJECTID":10392,"FireType":1,"FireName":"Burnt 1991-92","FireNo":"","FireYear":199192,"Label":"1991-92 Wildfire","StartDate":null,"EndDate":null,"Intensity":9999,"AreaHa":510.42269165,"PerimeterM":14739.8547844,"OFHObjMet":null,"ObjNotMet":null,"NPWSBranch":"STHC","NPWSArea":"SHOA","VerDate":1788739200000,"Shape.STArea()":0.0005058838790220582,"Shape.STLength()":0.14779885900344367}},{"type":"Feature","id":10451,"geometry":{"type":"Polygon","coordinates":[[[150.263594,-35.2966],[150.262747,-35.296932],[150.261845,-35.297579],[150.260782,-35.299447],[150.260035,-35.300395],[150.259332,-35.301677],[150.258321,-35.304268],[150.258293,-35.305096],[150.258981,-35.306212],[150.259151,-35.307054],[150.260346,-35.308442],[150.261385,-35.311566],[150.261789,-35.312278],[150.262338,-35.312967],[150.264189,-35.314496],[150.265313,-35.314413],[150.267487,-35.314526],[150.268014,-35.314231],[150.268291,-35.313498],[150.268735,-35.313067],[150.268801,-35.312744],[150.268284,-35.312083],[150.267908,-35.311164],[150.26839,-35.310895],[150.270753,-35.311913],[150.271003,-35.311676],[150.270688,-35.311227],[150.268976,-35.309503],[150.268207,-35.308494],[150.268188,-35.307745],[150.268608,-35.307674],[150.269509,-35.308036],[150.271144,-35.308443],[150.272866,-35.30859],[150.273574,-35.308453],[150.27356,-35.307245],[150.27334,-35.305933],[150.272606,-35.303546],[150.271471,-35.301014],[150.2705,-35.300469],[150.269748,-35.300597],[150.26869,-35.300996],[150.267387,-35.301156],[150.265854,-35.300644],[150.265232,-35.299855],[150.264586,-35.299443],[150.263997,-35.298646],[150.263594,-35.2966]]]},"properties":{"OBJECTID":10451,"FireType":1,"FireName":"Burnt 1990-91","FireNo":"","FireYear":199091,"Label":"1990-91 Wildfire","StartDate":null,"EndDate":null,"Intensity":9999,"AreaHa":161.94266007,"PerimeterM":6312.33126561,"OFHObjMet":null,"ObjNotMet":null,"NPWSBranch":"STHC","NPWSArea":"SHOA","VerDate":1788739200000,"Shape.STArea()":0.00016049456924644172,"Shape.STLength()":0.06191278568729165}},{"type":"Feature","id":10581,"geometry":{"type":"Polygon","coordinates":[[[150.291019,-35.177273],[150.289507,-35.176852],[150.288196,-35.176326],[150.286579,-35.175118],[150.285481,-35.174787],[150.284162,-35.17419],[150.283014,-35.17338],[150.281979,-35.172798],[150.279521,-35.17213],[150.277977,-35.171347],[150.277375,-35.170297],[150.276767,-35.170094],[150.276121,-35.17007],[150.275418,-35.170415],[150.273933,-35.171797],[150.273439,-35.172137],[150.273248,-35.173241],[150.272977,-35.173812],[150.272803,-35.175061],[150.272196,-35.175489],[150.270339,-35.176204],[150.268593,-35.177193],[150.26826,-35.17796],[150.268421,-35.178721],[150.268469,-35.179578],[150.267463,-35.181755],[150.267012,-35.182457],[150.265671,-35.18413],[150.263657,-35.185923],[150.262653,-35.186396],[150.261722,-35.186646],[150.260655,-35.187361],[150.260309,-35.188173],[150.260202,-35.189415],[150.259916,-35.190084],[150.260227,-35.19257],[150.260578,-35.193578],[150.261005,-35.194264],[150.261546,-35.195809],[150.261957,-35.196314],[150.262255,-35.197258],[150.263863,-35.198421],[150.264362,-35.198937],[150.264738,-35.199504],[150.264921,-35.200608],[150.26535,-35.20124],[150.265843,-35.202576],[150.266514,-35.203538],[150.267001,-35.204071],[150.268409,-35.20532],[150.268586,-35.207902],[150.268383,-35.208718],[150.267861,-35.209544],[150.267354,-35.211876],[150.265604,-35.213297],[150.265099,-35.214926],[150.264981,-35.216149],[150.265733,-35.218293],[150.265662,-35.219427],[150.265373,-35.220494],[150.264868,-35.221483],[150.264807,-35.221995],[150.264852,-35.223258],[150.264585,-35.224027],[150.263217,-35.225186],[150.263612,-35.225835],[150.264345,-35.225941],[150.265267,-35.226287],[150.265504,-35.226734],[150.265012,-35.227327],[150.264343,-35.228591],[150.264454,-35.228891],[150.265081,-35.229528],[150.265224,-35.229855],[150.264956,-35.230949],[150.264013,-35.232874],[150.264071,-35.23311],[150.264738,-35.233837],[150.264934,-35.234238],[150.264114,-35.234445],[150.263297,-35.234868],[150.263359,-35.235645],[150.264269,-35.235711],[150.265028,-35.236007],[150.266079,-35.236779],[150.266295,-35.237208],[150.266486,-35.23805],[150.26832,-35.239408],[150.267609,-35.23995],[150.266635,-35.240487],[150.265404,-35.240838],[150.263475,-35.241687],[150.262567,-35.241891],[150.26146,-35.241794],[150.260125,-35.241331],[150.258535,-35.240908],[150.257165,-35.240138],[150.256597,-35.23907],[150.254095,-35.239644],[150.253496,-35.24046],[150.254136,-35.241367],[150.255966,-35.241823],[150.256736,-35.242111],[150.258243,-35.245327],[150.25991,-35.246717],[150.260901,-35.247325],[150.262204,-35.248427],[150.263785,-35.249121],[150.265705,-35.249534],[150.265637,-35.250262],[150.264718,-35.251116],[150.263872,-35.252422],[150.265212,-35.253083],[150.266622,-35.253304],[150.270405,-35.254192],[150.271469,-35.255243],[150.270319,-35.256452],[150.268948,-35.257656],[150.267931,-35.257859],[150.267124,-35.258327],[150.266541,-35.258981],[150.265392,-35.259505],[150.263945,-35.26004],[150.263186,-35.260726],[150.262514,-35.261089],[150.260304,-35.261778],[150.25876,-35.26195],[150.257503,-35.262715],[150.25699,-35.263578],[150.256057,-35.264197],[150.256028,-35.264755],[150.257532,-35.266745],[150.25901,-35.26822],[150.260574,-35.269419],[150.260177,-35.269779],[150.259031,-35.269879],[150.256113,-35.26939],[150.253934,-35.268808],[150.251812,-35.268508],[150.251234,-35.26872],[150.25132,-35.269434],[150.252286,-35.271736],[150.253079,-35.273305],[150.253818,-35.273871],[150.254746,-35.274064],[150.255447,-35.274783],[150.257229,-35.275391],[150.259362,-35.275692],[150.261841,-35.275847],[150.263402,-35.276189],[150.264476,-35.277565],[150.264519,-35.278576],[150.263959,-35.278905],[150.263576,-35.279825],[150.261771,-35.281839],[150.259228,-35.283602],[150.258454,-35.283729],[150.256596,-35.284696],[150.255821,-35.285851],[150.25471,-35.289124],[150.254318,-35.290639],[150.254531,-35.291482],[150.255872,-35.291179],[150.257364,-35.291267],[150.258293,-35.291098],[150.260824,-35.29103],[150.262677,-35.291162],[150.264091,-35.291951],[150.26511,-35.29302],[150.265888,-35.294425],[150.266405,-35.296032],[150.266965,-35.298992],[150.267338,-35.29901],[150.267842,-35.29876],[150.26793,-35.299717],[150.267795,-35.300814],[150.268534,-35.300722],[150.269933,-35.300321],[150.270897,-35.300424],[150.272065,-35.301343],[150.273331,-35.302606],[150.273839,-35.303528],[150.273418,-35.304907],[150.273423,-35.306412],[150.274376,-35.31012],[150.275014,-35.311433],[150.276146,-35.312747],[150.276698,-35.313021],[150.277815,-35.313163],[150.279066,-35.313561],[150.280417,-35.313285],[150.281661,-35.312898],[150.282784,-35.312861],[150.283074,-35.312416],[150.283913,-35.312643],[150.284354,-35.313608],[150.283906,-35.316464],[150.283378,-35.316488],[150.282544,-35.316749],[150.281522,-35.316744],[150.280846,-35.316891],[150.279663,-35.317721],[150.278472,-35.318145],[150.275233,-35.317026],[150.27379,-35.317417],[150.272573,-35.318291],[150.271865,-35.319384],[150.270864,-35.320055],[150.269418,-35.320554],[150.269404,-35.321275],[150.27021,-35.322167],[150.270632,-35.323024],[150.271969,-35.324794],[150.272165,-35.325835],[150.27296,-35.326745],[150.275121,-35.328534],[150.274917,-35.328727],[150.273895,-35.328695],[150.273424,-35.329947],[150.273402,-35.331262],[150.273509,-35.332644],[150.273516,-35.334068],[150.273423,-35.335544],[150.274082,-35.337542],[150.27381,-35.337437],[150.273037,-35.336887],[150.271581,-35.335349],[150.271599,-35.334511],[150.271347,-35.33282],[150.269417,-35.329712],[150.268282,-35.328487],[150.266412,-35.327183],[150.265161,-35.326127],[150.264371,-35.325091],[150.263665,-35.325138],[150.263631,-35.325822],[150.263895,-35.3281],[150.264716,-35.32984],[150.264984,-35.331369],[150.264473,-35.331186],[150.262703,-35.329848],[150.261248,-35.328977],[150.257315,-35.327211],[150.256928,-35.327924],[150.257267,-35.328968],[150.25789,-35.330046],[150.258476,-35.331267],[150.259764,-35.332215],[150.260555,-35.333522],[150.261332,-35.334621],[150.262782,-35.337304],[150.261678,-35.337414],[150.258879,-35.336269],[150.258817,-35.336466],[150.259052,-35.337319],[150.258829,-35.337728],[150.258656,-35.338301],[150.258098,-35.338875],[150.257255,-35.338756],[150.256263,-35.338166],[150.255569,-35.337871],[150.254637,-35.337128],[150.253794,-35.337641],[150.253857,-35.338715],[150.254887,-35.341433],[150.255349,-35.343066],[150.255905,-35.344521],[150.255745,-35.345338],[150.254742,-35.345712],[150.253056,-35.346115],[150.252177,-35.346753],[150.251086,-35.347134],[150.249426,-35.347078],[150.247654,-35.346785],[150.246116,-35.346083],[150.245372,-35.346607],[150.24405,-35.347298],[150.242014,-35.347972],[150.239902,-35.347978],[150.236831,-35.347367],[150.236308,-35.347535],[150.235104,-35.347679],[150.234723,-35.347256],[150.234973,-35.34508],[150.234475,-35.344195],[150.234302,-35.343154],[150.233985,-35.342777],[150.233821,-35.343044],[150.233365,-35.343214],[150.233327,-35.342708],[150.233652,-35.341886],[150.234097,-35.341085],[150.234247,-35.339935],[150.23377,-35.338103],[150.233574,-35.336116],[150.233376,-35.335138],[150.232936,-35.334164],[150.231118,-35.332977],[150.230614,-35.330352],[150.230266,-35.329596],[150.228196,-35.329007],[150.228295,-35.329325],[150.229681,-35.329979],[150.229907,-35.330435],[150.230132,-35.33318],[150.230383,-35.334204],[150.230788,-35.334916],[150.231755,-35.335894],[150.232526,-35.336516],[150.23296,-35.337328],[150.23305,-35.33824],[150.232954,-35.340744],[150.232606,-35.341601],[150.232398,-35.342525],[150.232595,-35.343205],[150.23333,-35.344547],[150.232908,-35.345628],[150.232807,-35.348257],[150.234022,-35.349105],[150.2349,-35.349486],[150.236293,-35.349915],[150.23743,-35.350139],[150.238564,-35.350102],[150.241333,-35.349561],[150.242609,-35.349554],[150.245035,-35.349393],[150.24633,-35.349486],[150.247227,-35.349975],[150.247956,-35.350533],[150.248859,-35.350832],[150.250363,-35.350912],[150.251629,-35.350562],[150.253761,-35.350322],[150.253929,-35.349893],[150.254052,-35.348878],[150.254742,-35.34865],[150.257276,-35.348536],[150.257926,-35.348181],[150.25886,-35.347878],[150.259452,-35.346963],[150.260261,-35.346477],[150.261855,-35.345855],[150.263505,-35.345523],[150.264597,-35.345448],[150.265572,-35.344912],[150.26668,-35.345018],[150.268446,-35.3455],[150.269738,-35.345988],[150.272102,-35.346015],[150.274385,-35.344552],[150.275756,-35.343375],[150.27952,-35.342009],[150.279846,-35.341142],[150.27935,-35.338535],[150.280151,-35.337616],[150.281735,-35.334343],[150.283921,-35.331797],[150.284966,-35.33082],[150.28792,-35.329948],[150.289437,-35.329316],[150.290072,-35.327428],[150.291435,-35.326476],[150.292779,-35.326091],[150.293949,-35.325631],[150.295127,-35.324936],[150.29638,-35.323648],[150.297837,-35.322491],[150.299204,-35.322071],[150.299441,-35.320896],[150.298985,-35.319732],[150.29905,-35.318751],[150.300031,-35.317691],[150.300012,-35.316627],[150.299222,-35.315888],[150.298202,-35.315144],[150.297659,-35.314294],[150.295978,-35.312607],[150.295635,-35.311995],[150.295981,-35.310867],[150.295981,-35.309524],[150.295585,-35.308226],[150.296195,-35.306095],[150.296076,-35.305038],[150.298649,-35.30304],[150.2994,-35.3023],[150.299883,-35.300003],[150.300262,-35.299182],[150.301228,-35.295905],[150.301714,-35.29487],[150.302302,-35.294045],[150.302934,-35.292878],[150.303351,-35.288264],[150.302708,-35.285779],[150.302238,-35.284705],[150.303118,-35.284022],[150.304673,-35.283543],[150.307509,-35.284552],[150.309766,-35.283764],[150.311305,-35.283429],[150.312488,-35.283555],[150.313655,-35.283193],[150.314098,-35.282743],[150.315113,-35.281972],[150.317919,-35.281206],[150.318574,-35.281698],[150.319701,-35.282859],[150.321875,-35.285593],[150.323106,-35.287279],[150.323788,-35.288583],[150.325306,-35.290915],[150.328225,-35.294062],[150.330579,-35.296043],[150.332925,-35.297573],[150.333297,-35.29732],[150.333521,-35.296513],[150.333647,-35.295678],[150.334887,-35.293425],[150.33575,-35.292579],[150.336735,-35.290374],[150.339395,-35.286701],[150.339865,-35.284422],[150.340229,-35.283709],[150.342286,-35.281329],[150.344596,-35.279244],[150.345351,-35.278025],[150.346458,-35.277446],[150.347136,-35.276857],[150.348006,-35.275794],[150.349426,-35.273392],[150.349981,-35.271871],[150.349851,-35.270796],[150.349553,-35.2695],[150.349025,-35.268164],[150.348059,-35.267115],[150.345785,-35.265389],[150.344835,-35.264881],[150.343852,-35.264021],[150.343696,-35.26272],[150.343517,-35.259786],[150.343294,-35.258538],[150.343861,-35.257667],[150.345522,-35.257279],[150.346611,-35.257943],[150.347684,-35.258039],[150.348819,-35.257956],[150.350022,-35.257468],[150.351671,-35.257432],[150.351748,-35.256758],[150.351224,-35.256332],[150.351543,-35.253265],[150.351788,-35.252513],[150.352012,-35.251364],[150.352298,-35.250325],[150.353008,-35.248439],[150.353456,-35.246835],[150.35392,-35.245746],[150.354627,-35.24257],[150.354903,-35.242198],[150.355635,-35.241979],[150.356339,-35.241301],[150.356104,-35.240755],[150.35473,-35.240418],[150.353327,-35.240315],[150.352057,-35.240531],[150.349868,-35.240609],[150.348881,-35.240209],[150.347813,-35.238933],[150.346866,-35.238659],[150.346359,-35.237711],[150.345656,-35.237028],[150.344931,-35.23667],[150.34435,-35.235639],[150.343741,-35.23275],[150.34203,-35.232],[150.341268,-35.231758],[150.340368,-35.230747],[150.339988,-35.230928],[150.339535,-35.231684],[150.338839,-35.232155],[150.338107,-35.232356],[150.336974,-35.232051],[150.335878,-35.23164],[150.333716,-35.231574],[150.333052,-35.231721],[150.332258,-35.231163],[150.330901,-35.228997],[150.32896,-35.226872],[150.327306,-35.225727],[150.326345,-35.22521],[150.32501,-35.225045],[150.324577,-35.225207],[150.324318,-35.226057],[150.323782,-35.225649],[150.32326,-35.224159],[150.321777,-35.222477],[150.320454,-35.221303],[150.319241,-35.219788],[150.318955,-35.217781],[150.318543,-35.216285],[150.317967,-35.215118],[150.317332,-35.212697],[150.317656,-35.211875],[150.318547,-35.210498],[150.319242,-35.209071],[150.319498,-35.206292],[150.319792,-35.20537],[150.320018,-35.203851],[150.320445,-35.203221],[150.321369,-35.202493],[150.322401,-35.201515],[150.323121,-35.200324],[150.323954,-35.198359],[150.323951,-35.196763],[150.323626,-35.19563],[150.322621,-35.194805],[150.319509,-35.193952],[150.318522,-35.194246],[150.31736,-35.194833],[150.315981,-35.19537],[150.314527,-35.195167],[150.313649,-35.194823],[150.31318,-35.194407],[150.312723,-35.193612],[150.311901,-35.1929],[150.309544,-35.192784],[150.308905,-35.192509],[150.308469,-35.192093],[150.305989,-35.191029],[150.303694,-35.189698],[150.30279,-35.189479],[150.302013,-35.189741],[150.300985,-35.189962],[150.29964,-35.190112],[150.296824,-35.189598],[150.296082,-35.188798],[150.295551,-35.18792],[150.294919,-35.187131],[150.293814,-35.186683],[150.292922,-35.186086],[150.291496,-35.183404],[150.292291,-35.18262],[150.293191,-35.181946],[150.294101,-35.180677],[150.294659,-35.179401],[150.295033,-35.178066],[150.293331,-35.177406],[150.292573,-35.177434],[150.291019,-35.177273]]]},"properties":{"OBJECTID":10581,"FireType":1,"FireName":"Burnt 1988-89","FireNo":"","FireYear":198889,"Label":"1988-89 Wildfire","StartDate":null,"EndDate":null,"Intensity":9999,"AreaHa":9292.62932385,"PerimeterM":81288.18991419,"OFHObjMet":null,"ObjNotMet":null,"NPWSBranch":"STHC","NPWSArea":"SHOA","VerDate":1788739200000,"Shape.STArea()":0.009203669940865666,"Shape.STLength()":0.8041095097599296}},{"type":"Feature","id":10940,"geometry":{"type":"Polygon","coordinates":[[[150.238062,-35.33127],[150.236662,-35.331031],[150.235234,-35.330656],[150.233112,-35.329652],[150.230207,-35.328729],[150.227692,-35.32832],[150.225855,-35.329594],[150.224348,-35.331226],[150.222506,-35.332653],[150.221254,-35.334184],[150.219817,-35.337287],[150.219096,-35.339064],[150.21855,-35.341837],[150.217503,-35.343183],[150.214848,-35.344897],[150.21396,-35.34576],[150.215166,-35.348131],[150.217461,-35.353691],[150.218307,-35.355009],[150.218479,-35.357365],[150.217421,-35.359351],[150.215303,-35.360158],[150.21423,-35.360954],[150.213657,-35.361932],[150.213586,-35.363057],[150.213626,-35.364752],[150.213853,-35.366155],[150.214346,-35.367833],[150.215633,-35.369765],[150.217639,-35.371587],[150.219833,-35.373395],[150.223172,-35.375509],[150.224845,-35.376782],[150.226612,-35.376913],[150.228219,-35.376256],[150.23043,-35.376297],[150.231852,-35.377186],[150.232766,-35.378127],[150.234049,-35.378598],[150.235142,-35.378812],[150.236461,-35.378869],[150.237804,-35.379179],[150.240437,-35.379429],[150.242911,-35.37917],[150.246996,-35.377812],[150.248233,-35.377678],[150.249399,-35.378354],[150.251639,-35.37881],[150.25313,-35.378655],[150.254089,-35.37828],[150.255807,-35.37795],[150.257125,-35.378007],[150.257958,-35.378449],[150.258634,-35.378951],[150.259272,-35.379624],[150.260938,-35.381104],[150.261889,-35.38391],[150.263269,-35.385086],[150.265356,-35.384899],[150.267182,-35.384265],[150.269065,-35.38456],[150.271612,-35.387033],[150.271834,-35.387975],[150.271756,-35.388974],[150.271413,-35.390003],[150.271483,-35.390852],[150.272236,-35.392049],[150.273621,-35.393388],[150.275017,-35.393473],[150.27629,-35.393249],[150.278882,-35.392452],[150.281714,-35.392335],[150.283842,-35.392897],[150.287462,-35.392951],[150.291177,-35.394098],[150.292326,-35.394295],[150.297954,-35.396188],[150.301689,-35.395758],[150.304671,-35.394797],[150.306114,-35.393775],[150.309238,-35.393177],[150.31198,-35.394464],[150.316279,-35.399256],[150.318254,-35.400787],[150.321151,-35.402735],[150.32403,-35.403574],[150.329917,-35.404651],[150.332694,-35.404902],[150.334435,-35.404183],[150.334531,-35.403293],[150.333563,-35.39991],[150.332955,-35.398328],[150.332298,-35.397565],[150.330482,-35.395857],[150.329548,-35.394818],[150.326875,-35.392416],[150.326406,-35.391639],[150.326079,-35.390532],[150.326315,-35.389708],[150.327265,-35.387629],[150.327452,-35.385614],[150.326705,-35.382587],[150.326633,-35.381414],[150.326267,-35.378846],[150.32663,-35.376168],[150.326335,-35.372114],[150.326082,-35.370117],[150.326044,-35.367943],[150.325699,-35.366377],[150.324948,-35.365134],[150.323645,-35.363591],[150.319839,-35.360911],[150.318864,-35.360096],[150.318027,-35.359131],[150.317705,-35.358213],[150.31682,-35.357031],[150.316099,-35.356231],[150.315396,-35.355854],[150.314115,-35.355664],[150.313293,-35.355907],[150.312701,-35.35684],[150.312261,-35.358146],[150.310303,-35.357472],[150.306363,-35.355861],[150.305104,-35.355986],[150.304783,-35.356718],[150.304265,-35.358383],[150.303254,-35.358675],[150.302301,-35.358231],[150.301721,-35.357469],[150.301,-35.356318],[150.299759,-35.354938],[150.299319,-35.35427],[150.29687,-35.354134],[150.295404,-35.355201],[150.295478,-35.356302],[150.295314,-35.358245],[150.294857,-35.358731],[150.293561,-35.35899],[150.29242,-35.358893],[150.288898,-35.357624],[150.285038,-35.356564],[150.284008,-35.355801],[150.2829,-35.354397],[150.281925,-35.353591],[150.279318,-35.353271],[150.27828,-35.353698],[150.276905,-35.353686],[150.275469,-35.353878],[150.274176,-35.354372],[150.272109,-35.353325],[150.268861,-35.352756],[150.267117,-35.353248],[150.265972,-35.355232],[150.264018,-35.357369],[150.262775,-35.357701],[150.261013,-35.357752],[150.258511,-35.357551],[150.255265,-35.357234],[150.252484,-35.356819],[150.250222,-35.356704],[150.24831,-35.356949],[150.24654,-35.356584],[150.244807,-35.356112],[150.241815,-35.355106],[150.241615,-35.35357],[150.240771,-35.351207],[150.239977,-35.347052],[150.238964,-35.34546],[150.237852,-35.344515],[150.236886,-35.343177],[150.236178,-35.341358],[150.236357,-35.339983],[150.23743,-35.339494],[150.239531,-35.339488],[150.241922,-35.339687],[150.244165,-35.339387],[150.245183,-35.338572],[150.245145,-35.337426],[150.244649,-35.334206],[150.244681,-35.333269],[150.244868,-35.332291],[150.244044,-35.330974],[150.242329,-35.330638],[150.239852,-35.331329],[150.238062,-35.33127]]]},"properties":{"OBJECTID":10940,"FireType":1,"FireName":"Burnt 1981-82","FireNo":"","FireYear":198182,"Label":"1981-82 Wildfire","StartDate":null,"EndDate":null,"Intensity":9999,"AreaHa":4084.8284636,"PerimeterM":37958.03377922,"OFHObjMet":null,"ObjNotMet":null,"NPWSBranch":"STHC","NPWSArea":"SHOA","VerDate":1788739200000,"Shape.STArea()":0.0040514149068639526,"Shape.STLength()":0.38333528907405895}},{"type":"Feature","id":11012,"geometry":{"type":"Polygon","coordinates":[[[150.220615,-35.356675],[150.220118,-35.355772],[150.219349,-35.35478],[150.217992,-35.353622],[150.217873,-35.353557],[150.216104,-35.353813],[150.214701,-35.354286],[150.211389,-35.354939],[150.209413,-35.356092],[150.20772,-35.356378],[150.206034,-35.356771],[150.203401,-35.357188],[150.201405,-35.357656],[150.2001,-35.358806],[150.199008,-35.360475],[150.19784,-35.361773],[150.19747,-35.362612],[150.198356,-35.363083],[150.201838,-35.362947],[150.20374,-35.363613],[150.204929,-35.36456],[150.206123,-35.365345],[150.207401,-35.3666],[150.208131,-35.368068],[150.209085,-35.370416],[150.209292,-35.37207],[150.208402,-35.375862],[150.206715,-35.378185],[150.206368,-35.379312],[150.206916,-35.380325],[150.208414,-35.381252],[150.209653,-35.381083],[150.211811,-35.381033],[150.21365,-35.381644],[150.215682,-35.382736],[150.217955,-35.38287],[150.219734,-35.382036],[150.22057,-35.382047],[150.221855,-35.382446],[150.223471,-35.381221],[150.225394,-35.380021],[150.227306,-35.379146],[150.229465,-35.379412],[150.230551,-35.382402],[150.232133,-35.383123],[150.233093,-35.383064],[150.233633,-35.382707],[150.234998,-35.381089],[150.236102,-35.380339],[150.236797,-35.380626],[150.237166,-35.382392],[150.237885,-35.383589],[150.239589,-35.383646],[150.240754,-35.382717],[150.241073,-35.38176],[150.240478,-35.380151],[150.240591,-35.37781],[150.239446,-35.376864],[150.240085,-35.375221],[150.241356,-35.374402],[150.241739,-35.37351],[150.241394,-35.371672],[150.242306,-35.370747],[150.243259,-35.370246],[150.243729,-35.36904],[150.245048,-35.36843],[150.245824,-35.367294],[150.246086,-35.366074],[150.245681,-35.365019],[150.244831,-35.363819],[150.243487,-35.362896],[150.2414,-35.362145],[150.239245,-35.361781],[150.238177,-35.362432],[150.237217,-35.3625],[150.23565,-35.362005],[150.233899,-35.36109],[150.232121,-35.359977],[150.23093,-35.358454],[150.228933,-35.356993],[150.227146,-35.356816],[150.224475,-35.356728],[150.222871,-35.357313],[150.221359,-35.357459],[150.220615,-35.356675]]]},"properties":{"OBJECTID":11012,"FireType":1,"FireName":"BURNT 1980-81","FireNo":"","FireYear":198081,"Label":"1980-81 Wildfire","StartDate":null,"EndDate":null,"Intensity":9999,"AreaHa":892.68014698,"PerimeterM":14388.0235464,"OFHObjMet":null,"ObjNotMet":null,"NPWSBranch":"STHC","NPWSArea":"SHOA","VerDate":1788739200000,"Shape.STArea()":0.0008853728968019914,"Shape.STLength()":0.14558389574174166}},{"type":"Feature","id":11014,"geometry":{"type":"Polygon","coordinates":[[[150.283162,-35.38595],[150.282679,-35.383929],[150.279241,-35.383401],[150.276677,-35.384371],[150.274943,-35.385864],[150.273107,-35.387085],[150.27197,-35.386212],[150.27059,-35.384387],[150.268211,-35.383774],[150.267175,-35.384156],[150.266319,-35.385381],[150.266164,-35.386387],[150.266307,-35.388337],[150.269717,-35.393939],[150.270791,-35.396055],[150.270216,-35.396438],[150.267668,-35.396921],[150.264134,-35.39694],[150.260882,-35.396749],[150.258048,-35.39691],[150.252833,-35.396503],[150.24878,-35.395573],[150.244902,-35.394394],[150.24277,-35.393967],[150.240731,-35.393722],[150.236995,-35.394168],[150.234877,-35.394958],[150.233197,-35.396749],[150.23279,-35.398353],[150.231815,-35.399836],[150.229421,-35.400637],[150.226737,-35.400566],[150.224566,-35.400967],[150.221759,-35.401606],[150.219858,-35.402779],[150.219358,-35.404498],[150.220251,-35.405122],[150.230408,-35.406834],[150.233128,-35.407158],[150.240223,-35.407329],[150.242672,-35.406204],[150.243534,-35.405133],[150.245925,-35.401835],[150.248334,-35.400295],[150.251506,-35.399907],[150.253944,-35.399764],[150.256468,-35.399669],[150.259832,-35.399817],[150.265898,-35.399153],[150.27341,-35.399332],[150.276748,-35.399587],[150.277824,-35.398377],[150.278146,-35.39696],[150.277338,-35.394823],[150.27601,-35.392747],[150.275366,-35.39093],[150.275769,-35.389443],[150.27738,-35.388659],[150.280896,-35.387522],[150.283162,-35.38595]]]},"properties":{"OBJECTID":11014,"FireType":1,"FireName":"BURNT 1980-81","FireNo":"","FireYear":198081,"Label":"1980-81 Wildfire","StartDate":null,"EndDate":null,"Intensity":9999,"AreaHa":451.41061415,"PerimeterM":16356.33002661,"OFHObjMet":null,"ObjNotMet":null,"NPWSBranch":"STHC","NPWSArea":"SHOA","VerDate":1788739200000,"Shape.STArea()":0.00044787132252830167,"Shape.STLength()":0.17054948503004447}},{"type":"Feature","id":11034,"geometry":{"type":"Polygon","coordinates":[[[150.3404,-35.381141],[150.33958,-35.379302],[150.337763,-35.378334],[150.335725,-35.377703],[150.333933,-35.377645],[150.332158,-35.378435],[150.330286,-35.379773],[150.328659,-35.380728],[150.326987,-35.381358],[150.325032,-35.381577],[150.322445,-35.381258],[150.31956,-35.381311],[150.318143,-35.382559],[150.317284,-35.38455],[150.31704,-35.386266],[150.317477,-35.387691],[150.318707,-35.388773],[150.321128,-35.3898],[150.323426,-35.390527],[150.325825,-35.391545],[150.327468,-35.392816],[150.329029,-35.394203],[150.330338,-35.395223],[150.332155,-35.395552],[150.333034,-35.394922],[150.33381,-35.393434],[150.334436,-35.392457],[150.335554,-35.392274],[150.33685,-35.391708],[150.337481,-35.390252],[150.337751,-35.389078],[150.337258,-35.388003],[150.337297,-35.386463],[150.339395,-35.383913],[150.33994,-35.382744],[150.3404,-35.381141]]]},"properties":{"OBJECTID":11034,"FireType":1,"FireName":"BURNT 1980-81","FireNo":"","FireYear":198081,"Label":"1980-81 Wildfire","StartDate":null,"EndDate":null,"Intensity":9999,"AreaHa":252.64508023,"PerimeterM":6529.74321202,"OFHObjMet":null,"ObjNotMet":null,"NPWSBranch":"STHC","NPWSArea":"SHOA","VerDate":1788739200000,"Shape.STArea()":0.0002506294003502968,"Shape.STLength()":0.06585368362920437}},{"type":"Feature","id":11371,"geometry":{"type":"Polygon","coordinates":[[[150.505239,-35.139701],[150.489018,-35.132623],[150.505726,-35.123755],[150.4895,-35.119778],[150.506263,-35.106134],[150.501288,-35.100587],[150.500229,-35.101494],[150.498864,-35.103809],[150.497405,-35.105249],[150.495528,-35.106733],[150.493726,-35.107895],[150.492377,-35.108967],[150.488103,-35.112781],[150.486389,-35.113918],[150.48383,-35.116506],[150.481774,-35.118816],[150.480007,-35.119906],[150.478433,-35.121135],[150.478234,-35.122582],[150.476129,-35.124341],[150.473875,-35.125917],[150.471296,-35.12735],[150.468522,-35.129059],[150.467108,-35.130427],[150.465555,-35.132368],[150.464623,-35.134819],[150.463967,-35.135805],[150.463606,-35.136149],[150.464403,-35.138032],[150.464639,-35.139254],[150.464128,-35.140532],[150.462506,-35.140462],[150.460002,-35.139463],[150.457916,-35.138788],[150.456205,-35.138428],[150.453614,-35.138464],[150.450037,-35.1381],[150.447583,-35.137607],[150.444453,-35.137342],[150.443561,-35.136738],[150.441955,-35.135126],[150.441253,-35.134751],[150.439781,-35.133755],[150.433606,-35.12946],[150.431633,-35.128363],[150.428955,-35.128397],[150.427661,-35.128712],[150.425287,-35.12886],[150.424101,-35.126446],[150.423914,-35.125757],[150.423752,-35.124626],[150.422422,-35.124346],[150.421661,-35.124825],[150.420568,-35.125054],[150.418889,-35.124721],[150.418059,-35.124235],[150.418004,-35.123549],[150.416111,-35.1234],[150.413905,-35.123407],[150.410829,-35.123549],[150.409768,-35.123796],[150.409421,-35.12506],[150.409269,-35.126048],[150.40942,-35.128548],[150.409274,-35.129672],[150.408317,-35.130814],[150.406212,-35.131085],[150.404772,-35.132541],[150.404427,-35.134427],[150.406335,-35.136541],[150.405997,-35.137877],[150.405167,-35.13913],[150.403712,-35.139676],[150.402123,-35.139597],[150.400704,-35.139016],[150.400916,-35.140301],[150.401602,-35.141136],[150.401511,-35.141936],[150.400726,-35.14246],[150.399831,-35.142315],[150.399302,-35.142384],[150.398577,-35.14309],[150.39806,-35.144512],[150.398317,-35.146438],[150.398001,-35.147404],[150.396805,-35.147739],[150.395567,-35.147667],[150.394126,-35.146744],[150.393256,-35.147861],[150.39313,-35.149075],[150.393398,-35.150298],[150.39289,-35.150729],[150.39202,-35.150836],[150.390911,-35.150857],[150.389984,-35.151009],[150.387545,-35.152461],[150.384403,-35.15325],[150.382326,-35.153998],[150.380677,-35.154449],[150.377634,-35.153834],[150.375927,-35.154031],[150.373727,-35.153487],[150.372944,-35.152939],[150.372223,-35.151805],[150.370175,-35.152689],[150.368474,-35.153022],[150.36666,-35.152784],[150.36524,-35.151563],[150.363622,-35.151348],[150.361707,-35.152523],[150.358944,-35.152102],[150.357657,-35.152209],[150.356516,-35.152545],[150.355015,-35.154829],[150.353817,-35.15455],[150.352583,-35.155019],[150.351559,-35.156466],[150.351127,-35.158277],[150.349562,-35.160857],[150.348828,-35.162509],[150.347548,-35.164725],[150.346916,-35.166947],[150.346144,-35.171464],[150.346656,-35.173945],[150.346641,-35.175738],[150.346037,-35.17778],[150.344765,-35.179077],[150.343364,-35.179641],[150.34221,-35.180671],[150.3411,-35.182043],[150.340139,-35.183573],[150.338955,-35.184529],[150.337581,-35.184914],[150.335379,-35.184784],[150.333398,-35.184569],[150.332437,-35.185756],[150.333454,-35.187572],[150.334645,-35.188427],[150.336542,-35.189497],[150.337457,-35.1904],[150.337025,-35.191175],[150.335815,-35.191923],[150.335692,-35.193327],[150.336804,-35.193928],[150.337782,-35.194238],[150.338371,-35.194693],[150.338526,-35.195661],[150.337964,-35.196397],[150.33641,-35.197237],[150.334167,-35.197656],[150.333076,-35.198777],[150.331104,-35.20032],[150.329549,-35.201872],[150.325757,-35.203645],[150.32343,-35.203927],[150.32136,-35.204764],[150.319749,-35.205675],[150.318746,-35.206104],[150.316202,-35.205669],[150.313215,-35.205314],[150.310312,-35.204447],[150.307387,-35.203228],[150.304603,-35.201724],[150.303066,-35.199076],[150.302098,-35.197783],[150.300285,-35.196833],[150.298758,-35.195185],[150.297192,-35.192743],[150.295941,-35.192048],[150.293758,-35.191666],[150.292631,-35.189892],[150.291518,-35.189011],[150.288787,-35.188265],[150.287551,-35.189445],[150.285552,-35.190788],[150.284189,-35.192155],[150.282391,-35.19371],[150.279589,-35.197406],[150.277505,-35.198639],[150.27698,-35.200213],[150.277482,-35.201297],[150.278024,-35.202842],[150.278958,-35.204449],[150.279556,-35.205968],[150.280607,-35.209994],[150.281739,-35.212615],[150.282172,-35.214112],[150.283467,-35.215457],[150.285472,-35.216593],[150.288114,-35.218419],[150.29054,-35.219104],[150.292205,-35.220241],[150.29394,-35.220244],[150.295177,-35.220046],[150.296345,-35.220261],[150.297464,-35.220313],[150.301392,-35.222087],[150.304132,-35.222607],[150.307326,-35.22203],[150.309784,-35.22276],[150.313115,-35.224682],[150.315498,-35.225042],[150.317308,-35.225785],[150.322219,-35.227426],[150.325141,-35.228771],[150.327175,-35.229383],[150.329829,-35.230524],[150.333193,-35.232446],[150.33651,-35.233474],[150.338036,-35.232183],[150.339725,-35.230904],[150.340554,-35.231418],[150.342172,-35.232688],[150.343193,-35.233702],[150.342344,-35.235144],[150.342184,-35.237367],[150.342967,-35.240286],[150.346092,-35.2415],[150.349199,-35.24191],[150.35349,-35.24104],[150.354405,-35.241961],[150.354102,-35.244533],[150.352523,-35.248491],[150.351216,-35.251491],[150.350958,-35.254704],[150.351771,-35.257416],[150.354253,-35.258814],[150.355584,-35.260447],[150.355712,-35.261919],[150.354605,-35.266573],[150.354168,-35.269187],[150.352855,-35.271385],[150.349994,-35.272494],[150.343348,-35.273366],[150.341279,-35.273123],[150.335198,-35.273529],[150.3256,-35.273633],[150.323332,-35.273727],[150.319879,-35.274444],[150.316747,-35.274446],[150.313701,-35.274153],[150.310962,-35.273543],[150.307099,-35.273357],[150.297421,-35.273205],[150.291917,-35.27181],[150.289488,-35.27081],[150.286529,-35.269896],[150.283914,-35.268548],[150.281248,-35.266785],[150.277498,-35.263573],[150.27497,-35.261605],[150.272644,-35.258884],[150.271371,-35.256855],[150.26919,-35.254381],[150.268692,-35.253504],[150.267468,-35.250051],[150.266274,-35.246004],[150.266284,-35.242769],[150.264772,-35.239706],[150.262886,-35.237626],[150.261961,-35.235397],[150.262684,-35.226977],[150.263024,-35.224064],[150.262574,-35.221097],[150.262634,-35.220621],[150.263666,-35.217688],[150.264179,-35.214842],[150.265852,-35.208841],[150.265028,-35.204595],[150.262267,-35.197871],[150.261278,-35.196253],[150.260398,-35.195008],[150.259234,-35.194359],[150.257802,-35.194165],[150.257045,-35.194138],[150.254837,-35.194494],[150.253737,-35.194875],[150.251962,-35.196403],[150.249858,-35.197581],[150.247482,-35.197355],[150.245562,-35.199277],[150.244839,-35.201171],[150.244461,-35.202596],[150.240433,-35.20546],[150.239976,-35.206946],[150.239982,-35.208713],[150.238881,-35.210409],[150.237269,-35.217791],[150.234837,-35.21988],[150.233349,-35.220676],[150.230082,-35.222746],[150.227833,-35.223947],[150.222834,-35.225608],[150.21996,-35.227084],[150.217976,-35.227939],[150.215218,-35.228606],[150.211307,-35.228921],[150.208646,-35.228698],[150.204877,-35.228079],[150.201221,-35.227066],[150.199041,-35.226565],[150.196585,-35.226111],[150.19325,-35.22726],[150.191922,-35.228193],[150.191534,-35.230203],[150.19036,-35.230176],[150.188933,-35.230765],[150.188828,-35.232232],[150.187995,-35.234403],[150.186092,-35.234457],[150.185035,-35.236109],[150.180484,-35.238112],[150.176078,-35.239073],[150.172512,-35.240531],[150.171793,-35.242254],[150.171706,-35.245371],[150.172377,-35.248198],[150.17322,-35.250183],[150.173812,-35.252117],[150.175212,-35.254835],[150.176925,-35.256453],[150.178622,-35.258232],[150.179135,-35.262435],[150.178384,-35.26413],[150.176844,-35.267032],[150.176233,-35.269416],[150.173976,-35.27332],[150.173207,-35.274257],[150.171962,-35.278131],[150.17129,-35.281017],[150.170612,-35.283444],[150.170763,-35.28544],[150.170477,-35.288281],[150.170342,-35.290576],[150.169965,-35.292253],[150.168903,-35.294013],[150.167595,-35.296524],[150.16622,-35.298763],[150.165474,-35.300278],[150.165043,-35.301602],[150.164193,-35.304853],[150.162879,-35.307229],[150.161184,-35.308208],[150.159548,-35.309711],[150.159285,-35.310948],[150.159177,-35.31246],[150.158383,-35.313469],[150.157314,-35.314147],[150.158036,-35.317408],[150.158805,-35.318697],[150.159912,-35.319724],[150.161808,-35.320561],[150.161383,-35.321381],[150.162442,-35.321919],[150.163732,-35.321193],[150.165332,-35.320725],[150.168059,-35.32042],[150.172262,-35.320365],[150.174978,-35.320041],[150.176106,-35.319563],[150.177512,-35.318334],[150.179056,-35.316324],[150.180459,-35.315491],[150.18214,-35.315224],[150.183197,-35.315825],[150.184107,-35.317163],[150.185504,-35.317475],[150.18733,-35.317148],[150.188453,-35.317111],[150.190158,-35.317394],[150.191655,-35.318943],[150.193013,-35.320074],[150.194331,-35.320113],[150.196268,-35.319437],[150.198622,-35.319411],[150.200099,-35.320265],[150.200249,-35.32135],[150.199225,-35.323607],[150.199176,-35.32503],[150.200288,-35.325642],[150.20152,-35.325643],[150.202643,-35.325264],[150.203948,-35.324104],[150.205624,-35.324945],[150.20619,-35.326391],[150.20778,-35.327483],[150.209623,-35.327633],[150.211775,-35.328062],[150.211707,-35.329394],[150.211832,-35.330542],[150.213457,-35.330624],[150.215145,-35.330149],[150.217819,-35.329156],[150.219933,-35.327799],[150.220846,-35.326216],[150.221788,-35.324065],[150.222836,-35.322998],[150.223847,-35.322382],[150.225448,-35.322193],[150.227453,-35.323393],[150.229644,-35.325246],[150.23144,-35.325143],[150.233993,-35.324796],[150.235602,-35.324048],[150.236779,-35.32339],[150.237514,-35.323443],[150.240025,-35.326899],[150.241332,-35.327605],[150.242897,-35.327523],[150.247569,-35.326287],[150.253056,-35.326006],[150.254705,-35.326016],[150.256703,-35.3258],[150.259329,-35.326202],[150.263629,-35.327201],[150.267316,-35.32842],[150.270558,-35.328809],[150.273357,-35.329332],[150.276034,-35.330492],[150.278067,-35.332206],[150.280181,-35.333118],[150.286442,-35.334674],[150.289852,-35.335355],[150.29189,-35.336563],[150.295191,-35.339819],[150.296501,-35.34047],[150.300027,-35.341622],[150.302666,-35.34297],[150.305345,-35.344778],[150.307984,-35.346811],[150.313239,-35.351227],[150.315577,-35.35338],[150.317803,-35.355277],[150.319634,-35.35712],[150.32391,-35.360911],[150.325604,-35.36258],[150.327572,-35.3653],[150.329143,-35.367715],[150.334415,-35.37707],[150.336102,-35.379307],[150.337428,-35.38149],[150.337909,-35.383583],[150.339745,-35.385336],[150.341789,-35.386111],[150.34544,-35.388544],[150.347126,-35.390843],[150.348288,-35.392672],[150.350501,-35.396677],[150.352299,-35.398934],[150.3541,-35.40074],[150.357059,-35.402518],[150.359216,-35.402853],[150.361567,-35.403355],[150.363346,-35.405864],[150.364713,-35.406128],[150.36659,-35.406322],[150.367793,-35.406231],[150.371121,-35.407151],[150.372351,-35.407908],[150.374417,-35.408701],[150.377201,-35.408419],[150.379945,-35.407983],[150.381138,-35.406864],[150.381783,-35.403579],[150.382242,-35.402688],[150.382472,-35.398303],[150.382515,-35.392544],[150.382006,-35.390226],[150.38176,-35.38593],[150.380834,-35.379177],[150.380424,-35.375184],[150.379412,-35.372097],[150.376452,-35.364966],[150.37487,-35.358757],[150.375165,-35.357475],[150.376,-35.352067],[150.376069,-35.346876],[150.375895,-35.343754],[150.375602,-35.34263],[150.375366,-35.340398],[150.375217,-35.337871],[150.375258,-35.332842],[150.374975,-35.330366],[150.374882,-35.328508],[150.373681,-35.324822],[150.373245,-35.319593],[150.373144,-35.314904],[150.373248,-35.312725],[150.37472,-35.307664],[150.375297,-35.306153],[150.375505,-35.304797],[150.375569,-35.303167],[150.377485,-35.298314],[150.377578,-35.297829],[150.377938,-35.297558],[150.378513,-35.296434],[150.37978,-35.291576],[150.380719,-35.290434],[150.381989,-35.289226],[150.386821,-35.287005],[150.39487,-35.28489],[150.399428,-35.282617],[150.401532,-35.281779],[150.404541,-35.280834],[150.410383,-35.278273],[150.414024,-35.277513],[150.416466,-35.277457],[150.42123,-35.276973],[150.42386,-35.277218],[150.426148,-35.277528],[150.430831,-35.276447],[150.434612,-35.276122],[150.438012,-35.274968],[150.44006,-35.274849],[150.443533,-35.273805],[150.445337,-35.272022],[150.447682,-35.269097],[150.449294,-35.267454],[150.450197,-35.266013],[150.451192,-35.264069],[150.451772,-35.262414],[150.451805,-35.260648],[150.451232,-35.259635],[150.449158,-35.259537],[150.44783,-35.260537],[150.446842,-35.261913],[150.445414,-35.262244],[150.443988,-35.261438],[150.442298,-35.26033],[150.439854,-35.260449],[150.438143,-35.260693],[150.437123,-35.259932],[150.435357,-35.259462],[150.432811,-35.260066],[150.427498,-35.261945],[150.424783,-35.262302],[150.423474,-35.262364],[150.422408,-35.262332],[150.420478,-35.261867],[150.419362,-35.261357],[150.417269,-35.260122],[150.415623,-35.259709],[150.411179,-35.259839],[150.40893,-35.260061],[150.407334,-35.260829],[150.404113,-35.263617],[150.403101,-35.265011],[150.398389,-35.266289],[150.396401,-35.266255],[150.393716,-35.266017],[150.391916,-35.266275],[150.389674,-35.266957],[150.386791,-35.267075],[150.385529,-35.267003],[150.382587,-35.267264],[150.379486,-35.267314],[150.375704,-35.268025],[150.375226,-35.267519],[150.375597,-35.26658],[150.377573,-35.264595],[150.379803,-35.263246],[150.381775,-35.261054],[150.383408,-35.259484],[150.385661,-35.258803],[150.388289,-35.258409],[150.391433,-35.258053],[150.392884,-35.25804],[150.394822,-35.257225],[150.395921,-35.256203],[150.396355,-35.255005],[150.397453,-35.253298],[150.398825,-35.250271],[150.399032,-35.248599],[150.399738,-35.247479],[150.401315,-35.247296],[150.402541,-35.247449],[150.404058,-35.247085],[150.405256,-35.247092],[150.406245,-35.246383],[150.407256,-35.24536],[150.408519,-35.245017],[150.410429,-35.245076],[150.412125,-35.24532],[150.413838,-35.245329],[150.416685,-35.24566],[150.417661,-35.24606],[150.418808,-35.246274],[150.420988,-35.246464],[150.422138,-35.245894],[150.42288,-35.245026],[150.423853,-35.242415],[150.424392,-35.241345],[150.425647,-35.240912],[150.426349,-35.240963],[150.427239,-35.241288],[150.429071,-35.24313],[150.429554,-35.242789],[150.429366,-35.241802],[150.428844,-35.240214],[150.428969,-35.239414],[150.42931,-35.238682],[150.429375,-35.237692],[150.430135,-35.233427],[150.431294,-35.231189],[150.432535,-35.229809],[150.433468,-35.229126],[150.43378,-35.228627],[150.434294,-35.226628],[150.434558,-35.225922],[150.434648,-35.224797],[150.43438,-35.222502],[150.43445,-35.221304],[150.4349,-35.220277],[150.438718,-35.218321],[150.44188,-35.219073],[150.445151,-35.219502],[150.446403,-35.219871],[150.448975,-35.220854],[150.449493,-35.221866],[150.450501,-35.222284],[150.451205,-35.22192],[150.452839,-35.220232],[150.453985,-35.219779],[150.454905,-35.219852],[150.456026,-35.2202],[150.457088,-35.220295],[150.458544,-35.2201],[150.460034,-35.218473],[150.460968,-35.218114],[150.462651,-35.216968],[150.463743,-35.21718],[150.465219,-35.217761],[150.465883,-35.218298],[150.466683,-35.220136],[150.468156,-35.221519],[150.469641,-35.221802],[150.471183,-35.221672],[150.475379,-35.221669],[150.477132,-35.221814],[150.478707,-35.221685],[150.480351,-35.221809],[150.482175,-35.222145],[150.483781,-35.223116],[150.484534,-35.224015],[150.484812,-35.224606],[150.484971,-35.225502],[150.485303,-35.226149],[150.485547,-35.227137],[150.485683,-35.228401],[150.486007,-35.2293],[150.486867,-35.229922],[150.488335,-35.229331],[150.490862,-35.227553],[150.492772,-35.226899],[150.494235,-35.225757],[150.496405,-35.223423],[150.497942,-35.222373],[150.499076,-35.220864],[150.499986,-35.219494],[150.50035,-35.218348],[150.500138,-35.217379],[150.499499,-35.216392],[150.497084,-35.213485],[150.495247,-35.212861],[150.492606,-35.213717],[150.489748,-35.214162],[150.487786,-35.214365],[150.485748,-35.213845],[150.48492,-35.212214],[150.484584,-35.209593],[150.484227,-35.208675],[150.483449,-35.207568],[150.482165,-35.206829],[150.48036,-35.205539],[150.479438,-35.204429],[150.47858,-35.203068],[150.479038,-35.202104],[150.480756,-35.201247],[150.483502,-35.20052],[150.483672,-35.199974],[150.483814,-35.198598],[150.484669,-35.19757],[150.486012,-35.19675],[150.488498,-35.196622],[150.490871,-35.197293],[150.492441,-35.197326],[150.495181,-35.196787],[150.497565,-35.196016],[150.498967,-35.195432],[150.500463,-35.194634],[150.503745,-35.188572],[150.487627,-35.180685],[150.504214,-35.173258],[150.489402,-35.164766],[150.504656,-35.15879],[150.488532,-35.148451],[150.505239,-35.139701]]]},"properties":{"OBJECTID":11371,"FireType":1,"FireName":"Burnt 1968-69","FireNo":"","FireYear":196869,"Label":"1968-69 Wildfire","StartDate":null,"EndDate":null,"Intensity":9999,"AreaHa":39433.92848968,"PerimeterM":180883.18214649,"OFHObjMet":null,"ObjNotMet":null,"NPWSBranch":"STHC","NPWSArea":"SHOA","VerDate":1788739200000,"Shape.STArea()":0.03905482755754061,"Shape.STLength()":1.8219552710580642}},{"type":"Feature","id":12310,"geometry":{"type":"Polygon","coordinates":[[[150.289291,-35.348845],[150.289393,-35.348081],[150.289166,-35.347291],[150.289073,-35.346478],[150.289886,-35.34518],[150.289961,-35.344596],[150.289525,-35.343469],[150.287258,-35.342174],[150.286815,-35.340956],[150.287571,-35.340396],[150.289546,-35.339548],[150.289695,-35.339065],[150.289364,-35.338436],[150.290326,-35.337601],[150.290126,-35.337011],[150.289212,-35.336377],[150.289513,-35.335951],[150.290357,-35.3357],[150.2922,-35.335525],[150.292987,-35.335011],[150.292948,-35.334198],[150.292714,-35.333292],[150.293845,-35.332028],[150.295028,-35.330883],[150.295726,-35.329727],[150.295921,-35.328487],[150.296005,-35.32729],[150.296599,-35.325961],[150.297256,-35.325065],[150.299077,-35.323231],[150.299981,-35.322503],[150.300937,-35.321533],[150.301847,-35.319642],[150.301827,-35.318578],[150.301551,-35.317635],[150.301396,-35.316667],[150.301808,-35.315531],[150.301904,-35.31429],[150.301491,-35.313154],[150.300793,-35.311984],[150.299849,-35.311269],[150.298186,-35.310349],[150.297426,-35.309403],[150.297176,-35.308325],[150.297401,-35.307185],[150.297735,-35.306048],[150.298345,-35.304926],[150.299239,-35.303828],[150.300081,-35.302955],[150.300501,-35.302243],[150.300628,-35.30139],[150.300875,-35.300593],[150.301021,-35.299488],[150.301256,-35.298709],[150.301691,-35.297853],[150.301553,-35.297048],[150.302134,-35.295114],[150.301961,-35.294695],[150.301433,-35.295378],[150.301072,-35.296307],[150.300792,-35.297445],[150.300669,-35.298849],[150.300305,-35.299535],[150.299517,-35.302077],[150.298975,-35.30284],[150.297873,-35.303897],[150.296767,-35.304747],[150.296159,-35.305508],[150.296332,-35.306269],[150.295725,-35.308302],[150.296148,-35.309483],[150.296222,-35.310539],[150.295875,-35.312046],[150.296986,-35.313702],[150.298086,-35.314673],[150.299277,-35.315556],[150.30007,-35.316511],[150.30003,-35.31806],[150.299171,-35.319402],[150.299521,-35.320456],[150.299716,-35.321551],[150.299385,-35.322228],[150.298498,-35.322452],[150.297448,-35.322942],[150.295651,-35.325056],[150.294239,-35.325845],[150.291108,-35.327046],[150.290378,-35.327822],[150.289867,-35.328956],[150.289182,-35.329715],[150.288483,-35.330223],[150.286106,-35.33126],[150.284376,-35.331663],[150.283618,-35.332303],[150.282029,-35.334413],[150.281461,-35.335608],[150.280076,-35.337884],[150.279758,-35.338842],[150.279969,-35.339757],[150.279989,-35.341794],[150.280381,-35.342236],[150.281343,-35.343059],[150.281932,-35.343866],[150.282628,-35.345116],[150.284005,-35.34668],[150.28638,-35.348707],[150.287267,-35.349142],[150.289344,-35.349224],[150.289291,-35.348845]]]},"properties":{"OBJECTID":12310,"FireType":2,"FireName":"Burnt 1988-89","FireNo":"","FireYear":198889,"Label":"1988-89 Prescribed Burn","StartDate":null,"EndDate":null,"Intensity":9999,"AreaHa":232.77649496,"PerimeterM":14856.77771061,"OFHObjMet":null,"ObjNotMet":null,"NPWSBranch":"STHC","NPWSArea":"SHOA","VerDate":1788739200000,"Shape.STArea()":0.00023076546782835802,"Shape.STLength()":0.1429590528856434}},{"type":"Feature","id":12631,"geometry":{"type":"Polygon","coordinates":[[[150.238643,-35.349716],[150.236484,-35.349153],[150.235769,-35.347226],[150.23532,-35.344899],[150.235025,-35.342603],[150.235013,-35.339709],[150.234545,-35.33667],[150.23332,-35.335173],[150.232394,-35.334575],[150.231393,-35.333632],[150.23117,-35.332735],[150.231487,-35.331192],[150.231605,-35.329338],[150.230762,-35.32793],[150.229982,-35.327264],[150.230121,-35.327078],[150.229985,-35.326867],[150.228539,-35.325076],[150.227701,-35.323858],[150.22653,-35.323047],[150.225242,-35.322747],[150.224093,-35.322901],[150.223074,-35.324077],[150.221865,-35.32568],[150.221016,-35.327013],[150.221065,-35.328483],[150.222581,-35.329176],[150.224564,-35.330375],[150.224255,-35.331359],[150.222933,-35.33205],[150.221638,-35.332615],[150.220114,-35.335699],[150.218752,-35.339805],[150.218424,-35.340076],[150.216559,-35.342467],[150.216102,-35.343295],[150.214028,-35.345077],[150.211644,-35.346265],[150.208697,-35.346855],[150.208015,-35.348462],[150.207559,-35.349884],[150.205788,-35.350826],[150.203717,-35.351553],[150.202088,-35.351894],[150.200931,-35.352877],[150.200489,-35.353587],[150.199667,-35.355407],[150.199068,-35.357124],[150.198532,-35.358319],[150.197342,-35.35995],[150.196253,-35.361232],[150.195705,-35.362427],[150.19627,-35.363602],[150.197414,-35.363926],[150.199382,-35.363657],[150.200272,-35.363677],[150.202462,-35.36398],[150.203889,-35.364744],[150.205172,-35.365828],[150.206424,-35.36811],[150.207116,-35.370388],[150.206801,-35.372499],[150.206278,-35.374912],[150.206049,-35.377394],[150.205258,-35.37925],[150.205803,-35.381003],[150.206614,-35.38176],[150.209303,-35.382598],[150.211523,-35.38301],[150.213733,-35.382763],[150.216199,-35.38273],[150.217801,-35.383515],[150.220157,-35.383822],[150.221362,-35.38366],[150.223182,-35.382584],[150.224625,-35.381275],[150.226844,-35.380091],[150.228292,-35.38025],[150.229015,-35.381952],[150.228842,-35.383129],[150.228901,-35.383978],[150.22971,-35.38478],[150.231446,-35.385199],[150.232883,-35.384375],[150.235415,-35.381126],[150.236653,-35.380983],[150.237255,-35.382691],[150.236415,-35.384069],[150.233484,-35.386426],[150.2302,-35.389451],[150.228786,-35.391519],[150.228413,-35.394061],[150.229391,-35.395724],[150.228882,-35.397073],[150.227248,-35.398496],[150.227946,-35.39935],[150.229142,-35.400414],[150.227849,-35.401214],[150.225666,-35.401299],[150.223918,-35.40189],[150.222148,-35.403084],[150.221052,-35.40423],[150.220481,-35.406434],[150.221041,-35.407421],[150.225085,-35.407342],[150.227157,-35.407579],[150.230351,-35.407536],[150.233187,-35.407664],[150.235936,-35.408105],[150.238203,-35.408779],[150.241364,-35.409059],[150.243587,-35.409082],[150.245524,-35.408451],[150.246457,-35.404659],[150.247524,-35.403719],[150.252752,-35.400837],[150.25379,-35.401041],[150.25604,-35.400939],[150.257662,-35.400498],[150.259268,-35.40021],[150.260379,-35.400551],[150.261903,-35.400423],[150.26375,-35.401132],[150.266047,-35.400914],[150.267786,-35.401259],[150.269749,-35.401493],[150.271321,-35.401222],[150.272493,-35.401384],[150.274483,-35.401456],[150.276486,-35.400843],[150.277491,-35.399766],[150.27795,-35.398226],[150.277788,-35.396501],[150.278234,-35.395655],[150.279896,-35.395332],[150.281261,-35.39566],[150.282049,-35.39483],[150.28279,-35.392747],[150.283775,-35.391615],[150.284646,-35.390265],[150.285906,-35.389762],[150.286443,-35.390819],[150.287614,-35.392657],[150.288923,-35.394021],[150.292283,-35.395592],[150.294132,-35.396238],[150.296659,-35.396402],[150.29921,-35.396153],[150.304177,-35.394416],[150.306423,-35.392745],[150.307693,-35.390331],[150.307448,-35.388081],[150.306698,-35.386469],[150.307068,-35.385278],[150.307321,-35.382976],[150.30842,-35.380703],[150.309416,-35.378895],[150.310708,-35.377103],[150.312669,-35.375362],[150.314672,-35.374055],[150.316741,-35.373389],[150.318398,-35.373182],[150.319773,-35.372221],[150.320365,-35.371603],[150.321518,-35.369033],[150.321664,-35.366594],[150.321562,-35.364707],[150.322097,-35.362826],[150.322972,-35.360647],[150.324075,-35.358904],[150.325305,-35.357318],[150.325001,-35.356536],[150.323686,-35.357363],[150.323152,-35.356558],[150.323349,-35.355247],[150.323751,-35.353732],[150.322349,-35.353197],[150.313616,-35.35047],[150.310787,-35.349848],[150.309095,-35.350117],[150.303676,-35.347328],[150.301543,-35.346631],[150.299306,-35.346419],[150.296611,-35.346413],[150.290693,-35.347695],[150.288929,-35.349134],[150.287829,-35.350425],[150.286234,-35.350443],[150.284323,-35.349679],[150.282926,-35.34935],[150.281712,-35.350107],[150.281795,-35.351578],[150.282299,-35.352617],[150.281596,-35.353584],[150.279856,-35.354284],[150.277447,-35.354581],[150.275028,-35.355193],[150.273536,-35.356368],[150.271941,-35.357999],[150.271238,-35.35829],[150.270072,-35.362518],[150.269623,-35.364743],[150.269143,-35.365273],[150.268241,-35.365595],[150.267713,-35.365592],[150.266277,-35.364766],[150.265446,-35.363332],[150.264251,-35.360899],[150.2628,-35.359559],[150.260703,-35.358132],[150.258043,-35.355782],[150.254913,-35.353341],[150.251163,-35.351354],[150.249181,-35.350425],[150.246435,-35.349642],[150.243441,-35.349699],[150.241302,-35.349831],[150.238643,-35.349716]]]},"properties":{"OBJECTID":12631,"FireType":2,"FireName":"Burnt 1980-81","FireNo":"","FireYear":198081,"Label":"1980-81 Prescribed Burn","StartDate":null,"EndDate":null,"Intensity":9999,"AreaHa":5424.38411003,"PerimeterM":44768.16084315,"OFHObjMet":null,"ObjNotMet":null,"NPWSBranch":"STHC","NPWSArea":"SHOA","VerDate":1788739200000,"Shape.STArea()":0.005380143214548704,"Shape.STLength()":0.44980695874411364}},{"type":"Feature","id":23078,"geometry":{"type":"Polygon","coordinates":[[[150.269119,-35.390474],[150.267288,-35.392848],[150.267206,-35.395297],[150.266178,-35.397699],[150.265049,-35.398863],[150.265656,-35.400436],[150.268265,-35.400756],[150.271189,-35.400895],[150.274438,-35.4015],[150.27904,-35.402145],[150.281305,-35.401556],[150.281738,-35.400141],[150.280475,-35.399067],[150.277841,-35.397845],[150.274929,-35.395427],[150.273139,-35.393656],[150.271725,-35.391839],[150.270451,-35.390459],[150.269119,-35.390474]]]},"properties":{"OBJECTID":23078,"FireType":1,"FireName":null,"FireNo":null,"FireYear":194445,"Label":"1944-45 Wildfire","StartDate":null,"EndDate":null,"Intensity":9999,"AreaHa":101.0451606,"PerimeterM":4448.25805018,"OFHObjMet":null,"ObjNotMet":null,"NPWSBranch":"STHC","NPWSArea":"SHOA","VerDate":1788739200000,"Shape.STArea()":0.0001002530934086531,"Shape.STLength()":0.045074745553790735}},{"type":"Feature","id":23551,"geometry":{"type":"Polygon","coordinates":[[[150.285374,-35.382332],[150.284004,-35.382166],[150.283401,-35.383089],[150.2831,-35.385805],[150.283906,-35.3864],[150.285661,-35.385267],[150.28577,-35.383656],[150.285374,-35.382332]]]},"properties":{"OBJECTID":23551,"FireType":1,"FireName":null,"FireNo":null,"FireYear":196364,"Label":"1963-64 Wildfire","StartDate":null,"EndDate":null,"Intensity":9999,"AreaHa":8.52148052,"PerimeterM":1176.45635675,"OFHObjMet":null,"ObjNotMet":null,"NPWSBranch":"STHC","NPWSArea":"SHOA","VerDate":1788739200000,"Shape.STArea()":8.453316031938187e-06,"Shape.STLength()":0.011302734151831811}},{"type":"Feature","id":23568,"geometry":{"type":"Polygon","coordinates":[[[150.299034,-35.302715],[150.296837,-35.30363],[150.295436,-35.305429],[150.294918,-35.308094],[150.295188,-35.310246],[150.297267,-35.313843],[150.298029,-35.315744],[150.298508,-35.318189],[150.298346,-35.319744],[150.297335,-35.322372],[150.294991,-35.324401],[150.292817,-35.32593],[150.290307,-35.327316],[150.288475,-35.328492],[150.286896,-35.330007],[150.286114,-35.328042],[150.285605,-35.325507],[150.284164,-35.324204],[150.282957,-35.322815],[150.282561,-35.322158],[150.281088,-35.320502],[150.279647,-35.319505],[150.276588,-35.318904],[150.274575,-35.318264],[150.273929,-35.319827],[150.273416,-35.320356],[150.271534,-35.320746],[150.27116,-35.323027],[150.272889,-35.325257],[150.274512,-35.326699],[150.274625,-35.327928],[150.273639,-35.329447],[150.27369,-35.331205],[150.273967,-35.333096],[150.274533,-35.335236],[150.275731,-35.337894],[150.276031,-35.340407],[150.275188,-35.341929],[150.273737,-35.342888],[150.272286,-35.341206],[150.271298,-35.338876],[150.270159,-35.337075],[150.26826,-35.336978],[150.266971,-35.338337],[150.265493,-35.338447],[150.26422,-35.337057],[150.263442,-35.334696],[150.262628,-35.334687],[150.261567,-35.336457],[150.260595,-35.337237],[150.25957,-35.337295],[150.258378,-35.338728],[150.256582,-35.338164],[150.254758,-35.338745],[150.2545,-35.34183],[150.256185,-35.344365],[150.25847,-35.346085],[150.262464,-35.346058],[150.265874,-35.345405],[150.269651,-35.345644],[150.271895,-35.346308],[150.272418,-35.347104],[150.273081,-35.349309],[150.273289,-35.351963],[150.273849,-35.353941],[150.275508,-35.354988],[150.27832,-35.355466],[150.281319,-35.354281],[150.284619,-35.352651],[150.283934,-35.350455],[150.284481,-35.348583],[150.286336,-35.34968],[150.289224,-35.35052],[150.290497,-35.352567],[150.291368,-35.355165],[150.293303,-35.359805],[150.294171,-35.362141],[150.295137,-35.363857],[150.296558,-35.364475],[150.298208,-35.362844],[150.297016,-35.357689],[150.296331,-35.355799],[150.295691,-35.353531],[150.295068,-35.35175],[150.294418,-35.350456],[150.293866,-35.348875],[150.296097,-35.348294],[150.297252,-35.348608],[150.300893,-35.350285],[150.30453,-35.351078],[150.308195,-35.351719],[150.310914,-35.351987],[150.313207,-35.351849],[150.315385,-35.352546],[150.317647,-35.353985],[150.319897,-35.354837],[150.322378,-35.355333],[150.323779,-35.354535],[150.323717,-35.353101],[150.321207,-35.351801],[150.318556,-35.350787],[150.316053,-35.34965],[150.314027,-35.349028],[150.312948,-35.349058],[150.309257,-35.347885],[150.304469,-35.345984],[150.300333,-35.345297],[150.293269,-35.345671],[150.289357,-35.345556],[150.2862,-35.345206],[150.283883,-35.344108],[150.281883,-35.342071],[150.281149,-35.339666],[150.281429,-35.336572],[150.283105,-35.334167],[150.286454,-35.332998],[150.288949,-35.332396],[150.291297,-35.331268],[150.29526,-35.327211],[150.299342,-35.323201],[150.300608,-35.321841],[150.301875,-35.319787],[150.301868,-35.313396],[150.299983,-35.312201],[150.298648,-35.306717],[150.29892,-35.304488],[150.299034,-35.302715]]]},"properties":{"OBJECTID":23568,"FireType":2,"FireName":null,"FireNo":null,"FireYear":196465,"Label":"1964-65 Prescribed Burn","StartDate":null,"EndDate":null,"Intensity":9999,"AreaHa":838.54056229,"PerimeterM":32670.75528403,"OFHObjMet":null,"ObjNotMet":null,"NPWSBranch":"STHC","NPWSArea":"SHOA","VerDate":1788739200000,"Shape.STArea()":0.000831373851934828,"Shape.STLength()":0.3243349561942728}},{"type":"Feature","id":23610,"geometry":{"type":"Polygon","coordinates":[[[150.287198,-35.387348],[150.292179,-35.387487],[150.295894,-35.388318],[150.299748,-35.388594],[150.3045,-35.389367],[150.308967,-35.391071],[150.312264,-35.393885],[150.315708,-35.397558],[150.319366,-35.401109],[150.323877,-35.403517],[150.336347,-35.405965],[150.339957,-35.408019],[150.344123,-35.409895],[150.347473,-35.411159],[150.350907,-35.411856],[150.354643,-35.409405],[150.35724,-35.406397],[150.362516,-35.402258],[150.36461,-35.400844],[150.366847,-35.398757],[150.368089,-35.395097],[150.36802,-35.392815],[150.365202,-35.385723],[150.366419,-35.383478],[150.369689,-35.38245],[150.372947,-35.380051],[150.375725,-35.377885],[150.378609,-35.375162],[150.380126,-35.373843],[150.382408,-35.373713],[150.384774,-35.374413],[150.386449,-35.374341],[150.387908,-35.37312],[150.388855,-35.370697],[150.389928,-35.368837],[150.391878,-35.36741],[150.394831,-35.366923],[150.395919,-35.366649],[150.396931,-35.365626],[150.397571,-35.364197],[150.397617,-35.362414],[150.397385,-35.360723],[150.39746,-35.359427],[150.397709,-35.357828],[150.393751,-35.357409],[150.390768,-35.355046],[150.386747,-35.352814],[150.380019,-35.35128],[150.374605,-35.350991],[150.368466,-35.352335],[150.364777,-35.352444],[150.362552,-35.348781],[150.359326,-35.344808],[150.355216,-35.341311],[150.350846,-35.339034],[150.345907,-35.337348],[150.341059,-35.337268],[150.338096,-35.338041],[150.332189,-35.340381],[150.327912,-35.340998],[150.322938,-35.34105],[150.31753,-35.341255],[150.31204,-35.341277],[150.306779,-35.342007],[150.303909,-35.343304],[150.302595,-35.344437],[150.301647,-35.34548],[150.304337,-35.346306],[150.307655,-35.347101],[150.312094,-35.348931],[150.316594,-35.349572],[150.318024,-35.350595],[150.320585,-35.351986],[150.323033,-35.352815],[150.324043,-35.353559],[150.323783,-35.35477],[150.322813,-35.355469],[150.321007,-35.355519],[150.318809,-35.354803],[150.316695,-35.353828],[150.314734,-35.352604],[150.313198,-35.352137],[150.310976,-35.352106],[150.308359,-35.352417],[150.305996,-35.352004],[150.303176,-35.351454],[150.301046,-35.350658],[150.297257,-35.348789],[150.295722,-35.348304],[150.294407,-35.3485],[150.293577,-35.349617],[150.295285,-35.353819],[150.296287,-35.355798],[150.297002,-35.357427],[150.297863,-35.358997],[150.298514,-35.360598],[150.298794,-35.3621],[150.29869,-35.363585],[150.297726,-35.365096],[150.29641,-35.365292],[150.295073,-35.364784],[150.294137,-35.363168],[150.293634,-35.363733],[150.292014,-35.366446],[150.289922,-35.368463],[150.286929,-35.369423],[150.284521,-35.371019],[150.283405,-35.372787],[150.283168,-35.374927],[150.282514,-35.376382],[150.281841,-35.379061],[150.281828,-35.381089],[150.282906,-35.382745],[150.284584,-35.384549],[150.286108,-35.386711],[150.287198,-35.387348]]]},"properties":{"OBJECTID":23610,"FireType":1,"FireName":null,"FireNo":null,"FireYear":196465,"Label":"1964-65 Wildfire","StartDate":null,"EndDate":null,"Intensity":9999,"AreaHa":5054.30553704,"PerimeterM":36052.61078939,"OFHObjMet":null,"ObjNotMet":null,"NPWSBranch":"STHC","NPWSArea":"SHOA","VerDate":1788739200000,"Shape.STArea()":0.0050131209497395884,"Shape.STLength()":0.3702701493052429}},{"type":"Feature","id":23611,"geometry":{"type":"Polygon","coordinates":[[[150.283122,-35.333987],[150.282086,-35.335009],[150.281354,-35.336173],[150.280844,-35.338587],[150.280918,-35.340328],[150.2816,-35.341975],[150.2834,-35.343746],[150.28481,-35.345319],[150.286845,-35.345977],[150.288888,-35.346086],[150.292028,-35.345598],[150.2946,-35.345674],[150.297838,-35.345241],[150.300345,-35.345261],[150.302136,-35.345004],[150.303648,-35.343551],[150.303337,-35.343634],[150.301695,-35.342056],[150.299337,-35.340191],[150.297179,-35.338944],[150.292971,-35.337128],[150.288937,-35.33574],[150.285278,-35.334964],[150.283122,-35.333987]]]},"properties":{"OBJECTID":23611,"FireType":1,"FireName":null,"FireNo":null,"FireYear":196465,"Label":"1964-65 Wildfire","StartDate":null,"EndDate":null,"Intensity":9999,"AreaHa":171.21962733,"PerimeterM":5431.17192609,"OFHObjMet":null,"ObjNotMet":null,"NPWSBranch":"STHC","NPWSArea":"SHOA","VerDate":1788739200000,"Shape.STArea()":0.0001697608247982661,"Shape.STLength()":0.05612998634399066}},{"type":"Feature","id":23621,"geometry":{"type":"Polygon","coordinates":[[[150.250739,-35.324601],[150.256469,-35.324921],[150.260026,-35.32575],[150.263081,-35.32681],[150.267258,-35.326869],[150.268869,-35.327689],[150.270595,-35.330009],[150.272699,-35.33057],[150.272668,-35.329199],[150.273383,-35.3279],[150.274389,-35.327409],[150.273774,-35.326088],[150.272227,-35.324971],[150.27108,-35.323449],[150.270618,-35.322456],[150.271256,-35.321146],[150.272259,-35.32042],[150.273728,-35.320255],[150.27456,-35.319363],[150.276075,-35.318785],[150.278644,-35.318942],[150.280721,-35.319628],[150.282084,-35.320957],[150.282809,-35.322307],[150.283075,-35.323242],[150.283572,-35.323812],[150.284489,-35.325329],[150.285246,-35.327707],[150.285927,-35.329354],[150.290986,-35.326078],[150.295522,-35.322638],[150.296582,-35.320868],[150.297644,-35.317701],[150.297745,-35.315341],[150.296671,-35.312929],[150.296076,-35.311311],[150.295622,-35.309408],[150.295109,-35.306665],[150.295397,-35.304635],[150.299088,-35.301418],[150.300737,-35.296137],[150.301714,-35.290544],[150.301986,-35.284357],[150.301126,-35.282779],[150.301277,-35.280556],[150.303194,-35.280752],[150.304554,-35.280187],[150.304513,-35.277419],[150.307146,-35.274918],[150.310166,-35.273669],[150.313077,-35.275068],[150.314618,-35.277004],[150.315503,-35.278826],[150.316232,-35.278698],[150.319437,-35.276859],[150.321598,-35.274978],[150.325044,-35.2728],[150.326076,-35.270498],[150.327459,-35.267887],[150.328795,-35.265708],[150.329402,-35.263955],[150.328687,-35.262641],[150.327323,-35.262007],[150.324367,-35.261996],[150.324196,-35.260505],[150.32353,-35.258706],[150.321788,-35.257892],[150.319409,-35.25737],[150.314773,-35.260666],[150.312638,-35.262087],[150.31028,-35.262612],[150.308497,-35.264005],[150.307188,-35.265364],[150.303912,-35.264723],[150.297586,-35.260634],[150.294499,-35.261259],[150.288617,-35.263327],[150.285579,-35.26379],[150.280847,-35.263982],[150.271616,-35.26463],[150.269971,-35.265819],[150.267987,-35.267946],[150.26623,-35.269556],[150.264778,-35.271551],[150.261902,-35.274037],[150.260222,-35.275296],[150.258787,-35.276138],[150.256687,-35.276794],[150.254378,-35.277165],[150.25192,-35.276388],[150.249332,-35.274589],[150.246478,-35.273497],[150.245307,-35.274976],[150.245328,-35.277274],[150.245564,-35.279055],[150.242908,-35.281212],[150.240186,-35.280438],[150.237568,-35.280829],[150.236256,-35.282548],[150.236348,-35.285019],[150.236836,-35.287149],[150.24016,-35.289307],[150.242135,-35.289721],[150.243707,-35.291037],[150.244596,-35.293004],[150.245538,-35.294098],[150.247951,-35.294271],[150.248897,-35.296185],[150.247854,-35.297775],[150.246028,-35.299085],[150.246001,-35.300869],[150.247829,-35.303047],[150.250948,-35.304145],[150.254142,-35.302668],[150.256339,-35.301429],[150.257273,-35.302748],[150.258528,-35.305967],[150.257683,-35.307877],[150.255756,-35.309888],[150.254256,-35.312315],[150.254829,-35.31487],[150.257478,-35.31557],[150.260781,-35.314464],[150.263419,-35.312207],[150.266932,-35.310439],[150.270301,-35.309659],[150.27224,-35.310541],[150.273153,-35.312148],[150.272259,-35.314219],[150.267986,-35.316682],[150.265398,-35.318435],[150.263146,-35.319664],[150.260289,-35.31959],[150.256953,-35.319379],[150.254694,-35.319508],[150.253158,-35.321042],[150.252179,-35.322669],[150.250739,-35.324601]]]},"properties":{"OBJECTID":23621,"FireType":1,"FireName":null,"FireNo":null,"FireYear":196465,"Label":"1964-65 Wildfire","StartDate":null,"EndDate":null,"Intensity":9999,"AreaHa":3221.86963514,"PerimeterM":37191.01080761,"OFHObjMet":null,"ObjNotMet":null,"NPWSBranch":"STHC","NPWSArea":"SHOA","VerDate":1788739200000,"Shape.STArea()":0.0031924493421335897,"Shape.STLength()":0.3729123517477245}},{"type":"Feature","id":23622,"geometry":{"type":"Polygon","coordinates":[[[150.222039,-35.328307],[150.226515,-35.331835],[150.22752,-35.333994],[150.228309,-35.335986],[150.229211,-35.338576],[150.231761,-35.342167],[150.232049,-35.344364],[150.231766,-35.347197],[150.233417,-35.348136],[150.237749,-35.348848],[150.241048,-35.34823],[150.242569,-35.347192],[150.244922,-35.346245],[150.247915,-35.346557],[150.251207,-35.346469],[150.254462,-35.345876],[150.257397,-35.345619],[150.256126,-35.344472],[150.254871,-35.341902],[150.254458,-35.33917],[150.25612,-35.338487],[150.258328,-35.338898],[150.259868,-35.337599],[150.261477,-35.337176],[150.262795,-35.335268],[150.263181,-35.334591],[150.262307,-35.332787],[150.261288,-35.331376],[150.259284,-35.329491],[150.257145,-35.327685],[150.254958,-35.326338],[150.252915,-35.325291],[150.250716,-35.32461],[150.248529,-35.325209],[150.244929,-35.325659],[150.242825,-35.325755],[150.2415,-35.324931],[150.239905,-35.323651],[150.237741,-35.323899],[150.234519,-35.325177],[150.231494,-35.32582],[150.229523,-35.325261],[150.227645,-35.324218],[150.225344,-35.323642],[150.223278,-35.323919],[150.221868,-35.325257],[150.221289,-35.327082],[150.222039,-35.328307]]]},"properties":{"OBJECTID":23622,"FireType":1,"FireName":null,"FireNo":null,"FireYear":196465,"Label":"1964-65 Wildfire","StartDate":null,"EndDate":null,"Intensity":9999,"AreaHa":686.120838,"PerimeterM":11561.79095641,"OFHObjMet":null,"ObjNotMet":null,"NPWSBranch":"STHC","NPWSArea":"SHOA","VerDate":1788739200000,"Shape.STArea()":0.0006802260531215401,"Shape.STLength()":0.11792398861068251}},{"type":"Feature","id":23623,"geometry":{"type":"Polygon","coordinates":[[[150.218019,-35.340319],[150.217468,-35.34229],[150.21701,-35.344406],[150.215538,-35.345625],[150.215499,-35.347066],[150.216039,-35.347998],[150.216431,-35.349738],[150.218747,-35.354379],[150.219317,-35.357628],[150.217909,-35.359236],[150.21595,-35.3602],[150.215008,-35.362648],[150.2151,-35.365102],[150.216003,-35.369224],[150.216916,-35.370858],[150.218644,-35.37243],[150.223239,-35.375465],[150.225733,-35.376884],[150.228204,-35.377021],[150.229914,-35.376574],[150.232132,-35.376715],[150.236484,-35.378527],[150.239844,-35.379704],[150.242149,-35.380207],[150.243992,-35.379077],[150.24664,-35.376614],[150.248072,-35.376268],[150.251497,-35.375229],[150.253179,-35.375276],[150.254633,-35.376868],[150.256124,-35.377686],[150.258509,-35.378426],[150.260608,-35.379807],[150.263648,-35.38331],[150.266471,-35.38414],[150.268607,-35.38345],[150.270771,-35.384229],[150.272584,-35.385955],[150.274335,-35.386581],[150.284149,-35.387361],[150.287198,-35.387348],[150.286108,-35.386711],[150.284584,-35.384549],[150.282906,-35.382745],[150.281828,-35.381089],[150.281841,-35.379061],[150.282514,-35.376382],[150.283168,-35.374927],[150.283405,-35.372787],[150.284521,-35.371019],[150.286929,-35.369423],[150.289922,-35.368463],[150.292014,-35.366446],[150.293634,-35.363733],[150.294137,-35.363168],[150.293891,-35.36099],[150.293175,-35.359027],[150.292136,-35.356525],[150.291066,-35.354329],[150.290771,-35.352609],[150.290317,-35.351364],[150.288888,-35.350368],[150.28644,-35.349547],[150.284608,-35.349046],[150.284058,-35.351016],[150.284692,-35.35213],[150.283154,-35.353385],[150.279561,-35.354881],[150.277858,-35.35578],[150.275331,-35.355345],[150.274025,-35.353954],[150.273978,-35.353376],[150.272925,-35.348061],[150.271897,-35.346885],[150.270629,-35.345991],[150.268359,-35.345786],[150.261008,-35.346494],[150.258128,-35.346104],[150.257397,-35.345619],[150.254462,-35.345876],[150.251207,-35.346469],[150.247915,-35.346557],[150.244922,-35.346245],[150.242569,-35.347192],[150.241048,-35.34823],[150.237749,-35.348848],[150.233417,-35.348136],[150.231766,-35.347197],[150.232049,-35.344364],[150.231761,-35.342167],[150.229211,-35.338576],[150.228309,-35.335986],[150.22752,-35.333994],[150.226515,-35.331835],[150.222039,-35.328307],[150.221859,-35.330349],[150.221036,-35.331565],[150.219778,-35.333942],[150.218966,-35.339656],[150.218019,-35.340319]]]},"properties":{"OBJECTID":23623,"FireType":1,"FireName":null,"FireNo":null,"FireYear":196465,"Label":"1964-65 Wildfire","StartDate":null,"EndDate":null,"Intensity":9999,"AreaHa":2479.07160108,"PerimeterM":26388.08925833,"OFHObjMet":null,"ObjNotMet":null,"NPWSBranch":"STHC","NPWSArea":"SHOA","VerDate":1788739200000,"Shape.STArea()":0.0024585772433348752,"Shape.STLength()":0.2638481398142295}},{"type":"Feature","id":23625,"geometry":{"type":"Polygon","coordinates":[[[150.218019,-35.340319],[150.215916,-35.341353],[150.214574,-35.343259],[150.213125,-35.344767],[150.210849,-35.345688],[150.208117,-35.349005],[150.203721,-35.351121],[150.201711,-35.352597],[150.200587,-35.354239],[150.199921,-35.356332],[150.198749,-35.358405],[150.196796,-35.360469],[150.1964,-35.361749],[150.197327,-35.363266],[150.199406,-35.362954],[150.201529,-35.362985],[150.203756,-35.364119],[150.205796,-35.36623],[150.206887,-35.36776],[150.20891,-35.369727],[150.209765,-35.371432],[150.210047,-35.374107],[150.209089,-35.375734],[150.208036,-35.377215],[150.209798,-35.377499],[150.211391,-35.377572],[150.214892,-35.378824],[150.215859,-35.378216],[150.216388,-35.377254],[150.218233,-35.376387],[150.220487,-35.376781],[150.221325,-35.378008],[150.220813,-35.37979],[150.221244,-35.380692],[150.222258,-35.382239],[150.223859,-35.382104],[150.225305,-35.38102],[150.226761,-35.38026],[150.228761,-35.379729],[150.230397,-35.379821],[150.230604,-35.380844],[150.230037,-35.382318],[150.230575,-35.383944],[150.23152,-35.384308],[150.232869,-35.38351],[150.234879,-35.382006],[150.236844,-35.380861],[150.237679,-35.381538],[150.237354,-35.383009],[150.235936,-35.384896],[150.230727,-35.3895],[150.229643,-35.390935],[150.229331,-35.39328],[150.230346,-35.394818],[150.229591,-35.396639],[150.229308,-35.398138],[150.230373,-35.399199],[150.232092,-35.398806],[150.233378,-35.397898],[150.23498,-35.398385],[150.236786,-35.397705],[150.23716,-35.397714],[150.236009,-35.397264],[150.236433,-35.396111],[150.236712,-35.396018],[150.241455,-35.396064],[150.244035,-35.395609],[150.245725,-35.395098],[150.247394,-35.393937],[150.249058,-35.392578],[150.250892,-35.391421],[150.253232,-35.391231],[150.254392,-35.391437],[150.255962,-35.392203],[150.255134,-35.394528],[150.255062,-35.395373],[150.25656,-35.395326],[150.258934,-35.393803],[150.259835,-35.393877],[150.260728,-35.39479],[150.263215,-35.394828],[150.264945,-35.393777],[150.266914,-35.393497],[150.267491,-35.395646],[150.266902,-35.39712],[150.269296,-35.3963],[150.271087,-35.396088],[150.272958,-35.396095],[150.274329,-35.39362],[150.275877,-35.39406],[150.277078,-35.396647],[150.277409,-35.398935],[150.276988,-35.400314],[150.278554,-35.402521],[150.280435,-35.404529],[150.282308,-35.405788],[150.284532,-35.406117],[150.286554,-35.404928],[150.288776,-35.403004],[150.290526,-35.400709],[150.290624,-35.395483],[150.290416,-35.393135],[150.289397,-35.391021],[150.288571,-35.389073],[150.287198,-35.387348],[150.284149,-35.387361],[150.274335,-35.386581],[150.272584,-35.385955],[150.270771,-35.384229],[150.268607,-35.38345],[150.266471,-35.38414],[150.263648,-35.38331],[150.260608,-35.379807],[150.258509,-35.378426],[150.256124,-35.377686],[150.254633,-35.376868],[150.253179,-35.375276],[150.251497,-35.375229],[150.248072,-35.376268],[150.24664,-35.376614],[150.243992,-35.379077],[150.242149,-35.380207],[150.239844,-35.379704],[150.236484,-35.378527],[150.232132,-35.376715],[150.229914,-35.376574],[150.228204,-35.377021],[150.225733,-35.376884],[150.223239,-35.375465],[150.218644,-35.37243],[150.216916,-35.370858],[150.216003,-35.369224],[150.2151,-35.365102],[150.215008,-35.362648],[150.21595,-35.3602],[150.217909,-35.359236],[150.219317,-35.357628],[150.218747,-35.354379],[150.216431,-35.349738],[150.216039,-35.347998],[150.215499,-35.347066],[150.215538,-35.345625],[150.21701,-35.344406],[150.217468,-35.34229],[150.218019,-35.340319]]]},"properties":{"OBJECTID":23625,"FireType":1,"FireName":null,"FireNo":null,"FireYear":196465,"Label":"1964-65 Wildfire","StartDate":null,"EndDate":null,"Intensity":9999,"AreaHa":1371.4456321,"PerimeterM":33195.17383814,"OFHObjMet":null,"ObjNotMet":null,"NPWSBranch":"STHC","NPWSArea":"SHOA","VerDate":1788739200000,"Shape.STArea()":0.0013604092765329874,"Shape.STLength()":0.3328735965946026}},{"type":"Feature","id":23727,"geometry":{"type":"Polygon","coordinates":[[[150.310207,-35.295023],[150.302407,-35.293533],[150.301953,-35.296254],[150.299915,-35.301356],[150.299748,-35.303065],[150.298706,-35.303321],[150.296982,-35.303895],[150.295707,-35.305534],[150.294282,-35.30771],[150.295047,-35.309179],[150.29591,-35.311668],[150.296989,-35.312954],[150.297758,-35.314278],[150.298707,-35.315192],[150.299855,-35.316047],[150.299768,-35.317658],[150.299113,-35.319185],[150.299168,-35.321484],[150.298158,-35.322084],[150.296629,-35.323429],[150.295737,-35.32477],[150.291874,-35.326837],[150.290427,-35.328022],[150.2867,-35.330597],[150.284288,-35.331679],[150.281754,-35.334758],[150.280879,-35.336911],[150.280171,-35.338004],[150.279321,-35.343329],[150.281766,-35.344565],[150.283899,-35.346236],[150.286146,-35.3478],[150.288255,-35.34856],[150.290788,-35.347824],[150.293765,-35.347286],[150.295985,-35.347345],[150.297589,-35.346759],[150.299849,-35.346629],[150.302207,-35.347493],[150.306339,-35.34864],[150.309995,-35.350831],[150.312648,-35.351133],[150.31471,-35.350981],[150.316957,-35.351896],[150.318407,-35.352316],[150.319783,-35.353608],[150.321858,-35.354078],[150.323604,-35.353522],[150.325389,-35.351768],[150.326257,-35.35148],[150.328714,-35.35304],[150.332319,-35.353489],[150.336862,-35.353184],[150.337977,-35.352064],[150.336126,-35.347453],[150.334954,-35.34329],[150.332864,-35.339611],[150.329914,-35.33732],[150.326398,-35.337197],[150.326088,-35.337587],[150.326484,-35.340588],[150.327161,-35.342757],[150.32613,-35.344663],[150.323134,-35.346436],[150.321367,-35.347298],[150.320641,-35.347967],[150.319059,-35.34822],[150.317404,-35.347363],[150.3166,-35.346074],[150.316657,-35.344688],[150.315618,-35.343502],[150.314384,-35.342906],[150.313,-35.342497],[150.3105,-35.34127],[150.310437,-35.339844],[150.310062,-35.33888],[150.308221,-35.336685],[150.307967,-35.33539],[150.30897,-35.333655],[150.309554,-35.332307],[150.309939,-35.330639],[150.311225,-35.329009],[150.313004,-35.327435],[150.314817,-35.324519],[150.314477,-35.323142],[150.313487,-35.321506],[150.311039,-35.319685],[150.307178,-35.315741],[150.305527,-35.314803],[150.305426,-35.313214],[150.304615,-35.312457],[150.304521,-35.311319],[150.306244,-35.30942],[150.306678,-35.307951],[150.306937,-35.305118],[150.307179,-35.303447],[150.308329,-35.299948],[150.308907,-35.297762],[150.310207,-35.295023]]]},"properties":{"OBJECTID":23727,"FireType":2,"FireName":null,"FireNo":null,"FireYear":196869,"Label":"1968-69 Prescribed Burn","StartDate":null,"EndDate":null,"Intensity":9999,"AreaHa":1180.62480959,"PerimeterM":24253.78789634,"OFHObjMet":null,"ObjNotMet":null,"NPWSBranch":"STHC","NPWSArea":"SHOA","VerDate":1788739200000,"Shape.STArea()":0.0011704429112493699,"Shape.STLength()":0.2402077923332838}},{"type":"Feature","id":23948,"geometry":{"type":"Polygon","coordinates":[[[150.317435,-35.314194],[150.316806,-35.315586],[150.317135,-35.31727],[150.316873,-35.318877],[150.318376,-35.319316],[150.319989,-35.317775],[150.320587,-35.316625],[150.320778,-35.315178],[150.319269,-35.313937],[150.317435,-35.314194]]]},"properties":{"OBJECTID":23948,"FireType":2,"FireName":null,"FireNo":null,"FireYear":197475,"Label":"1974-75 Prescribed Burn","StartDate":null,"EndDate":null,"Intensity":9999,"AreaHa":15.61837499,"PerimeterM":1568.02203617,"OFHObjMet":null,"ObjNotMet":null,"NPWSBranch":"STHC","NPWSArea":"SHOA","VerDate":1788739200000,"Shape.STArea()":1.5480679789744377e-05,"Shape.STLength()":0.015230854534650262}},{"type":"Feature","id":23952,"geometry":{"type":"Polygon","coordinates":[[[150.316447,-35.328431],[150.31563,-35.327521],[150.313474,-35.327536],[150.313375,-35.32885],[150.314678,-35.330042],[150.316423,-35.32981],[150.316447,-35.328431]]]},"properties":{"OBJECTID":23952,"FireType":2,"FireName":null,"FireNo":null,"FireYear":197475,"Label":"1974-75 Prescribed Burn","StartDate":null,"EndDate":null,"Intensity":9999,"AreaHa":6.34296666,"PerimeterM":958.69462623,"OFHObjMet":null,"ObjNotMet":null,"NPWSBranch":"STHC","NPWSArea":"SHOA","VerDate":1788739200000,"Shape.STArea()":6.2879818791442605e-06,"Shape.STLength()":0.009601853974386076}},{"type":"Feature","id":23955,"geometry":{"type":"Polygon","coordinates":[[[150.320086,-35.357419],[150.319247,-35.357517],[150.317042,-35.358965],[150.315759,-35.359513],[150.311924,-35.361014],[150.310189,-35.361579],[150.308708,-35.362763],[150.308295,-35.364268],[150.309747,-35.36494],[150.31216,-35.364526],[150.314561,-35.364786],[150.316109,-35.364559],[150.317967,-35.363267],[150.320757,-35.360435],[150.32135,-35.359141],[150.321618,-35.357678],[150.320997,-35.357178],[150.320086,-35.357419]]]},"properties":{"OBJECTID":23955,"FireType":2,"FireName":null,"FireNo":null,"FireYear":197475,"Label":"1974-75 Prescribed Burn","StartDate":null,"EndDate":null,"Intensity":9999,"AreaHa":52.00129867,"PerimeterM":3228.26689157,"OFHObjMet":null,"ObjNotMet":null,"NPWSBranch":"STHC","NPWSArea":"SHOA","VerDate":1788739200000,"Shape.STArea()":5.157112741243444e-05,"Shape.STLength()":0.0331954061253323}},{"type":"Feature","id":23956,"geometry":{"type":"Polygon","coordinates":[[[150.308764,-35.365387],[150.307879,-35.366188],[150.307687,-35.367328],[150.308217,-35.367935],[150.309275,-35.367877],[150.309792,-35.366564],[150.309458,-35.366034],[150.308764,-35.365387]]]},"properties":{"OBJECTID":23956,"FireType":2,"FireName":null,"FireNo":null,"FireYear":197475,"Label":"1974-75 Prescribed Burn","StartDate":null,"EndDate":null,"Intensity":9999,"AreaHa":3.68662905,"PerimeterM":741.51850228,"OFHObjMet":null,"ObjNotMet":null,"NPWSBranch":"STHC","NPWSArea":"SHOA","VerDate":1788739200000,"Shape.STArea()":3.656363981896807e-06,"Shape.STLength()":0.007201907643619383}},{"type":"Feature","id":23958,"geometry":{"type":"Polygon","coordinates":[[[150.309536,-35.343447],[150.309391,-35.343841],[150.30743,-35.344257],[150.305986,-35.345018],[150.30464,-35.346123],[150.303224,-35.347038],[150.302673,-35.347711],[150.304975,-35.348285],[150.308248,-35.350765],[150.310074,-35.351454],[150.312174,-35.351501],[150.314257,-35.351367],[150.316387,-35.350847],[150.316267,-35.349808],[150.314443,-35.3491],[150.313085,-35.348232],[150.312727,-35.347079],[150.312843,-35.344927],[150.312481,-35.343558],[150.310937,-35.343343],[150.309536,-35.343447]]]},"properties":{"OBJECTID":23958,"FireType":2,"FireName":null,"FireNo":null,"FireYear":197475,"Label":"1974-75 Prescribed Burn","StartDate":null,"EndDate":null,"Intensity":9999,"AreaHa":61.97479404,"PerimeterM":3454.93744295,"OFHObjMet":null,"ObjNotMet":null,"NPWSBranch":"STHC","NPWSArea":"SHOA","VerDate":1788739200000,"Shape.STArea()":6.145174123801814e-05,"Shape.STLength()":0.03552083588605385}},{"type":"Feature","id":23959,"geometry":{"type":"Polygon","coordinates":[[[150.307557,-35.352696],[150.30635,-35.352922],[150.304588,-35.352991],[150.30137,-35.35282],[150.300194,-35.352451],[150.296488,-35.352404],[150.297181,-35.353717],[150.299109,-35.355302],[150.300984,-35.356489],[150.302251,-35.35676],[150.303312,-35.355946],[150.30806,-35.355105],[150.308987,-35.354026],[150.308854,-35.353059],[150.307557,-35.352696]]]},"properties":{"OBJECTID":23959,"FireType":2,"FireName":null,"FireNo":null,"FireYear":197475,"Label":"1974-75 Prescribed Burn","StartDate":null,"EndDate":null,"Intensity":9999,"AreaHa":33.60853394,"PerimeterM":2711.56808392,"OFHObjMet":null,"ObjNotMet":null,"NPWSBranch":"STHC","NPWSArea":"SHOA","VerDate":1788739200000,"Shape.STArea()":3.332749994893746e-05,"Shape.STLength()":0.028555093006449313}},{"type":"Feature","id":23960,"geometry":{"type":"Polygon","coordinates":[[[150.297701,-35.339109],[150.295888,-35.339709],[150.295203,-35.341117],[150.296483,-35.341669],[150.298687,-35.340898],[150.299344,-35.33966],[150.297701,-35.339109]]]},"properties":{"OBJECTID":23960,"FireType":2,"FireName":null,"FireNo":null,"FireYear":197475,"Label":"1974-75 Prescribed Burn","StartDate":null,"EndDate":null,"Intensity":9999,"AreaHa":6.67070007,"PerimeterM":1006.48636328,"OFHObjMet":null,"ObjNotMet":null,"NPWSBranch":"STHC","NPWSArea":"SHOA","VerDate":1788739200000,"Shape.STArea()":6.61380681026525e-06,"Shape.STLength()":0.01033916938643688}},{"type":"Feature","id":23961,"geometry":{"type":"Polygon","coordinates":[[[150.292786,-35.354205],[150.293116,-35.355862],[150.29472,-35.357241],[150.296517,-35.358137],[150.297536,-35.358908],[150.299283,-35.359308],[150.300042,-35.358649],[150.299196,-35.357638],[150.295076,-35.35514],[150.292786,-35.354205]]]},"properties":{"OBJECTID":23961,"FireType":2,"FireName":null,"FireNo":null,"FireYear":197475,"Label":"1974-75 Prescribed Burn","StartDate":null,"EndDate":null,"Intensity":9999,"AreaHa":13.46474523,"PerimeterM":1814.92406883,"OFHObjMet":null,"ObjNotMet":null,"NPWSBranch":"STHC","NPWSArea":"SHOA","VerDate":1788739200000,"Shape.STArea()":1.3352618506966655e-05,"Shape.STLength()":0.01850009200783276}},{"type":"Feature","id":23962,"geometry":{"type":"Polygon","coordinates":[[[150.293044,-35.358988],[150.29165,-35.360218],[150.291884,-35.361765],[150.293095,-35.362072],[150.294218,-35.360754],[150.294026,-35.359893],[150.293044,-35.358988]]]},"properties":{"OBJECTID":23962,"FireType":2,"FireName":null,"FireNo":null,"FireYear":197475,"Label":"1974-75 Prescribed Burn","StartDate":null,"EndDate":null,"Intensity":9999,"AreaHa":5.2254827,"PerimeterM":884.09869723,"OFHObjMet":null,"ObjNotMet":null,"NPWSBranch":"STHC","NPWSArea":"SHOA","VerDate":1788739200000,"Shape.STArea()":5.182196307532972e-06,"Shape.STLength()":0.008621638978659444}},{"type":"Feature","id":23963,"geometry":{"type":"Polygon","coordinates":[[[150.294292,-35.331506],[150.293041,-35.331424],[150.292362,-35.332653],[150.293454,-35.334516],[150.296128,-35.335829],[150.297761,-35.334685],[150.298737,-35.334418],[150.298647,-35.333515],[150.297135,-35.332345],[150.294292,-35.331506]]]},"properties":{"OBJECTID":23963,"FireType":2,"FireName":null,"FireNo":null,"FireYear":197475,"Label":"1974-75 Prescribed Burn","StartDate":null,"EndDate":null,"Intensity":9999,"AreaHa":17.44225161,"PerimeterM":1629.69689519,"OFHObjMet":null,"ObjNotMet":null,"NPWSBranch":"STHC","NPWSArea":"SHOA","VerDate":1788739200000,"Shape.STArea()":1.7292050136065123e-05,"Shape.STLength()":0.01658579908250555}},{"type":"Feature","id":23964,"geometry":{"type":"Polygon","coordinates":[[[150.295547,-35.30937],[150.293362,-35.308285],[150.291928,-35.309406],[150.292657,-35.311928],[150.293624,-35.313609],[150.295531,-35.314787],[150.296135,-35.316468],[150.294994,-35.317371],[150.292784,-35.317357],[150.29107,-35.318311],[150.291387,-35.320021],[150.292717,-35.32134],[150.294003,-35.323027],[150.294768,-35.32382],[150.296497,-35.323741],[150.299734,-35.319361],[150.299967,-35.319276],[150.303488,-35.319246],[150.306367,-35.31996],[150.308463,-35.320105],[150.309644,-35.319978],[150.309695,-35.318781],[150.307172,-35.317255],[150.303623,-35.316158],[150.300629,-35.314937],[150.298314,-35.313119],[150.296737,-35.311254],[150.295547,-35.30937]]]},"properties":{"OBJECTID":23964,"FireType":2,"FireName":null,"FireNo":null,"FireYear":197475,"Label":"1974-75 Prescribed Burn","StartDate":null,"EndDate":null,"Intensity":9999,"AreaHa":108.4076219,"PerimeterM":6053.91173012,"OFHObjMet":null,"ObjNotMet":null,"NPWSBranch":"STHC","NPWSArea":"SHOA","VerDate":1788739200000,"Shape.STArea()":0.0001074526571015316,"Shape.STLength()":0.06122532078139202}},{"type":"Feature","id":24002,"geometry":{"type":"Polygon","coordinates":[[[150.310455,-35.307468],[150.308096,-35.307298],[150.305857,-35.308158],[150.303436,-35.309204],[150.302127,-35.310229],[150.302501,-35.312194],[150.304066,-35.313094],[150.305239,-35.314517],[150.306172,-35.314917],[150.308228,-35.313917],[150.311014,-35.30849],[150.310455,-35.307468]]]},"properties":{"OBJECTID":24002,"FireType":1,"FireName":null,"FireNo":null,"FireYear":197576,"Label":"1975-76 Wildfire","StartDate":null,"EndDate":null,"Intensity":9999,"AreaHa":42.2401724,"PerimeterM":2529.43164758,"OFHObjMet":null,"ObjNotMet":null,"NPWSBranch":"STHC","NPWSArea":"SHOA","VerDate":1788739200000,"Shape.STArea()":4.186486812617271e-05,"Shape.STLength()":0.025279779899271618}},{"type":"Feature","id":24012,"geometry":{"type":"Polygon","coordinates":[[[150.317101,-35.317296],[150.315105,-35.317135],[150.314345,-35.317848],[150.31481,-35.31939],[150.316107,-35.320753],[150.317621,-35.321526],[150.31931,-35.321329],[150.319639,-35.320381],[150.318834,-35.318434],[150.317101,-35.317296]]]},"properties":{"OBJECTID":24012,"FireType":1,"FireName":null,"FireNo":null,"FireYear":197576,"Label":"1975-76 Wildfire","StartDate":null,"EndDate":null,"Intensity":9999,"AreaHa":15.64762848,"PerimeterM":1512.19635967,"OFHObjMet":null,"ObjNotMet":null,"NPWSBranch":"STHC","NPWSArea":"SHOA","VerDate":1788739200000,"Shape.STArea()":1.5510216832952146e-05,"Shape.STLength()":0.015121448266481513}},{"type":"Feature","id":24075,"geometry":{"type":"Polygon","coordinates":[[[150.319324,-35.316246],[150.31833,-35.316728],[150.317574,-35.317956],[150.318073,-35.318841],[150.319196,-35.319452],[150.320389,-35.318955],[150.320665,-35.317609],[150.319881,-35.316718],[150.319324,-35.316246]]]},"properties":{"OBJECTID":24075,"FireType":1,"FireName":null,"FireNo":null,"FireYear":197778,"Label":"1977-78 Wildfire","StartDate":null,"EndDate":null,"Intensity":9999,"AreaHa":6.56060281,"PerimeterM":956.25281956,"OFHObjMet":null,"ObjNotMet":null,"NPWSBranch":"STHC","NPWSArea":"SHOA","VerDate":1788739200000,"Shape.STArea()":6.502879341358816e-06,"Shape.STLength()":0.009424813144355802}},{"type":"Feature","id":24076,"geometry":{"type":"Polygon","coordinates":[[[150.321205,-35.307229],[150.320314,-35.308588],[150.31968,-35.3098],[150.319475,-35.310688],[150.319814,-35.311416],[150.320537,-35.311486],[150.321275,-35.311124],[150.322104,-35.309664],[150.321898,-35.308236],[150.321205,-35.307229]]]},"properties":{"OBJECTID":24076,"FireType":1,"FireName":null,"FireNo":null,"FireYear":197778,"Label":"1977-78 Wildfire","StartDate":null,"EndDate":null,"Intensity":9999,"AreaHa":6.86945254,"PerimeterM":1115.21990839,"OFHObjMet":null,"ObjNotMet":null,"NPWSBranch":"STHC","NPWSArea":"SHOA","VerDate":1788739200000,"Shape.STArea()":6.808330888267899e-06,"Shape.STLength()":0.010600852979638998}},{"type":"Feature","id":24099,"geometry":{"type":"Polygon","coordinates":[[[150.31903,-35.302187],[150.316566,-35.30087],[150.316399,-35.299614],[150.316307,-35.297088],[150.31678,-35.295395],[150.317696,-35.293621],[150.319896,-35.291282],[150.320213,-35.290333],[150.3203,-35.289344],[150.319636,-35.289149],[150.317627,-35.28941],[150.316285,-35.289759],[150.313717,-35.290946],[150.310697,-35.291528],[150.301719,-35.289083],[150.295603,-35.288199],[150.290417,-35.2881],[150.28982,-35.288538],[150.290753,-35.294859],[150.290257,-35.299166],[150.286661,-35.309396],[150.28668,-35.311452],[150.284528,-35.313999],[150.279211,-35.316791],[150.272698,-35.318501],[150.269478,-35.320393],[150.264018,-35.324795],[150.261388,-35.327745],[150.258907,-35.330231],[150.256271,-35.332397],[150.252899,-35.334836],[150.25084,-35.337835],[150.251478,-35.340428],[150.252978,-35.343247],[150.254546,-35.344355],[150.258028,-35.345498],[150.261989,-35.345786],[150.266614,-35.345972],[150.269981,-35.345651],[150.27239,-35.345318],[150.277481,-35.342765],[150.279908,-35.342892],[150.283746,-35.345556],[150.286528,-35.346574],[150.290758,-35.346741],[150.294644,-35.346342],[150.299093,-35.346847],[150.301082,-35.346936],[150.30582,-35.348034],[150.308891,-35.348985],[150.3145,-35.350354],[150.318429,-35.350306],[150.320639,-35.348354],[150.320933,-35.345134],[150.321384,-35.341791],[150.322708,-35.335673],[150.323547,-35.333925],[150.325779,-35.330955],[150.326534,-35.32907],[150.327144,-35.326559],[150.327195,-35.323352],[150.327748,-35.315252],[150.327534,-35.31138],[150.325896,-35.308694],[150.322395,-35.305164],[150.319742,-35.302942],[150.31903,-35.302187]]]},"properties":{"OBJECTID":24099,"FireType":2,"FireName":null,"FireNo":null,"FireYear":197879,"Label":"1978-79 Prescribed Burn","StartDate":null,"EndDate":null,"Intensity":9999,"AreaHa":2885.04671508,"PerimeterM":24353.96759998,"OFHObjMet":null,"ObjNotMet":null,"NPWSBranch":"STHC","NPWSArea":"SHOA","VerDate":1788739200000,"Shape.STArea()":0.0028598554773106625,"Shape.STLength()":0.2440120367128953}},{"type":"Feature","id":24100,"geometry":{"type":"Polygon","coordinates":[[[150.318686,-35.213268],[150.317529,-35.212395],[150.313945,-35.212505],[150.309726,-35.212871],[150.30572,-35.215107],[150.302451,-35.217315],[150.298501,-35.22314],[150.295996,-35.226464],[150.292927,-35.229244],[150.288848,-35.233317],[150.286836,-35.235985],[150.28517,-35.238498],[150.280897,-35.244081],[150.276187,-35.24987],[150.273062,-35.252629],[150.267109,-35.258759],[150.263353,-35.263596],[150.259055,-35.270808],[150.257042,-35.275071],[150.25476,-35.279499],[150.252496,-35.283089],[150.249639,-35.286287],[150.248138,-35.289389],[150.247364,-35.29633],[150.247171,-35.299426],[150.248463,-35.301538],[150.250594,-35.302893],[150.252503,-35.303018],[150.255942,-35.303754],[150.257757,-35.305337],[150.258141,-35.307644],[150.256686,-35.309377],[150.256034,-35.31176],[150.257356,-35.313638],[150.259676,-35.314962],[150.262946,-35.314179],[150.266695,-35.313886],[150.27227,-35.312245],[150.277777,-35.31035],[150.2805,-35.30851],[150.282411,-35.305605],[150.283667,-35.302253],[150.284275,-35.298553],[150.284203,-35.296425],[150.284954,-35.293034],[150.285382,-35.289754],[150.286123,-35.286995],[150.286364,-35.281096],[150.286977,-35.277558],[150.287167,-35.27549],[150.29042,-35.273174],[150.29309,-35.272224],[150.296833,-35.271055],[150.302437,-35.272082],[150.306402,-35.27382],[150.31023,-35.278709],[150.310187,-35.282025],[150.310968,-35.283665],[150.312766,-35.283813],[150.315597,-35.282966],[150.317167,-35.283343],[150.318602,-35.284502],[150.319152,-35.285821],[150.319041,-35.287197],[150.316403,-35.289501],[150.318003,-35.289013],[150.320658,-35.288829],[150.321404,-35.290206],[150.317727,-35.295362],[150.316454,-35.29829],[150.317003,-35.300294],[150.320439,-35.301128],[150.323074,-35.300907],[150.326898,-35.301325],[150.329724,-35.299296],[150.331872,-35.295504],[150.333391,-35.292085],[150.336948,-35.286214],[150.338887,-35.282408],[150.343846,-35.27463],[150.346774,-35.270449],[150.349845,-35.26628],[150.351545,-35.263009],[150.351967,-35.259836],[150.350016,-35.259009],[150.344947,-35.259097],[150.342095,-35.260278],[150.338796,-35.266037],[150.338276,-35.266161],[150.33829,-35.265062],[150.335379,-35.26534],[150.333339,-35.264538],[150.330883,-35.263348],[150.331913,-35.260099],[150.335074,-35.255869],[150.337562,-35.25303],[150.338948,-35.250988],[150.338877,-35.248453],[150.335927,-35.245927],[150.32475,-35.242337],[150.319995,-35.2406],[150.317483,-35.238804],[150.317192,-35.235968],[150.318894,-35.231976],[150.320744,-35.228511],[150.321689,-35.225828],[150.321869,-35.222028],[150.320976,-35.219448],[150.319605,-35.216732],[150.318686,-35.213268]]]},"properties":{"OBJECTID":24100,"FireType":2,"FireName":null,"FireNo":null,"FireYear":197879,"Label":"1978-79 Prescribed Burn","StartDate":null,"EndDate":null,"Intensity":9999,"AreaHa":4841.66619394,"PerimeterM":42689.36950123,"OFHObjMet":null,"ObjNotMet":null,"NPWSBranch":"STHC","NPWSArea":"SHOA","VerDate":1788739200000,"Shape.STArea()":0.004796074795737904,"Shape.STLength()":0.41786838041552743}},{"type":"Feature","id":24123,"geometry":{"type":"Polygon","coordinates":[[[150.241702,-35.389769],[150.240907,-35.392103],[150.240734,-35.39429],[150.24077,-35.39676],[150.241383,-35.397829],[150.243039,-35.398029],[150.244418,-35.397294],[150.244715,-35.396318],[150.246036,-35.396321],[150.247027,-35.395659],[150.247261,-35.393627],[150.247368,-35.391458],[150.246647,-35.390324],[150.244629,-35.389475],[150.242629,-35.389385],[150.241702,-35.389769]]]},"properties":{"OBJECTID":24123,"FireType":1,"FireName":null,"FireNo":null,"FireYear":197980,"Label":"1979-80 Wildfire","StartDate":null,"EndDate":null,"Intensity":9999,"AreaHa":46.19222681,"PerimeterM":2657.98059905,"OFHObjMet":null,"ObjNotMet":null,"NPWSBranch":"STHC","NPWSArea":"SHOA","VerDate":1788739200000,"Shape.STArea()":4.5827936945339504e-05,"Shape.STLength()":0.025880886991474155}},{"type":"Feature","id":24515,"geometry":{"type":"Polygon","coordinates":[[[150.307088,-35.389984],[150.30388,-35.389119],[150.3003,-35.388877],[150.299766,-35.390027],[150.300395,-35.39197],[150.300889,-35.393991],[150.300627,-35.395247],[150.302046,-35.395928],[150.306665,-35.393751],[150.307966,-35.393365],[150.307421,-35.391875],[150.307088,-35.389984]]]},"properties":{"OBJECTID":24515,"FireType":2,"FireName":null,"FireNo":null,"FireYear":198586,"Label":"1985-86 Prescribed Burn","StartDate":null,"EndDate":null,"Intensity":9999,"AreaHa":39.64125498,"PerimeterM":2506.69751444,"OFHObjMet":null,"ObjNotMet":null,"NPWSBranch":"STHC","NPWSArea":"SHOA","VerDate":1788739200000,"Shape.STArea()":3.93279385457091e-05,"Shape.STLength()":0.02512890976579366}},{"type":"Feature","id":24606,"geometry":{"type":"Polygon","coordinates":[[[150.240259,-35.375594],[150.240159,-35.37661],[150.240396,-35.377409],[150.240326,-35.378795],[150.242208,-35.379776],[150.24393,-35.379301],[150.244766,-35.37768],[150.242615,-35.376874],[150.24179,-35.3759],[150.240259,-35.375594]]]},"properties":{"OBJECTID":24606,"FireType":2,"FireName":null,"FireNo":null,"FireYear":198687,"Label":"1986-87 Prescribed Burn","StartDate":null,"EndDate":null,"Intensity":9999,"AreaHa":11.85906606,"PerimeterM":1410.92911401,"OFHObjMet":null,"ObjNotMet":null,"NPWSBranch":"STHC","NPWSArea":"SHOA","VerDate":1788739200000,"Shape.STArea()":1.1763289915819032e-05,"Shape.STLength()":0.014109500429003831}},{"type":"Feature","id":24607,"geometry":{"type":"Polygon","coordinates":[[[150.2607,-35.381315],[150.260385,-35.381181],[150.25909,-35.38272],[150.259126,-35.384578],[150.261488,-35.386317],[150.263004,-35.38609],[150.262562,-35.383853],[150.261464,-35.381819],[150.2607,-35.381315]]]},"properties":{"OBJECTID":24607,"FireType":2,"FireName":null,"FireNo":null,"FireYear":198687,"Label":"1986-87 Prescribed Burn","StartDate":null,"EndDate":null,"Intensity":9999,"AreaHa":13.08046032,"PerimeterM":1461.6420868,"OFHObjMet":null,"ObjNotMet":null,"NPWSBranch":"STHC","NPWSArea":"SHOA","VerDate":1788739200000,"Shape.STArea()":1.2975778861122997e-05,"Shape.STLength()":0.014184731395576251}},{"type":"Feature","id":24610,"geometry":{"type":"Polygon","coordinates":[[[150.276964,-35.38728],[150.27511,-35.385147],[150.274143,-35.386738],[150.273019,-35.389066],[150.272619,-35.390156],[150.273568,-35.392043],[150.274711,-35.391105],[150.275515,-35.38978],[150.27663,-35.389021],[150.276964,-35.38728]]]},"properties":{"OBJECTID":24610,"FireType":2,"FireName":null,"FireNo":null,"FireYear":198687,"Label":"1986-87 Prescribed Burn","StartDate":null,"EndDate":null,"Intensity":9999,"AreaHa":15.53937353,"PerimeterM":1756.72519843,"OFHObjMet":null,"ObjNotMet":null,"NPWSBranch":"STHC","NPWSArea":"SHOA","VerDate":1788739200000,"Shape.STArea()":1.54159048581307e-05,"Shape.STLength()":0.016698514273976874}},{"type":"Feature","id":24655,"geometry":{"type":"Polygon","coordinates":[[[150.321111,-35.387655],[150.319259,-35.38874],[150.322056,-35.392345],[150.324468,-35.391641],[150.324921,-35.389263],[150.321677,-35.388497],[150.321111,-35.387655]]]},"properties":{"OBJECTID":24655,"FireType":1,"FireName":null,"FireNo":null,"FireYear":198687,"Label":"1986-87 Wildfire","StartDate":null,"EndDate":null,"Intensity":9999,"AreaHa":14.71713909,"PerimeterM":1593.92144308,"OFHObjMet":null,"ObjNotMet":null,"NPWSBranch":"STHC","NPWSArea":"SHOA","VerDate":1788739200000,"Shape.STArea()":1.4600422748497203e-05,"Shape.STLength()":0.01599165910540514}},{"type":"Feature","id":24657,"geometry":{"type":"Polygon","coordinates":[[[150.316937,-35.38539],[150.31505,-35.384879],[150.313707,-35.386201],[150.312949,-35.387167],[150.314507,-35.387643],[150.316276,-35.386745],[150.316937,-35.38539]]]},"properties":{"OBJECTID":24657,"FireType":1,"FireName":null,"FireNo":null,"FireYear":198687,"Label":"1986-87 Wildfire","StartDate":null,"EndDate":null,"Intensity":9999,"AreaHa":6.12698955,"PerimeterM":1000.88772722,"OFHObjMet":null,"ObjNotMet":null,"NPWSBranch":"STHC","NPWSArea":"SHOA","VerDate":1788739200000,"Shape.STArea()":6.078134039808689e-06,"Shape.STLength()":0.010188487819723037}},{"type":"Feature","id":24660,"geometry":{"type":"Polygon","coordinates":[[[150.312301,-35.389775],[150.31043,-35.391428],[150.308884,-35.390258],[150.307787,-35.391117],[150.30939,-35.392919],[150.311831,-35.393641],[150.313646,-35.391698],[150.313678,-35.390419],[150.312301,-35.389775]]]},"properties":{"OBJECTID":24660,"FireType":1,"FireName":null,"FireNo":null,"FireYear":198687,"Label":"1986-87 Wildfire","StartDate":null,"EndDate":null,"Intensity":9999,"AreaHa":12.90470175,"PerimeterM":1619.64831169,"OFHObjMet":null,"ObjNotMet":null,"NPWSBranch":"STHC","NPWSArea":"SHOA","VerDate":1788739200000,"Shape.STArea()":1.2802616948564668e-05,"Shape.STLength()":0.016243373204358143}},{"type":"Feature","id":24663,"geometry":{"type":"Polygon","coordinates":[[[150.281911,-35.38649],[150.280015,-35.388196],[150.277793,-35.389146],[150.276261,-35.390184],[150.275108,-35.391736],[150.274945,-35.393318],[150.278818,-35.392712],[150.281465,-35.393528],[150.280687,-35.395404],[150.278061,-35.395894],[150.278057,-35.39767],[150.277694,-35.399924],[150.27922,-35.401058],[150.283788,-35.401062],[150.28733,-35.399844],[150.288503,-35.398013],[150.288578,-35.395428],[150.287306,-35.393317],[150.286132,-35.392543],[150.286966,-35.390651],[150.28628,-35.38977],[150.285719,-35.388468],[150.28543,-35.387552],[150.283847,-35.390112],[150.281701,-35.390758],[150.280182,-35.390426],[150.281911,-35.38649]]]},"properties":{"OBJECTID":24663,"FireType":1,"FireName":null,"FireNo":null,"FireYear":198687,"Label":"1986-87 Wildfire","StartDate":null,"EndDate":null,"Intensity":9999,"AreaHa":111.40593542,"PerimeterM":6166.59240227,"OFHObjMet":null,"ObjNotMet":null,"NPWSBranch":"STHC","NPWSArea":"SHOA","VerDate":1788739200000,"Shape.STArea()":0.00011052910184600536,"Shape.STLength()":0.061304468978977664}},{"type":"Feature","id":24664,"geometry":{"type":"Polygon","coordinates":[[[150.273405,-35.383143],[150.272458,-35.384141],[150.272338,-35.386409],[150.271978,-35.389907],[150.273687,-35.387864],[150.274732,-35.385256],[150.274098,-35.384142],[150.273405,-35.383143]]]},"properties":{"OBJECTID":24664,"FireType":1,"FireName":null,"FireNo":null,"FireYear":198687,"Label":"1986-87 Wildfire","StartDate":null,"EndDate":null,"Intensity":9999,"AreaHa":9.62831183,"PerimeterM":1624.67174187,"OFHObjMet":null,"ObjNotMet":null,"NPWSBranch":"STHC","NPWSArea":"SHOA","VerDate":1788739200000,"Shape.STArea()":9.551498376466813e-06,"Shape.STLength()":0.015134280135105914}},{"type":"Feature","id":24666,"geometry":{"type":"Polygon","coordinates":[[[150.262395,-35.379686],[150.263781,-35.382628],[150.265898,-35.384479],[150.269356,-35.384431],[150.268556,-35.382998],[150.27062,-35.382504],[150.271238,-35.380841],[150.270282,-35.380459],[150.267502,-35.380657],[150.265664,-35.379354],[150.263515,-35.379098],[150.262395,-35.379686]]]},"properties":{"OBJECTID":24666,"FireType":1,"FireName":null,"FireNo":null,"FireYear":198687,"Label":"1986-87 Wildfire","StartDate":null,"EndDate":null,"Intensity":9999,"AreaHa":28.68597081,"PerimeterM":2397.73118853,"OFHObjMet":null,"ObjNotMet":null,"NPWSBranch":"STHC","NPWSArea":"SHOA","VerDate":1788739200000,"Shape.STArea()":2.8455633461728433e-05,"Shape.STLength()":0.024557590327058787}},{"type":"Feature","id":24670,"geometry":{"type":"Polygon","coordinates":[[[150.233472,-35.371969],[150.232749,-35.37316],[150.231043,-35.374464],[150.229339,-35.375371],[150.227659,-35.3759],[150.226754,-35.376294],[150.227239,-35.376927],[150.230439,-35.376036],[150.231579,-35.375837],[150.232869,-35.377056],[150.234276,-35.377422],[150.235041,-35.376295],[150.2368,-35.3741],[150.236672,-35.372691],[150.234469,-35.371775],[150.233472,-35.371969]]]},"properties":{"OBJECTID":24670,"FireType":1,"FireName":null,"FireNo":null,"FireYear":198687,"Label":"1986-87 Wildfire","StartDate":null,"EndDate":null,"Intensity":9999,"AreaHa":24.81074767,"PerimeterM":2518.96008803,"OFHObjMet":null,"ObjNotMet":null,"NPWSBranch":"STHC","NPWSArea":"SHOA","VerDate":1788739200000,"Shape.STArea()":2.4609454628381996e-05,"Shape.STLength()":0.02571679527725479}},{"type":"Feature","id":24671,"geometry":{"type":"Polygon","coordinates":[[[150.226113,-35.38057],[150.22573,-35.381138],[150.223226,-35.382594],[150.222542,-35.384246],[150.224234,-35.38561],[150.226912,-35.385834],[150.228743,-35.384731],[150.228939,-35.382554],[150.229616,-35.380785],[150.228564,-35.379698],[150.226113,-35.38057]]]},"properties":{"OBJECTID":24671,"FireType":1,"FireName":null,"FireNo":null,"FireYear":198687,"Label":"1986-87 Wildfire","StartDate":null,"EndDate":null,"Intensity":9999,"AreaHa":27.47987174,"PerimeterM":2056.05405045,"OFHObjMet":null,"ObjNotMet":null,"NPWSBranch":"STHC","NPWSArea":"SHOA","VerDate":1788739200000,"Shape.STArea()":2.7259682287909338e-05,"Shape.STLength()":0.02056302232472478}},{"type":"Feature","id":24672,"geometry":{"type":"Polygon","coordinates":[[[150.224518,-35.377],[150.223128,-35.378068],[150.221748,-35.37946],[150.221351,-35.380451],[150.223153,-35.380213],[150.225391,-35.378489],[150.224518,-35.377]]]},"properties":{"OBJECTID":24672,"FireType":1,"FireName":null,"FireNo":null,"FireYear":198687,"Label":"1986-87 Wildfire","StartDate":null,"EndDate":null,"Intensity":9999,"AreaHa":6.38357656,"PerimeterM":1116.36895186,"OFHObjMet":null,"ObjNotMet":null,"NPWSBranch":"STHC","NPWSArea":"SHOA","VerDate":1788739200000,"Shape.STArea()":6.3321124507555305e-06,"Shape.STLength()":0.011151670830168417}},{"type":"Feature","id":24673,"geometry":{"type":"Polygon","coordinates":[[[150.21794,-35.373378],[150.220608,-35.376441],[150.222114,-35.376827],[150.222739,-35.375913],[150.221457,-35.374478],[150.219258,-35.373454],[150.217992,-35.372505],[150.21781,-35.372699],[150.217744,-35.373022],[150.21794,-35.373378]]]},"properties":{"OBJECTID":24673,"FireType":1,"FireName":null,"FireNo":null,"FireYear":198687,"Label":"1986-87 Wildfire","StartDate":null,"EndDate":null,"Intensity":9999,"AreaHa":8.00847112,"PerimeterM":1367.13330692,"OFHObjMet":null,"ObjNotMet":null,"NPWSBranch":"STHC","NPWSArea":"SHOA","VerDate":1788739200000,"Shape.STArea()":7.94351030146363e-06,"Shape.STLength()":0.01366008641533712}},{"type":"Feature","id":24738,"geometry":{"type":"Polygon","coordinates":[[[150.198511,-35.362438],[150.199299,-35.36415],[150.200265,-35.365471],[150.199083,-35.365615],[150.197877,-35.365181],[150.196818,-35.367139],[150.197233,-35.369159],[150.195781,-35.370721],[150.194107,-35.372034],[150.192349,-35.373858],[150.191484,-35.375632],[150.19061,-35.376405],[150.190024,-35.378068],[150.18814,-35.379718],[150.186448,-35.381842],[150.18558,-35.38275],[150.182335,-35.38335],[150.182128,-35.385166],[150.182223,-35.386872],[150.181587,-35.387767],[150.17931,-35.387399],[150.178054,-35.386811],[150.176375,-35.3876],[150.17601,-35.389232],[150.174903,-35.389729],[150.17284,-35.389248],[150.170457,-35.389391],[150.170234,-35.39044],[150.170407,-35.391156],[150.169094,-35.391855],[150.166512,-35.392038],[150.165583,-35.39344],[150.164839,-35.394865],[150.163649,-35.394909],[150.161987,-35.395528],[150.160047,-35.397501],[150.158764,-35.39986],[150.157686,-35.402962],[150.156362,-35.405238],[150.154008,-35.406751],[150.153143,-35.40883],[150.153533,-35.412111],[150.153179,-35.415303],[150.152562,-35.417487],[150.153491,-35.420204],[150.154937,-35.422906],[150.156941,-35.425098],[150.15861,-35.425868],[150.160519,-35.426381],[150.163852,-35.426171],[150.166281,-35.427247],[150.167993,-35.427729],[150.170413,-35.429056],[150.171156,-35.430471],[150.171372,-35.432792],[150.173311,-35.434037],[150.176321,-35.434576],[150.17762,-35.435201],[150.181056,-35.43648],[150.185142,-35.43772],[150.186635,-35.437566],[150.189528,-35.435758],[150.192188,-35.433062],[150.192208,-35.431522],[150.192872,-35.429536],[150.194304,-35.428244],[150.196719,-35.427507],[150.197558,-35.426517],[150.19714,-35.424912],[150.197802,-35.423278],[150.198678,-35.421839],[150.198331,-35.420731],[150.195992,-35.418955],[150.196947,-35.417778],[150.198992,-35.416582],[150.199948,-35.417578],[150.200396,-35.419292],[150.202696,-35.421211],[150.203823,-35.419515],[150.204181,-35.416162],[150.204582,-35.413494],[150.206327,-35.412705],[150.206849,-35.413835],[150.209495,-35.412454],[150.212616,-35.411345],[150.213609,-35.411287],[150.215729,-35.410155],[150.217803,-35.409708],[150.217595,-35.411587],[150.217155,-35.413199],[150.219219,-35.413048],[150.220893,-35.411428],[150.222209,-35.409016],[150.223206,-35.409138],[150.225512,-35.409975],[150.227711,-35.409395],[150.227981,-35.409248],[150.227597,-35.407599],[150.228499,-35.405997],[150.23019,-35.405188],[150.230399,-35.404202],[150.218156,-35.402316],[150.21923,-35.397672],[150.227986,-35.39881],[150.228801,-35.397513],[150.230045,-35.39655],[150.229877,-35.395348],[150.228472,-35.393954],[150.228568,-35.392118],[150.22924,-35.390817],[150.230889,-35.38862],[150.232041,-35.38743],[150.232228,-35.385821],[150.231685,-35.385276],[150.230072,-35.384509],[150.230391,-35.381623],[150.229429,-35.380123],[150.226439,-35.380992],[150.222296,-35.382735],[150.220677,-35.381824],[150.221188,-35.380069],[150.220687,-35.378309],[150.218336,-35.376912],[150.21724,-35.377121],[150.216179,-35.378845],[150.215802,-35.379882],[150.213346,-35.379618],[150.210844,-35.378451],[150.20902,-35.378049],[150.207287,-35.377882],[150.207641,-35.376548],[150.20929,-35.374368],[150.20955,-35.372238],[150.208869,-35.369969],[150.207763,-35.367907],[150.206455,-35.36593],[150.203708,-35.36391],[150.201462,-35.362695],[150.198511,-35.362438]]]},"properties":{"OBJECTID":24738,"FireType":2,"FireName":null,"FireNo":null,"FireYear":198788,"Label":"1987-88 Prescribed Burn","StartDate":null,"EndDate":null,"Intensity":9999,"AreaHa":3095.24712408,"PerimeterM":31358.785689,"OFHObjMet":null,"ObjNotMet":null,"NPWSBranch":"STHC","NPWSArea":"SHOA","VerDate":1788739200000,"Shape.STArea()":0.0030711724184540735,"Shape.STLength()":0.3122245161421639}},{"type":"Feature","id":24871,"geometry":{"type":"Polygon","coordinates":[[[150.344926,-35.355218],[150.342073,-35.356336],[150.33513,-35.357328],[150.3324,-35.35871],[150.329908,-35.356528],[150.327845,-35.356707],[150.327125,-35.359855],[150.324971,-35.361448],[150.323677,-35.363619],[150.3229,-35.365837],[150.321525,-35.368159],[150.319792,-35.369959],[150.318143,-35.371265],[150.320673,-35.37262],[150.32315,-35.372918],[150.32294,-35.374599],[150.322405,-35.375822],[150.325633,-35.377038],[150.328984,-35.377554],[150.331534,-35.374645],[150.33495,-35.372845],[150.338858,-35.372806],[150.340895,-35.371426],[150.342025,-35.36918],[150.341843,-35.368355],[150.342786,-35.367114],[150.342707,-35.365842],[150.343697,-35.364845],[150.343837,-35.363271],[150.34453,-35.362267],[150.343765,-35.360754],[150.344928,-35.358499],[150.34559,-35.356107],[150.344926,-35.355218]]]},"properties":{"OBJECTID":24871,"FireType":1,"FireName":null,"FireNo":null,"FireYear":198889,"Label":"1988-89 Wildfire","StartDate":null,"EndDate":null,"Intensity":9999,"AreaHa":354.18595366,"PerimeterM":8413.07340417,"OFHObjMet":null,"ObjNotMet":null,"NPWSBranch":"STHC","NPWSArea":"SHOA","VerDate":1788739200000,"Shape.STArea()":0.0003512754887891059,"Shape.STLength()":0.08416158579688263}},{"type":"Feature","id":24953,"geometry":{"type":"Polygon","coordinates":[[[150.321991,-35.380013],[150.317633,-35.377672],[150.316507,-35.379098],[150.315422,-35.379308],[150.314558,-35.380479],[150.314419,-35.382323],[150.31737,-35.382975],[150.320879,-35.383008],[150.322504,-35.381818],[150.321991,-35.380013]]]},"properties":{"OBJECTID":24953,"FireType":1,"FireName":null,"FireNo":null,"FireYear":198990,"Label":"1989-90 Wildfire","StartDate":null,"EndDate":null,"Intensity":9999,"AreaHa":29.70590272,"PerimeterM":2120.37576655,"OFHObjMet":null,"ObjNotMet":null,"NPWSBranch":"STHC","NPWSArea":"SHOA","VerDate":1788739200000,"Shape.STArea()":2.9467069202314358e-05,"Shape.STLength()":0.021595918992335993}},{"type":"Feature","id":25022,"geometry":{"type":"Polygon","coordinates":[[[150.20964,-35.297691],[150.209409,-35.300895],[150.206609,-35.304634],[150.203464,-35.307824],[150.199872,-35.309958],[150.197037,-35.312127],[150.196987,-35.314217],[150.201049,-35.31761],[150.204444,-35.321511],[150.206305,-35.322094],[150.208536,-35.320208],[150.210667,-35.31996],[150.212199,-35.318598],[150.214976,-35.317779],[150.216844,-35.316542],[150.218494,-35.313642],[150.221301,-35.311318],[150.223262,-35.309912],[150.224634,-35.309655],[150.227508,-35.311478],[150.22986,-35.311839],[150.232704,-35.313887],[150.234023,-35.315522],[150.23593,-35.317314],[150.238265,-35.318187],[150.241472,-35.318324],[150.241808,-35.317484],[150.240321,-35.31627],[150.234468,-35.313107],[150.232225,-35.311478],[150.229727,-35.310249],[150.227715,-35.308004],[150.228312,-35.305981],[150.22868,-35.304196],[150.225595,-35.302782],[150.223444,-35.302678],[150.22172,-35.302269],[150.222656,-35.301281],[150.2223,-35.299804],[150.220107,-35.298978],[150.218313,-35.29936],[150.215829,-35.300304],[150.215033,-35.298492],[150.213968,-35.297809],[150.211196,-35.297538],[150.20964,-35.297691]]]},"properties":{"OBJECTID":25022,"FireType":1,"FireName":null,"FireNo":null,"FireYear":199091,"Label":"1990-91 Wildfire","StartDate":null,"EndDate":null,"Intensity":9999,"AreaHa":450.09173465,"PerimeterM":12248.8680943,"OFHObjMet":null,"ObjNotMet":null,"NPWSBranch":"STHC","NPWSArea":"SHOA","VerDate":1788739200000,"Shape.STArea()":0.0004460877440626189,"Shape.STLength()":0.12397248943479497}},{"type":"Feature","id":25092,"geometry":{"type":"Polygon","coordinates":[[[150.271567,-35.389348],[150.271764,-35.388082],[150.271616,-35.386267],[150.270651,-35.384857],[150.268895,-35.384384],[150.266455,-35.385249],[150.263838,-35.385171],[150.261788,-35.383971],[150.260459,-35.385194],[150.261018,-35.386567],[150.263046,-35.387461],[150.265847,-35.386974],[150.268209,-35.386785],[150.26968,-35.389495],[150.270848,-35.390107],[150.271567,-35.389348]]]},"properties":{"OBJECTID":25092,"FireType":2,"FireName":null,"FireNo":null,"FireYear":199293,"Label":"1992-93 Prescribed Burn","StartDate":null,"EndDate":null,"Intensity":9999,"AreaHa":30.96735096,"PerimeterM":2988.06304082,"OFHObjMet":null,"ObjNotMet":null,"NPWSBranch":"STHC","NPWSArea":"SHOA","VerDate":1788739200000,"Shape.STArea()":3.072046833587322e-05,"Shape.STLength()":0.03037753829296705}},{"type":"Feature","id":25093,"geometry":{"type":"Polygon","coordinates":[[[150.260008,-35.386157],[150.258052,-35.386068],[150.256396,-35.386219],[150.255211,-35.387067],[150.255298,-35.388393],[150.258177,-35.388549],[150.26046,-35.388087],[150.260682,-35.386407],[150.260008,-35.386157]]]},"properties":{"OBJECTID":25093,"FireType":2,"FireName":null,"FireNo":null,"FireYear":199293,"Label":"1992-93 Prescribed Burn","StartDate":null,"EndDate":null,"Intensity":9999,"AreaHa":11.51648715,"PerimeterM":1350.23058452,"OFHObjMet":null,"ObjNotMet":null,"NPWSBranch":"STHC","NPWSArea":"SHOA","VerDate":1788739200000,"Shape.STArea()":1.1424780743543195e-05,"Shape.STLength()":0.014033053064438488}},{"type":"Feature","id":25094,"geometry":{"type":"Polygon","coordinates":[[[150.261828,-35.363899],[150.261634,-35.36248],[150.260428,-35.361389],[150.258194,-35.361401],[150.256957,-35.362509],[150.255011,-35.365051],[150.256622,-35.365575],[150.261828,-35.363899]]]},"properties":{"OBJECTID":25094,"FireType":2,"FireName":null,"FireNo":null,"FireYear":199293,"Label":"1992-93 Prescribed Burn","StartDate":null,"EndDate":null,"Intensity":9999,"AreaHa":17.55280696,"PerimeterM":1690.367681,"OFHObjMet":null,"ObjNotMet":null,"NPWSBranch":"STHC","NPWSArea":"SHOA","VerDate":1788739200000,"Shape.STArea()":1.7407986294320566e-05,"Shape.STLength()":0.017320276923075008}},{"type":"Feature","id":25095,"geometry":{"type":"Polygon","coordinates":[[[150.256389,-35.379928],[150.254067,-35.380253],[150.252291,-35.381322],[150.251258,-35.382578],[150.251657,-35.383488],[150.25411,-35.383184],[150.254972,-35.382437],[150.255988,-35.381027],[150.256389,-35.379928]]]},"properties":{"OBJECTID":25095,"FireType":2,"FireName":null,"FireNo":null,"FireYear":199293,"Label":"1992-93 Prescribed Burn","StartDate":null,"EndDate":null,"Intensity":9999,"AreaHa":10.22685198,"PerimeterM":1338.01886213,"OFHObjMet":null,"ObjNotMet":null,"NPWSBranch":"STHC","NPWSArea":"SHOA","VerDate":1788739200000,"Shape.STArea()":1.0144747102912836e-05,"Shape.STLength()":0.013558087093410203}},{"type":"Feature","id":25098,"geometry":{"type":"Polygon","coordinates":[[[150.240619,-35.380551],[150.240786,-35.379518],[150.238407,-35.378598],[150.235975,-35.378579],[150.234511,-35.378924],[150.235009,-35.379809],[150.236161,-35.380548],[150.239312,-35.38144],[150.240428,-35.381285],[150.240619,-35.380551]]]},"properties":{"OBJECTID":25098,"FireType":2,"FireName":null,"FireNo":null,"FireYear":199293,"Label":"1992-93 Prescribed Burn","StartDate":null,"EndDate":null,"Intensity":9999,"AreaHa":12.32470465,"PerimeterM":1444.28554176,"OFHObjMet":null,"ObjNotMet":null,"NPWSBranch":"STHC","NPWSArea":"SHOA","VerDate":1788739200000,"Shape.STArea()":1.2225464353527813e-05,"Shape.STLength()":0.015078139914437693}},{"type":"Feature","id":26571,"geometry":{"type":"Polygon","coordinates":[[[150.207606,-35.37742],[150.207682,-35.377853],[150.207873,-35.37821],[150.209184,-35.378561],[150.209622,-35.378453],[150.209815,-35.378134],[150.209919,-35.377769],[150.210155,-35.377787],[150.210228,-35.378123],[150.21123,-35.378145],[150.212389,-35.379128],[150.213351,-35.379585],[150.214151,-35.379708],[150.215241,-35.379703],[150.215637,-35.379283],[150.216221,-35.378398],[150.216398,-35.377645],[150.216229,-35.377119],[150.214888,-35.374499],[150.21485,-35.373559],[150.215127,-35.373841],[150.215939,-35.375751],[150.216288,-35.376369],[150.217025,-35.377122],[150.217697,-35.376983],[150.217861,-35.376641],[150.217716,-35.37522],[150.217339,-35.374627],[150.217564,-35.374356],[150.218089,-35.374969],[150.218248,-35.376003],[150.21825,-35.376799],[150.218549,-35.376912],[150.219467,-35.377008],[150.220334,-35.377323],[150.221117,-35.377761],[150.221797,-35.378539],[150.221836,-35.379528],[150.221446,-35.380841],[150.221013,-35.381794],[150.220934,-35.382786],[150.221318,-35.383548],[150.221894,-35.383943],[150.222509,-35.383854],[150.223609,-35.383342],[150.224221,-35.383157],[150.224585,-35.382688],[150.226664,-35.380871],[150.22739,-35.380586],[150.228769,-35.380453],[150.228385,-35.379691],[150.227705,-35.379636],[150.22689,-35.379151],[150.225701,-35.378145],[150.225151,-35.376929],[150.22461,-35.376654],[150.224053,-35.375993],[150.222363,-35.375724],[150.221529,-35.375505],[150.220585,-35.374734],[150.218736,-35.373455],[150.218635,-35.373144],[150.21787,-35.372417],[150.217175,-35.372001],[150.215831,-35.370805],[150.215214,-35.370846],[150.214431,-35.371157],[150.213884,-35.371485],[150.21363,-35.371781],[150.212957,-35.374116],[150.21298,-35.374695],[150.212879,-35.375132],[150.212421,-35.375458],[150.211983,-35.375566],[150.211266,-35.37532],[150.210766,-35.375357],[150.210476,-35.375462],[150.209856,-35.376178],[150.209113,-35.376777],[150.207606,-35.37742]]]},"properties":{"OBJECTID":26571,"FireType":1,"FireName":"Yadboro Road","FireNo":"SF8","FireYear":200001,"Label":"2000-01 Wildfire","StartDate":966729600000,"EndDate":966816000000,"Intensity":null,"AreaHa":91.83181496,"PerimeterM":7439.33674132,"OFHObjMet":null,"ObjNotMet":null,"NPWSBranch":"STHC","NPWSArea":"SHOA","VerDate":1788739200000,"Shape.STArea()":9.108954978571158e-05,"Shape.STLength()":0.07378254282203771}},{"type":"Feature","id":26574,"geometry":{"type":"Polygon","coordinates":[[[150.320928,-35.347245],[150.325939,-35.345253],[150.327879,-35.344272],[150.326587,-35.340367],[150.326171,-35.337133],[150.320397,-35.334279],[150.320302,-35.331964],[150.322458,-35.329355],[150.320103,-35.327101],[150.320847,-35.324531],[150.324208,-35.323743],[150.324415,-35.321883],[150.324565,-35.318634],[150.32705,-35.317175],[150.326946,-35.314628],[150.324892,-35.31283],[150.32282,-35.310569],[150.32169,-35.3106],[150.3185,-35.315556],[150.318632,-35.318797],[150.314272,-35.315904],[150.313283,-35.312454],[150.311851,-35.31203],[150.306739,-35.311474],[150.303726,-35.313875],[150.301014,-35.31673],[150.300063,-35.32116],[150.295957,-35.324518],[150.292359,-35.32647],[150.289948,-35.329781],[150.287697,-35.330074],[150.284636,-35.331316],[150.28001,-35.335846],[150.279915,-35.340485],[150.285584,-35.347748],[150.28792,-35.349539],[150.292678,-35.34825],[150.298292,-35.34717],[150.303718,-35.348412],[150.312074,-35.352124],[150.315428,-35.351105],[150.319215,-35.353782],[150.322372,-35.354854],[150.324274,-35.352948],[150.325913,-35.351512],[150.324424,-35.349698],[150.321776,-35.347222],[150.320928,-35.347245]]]},"properties":{"OBJECTID":26574,"FireType":1,"FireName":"Jindelara Fire","FireNo":"421-001","FireYear":199596,"Label":"1995-96 Wildfire","StartDate":808531200000,"EndDate":809049600000,"Intensity":null,"AreaHa":1288.6403962,"PerimeterM":18181.4043069,"OFHObjMet":null,"ObjNotMet":null,"NPWSBranch":"STHC","NPWSArea":"SHOA","VerDate":1788739200000,"Shape.STArea()":0.0012775517039683838,"Shape.STLength()":0.18173134277655162}},{"type":"Feature","id":26585,"geometry":{"type":"Polygon","coordinates":[[[150.309093,-35.379787],[150.31131,-35.380093],[150.311295,-35.380186],[150.314588,-35.379924],[150.318068,-35.379829],[150.31953,-35.379628],[150.319363,-35.379605],[150.319838,-35.377077],[150.315571,-35.376494],[150.315997,-35.373645],[150.315714,-35.37365],[150.315168,-35.373432],[150.314394,-35.374135],[150.313449,-35.374624],[150.312847,-35.374792],[150.312694,-35.374907],[150.312603,-35.375079],[150.312604,-35.375308],[150.312731,-35.37568],[150.312488,-35.376121],[150.31151,-35.377068],[150.310429,-35.378531],[150.310086,-35.378835],[150.30851,-35.379706],[150.309093,-35.379787]]]},"properties":{"OBJECTID":26585,"FireType":1,"FireName":"1997/1998 Wildfire","FireNo":"","FireYear":199798,"Label":"1997-98 Wildfire","StartDate":867715200000,"EndDate":899164800000,"Intensity":null,"AreaHa":37.94172468,"PerimeterM":3086.15969702,"OFHObjMet":null,"ObjNotMet":null,"NPWSBranch":"STHC","NPWSArea":"SHOA","VerDate":1788739200000,"Shape.STArea()":3.763527900761626e-05,"Shape.STLength()":0.031688314348057404}},{"type":"Feature","id":26591,"geometry":{"type":"Polygon","coordinates":[[[150.260363,-35.381322],[150.260827,-35.381017],[150.261219,-35.380909],[150.261932,-35.38089],[150.262166,-35.380786],[150.262234,-35.380492],[150.261447,-35.379669],[150.260487,-35.379467],[150.259193,-35.378853],[150.259244,-35.380118],[150.259879,-35.381108],[150.260361,-35.381257],[150.260363,-35.381322]]]},"properties":{"OBJECTID":26591,"FireType":1,"FireName":"Yadboro Road-4","FireNo":"SDH 031","FireYear":199495,"Label":"1994-95 Wildfire","StartDate":757814400000,"EndDate":757814400000,"Intensity":null,"AreaHa":4.2342603,"PerimeterM":875.12034946,"OFHObjMet":null,"ObjNotMet":null,"NPWSBranch":"STHC","NPWSArea":"SHOA","VerDate":1788739200000,"Shape.STArea()":4.200187163440109e-06,"Shape.STLength()":0.008805950859928156}},{"type":"Feature","id":26608,"geometry":{"type":"MultiPolygon","coordinates":[[[[150.231344,-35.375671],[150.231404,-35.376189],[150.232059,-35.376691],[150.232128,-35.377437],[150.232706,-35.378006],[150.233388,-35.378215],[150.233639,-35.378757],[150.234181,-35.378194],[150.234325,-35.377833],[150.23401,-35.376899],[150.233898,-35.37609],[150.234381,-35.375265],[150.235075,-35.374759],[150.234547,-35.374449],[150.233152,-35.374291],[150.231344,-35.375671]]],[[[150.233572,-35.378827],[150.233693,-35.378889],[150.233639,-35.378757],[150.233572,-35.378827]]]]},"properties":{"OBJECTID":26608,"FireType":1,"FireName":"Yadboro Road-3","FireNo":"SDH 031","FireYear":199394,"Label":"1993-94 Wildfire","StartDate":757814400000,"EndDate":757814400000,"Intensity":null,"AreaHa":8.67748896,"PerimeterM":1390.69799332,"OFHObjMet":null,"ObjNotMet":null,"NPWSBranch":"STHC","NPWSArea":"SHOA","VerDate":1788739200000,"Shape.STArea()":8.607241067092851e-06,"Shape.STLength()":0.013675825556930287}},{"type":"Feature","id":26632,"geometry":{"type":"Polygon","coordinates":[[[150.228384,-35.322463],[150.228267,-35.322845],[150.228712,-35.323239],[150.230341,-35.323494],[150.231355,-35.324062],[150.231906,-35.324616],[150.233135,-35.325612],[150.23404,-35.32594],[150.234955,-35.325699],[150.235004,-35.325264],[150.234419,-35.324684],[150.234015,-35.323666],[150.23387,-35.322506],[150.234359,-35.321518],[150.234936,-35.321069],[150.23785,-35.320423],[150.239766,-35.319586],[150.240785,-35.318638],[150.240771,-35.318286],[150.23703,-35.318089],[150.234855,-35.318228],[150.234451,-35.318023],[150.234239,-35.316864],[150.234275,-35.316105],[150.234144,-35.315296],[150.233195,-35.31386],[150.231974,-35.313053],[150.230797,-35.312543],[150.226045,-35.310991],[150.224106,-35.312072],[150.222504,-35.313333],[150.221183,-35.314993],[150.220463,-35.316826],[150.21931,-35.319402],[150.219248,-35.320351],[150.219504,-35.322619],[150.220556,-35.324161],[150.221933,-35.325559],[150.222298,-35.325604],[150.222647,-35.324403],[150.223664,-35.323401],[150.224665,-35.322806],[150.225945,-35.322609],[150.226314,-35.320244],[150.230167,-35.320791],[150.230077,-35.32101],[150.229268,-35.321437],[150.228502,-35.322108],[150.228321,-35.322546],[150.228384,-35.322463]]]},"properties":{"OBJECTID":26632,"FireType":1,"FireName":"Deadmans Gulch","FireNo":"421-011","FireYear":199596,"Label":"1995-96 Wildfire","StartDate":809740800000,"EndDate":810086400000,"Intensity":null,"AreaHa":168.11256553,"PerimeterM":7149.98046036,"OFHObjMet":null,"ObjNotMet":null,"NPWSBranch":"STHC","NPWSArea":"SHOA","VerDate":1788739200000,"Shape.STArea()":0.00016663427252248895,"Shape.STLength()":0.07164245665702494}},{"type":"Feature","id":26651,"geometry":{"type":"Polygon","coordinates":[[[150.276538,-35.396892],[150.276908,-35.396415],[150.277989,-35.393506],[150.27867,-35.391405],[150.278949,-35.389939],[150.279073,-35.386298],[150.278834,-35.383493],[150.277962,-35.38041],[150.275565,-35.379039],[150.272374,-35.379455],[150.265331,-35.383248],[150.26195,-35.383536],[150.261089,-35.381742],[150.260938,-35.381563],[150.260696,-35.381377],[150.25982,-35.381087],[150.259311,-35.380125],[150.258534,-35.37936],[150.257644,-35.37893],[150.257391,-35.37837],[150.259165,-35.375337],[150.263086,-35.373393],[150.267529,-35.373017],[150.272813,-35.371397],[150.273491,-35.370833],[150.273861,-35.369991],[150.273911,-35.369502],[150.274297,-35.370161],[150.275612,-35.369066],[150.276082,-35.366882],[150.274751,-35.364952],[150.272769,-35.363489],[150.269388,-35.363162],[150.2673,-35.364624],[150.26534,-35.365596],[150.263944,-35.365386],[150.263963,-35.363798],[150.263435,-35.363524],[150.26329,-35.363265],[150.264142,-35.36158],[150.264455,-35.360762],[150.264494,-35.360299],[150.264414,-35.359594],[150.264551,-35.359141],[150.264356,-35.357614],[150.261657,-35.355158],[150.257719,-35.353291],[150.254109,-35.352079],[150.249156,-35.351063],[150.248027,-35.350669],[150.248079,-35.351233],[150.248472,-35.35192],[150.248436,-35.352349],[150.247935,-35.353574],[150.247683,-35.354846],[150.247057,-35.35572],[150.246562,-35.356201],[150.24638,-35.356537],[150.2463,-35.357142],[150.246471,-35.357864],[150.246445,-35.358072],[150.246182,-35.358485],[150.245994,-35.35901],[150.245735,-35.359276],[150.244492,-35.360173],[150.244004,-35.360923],[150.243007,-35.362061],[150.242953,-35.362312],[150.243402,-35.362949],[150.243408,-35.363233],[150.243135,-35.363622],[150.242671,-35.364046],[150.241872,-35.365675],[150.241469,-35.366291],[150.240521,-35.366862],[150.239742,-35.367488],[150.239518,-35.367971],[150.239405,-35.368796],[150.238946,-35.369802],[150.238342,-35.370483],[150.237802,-35.370781],[150.236898,-35.371488],[150.23673,-35.37193],[150.236807,-35.373297],[150.236581,-35.374069],[150.236262,-35.374365],[150.235507,-35.37467],[150.234877,-35.375043],[150.234487,-35.375419],[150.234212,-35.375879],[150.234068,-35.376881],[150.234128,-35.377254],[150.234301,-35.377653],[150.234252,-35.378112],[150.233992,-35.378486],[150.233446,-35.378887],[150.23322,-35.379187],[150.233047,-35.379635],[150.233092,-35.379932],[150.233929,-35.380748],[150.234158,-35.381141],[150.23424,-35.381501],[150.234794,-35.38197],[150.235545,-35.381323],[150.235824,-35.381225],[150.236329,-35.381263],[150.237145,-35.381632],[150.237846,-35.38176],[150.238268,-35.382028],[150.238341,-35.382359],[150.238253,-35.382972],[150.237582,-35.384349],[150.237252,-35.385341],[150.237029,-35.385668],[150.235089,-35.386907],[150.233607,-35.387617],[150.231701,-35.388856],[150.231074,-35.389517],[150.229356,-35.391671],[150.229094,-35.392313],[150.228992,-35.392886],[150.229019,-35.393859],[150.229246,-35.394304],[150.229443,-35.394515],[150.230513,-35.395112],[150.230852,-35.395597],[150.230853,-35.395769],[150.23075,-35.396159],[150.230542,-35.396532],[150.230264,-35.396802],[150.229153,-35.397726],[150.227975,-35.3985],[150.227977,-35.398861],[150.228141,-35.399289],[150.228528,-35.399643],[150.22914,-35.399858],[150.22949,-35.399896],[150.229947,-35.400123],[150.230158,-35.40018],[150.230894,-35.40012],[150.231476,-35.400232],[150.231842,-35.400459],[150.23209,-35.40079],[150.232286,-35.400847],[150.232482,-35.400777],[150.232472,-35.400314],[150.232666,-35.399815],[150.232622,-35.39851],[150.232739,-35.398137],[150.233179,-35.397838],[150.234682,-35.397156],[150.235136,-35.396782],[150.235741,-35.396081],[150.236251,-35.395718],[150.237267,-35.395645],[150.240319,-35.396079],[150.241583,-35.396411],[150.242109,-35.396484],[150.242915,-35.396463],[150.243488,-35.396249],[150.244241,-35.395587],[150.244842,-35.395293],[150.245154,-35.394702],[150.245496,-35.394523],[150.246071,-35.394475],[150.246653,-35.394547],[150.247928,-35.394352],[150.248487,-35.39415],[150.248731,-35.393943],[150.248785,-35.393605],[150.249479,-35.392514],[150.249793,-35.392186],[150.250213,-35.392167],[150.250847,-35.39264],[150.251328,-35.392765],[150.251909,-35.392546],[150.252469,-35.392161],[150.252692,-35.391932],[150.252817,-35.391542],[150.253216,-35.391301],[150.253707,-35.391386],[150.25441,-35.39194],[150.255358,-35.392402],[150.255534,-35.392768],[150.255535,-35.393272],[150.25534,-35.393707],[150.254893,-35.394103],[150.254123,-35.394431],[150.253738,-35.394833],[150.253634,-35.395176],[150.253635,-35.395434],[150.253989,-35.396739],[150.255182,-35.397177],[150.255925,-35.397079],[150.256247,-35.396889],[150.257176,-35.395759],[150.257889,-35.395197],[150.258504,-35.394239],[150.258727,-35.394027],[150.259077,-35.393866],[150.260079,-35.393732],[150.260374,-35.393835],[150.26069,-35.394103],[150.260796,-35.394418],[150.260728,-35.394836],[150.260083,-35.395078],[150.259944,-35.39521],[150.259832,-35.395496],[150.259924,-35.395765],[150.260121,-35.395839],[150.26045,-35.395695],[150.261207,-35.39578],[150.262406,-35.395714],[150.263358,-35.395243],[150.26478,-35.394896],[150.265549,-35.394328],[150.265844,-35.394379],[150.266041,-35.394567],[150.266511,-35.394795],[150.266665,-35.394772],[150.267003,-35.395109],[150.266977,-35.395985],[150.266831,-35.396369],[150.266413,-35.397057],[150.265994,-35.397556],[150.265925,-35.3979],[150.265912,-35.398232],[150.266052,-35.398375],[150.266347,-35.398414],[150.267278,-35.398069],[150.268314,-35.397494],[150.269217,-35.396862],[150.269461,-35.396547],[150.269671,-35.39642],[150.269867,-35.39642],[150.271355,-35.397058],[150.27212,-35.39728],[150.272709,-35.397244],[150.272898,-35.397112],[150.273281,-35.396396],[150.273392,-35.395966],[150.273332,-35.394781],[150.273614,-35.394097],[150.274045,-35.394198],[150.273773,-35.3948],[150.273822,-35.39604],[150.273552,-35.396866],[150.273286,-35.397281],[150.272941,-35.397549],[150.272577,-35.397633],[150.271973,-35.397619],[150.271159,-35.39738],[150.269788,-35.396796],[150.269519,-35.397123],[150.268953,-35.397502],[150.269639,-35.397866],[150.269867,-35.398085],[150.269998,-35.398619],[150.269741,-35.39903],[150.269314,-35.39931],[150.268873,-35.399233],[150.268752,-35.398967],[150.268716,-35.398071],[150.268561,-35.397792],[150.267484,-35.398387],[150.266379,-35.398769],[150.267509,-35.399209],[150.269977,-35.400369],[150.271855,-35.400259],[150.272725,-35.400509],[150.273503,-35.400879],[150.274242,-35.401075],[150.275963,-35.400669],[150.276239,-35.399032],[150.275827,-35.397805],[150.276538,-35.396892]]]},"properties":{"OBJECTID":26651,"FireType":2,"FireName":"Pigeon House","FireNo":"SD-003","FireYear":199596,"Label":"1995-96 Prescribed Burn","StartDate":808704000000,"EndDate":809049600000,"Intensity":null,"AreaHa":1417.42378924,"PerimeterM":27682.82254262,"OFHObjMet":null,"ObjNotMet":null,"NPWSBranch":"STHC","NPWSArea":"SHOA","VerDate":1788739200000,"Shape.STArea()":0.0014059893073087267,"Shape.STLength()":0.27638418481983673}},{"type":"Feature","id":26657,"geometry":{"type":"Polygon","coordinates":[[[150.216341,-35.379208],[150.216727,-35.377753],[150.217459,-35.377235],[150.219118,-35.377057],[150.220439,-35.377492],[150.221793,-35.378907],[150.220787,-35.381759],[150.220626,-35.382959],[150.221001,-35.383644],[150.220316,-35.383562],[150.218834,-35.390931],[150.221073,-35.39125],[150.222276,-35.384707],[150.22476,-35.383415],[150.22692,-35.381345],[150.230159,-35.38071],[150.229913,-35.381462],[150.229528,-35.384672],[150.22997,-35.385381],[150.23122,-35.385835],[150.231317,-35.385262],[150.23259,-35.385217],[150.233449,-35.384738],[150.233838,-35.383094],[150.234794,-35.38197],[150.233047,-35.379635],[150.234252,-35.378112],[150.234252,-35.375793],[150.236581,-35.374069],[150.236802,-35.371649],[150.238946,-35.369802],[150.239742,-35.367488],[150.241586,-35.366147],[150.243408,-35.363233],[150.243007,-35.362061],[150.244009,-35.360915],[150.245994,-35.35901],[150.246445,-35.358072],[150.24638,-35.356537],[150.247683,-35.354846],[150.24847,-35.352135],[150.248013,-35.350814],[150.246857,-35.349856],[150.245082,-35.349368],[150.237415,-35.35014],[150.234495,-35.34914],[150.232792,-35.348005],[150.232692,-35.348156],[150.230987,-35.346651],[150.22987,-35.34617],[150.226627,-35.343586],[150.225289,-35.343112],[150.22221,-35.34292],[150.221542,-35.345879],[150.22007,-35.345675],[150.216962,-35.345526],[150.215115,-35.34633],[150.213612,-35.346691],[150.21084,-35.347011],[150.208738,-35.348306],[150.208525,-35.349276],[150.207557,-35.350384],[150.205253,-35.351238],[150.205179,-35.352015],[150.208335,-35.359396],[150.208173,-35.361461],[150.206306,-35.36352],[150.205405,-35.365223],[150.205651,-35.366438],[150.209123,-35.370062],[150.20928,-35.372614],[150.209827,-35.373536],[150.210049,-35.374374],[150.209648,-35.375291],[150.207586,-35.376999],[150.207316,-35.377721],[150.208498,-35.378817],[150.209304,-35.378899],[150.210646,-35.378236],[150.211427,-35.378644],[150.212118,-35.379392],[150.213191,-35.379723],[150.214491,-35.379965],[150.215598,-35.380048],[150.216341,-35.379208]]]},"properties":{"OBJECTID":26657,"FireType":2,"FireName":"Pigeon House","FireNo":"SD-003","FireYear":199596,"Label":"1995-96 Prescribed Burn","StartDate":808704000000,"EndDate":809049600000,"Intensity":null,"AreaHa":1183.97527349,"PerimeterM":18288.05796361,"OFHObjMet":null,"ObjNotMet":null,"NPWSBranch":"STHC","NPWSArea":"SHOA","VerDate":1788739200000,"Shape.STArea()":0.001174198615699738,"Shape.STLength()":0.179954182882503}},{"type":"Feature","id":26658,"geometry":{"type":"MultiPolygon","coordinates":[[[[150.192628,-35.364378],[150.191481,-35.363931],[150.191236,-35.363251],[150.190662,-35.362473],[150.190499,-35.362573],[150.189874,-35.362672],[150.189021,-35.362687],[150.188886,-35.362776],[150.188705,-35.36334],[150.188553,-35.363526],[150.187903,-35.363808],[150.187105,-35.363863],[150.185903,-35.364136],[150.18406,-35.364008],[150.183625,-35.364047],[150.183286,-35.364184],[150.182828,-35.364618],[150.182658,-35.365571],[150.182494,-35.365729],[150.180845,-35.366263],[150.180673,-35.366443],[150.180626,-35.36662],[150.180818,-35.367064],[150.181184,-35.367563],[150.181242,-35.368056],[150.181129,-35.368965],[150.180797,-35.369968],[150.180966,-35.370778],[150.180952,-35.371087],[150.18055,-35.37238],[150.1806,-35.372627],[150.181297,-35.373764],[150.181249,-35.373838],[150.180723,-35.37408],[150.178763,-35.374371],[150.178096,-35.374658],[150.17683,-35.375486],[150.175825,-35.376029],[150.175586,-35.376245],[150.174998,-35.377076],[150.174278,-35.377741],[150.172533,-35.379006],[150.169887,-35.379389],[150.16951,-35.379347],[150.168787,-35.378872],[150.168348,-35.378789],[150.167935,-35.378844],[150.166778,-35.379231],[150.165745,-35.379825],[150.16311,-35.379802],[150.16214,-35.379567],[150.161353,-35.379235],[150.160628,-35.379047],[150.159621,-35.378394],[150.158938,-35.378234],[150.158524,-35.378323],[150.156777,-35.37905],[150.155405,-35.379928],[150.154201,-35.380137],[150.152525,-35.380641],[150.151931,-35.3807],[150.15103,-35.380619],[150.150742,-35.38068],[150.147945,-35.382269],[150.147419,-35.382455],[150.146824,-35.382554],[150.146425,-35.382517],[150.146098,-35.382366],[150.145781,-35.381934],[150.145364,-35.381021],[150.145091,-35.380657],[150.144953,-35.380887],[150.145019,-35.381912],[150.145647,-35.382786],[150.145844,-35.383365],[150.145821,-35.3836],[150.145348,-35.384707],[150.144921,-35.386181],[150.144716,-35.386391],[150.144268,-35.386508],[150.143793,-35.386465],[150.142378,-35.386083],[150.14198,-35.386035],[150.141741,-35.386153],[150.142714,-35.386698],[150.142984,-35.386952],[150.143149,-35.387233],[150.143228,-35.387783],[150.142263,-35.389911],[150.142026,-35.391209],[150.141215,-35.393367],[150.141165,-35.394128],[150.140594,-35.395366],[150.140423,-35.396315],[150.140406,-35.397373],[150.14016,-35.398865],[150.140053,-35.399088],[150.139779,-35.399206],[150.139395,-35.399215],[150.138697,-35.398409],[150.138404,-35.398321],[150.138137,-35.398456],[150.138043,-35.398702],[150.13811,-35.398989],[150.138605,-35.399868],[150.138588,-35.400188],[150.137633,-35.401326],[150.13756,-35.401618],[150.137601,-35.402339],[150.137466,-35.402607],[150.137029,-35.402919],[150.135431,-35.403354],[150.134581,-35.40372],[150.133991,-35.404701],[150.133353,-35.405572],[150.132889,-35.406456],[150.132621,-35.40674],[150.132298,-35.406829],[150.131174,-35.40669],[150.130796,-35.406733],[150.130507,-35.406994],[150.129703,-35.409015],[150.129109,-35.409675],[150.128767,-35.410325],[150.128644,-35.410747],[150.128644,-35.412098],[150.128914,-35.413783],[150.12891,-35.414189],[150.129291,-35.415501],[150.129699,-35.416022],[150.129896,-35.416596],[150.129965,-35.417409],[150.12987,-35.41879],[150.133325,-35.419143],[150.134038,-35.41924],[150.134581,-35.419432],[150.137085,-35.41974],[150.138087,-35.420165],[150.138437,-35.420213],[150.139416,-35.42014],[150.140384,-35.42057],[150.141974,-35.421806],[150.142453,-35.422095],[150.142808,-35.422281],[150.143289,-35.422393],[150.144325,-35.422365],[150.146478,-35.421705],[150.14694,-35.421679],[150.147909,-35.421949],[150.148887,-35.421259],[150.149171,-35.420866],[150.149335,-35.420402],[150.14932,-35.42003],[150.149686,-35.41839],[150.150098,-35.417792],[150.150577,-35.417377],[150.152047,-35.416534],[150.152726,-35.415749],[150.153346,-35.415296],[150.155061,-35.41442],[150.157073,-35.413163],[150.157435,-35.412696],[150.157793,-35.412521],[150.159701,-35.411927],[150.160519,-35.411246],[150.160959,-35.411249],[150.162457,-35.41178],[150.166741,-35.409891],[150.167386,-35.409729],[150.168448,-35.409862],[150.168924,-35.409774],[150.169367,-35.409554],[150.170664,-35.408486],[150.171121,-35.40818],[150.172125,-35.407769],[150.172584,-35.407332],[150.172874,-35.406984],[150.172617,-35.406067],[150.172739,-35.405707],[150.173524,-35.404734],[150.174017,-35.404433],[150.174422,-35.404465],[150.174636,-35.404724],[150.175014,-35.405499],[150.175939,-35.40602],[150.176274,-35.406022],[150.178565,-35.40487],[150.179806,-35.403785],[150.180234,-35.403564],[150.184501,-35.40195],[150.18577,-35.40158],[150.186206,-35.401314],[150.186509,-35.40099],[150.187015,-35.400009],[150.187234,-35.399787],[150.188081,-35.399626],[150.188558,-35.399452],[150.189291,-35.398913],[150.190548,-35.398314],[150.192488,-35.397182],[150.192992,-35.397071],[150.193405,-35.397108],[150.194657,-35.397734],[150.195909,-35.397748],[150.196973,-35.397577],[150.198907,-35.397097],[150.199252,-35.396899],[150.199845,-35.396274],[150.200281,-35.395984],[150.200693,-35.396027],[150.201041,-35.396195],[150.201283,-35.396529],[150.201653,-35.39735],[150.202005,-35.397838],[150.202835,-35.398754],[150.203175,-35.399025],[150.20351,-35.399119],[150.204824,-35.399178],[150.205869,-35.399631],[150.206845,-35.39993],[150.207221,-35.400109],[150.207745,-35.40092],[150.209165,-35.401604],[150.211265,-35.402104],[150.211612,-35.402421],[150.211943,-35.402927],[150.21221,-35.40429],[150.212968,-35.404782],[150.216543,-35.405291],[150.217331,-35.405487],[150.218321,-35.406535],[150.219143,-35.407021],[150.222025,-35.407063],[150.223939,-35.406594],[150.224481,-35.405565],[150.225152,-35.405009],[150.225173,-35.404621],[150.225439,-35.403987],[150.226221,-35.403488],[150.228257,-35.400597],[150.228536,-35.400067],[150.229507,-35.399902],[150.228774,-35.399756],[150.228282,-35.399461],[150.227977,-35.398861],[150.227975,-35.3985],[150.229162,-35.397722],[150.230264,-35.396802],[150.230542,-35.396532],[150.230819,-35.395958],[150.230852,-35.395597],[150.230654,-35.395272],[150.230322,-35.39497],[150.230063,-35.394914],[150.229443,-35.394515],[150.22909,-35.394047],[150.228982,-35.39363],[150.228992,-35.392886],[150.229094,-35.392313],[150.229356,-35.391671],[150.231353,-35.389201],[150.231701,-35.388856],[150.232462,-35.388343],[150.230838,-35.388102],[150.23128,-35.38548],[150.230297,-35.385141],[150.229943,-35.384552],[150.229986,-35.383539],[150.230226,-35.382679],[150.230188,-35.38209],[150.230739,-35.380588],[150.230458,-35.380388],[150.230163,-35.380344],[150.228553,-35.380654],[150.227936,-35.380639],[150.227187,-35.380785],[150.226642,-35.381062],[150.225945,-35.381649],[150.225562,-35.382212],[150.225353,-35.382413],[150.225039,-35.38254],[150.224517,-35.383115],[150.223986,-35.383403],[150.223805,-35.383604],[150.222932,-35.384197],[150.222342,-35.384348],[150.221535,-35.388358],[150.219613,-35.389514],[150.220115,-35.384559],[150.220333,-35.383476],[150.220727,-35.38327],[150.220624,-35.382718],[150.220814,-35.38163],[150.221314,-35.380884],[150.221781,-35.37929],[150.221793,-35.378907],[150.221707,-35.378678],[150.221142,-35.377976],[150.220439,-35.377492],[150.219596,-35.377141],[150.218698,-35.377041],[150.217459,-35.377235],[150.216963,-35.377483],[150.216727,-35.377753],[150.216485,-35.378338],[150.21657,-35.378584],[150.216156,-35.379616],[150.215849,-35.379795],[150.215703,-35.37999],[150.215374,-35.380083],[150.21355,-35.379856],[150.212756,-35.379487],[150.212118,-35.379392],[150.211914,-35.379261],[150.211419,-35.378633],[150.210913,-35.378246],[150.210135,-35.378358],[150.209304,-35.378899],[150.208828,-35.378884],[150.208196,-35.378703],[150.207584,-35.378259],[150.207314,-35.377716],[150.207313,-35.377447],[150.207515,-35.377292],[150.207493,-35.377166],[150.207625,-35.376931],[150.208568,-35.376326],[150.208812,-35.376108],[150.209075,-35.375666],[150.209648,-35.375291],[150.210016,-35.374689],[150.210047,-35.374042],[150.209654,-35.373243],[150.209632,-35.373002],[150.20928,-35.372614],[150.209279,-35.372431],[150.209404,-35.372202],[150.209399,-35.37124],[150.209187,-35.370743],[150.209123,-35.370062],[150.20892,-35.370032],[150.202502,-35.365221],[150.196624,-35.364034],[150.19549,-35.363944],[150.194094,-35.363653],[150.192628,-35.364378]]],[[[150.196099,-35.363153],[150.196104,-35.363152],[150.1961,-35.363149],[150.196099,-35.363153]]]]},"properties":{"OBJECTID":26658,"FireType":2,"FireName":"01AIS435","FireNo":"01AIS435","FireYear":200102,"Label":"2001-02 Prescribed Burn","StartDate":null,"EndDate":null,"Intensity":null,"AreaHa":2980.81573224,"PerimeterM":33433.59437608,"OFHObjMet":null,"ObjNotMet":null,"NPWSBranch":"STHC","NPWSArea":"SHOA","VerDate":1788739200000,"Shape.STArea()":0.002957257335124453,"Shape.STLength()":0.3366239753881612}},{"type":"Feature","id":26665,"geometry":{"type":"Polygon","coordinates":[[[150.323123,-35.352085],[150.323449,-35.352207],[150.326151,-35.351739],[150.325484,-35.351102],[150.323384,-35.350635],[150.322707,-35.349736],[150.322152,-35.347915],[150.321299,-35.346627],[150.322722,-35.346194],[150.325551,-35.344936],[150.327608,-35.344355],[150.327411,-35.343442],[150.326851,-35.34149],[150.325784,-35.338897],[150.325549,-35.337067],[150.322362,-35.337417],[150.32055,-35.336156],[150.320832,-35.33523],[150.320134,-35.333806],[150.320698,-35.331955],[150.322189,-35.329291],[150.321651,-35.327863],[150.319999,-35.326597],[150.319929,-35.324894],[150.32068,-35.323693],[150.319822,-35.322274],[150.317914,-35.322589],[150.316162,-35.322768],[150.314755,-35.323594],[150.314968,-35.324899],[150.315352,-35.326462],[150.313818,-35.328078],[150.313046,-35.328755],[150.311639,-35.329581],[150.310728,-35.330786],[150.310473,-35.332367],[150.309236,-35.33345],[150.30816,-35.334529],[150.308256,-35.336887],[150.308805,-35.338576],[150.310308,-35.340109],[150.310367,-35.34155],[150.311806,-35.341511],[150.314055,-35.341711],[150.315558,-35.343244],[150.317387,-35.344898],[150.317936,-35.346588],[150.318938,-35.34761],[150.321347,-35.347806],[150.321726,-35.349238],[150.321934,-35.350413],[150.323123,-35.352085]]]},"properties":{"OBJECTID":26665,"FireType":2,"FireName":"1994/1995 Prescribed Burn","FireNo":"","FireYear":199495,"Label":"1994-95 Prescribed Burn","StartDate":null,"EndDate":null,"Intensity":null,"AreaHa":263.53841571,"PerimeterM":9394.5101429,"OFHObjMet":null,"ObjNotMet":null,"NPWSBranch":"STHC","NPWSArea":"SHOA","VerDate":1788739200000,"Shape.STArea()":0.00026127862344131354,"Shape.STLength()":0.09222560893666162}},{"type":"Feature","id":26684,"geometry":{"type":"Polygon","coordinates":[[[150.332744,-35.396275],[150.333258,-35.393795],[150.336116,-35.394203],[150.337508,-35.387608],[150.338291,-35.387719],[150.338219,-35.386933],[150.338404,-35.385902],[150.338807,-35.385128],[150.339643,-35.383997],[150.340056,-35.382147],[150.340209,-35.381763],[150.341659,-35.379852],[150.342146,-35.378763],[150.342259,-35.378056],[150.3422,-35.378047],[150.342172,-35.378227],[150.338303,-35.377682],[150.33814,-35.378437],[150.334461,-35.377917],[150.33358,-35.381884],[150.328175,-35.381117],[150.327956,-35.382378],[150.323493,-35.381778],[150.323799,-35.380212],[150.323464,-35.380166],[150.323304,-35.380307],[150.321827,-35.380347],[150.320738,-35.380862],[150.319628,-35.380832],[150.319096,-35.380483],[150.318689,-35.379586],[150.317921,-35.37888],[150.317108,-35.378903],[150.315651,-35.379427],[150.313206,-35.379313],[150.31001,-35.37888],[150.30851,-35.379706],[150.31131,-35.380093],[150.310759,-35.383482],[150.308546,-35.383202],[150.307853,-35.386791],[150.306973,-35.386694],[150.30626,-35.38671],[150.303438,-35.386424],[150.303401,-35.387244],[150.302067,-35.387249],[150.300818,-35.387755],[150.299577,-35.387862],[150.297533,-35.386707],[150.297122,-35.387505],[150.299143,-35.388453],[150.299298,-35.388596],[150.299355,-35.38891],[150.299232,-35.389655],[150.299605,-35.390128],[150.299677,-35.390695],[150.299867,-35.390884],[150.300253,-35.390997],[150.30022,-35.391598],[150.300311,-35.391741],[150.300768,-35.391941],[150.301148,-35.392375],[150.301136,-35.393114],[150.301229,-35.393428],[150.301334,-35.393554],[150.302051,-35.393924],[150.302297,-35.394359],[150.302754,-35.394667],[150.303027,-35.395097],[150.304564,-35.394511],[150.305995,-35.393748],[150.306598,-35.393658],[150.307695,-35.393738],[150.307956,-35.393598],[150.308435,-35.39291],[150.31019,-35.392906],[150.310629,-35.39302],[150.313186,-35.394966],[150.31323,-35.396146],[150.313948,-35.396755],[150.314348,-35.397566],[150.314936,-35.398374],[150.317863,-35.401257],[150.319099,-35.402278],[150.319729,-35.402663],[150.32142,-35.40322],[150.323601,-35.404216],[150.324923,-35.404649],[150.32532,-35.404722],[150.327336,-35.404606],[150.328455,-35.404635],[150.329358,-35.405011],[150.330839,-35.406052],[150.331638,-35.406392],[150.332404,-35.406344],[150.332423,-35.406262],[150.331079,-35.406077],[150.33075,-35.405891],[150.332744,-35.396275]]]},"properties":{"OBJECTID":26684,"FireType":2,"FireName":"04BAS26-28","FireNo":"04BAS26-28","FireYear":200304,"Label":"2003-04 Prescribed Burn","StartDate":1080259200000,"EndDate":1080777600000,"Intensity":null,"AreaHa":642.48170857,"PerimeterM":14798.92185782,"OFHObjMet":null,"ObjNotMet":null,"NPWSBranch":"STHC","NPWSArea":"SHOA","VerDate":1788739200000,"Shape.STArea()":0.0006373888640892524,"Shape.STLength()":0.1487137821174916}},{"type":"Feature","id":26691,"geometry":{"type":"Polygon","coordinates":[[[150.256703,-35.392699],[150.255807,-35.39417],[150.254684,-35.394747],[150.254327,-35.395383],[150.254507,-35.396277],[150.255287,-35.396686],[150.256877,-35.396029],[150.257543,-35.394592],[150.258607,-35.393724],[150.259375,-35.392606],[150.260439,-35.392145],[150.260426,-35.392546],[150.261636,-35.394247],[150.261287,-35.395077],[150.262101,-35.395134],[150.264041,-35.39469],[150.264883,-35.394094],[150.263959,-35.393832],[150.263162,-35.393084],[150.264452,-35.393037],[150.264855,-35.392361],[150.264973,-35.391732],[150.263273,-35.390536],[150.261364,-35.38975],[150.263817,-35.390317],[150.265493,-35.390428],[150.264777,-35.389274],[150.266171,-35.389471],[150.26704,-35.388937],[150.265121,-35.387297],[150.266623,-35.38766],[150.267753,-35.388208],[150.267948,-35.387351],[150.267467,-35.386605],[150.268045,-35.386214],[150.268325,-35.385144],[150.269037,-35.385952],[150.268683,-35.387473],[150.269213,-35.387942],[150.271279,-35.388201],[150.270754,-35.388373],[150.268524,-35.388625],[150.267608,-35.389589],[150.26846,-35.390308],[150.267032,-35.390699],[150.267061,-35.391216],[150.266453,-35.391944],[150.265845,-35.393234],[150.266742,-35.394148],[150.268046,-35.393331],[150.269223,-35.39211],[150.269299,-35.393186],[150.268203,-35.394851],[150.268037,-35.395481],[150.267062,-35.397346],[150.269347,-35.395993],[150.270108,-35.394931],[150.269279,-35.394015],[150.270481,-35.394516],[150.271472,-35.394012],[150.271292,-35.392449],[150.271946,-35.393368],[150.271871,-35.394587],[150.270826,-35.395953],[150.271265,-35.396957],[150.272573,-35.396649],[150.273387,-35.395882],[150.273327,-35.39476],[150.273605,-35.394113],[150.273196,-35.393768],[150.272673,-35.392997],[150.272088,-35.391731],[150.271423,-35.391006],[150.271066,-35.390419],[150.271422,-35.389949],[150.271852,-35.389121],[150.271978,-35.388398],[150.271919,-35.386868],[150.27157,-35.385945],[150.270847,-35.38535],[150.269324,-35.384678],[150.268137,-35.384501],[150.267716,-35.384701],[150.267096,-35.385484],[150.266586,-35.385905],[150.264589,-35.385873],[150.263301,-35.385493],[150.262332,-35.384265],[150.261021,-35.381662],[150.260666,-35.381366],[150.259825,-35.381035],[150.259496,-35.380523],[150.259546,-35.380286],[150.258696,-35.379479],[150.258082,-35.378969],[150.256558,-35.378963],[150.255223,-35.37872],[150.253874,-35.378335],[150.253274,-35.37782],[150.252965,-35.376478],[150.252285,-35.376218],[150.25146,-35.376291],[150.250079,-35.376622],[150.247909,-35.377004],[150.247359,-35.377462],[150.246883,-35.378128],[150.24555,-35.378775],[150.244741,-35.378839],[150.244322,-35.378706],[150.24362,-35.378012],[150.243146,-35.377712],[150.242474,-35.377606],[150.242177,-35.377426],[150.241936,-35.376826],[150.241311,-35.376209],[150.240923,-35.37606],[150.239651,-35.375849],[150.239206,-35.376163],[150.239588,-35.377086],[150.239371,-35.377383],[150.238609,-35.377555],[150.238484,-35.377949],[150.238787,-35.378665],[150.238639,-35.379264],[150.238035,-35.379671],[150.237451,-35.380586],[150.237574,-35.381287],[150.238496,-35.381653],[150.238783,-35.382858],[150.237839,-35.385503],[150.237156,-35.386342],[150.23216,-35.389174],[150.23156,-35.389699],[150.231945,-35.390979],[150.232784,-35.39166],[150.234314,-35.391698],[150.235338,-35.391044],[150.236292,-35.389807],[150.236966,-35.388047],[150.238177,-35.387079],[150.241467,-35.385484],[150.242043,-35.384373],[150.243144,-35.383249],[150.244375,-35.381808],[150.245355,-35.381013],[150.24456,-35.384032],[150.243542,-35.384841],[150.242522,-35.386785],[150.24307,-35.387704],[150.241925,-35.387336],[150.240273,-35.387862],[150.238727,-35.388607],[150.237869,-35.389843],[150.237246,-35.390993],[150.235997,-35.392004],[150.234165,-35.392757],[150.232146,-35.39242],[150.230622,-35.391327],[150.229985,-35.392126],[150.229835,-35.393147],[150.230217,-35.394349],[150.2313,-35.395141],[150.231429,-35.395998],[150.230897,-35.397029],[150.229691,-35.397921],[150.228732,-35.399003],[150.229851,-35.39952],[150.231579,-35.399748],[150.232091,-35.399421],[150.231955,-35.398408],[150.232861,-35.397172],[150.234217,-35.396432],[150.236725,-35.394683],[150.237744,-35.393537],[150.238207,-35.394721],[150.239516,-35.395195],[150.241538,-35.39561],[150.242878,-35.395691],[150.243897,-35.394881],[150.243582,-35.394186],[150.242649,-35.393546],[150.242943,-35.39316],[150.245322,-35.393514],[150.245311,-35.392846],[150.244288,-35.391849],[150.245817,-35.392757],[150.247372,-35.393419],[150.248121,-35.393047],[150.248987,-35.392007],[150.249421,-35.39094],[150.249519,-35.389803],[150.247945,-35.388244],[150.249786,-35.388877],[150.251021,-35.387964],[150.252098,-35.386254],[150.251612,-35.386032],[150.24926,-35.385588],[150.25014,-35.385055],[150.251714,-35.385013],[150.251732,-35.384269],[150.251069,-35.383231],[150.249421,-35.382611],[150.249392,-35.382112],[150.250787,-35.382144],[150.250878,-35.380851],[150.250213,-35.378943],[150.251359,-35.379743],[150.252334,-35.381438],[150.252097,-35.382656],[150.252948,-35.38365],[150.25444,-35.382939],[150.253741,-35.384371],[150.25359,-35.385353],[150.253678,-35.386367],[150.256088,-35.384543],[150.256278,-35.38372],[150.25702,-35.38397],[150.258015,-35.382943],[150.257903,-35.382187],[150.255815,-35.381219],[150.256905,-35.381119],[150.259167,-35.381566],[150.259927,-35.38125],[150.261101,-35.383796],[150.259658,-35.383078],[150.259057,-35.383563],[150.259958,-35.384595],[150.261367,-35.386017],[150.258539,-35.384946],[150.259159,-35.386033],[150.261514,-35.388175],[150.263158,-35.387015],[150.262481,-35.388047],[150.261991,-35.388203],[150.260729,-35.388406],[150.259186,-35.386766],[150.257118,-35.385219],[150.255934,-35.385667],[150.255357,-35.386557],[150.257965,-35.389757],[150.256504,-35.388861],[150.255098,-35.38749],[150.254403,-35.389478],[150.254174,-35.387875],[150.253109,-35.387634],[150.251198,-35.388998],[150.25097,-35.390272],[150.250637,-35.391494],[150.252057,-35.392423],[150.252668,-35.390931],[150.254202,-35.391085],[150.255586,-35.391565],[150.256638,-35.391535],[150.258032,-35.391803],[150.258265,-35.391646],[150.258111,-35.391818],[150.258032,-35.391803],[150.256703,-35.392699]]]},"properties":{"OBJECTID":26691,"FireType":2,"FireName":"07BAS430","FireNo":"07BAS430","FireYear":200708,"Label":"2007-08 Prescribed Burn","StartDate":1186444800000,"EndDate":1186704000000,"Intensity":null,"AreaHa":438.88591824,"PerimeterM":34893.31166694,"OFHObjMet":null,"ObjNotMet":null,"NPWSBranch":"STHC","NPWSArea":"SHOA","VerDate":1788739200000,"Shape.STArea()":0.0004353930253083193,"Shape.STLength()":0.34844245397908796}},{"type":"Feature","id":27805,"geometry":{"type":"MultiPolygon","coordinates":[[[[150.217592,-35.298236],[150.217476,-35.297249],[150.217184,-35.296996],[150.2165,-35.296808],[150.214583,-35.296665],[150.213033,-35.297195],[150.212231,-35.297792],[150.21105,-35.298085],[150.210031,-35.298037],[150.209556,-35.297878],[150.208386,-35.297827],[150.207635,-35.297834],[150.206759,-35.297986],[150.206484,-35.298127],[150.206175,-35.298391],[150.206044,-35.298708],[150.20598,-35.299692],[150.207111,-35.301036],[150.206451,-35.302066],[150.20538,-35.30438],[150.204526,-35.307389],[150.203819,-35.308726],[150.202044,-35.311423],[150.200996,-35.312187],[150.199163,-35.31308],[150.198487,-35.313532],[150.198017,-35.314087],[150.1967,-35.314795],[150.195217,-35.316134],[150.195034,-35.316352],[150.195008,-35.316665],[150.1953,-35.316973],[150.196595,-35.317356],[150.197109,-35.31725],[150.199629,-35.316119],[150.199973,-35.315733],[150.200401,-35.315521],[150.20088,-35.315557],[150.201281,-35.316132],[150.201291,-35.316699],[150.201044,-35.316915],[150.200726,-35.317424],[150.200711,-35.317843],[150.201126,-35.318],[150.201284,-35.318174],[150.200979,-35.318794],[150.200733,-35.318961],[150.200928,-35.319408],[150.202224,-35.321014],[150.202691,-35.321394],[150.203088,-35.321207],[150.203075,-35.320738],[150.202965,-35.320416],[150.202981,-35.319973],[150.203275,-35.319253],[150.203287,-35.31806],[150.203476,-35.317818],[150.204155,-35.317292],[150.204458,-35.316339],[150.204356,-35.314933],[150.204549,-35.314568],[150.205073,-35.314162],[150.205563,-35.313907],[150.205782,-35.313642],[150.20562,-35.313121],[150.205821,-35.31251],[150.206045,-35.312121],[150.206709,-35.312013],[150.207186,-35.312123],[150.20801,-35.311748],[150.208613,-35.311688],[150.209274,-35.311679],[150.209322,-35.312025],[150.20904,-35.312363],[150.208117,-35.313006],[150.20782,-35.313763],[150.207423,-35.31395],[150.207145,-35.31419],[150.20735,-35.315204],[150.207341,-35.315475],[150.206881,-35.315735],[150.207008,-35.316427],[150.207292,-35.316902],[150.207274,-35.317418],[150.206648,-35.318167],[150.206723,-35.319474],[150.206832,-35.319796],[150.207101,-35.319827],[150.207436,-35.319687],[150.207909,-35.319058],[150.208364,-35.318921],[150.208987,-35.319132],[150.209374,-35.318378],[150.209623,-35.318113],[150.210229,-35.317954],[150.210468,-35.318009],[150.210771,-35.317942],[150.211081,-35.317654],[150.211182,-35.317336],[150.211772,-35.316784],[150.212099,-35.316865],[150.212221,-35.317705],[150.212515,-35.317884],[150.213152,-35.317702],[150.214708,-35.316999],[150.21573,-35.315225],[150.215795,-35.314217],[150.216438,-35.313838],[150.216402,-35.313148],[150.216561,-35.312906],[150.217192,-35.312871],[150.218928,-35.312197],[150.219284,-35.312328],[150.219358,-35.312798],[150.21916,-35.31331],[150.218434,-35.313466],[150.21833,-35.313857],[150.218344,-35.314325],[150.218005,-35.314588],[150.2175,-35.314429],[150.217228,-35.314472],[150.21707,-35.31469],[150.217618,-35.315343],[150.217544,-35.31576],[150.217124,-35.31575],[150.216786,-35.315964],[150.216522,-35.316647],[150.216369,-35.317628],[150.215984,-35.318333],[150.214623,-35.318597],[150.213818,-35.319293],[150.21327,-35.319502],[150.212758,-35.319539],[150.211926,-35.319298],[150.211768,-35.319516],[150.212338,-35.320416],[150.212149,-35.320658],[150.211842,-35.320848],[150.211149,-35.32093],[150.210676,-35.321559],[150.210278,-35.321796],[150.209766,-35.321834],[150.20911,-35.322124],[150.208917,-35.322029],[150.207882,-35.322455],[150.206427,-35.32284],[150.206321,-35.323305],[150.206638,-35.323682],[150.206805,-35.324079],[150.206512,-35.324737],[150.206678,-35.325135],[150.20715,-35.325392],[150.2079,-35.325434],[150.208513,-35.325055],[150.209385,-35.32505],[150.209975,-35.325359],[150.209905,-35.325653],[150.210018,-35.325853],[150.21041,-35.325812],[150.210503,-35.325716],[150.210589,-35.324979],[150.210846,-35.324493],[150.211636,-35.324216],[150.212449,-35.323299],[150.213711,-35.323303],[150.214196,-35.323167],[150.215484,-35.322384],[150.216685,-35.322412],[150.217667,-35.321819],[150.218163,-35.321363],[150.218591,-35.321151],[150.219255,-35.321068],[150.219519,-35.321246],[150.220028,-35.321282],[150.220365,-35.321093],[150.220495,-35.320801],[150.220867,-35.320465],[150.221173,-35.320324],[150.221208,-35.320152],[150.220684,-35.319673],[150.220663,-35.319426],[150.22085,-35.319209],[150.221573,-35.319151],[150.221761,-35.318934],[150.2218,-35.318664],[150.221625,-35.318512],[150.221552,-35.318018],[150.221324,-35.317644],[150.221457,-35.317278],[150.221647,-35.316986],[150.222113,-35.316554],[150.222223,-35.315966],[150.222778,-35.315535],[150.223168,-35.315544],[150.223274,-35.315965],[150.223087,-35.316158],[150.223185,-35.317687],[150.223479,-35.31789],[150.223841,-35.317825],[150.224418,-35.316779],[150.224694,-35.316613],[150.225083,-35.316647],[150.225628,-35.316536],[150.226229,-35.315639],[150.226746,-35.315454],[150.228379,-35.316009],[150.228568,-35.316628],[150.22899,-35.317475],[150.228864,-35.317645],[150.227897,-35.317819],[150.227802,-35.317965],[150.228414,-35.318496],[150.228459,-35.31894],[150.228202,-35.319427],[150.226996,-35.319571],[150.226988,-35.319793],[150.226322,-35.320285],[150.225671,-35.32055],[150.225446,-35.320964],[150.225108,-35.321202],[150.224985,-35.32216],[150.225433,-35.322244],[150.226984,-35.322205],[150.227731,-35.322321],[150.228822,-35.322051],[150.229152,-35.322058],[150.230624,-35.321273],[150.231624,-35.320908],[150.232851,-35.320173],[150.233277,-35.320011],[150.233767,-35.319727],[150.235094,-35.318698],[150.235463,-35.318337],[150.235008,-35.31836],[150.23449,-35.318233],[150.234195,-35.318002],[150.234132,-35.317667],[150.234211,-35.316695],[150.234171,-35.315084],[150.233964,-35.314669],[150.233215,-35.313904],[150.231613,-35.312844],[150.231349,-35.312236],[150.230298,-35.310488],[150.229891,-35.310085],[150.229404,-35.309385],[150.229026,-35.309031],[150.228635,-35.309047],[150.227866,-35.308685],[150.227426,-35.308379],[150.227078,-35.308026],[150.226796,-35.307478],[150.226677,-35.306565],[150.226909,-35.30593],[150.22729,-35.305323],[150.22779,-35.304768],[150.22792,-35.304476],[150.228566,-35.304023],[150.228698,-35.303681],[150.228433,-35.302641],[150.228086,-35.302239],[150.22616,-35.301481],[150.225557,-35.301566],[150.224918,-35.301797],[150.223832,-35.301945],[150.222253,-35.301564],[150.221742,-35.301576],[150.221058,-35.301388],[150.220437,-35.301103],[150.220184,-35.30058],[150.219953,-35.300329],[150.219452,-35.300047],[150.219093,-35.299989],[150.218671,-35.300053],[150.218493,-35.29998],[150.218,-35.299476],[150.217518,-35.298653],[150.217592,-35.298236]]],[[[150.200381,-35.305158],[150.200498,-35.304387],[150.200327,-35.304125],[150.20017,-35.303457],[150.200143,-35.302941],[150.200443,-35.302063],[150.200855,-35.301851],[150.200865,-35.301556],[150.200556,-35.301402],[150.199371,-35.301853],[150.198936,-35.302728],[150.198881,-35.303022],[150.199174,-35.304946],[150.199222,-35.306164],[150.198196,-35.308536],[150.197297,-35.309806],[150.196088,-35.310957],[150.195259,-35.311528],[150.19282,-35.314421],[150.192062,-35.315546],[150.191773,-35.316167],[150.191595,-35.316347],[150.191568,-35.316518],[150.191706,-35.316685],[150.192075,-35.316816],[150.192477,-35.316715],[150.193527,-35.315527],[150.19414,-35.315144],[150.194386,-35.31451],[150.19527,-35.313825],[150.195702,-35.313013],[150.196277,-35.312847],[150.196675,-35.312348],[150.197527,-35.31218],[150.198664,-35.311232],[150.198951,-35.310683],[150.199202,-35.309812],[150.199988,-35.308725],[150.200241,-35.30792],[150.201015,-35.306353],[150.201298,-35.305954],[150.201326,-35.305143],[150.200877,-35.305133],[150.200548,-35.305531],[150.200381,-35.305158]]]]},"properties":{"OBJECTID":27805,"FireType":2,"FireName":"ULL- Yadboro SFAZ","FireNo":"HR10052244106","FireYear":201213,"Label":"2012-13 Prescribed Burn","StartDate":1369008000000,"EndDate":1369094400000,"Intensity":10,"AreaHa":585.99140142,"PerimeterM":24848.8770485,"OFHObjMet":null,"ObjNotMet":null,"NPWSBranch":"STHC","NPWSArea":"SHOA","VerDate":1788739200000,"Shape.STArea()":0.0005807855019138874,"Shape.STLength()":0.2462622503465358}},{"type":"Feature","id":30840,"geometry":{"type":"MultiPolygon","coordinates":[[[[150.303568,-35.315223],[150.301855,-35.312197],[150.301055,-35.311454],[150.300427,-35.310541],[150.299113,-35.309969],[150.298999,-35.309627],[150.298028,-35.308542],[150.297571,-35.307514],[150.297571,-35.306657],[150.298028,-35.305572],[150.298999,-35.303973],[150.29997,-35.30306],[150.300427,-35.30226],[150.300769,-35.301289],[150.301055,-35.300147],[150.300712,-35.299405],[150.300141,-35.299005],[150.29957,-35.299462],[150.299342,-35.300261],[150.298542,-35.301061],[150.2978,-35.301518],[150.297286,-35.302032],[150.296658,-35.302945],[150.295002,-35.303973],[150.294545,-35.304944],[150.293574,-35.306372],[150.292546,-35.306543],[150.291861,-35.3074],[150.291004,-35.307742],[150.290833,-35.307914],[150.290604,-35.30917],[150.291004,-35.309684],[150.292546,-35.310598],[150.292889,-35.311454],[150.29266,-35.312539],[150.292261,-35.313225],[150.294145,-35.314138],[150.293974,-35.314824],[150.293974,-35.315566],[150.293517,-35.315852],[150.292546,-35.315395],[150.291404,-35.315452],[150.29089,-35.315966],[150.291175,-35.316594],[150.291233,-35.317622],[150.290148,-35.317907],[150.289234,-35.317964],[150.287007,-35.316994],[150.285979,-35.317051],[150.285179,-35.31785],[150.285122,-35.319506],[150.285351,-35.319735],[150.285065,-35.320706],[150.284323,-35.321448],[150.282781,-35.321734],[150.281867,-35.320763],[150.281353,-35.319678],[150.281182,-35.318935],[150.280611,-35.31865],[150.27964,-35.318878],[150.279126,-35.319563],[150.278441,-35.320077],[150.277356,-35.320077],[150.276442,-35.320477],[150.276042,-35.321391],[150.276613,-35.32219],[150.276613,-35.323104],[150.276271,-35.323447],[150.275186,-35.324246],[150.275071,-35.325103],[150.275414,-35.32556],[150.276442,-35.326473],[150.277413,-35.327673],[150.277413,-35.328415],[150.277127,-35.329043],[150.276271,-35.329729],[150.276042,-35.330585],[150.276727,-35.330928],[150.276727,-35.331556],[150.276271,-35.33247],[150.275985,-35.33344],[150.276499,-35.335325],[150.277127,-35.336239],[150.277527,-35.337609],[150.277698,-35.338923],[150.277641,-35.339722],[150.276899,-35.340236],[150.275357,-35.341036],[150.272844,-35.341264],[150.271816,-35.342749],[150.271074,-35.34292],[150.27016,-35.342521],[150.269018,-35.342406],[150.268847,-35.341493],[150.268504,-35.341321],[150.266677,-35.341378],[150.266277,-35.341093],[150.266163,-35.34035],[150.265934,-35.339665],[150.263993,-35.339323],[150.26285,-35.339894],[150.262222,-35.341036],[150.260281,-35.342007],[150.258853,-35.342521],[150.258624,-35.34332],[150.258624,-35.343891],[150.259024,-35.344748],[150.258853,-35.345833],[150.258282,-35.346861],[150.258282,-35.347774],[150.259081,-35.347546],[150.259595,-35.346804],[150.261765,-35.345947],[150.263764,-35.345719],[150.265592,-35.344976],[150.267362,-35.345147],[150.268333,-35.345147],[150.269875,-35.345719],[150.271245,-35.345776],[150.272159,-35.345661],[150.2753,-35.343663],[150.27667,-35.342692],[150.277812,-35.342178],[150.279183,-35.341949],[150.280097,-35.342178],[150.280782,-35.342749],[150.284037,-35.34629],[150.284608,-35.347089],[150.285807,-35.347946],[150.287292,-35.348802],[150.288606,-35.349088],[150.289862,-35.348745],[150.290776,-35.348231],[150.291918,-35.347831],[150.293003,-35.347717],[150.294202,-35.347432],[150.29603,-35.347432],[150.297172,-35.347032],[150.298028,-35.346861],[150.298942,-35.346975],[150.299856,-35.347203],[150.300998,-35.34726],[150.302825,-35.347889],[150.304424,-35.348574],[150.305624,-35.349202],[150.306709,-35.350002],[150.30865,-35.351258],[150.310992,-35.351429],[150.312305,-35.351315],[150.312819,-35.350915],[150.313733,-35.350858],[150.316588,-35.351429],[150.316417,-35.350858],[150.315046,-35.350059],[150.313219,-35.349602],[150.310763,-35.349202],[150.309564,-35.349088],[150.308936,-35.348802],[150.308993,-35.348117],[150.307908,-35.34726],[150.308251,-35.346689],[150.308479,-35.345947],[150.307451,-35.345719],[150.30648,-35.345719],[150.305624,-35.345433],[150.305338,-35.344862],[150.305795,-35.344234],[150.306537,-35.343891],[150.306937,-35.34332],[150.306195,-35.342806],[150.306138,-35.342235],[150.307051,-35.341036],[150.306823,-35.340522],[150.305966,-35.340236],[150.304367,-35.340979],[150.303396,-35.341892],[150.302711,-35.343149],[150.301969,-35.344005],[150.298599,-35.344576],[150.294373,-35.345033],[150.293117,-35.345433],[150.292203,-35.345947],[150.289405,-35.346518],[150.28832,-35.346461],[150.28792,-35.346061],[150.287064,-35.346004],[150.285693,-35.345205],[150.285408,-35.344519],[150.285579,-35.34412],[150.286036,-35.34372],[150.285979,-35.343206],[150.285179,-35.343034],[150.284208,-35.342635],[150.284151,-35.341378],[150.283866,-35.34075],[150.283409,-35.340179],[150.282267,-35.339665],[150.281125,-35.338866],[150.281125,-35.338237],[150.281696,-35.336467],[150.283466,-35.333098],[150.284151,-35.332698],[150.284608,-35.332127],[150.285179,-35.330985],[150.286721,-35.329443],[150.287749,-35.328815],[150.28912,-35.328301],[150.292546,-35.327273],[150.295801,-35.325902],[150.297914,-35.324532],[150.299742,-35.32299],[150.301398,-35.321905],[150.302083,-35.321048],[150.30214,-35.320477],[150.30214,-35.319735],[150.301969,-35.318878],[150.301455,-35.317622],[150.301455,-35.316023],[150.302597,-35.31568],[150.303282,-35.315737],[150.303568,-35.315223]]],[[[150.275471,-35.274563],[150.275243,-35.273764],[150.274386,-35.27325],[150.273415,-35.272793],[150.272444,-35.272108],[150.271359,-35.271879],[150.270389,-35.270566],[150.269303,-35.270509],[150.26799,-35.271251],[150.267647,-35.271936],[150.267133,-35.27245],[150.266848,-35.27325],[150.266334,-35.273821],[150.265534,-35.274049],[150.264735,-35.27462],[150.264107,-35.274849],[150.26365,-35.275363],[150.262508,-35.275363],[150.26108,-35.27462],[150.258053,-35.271308],[150.257311,-35.270851],[150.255655,-35.270566],[150.254798,-35.270509],[150.253942,-35.270566],[150.253142,-35.271194],[150.252914,-35.271993],[150.252971,-35.272679],[150.253999,-35.273364],[150.255255,-35.274677],[150.256055,-35.275077],[150.258339,-35.275934],[150.259367,-35.27719],[150.259824,-35.278104],[150.259881,-35.27896],[150.258682,-35.27976],[150.257368,-35.28016],[150.25377,-35.279874],[150.252571,-35.28016],[150.250401,-35.278503],[150.249544,-35.277304],[150.248973,-35.276048],[150.246632,-35.275534],[150.246118,-35.276276],[150.246289,-35.276904],[150.246289,-35.278275],[150.246175,-35.279474],[150.246632,-35.280959],[150.246404,-35.281644],[150.246232,-35.282558],[150.245147,-35.283358],[150.243891,-35.2837],[150.242349,-35.283757],[150.240407,-35.283358],[150.239494,-35.283358],[150.23898,-35.283757],[150.238351,-35.284557],[150.238351,-35.285585],[150.238637,-35.286498],[150.239151,-35.287298],[150.240179,-35.287755],[150.241549,-35.287698],[150.242577,-35.287526],[150.244005,-35.287812],[150.245718,-35.289582],[150.247774,-35.289525],[150.248003,-35.289982],[150.247374,-35.290839],[150.247146,-35.291752],[150.247374,-35.292552],[150.249544,-35.293237],[150.250458,-35.293294],[150.251201,-35.29398],[150.251372,-35.294493],[150.251372,-35.295407],[150.251143,-35.295864],[150.250572,-35.296264],[150.249602,-35.296606],[150.248688,-35.297463],[150.247374,-35.299176],[150.247146,-35.300261],[150.247546,-35.301518],[150.248117,-35.302774],[150.248859,-35.303573],[150.249944,-35.304145],[150.251029,-35.304145],[150.252171,-35.303802],[150.253428,-35.302203],[150.253942,-35.301232],[150.254627,-35.300318],[150.255998,-35.298834],[150.256569,-35.297863],[150.258739,-35.296664],[150.259595,-35.295921],[150.259995,-35.295179],[150.259995,-35.29318],[150.259767,-35.292495],[150.258739,-35.291581],[150.257939,-35.291067],[150.257482,-35.29021],[150.257539,-35.289468],[150.257996,-35.288954],[150.258624,-35.288611],[150.259024,-35.287926],[150.260395,-35.286441],[150.26108,-35.285927],[150.261251,-35.285413],[150.265135,-35.285185],[150.26542,-35.285699],[150.26542,-35.286213],[150.265934,-35.286613],[150.26622,-35.287184],[150.265934,-35.288269],[150.265991,-35.28884],[150.266791,-35.289411],[150.267876,-35.289982],[150.267476,-35.291695],[150.267704,-35.292381],[150.268333,-35.292038],[150.268732,-35.291581],[150.269189,-35.290782],[150.269246,-35.290268],[150.268904,-35.289639],[150.267362,-35.287526],[150.267305,-35.285471],[150.268047,-35.283929],[150.269132,-35.2837],[150.269817,-35.282844],[150.270845,-35.282101],[150.271988,-35.280959],[150.271873,-35.279246],[150.272273,-35.27896],[150.272844,-35.27896],[150.273815,-35.279646],[150.275186,-35.27936],[150.275528,-35.278846],[150.275814,-35.278161],[150.275928,-35.277133],[150.275471,-35.275762],[150.275471,-35.274563]]],[[[150.265649,-35.304487],[150.266562,-35.304087],[150.267704,-35.302717],[150.268276,-35.301803],[150.269018,-35.300832],[150.269989,-35.300033],[150.270674,-35.299633],[150.272159,-35.297463],[150.273015,-35.296778],[150.273073,-35.295978],[150.272673,-35.29575],[150.271873,-35.296092],[150.269418,-35.299005],[150.268161,-35.300147],[150.267476,-35.300547],[150.266391,-35.301004],[150.264278,-35.302431],[150.264107,-35.303174],[150.264164,-35.304087],[150.264735,-35.304487],[150.265649,-35.304487]]],[[[150.264621,-35.312254],[150.265306,-35.311911],[150.26542,-35.311112],[150.264906,-35.310255],[150.264392,-35.309855],[150.264335,-35.30917],[150.263593,-35.308142],[150.262793,-35.307914],[150.262394,-35.308085],[150.262108,-35.308428],[150.261937,-35.308999],[150.262108,-35.310027],[150.262394,-35.310769],[150.262394,-35.311511],[150.26285,-35.312025],[150.263821,-35.312254],[150.264621,-35.312254]]],[[[150.260223,-35.303117],[150.261994,-35.301689],[150.262108,-35.301118],[150.261366,-35.30049],[150.261251,-35.299633],[150.261594,-35.298377],[150.261423,-35.297749],[150.260623,-35.299119],[150.260166,-35.300147],[150.259481,-35.301403],[150.258682,-35.302374],[150.25811,-35.303345],[150.25811,-35.303973],[150.259081,-35.303973],[150.260223,-35.303117]]],[[[150.279868,-35.296378],[150.280496,-35.296035],[150.280668,-35.295407],[150.281296,-35.29495],[150.280725,-35.294608],[150.281239,-35.293408],[150.281125,-35.292666],[150.280496,-35.292095],[150.279526,-35.292323],[150.279126,-35.292609],[150.27964,-35.293523],[150.279754,-35.294151],[150.279183,-35.294436],[150.278041,-35.294779],[150.277641,-35.29535],[150.279012,-35.296378],[150.279868,-35.296378]]],[[[150.283123,-35.290325],[150.283295,-35.289696],[150.283066,-35.288669],[150.282438,-35.28804],[150.281239,-35.287355],[150.280382,-35.287869],[150.279868,-35.288611],[150.279925,-35.289411],[150.280611,-35.289754],[150.281068,-35.290496],[150.281524,-35.290839],[150.282609,-35.290896],[150.283123,-35.290325]]],[[[150.271245,-35.291752],[150.271702,-35.291238],[150.272159,-35.290039],[150.272273,-35.28884],[150.271017,-35.286727],[150.270103,-35.286213],[150.270331,-35.287012],[150.270617,-35.287584],[150.270617,-35.28844],[150.270389,-35.289125],[150.27016,-35.291981],[150.270674,-35.292209],[150.271245,-35.291752]]],[[[150.258796,-35.313853],[150.259652,-35.312482],[150.260109,-35.311454],[150.259767,-35.310883],[150.25851,-35.311226],[150.257368,-35.312197],[150.256569,-35.313167],[150.256797,-35.314195],[150.257654,-35.314709],[150.258796,-35.313853]]],[[[150.266619,-35.298148],[150.267533,-35.297463],[150.268504,-35.296549],[150.268675,-35.295807],[150.268047,-35.294836],[150.266905,-35.294722],[150.266791,-35.295122],[150.265763,-35.295921],[150.265649,-35.297749],[150.265763,-35.298148],[150.266619,-35.298148]]],[[[150.283694,-35.284443],[150.283123,-35.282844],[150.282552,-35.282215],[150.281524,-35.28193],[150.280668,-35.28233],[150.281068,-35.283986],[150.282838,-35.284899],[150.283694,-35.284443]]],[[[150.278783,-35.301346],[150.278726,-35.301004],[150.278155,-35.300661],[150.277298,-35.300433],[150.276042,-35.300261],[150.275014,-35.300832],[150.274557,-35.301289],[150.275014,-35.301689],[150.275642,-35.301632],[150.276727,-35.302032],[150.277527,-35.302203],[150.278441,-35.30186],[150.278783,-35.301346]]],[[[150.278897,-35.298891],[150.279469,-35.298605],[150.279469,-35.298091],[150.278897,-35.297749],[150.278441,-35.297577],[150.277298,-35.297349],[150.276499,-35.297349],[150.275871,-35.297634],[150.276727,-35.298605],[150.277984,-35.299005],[150.278897,-35.298891]]],[[[150.275757,-35.305744],[150.275757,-35.305115],[150.275585,-35.304316],[150.275014,-35.303745],[150.274386,-35.303459],[150.273815,-35.303402],[150.273301,-35.304544],[150.273986,-35.30483],[150.274386,-35.305572],[150.275071,-35.305915],[150.275757,-35.305744]]]]},"properties":{"OBJECTID":30840,"FireType":2,"FireName":"ULLA -Talaterang LMZ","FireNo":"HR15120975120","FireYear":201617,"Label":"2016-17 Prescribed Burn","StartDate":1494979200000,"EndDate":1495584000000,"Intensity":null,"AreaHa":1215.73992343,"PerimeterM":59749.4703104,"OFHObjMet":null,"ObjNotMet":null,"NPWSBranch":"STHC","NPWSArea":"SHOA","VerDate":1788739200000,"Shape.STArea()":0.0012049022107572574,"Shape.STLength()":0.5961479410926843}},{"type":"Feature","id":31230,"geometry":{"type":"Polygon","coordinates":[[[150.305857,-35.354066],[150.305663,-35.354071],[150.305465,-35.354318],[150.305117,-35.354412],[150.304897,-35.354583],[150.304908,-35.354674],[150.30468,-35.354754],[150.304903,-35.354949],[150.304831,-35.355159],[150.305173,-35.355322],[150.305243,-35.355459],[150.305604,-35.355395],[150.305881,-35.355526],[150.306231,-35.355531],[150.306519,-35.355398],[150.307394,-35.355647],[150.307752,-35.355645],[150.307763,-35.355804],[150.307937,-35.355853],[150.308101,-35.355773],[150.308504,-35.355796],[150.308783,-35.355609],[150.308986,-35.355656],[150.309231,-35.355448],[150.309142,-35.355448],[150.309127,-35.355318],[150.309327,-35.355171],[150.309299,-35.355043],[150.309,-35.354671],[150.30867,-35.354656],[150.308718,-35.354428],[150.308652,-35.354313],[150.3091,-35.35424],[150.309095,-35.354137],[150.309345,-35.353762],[150.30912,-35.353513],[150.309113,-35.353389],[150.308953,-35.353344],[150.308812,-35.35342],[150.30847,-35.353047],[150.308024,-35.353016],[150.308003,-35.353164],[150.308105,-35.353239],[150.307947,-35.353317],[150.307122,-35.353282],[150.306934,-35.35334],[150.306756,-35.353474],[150.306749,-35.353675],[150.306604,-35.353729],[150.306532,-35.353943],[150.306001,-35.354177],[150.305857,-35.354066]]]},"properties":{"OBJECTID":31230,"FireType":1,"FireName":"Jindelara Creek","FireNo":"17121984254","FireYear":201718,"Label":"2017-18 Wildfire","StartDate":1513641600000,"EndDate":1513814400000,"Intensity":9999,"AreaHa":8.16716602,"PerimeterM":1618.03521515,"OFHObjMet":null,"ObjNotMet":null,"NPWSBranch":"STHC","NPWSArea":"SHOA","VerDate":1788739200000,"Shape.STArea()":8.098913905823517e-06,"Shape.STLength()":0.016447181886878198}},{"type":"Feature","id":32903,"geometry":{"type":"Polygon","coordinates":[[[150.544421,-35.107206],[150.5441,-35.107517],[150.545123,-35.108458],[150.546256,-35.109833],[150.546498,-35.110022],[150.546762,-35.11009],[150.547548,-35.110173],[150.548326,-35.110105],[150.550851,-35.110499],[150.551862,-35.110522],[150.552304,-35.11046],[150.552924,-35.110237],[150.553331,-35.109887],[150.553662,-35.109426],[150.553534,-35.109351],[150.552446,-35.109228],[150.551426,-35.109001],[150.549995,-35.108554],[150.549005,-35.10798],[150.547926,-35.10706],[150.547666,-35.106744],[150.547118,-35.10576],[150.546006,-35.103224],[150.545865,-35.103182],[150.545207,-35.102239],[150.544851,-35.100603],[150.540611,-35.100087],[150.538761,-35.098712],[150.535425,-35.097851],[150.535709,-35.097569],[150.533663,-35.097222],[150.532817,-35.097177],[150.5324,-35.097076],[150.531844,-35.096775],[150.531197,-35.096026],[150.530531,-35.094584],[150.530049,-35.093299],[150.53012,-35.092424],[150.530281,-35.091816],[150.530424,-35.091584],[150.530674,-35.091298],[150.531031,-35.091173],[150.531745,-35.091102],[150.531906,-35.090995],[150.531906,-35.090727],[150.531656,-35.089941],[150.530719,-35.087654],[150.525665,-35.086644],[150.522845,-35.08767],[150.522957,-35.088434],[150.522927,-35.089798],[150.522642,-35.091162],[150.522396,-35.091672],[150.522065,-35.092144],[150.521116,-35.092952],[150.519682,-35.093473],[150.517909,-35.093714],[150.514789,-35.093735],[150.514484,-35.093696],[150.513465,-35.093319],[150.513257,-35.093407],[150.513207,-35.093589],[150.513322,-35.093816],[150.51349,-35.093866],[150.513578,-35.093703],[150.513735,-35.093696],[150.513924,-35.09374],[150.513892,-35.093841],[150.513377,-35.094143],[150.512615,-35.094747],[150.512489,-35.094769],[150.513043,-35.093752],[150.512943,-35.093369],[150.513018,-35.093237],[150.51354,-35.093149],[150.514189,-35.0934],[150.51485,-35.093501],[150.517709,-35.093501],[150.519713,-35.093247],[150.520669,-35.092891],[150.521422,-35.092484],[150.52191,-35.091955],[150.522479,-35.090572],[150.52259,-35.08984],[150.522611,-35.088752],[150.52252,-35.087788],[150.52073,-35.088875],[150.519369,-35.089498],[150.517578,-35.089306],[150.51503,-35.089883],[150.511755,-35.092018],[150.506868,-35.093849],[150.507331,-35.094192],[150.50218,-35.094862],[150.50239,-35.09526],[150.501559,-35.095243],[150.5,-35.096391],[150.497624,-35.095805],[150.495239,-35.094075],[150.492837,-35.092753],[150.492627,-35.091849],[150.491716,-35.092618],[150.486503,-35.092248],[150.48337,-35.090788],[150.481547,-35.089006],[150.482359,-35.087602],[150.482188,-35.087383],[150.482382,-35.087195],[150.484883,-35.088188],[150.487943,-35.086387],[150.48691,-35.084893],[150.48628,-35.084134],[150.488914,-35.080833],[150.489726,-35.080041],[150.489768,-35.079866],[150.490459,-35.07895],[150.491713,-35.072855],[150.491454,-35.072707],[150.491246,-35.072837],[150.491211,-35.072772],[150.491573,-35.072448],[150.491772,-35.072567],[150.492213,-35.070424],[150.490859,-35.070237],[150.492998,-35.068472],[150.49377,-35.068131],[150.495224,-35.066744],[150.495425,-35.06683],[150.495463,-35.067012],[150.495865,-35.067473],[150.496556,-35.067741],[150.497021,-35.068473],[150.497873,-35.06885],[150.498606,-35.068794],[150.498925,-35.069131],[150.501838,-35.0711],[150.502815,-35.072372],[150.5036,-35.073968],[150.503871,-35.075792],[150.504634,-35.076941],[150.506827,-35.077553],[150.508726,-35.077144],[150.510746,-35.076291],[150.513539,-35.076289],[150.515976,-35.076915],[150.516573,-35.076942],[150.516636,-35.077089],[150.517157,-35.077226],[150.517122,-35.077148],[150.517243,-35.077006],[150.51784,-35.07709],[150.517978,-35.077217],[150.517864,-35.077412],[150.518396,-35.077551],[150.517533,-35.08005],[150.517948,-35.080357],[150.518363,-35.080319],[150.518409,-35.080656],[150.518347,-35.080725],[150.517825,-35.080718],[150.517365,-35.080536],[150.517264,-35.080828],[150.517266,-35.08373],[150.517137,-35.085605],[150.519414,-35.08586],[150.521441,-35.082272],[150.521685,-35.081043],[150.521994,-35.081056],[150.522068,-35.081161],[150.522327,-35.080703],[150.52473,-35.079787],[150.524911,-35.080154],[150.528191,-35.081303],[150.53158,-35.085106],[150.535013,-35.084745],[150.541802,-35.084733],[150.542914,-35.083962],[150.541835,-35.084866],[150.539862,-35.084921],[150.539705,-35.085376],[150.537541,-35.085139],[150.534264,-35.085096],[150.53295,-35.088045],[150.531347,-35.087764],[150.531577,-35.088088],[150.532253,-35.08972],[150.532442,-35.090495],[150.532424,-35.091316],[150.531281,-35.092138],[150.530975,-35.092514],[150.530817,-35.092745],[150.530852,-35.093334],[150.532071,-35.095831],[150.532349,-35.096232],[150.53283,-35.096618],[150.535285,-35.096871],[150.537492,-35.097266],[150.537841,-35.097438],[150.539176,-35.097776],[150.540707,-35.098661],[150.543517,-35.099628],[150.543593,-35.09817],[150.542525,-35.097314],[150.541581,-35.09671],[150.541304,-35.096333],[150.54051,-35.095696],[150.540609,-35.095551],[150.540543,-35.095334],[150.540718,-35.095184],[150.541037,-35.095429],[150.541075,-35.095194],[150.541207,-35.095132],[150.541805,-35.095245],[150.54184,-35.095542],[150.541599,-35.09586],[150.544331,-35.097497],[150.54461,-35.098635],[150.547358,-35.103583],[150.547957,-35.105463],[150.548447,-35.106256],[150.549133,-35.107032],[150.55009,-35.107682],[150.551073,-35.108154],[150.551974,-35.108322],[150.552661,-35.108322],[150.553274,-35.108183],[150.553497,-35.108035],[150.553775,-35.107561],[150.5541,-35.106289],[150.554592,-35.105361],[150.556115,-35.104059],[150.556397,-35.1036],[150.554949,-35.103258],[150.554632,-35.103949],[150.554712,-35.10424],[150.554654,-35.104707],[150.55432,-35.105301],[150.553508,-35.106351],[150.552994,-35.106738],[150.552628,-35.10677],[150.551917,-35.106643],[150.55136,-35.106447],[150.550315,-35.105916],[150.55013,-35.105709],[150.549997,-35.105301],[150.549504,-35.104431],[150.549499,-35.104009],[150.549388,-35.103837],[150.549534,-35.103636],[150.54962,-35.102951],[150.550029,-35.102326],[150.550692,-35.101875],[150.551214,-35.101624],[150.553179,-35.099899],[150.553951,-35.099923],[150.554042,-35.099556],[150.554585,-35.099234],[150.556014,-35.091842],[150.556025,-35.090698],[150.55536,-35.090417],[150.554461,-35.090208],[150.5541,-35.089857],[150.553735,-35.088858],[150.553318,-35.08878],[150.553279,-35.088582],[150.552578,-35.088758],[150.551035,-35.088238],[150.550083,-35.087691],[150.545837,-35.083322],[150.544385,-35.082941],[150.548743,-35.079899],[150.550604,-35.078792],[150.551142,-35.078266],[150.552069,-35.07782],[150.553465,-35.077705],[150.554476,-35.077367],[150.5584,-35.075658],[150.561622,-35.074402],[150.561595,-35.074267],[150.561891,-35.07402],[150.56594,-35.073417],[150.568472,-35.072658],[150.571227,-35.070429],[150.572546,-35.068245],[150.573306,-35.065276],[150.571027,-35.065083],[150.570002,-35.066389],[150.568679,-35.065699],[150.567921,-35.065573],[150.567512,-35.06877],[150.569663,-35.068776],[150.568949,-35.071673],[150.566341,-35.071989],[150.566373,-35.070921],[150.564352,-35.071065],[150.564352,-35.072575],[150.561648,-35.073073],[150.561667,-35.07319],[150.560935,-35.072938],[150.559016,-35.073066],[150.557731,-35.073374],[150.557126,-35.073219],[150.55706,-35.072502],[150.558182,-35.071857],[150.559352,-35.071523],[150.558689,-35.070412],[150.562918,-35.067707],[150.563357,-35.066595],[150.563828,-35.066389],[150.56476,-35.066241],[150.564621,-35.066048],[150.564052,-35.065678],[150.561893,-35.066088],[150.559484,-35.065157],[150.559478,-35.064394],[150.560017,-35.063832],[150.561242,-35.063595],[150.562431,-35.063619],[150.564362,-35.064039],[150.565295,-35.064845],[150.566674,-35.064324],[150.567416,-35.063743],[150.568225,-35.063854],[150.569617,-35.062904],[150.568234,-35.06259],[150.567476,-35.061716],[150.567985,-35.059786],[150.56476,-35.057536],[150.564347,-35.056455],[150.56927,-35.052754],[150.569817,-35.057948],[150.570838,-35.058473],[150.574175,-35.058837],[150.575146,-35.057072],[150.575226,-35.05451],[150.575179,-35.053385],[150.574634,-35.052579],[150.573234,-35.051854],[150.571049,-35.051454],[150.571427,-35.051183],[150.57118,-35.051168],[150.567082,-35.049953],[150.565663,-35.048911],[150.56154,-35.04859],[150.567213,-35.038209],[150.567483,-35.036844],[150.567578,-35.036823],[150.568284,-35.035712],[150.569492,-35.033313],[150.575347,-35.022687],[150.57406,-35.02259],[150.572208,-35.022934],[150.570961,-35.023458],[150.570693,-35.023146],[150.570836,-35.02295],[150.569003,-35.019398],[150.569538,-35.015942],[150.568054,-35.015846],[150.566102,-35.01688],[150.565217,-35.018621],[150.564064,-35.018419],[150.563372,-35.017302],[150.562875,-35.01452],[150.563446,-35.012355],[150.563969,-35.009954],[150.5638,-35.009586],[150.564262,-35.007856],[150.566306,-35.006394],[150.566811,-35.004019],[150.56544,-35.002346],[150.565323,-35.002325],[150.566864,-34.994591],[150.567296,-34.994701],[150.56823,-34.992539],[150.56897,-34.987575],[150.568868,-34.987019],[150.568374,-34.98701],[150.569039,-34.983668],[150.569756,-34.983718],[150.570373,-34.980326],[150.569688,-34.980284],[150.56817,-34.979881],[150.567876,-34.979627],[150.567303,-34.979416],[150.565389,-34.979854],[150.56399,-34.980093],[150.563075,-34.980075],[150.562399,-34.980195],[150.562229,-34.980316],[150.561446,-34.980395],[150.558221,-34.98099],[150.555447,-34.979144],[150.555908,-34.977593],[150.555542,-34.975868],[150.554562,-34.97373],[150.551589,-34.973155],[150.549194,-34.974194],[150.54428,-34.973408],[150.539712,-34.974976],[150.539172,-34.979086],[150.539361,-34.979123],[150.535244,-34.97973],[150.533694,-34.978723],[150.529135,-34.977895],[150.529184,-34.97627],[150.526452,-34.974723],[150.51531,-34.971785],[150.512586,-34.970428],[150.507939,-34.97027],[150.503207,-34.968013],[150.49831,-34.971401],[150.491176,-34.974284],[150.485484,-34.981453],[150.479375,-34.987291],[150.475288,-34.993819],[150.474031,-34.998629],[150.476398,-35.003339],[150.477231,-35.010478],[150.475669,-35.011778],[150.475537,-35.010149],[150.471766,-35.009228],[150.470518,-35.008537],[150.470069,-35.008094],[150.470164,-35.008352],[150.469634,-35.008074],[150.469467,-35.00809],[150.469185,-35.007016],[150.468915,-35.006962],[150.469207,-35.004878],[150.46681,-34.999423],[150.468646,-34.995493],[150.471171,-34.990649],[150.472499,-34.983152],[150.47314,-34.976569],[150.475223,-34.969798],[150.475133,-34.968888],[150.475489,-34.968473],[150.479325,-34.965659],[150.480008,-34.963764],[150.481311,-34.963347],[150.482634,-34.961387],[150.482152,-34.958129],[150.482167,-34.957646],[150.485257,-34.957924],[150.488355,-34.959715],[150.489998,-34.958398],[150.491304,-34.958528],[150.493474,-34.955609],[150.49479,-34.954554],[150.496519,-34.952961],[150.496846,-34.953055],[150.499009,-34.952633],[150.499414,-34.951903],[150.502113,-34.953801],[150.50414,-34.952754],[150.5139,-34.953999],[150.5151,-34.95145],[150.514662,-34.948476],[150.514652,-34.945039],[150.51537,-34.943814],[150.517034,-34.942198],[150.518342,-34.94165],[150.519341,-34.940341],[150.528545,-34.940227],[150.534827,-34.936943],[150.538825,-34.934088],[150.54424,-34.93493],[150.544658,-34.935791],[150.546938,-34.937029],[150.550507,-34.938771],[150.552395,-34.938571],[150.557345,-34.937716],[150.56055,-34.937065],[150.563967,-34.934152],[150.563891,-34.934101],[150.564644,-34.933203],[150.564288,-34.930415],[150.564532,-34.92903],[150.564401,-34.928196],[150.562762,-34.926032],[150.562204,-34.9259],[150.561023,-34.925913],[150.558566,-34.926653],[150.556247,-34.926425],[150.552453,-34.92476],[150.5521,-34.924984],[150.551965,-34.924824],[150.552161,-34.924624],[150.552066,-34.924531],[150.550109,-34.923464],[150.548068,-34.922209],[150.547793,-34.921019],[150.547859,-34.920751],[150.547793,-34.919848],[150.546965,-34.919284],[150.546349,-34.919051],[150.545695,-34.91923],[150.544299,-34.91936],[150.541079,-34.918881],[150.539317,-34.918334],[150.538266,-34.917718],[150.537845,-34.917655],[150.533511,-34.917834],[150.533517,-34.917391],[150.533716,-34.916938],[150.533694,-34.916277],[150.534032,-34.915551],[150.534777,-34.914553],[150.534432,-34.914309],[150.534491,-34.914129],[150.535059,-34.913908],[150.5354,-34.913904],[150.53583,-34.913558],[150.538501,-34.912882],[150.53884,-34.911496],[150.539325,-34.910918],[150.539886,-34.909928],[150.539991,-34.90896],[150.539827,-34.908609],[150.539913,-34.907738],[150.541018,-34.906542],[150.540362,-34.905341],[150.539142,-34.903977],[150.537097,-34.902915],[150.535922,-34.90314],[150.535419,-34.903964],[150.535405,-34.904645],[150.535146,-34.906673],[150.534234,-34.909471],[150.533253,-34.909682],[150.532104,-34.910376],[150.530241,-34.910851],[150.528171,-34.9112],[150.52797,-34.910506],[150.527672,-34.908881],[150.528186,-34.908263],[150.528924,-34.907115],[150.529942,-34.905846],[150.530644,-34.905234],[150.529971,-34.903625],[150.529979,-34.903361],[150.530574,-34.903411],[150.531106,-34.901809],[150.530926,-34.900665],[150.528779,-34.900123],[150.526887,-34.898534],[150.524183,-34.899813],[150.524371,-34.900052],[150.523459,-34.899984],[150.524059,-34.900591],[150.524686,-34.901077],[150.525453,-34.902214],[150.525351,-34.902896],[150.525132,-34.903507],[150.525355,-34.903485],[150.524905,-34.90436],[150.525185,-34.904768],[150.52457,-34.906306],[150.524382,-34.907067],[150.523632,-34.908262],[150.523295,-34.908469],[150.522518,-34.908286],[150.522297,-34.908323],[150.520622,-34.90816],[150.519082,-34.908576],[150.518074,-34.909154],[150.516637,-34.909259],[150.515391,-34.908805],[150.514459,-34.908034],[150.513973,-34.90712],[150.513828,-34.906666],[150.513782,-34.905135],[150.513418,-34.904492],[150.513007,-34.904276],[150.512781,-34.903667],[150.512775,-34.903448],[150.512472,-34.903142],[150.512395,-34.902439],[150.511866,-34.90253],[150.511737,-34.9024],[150.51102,-34.902686],[150.510717,-34.903623],[150.509625,-34.903962],[150.506874,-34.902422],[150.506006,-34.902275],[150.505165,-34.90281],[150.505303,-34.902916],[150.504348,-34.903424],[150.500451,-34.904335],[150.498958,-34.904796],[150.496788,-34.904731],[150.496414,-34.904245],[150.496101,-34.903368],[150.495269,-34.901795],[150.494987,-34.901703],[150.494898,-34.901001],[150.494937,-34.900255],[150.494775,-34.899299],[150.49541,-34.898857],[150.495459,-34.898085],[150.495294,-34.897973],[150.49538,-34.897776],[150.495477,-34.8978],[150.495474,-34.89729],[150.4957,-34.896796],[150.496238,-34.896323],[150.495273,-34.895264],[150.494234,-34.894793],[150.49364,-34.89427],[150.493404,-34.894306],[150.492655,-34.893728],[150.491559,-34.892203],[150.490751,-34.891374],[150.489815,-34.890598],[150.488257,-34.889896],[150.487342,-34.889634],[150.48615,-34.889381],[150.484902,-34.889472],[150.483855,-34.889386],[150.482376,-34.888911],[150.481368,-34.888079],[150.480586,-34.887643],[150.48013,-34.886681],[150.47962,-34.886122],[150.478844,-34.885857],[150.477661,-34.885832],[150.475864,-34.88611],[150.47373,-34.886627],[150.471832,-34.886759],[150.470096,-34.887112],[150.466573,-34.887572],[150.465734,-34.887572],[150.463733,-34.891367],[150.46411,-34.894267],[150.464038,-34.894628],[150.462838,-34.894785],[150.462215,-34.894277],[150.46147,-34.893037],[150.460484,-34.891001],[150.461182,-34.887601],[150.461835,-34.886552],[150.463159,-34.886041],[150.463016,-34.885496],[150.463111,-34.884984],[150.462736,-34.883789],[150.461271,-34.881201],[150.455903,-34.878417],[150.456289,-34.877991],[150.458975,-34.875626],[150.458925,-34.875277],[150.464086,-34.871914],[150.46188,-34.869361],[150.460846,-34.867435],[150.460608,-34.86721],[150.45943,-34.86663],[150.458966,-34.866309],[150.458894,-34.866101],[150.459083,-34.866043],[150.459868,-34.8664],[150.460265,-34.866679],[150.460464,-34.866679],[150.460316,-34.866392],[150.458954,-34.865322],[150.458833,-34.864739],[150.458252,-34.863957],[150.458117,-34.863885],[150.457532,-34.864037],[150.456537,-34.864501],[150.456125,-34.864568],[150.455847,-34.864741],[150.455819,-34.864887],[150.455609,-34.865062],[150.455347,-34.865133],[150.453303,-34.865014],[150.453625,-34.865187],[150.452965,-34.866065],[150.452751,-34.867217],[150.453133,-34.868066],[150.453624,-34.869485],[150.453219,-34.870212],[150.450507,-34.869785],[150.449222,-34.87025],[150.448641,-34.870935],[150.448808,-34.870881],[150.448884,-34.870964],[150.448706,-34.871316],[150.448706,-34.871494],[150.448477,-34.871519],[150.448428,-34.871386],[150.448261,-34.872281],[150.447491,-34.872589],[150.446707,-34.872538],[150.44543,-34.873218],[150.443075,-34.872995],[150.44205,-34.873453],[150.441813,-34.874032],[150.44132,-34.874762],[150.441268,-34.875623],[150.441398,-34.876694],[150.44265,-34.877591],[150.441284,-34.878201],[150.44114,-34.876772],[150.440588,-34.876],[150.440111,-34.874938],[150.438881,-34.874613],[150.438013,-34.874637],[150.436901,-34.875097],[150.436577,-34.875679],[150.437048,-34.876597],[150.436712,-34.876893],[150.436749,-34.877823],[150.43527,-34.877791],[150.4347,-34.878738],[150.434109,-34.879184],[150.433782,-34.879694],[150.43309,-34.879784],[150.432132,-34.879739],[150.431169,-34.87955],[150.431154,-34.879192],[150.430431,-34.878495],[150.429471,-34.878378],[150.429031,-34.878247],[150.429193,-34.877956],[150.430834,-34.877697],[150.433315,-34.876698],[150.433471,-34.876264],[150.434137,-34.87553],[150.436262,-34.874326],[150.43729,-34.87394],[150.438595,-34.873976],[150.439706,-34.873517],[150.440196,-34.872715],[150.442656,-34.871216],[150.444789,-34.870227],[150.446181,-34.870261],[150.447738,-34.870075],[150.449014,-34.869396],[150.449854,-34.868657],[150.450346,-34.867927],[150.450404,-34.867209],[150.450213,-34.866784],[150.449221,-34.86588],[150.447025,-34.865295],[150.443825,-34.865669],[150.443536,-34.864961],[150.446215,-34.864601],[150.4511,-34.864755],[150.45001,-34.864643],[150.449381,-34.864485],[150.447784,-34.862986],[150.447663,-34.862641],[150.448181,-34.862079],[150.44849,-34.86159],[150.448543,-34.86137],[150.44854,-34.861213],[150.448321,-34.860874],[150.447966,-34.860482],[150.447224,-34.859993],[150.446808,-34.859852],[150.446037,-34.859867],[150.444833,-34.85913],[150.444523,-34.859029],[150.443896,-34.859003],[150.443224,-34.859262],[150.4412,-34.860604],[150.440188,-34.860904],[150.440913,-34.861089],[150.442148,-34.86089],[150.44239,-34.860947],[150.442915,-34.861756],[150.442461,-34.861785],[150.441921,-34.861671],[150.441396,-34.861728],[150.440402,-34.861984],[150.440075,-34.862168],[150.439961,-34.862324],[150.438868,-34.86241],[150.438125,-34.862235],[150.43661,-34.862877],[150.43493,-34.863424],[150.434359,-34.864008],[150.434168,-34.86414],[150.433848,-34.86418],[150.43172,-34.863928],[150.431038,-34.863934],[150.430307,-34.863654],[150.428321,-34.863566],[150.425813,-34.862931],[150.42543,-34.862799],[150.42304,-34.86091],[150.421694,-34.859569],[150.421447,-34.859065],[150.420911,-34.858359],[150.420288,-34.857154],[150.41997,-34.856762],[150.419696,-34.856062],[150.419635,-34.855469],[150.419367,-34.854946],[150.419322,-34.854543],[150.419248,-34.853274],[150.419166,-34.852982],[150.419183,-34.852691],[150.419405,-34.852261],[150.419509,-34.851728],[150.419494,-34.851099],[150.419842,-34.851201],[150.420203,-34.850629],[150.420258,-34.849878],[150.420757,-34.848538],[150.42069,-34.847095],[150.421088,-34.846362],[150.421171,-34.846087],[150.421171,-34.845629],[150.421344,-34.845131],[150.421427,-34.844982],[150.421657,-34.845142],[150.421935,-34.845131],[150.422442,-34.844758],[150.423485,-34.844482],[150.425885,-34.844726],[150.42647,-34.84513],[150.426911,-34.845224],[150.427695,-34.845288],[150.42855,-34.845249],[150.429274,-34.845011],[150.429911,-34.844687],[150.430788,-34.844677],[150.431315,-34.844548],[150.431562,-34.844318],[150.432015,-34.842543],[150.431999,-34.840866],[150.431521,-34.839746],[150.430548,-34.838834],[150.430324,-34.838707],[150.42978,-34.83863],[150.428359,-34.838957],[150.427683,-34.839449],[150.4263,-34.839617],[150.425677,-34.839529],[150.424843,-34.839593],[150.423762,-34.83948],[150.422173,-34.839172],[150.421599,-34.839203],[150.419981,-34.839004],[150.418543,-34.838546],[150.417918,-34.83851],[150.415987,-34.838085],[150.415831,-34.837983],[150.415886,-34.837907],[150.416722,-34.838002],[150.416884,-34.83795],[150.415538,-34.837109],[150.412341,-34.836294],[150.411547,-34.835894],[150.410828,-34.83568],[150.410576,-34.835653],[150.410107,-34.835753],[150.409382,-34.835507],[150.407251,-34.834303],[150.406169,-34.833484],[150.40601,-34.833003],[150.40568,-34.832567],[150.405798,-34.832144],[150.406016,-34.832026],[150.406178,-34.831758],[150.406105,-34.831438],[150.406166,-34.830617],[150.406039,-34.830439],[150.405769,-34.830604],[150.405599,-34.830511],[150.405591,-34.830296],[150.405916,-34.829679],[150.406422,-34.829261],[150.406377,-34.828997],[150.406198,-34.828542],[150.405612,-34.827893],[150.405053,-34.827475],[150.404553,-34.827267],[150.403625,-34.827148],[150.402698,-34.827414],[150.401343,-34.827308],[150.400689,-34.82736],[150.398752,-34.8278],[150.397738,-34.827938],[150.39738,-34.827955],[150.396743,-34.827835],[150.396012,-34.827875],[150.395561,-34.82781],[150.39471,-34.827046],[150.394274,-34.826773],[150.393241,-34.826219],[150.392536,-34.82597],[150.391987,-34.825995],[150.391215,-34.826203],[150.390192,-34.825767],[150.38969,-34.825655],[150.386617,-34.825201],[150.385888,-34.825264],[150.385424,-34.82542],[150.385149,-34.82586],[150.385024,-34.827061],[150.384862,-34.827352],[150.384767,-34.828097],[150.38509,-34.828431],[150.385637,-34.828698],[150.388777,-34.829282],[150.390001,-34.829827],[150.390232,-34.830067],[150.390291,-34.830449],[150.390051,-34.831007],[150.389071,-34.83224],[150.389206,-34.832215],[150.389594,-34.83191],[150.38976,-34.831904],[150.388449,-34.832959],[150.388411,-34.832781],[150.388163,-34.832775],[150.387241,-34.833239],[150.385854,-34.834092],[150.385587,-34.834403],[150.385937,-34.834276],[150.386427,-34.833926],[150.386617,-34.833939],[150.386694,-34.834028],[150.385568,-34.83476],[150.384869,-34.8354],[150.383215,-34.836688],[150.382584,-34.837236],[150.381577,-34.838307],[150.380027,-34.839671],[150.377252,-34.84036],[150.375786,-34.840275],[150.374887,-34.840355],[150.374044,-34.841044],[150.373435,-34.841173],[150.371508,-34.841171],[150.371054,-34.841044],[150.370106,-34.841089],[150.369653,-34.841321],[150.368878,-34.842043],[150.369017,-34.841721],[150.368881,-34.841788],[150.368306,-34.842297],[150.368124,-34.842776],[150.367061,-34.844003],[150.366394,-34.84513],[150.366148,-34.845874],[150.36551,-34.846999],[150.364858,-34.847953],[150.364399,-34.848383],[150.363968,-34.848555],[150.363822,-34.848532],[150.364747,-34.847601],[150.365554,-34.846291],[150.365955,-34.845169],[150.366343,-34.844353],[150.367142,-34.843302],[150.368256,-34.842005],[150.37,-34.840691],[150.370053,-34.840562],[150.370324,-34.840533],[150.370639,-34.840647],[150.370814,-34.840519],[150.371506,-34.840657],[150.371709,-34.840814],[150.371562,-34.84097],[150.371672,-34.841007],[150.372918,-34.84109],[150.373565,-34.841026],[150.373878,-34.840961],[150.374183,-34.840777],[150.374344,-34.840597],[150.374434,-34.840338],[150.374894,-34.840147],[150.375661,-34.84001],[150.37648,-34.839994],[150.376881,-34.840107],[150.377483,-34.840146],[150.378228,-34.839953],[150.378888,-34.839666],[150.379952,-34.83944],[150.380294,-34.839185],[150.380428,-34.838959],[150.38257,-34.836765],[150.385097,-34.834461],[150.386274,-34.833602],[150.388589,-34.832279],[150.388958,-34.83198],[150.389715,-34.831078],[150.389997,-34.830455],[150.390002,-34.830049],[150.38947,-34.829796],[150.388479,-34.829486],[150.387617,-34.829363],[150.386133,-34.829338],[150.385829,-34.829044],[150.38489,-34.828715],[150.384601,-34.828316],[150.384469,-34.827953],[150.384356,-34.826638],[150.384861,-34.82517],[150.383814,-34.825083],[150.382067,-34.825254],[150.380832,-34.825122],[150.379621,-34.825274],[150.378537,-34.825267],[150.377153,-34.825692],[150.376396,-34.826007],[150.375849,-34.826513],[150.374853,-34.828007],[150.374792,-34.828354],[150.373921,-34.830601],[150.373366,-34.831672],[150.373032,-34.832044],[150.372198,-34.832417],[150.371569,-34.832484],[150.370857,-34.832361],[150.370115,-34.832064],[150.369166,-34.831857],[150.368665,-34.831416],[150.367832,-34.831165],[150.365851,-34.829888],[150.365398,-34.829468],[150.362949,-34.826682],[150.361605,-34.825643],[150.361115,-34.825355],[150.361065,-34.82522],[150.361153,-34.825204],[150.361547,-34.825418],[150.361765,-34.825369],[150.361658,-34.824573],[150.360337,-34.823979],[150.359412,-34.823046],[150.358838,-34.821515],[150.358821,-34.821263],[150.358082,-34.820003],[150.357578,-34.819432],[150.356217,-34.819046],[150.355562,-34.819079],[150.353681,-34.819785],[150.353765,-34.819869],[150.354789,-34.819802],[150.354588,-34.819869],[150.354487,-34.820003],[150.354504,-34.820121],[150.354722,-34.820255],[150.354294,-34.820467],[150.350762,-34.820394],[150.349872,-34.82048],[150.348591,-34.820305],[150.34807,-34.820121],[150.348205,-34.819986],[150.347365,-34.819936],[150.34676,-34.819785],[150.345736,-34.819348],[150.345467,-34.819046],[150.345137,-34.819011],[150.344692,-34.818794],[150.342359,-34.81708],[150.342141,-34.816795],[150.34103,-34.81617],[150.34045,-34.815343],[150.33958,-34.814359],[150.338954,-34.813368],[150.33821,-34.812653],[150.337911,-34.811439],[150.337633,-34.81085],[150.337706,-34.810042],[150.337622,-34.80979],[150.337139,-34.809493],[150.336178,-34.808396],[150.335521,-34.807614],[150.33475,-34.806498],[150.334548,-34.806145],[150.334028,-34.803844],[150.333893,-34.803541],[150.333591,-34.803424],[150.333205,-34.803424],[150.332589,-34.80367],[150.331544,-34.804319],[150.331275,-34.80462],[150.330784,-34.804889],[150.329486,-34.805396],[150.328678,-34.805475],[150.326952,-34.805333],[150.326651,-34.805111],[150.326018,-34.805238],[150.325542,-34.805214],[150.323985,-34.804745],[150.323215,-34.804589],[150.322534,-34.804573],[150.321363,-34.804161],[150.321062,-34.803765],[150.320204,-34.803029],[150.320113,-34.802897],[150.320365,-34.803005],[150.319969,-34.802546],[150.320112,-34.802594],[150.320745,-34.803164],[150.320856,-34.803211],[150.320856,-34.803132],[150.320523,-34.802894],[150.319716,-34.802039],[150.318306,-34.800751],[150.317875,-34.800522],[150.31759,-34.800184],[150.317198,-34.799997],[150.316296,-34.799332],[150.315219,-34.797511],[150.314443,-34.795642],[150.314269,-34.795532],[150.312666,-34.795772],[150.311792,-34.796059],[150.3113,-34.796312],[150.311269,-34.796447],[150.312054,-34.797102],[150.312099,-34.79728],[150.311048,-34.796835],[150.309383,-34.79632],[150.307653,-34.796138],[150.305955,-34.79539],[150.305623,-34.794079],[150.305683,-34.793855],[150.305623,-34.793556],[150.305414,-34.793123],[150.30522,-34.793064],[150.3051,-34.792512],[150.30522,-34.792377],[150.305139,-34.792159],[150.305399,-34.792079],[150.305459,-34.791944],[150.305294,-34.791541],[150.305444,-34.79081],[150.305691,-34.790362],[150.305925,-34.790285],[150.306668,-34.789332],[150.307981,-34.787992],[150.308482,-34.787616],[150.308473,-34.787783],[150.3081,-34.788156],[150.308175,-34.78823],[150.30913,-34.788201],[150.309668,-34.78835],[150.310309,-34.788365],[150.310578,-34.788305],[150.311653,-34.787768],[150.312086,-34.787395],[150.312757,-34.787126],[150.312996,-34.786872],[150.313608,-34.786544],[150.313683,-34.78635],[150.314235,-34.785768],[150.314533,-34.785201],[150.314698,-34.785126],[150.315712,-34.784006],[150.316026,-34.783514],[150.316071,-34.782723],[150.315927,-34.781429],[150.315629,-34.780943],[150.315482,-34.780511],[150.315251,-34.7794],[150.314989,-34.779169],[150.314974,-34.778984],[150.315189,-34.77772],[150.315405,-34.777242],[150.315498,-34.776533],[150.315544,-34.776425],[150.315714,-34.776486],[150.315775,-34.77661],[150.315899,-34.776594],[150.315914,-34.776502],[150.315498,-34.775037],[150.315249,-34.774442],[150.312796,-34.773865],[150.312612,-34.773916],[150.31231,-34.773634],[150.312395,-34.773567],[150.311955,-34.773216],[150.311466,-34.77342],[150.308531,-34.771367],[150.307552,-34.771057],[150.306585,-34.771247],[150.305247,-34.771898],[150.30485,-34.772525],[150.303305,-34.773343],[150.304562,-34.771131],[150.305822,-34.770171],[150.305968,-34.769395],[150.305557,-34.768417],[150.305181,-34.768066],[150.304369,-34.768656],[150.304475,-34.767766],[150.30386,-34.767514],[150.301576,-34.767382],[150.297522,-34.767414],[150.295475,-34.767057],[150.292741,-34.766154],[150.290613,-34.765263],[150.290385,-34.765709],[150.289673,-34.765928],[150.289921,-34.765361],[150.289423,-34.765075],[150.288335,-34.765596],[150.284526,-34.768999],[150.283884,-34.768913],[150.283119,-34.769256],[150.281318,-34.769049],[150.279991,-34.769065],[150.278411,-34.769259],[150.276966,-34.769678],[150.275458,-34.771037],[150.271278,-34.773224],[150.268545,-34.774938],[150.26696,-34.776475],[150.264311,-34.780594],[150.260566,-34.785652],[150.259709,-34.788444],[150.259718,-34.788702],[150.259603,-34.788746],[150.259425,-34.789255],[150.25737,-34.79143],[150.256667,-34.791687],[150.256646,-34.793358],[150.256245,-34.794228],[150.254358,-34.79485],[150.251151,-34.795004],[150.2495,-34.794974],[150.24859,-34.793852],[150.248214,-34.792237],[150.24688,-34.792099],[150.244274,-34.79209],[150.241596,-34.792457],[150.238973,-34.793434],[150.238354,-34.794114],[150.238636,-34.79468],[150.23875,-34.795393],[150.239473,-34.796162],[150.240793,-34.79663],[150.242118,-34.797241],[150.241975,-34.798032],[150.241961,-34.799967],[150.24147,-34.800767],[150.241681,-34.801764],[150.242163,-34.803041],[150.241328,-34.803922],[150.240227,-34.804667],[150.239443,-34.806907],[150.237784,-34.806663],[150.236046,-34.806636],[150.233587,-34.808203],[150.232215,-34.808668],[150.231005,-34.808842],[150.228468,-34.808334],[150.226364,-34.807814],[150.22588,-34.806466],[150.224987,-34.808136],[150.220461,-34.810185],[150.219471,-34.811571],[150.219022,-34.813516],[150.217926,-34.814403],[150.214075,-34.815934],[150.215262,-34.817479],[150.216525,-34.818737],[150.215418,-34.819338],[150.214551,-34.81936],[150.213341,-34.819534],[150.212156,-34.820352],[150.211667,-34.821224],[150.209848,-34.821341],[150.208904,-34.821652],[150.207881,-34.822179],[150.206338,-34.822719],[150.204766,-34.822473],[150.204544,-34.821189],[150.205827,-34.820655],[150.205863,-34.819293],[150.205021,-34.817667],[150.20044,-34.819375],[150.200066,-34.81987],[150.199845,-34.82095],[150.200479,-34.82165],[150.201316,-34.823133],[150.200751,-34.824293],[150.198939,-34.824626],[150.19622,-34.823906],[150.195291,-34.822282],[150.194677,-34.821687],[150.192562,-34.823377],[150.193042,-34.823749],[150.195111,-34.82489],[150.195204,-34.827395],[150.195139,-34.829545],[150.194762,-34.831107],[150.193983,-34.833514],[150.194615,-34.83493],[150.194641,-34.835646],[150.193818,-34.83686],[150.192126,-34.838097],[150.190403,-34.838498],[150.189663,-34.838039],[150.188444,-34.836399],[150.186243,-34.835619],[150.184906,-34.834697],[150.185282,-34.833136],[150.186531,-34.831672],[150.186601,-34.829641],[150.185549,-34.828593],[150.18479,-34.827657],[150.18532,-34.826331],[150.186854,-34.825273],[150.18419,-34.823252],[150.181319,-34.82252],[150.177061,-34.821622],[150.175071,-34.822295],[150.175582,-34.825262],[150.175661,-34.827409],[150.17482,-34.828146],[150.174329,-34.826607],[150.173938,-34.823871],[150.17333,-34.822884],[150.171903,-34.823414],[150.169381,-34.822763],[150.16384,-34.823421],[150.163794,-34.823516],[150.163517,-34.82359],[150.163059,-34.823514],[150.161856,-34.823657],[150.161071,-34.824217],[150.154905,-34.823706],[150.149843,-34.824455],[150.149257,-34.826425],[150.149029,-34.826255],[150.146922,-34.823888],[150.146347,-34.822426],[150.146671,-34.821301],[150.145472,-34.821083],[150.145513,-34.820436],[150.144449,-34.820207],[150.143699,-34.820252],[150.142757,-34.820005],[150.141661,-34.820016],[150.140963,-34.820161],[150.14015,-34.820062],[150.139368,-34.819836],[150.136241,-34.819417],[150.135621,-34.819587],[150.135045,-34.819958],[150.133985,-34.819919],[150.133155,-34.819497],[150.132503,-34.818937],[150.130321,-34.818324],[150.128816,-34.818337],[150.127681,-34.818593],[150.12516,-34.818938],[150.122321,-34.818397],[150.117777,-34.818927],[150.117947,-34.818422],[150.117729,-34.817263],[150.117276,-34.816947],[150.115137,-34.8182],[150.114081,-34.815606],[150.114507,-34.814436],[150.114857,-34.81413],[150.118278,-34.814156],[150.119663,-34.812194],[150.116978,-34.811132],[150.115442,-34.810151],[150.114264,-34.810507],[150.11399,-34.810259],[150.115091,-34.807758],[150.11437,-34.807339],[150.112766,-34.808581],[150.112303,-34.808647],[150.110095,-34.807627],[150.109593,-34.807759],[150.109181,-34.808366],[150.108841,-34.808236],[150.108793,-34.808058],[150.108443,-34.807928],[150.108136,-34.807496],[150.108402,-34.806833],[150.108315,-34.806418],[150.107932,-34.80583],[150.107632,-34.805539],[150.106836,-34.805559],[150.106795,-34.805776],[150.106611,-34.805055],[150.104812,-34.80613],[150.104682,-34.806029],[150.104523,-34.805615],[150.103485,-34.804925],[150.102901,-34.8047],[150.102889,-34.803727],[150.102719,-34.803425],[150.101788,-34.802956],[150.10066,-34.802929],[150.099629,-34.802718],[150.099188,-34.80241],[150.098694,-34.802323],[150.098373,-34.802465],[150.098319,-34.802724],[150.098423,-34.803079],[150.096892,-34.802699],[150.097379,-34.802149],[150.097581,-34.801727],[150.097608,-34.801],[150.097754,-34.800433],[150.097375,-34.800227],[150.09723,-34.800004],[150.097221,-34.799766],[150.096983,-34.799175],[150.097033,-34.798577],[150.096712,-34.797689],[150.096263,-34.797283],[150.095087,-34.796774],[150.094731,-34.796864],[150.094828,-34.79632],[150.098425,-34.79526],[150.099229,-34.79524],[150.099251,-34.795017],[150.099542,-34.794931],[150.099298,-34.794534],[150.099335,-34.794163],[150.09895,-34.793965],[150.098839,-34.793784],[150.096679,-34.792751],[150.096638,-34.791603],[150.096038,-34.791021],[150.093827,-34.789881],[150.095226,-34.788534],[150.094898,-34.787468],[150.094443,-34.786882],[150.092971,-34.786202],[150.091462,-34.784448],[150.090845,-34.783389],[150.089514,-34.782586],[150.088038,-34.781786],[150.086138,-34.781235],[150.085296,-34.781972],[150.085446,-34.784309],[150.084944,-34.784305],[150.08429,-34.784616],[150.083873,-34.784449],[150.083696,-34.784601],[150.083693,-34.784707],[150.083249,-34.784487],[150.082173,-34.784275],[150.082409,-34.783983],[150.082462,-34.78376],[150.08225,-34.783383],[150.082766,-34.782837],[150.082726,-34.782687],[150.082461,-34.782531],[150.081683,-34.782811],[150.081186,-34.782836],[150.080377,-34.782742],[150.080071,-34.782437],[150.080126,-34.782177],[150.080857,-34.781934],[150.080863,-34.781748],[150.080736,-34.781522],[150.080513,-34.781442],[150.080518,-34.781293],[150.081068,-34.781045],[150.081752,-34.780876],[150.081944,-34.780545],[150.082399,-34.780444],[150.082876,-34.779711],[150.082755,-34.779298],[150.082312,-34.779064],[150.082185,-34.779072],[150.082287,-34.778687],[150.080659,-34.777562],[150.07701,-34.776632],[150.074255,-34.777281],[150.07454,-34.779094],[150.075133,-34.780899],[150.074403,-34.782663],[150.073077,-34.78506],[150.071908,-34.788145],[150.070072,-34.789864],[150.0671,-34.78939],[150.066416,-34.789989],[150.066934,-34.790922],[150.060143,-34.791147],[150.058683,-34.790377],[150.057204,-34.789458],[150.056064,-34.789963],[150.05552,-34.790931],[150.055996,-34.792113],[150.057458,-34.792555],[150.058455,-34.792754],[150.058885,-34.793602],[150.056914,-34.796166],[150.055965,-34.796762],[150.054506,-34.797437],[150.055978,-34.797994],[150.054344,-34.801978],[150.055928,-34.804241],[150.057355,-34.804465],[150.059536,-34.805431],[150.058727,-34.806563],[150.057918,-34.807261],[150.056957,-34.807898],[150.055752,-34.808222],[150.055233,-34.808447],[150.054928,-34.808905],[150.054971,-34.809131],[150.055423,-34.810036],[150.057321,-34.812138],[150.058164,-34.813873],[150.057771,-34.817044],[150.050123,-34.819258],[150.058812,-34.829591],[150.058598,-34.840711],[150.05546,-34.841174],[150.056298,-34.842735],[150.055197,-34.843982],[150.053169,-34.841587],[150.05004,-34.842718],[150.049844,-34.843651],[150.048186,-34.844549],[150.045425,-34.844482],[150.045327,-34.845237],[150.04501,-34.845187],[150.045225,-34.846024],[150.0452,-34.846219],[150.049096,-34.850938],[150.051014,-34.850346],[150.051715,-34.851606],[150.051471,-34.852784],[150.051804,-34.853664],[150.051375,-34.854586],[150.04962,-34.854778],[150.050226,-34.855767],[150.05102,-34.856261],[150.051369,-34.857342],[150.052667,-34.859596],[150.053927,-34.85933],[150.055128,-34.858105],[150.057319,-34.859248],[150.057681,-34.859966],[150.05771,-34.860777],[150.059148,-34.861148],[150.059746,-34.860471],[150.059997,-34.859525],[150.058875,-34.85857],[150.059973,-34.85739],[150.058151,-34.855704],[150.059018,-34.853847],[150.058768,-34.853756],[150.05899,-34.853736],[150.057462,-34.85328],[150.054451,-34.852184],[150.05572,-34.850341],[150.059086,-34.85118],[150.059985,-34.851166],[150.062334,-34.859181],[150.063601,-34.864457],[150.062475,-34.865603],[150.062566,-34.867616],[150.063668,-34.868648],[150.063853,-34.868915],[150.063755,-34.869036],[150.064057,-34.871142],[150.067506,-34.872609],[150.068103,-34.874531],[150.069453,-34.876409],[150.068695,-34.878021],[150.070205,-34.880323],[150.072002,-34.881678],[150.074002,-34.882412],[150.077919,-34.883132],[150.079299,-34.884],[150.080827,-34.884782],[150.082874,-34.885041],[150.083879,-34.885754],[150.085733,-34.883922],[150.086851,-34.882207],[150.091956,-34.887458],[150.091998,-34.888008],[150.096127,-34.89494],[150.096241,-34.89561],[150.100158,-34.90343],[150.099845,-34.905083],[150.100156,-34.905453],[150.102651,-34.904978],[150.1041,-34.905194],[150.103278,-34.906526],[150.103396,-34.906929],[150.104186,-34.907154],[150.104211,-34.907845],[150.104021,-34.908626],[150.103072,-34.90841],[150.102169,-34.907478],[150.101388,-34.907914],[150.101626,-34.908505],[150.102461,-34.909559],[150.102981,-34.909905],[150.103641,-34.910127],[150.104505,-34.909987],[150.105431,-34.909546],[150.105737,-34.909115],[150.105943,-34.909259],[150.106971,-34.90902],[150.10688,-34.907912],[150.107259,-34.907254],[150.110196,-34.914539],[150.110411,-34.914492],[150.109563,-34.917061],[150.113261,-34.925147],[150.11408,-34.92613],[150.113745,-34.926407],[150.113097,-34.9295],[150.109231,-34.925351],[150.105061,-34.921614],[150.098934,-34.91953],[150.093293,-34.921272],[150.093754,-34.92636],[150.095954,-34.931623],[150.095102,-34.931876],[150.091355,-34.933425],[150.088374,-34.933801],[150.086444,-34.933099],[150.085363,-34.932954],[150.084579,-34.933621],[150.084012,-34.934293],[150.084117,-34.935428],[150.085255,-34.935992],[150.086057,-34.936876],[150.087268,-34.938455],[150.087739,-34.93945],[150.088129,-34.940711],[150.088687,-34.941321],[150.090313,-34.942381],[150.088363,-34.944768],[150.091168,-34.951174],[150.092446,-34.952243],[150.098568,-34.953936],[150.100204,-34.955089],[150.100013,-34.957839],[150.099265,-34.9612],[150.099206,-34.963588],[150.098086,-34.96469],[150.096437,-34.964958],[150.092782,-34.982522],[150.092491,-34.982714],[150.092716,-34.982841],[150.091988,-34.986336],[150.092729,-34.987451],[150.086385,-34.988043],[150.086313,-34.988643],[150.085717,-34.99001],[150.08531,-34.990309],[150.085072,-34.99081],[150.084825,-34.990867],[150.084479,-34.991333],[150.08418,-34.991499],[150.084001,-34.991486],[150.083615,-34.991945],[150.083768,-34.992018],[150.082972,-34.992316],[150.082292,-34.992718],[150.077149,-34.99671],[150.076604,-34.997426],[150.076071,-34.997914],[150.073643,-34.999897],[150.073131,-35.000182],[150.072173,-35.000965],[150.071835,-35.00109],[150.071423,-35.001407],[150.071202,-35.001753],[150.069648,-35.002645],[150.06798,-35.003964],[150.066634,-35.004275],[150.065765,-35.004634],[150.065354,-35.004658],[150.065155,-35.004787],[150.064679,-35.004781],[150.062369,-35.005259],[150.061914,-35.008253],[150.062554,-35.008441],[150.059185,-35.010471],[150.057826,-35.012823],[150.060016,-35.016406],[150.063059,-35.018864],[150.0668,-35.021244],[150.069761,-35.022747],[150.073278,-35.02493],[150.078114,-35.025905],[150.078527,-35.027346],[150.076172,-35.028339],[150.075323,-35.029368],[150.077836,-35.036964],[150.079705,-35.043114],[150.076259,-35.048659],[150.07823,-35.05195],[150.082795,-35.053241],[150.084623,-35.056092],[150.088778,-35.057456],[150.088349,-35.058641],[150.087991,-35.06054],[150.087849,-35.062504],[150.089458,-35.064153],[150.091314,-35.064972],[150.093055,-35.064954],[150.093886,-35.06402],[150.096436,-35.063844],[150.096418,-35.064013],[150.098698,-35.066154],[150.099748,-35.066537],[150.099878,-35.068551],[150.102041,-35.06814],[150.102756,-35.067636],[150.109616,-35.070141],[150.109388,-35.071477],[150.111704,-35.071669],[150.110747,-35.073156],[150.111255,-35.077134],[150.110788,-35.077554],[150.110989,-35.078202],[150.110653,-35.078463],[150.106601,-35.077815],[150.105466,-35.078559],[150.106171,-35.079974],[150.107766,-35.081285],[150.106814,-35.082744],[150.107803,-35.082801],[150.108052,-35.083807],[150.110155,-35.083756],[150.111623,-35.084197],[150.112108,-35.085558],[150.113852,-35.087604],[150.115386,-35.087864],[150.117177,-35.087783],[150.117244,-35.087924],[150.117445,-35.087779],[150.118539,-35.088154],[150.119585,-35.088346],[150.119919,-35.088644],[150.120008,-35.08972],[150.12043,-35.090906],[150.121559,-35.092299],[150.121906,-35.09247],[150.123567,-35.093793],[150.127339,-35.095324],[150.129385,-35.09676],[150.129658,-35.096665],[150.129636,-35.096438],[150.12935,-35.095956],[150.129514,-35.095807],[150.12967,-35.09587],[150.130027,-35.096857],[150.12984,-35.097273],[150.129859,-35.097553],[150.131375,-35.097729],[150.128993,-35.100565],[150.130777,-35.102595],[150.131004,-35.102513],[150.131653,-35.102498],[150.13226,-35.102643],[150.13274,-35.103013],[150.132798,-35.104121],[150.132939,-35.104405],[150.133401,-35.104881],[150.133772,-35.105022],[150.134254,-35.105616],[150.134258,-35.106346],[150.134136,-35.10684],[150.140147,-35.107955],[150.140225,-35.110102],[150.142565,-35.110521],[150.146082,-35.111389],[150.146442,-35.11329],[150.14098,-35.114857],[150.137824,-35.116137],[150.13833,-35.116055],[150.139083,-35.116081],[150.139423,-35.116248],[150.139581,-35.116474],[150.140026,-35.117823],[150.139997,-35.118489],[150.139899,-35.118991],[150.139791,-35.118966],[150.139657,-35.120206],[150.13983,-35.121159],[150.139921,-35.122778],[150.140737,-35.125535],[150.140861,-35.125491],[150.141261,-35.126012],[150.1417,-35.127294],[150.142287,-35.128313],[150.142704,-35.129361],[150.14302,-35.131225],[150.142945,-35.131894],[150.142683,-35.132555],[150.142611,-35.133379],[150.142476,-35.133775],[150.142501,-35.134974],[150.141896,-35.137572],[150.141428,-35.14048],[150.141574,-35.140505],[150.141579,-35.140583],[150.141361,-35.141196],[150.141348,-35.142448],[150.141765,-35.143342],[150.141674,-35.143588],[150.141356,-35.143085],[150.141769,-35.144154],[150.142139,-35.14451],[150.142579,-35.144682],[150.144215,-35.144793],[150.146825,-35.143497],[150.147366,-35.143542],[150.147536,-35.143474],[150.1486,-35.143429],[150.149299,-35.14353],[150.149828,-35.14342],[150.150517,-35.14315],[150.151348,-35.143212],[150.154694,-35.144533],[150.155465,-35.145171],[150.157567,-35.146618],[150.158005,-35.147012],[150.159532,-35.148961],[150.159454,-35.148966],[150.159679,-35.14943],[150.159639,-35.150576],[150.163103,-35.148752],[150.163735,-35.148682],[150.164354,-35.148489],[150.165705,-35.148467],[150.167248,-35.148297],[150.167557,-35.14816],[150.168223,-35.148077],[150.169322,-35.148145],[150.169752,-35.148258],[150.170055,-35.148461],[150.16998,-35.148216],[150.170454,-35.148675],[150.170697,-35.149093],[150.170841,-35.149972],[150.170866,-35.151389],[150.171333,-35.152418],[150.171637,-35.153612],[150.171806,-35.153844],[150.172069,-35.154732],[150.172082,-35.155504],[150.172394,-35.156409],[150.172254,-35.156323],[150.173157,-35.157127],[150.174726,-35.157677],[150.174432,-35.157413],[150.174893,-35.157436],[150.175241,-35.157889],[150.174774,-35.1577],[150.17515,-35.157938],[150.175343,-35.158318],[150.175296,-35.158504],[150.174829,-35.158958],[150.173566,-35.159829],[150.173424,-35.160125],[150.173445,-35.160356],[150.173818,-35.160984],[150.174077,-35.162054],[150.174427,-35.162649],[150.174574,-35.162779],[150.174883,-35.162805],[150.175127,-35.162948],[150.175148,-35.163143],[150.175063,-35.163158],[150.175566,-35.16358],[150.175832,-35.163961],[150.175719,-35.163607],[150.175427,-35.163275],[150.175594,-35.163189],[150.175873,-35.163464],[150.176117,-35.164191],[150.176021,-35.164424],[150.176058,-35.164988],[150.177835,-35.165385],[150.181129,-35.164882],[150.182318,-35.164873],[150.183652,-35.165091],[150.184955,-35.16559],[150.184636,-35.165315],[150.184915,-35.165361],[150.185969,-35.165975],[150.186327,-35.166035],[150.187437,-35.165808],[150.188206,-35.165863],[150.18977,-35.166547],[150.190319,-35.166878],[150.191138,-35.167465],[150.192844,-35.168996],[150.193404,-35.169337],[150.196233,-35.170786],[150.196615,-35.170954],[150.197426,-35.171133],[150.198183,-35.171206],[150.199092,-35.171012],[150.200037,-35.170593],[150.201055,-35.169913],[150.201606,-35.169818],[150.20283,-35.169926],[150.20356,-35.170139],[150.204249,-35.170545],[150.204602,-35.170891],[150.204851,-35.1713],[150.205187,-35.171983],[150.205423,-35.172762],[150.205165,-35.173633],[150.204963,-35.174032],[150.204931,-35.174472],[150.205026,-35.175206],[150.204625,-35.176671],[150.204735,-35.177563],[150.205189,-35.178277],[150.20599,-35.179233],[150.206034,-35.180456],[150.206332,-35.180916],[150.208023,-35.182085],[150.20822,-35.182338],[150.208445,-35.183262],[150.208997,-35.184335],[150.209234,-35.185096],[150.20916,-35.185272],[150.209797,-35.186253],[150.21057,-35.186357],[150.211697,-35.188211],[150.211726,-35.189864],[150.212362,-35.191175],[150.21392,-35.19302],[150.214587,-35.193438],[150.215013,-35.194156],[150.214793,-35.19441],[150.214687,-35.194943],[150.215087,-35.196371],[150.215033,-35.197098],[150.215524,-35.19801],[150.215644,-35.198759],[150.215872,-35.199181],[150.215989,-35.200829],[150.215384,-35.203846],[150.214826,-35.203546],[150.214974,-35.202937],[150.214707,-35.202172],[150.213587,-35.201746],[150.212682,-35.201919],[150.210818,-35.202901],[150.209862,-35.203023],[150.209235,-35.20346],[150.208637,-35.20359],[150.207429,-35.203437],[150.206437,-35.203185],[150.203686,-35.20268],[150.203279,-35.202383],[150.201972,-35.202256],[150.198818,-35.199321],[150.187651,-35.199635],[150.187574,-35.201846],[150.187955,-35.202238],[150.188289,-35.203009],[150.188254,-35.203788],[150.187887,-35.204923],[150.187619,-35.205406],[150.186879,-35.206137],[150.186286,-35.206907],[150.185935,-35.207493],[150.185902,-35.207723],[150.186203,-35.207915],[150.187669,-35.208153],[150.188833,-35.208914],[150.189058,-35.209147],[150.189251,-35.209667],[150.189211,-35.210096],[150.189331,-35.210838],[150.189515,-35.211251],[150.189942,-35.213155],[150.190118,-35.213418],[150.190721,-35.213769],[150.191108,-35.214236],[150.191203,-35.214728],[150.190793,-35.215755],[150.189417,-35.217295],[150.188128,-35.220191],[150.188896,-35.219911],[150.189965,-35.219321],[150.191877,-35.218606],[150.193732,-35.218681],[150.195311,-35.219061],[150.195529,-35.219295],[150.195778,-35.219889],[150.195529,-35.220915],[150.195466,-35.222168],[150.195691,-35.222643],[150.195858,-35.222785],[150.196747,-35.223118],[150.197014,-35.223351],[150.197689,-35.224961],[150.197747,-35.225202],[150.197568,-35.225449],[150.197222,-35.225517],[150.196746,-35.225793],[150.197629,-35.227946],[150.19818,-35.228577],[150.19828,-35.228845],[150.198247,-35.229452],[150.193326,-35.233025],[150.192804,-35.233202],[150.191816,-35.233882],[150.191592,-35.233752],[150.191352,-35.233803],[150.191037,-35.233673],[150.190749,-35.233457],[150.190508,-35.233122],[150.189081,-35.232292],[150.189147,-35.230386],[150.186552,-35.23147],[150.184116,-35.234657],[150.183247,-35.235895],[150.183191,-35.236202],[150.182911,-35.236375],[150.182404,-35.237097],[150.180527,-35.237],[150.180069,-35.237376],[150.179255,-35.237541],[150.178975,-35.237457],[150.178022,-35.23689],[150.177379,-35.236838],[150.176941,-35.236924],[150.176336,-35.237082],[150.176044,-35.237238],[150.174763,-35.238396],[150.174377,-35.238914],[150.174107,-35.239144],[150.173643,-35.239185],[150.173489,-35.239369],[150.172978,-35.239308],[150.172505,-35.239468],[150.171863,-35.239346],[150.171425,-35.239121],[150.169552,-35.238896],[150.167758,-35.241805],[150.167789,-35.242746],[150.168126,-35.243877],[150.168806,-35.245242],[150.169046,-35.245509],[150.169347,-35.245691],[150.169983,-35.245876],[150.170915,-35.246415],[150.172175,-35.247834],[150.172399,-35.248478],[150.172357,-35.24861],[150.171477,-35.25006],[150.171485,-35.250197],[150.168829,-35.252997],[150.161983,-35.255889],[150.161743,-35.257955],[150.163056,-35.259579],[150.163272,-35.260232],[150.163181,-35.261034],[150.163251,-35.261417],[150.164287,-35.263193],[150.164744,-35.264322],[150.166202,-35.26557],[150.166928,-35.265925],[150.167193,-35.266303],[150.167137,-35.266544],[150.166949,-35.266778],[150.165916,-35.267625],[150.165302,-35.268994],[150.164674,-35.269641],[150.164311,-35.269732],[150.163358,-35.269732],[150.162162,-35.270774],[150.158948,-35.269503],[150.157751,-35.269358],[150.156244,-35.268916],[150.155484,-35.268458],[150.155421,-35.268332],[150.155086,-35.26816],[150.154677,-35.267814],[150.153442,-35.267326],[150.149164,-35.268956],[150.148889,-35.269303],[150.148142,-35.269943],[150.147388,-35.270126],[150.145947,-35.270181],[150.145426,-35.27038],[150.13784,-35.274398],[150.134309,-35.276718],[150.134105,-35.276997],[150.133972,-35.277844],[150.134223,-35.278737],[150.13409,-35.279087],[150.133846,-35.279304],[150.132656,-35.279509],[150.127619,-35.281713],[150.125837,-35.281736],[150.12511,-35.282101],[150.127906,-35.281754],[150.129517,-35.281237],[150.129304,-35.281992],[150.128176,-35.281811],[150.124658,-35.282927],[150.124571,-35.282886],[150.124407,-35.282464],[150.124175,-35.282644],[150.124414,-35.283115],[150.121999,-35.284172],[150.12147,-35.285262],[150.121156,-35.286757],[150.121571,-35.287473],[150.121711,-35.287989],[150.121696,-35.288493],[150.121423,-35.28934],[150.121465,-35.289815],[150.121635,-35.290294],[150.121611,-35.290795],[150.121373,-35.291195],[150.120745,-35.291905],[150.120223,-35.292294],[150.117262,-35.293139],[150.116905,-35.293322],[150.115287,-35.293703],[150.115249,-35.293619],[150.114873,-35.293521],[150.114434,-35.293183],[150.114204,-35.292667],[150.114173,-35.291556],[150.109262,-35.287287],[150.104187,-35.285234],[150.102836,-35.288211],[150.102459,-35.289583],[150.102207,-35.290075],[150.102033,-35.290316],[150.101176,-35.291003],[150.100597,-35.291977],[150.098538,-35.293521],[150.095918,-35.293757],[150.092542,-35.293078],[150.089574,-35.292858],[150.087068,-35.291602],[150.085914,-35.291624],[150.083197,-35.292853],[150.082884,-35.293888],[150.083894,-35.295132],[150.085242,-35.298121],[150.085854,-35.298805],[150.087081,-35.299719],[150.087267,-35.300102],[150.087594,-35.300483],[150.087567,-35.300718],[150.087816,-35.30123],[150.085473,-35.305605],[150.082725,-35.304745],[150.079545,-35.304914],[150.076887,-35.306194],[150.073863,-35.307515],[150.071306,-35.307702],[150.069999,-35.308567],[150.067778,-35.309509],[150.065328,-35.308403],[150.063324,-35.306712],[150.060096,-35.306932],[150.058374,-35.307537],[150.051691,-35.30948],[150.05157,-35.30902],[150.051324,-35.30902],[150.050949,-35.310055],[150.05074,-35.312984],[150.051042,-35.313353],[150.051359,-35.315489],[150.051015,-35.315492],[150.051033,-35.315664],[150.049995,-35.315693],[150.047091,-35.31601],[150.045611,-35.317114],[150.043259,-35.320578],[150.042926,-35.322549],[150.042386,-35.323147],[150.041518,-35.32478],[150.04093,-35.326432],[150.0405,-35.328214],[150.039277,-35.329993],[150.038369,-35.33188],[150.038403,-35.332416],[150.038954,-35.33339],[150.038684,-35.333866],[150.040684,-35.338277],[150.041707,-35.339972],[150.042375,-35.34076],[150.042387,-35.341089],[150.042543,-35.341309],[150.042629,-35.341839],[150.042244,-35.34509],[150.042485,-35.345487],[150.044185,-35.346408],[150.046123,-35.347114],[150.047074,-35.347261],[150.046264,-35.34867],[150.045847,-35.350389],[150.045418,-35.351138],[150.044733,-35.353658],[150.044391,-35.354559],[150.044786,-35.355351],[150.044898,-35.356615],[150.045262,-35.3584],[150.042357,-35.36262],[150.04196,-35.363775],[150.041447,-35.364406],[150.03845,-35.366533],[150.038225,-35.366548],[150.037842,-35.366724],[150.037637,-35.366706],[150.037366,-35.367285],[150.038795,-35.3711],[150.038824,-35.373539],[150.039033,-35.374026],[150.039089,-35.375285],[150.040385,-35.376769],[150.04067,-35.379225],[150.041381,-35.379675],[150.042147,-35.379944],[150.042116,-35.382097],[150.042308,-35.382996],[150.041881,-35.383696],[150.041917,-35.384163],[150.042008,-35.384242],[150.041954,-35.384685],[150.042028,-35.386449],[150.041399,-35.39082],[150.041214,-35.391399],[150.041525,-35.393498],[150.041494,-35.394008],[150.040959,-35.395321],[150.040554,-35.395909],[150.038472,-35.400233],[150.038019,-35.402028],[150.037942,-35.403365],[150.038787,-35.404507],[150.038901,-35.404827],[150.038812,-35.405366],[150.038844,-35.405922],[150.038125,-35.406268],[150.037248,-35.406925],[150.037745,-35.406451],[150.036633,-35.407044],[150.036506,-35.407232],[150.036463,-35.407627],[150.035899,-35.408182],[150.035581,-35.40868],[150.035158,-35.408912],[150.030587,-35.410303],[150.02953,-35.411272],[150.029455,-35.41096],[150.029216,-35.411099],[150.029247,-35.41123],[150.028793,-35.411351],[150.027485,-35.410523],[150.025237,-35.410467],[150.023118,-35.411148],[150.021486,-35.41195],[150.020791,-35.412515],[150.020243,-35.413147],[150.019847,-35.414288],[150.01946,-35.414931],[150.019042,-35.416066],[150.018938,-35.418041],[150.018275,-35.419097],[150.017781,-35.419352],[150.017019,-35.420018],[150.015391,-35.421825],[150.012227,-35.423489],[150.010888,-35.424416],[150.010128,-35.425344],[150.009797,-35.426017],[150.007921,-35.428346],[150.007575,-35.429163],[150.007531,-35.429851],[150.007909,-35.430765],[150.009103,-35.432414],[150.010371,-35.433713],[150.011011,-35.434185],[150.011347,-35.434564],[150.013309,-35.435606],[150.014362,-35.43706],[150.014456,-35.437518],[150.014439,-35.43801],[150.014254,-35.438503],[150.013277,-35.439437],[150.012386,-35.440428],[150.01225,-35.440774],[150.011442,-35.441444],[150.009612,-35.441915],[150.008013,-35.442522],[150.00681,-35.443701],[150.007592,-35.442728],[150.008508,-35.442229],[150.009217,-35.442017],[150.007395,-35.442541],[150.005988,-35.443883],[150.00573,-35.444438],[150.006031,-35.448915],[150.004654,-35.450586],[150.00475,-35.451261],[150.004866,-35.451436],[150.004953,-35.451911],[150.005677,-35.453282],[150.005871,-35.453973],[150.005371,-35.456305],[150.005613,-35.457844],[150.005771,-35.458376],[150.006026,-35.458809],[150.006297,-35.460435],[150.005628,-35.461776],[150.004782,-35.462496],[150.004005,-35.463553],[150.003938,-35.464131],[150.004145,-35.465624],[150.004033,-35.466597],[150.004052,-35.469116],[150.00387,-35.470318],[150.003854,-35.472125],[150.003654,-35.472509],[150.003329,-35.473589],[150.00241,-35.475179],[150.001702,-35.475892],[149.999475,-35.478588],[149.994732,-35.480925],[149.993236,-35.481807],[149.992636,-35.482022],[149.988784,-35.483875],[149.987938,-35.484362],[149.98679,-35.485169],[149.984495,-35.486231],[149.98291,-35.487424],[149.980938,-35.48854],[149.980326,-35.489012],[149.979007,-35.489443],[149.978142,-35.48982],[149.977829,-35.490054],[149.980114,-35.490815],[149.981318,-35.491385],[149.981204,-35.491954],[149.981002,-35.492141],[149.980241,-35.492429],[149.980073,-35.492273],[149.978897,-35.492032],[149.977983,-35.491964],[149.977686,-35.492142],[149.978133,-35.493151],[149.977847,-35.493077],[149.978157,-35.493809],[149.979656,-35.494662],[149.979881,-35.495826],[149.980784,-35.498287],[149.980727,-35.500006],[149.981776,-35.500793],[149.982025,-35.500797],[149.984231,-35.502744],[149.984157,-35.504266],[149.984049,-35.504325],[149.98415,-35.504405],[149.983583,-35.505432],[149.981691,-35.506346],[149.98181,-35.5068],[149.981466,-35.507503],[149.98093,-35.507545],[149.98077,-35.507907],[149.980453,-35.509055],[149.980493,-35.509497],[149.980873,-35.509877],[149.981591,-35.510079],[149.983317,-35.510013],[149.983863,-35.509915],[149.984616,-35.510068],[149.985837,-35.511633],[149.985986,-35.512065],[149.986269,-35.512472],[149.9866,-35.51324],[149.98731,-35.514113],[149.987631,-35.515019],[149.987874,-35.516206],[149.988224,-35.516867],[149.988633,-35.517233],[149.990549,-35.518135],[149.991549,-35.518826],[149.992939,-35.520088],[149.99362,-35.520433],[149.994291,-35.520968],[149.994817,-35.521095],[149.994985,-35.521243],[149.995047,-35.521425],[149.995004,-35.521637],[149.994478,-35.522087],[149.994369,-35.522302],[149.994339,-35.524247],[149.994441,-35.524351],[149.994619,-35.524361],[149.995638,-35.524014],[149.995841,-35.524159],[149.995879,-35.524442],[149.995727,-35.525049],[149.99583,-35.525997],[149.996185,-35.52638],[149.997491,-35.527184],[149.997765,-35.527474],[149.998079,-35.528169],[149.998169,-35.528532],[149.99805,-35.528991],[149.997773,-35.529538],[149.997786,-35.529958],[149.998102,-35.530277],[149.998981,-35.530506],[150.000178,-35.531364],[150.000572,-35.531976],[150.001082,-35.532238],[150.001664,-35.532367],[150.001902,-35.532642],[150.001986,-35.533094],[150.001931,-35.533491],[150.001878,-35.533647],[150.001285,-35.534263],[150.00096,-35.534856],[150.000853,-35.535363],[150.00087,-35.535821],[150.000977,-35.536366],[150.00146,-35.536915],[150.001854,-35.537171],[150.002105,-35.53797],[150.002565,-35.538502],[150.002809,-35.538926],[150.002725,-35.539774],[150.002408,-35.541213],[150.002544,-35.541698],[150.002868,-35.54218],[150.003908,-35.543085],[150.005413,-35.54372],[150.006355,-35.544281],[150.00656,-35.54532],[150.006891,-35.54571],[150.007603,-35.546315],[150.007981,-35.5469],[150.00819,-35.547555],[150.00817,-35.548233],[150.008336,-35.548551],[150.008698,-35.548857],[150.009331,-35.548892],[150.010175,-35.549206],[150.010989,-35.549917],[150.011047,-35.550224],[150.010933,-35.551298],[150.011247,-35.551698],[150.011794,-35.551738],[150.012297,-35.551625],[150.015147,-35.550746],[150.016139,-35.550812],[150.016494,-35.550957],[150.017244,-35.55217],[150.01751,-35.552302],[150.018252,-35.552305],[150.018634,-35.552518],[150.018703,-35.552661],[150.01868,-35.553276],[150.018826,-35.553474],[150.019259,-35.55376],[150.01958,-35.553874],[150.020746,-35.554051],[150.022076,-35.55413],[150.023689,-35.554053],[150.024182,-35.554229],[150.024331,-35.554622],[150.024244,-35.554859],[150.023946,-35.555224],[150.023594,-35.555466],[150.023362,-35.555781],[150.023276,-35.556187],[150.023369,-35.556357],[150.023512,-35.556536],[150.023945,-35.556779],[150.026133,-35.557346],[150.026806,-35.557675],[150.027015,-35.55799],[150.026964,-35.558221],[150.02672,-35.55846],[150.025522,-35.559054],[150.025301,-35.559258],[150.025086,-35.559671],[150.02537,-35.56008],[150.027118,-35.560793],[150.0275,-35.56071],[150.028349,-35.560101],[150.029016,-35.560182],[150.029429,-35.560396],[150.029937,-35.560525],[150.031006,-35.560144],[150.031664,-35.560079],[150.032611,-35.560334],[150.034244,-35.561056],[150.034598,-35.561129],[150.035522,-35.560825],[150.035885,-35.560834],[150.037063,-35.561184],[150.03742,-35.561361],[150.03983,-35.562895],[150.040769,-35.563728],[150.041518,-35.56469],[150.042443,-35.565516],[150.042744,-35.56564],[150.043507,-35.565733],[150.043939,-35.565868],[150.045002,-35.566624],[150.04543,-35.566807],[150.04618,-35.566911],[150.047088,-35.56688],[150.04742,-35.567025],[150.047589,-35.567234],[150.047848,-35.567886],[150.048218,-35.569695],[150.04832,-35.569936],[150.048482,-35.570076],[150.049142,-35.570226],[150.050575,-35.570044],[150.051462,-35.570084],[150.051775,-35.57029],[150.051826,-35.570682],[150.052057,-35.570392],[150.052048,-35.570163],[150.051899,-35.570036],[150.051463,-35.569947],[150.051759,-35.569896],[150.052309,-35.570056],[150.052405,-35.570196],[150.052386,-35.570358],[150.052119,-35.570732],[150.05179,-35.570914],[150.051256,-35.571998],[150.051257,-35.57242],[150.051433,-35.573264],[150.052065,-35.574137],[150.052468,-35.574492],[150.05585,-35.576352],[150.056708,-35.576498],[150.057464,-35.576419],[150.058078,-35.5762],[150.058876,-35.575731],[150.059598,-35.575429],[150.060353,-35.575254],[150.062597,-35.575187],[150.063698,-35.575061],[150.06425,-35.57489],[150.06563,-35.574275],[150.066665,-35.573972],[150.067456,-35.573952],[150.068242,-35.574181],[150.068641,-35.57442],[150.068923,-35.574738],[150.069004,-35.575028],[150.068946,-35.57539],[150.068674,-35.575867],[150.067361,-35.577434],[150.067188,-35.577759],[150.067133,-35.578068],[150.067361,-35.578307],[150.067951,-35.578451],[150.068511,-35.578478],[150.069388,-35.578756],[150.07134,-35.578978],[150.072275,-35.578843],[150.072692,-35.57818],[150.072808,-35.577136],[150.073121,-35.576466],[150.073772,-35.575947],[150.075139,-35.575377],[150.075469,-35.575162],[150.075639,-35.574854],[150.075671,-35.574035],[150.075842,-35.573856],[150.076377,-35.573704],[150.076749,-35.573706],[150.078528,-35.574314],[150.07894,-35.574634],[150.079237,-35.575132],[150.079214,-35.575631],[150.079012,-35.5758],[150.077286,-35.575964],[150.076933,-35.576085],[150.076785,-35.576277],[150.076863,-35.576801],[150.077345,-35.57762],[150.078013,-35.578322],[150.078538,-35.578628],[150.079069,-35.578755],[150.079944,-35.578721],[150.081688,-35.578925],[150.083712,-35.579526],[150.084792,-35.579654],[150.085552,-35.579605],[150.08855,-35.578877],[150.091968,-35.578887],[150.092824,-35.579165],[150.093558,-35.580128],[150.093884,-35.580382],[150.094305,-35.580556],[150.094639,-35.58057],[150.094779,-35.580508],[150.094914,-35.580305],[150.094935,-35.579881],[150.094801,-35.579476],[150.094442,-35.578902],[150.094118,-35.578175],[150.0941,-35.577805],[150.094195,-35.577546],[150.0948,-35.576853],[150.094999,-35.576507],[150.094988,-35.575957],[150.094742,-35.575282],[150.094772,-35.575039],[150.094928,-35.574896],[150.09533,-35.574836],[150.095666,-35.574973],[150.096442,-35.576084],[150.096848,-35.576361],[150.097759,-35.576457],[150.099787,-35.576317],[150.100101,-35.576196],[150.100215,-35.576063],[150.100232,-35.575159],[150.10033,-35.574811],[150.100575,-35.574591],[150.100995,-35.574404],[150.102972,-35.573972],[150.103307,-35.573772],[150.104698,-35.573609],[150.106045,-35.57332],[150.106607,-35.573354],[150.106081,-35.573549],[150.105997,-35.573504],[150.105161,-35.573669],[150.10708,-35.573533],[150.107929,-35.573369],[150.108291,-35.573186],[150.108502,-35.572971],[150.108616,-35.572606],[150.108396,-35.571796],[150.108295,-35.570925],[150.108375,-35.570642],[150.108633,-35.57041],[150.109005,-35.570341],[150.109473,-35.570386],[150.110024,-35.570677],[150.110523,-35.57078],[150.110885,-35.570604],[150.111383,-35.570655],[150.111056,-35.570799],[150.113207,-35.570422],[150.112977,-35.570257],[150.11259,-35.570257],[150.112302,-35.570143],[150.112498,-35.569988],[150.1128,-35.569971],[150.113187,-35.570102],[150.11391,-35.570756],[150.113951,-35.572025],[150.114195,-35.572663],[150.114348,-35.57282],[150.114639,-35.572993],[150.115234,-35.573143],[150.117036,-35.573037],[150.117531,-35.573079],[150.117955,-35.573219],[150.118232,-35.57341],[150.118397,-35.573664],[150.118374,-35.574951],[150.118458,-35.57528],[150.118605,-35.575477],[150.118952,-35.575717],[150.119176,-35.575779],[150.11956,-35.575744],[150.120062,-35.575501],[150.120391,-35.575239],[150.121643,-35.57384],[150.122634,-35.57302],[150.123195,-35.572747],[150.125217,-35.572228],[150.126173,-35.57189],[150.128331,-35.570875],[150.12871,-35.570502],[150.129113,-35.569685],[150.129402,-35.569338],[150.129677,-35.569244],[150.130097,-35.569258],[150.131178,-35.568611],[150.130878,-35.566805],[150.132365,-35.56276],[150.132589,-35.562802],[150.133108,-35.562609],[150.132773,-35.562547],[150.132421,-35.562364],[150.132491,-35.562233],[150.13325,-35.56242],[150.133391,-35.562596],[150.134471,-35.562762],[150.135386,-35.563141],[150.136926,-35.564241],[150.137182,-35.564603],[150.137292,-35.565009],[150.137219,-35.565325],[150.136179,-35.567083],[150.136713,-35.566662],[150.137715,-35.565301],[150.138793,-35.566038],[150.13828,-35.56796],[150.139104,-35.56813],[150.137717,-35.568546],[150.136317,-35.568581],[150.135704,-35.567909],[150.13567,-35.568186],[150.135833,-35.568467],[150.136144,-35.568714],[150.136553,-35.568943],[150.137407,-35.569165],[150.13784,-35.569099],[150.140467,-35.568302],[150.140707,-35.56828],[150.141039,-35.568388],[150.141506,-35.568691],[150.141661,-35.569082],[150.141574,-35.570071],[150.141337,-35.570954],[150.141406,-35.571286],[150.141697,-35.571941],[150.142183,-35.57238],[150.142709,-35.572653],[150.143782,-35.57295],[150.143354,-35.572512],[150.141921,-35.571688],[150.141646,-35.570549],[150.144843,-35.571712],[150.145239,-35.572943],[150.147564,-35.573435],[150.148505,-35.573409],[150.149451,-35.573125],[150.150427,-35.571097],[150.151668,-35.571508],[150.151673,-35.571197],[150.151999,-35.571021],[150.152499,-35.571101],[150.153139,-35.57135],[150.153462,-35.571022],[150.154237,-35.569858],[150.1562,-35.569237],[150.156907,-35.56941],[150.15455,-35.57161],[150.155306,-35.571327],[150.156462,-35.570589],[150.156897,-35.570212],[150.157266,-35.569719],[150.157531,-35.569552],[150.157653,-35.569564],[150.158283,-35.568708],[150.157897,-35.567763],[150.157752,-35.567003],[150.159598,-35.566385],[150.159614,-35.566817],[150.160156,-35.566624],[150.161699,-35.566496],[150.162432,-35.563159],[150.162138,-35.562825],[150.160928,-35.562313],[150.163837,-35.559316],[150.163691,-35.558039],[150.165617,-35.557533],[150.165722,-35.556814],[150.165086,-35.556222],[150.165499,-35.555891],[150.16653,-35.557101],[150.169941,-35.558508],[150.172219,-35.558928],[150.174845,-35.558863],[150.174968,-35.558723],[150.175452,-35.559365],[150.175788,-35.560144],[150.175431,-35.561155],[150.175292,-35.562125],[150.174786,-35.562638],[150.175106,-35.562771],[150.173621,-35.562647],[150.16863,-35.561936],[150.167509,-35.563216],[150.167698,-35.563488],[150.167735,-35.563851],[150.168317,-35.565376],[150.168149,-35.56674],[150.170222,-35.567118],[150.170259,-35.568119],[150.169723,-35.569027],[150.169716,-35.57003],[150.17071,-35.570828],[150.171597,-35.571128],[150.171616,-35.570448],[150.172597,-35.569744],[150.173345,-35.571013],[150.173377,-35.571872],[150.173872,-35.572217],[150.175833,-35.571954],[150.177124,-35.571313],[150.177979,-35.570755],[150.178104,-35.569757],[150.178498,-35.568875],[150.176928,-35.567482],[150.178579,-35.567918],[150.179729,-35.567413],[150.179686,-35.566268],[150.180792,-35.566165],[150.179776,-35.563362],[150.179981,-35.561006],[150.181919,-35.557772],[150.18219,-35.556722],[150.182407,-35.556709],[150.183157,-35.553528],[150.181724,-35.553442],[150.179771,-35.552821],[150.179188,-35.551942],[150.177924,-35.551308],[150.179408,-35.552531],[150.17648,-35.552318],[150.176828,-35.55022],[150.176632,-35.54999],[150.176527,-35.549695],[150.176688,-35.549167],[150.175654,-35.546792],[150.175912,-35.546798],[150.177399,-35.545998],[150.177049,-35.543486],[150.177703,-35.541474],[150.17754,-35.541361],[150.178916,-35.537933],[150.179463,-35.537132],[150.184745,-35.538131],[150.185459,-35.536846],[150.186744,-35.536703],[150.187386,-35.536989],[150.189599,-35.535204],[150.19274,-35.535062],[150.193951,-35.534698],[150.196188,-35.53363],[150.197273,-35.532735],[150.196952,-35.528351],[150.195411,-35.524429],[150.198337,-35.520243],[150.198161,-35.521109],[150.19992,-35.521565],[150.20077,-35.520102],[150.201295,-35.519586],[150.201715,-35.519338],[150.20189,-35.519281],[150.202473,-35.519325],[150.203261,-35.519764],[150.204055,-35.520048],[150.20486,-35.519914],[150.205438,-35.519529],[150.205634,-35.519135],[150.205598,-35.518671],[150.205311,-35.518],[150.205043,-35.5176],[150.204378,-35.515691],[150.203583,-35.515588],[150.203902,-35.514611],[150.202988,-35.51127],[150.202213,-35.509285],[150.203016,-35.507332],[150.205691,-35.503971],[150.207856,-35.503344],[150.208715,-35.502893],[150.209791,-35.503031],[150.208691,-35.503722],[150.209219,-35.503584],[150.210859,-35.503734],[150.213566,-35.504334],[150.213952,-35.505279],[150.213266,-35.505678],[150.211255,-35.504965],[150.209947,-35.50433],[150.208689,-35.505029],[150.207856,-35.504247],[150.205889,-35.505484],[150.205321,-35.507263],[150.204282,-35.509175],[150.204486,-35.50988],[150.204416,-35.5101],[150.205442,-35.514178],[150.205612,-35.514461],[150.207641,-35.51441],[150.209033,-35.520388],[150.207756,-35.52042],[150.207529,-35.521261],[150.203461,-35.520809],[150.201217,-35.521311],[150.202534,-35.520353],[150.203417,-35.520555],[150.203333,-35.520181],[150.203142,-35.52001],[150.20251,-35.519708],[150.201857,-35.519624],[150.201262,-35.520141],[150.200947,-35.520314],[150.200947,-35.520399],[150.201249,-35.520559],[150.201194,-35.520737],[150.200879,-35.520989],[150.200425,-35.521718],[150.200001,-35.522894],[150.199732,-35.5274],[150.200012,-35.529159],[150.199882,-35.52954],[150.200081,-35.529592],[150.20025,-35.530654],[150.200659,-35.531667],[150.200815,-35.532268],[150.201103,-35.532716],[150.201693,-35.532802],[150.201568,-35.532907],[150.203766,-35.533385],[150.204256,-35.533206],[150.204713,-35.533338],[150.206315,-35.534556],[150.206651,-35.534957],[150.206734,-35.535176],[150.206702,-35.535522],[150.206529,-35.53589],[150.206133,-35.53626],[150.204831,-35.53791],[150.204252,-35.537872],[150.204133,-35.537959],[150.204254,-35.53831],[150.202881,-35.538771],[150.202899,-35.539307],[150.20279,-35.540217],[150.200867,-35.541003],[150.202281,-35.542702],[150.202768,-35.543],[150.203067,-35.542884],[150.203303,-35.542917],[150.203426,-35.542412],[150.204423,-35.542908],[150.206032,-35.542987],[150.206675,-35.543127],[150.206739,-35.543198],[150.206571,-35.543496],[150.206811,-35.543828],[150.206939,-35.544217],[150.207111,-35.545445],[150.207396,-35.546062],[150.209331,-35.547259],[150.21065,-35.547405],[150.210986,-35.54705],[150.212157,-35.547828],[150.211306,-35.548388],[150.211793,-35.548727],[150.212215,-35.548897],[150.212762,-35.54885],[150.213673,-35.548407],[150.214036,-35.548074],[150.21428,-35.547546],[150.214264,-35.546985],[150.213981,-35.546328],[150.213452,-35.545757],[150.212503,-35.545375],[150.212327,-35.545233],[150.21222,-35.545004],[150.212253,-35.544443],[150.212462,-35.543956],[150.212911,-35.543766],[150.213585,-35.543884],[150.21464,-35.544408],[150.215485,-35.545081],[150.215604,-35.545315],[150.217489,-35.546841],[150.218308,-35.547309],[150.219256,-35.547728],[150.219855,-35.548133],[150.220492,-35.548714],[150.221373,-35.550167],[150.221642,-35.550382],[150.222277,-35.550258],[150.222911,-35.549911],[150.22342,-35.549394],[150.223766,-35.54876],[150.223781,-35.54846],[150.223646,-35.548014],[150.222728,-35.546737],[150.222385,-35.546051],[150.222376,-35.5457],[150.222481,-35.545378],[150.22268,-35.545118],[150.222984,-35.544932],[150.22377,-35.544942],[150.224372,-35.545222],[150.225177,-35.546039],[150.22602,-35.546704],[150.226527,-35.547251],[150.227526,-35.547727],[150.227993,-35.548417],[150.229005,-35.549417],[150.230156,-35.550251],[150.230582,-35.550411],[150.230914,-35.550411],[150.231229,-35.550203],[150.229386,-35.549178],[150.230087,-35.546106],[150.234083,-35.546768],[150.233323,-35.551369],[150.23281,-35.551084],[150.232867,-35.551294],[150.234029,-35.553246],[150.234497,-35.553806],[150.234753,-35.554007],[150.235103,-35.554142],[150.235915,-35.554047],[150.236744,-35.55361],[150.236907,-35.553449],[150.237461,-35.552683],[150.237622,-35.552077],[150.237445,-35.551405],[150.236783,-35.55043],[150.236671,-35.549978],[150.236709,-35.549495],[150.236878,-35.549182],[150.237107,-35.54903],[150.237653,-35.549067],[150.23807,-35.54924],[150.238317,-35.549481],[150.238752,-35.550157],[150.239403,-35.550822],[150.239844,-35.551776],[150.240003,-35.552352],[150.24,-35.552985],[150.239888,-35.553474],[150.239577,-35.553949],[150.239536,-35.554141],[150.240156,-35.555254],[150.240496,-35.555444],[150.241631,-35.555712],[150.24227,-35.556116],[150.242376,-35.556008],[150.245213,-35.55689],[150.246267,-35.556959],[150.24701,-35.558085],[150.247047,-35.559056],[150.247268,-35.559208],[150.24749,-35.559518],[150.247483,-35.559707],[150.247089,-35.56015],[150.247094,-35.560278],[150.247586,-35.560934],[150.249278,-35.562418],[150.250007,-35.563163],[150.250131,-35.564099],[150.250865,-35.564933],[150.251856,-35.565693],[150.252899,-35.565476],[150.253052,-35.565155],[150.253022,-35.564838],[150.253147,-35.56444],[150.253276,-35.564206],[150.2535,-35.564032],[150.253772,-35.563947],[150.254128,-35.564085],[150.254941,-35.563897],[150.255557,-35.56474],[150.255707,-35.565595],[150.255415,-35.56713],[150.255677,-35.567887],[150.256917,-35.56671],[150.257475,-35.566027],[150.258263,-35.565244],[150.260079,-35.563861],[150.261483,-35.563921],[150.262877,-35.563694],[150.262847,-35.562932],[150.263507,-35.561865],[150.264193,-35.561465],[150.26777,-35.560324],[150.267475,-35.558709],[150.269601,-35.559323],[150.270287,-35.561978],[150.271242,-35.562526],[150.272088,-35.563268],[150.272238,-35.564123],[150.272154,-35.564984],[150.270579,-35.566552],[150.269868,-35.566284],[150.268234,-35.566325],[150.266615,-35.563694],[150.265871,-35.565622],[150.265302,-35.566019],[150.264029,-35.566337],[150.262729,-35.566442],[150.262758,-35.566595],[150.262609,-35.566748],[150.262244,-35.566714],[150.262284,-35.566477],[150.261699,-35.566492],[150.260911,-35.567276],[150.260936,-35.567944],[150.261768,-35.568304],[150.262143,-35.568963],[150.261812,-35.569448],[150.26055,-35.570053],[150.259269,-35.570181],[150.259685,-35.568834],[150.259539,-35.568075],[150.259138,-35.566749],[150.258664,-35.56657],[150.257081,-35.567946],[150.257045,-35.568267],[150.257617,-35.569499],[150.25768,-35.569846],[150.258134,-35.569972],[150.258198,-35.570509],[150.257667,-35.571381],[150.257547,-35.57212],[150.256524,-35.575647],[150.259067,-35.580498],[150.260725,-35.583053],[150.260394,-35.583688],[150.2586,-35.584714],[150.25785,-35.588068],[150.257309,-35.591119],[150.256672,-35.592971],[150.254188,-35.596325],[150.254216,-35.596721],[150.255017,-35.598814],[150.255499,-35.600769],[150.257069,-35.602481],[150.257525,-35.603618],[150.25738,-35.603596],[150.256576,-35.60692],[150.256212,-35.611942],[150.257966,-35.612204],[150.256285,-35.61402],[150.256202,-35.61607],[150.256058,-35.616969],[150.255194,-35.618546],[150.253209,-35.621551],[150.25273,-35.622426],[150.252041,-35.624079],[150.2519,-35.62465],[150.251897,-35.625349],[150.252455,-35.626826],[150.252618,-35.627615],[150.25259,-35.628251],[150.252377,-35.628968],[150.251888,-35.629774],[150.250846,-35.630517],[150.250155,-35.630891],[150.250125,-35.631271],[150.251009,-35.631644],[150.251387,-35.631978],[150.251766,-35.632187],[150.252141,-35.632153],[150.252553,-35.631815],[150.253231,-35.630381],[150.253263,-35.630296],[150.252681,-35.630999],[150.25227,-35.631961],[150.252119,-35.632077],[150.251894,-35.632061],[150.25209,-35.632009],[150.252196,-35.631887],[150.252525,-35.631016],[150.253193,-35.630138],[150.253144,-35.629747],[150.253845,-35.629247],[150.254821,-35.628878],[150.255651,-35.628822],[150.257624,-35.627823],[150.259291,-35.627195],[150.259698,-35.626741],[150.259848,-35.626407],[150.259791,-35.626232],[150.25936,-35.625778],[150.259371,-35.624586],[150.259587,-35.623975],[150.259671,-35.62328],[150.259822,-35.623026],[150.259742,-35.622988],[150.259838,-35.622625],[150.259566,-35.622974],[150.259524,-35.623258],[150.259386,-35.623456],[150.259333,-35.622968],[150.259498,-35.62252],[150.259429,-35.622492],[150.258983,-35.622873],[150.258819,-35.623634],[150.258921,-35.624067],[150.258731,-35.624399],[150.2585,-35.624438],[150.258749,-35.624901],[150.258436,-35.62522],[150.258664,-35.625254],[150.258121,-35.625488],[150.258217,-35.625851],[150.258173,-35.625983],[150.257838,-35.626215],[150.257574,-35.626204],[150.257078,-35.626332],[150.2568,-35.626296],[150.256395,-35.626072],[150.25635,-35.625972],[150.256163,-35.625943],[150.257392,-35.625115],[150.258251,-35.624314],[150.258662,-35.623671],[150.258892,-35.622738],[150.25902,-35.622498],[150.259744,-35.621773],[150.259944,-35.621643],[150.260333,-35.621562],[150.262055,-35.621696],[150.263451,-35.621167],[150.263495,-35.620953],[150.263261,-35.620608],[150.262587,-35.620361],[150.261063,-35.620526],[150.26041,-35.619762],[150.261221,-35.62038],[150.261522,-35.620367],[150.261746,-35.620252],[150.260218,-35.619364],[150.259862,-35.618671],[150.25941,-35.618091],[150.258585,-35.617595],[150.258432,-35.617412],[150.258462,-35.617088],[150.258689,-35.616723],[150.259273,-35.616385],[150.259671,-35.61584],[150.261735,-35.615112],[150.262148,-35.614774],[150.26286,-35.612832],[150.262919,-35.612531],[150.262872,-35.612146],[150.262957,-35.611873],[150.26311,-35.611701],[150.263637,-35.611759],[150.263781,-35.611467],[150.263613,-35.611193],[150.262925,-35.610743],[150.262472,-35.610538],[150.262294,-35.610574],[150.262257,-35.610198],[150.262504,-35.609936],[150.2625,-35.610322],[150.263805,-35.611221],[150.263979,-35.611511],[150.263794,-35.611859],[150.263106,-35.612136],[150.262958,-35.613254],[150.262556,-35.614514],[150.262296,-35.614913],[150.261903,-35.615256],[150.261327,-35.615498],[150.260369,-35.615753],[150.259861,-35.616004],[150.258866,-35.617014],[150.258735,-35.617326],[150.258758,-35.617477],[150.258908,-35.61763],[150.259531,-35.617903],[150.259738,-35.618071],[150.260481,-35.619064],[150.261161,-35.619672],[150.261823,-35.619978],[150.263082,-35.620166],[150.264661,-35.620695],[150.265319,-35.620253],[150.265135,-35.619734],[150.26485,-35.619375],[150.263815,-35.619448],[150.262074,-35.618792],[150.26152,-35.618845],[150.261402,-35.618767],[150.262774,-35.618484],[150.263474,-35.618204],[150.263953,-35.618131],[150.264798,-35.618145],[150.266557,-35.617736],[150.266999,-35.617577],[150.26771,-35.617133],[150.268503,-35.617132],[150.269161,-35.616885],[150.268853,-35.61714],[150.268429,-35.617281],[150.268524,-35.617358],[150.268738,-35.61733],[150.269634,-35.617016],[150.270013,-35.617189],[150.270058,-35.618054],[150.270277,-35.61922],[150.270113,-35.619859],[150.270164,-35.620431],[150.269465,-35.621434],[150.269397,-35.62255],[150.269281,-35.622908],[150.269005,-35.623365],[150.269139,-35.623901],[150.269544,-35.624243],[150.270074,-35.62437],[150.270688,-35.624072],[150.271107,-35.623582],[150.271372,-35.623535],[150.272262,-35.623859],[150.272633,-35.624412],[150.273064,-35.624709],[150.273184,-35.626023],[150.27239,-35.627246],[150.272366,-35.628449],[150.272731,-35.629031],[150.273157,-35.629315],[150.273367,-35.629804],[150.273618,-35.630021],[150.27377,-35.630437],[150.274274,-35.630797],[150.27471,-35.630905],[150.274697,-35.631295],[150.274966,-35.631632],[150.274663,-35.631997],[150.274229,-35.632102],[150.273571,-35.632427],[150.273222,-35.633429],[150.273941,-35.634381],[150.274188,-35.634832],[150.274776,-35.635178],[150.274721,-35.635486],[150.274214,-35.636036],[150.274706,-35.636626],[150.276609,-35.636381],[150.277451,-35.636388],[150.27839,-35.636605],[150.278867,-35.636988],[150.27901,-35.637343],[150.278986,-35.637567],[150.27925,-35.637836],[150.278735,-35.639052],[150.277597,-35.640104],[150.27776,-35.640322],[150.278459,-35.640438],[150.278772,-35.640377],[150.280947,-35.639569],[150.282202,-35.638403],[150.283469,-35.63768],[150.283989,-35.637202],[150.283365,-35.636148],[150.282577,-35.636088],[150.28217,-35.635707],[150.282108,-35.63551],[150.282439,-35.635081],[150.283259,-35.634821],[150.284059,-35.634258],[150.284503,-35.633847],[150.284901,-35.633639],[150.285939,-35.63337],[150.286607,-35.633104],[150.286771,-35.632933],[150.287458,-35.63288],[150.288401,-35.632467],[150.288683,-35.632415],[150.289024,-35.632439],[150.289283,-35.632624],[150.289437,-35.632588],[150.290379,-35.633067],[150.290597,-35.633001],[150.290782,-35.633271],[150.291002,-35.633383],[150.293228,-35.634115],[150.294484,-35.634066],[150.295886,-35.63415],[150.296207,-35.634061],[150.296211,-35.634172],[150.296362,-35.634254],[150.296215,-35.634268],[150.296224,-35.634505],[150.296621,-35.634645],[150.296232,-35.634722],[150.29625,-35.635173],[150.290155,-35.636257],[150.289342,-35.636231],[150.288941,-35.63643],[150.288667,-35.636474],[150.288446,-35.636419],[150.288157,-35.636195],[150.286341,-35.636139],[150.286008,-35.636409],[150.286293,-35.63752],[150.286913,-35.638271],[150.288812,-35.639999],[150.290719,-35.640805],[150.290889,-35.640924],[150.291172,-35.641356],[150.291792,-35.641576],[150.292217,-35.641905],[150.292584,-35.642367],[150.29313,-35.643834],[150.293463,-35.644149],[150.293942,-35.644335],[150.294726,-35.644338],[150.295392,-35.64407],[150.296593,-35.642531],[150.297941,-35.641849],[150.298759,-35.640877],[150.299731,-35.640219],[150.300616,-35.635901],[150.298879,-35.635589],[150.299145,-35.633576],[150.299857,-35.633372],[150.301451,-35.634633],[150.302953,-35.634097],[150.306668,-35.634871],[150.308272,-35.63381],[150.308981,-35.634836],[150.309074,-35.635654],[150.310657,-35.635638],[150.310826,-35.634434],[150.311737,-35.634632],[150.312823,-35.634365],[150.314169,-35.633439],[150.316675,-35.633742],[150.320909,-35.635323],[150.321023,-35.635262],[150.322383,-35.63912],[150.324011,-35.637766],[150.32617,-35.635025],[150.327745,-35.631807],[150.329472,-35.63039],[150.329233,-35.629871],[150.327478,-35.629845],[150.326813,-35.629506],[150.326324,-35.629687],[150.325249,-35.630585],[150.324016,-35.630617],[150.322873,-35.629788],[150.322168,-35.62971],[150.321684,-35.629294],[150.321233,-35.628208],[150.320985,-35.627832],[150.321606,-35.627291],[150.320847,-35.627311],[150.320783,-35.627367],[150.31989,-35.627144],[150.320192,-35.626291],[150.321855,-35.625849],[150.321876,-35.625207],[150.321638,-35.624342],[150.32193,-35.623977],[150.322278,-35.623156],[150.322686,-35.621631],[150.322721,-35.621021],[150.322948,-35.620085],[150.323106,-35.619651],[150.323412,-35.619261],[150.323687,-35.61731],[150.323471,-35.617017],[150.322811,-35.616581],[150.322529,-35.616099],[150.322601,-35.61494],[150.322333,-35.614052],[150.322543,-35.613068],[150.323029,-35.612435],[150.323611,-35.611991],[150.324851,-35.611577],[150.325981,-35.610939],[150.326328,-35.610488],[150.326338,-35.609975],[150.326627,-35.609538],[150.326661,-35.608893],[150.327139,-35.607675],[150.330811,-35.607795],[150.331545,-35.608634],[150.333591,-35.610144],[150.334187,-35.610008],[150.334899,-35.609597],[150.335332,-35.609096],[150.33525,-35.60886],[150.334659,-35.608315],[150.334096,-35.607363],[150.333706,-35.605619],[150.33372,-35.605237],[150.333436,-35.604314],[150.333505,-35.603835],[150.333799,-35.603517],[150.334218,-35.603399],[150.334713,-35.603478],[150.334744,-35.603373],[150.33634,-35.604608],[150.337404,-35.604926],[150.33823,-35.604774],[150.33826,-35.604403],[150.33874,-35.603961],[150.339103,-35.603916],[150.339806,-35.603587],[150.340162,-35.603339],[150.340853,-35.603094],[150.342125,-35.602369],[150.342039,-35.602037],[150.341584,-35.60162],[150.341364,-35.601208],[150.341324,-35.600934],[150.341844,-35.600432],[150.341966,-35.599796],[150.341834,-35.59943],[150.341468,-35.599022],[150.340471,-35.598559],[150.339736,-35.598065],[150.339223,-35.597279],[150.339536,-35.597068],[150.340202,-35.596919],[150.340484,-35.59699],[150.340637,-35.596885],[150.34099,-35.596909],[150.341846,-35.597115],[150.342149,-35.597023],[150.342562,-35.596368],[150.342542,-35.595868],[150.342885,-35.595286],[150.343785,-35.594785],[150.343992,-35.59447],[150.345197,-35.593532],[150.345504,-35.593166],[150.34562,-35.592781],[150.346046,-35.592459],[150.346455,-35.591339],[150.346778,-35.591032],[150.347607,-35.590569],[150.347646,-35.590425],[150.346857,-35.590064],[150.3466,-35.589832],[150.346513,-35.589107],[150.346628,-35.589056],[150.345972,-35.588345],[150.345791,-35.587837],[150.346031,-35.587628],[150.346514,-35.587639],[150.346858,-35.587796],[150.346823,-35.587595],[150.348901,-35.587895],[150.349467,-35.587717],[150.349938,-35.58743],[150.351025,-35.585719],[150.351367,-35.584028],[150.351685,-35.583936],[150.35215,-35.583494],[150.352342,-35.583179],[150.352411,-35.582712],[150.352534,-35.582506],[150.353033,-35.582553],[150.353482,-35.582457],[150.353955,-35.58223],[150.35409,-35.581964],[150.354141,-35.58139],[150.353975,-35.580512],[150.354327,-35.58018],[150.354898,-35.580225],[150.355112,-35.580088],[150.355771,-35.578269],[150.356054,-35.578035],[150.356617,-35.577877],[150.357448,-35.577855],[150.357955,-35.577746],[150.358654,-35.57731],[150.359057,-35.576799],[150.359204,-35.576079],[150.359428,-35.575835],[150.360257,-35.575371],[150.360724,-35.575001],[150.360945,-35.574661],[150.361122,-35.573595],[150.361093,-35.573249],[150.36188,-35.572823],[150.362371,-35.572321],[150.363839,-35.571781],[150.364245,-35.571329],[150.364151,-35.570437],[150.364241,-35.570124],[150.365068,-35.569231],[150.365572,-35.569051],[150.366117,-35.569168],[150.366477,-35.569611],[150.367025,-35.568593],[150.366376,-35.56768],[150.364605,-35.567225],[150.364404,-35.566946],[150.364306,-35.566949],[150.362231,-35.564307],[150.362358,-35.564208],[150.363238,-35.564316],[150.363468,-35.564203],[150.363739,-35.563785],[150.363264,-35.563273],[150.363106,-35.563354],[150.363051,-35.563308],[150.363016,-35.563243],[150.363157,-35.563157],[150.362306,-35.562239],[150.361727,-35.562237],[150.36151,-35.561521],[150.361308,-35.56149],[150.360973,-35.561279],[150.361135,-35.561186],[150.360904,-35.561004],[150.36111,-35.560791],[150.360876,-35.56062],[150.361393,-35.560428],[150.361613,-35.560591],[150.361691,-35.560971],[150.361816,-35.561178],[150.361786,-35.561381],[150.36441,-35.560922],[150.364421,-35.560598],[150.363253,-35.559865],[150.361612,-35.558608],[150.36159,-35.5582],[150.361305,-35.557248],[150.361917,-35.556098],[150.363282,-35.555526],[150.367106,-35.555692],[150.368289,-35.55525],[150.373331,-35.553673],[150.377737,-35.554786],[150.380036,-35.552935],[150.380614,-35.551431],[150.380431,-35.55088],[150.3807,-35.550553],[150.380967,-35.550514],[150.381194,-35.549922],[150.37989,-35.548823],[150.379032,-35.548946],[150.376666,-35.548494],[150.374248,-35.547469],[150.373949,-35.545917],[150.374761,-35.544618],[150.375837,-35.54384],[150.376656,-35.543389],[150.377935,-35.541879],[150.376862,-35.543224],[150.378467,-35.542123],[150.378421,-35.541378],[150.378522,-35.541198],[150.378629,-35.539837],[150.379135,-35.539333],[150.380599,-35.539537],[150.38149,-35.540128],[150.382573,-35.541296],[150.3829,-35.541951],[150.383613,-35.542054],[150.384231,-35.541821],[150.384964,-35.542121],[150.385674,-35.542185],[150.384928,-35.544169],[150.385697,-35.544759],[150.387225,-35.542237],[150.388881,-35.542018],[150.390298,-35.542577],[150.390787,-35.542007],[150.390177,-35.540832],[150.389961,-35.538903],[150.38902,-35.538664],[150.38769,-35.537597],[150.387008,-35.5366],[150.385574,-35.536086],[150.384057,-35.534923],[150.382788,-35.534728],[150.380474,-35.534675],[150.379882,-35.533888],[150.379914,-35.532914],[150.380751,-35.532345],[150.381049,-35.530084],[150.383449,-35.528861],[150.384605,-35.529394],[150.384557,-35.528182],[150.383517,-35.527933],[150.383186,-35.526925],[150.381392,-35.527688],[150.380425,-35.526947],[150.381199,-35.524227],[150.379146,-35.523829],[150.376953,-35.526819],[150.375367,-35.526654],[150.374359,-35.526706],[150.362642,-35.524423],[150.361624,-35.523686],[150.361643,-35.523611],[150.36159,-35.523661],[150.3615,-35.523596],[150.362394,-35.522743],[150.3617,-35.522761],[150.361889,-35.522164],[150.363178,-35.521989],[150.363274,-35.522488],[150.363655,-35.522549],[150.364574,-35.522239],[150.36433,-35.521833],[150.364437,-35.521818],[150.365737,-35.517924],[150.362053,-35.515634],[150.362426,-35.515049],[150.359684,-35.513391],[150.35953,-35.512592],[150.360651,-35.511417],[150.360872,-35.509459],[150.361894,-35.508587],[150.368168,-35.510424],[150.371432,-35.509494],[150.371524,-35.50871],[150.37177,-35.508725],[150.372397,-35.507675],[150.372676,-35.507045],[150.372802,-35.506976],[150.374515,-35.507137],[150.375132,-35.506772],[150.375572,-35.506096],[150.376027,-35.505625],[150.376728,-35.505224],[150.377535,-35.504936],[150.379744,-35.50393],[150.381883,-35.503537],[150.382561,-35.503266],[150.38208,-35.503132],[150.380049,-35.503283],[150.377256,-35.50377],[150.37506,-35.50345],[150.375179,-35.503332],[150.374967,-35.503321],[150.375614,-35.500465],[150.375574,-35.500228],[150.372368,-35.499571],[150.371988,-35.498817],[150.373598,-35.498202],[150.375185,-35.49786],[150.375112,-35.497773],[150.37517,-35.497768],[150.375145,-35.497621],[150.37584,-35.497676],[150.378104,-35.497033],[150.378179,-35.495981],[150.380654,-35.496584],[150.381259,-35.49714],[150.381128,-35.498253],[150.381553,-35.49866],[150.38296,-35.498814],[150.384592,-35.49877],[150.385984,-35.498543],[150.387139,-35.498226],[150.386007,-35.499115],[150.385691,-35.499982],[150.386297,-35.500539],[150.386069,-35.501153],[150.388259,-35.499722],[150.390313,-35.499337],[150.390941,-35.49446],[150.390868,-35.493976],[150.390528,-35.494055],[150.39033,-35.493978],[150.390329,-35.493852],[150.39042,-35.493795],[150.390836,-35.493767],[150.390581,-35.492078],[150.390327,-35.491878],[150.389766,-35.489748],[150.389182,-35.488304],[150.389155,-35.486987],[150.389363,-35.485648],[150.38825,-35.485783],[150.388166,-35.486194],[150.387788,-35.486727],[150.386195,-35.487837],[150.38576,-35.488259],[150.383969,-35.490824],[150.383194,-35.491308],[150.38211,-35.49174],[150.380124,-35.491655],[150.379165,-35.491324],[150.378149,-35.490784],[150.377556,-35.48981],[150.376757,-35.488955],[150.376196,-35.488191],[150.374178,-35.486797],[150.37251,-35.487217],[150.371792,-35.487678],[150.371073,-35.488527],[150.370267,-35.488703],[150.369567,-35.488184],[150.368248,-35.487734],[150.368142,-35.48762],[150.368073,-35.486851],[150.368394,-35.48662],[150.369395,-35.486592],[150.369696,-35.486318],[150.369391,-35.486084],[150.368686,-35.485746],[150.370731,-35.484728],[150.371186,-35.484986],[150.371513,-35.484835],[150.371774,-35.484414],[150.371702,-35.484245],[150.371999,-35.484053],[150.373743,-35.48419],[150.375173,-35.4844],[150.379404,-35.48462],[150.381482,-35.484906],[150.382095,-35.484885],[150.38244,-35.484634],[150.382707,-35.484208],[150.383502,-35.482466],[150.383625,-35.4819],[150.383265,-35.481247],[150.38265,-35.480961],[150.380965,-35.480747],[150.380323,-35.480735],[150.379357,-35.481075],[150.378878,-35.481098],[150.378468,-35.480881],[150.377986,-35.480319],[150.377465,-35.479046],[150.377408,-35.478477],[150.377272,-35.478351],[150.376634,-35.478522],[150.374824,-35.478697],[150.374447,-35.478636],[150.374325,-35.478514],[150.374417,-35.478137],[150.375741,-35.477209],[150.376455,-35.47722],[150.376597,-35.477067],[150.376526,-35.476883],[150.376149,-35.476629],[150.376251,-35.476445],[150.376699,-35.476119],[150.37674,-35.475997],[150.37971,-35.475662],[150.380576,-35.475776],[150.380884,-35.476277],[150.381106,-35.477332],[150.381478,-35.478027],[150.3821,-35.478926],[150.382108,-35.479367],[150.381774,-35.479629],[150.381858,-35.479902],[150.382322,-35.480223],[150.383607,-35.480759],[150.38545,-35.481717],[150.385872,-35.482109],[150.38674,-35.482299],[150.386969,-35.482508],[150.387844,-35.482705],[150.387964,-35.482808],[150.388355,-35.482846],[150.388697,-35.482747],[150.389086,-35.482297],[150.389354,-35.481791],[150.389744,-35.481524],[150.390019,-35.481462],[150.390326,-35.481579],[150.390418,-35.481722],[150.390683,-35.481865],[150.390834,-35.481877],[150.390826,-35.482256],[150.391312,-35.482163],[150.39146,-35.481905],[150.392811,-35.4816],[150.393697,-35.481238],[150.394783,-35.481378],[150.395395,-35.480801],[150.395713,-35.48028],[150.395808,-35.479894],[150.395798,-35.479519],[150.3956,-35.479059],[150.395616,-35.478729],[150.395009,-35.478438],[150.395022,-35.47822],[150.394835,-35.477995],[150.394698,-35.477584],[150.394702,-35.477318],[150.395081,-35.476441],[150.394979,-35.476182],[150.394649,-35.475851],[150.394605,-35.475375],[150.392487,-35.475046],[150.391441,-35.475275],[150.390659,-35.474208],[150.390083,-35.472193],[150.390313,-35.470274],[150.385099,-35.472263],[150.384381,-35.472812],[150.383599,-35.473691],[150.379232,-35.472969],[150.376776,-35.473246],[150.374472,-35.473074],[150.373223,-35.472135],[150.373072,-35.47257],[150.371045,-35.471301],[150.371365,-35.470897],[150.369791,-35.469761],[150.369888,-35.469281],[150.3714,-35.469146],[150.374062,-35.468598],[150.375738,-35.467927],[150.381402,-35.460546],[150.381706,-35.459392],[150.381997,-35.459263],[150.38206,-35.45906],[150.382069,-35.458735],[150.381772,-35.458409],[150.381772,-35.458093],[150.381993,-35.458055],[150.382175,-35.45815],[150.382232,-35.458342],[150.382414,-35.458409],[150.382816,-35.458351],[150.382931,-35.458227],[150.38295,-35.458016],[150.382826,-35.457805],[150.382835,-35.457566],[150.383027,-35.45748],[150.383573,-35.457566],[150.384249,-35.457919],[150.384521,-35.457792],[150.383563,-35.457355],[150.382893,-35.457231],[150.381791,-35.457355],[150.381341,-35.457566],[150.38115,-35.45792],[150.381083,-35.458869],[150.380968,-35.459214],[150.380498,-35.459846],[150.379304,-35.4608],[150.378606,-35.46165],[150.378278,-35.46192],[150.377078,-35.462355],[150.376757,-35.462365],[150.376641,-35.462417],[150.376708,-35.462503],[150.376584,-35.462579],[150.376315,-35.462532],[150.376142,-35.462388],[150.376286,-35.462205],[150.376065,-35.461936],[150.376103,-35.461821],[150.376355,-35.461851],[150.376895,-35.462258],[150.377088,-35.462243],[150.3772,-35.462152],[150.37717,-35.462055],[150.376782,-35.461753],[150.376044,-35.461457],[150.375291,-35.460898],[150.374866,-35.459955],[150.374197,-35.459344],[150.373331,-35.458843],[150.372896,-35.458729],[150.370763,-35.458507],[150.370715,-35.458333],[150.374124,-35.458743],[150.374934,-35.459399],[150.375569,-35.460325],[150.375782,-35.460771],[150.376113,-35.461153],[150.377119,-35.461683],[150.377681,-35.461853],[150.377905,-35.461835],[150.378115,-35.46168],[150.378463,-35.461061],[150.379243,-35.460315],[150.380029,-35.459817],[150.380537,-35.459367],[150.380776,-35.458821],[150.380738,-35.45816],[150.381006,-35.457633],[150.381293,-35.457365],[150.380067,-35.45792],[150.380029,-35.458026],[150.38027,-35.458497],[150.380391,-35.458956],[150.379827,-35.459571],[150.379361,-35.459815],[150.378999,-35.459898],[150.378654,-35.45983],[150.377555,-35.45936],[150.377191,-35.459129],[150.377069,-35.458658],[150.377155,-35.457568],[150.377007,-35.45718],[150.377123,-35.457049],[150.376283,-35.456893],[150.376166,-35.456168],[150.375763,-35.455862],[150.37421,-35.455992],[150.371495,-35.454941],[150.370209,-35.453288],[150.368891,-35.452944],[150.367324,-35.452181],[150.367889,-35.451634],[150.368976,-35.451609],[150.372249,-35.452551],[150.371882,-35.453505],[150.370772,-35.453206],[150.370843,-35.453597],[150.371605,-35.454255],[150.373975,-35.453688],[150.377454,-35.451778],[150.37855,-35.452513],[150.378211,-35.452724],[150.378151,-35.453316],[150.379298,-35.453473],[150.381509,-35.453319],[150.382309,-35.452916],[150.384272,-35.452386],[150.385317,-35.452263],[150.387193,-35.4525],[150.388868,-35.452533],[150.390087,-35.451945],[150.3922,-35.452271],[150.393497,-35.452619],[150.394814,-35.453443],[150.396506,-35.454925],[150.396567,-35.455354],[150.396851,-35.455558],[150.39823,-35.456206],[150.398735,-35.45713],[150.398805,-35.457174],[150.399028,-35.456797],[150.399482,-35.457129],[150.401201,-35.455257],[150.400515,-35.45274],[150.401266,-35.450535],[150.402508,-35.449023],[150.402101,-35.448298],[150.400628,-35.44746],[150.400137,-35.447512],[150.399396,-35.447905],[150.399122,-35.44765],[150.398342,-35.447162],[150.398277,-35.445873],[150.398139,-35.445083],[150.397425,-35.445131],[150.397405,-35.444489],[150.39779,-35.44404],[150.397271,-35.443974],[150.396733,-35.443576],[150.394836,-35.443469],[150.393966,-35.442842],[150.394074,-35.44208],[150.395001,-35.4413],[150.395384,-35.440276],[150.39624,-35.439821],[150.397258,-35.439107],[150.398304,-35.436921],[150.3993,-35.436119],[150.399027,-35.435912],[150.398697,-35.435861],[150.398596,-35.435603],[150.396589,-35.435361],[150.396515,-35.435503],[150.394449,-35.435204],[150.393487,-35.434899],[150.393227,-35.434359],[150.393852,-35.43145],[150.395335,-35.432079],[150.39772,-35.43192],[150.400529,-35.43144],[150.402382,-35.430364],[150.402459,-35.430207],[150.404512,-35.430551],[150.403265,-35.429095],[150.403759,-35.428708],[150.403836,-35.428544],[150.404554,-35.428087],[150.408018,-35.428968],[150.409333,-35.429532],[150.409503,-35.429187],[150.410411,-35.425877],[150.411559,-35.425183],[150.411895,-35.424137],[150.412452,-35.423265],[150.413714,-35.420677],[150.413599,-35.420529],[150.412123,-35.420313],[150.410457,-35.420752],[150.4093,-35.421255],[150.408941,-35.421332],[150.40734,-35.42059],[150.405074,-35.420055],[150.404897,-35.419256],[150.404503,-35.41828],[150.404429,-35.417576],[150.404567,-35.417135],[150.404969,-35.416568],[150.405195,-35.416401],[150.405885,-35.416225],[150.405751,-35.415356],[150.405645,-35.415127],[150.405349,-35.414939],[150.403981,-35.414858],[150.4037,-35.414704],[150.403573,-35.414389],[150.403568,-35.413427],[150.403342,-35.413085],[150.402744,-35.412674],[150.401303,-35.412003],[150.400825,-35.411621],[150.400119,-35.410661],[150.40009,-35.410524],[150.400315,-35.410603],[150.400879,-35.411306],[150.401231,-35.411591],[150.402862,-35.412359],[150.403551,-35.412855],[150.403707,-35.413072],[150.403835,-35.413501],[150.403817,-35.41416],[150.403889,-35.414514],[150.40417,-35.414657],[150.405313,-35.41471],[150.405875,-35.414897],[150.406031,-35.415269],[150.406034,-35.415784],[150.406141,-35.416131],[150.40686,-35.415867],[150.407004,-35.415723],[150.407329,-35.415695],[150.408894,-35.416424],[150.408837,-35.417398],[150.412187,-35.416236],[150.412241,-35.416079],[150.412131,-35.415319],[150.412726,-35.414855],[150.412955,-35.414458],[150.412485,-35.413244],[150.411322,-35.413213],[150.409397,-35.412881],[150.409171,-35.412513],[150.408192,-35.411729],[150.408072,-35.411412],[150.407875,-35.410056],[150.408198,-35.40997],[150.408248,-35.409779],[150.408051,-35.407933],[150.408098,-35.407572],[150.408327,-35.407142],[150.408655,-35.406728],[150.409284,-35.406223],[150.409653,-35.405809],[150.411065,-35.404986],[150.411975,-35.404725],[150.412144,-35.404753],[150.410808,-35.405319],[150.408817,-35.406825],[150.408518,-35.407342],[150.408311,-35.408087],[150.408314,-35.408631],[150.408438,-35.409059],[150.408544,-35.408656],[150.408488,-35.408186],[150.408586,-35.407749],[150.409012,-35.40717],[150.409455,-35.406874],[150.410882,-35.409108],[150.411189,-35.410332],[150.411437,-35.410516],[150.41541,-35.410484],[150.41578,-35.410574],[150.416557,-35.410977],[150.41754,-35.411246],[150.418296,-35.411362],[150.418672,-35.411821],[150.418707,-35.412156],[150.418635,-35.41246],[150.418152,-35.413602],[150.417931,-35.414356],[150.418004,-35.416829],[150.418099,-35.417515],[150.418061,-35.417973],[150.417842,-35.418278],[150.417365,-35.41863],[150.417213,-35.419256],[150.417171,-35.420138],[150.412886,-35.425719],[150.411955,-35.427263],[150.411788,-35.427465],[150.41169,-35.427478],[150.411128,-35.428501],[150.411015,-35.428916],[150.411006,-35.429636],[150.411571,-35.429472],[150.411254,-35.431405],[150.413251,-35.432443],[150.416016,-35.429007],[150.416354,-35.428078],[150.416864,-35.427929],[150.420736,-35.423902],[150.417941,-35.422925],[150.419279,-35.421155],[150.419828,-35.417103],[150.420826,-35.41432],[150.422031,-35.411598],[150.42587,-35.405212],[150.425815,-35.404485],[150.426192,-35.404279],[150.428165,-35.399449],[150.428953,-35.398945],[150.430767,-35.396203],[150.433912,-35.391915],[150.43353,-35.391306],[150.433799,-35.389966],[150.434353,-35.388147],[150.434709,-35.386609],[150.434728,-35.386008],[150.434543,-35.384467],[150.433898,-35.384024],[150.433454,-35.384289],[150.433091,-35.384377],[150.431927,-35.384153],[150.429996,-35.385015],[150.429572,-35.385894],[150.428892,-35.38637],[150.42816,-35.387306],[150.428234,-35.389149],[150.428574,-35.389894],[150.428415,-35.390204],[150.428151,-35.39029],[150.427532,-35.390009],[150.425386,-35.389715],[150.425686,-35.388278],[150.424642,-35.386612],[150.423737,-35.386082],[150.42288,-35.38572],[150.422096,-35.385495],[150.421268,-35.385425],[150.419635,-35.386023],[150.418085,-35.387606],[150.417675,-35.387887],[150.416861,-35.388214],[150.416776,-35.388178],[150.416629,-35.387803],[150.415847,-35.387107],[150.415133,-35.386813],[150.41388,-35.386586],[150.413592,-35.386613],[150.413203,-35.386877],[150.412214,-35.386856],[150.411562,-35.386356],[150.4109,-35.386459],[150.410248,-35.386453],[150.409774,-35.386286],[150.409396,-35.385997],[150.409381,-35.385932],[150.409462,-35.38592],[150.410264,-35.386225],[150.410637,-35.386233],[150.411986,-35.386155],[150.412824,-35.385834],[150.412947,-35.38433],[150.413263,-35.384525],[150.414198,-35.385377],[150.417284,-35.385381],[150.417549,-35.385257],[150.4182,-35.384609],[150.418009,-35.383504],[150.418855,-35.383394],[150.418573,-35.383054],[150.418572,-35.382918],[150.419896,-35.383033],[150.420626,-35.383631],[150.420968,-35.383351],[150.421458,-35.382473],[150.421781,-35.382289],[150.422107,-35.382326],[150.422928,-35.382878],[150.424274,-35.383426],[150.425919,-35.382828],[150.426357,-35.382954],[150.427814,-35.38312],[150.428421,-35.382635],[150.428263,-35.38213],[150.428931,-35.381619],[150.428808,-35.380382],[150.428878,-35.379932],[150.429236,-35.379832],[150.430607,-35.379909],[150.432059,-35.379695],[150.432909,-35.379226],[150.432986,-35.379107],[150.432941,-35.377964],[150.433098,-35.377136],[150.432118,-35.377095],[150.431254,-35.376927],[150.429693,-35.37627],[150.428039,-35.376226],[150.427835,-35.376063],[150.426503,-35.376152],[150.425679,-35.376504],[150.425311,-35.376571],[150.42407,-35.375946],[150.423214,-35.37574],[150.421849,-35.375692],[150.421552,-35.375542],[150.421546,-35.375301],[150.421655,-35.375178],[150.422145,-35.374959],[150.4237,-35.37494],[150.425392,-35.375193],[150.426015,-35.375133],[150.426485,-35.374999],[150.427279,-35.374354],[150.427863,-35.374005],[150.427128,-35.37329],[150.425836,-35.372511],[150.425598,-35.371845],[150.425732,-35.371377],[150.424108,-35.372184],[150.421204,-35.372453],[150.418504,-35.371952],[150.41637,-35.371055],[150.414457,-35.369865],[150.412335,-35.369253],[150.411321,-35.37014],[150.409162,-35.371534],[150.408408,-35.373082],[150.406474,-35.374279],[150.404976,-35.374701],[150.40383,-35.375209],[150.402076,-35.375065],[150.399748,-35.375127],[150.393006,-35.375593],[150.391233,-35.374972],[150.391311,-35.374015],[150.391964,-35.372852],[150.392167,-35.372082],[150.391958,-35.372349],[150.38967,-35.371409],[150.388716,-35.373225],[150.386203,-35.374533],[150.385054,-35.374945],[150.383983,-35.374401],[150.383938,-35.373256],[150.382176,-35.372921],[150.37975,-35.373463],[150.377715,-35.375044],[150.375998,-35.375853],[150.374789,-35.37474],[150.375757,-35.372709],[150.376062,-35.371556],[150.377925,-35.371506],[150.378826,-35.370719],[150.37833,-35.369968],[150.377669,-35.367981],[150.377162,-35.366944],[150.378063,-35.366157],[150.378157,-35.365581],[150.376384,-35.36496],[150.375509,-35.366415],[150.374934,-35.366621],[150.373083,-35.366957],[150.372291,-35.36755],[150.370548,-35.367692],[150.36932,-35.369061],[150.368659,-35.370033],[150.366352,-35.36873],[150.365896,-35.368594],[150.364071,-35.367502],[150.361941,-35.366616],[150.360227,-35.366055],[150.356604,-35.35985],[150.356567,-35.358896],[150.357351,-35.358112],[150.357554,-35.35805],[150.357492,-35.357113],[150.356518,-35.354982],[150.355721,-35.354321],[150.353792,-35.353527],[150.350725,-35.352558],[150.349418,-35.351924],[150.34898,-35.351588],[150.348792,-35.351537],[150.348398,-35.352717],[150.347942,-35.352026],[150.342978,-35.350247],[150.341621,-35.345319],[150.341321,-35.343608],[150.339369,-35.341368],[150.338364,-35.339485],[150.335887,-35.335731],[150.334574,-35.334907],[150.335308,-35.334766],[150.336092,-35.334328],[150.336646,-35.333598],[150.337179,-35.332331],[150.336628,-35.331271],[150.336528,-35.330558],[150.336659,-35.330196],[150.337727,-35.329572],[150.338431,-35.328957],[150.338706,-35.328532],[150.339917,-35.327844],[150.339964,-35.327186],[150.340969,-35.324952],[150.342379,-35.323781],[150.341858,-35.323497],[150.341521,-35.322312],[150.342741,-35.321862],[150.344191,-35.321705],[150.345732,-35.322023],[150.346528,-35.321882],[150.346614,-35.321583],[150.34919,-35.320721],[150.34947,-35.320514],[150.349853,-35.318403],[150.350739,-35.317234],[150.350935,-35.316275],[150.351697,-35.314918],[150.354272,-35.315232],[150.357064,-35.315159],[150.359114,-35.313959],[150.361062,-35.313144],[150.361955,-35.315125],[150.360836,-35.3163],[150.361249,-35.317912],[150.36382,-35.318131],[150.366365,-35.317682],[150.369882,-35.318257],[150.370238,-35.319126],[150.371124,-35.31883],[150.369927,-35.317713],[150.370616,-35.314078],[150.371068,-35.313917],[150.371076,-35.311648],[150.372881,-35.309742],[150.374024,-35.308319],[150.374328,-35.308624],[150.37473,-35.308502],[150.374823,-35.308772],[150.374566,-35.308834],[150.375149,-35.309346],[150.378651,-35.311759],[150.380649,-35.312724],[150.377917,-35.321222],[150.375305,-35.321361],[150.370381,-35.322228],[150.364444,-35.324285],[150.364316,-35.324801],[150.363647,-35.32502],[150.363628,-35.325129],[150.36396,-35.329099],[150.368724,-35.330276],[150.376871,-35.332099],[150.376998,-35.33473],[150.379854,-35.334047],[150.380596,-35.334396],[150.385863,-35.33354],[150.389168,-35.331686],[150.389561,-35.329649],[150.39264,-35.328157],[150.398006,-35.326868],[150.394018,-35.323251],[150.389545,-35.322596],[150.389033,-35.322638],[150.389024,-35.322519],[150.388105,-35.322385],[150.388958,-35.315803],[150.390179,-35.316107],[150.395703,-35.316604],[150.402514,-35.314346],[150.401514,-35.311151],[150.399731,-35.308846],[150.400461,-35.3087],[150.401805,-35.307709],[150.402412,-35.306499],[150.403629,-35.305989],[150.404589,-35.306322],[150.404179,-35.306989],[150.40484,-35.307151],[150.405633,-35.30695],[150.406162,-35.305623],[150.406887,-35.305544],[150.407621,-35.305704],[150.409257,-35.306555],[150.409421,-35.307028],[150.408781,-35.307403],[150.408814,-35.308238],[150.408883,-35.308239],[150.408619,-35.309119],[150.409142,-35.309235],[150.408997,-35.309282],[150.409001,-35.310598],[150.410307,-35.311981],[150.411594,-35.313974],[150.413874,-35.314728],[150.417215,-35.315086],[150.418241,-35.314288],[150.417113,-35.313176],[150.416217,-35.310803],[150.416738,-35.310919],[150.418022,-35.311669],[150.420314,-35.312061],[150.420698,-35.311377],[150.425688,-35.311767],[150.428642,-35.312731],[150.429452,-35.312021],[150.429986,-35.309658],[150.429859,-35.309542],[150.430519,-35.309937],[150.435326,-35.308567],[150.43609,-35.306067],[150.43453,-35.302212],[150.433906,-35.300104],[150.431935,-35.299448],[150.428006,-35.301148],[150.427921,-35.304427],[150.427087,-35.307423],[150.423892,-35.305813],[150.418553,-35.305097],[150.414466,-35.306052],[150.414644,-35.30474],[150.415893,-35.303215],[150.416737,-35.302476],[150.417237,-35.302224],[150.420898,-35.302782],[150.420873,-35.300336],[150.421238,-35.298536],[150.421721,-35.297867],[150.423357,-35.296928],[150.422674,-35.29623],[150.421527,-35.294829],[150.420642,-35.294554],[150.419479,-35.294586],[150.418175,-35.29474],[150.41777,-35.295527],[150.417953,-35.296476],[150.41717,-35.296915],[150.416218,-35.296762],[150.415828,-35.296116],[150.415453,-35.295827],[150.414602,-35.296387],[150.413065,-35.29619],[150.412608,-35.295665],[150.413095,-35.295115],[150.415229,-35.293864],[150.41584,-35.292774],[150.414704,-35.292293],[150.418068,-35.289895],[150.418418,-35.289526],[150.420008,-35.289965],[150.420591,-35.289997],[150.421797,-35.289583],[150.422895,-35.289362],[150.424213,-35.288849],[150.423789,-35.288431],[150.424252,-35.288371],[150.425258,-35.288774],[150.425724,-35.288761],[150.425706,-35.288332],[150.425214,-35.287677],[150.425317,-35.28734],[150.425544,-35.287191],[150.42644,-35.287739],[150.426668,-35.287638],[150.427954,-35.287746],[150.428216,-35.287023],[150.429163,-35.287427],[150.42974,-35.288748],[150.431049,-35.289429],[150.432159,-35.289542],[150.432379,-35.289202],[150.432307,-35.28887],[150.432744,-35.288142],[150.432972,-35.288041],[150.433231,-35.287222],[150.432459,-35.286861],[150.432452,-35.28667],[150.432925,-35.286849],[150.433797,-35.286825],[150.433958,-35.286487],[150.433309,-35.286265],[150.432121,-35.285677],[150.432004,-35.28568],[150.431446,-35.286268],[150.430686,-35.286193],[150.429911,-35.285736],[150.42965,-35.285027],[150.429683,-35.284406],[150.429255,-35.283892],[150.428243,-35.283347],[150.42784,-35.283453],[150.427863,-35.284025],[150.426513,-35.285207],[150.426932,-35.28405],[150.424944,-35.283817],[150.423243,-35.284961],[150.421958,-35.284852],[150.421932,-35.285665],[150.421734,-35.286529],[150.421422,-35.286825],[150.421029,-35.286815],[150.419714,-35.286532],[150.419758,-35.286093],[150.418949,-35.284545],[150.418369,-35.282729],[150.418278,-35.280863],[150.419186,-35.278467],[150.419573,-35.277738],[150.420113,-35.278705],[150.422197,-35.278463],[150.423193,-35.278139],[150.42607,-35.279023],[150.425931,-35.276062],[150.424927,-35.275286],[150.425376,-35.274907],[150.42465,-35.273807],[150.423668,-35.273162],[150.422767,-35.273373],[150.422657,-35.274949],[150.422226,-35.27573],[150.421221,-35.275856],[150.420708,-35.276131],[150.420708,-35.276063],[150.421007,-35.275883],[150.420415,-35.275957],[150.420689,-35.27534],[150.420933,-35.274363],[150.422657,-35.272978],[150.423145,-35.272017],[150.423023,-35.271369],[150.421207,-35.270251],[150.420094,-35.269766],[150.418201,-35.268652],[150.418174,-35.268405],[150.418523,-35.267449],[150.419481,-35.265526],[150.420402,-35.263931],[150.42308,-35.263153],[150.424507,-35.26858],[150.42792,-35.268712],[150.429924,-35.268576],[150.434982,-35.267252],[150.435774,-35.270412],[150.436501,-35.27104],[150.438686,-35.27185],[150.43913,-35.272527],[150.439289,-35.273007],[150.439904,-35.273783],[150.442165,-35.275882],[150.442914,-35.276089],[150.443373,-35.275959],[150.443348,-35.276076],[150.445164,-35.277083],[150.446537,-35.278643],[150.447758,-35.279521],[150.44875,-35.280116],[150.448765,-35.280963],[150.447712,-35.282153],[150.446354,-35.282195],[150.445911,-35.281943],[150.445933,-35.280531],[150.445332,-35.279715],[150.443531,-35.279154],[150.441563,-35.278967],[150.438648,-35.279112],[150.436253,-35.279814],[150.436372,-35.280322],[150.43571,-35.280667],[150.434817,-35.280565],[150.433962,-35.281405],[150.434241,-35.282234],[150.434564,-35.282513],[150.434727,-35.283766],[150.436253,-35.28514],[150.438068,-35.286055],[150.440348,-35.286422],[150.441105,-35.287135],[150.444965,-35.287211],[150.44524,-35.287394],[150.446293,-35.287814],[150.446903,-35.288725],[150.446881,-35.290327],[150.44668,-35.29146],[150.446566,-35.29126],[150.445448,-35.29213],[150.445922,-35.292452],[150.446227,-35.292517],[150.446987,-35.292517],[150.447145,-35.292273],[150.446833,-35.291727],[150.448351,-35.292016],[150.448777,-35.291607],[150.448963,-35.291148],[150.448911,-35.290719],[150.448714,-35.290502],[150.448328,-35.290349],[150.448292,-35.290206],[150.448591,-35.289873],[150.448941,-35.289888],[150.449186,-35.290002],[150.449799,-35.290612],[150.45001,-35.290725],[150.451116,-35.290892],[150.452236,-35.29083],[150.454927,-35.290222],[150.454914,-35.289992],[150.454124,-35.288899],[150.453957,-35.288349],[150.453969,-35.288091],[150.454148,-35.287608],[150.454658,-35.286938],[150.454547,-35.286524],[150.454276,-35.286245],[150.453236,-35.285617],[150.452744,-35.285354],[150.451726,-35.284983],[150.45156,-35.28484],[150.45147,-35.284444],[150.451846,-35.28488],[150.452206,-35.28508],[150.452841,-35.285257],[150.453647,-35.28568],[150.454443,-35.286205],[150.45481,-35.286675],[150.454818,-35.287042],[150.454419,-35.287504],[150.454156,-35.288134],[150.454268,-35.2887],[150.455647,-35.290127],[150.456407,-35.290617],[150.456787,-35.290962],[150.457906,-35.292699],[150.458322,-35.29302],[150.458786,-35.293163],[150.460166,-35.293151],[150.460773,-35.293413],[150.46132,-35.293829],[150.461427,-35.294531],[150.461285,-35.2949],[150.461011,-35.295114],[150.460012,-35.295507],[150.459595,-35.295554],[150.459203,-35.295542],[150.457918,-35.29509],[150.45762,-35.295126],[150.457394,-35.295233],[150.456888,-35.295676],[150.456728,-35.295894],[150.456633,-35.296233],[150.456875,-35.296994],[150.45882,-35.297846],[150.45905,-35.297706],[150.459304,-35.298429],[150.460886,-35.300194],[150.462678,-35.298587],[150.462807,-35.298164],[150.462981,-35.298167],[150.465884,-35.297255],[150.468774,-35.296803],[150.470957,-35.296951],[150.470742,-35.297818],[150.466549,-35.297986],[150.464888,-35.29913],[150.467608,-35.300109],[150.470374,-35.299603],[150.473176,-35.299969],[150.473928,-35.299883],[150.474605,-35.298206],[150.474485,-35.297934],[150.477289,-35.292141],[150.47974,-35.289689],[150.479952,-35.289698],[150.484296,-35.284684],[150.489678,-35.279938],[150.489862,-35.279919],[150.490568,-35.27917],[150.490859,-35.278658],[150.492581,-35.277222],[150.503793,-35.269985],[150.503095,-35.269935],[150.502333,-35.26961],[150.50072,-35.269197],[150.500502,-35.268969],[150.499917,-35.268616],[150.498456,-35.268232],[150.498525,-35.268588],[150.498262,-35.269451],[150.497828,-35.269768],[150.495959,-35.269636],[150.49463,-35.269917],[150.493823,-35.270245],[150.493848,-35.270855],[150.494086,-35.271215],[150.493824,-35.272078],[150.493248,-35.272583],[150.492772,-35.272563],[150.490971,-35.272212],[150.490009,-35.271906],[150.489521,-35.271342],[150.487934,-35.271552],[150.487461,-35.271964],[150.486089,-35.271746],[150.485008,-35.271412],[150.485059,-35.271297],[150.484266,-35.270612],[150.484057,-35.270581],[150.483972,-35.271112],[150.484228,-35.271323],[150.484276,-35.271475],[150.48368,-35.271531],[150.483596,-35.271439],[150.483672,-35.270523],[150.483166,-35.270446],[150.48119,-35.270405],[150.480148,-35.27024],[150.478753,-35.270211],[150.476899,-35.269982],[150.47482,-35.269509],[150.473474,-35.268998],[150.473691,-35.268107],[150.473914,-35.268088],[150.473897,-35.267673],[150.474468,-35.267244],[150.474516,-35.267044],[150.474633,-35.267039],[150.474674,-35.266935],[150.47456,-35.266677],[150.474361,-35.266523],[150.474425,-35.266383],[150.474575,-35.266317],[150.474724,-35.26677],[150.475049,-35.266701],[150.474508,-35.26619],[150.474468,-35.265851],[150.473779,-35.266015],[150.473408,-35.265963],[150.472471,-35.265424],[150.471403,-35.265099],[150.470964,-35.264791],[150.470697,-35.264723],[150.469807,-35.264215],[150.469137,-35.263979],[150.468917,-35.264037],[150.468619,-35.264257],[150.468155,-35.264794],[150.468108,-35.265075],[150.467631,-35.265926],[150.465792,-35.266172],[150.464105,-35.266184],[150.462636,-35.265911],[150.462616,-35.265771],[150.461611,-35.266136],[150.461192,-35.26622],[150.460931,-35.266162],[150.460755,-35.26594],[150.460768,-35.265804],[150.461182,-35.265291],[150.461358,-35.264841],[150.461374,-35.264492],[150.461073,-35.26415],[150.460314,-35.263917],[150.460106,-35.263769],[150.459788,-35.263038],[150.459495,-35.262769],[150.458825,-35.262597],[150.458383,-35.262568],[150.457191,-35.26289],[150.456837,-35.262898],[150.456432,-35.262837],[150.455388,-35.262416],[150.453798,-35.262308],[150.453577,-35.262131],[150.453477,-35.2618],[150.45381,-35.261352],[150.453834,-35.26087],[150.453658,-35.260304],[150.453092,-35.25987],[150.451654,-35.259248],[150.451353,-35.259232],[150.450863,-35.259349],[150.450165,-35.259312],[150.449731,-35.259224],[150.449193,-35.258935],[150.448956,-35.258923],[150.448563,-35.259308],[150.447511,-35.259682],[150.446977,-35.260115],[150.446624,-35.26071],[150.446547,-35.261199],[150.44673,-35.261812],[150.446687,-35.261935],[150.446516,-35.26204],[150.445953,-35.261988],[150.444932,-35.260644],[150.44424,-35.26019],[150.443571,-35.260181],[150.443309,-35.260288],[150.44205,-35.261219],[150.44112,-35.261309],[150.440114,-35.261032],[150.439243,-35.26097],[150.439316,-35.260515],[150.438952,-35.260169],[150.438962,-35.259512],[150.439765,-35.258685],[150.440647,-35.258135],[150.441334,-35.257896],[150.44284,-35.257675],[150.442498,-35.257255],[150.445025,-35.256862],[150.444848,-35.254703],[150.443915,-35.253011],[150.440472,-35.251089],[150.440891,-35.249063],[150.441736,-35.247668],[150.4418,-35.247769],[150.442116,-35.247814],[150.443552,-35.248697],[150.444791,-35.249283],[150.444631,-35.249423],[150.445092,-35.24948],[150.445226,-35.249569],[150.446087,-35.250584],[150.445978,-35.251166],[150.447062,-35.25158],[150.447629,-35.251901],[150.449091,-35.253015],[150.450054,-35.253383],[150.451557,-35.253698],[150.451823,-35.253828],[150.452069,-35.254149],[150.452083,-35.254839],[150.451967,-35.255105],[150.452083,-35.255331],[150.453716,-35.25615],[150.454303,-35.256253],[150.455007,-35.256137],[150.45595,-35.255576],[150.456373,-35.255153],[150.456585,-35.255057],[150.457173,-35.254968],[150.45871,-35.254934],[150.460274,-35.254299],[150.460753,-35.253991],[150.460759,-35.253882],[150.460623,-35.253725],[150.459967,-35.253158],[150.459407,-35.252953],[150.458423,-35.252741],[150.45722,-35.252598],[150.456141,-35.252311],[150.455902,-35.252099],[150.45584,-35.251908],[150.45597,-35.251074],[150.45582,-35.250726],[150.455342,-35.250364],[150.454385,-35.249851],[150.452924,-35.249204],[150.452642,-35.248897],[150.452702,-35.248705],[150.45287,-35.248695],[150.454507,-35.24921],[150.45556,-35.249296],[150.455964,-35.249264],[150.456327,-35.249085],[150.456434,-35.248811],[150.456313,-35.248157],[150.456134,-35.247655],[150.455708,-35.246965],[150.455627,-35.246705],[150.455995,-35.246382],[150.456349,-35.245916],[150.456363,-35.245369],[150.456201,-35.244988],[150.45591,-35.244629],[150.455269,-35.244221],[150.454408,-35.243889],[150.453565,-35.243728],[150.453381,-35.243598],[150.453192,-35.243008],[150.453253,-35.242659],[150.453415,-35.242442],[150.454011,-35.242043],[150.45497,-35.241892],[150.455377,-35.241693],[150.456269,-35.240935],[150.457286,-35.240509],[150.458409,-35.239626],[150.459586,-35.239275],[150.459917,-35.238933],[150.460235,-35.238173],[150.460013,-35.23796],[150.45928,-35.237682],[150.457482,-35.237354],[150.456393,-35.237585],[150.454625,-35.238569],[150.453122,-35.238546],[150.452002,-35.238845],[150.451372,-35.2389],[150.450967,-35.238767],[150.450466,-35.238295],[150.449947,-35.237348],[150.449614,-35.236974],[150.449391,-35.236842],[150.448518,-35.236598],[150.447344,-35.236519],[150.447135,-35.23634],[150.447158,-35.235917],[150.447265,-35.235688],[150.447651,-35.235334],[150.447888,-35.235257],[150.446857,-35.233931],[150.444492,-35.231875],[150.444188,-35.23143],[150.444495,-35.230995],[150.44403,-35.229627],[150.444038,-35.228694],[150.443621,-35.227362],[150.443573,-35.226603],[150.444851,-35.226725],[150.447247,-35.225752],[150.446589,-35.225376],[150.445855,-35.225391],[150.445367,-35.225114],[150.445124,-35.224786],[150.445125,-35.224626],[150.445266,-35.224483],[150.44556,-35.224473],[150.446104,-35.224659],[150.446224,-35.224533],[150.446245,-35.224361],[150.446093,-35.223902],[150.444689,-35.222952],[150.444127,-35.222822],[150.443387,-35.223004],[150.442909,-35.223357],[150.442683,-35.223815],[150.442536,-35.223946],[150.442438,-35.223802],[150.442524,-35.223487],[150.443073,-35.22286],[150.443459,-35.222615],[150.444033,-35.222491],[150.444173,-35.222389],[150.444175,-35.222148],[150.443897,-35.221803],[150.443604,-35.221699],[150.443429,-35.221784],[150.442059,-35.222856],[150.441604,-35.223026],[150.441078,-35.223367],[150.440549,-35.22411],[150.44042,-35.224636],[150.440522,-35.225169],[150.440068,-35.225444],[150.440159,-35.225778],[150.441749,-35.226378],[150.441139,-35.22784],[150.440556,-35.227888],[150.437898,-35.227772],[150.435762,-35.227574],[150.435628,-35.228536],[150.435304,-35.228686],[150.431398,-35.224408],[150.432301,-35.224384],[150.433364,-35.225901],[150.4344,-35.226209],[150.435618,-35.226307],[150.435896,-35.226145],[150.436131,-35.226557],[150.43755,-35.22678],[150.438302,-35.226274],[150.438256,-35.225119],[150.438618,-35.223952],[150.438764,-35.223053],[150.438036,-35.223035],[150.437177,-35.22429],[150.436529,-35.224009],[150.43623,-35.223619],[150.43598,-35.225161],[150.435167,-35.224007],[150.433572,-35.223527],[150.434458,-35.221117],[150.432912,-35.219832],[150.43313,-35.218547],[150.432289,-35.219307],[150.431776,-35.218876],[150.430251,-35.218615],[150.427911,-35.218809],[150.426236,-35.218754],[150.426256,-35.218027],[150.427249,-35.214311],[150.425953,-35.212176],[150.425309,-35.21091],[150.425341,-35.210786],[150.427987,-35.209349],[150.429386,-35.204966],[150.429659,-35.203683],[150.429571,-35.201504],[150.430895,-35.196294],[150.437107,-35.197028],[150.437809,-35.197653],[150.438374,-35.198386],[150.438786,-35.199217],[150.439137,-35.201006],[150.439106,-35.20286],[150.437931,-35.208842],[150.43755,-35.211154],[150.437395,-35.212637],[150.437656,-35.212791],[150.437824,-35.215365],[150.439045,-35.217379],[150.441425,-35.218672],[150.442616,-35.218649],[150.44364,-35.216809],[150.443359,-35.216425],[150.442286,-35.215474],[150.441788,-35.214826],[150.442256,-35.215063],[150.443534,-35.216243],[150.444982,-35.218047],[150.446005,-35.217321],[150.446035,-35.21707],[150.446161,-35.21721],[150.448199,-35.215764],[150.449342,-35.216866],[150.451297,-35.217086],[150.452794,-35.215687],[150.454806,-35.216385],[150.455067,-35.218343],[150.449533,-35.219227],[150.450065,-35.219645],[150.450275,-35.220185],[150.450379,-35.222843],[150.449981,-35.225189],[150.449872,-35.226324],[150.450019,-35.227223],[150.450452,-35.228541],[150.450823,-35.230015],[150.45132,-35.232737],[150.451067,-35.233527],[150.450856,-35.233755],[150.45021,-35.234182],[150.449906,-35.234725],[150.449415,-35.235112],[150.449188,-35.235627],[150.449186,-35.235867],[150.449373,-35.236229],[150.450126,-35.236661],[150.450868,-35.237724],[150.451704,-35.238254],[150.452263,-35.238314],[150.45309,-35.23803],[150.452271,-35.237961],[150.451581,-35.237796],[150.451162,-35.237586],[150.450781,-35.237194],[150.450698,-35.237012],[150.450505,-35.236383],[150.450549,-35.235969],[150.450014,-35.235737],[150.449936,-35.235665],[150.449931,-35.23545],[150.450008,-35.235069],[150.450969,-35.234605],[150.451758,-35.234351],[150.451951,-35.234026],[150.452051,-35.233402],[150.452012,-35.232811],[150.452437,-35.231989],[150.452481,-35.231691],[150.452299,-35.231183],[150.452327,-35.230708],[150.452183,-35.229676],[150.451813,-35.2293],[150.451659,-35.228704],[150.451499,-35.228423],[150.451476,-35.22739],[150.451626,-35.227164],[150.452481,-35.226949],[150.453132,-35.226916],[150.453541,-35.22712],[150.453972,-35.227639],[150.454248,-35.228655],[150.45433,-35.22871],[150.454446,-35.228721],[150.454695,-35.228428],[150.454845,-35.227835],[150.455154,-35.228022],[150.455093,-35.228412],[150.454713,-35.229199],[150.454798,-35.229697],[150.454536,-35.230767],[150.454767,-35.231468],[150.454851,-35.232297],[150.455077,-35.232692],[150.454988,-35.233807],[150.455101,-35.234179],[150.455355,-35.234334],[150.456536,-35.234353],[150.457477,-35.234494],[150.458009,-35.234452],[150.458616,-35.234584],[150.458993,-35.23457],[150.459397,-35.234762],[150.459713,-35.234711],[150.459906,-35.234311],[150.460343,-35.234231],[150.460691,-35.234447],[150.461934,-35.235657],[150.462277,-35.235807],[150.462597,-35.235788],[150.46287,-35.23561],[150.463176,-35.235106],[150.46377,-35.235085],[150.464098,-35.235367],[150.464152,-35.235534],[150.464115,-35.236631],[150.464249,-35.236994],[150.465278,-35.23774],[150.465398,-35.238003],[150.465283,-35.238471],[150.464836,-35.239257],[150.464841,-35.239858],[150.464716,-35.240137],[150.464214,-35.240535],[150.463299,-35.240917],[150.462687,-35.241271],[150.46225,-35.241693],[150.462175,-35.242091],[150.462593,-35.243096],[150.462513,-35.243638],[150.461777,-35.244269],[150.461066,-35.245199],[150.460037,-35.245841],[150.459679,-35.246194],[150.45946,-35.246537],[150.459311,-35.246945],[150.459301,-35.247477],[150.45948,-35.247934],[150.459734,-35.248237],[150.460305,-35.248561],[150.460688,-35.248576],[150.460857,-35.248496],[150.461479,-35.247666],[150.461887,-35.247288],[150.462245,-35.247133],[150.463791,-35.246089],[150.464488,-35.245706],[150.464816,-35.245622],[150.465214,-35.245662],[150.465557,-35.246199],[150.46587,-35.246373],[150.466228,-35.246363],[150.467118,-35.246114],[150.467262,-35.245761],[150.467481,-35.245576],[150.467824,-35.245721],[150.468177,-35.246144],[150.468471,-35.246318],[150.468879,-35.246417],[150.469316,-35.246393],[150.469709,-35.246129],[150.470132,-35.245363],[150.470306,-35.244528],[150.470353,-35.243496],[150.470574,-35.243513],[150.470639,-35.243598],[150.470748,-35.244339],[150.471012,-35.245005],[150.471126,-35.245204],[150.471559,-35.245577],[150.471743,-35.245671],[150.472161,-35.245711],[150.472658,-35.245622],[150.472967,-35.245438],[150.47318,-35.245676],[150.473449,-35.245806],[150.473508,-35.246109],[150.473419,-35.246258],[150.472006,-35.246751],[150.471673,-35.246969],[150.471743,-35.247362],[150.471887,-35.247526],[150.471668,-35.247725],[150.471052,-35.2478],[150.47049,-35.247626],[150.470022,-35.247695],[150.469247,-35.247949],[150.467969,-35.247894],[150.467725,-35.247949],[150.467163,-35.248392],[150.466969,-35.248461],[150.466572,-35.248358],[150.466008,-35.248072],[150.465157,-35.248012],[150.464795,-35.248201],[150.464609,-35.248467],[150.46438,-35.249487],[150.46415,-35.249849],[150.463971,-35.249902],[150.46322,-35.249597],[150.46277,-35.249593],[150.462396,-35.249769],[150.462183,-35.250063],[150.461999,-35.250424],[150.46191,-35.2513],[150.462135,-35.251798],[150.462376,-35.252063],[150.463007,-35.252436],[150.463557,-35.252637],[150.464633,-35.252713],[150.465312,-35.253011],[150.466127,-35.253079],[150.466344,-35.253195],[150.466392,-35.253625],[150.466147,-35.253989],[150.466188,-35.254822],[150.465826,-35.255416],[150.46524,-35.255774],[150.463975,-35.256208],[150.463331,-35.256531],[150.463412,-35.256746],[150.464388,-35.25724],[150.464882,-35.257674],[150.465376,-35.257967],[150.466063,-35.258172],[150.466489,-35.258143],[150.468308,-35.257163],[150.468489,-35.256914],[150.468622,-35.256529],[150.468614,-35.255834],[150.468762,-35.255621],[150.468986,-35.255627],[150.469489,-35.255926],[150.47021,-35.256121],[150.46994,-35.256753],[150.470062,-35.257604],[150.470349,-35.258135],[150.470982,-35.25872],[150.471306,-35.258938],[150.472168,-35.259294],[150.472694,-35.259406],[150.473194,-35.259374],[150.473976,-35.260065],[150.475055,-35.260549],[150.475039,-35.260655],[150.475709,-35.260585],[150.476582,-35.260912],[150.477043,-35.261227],[150.47731,-35.261615],[150.477589,-35.262064],[150.477639,-35.262474],[150.478293,-35.262756],[150.478942,-35.263697],[150.4805,-35.264867],[150.480622,-35.264877],[150.480806,-35.264654],[150.481377,-35.264346],[150.481989,-35.264096],[150.482403,-35.264069],[150.483212,-35.264154],[150.483594,-35.264319],[150.483791,-35.264473],[150.484307,-35.26526],[150.48452,-35.265361],[150.48478,-35.265367],[150.485211,-35.265101],[150.485875,-35.264899],[150.487625,-35.26483],[150.488736,-35.264675],[150.490543,-35.264162],[150.491501,-35.2638],[150.491902,-35.263549],[150.492277,-35.263167],[150.492477,-35.262731],[150.492785,-35.262341],[150.492776,-35.262069],[150.491026,-35.260727],[150.49069,-35.260582],[150.490155,-35.260627],[150.490029,-35.26053],[150.48979,-35.260507],[150.488553,-35.259827],[150.488259,-35.259529],[150.48818,-35.258987],[150.488259,-35.258744],[150.488463,-35.258536],[150.488922,-35.258292],[150.489377,-35.258198],[150.489805,-35.257892],[150.490858,-35.257727],[150.491662,-35.257896],[150.492012,-35.257876],[150.492267,-35.257786],[150.492644,-35.257354],[150.49266,-35.25689],[150.492398,-35.256416],[150.490837,-35.255749],[150.490666,-35.255635],[150.490647,-35.255488],[150.490799,-35.254993],[150.492079,-35.254312],[150.492441,-35.253827],[150.492451,-35.252813],[150.492612,-35.25229],[150.492698,-35.251262],[150.493074,-35.250348],[150.492987,-35.249675],[150.493094,-35.249155],[150.4936,-35.248944],[150.49396,-35.248916],[150.494397,-35.24902],[150.494697,-35.249282],[150.494806,-35.249744],[150.494811,-35.2505],[150.494602,-35.251157],[150.494525,-35.251719],[150.494502,-35.252204],[150.494673,-35.25288],[150.494473,-35.253418],[150.494468,-35.253941],[150.494564,-35.254298],[150.494963,-35.25456],[150.495249,-35.254622],[150.495715,-35.254569],[150.496001,-35.254308],[150.496277,-35.253946],[150.496567,-35.253365],[150.497043,-35.252908],[150.497376,-35.252156],[150.4977,-35.251728],[150.498314,-35.251281],[150.498547,-35.251224],[150.499089,-35.250895],[150.499298,-35.250735],[150.499533,-35.250371],[150.499819,-35.250206],[150.500896,-35.249923],[150.501491,-35.249875],[150.502012,-35.250241],[150.500774,-35.251231],[150.500063,-35.252086],[150.500002,-35.252206],[150.500169,-35.252572],[150.500137,-35.252743],[150.499678,-35.252877],[150.499377,-35.253132],[150.499155,-35.253461],[150.498789,-35.254433],[150.498752,-35.254632],[150.498831,-35.254942],[150.498998,-35.255118],[150.499526,-35.255364],[150.499725,-35.255637],[150.499837,-35.256023],[150.49978,-35.256239],[150.498488,-35.256804],[150.498012,-35.257146],[150.497632,-35.257808],[150.497155,-35.259466],[150.496581,-35.260378],[150.496431,-35.260818],[150.496214,-35.261008],[150.495869,-35.261117],[150.494909,-35.261275],[150.494566,-35.26166],[150.494737,-35.261868],[150.494619,-35.262513],[150.494714,-35.262838],[150.494989,-35.263286],[150.49537,-35.263569],[150.496798,-35.264193],[150.497211,-35.264323],[150.497502,-35.264323],[150.498187,-35.264766],[150.499676,-35.264897],[150.500309,-35.265219],[150.501134,-35.265159],[150.502412,-35.265481],[150.503046,-35.26539],[150.504235,-35.264843],[150.505155,-35.264755],[150.505635,-35.264894],[150.505988,-35.265587],[150.506517,-35.265928],[150.506566,-35.266077],[150.507058,-35.266157],[150.508232,-35.266822],[150.50865,-35.267211],[150.508623,-35.267456],[150.515783,-35.264529],[150.517365,-35.260547],[150.518334,-35.259327],[150.521497,-35.258404],[150.524636,-35.256885],[150.525774,-35.256256],[150.526189,-35.255315],[150.528742,-35.252836],[150.529584,-35.251838],[150.532911,-35.249375],[150.535197,-35.248357],[150.538839,-35.248494],[150.540763,-35.249276],[150.542788,-35.248981],[150.543916,-35.248114],[150.544042,-35.247633],[150.543872,-35.247041],[150.541798,-35.246144],[150.541613,-35.245195],[150.541569,-35.244122],[150.540386,-35.243677],[150.53998,-35.244405],[150.538837,-35.244914],[150.537379,-35.244835],[150.536788,-35.244613],[150.53532,-35.244295],[150.534303,-35.244324],[150.532825,-35.243768],[150.531163,-35.242262],[150.530188,-35.239783],[150.530404,-35.237987],[150.53038,-35.237391],[150.530796,-35.236902],[150.531188,-35.235817],[150.530432,-35.235122],[150.530237,-35.233934],[150.530634,-35.232968],[150.531248,-35.230206],[150.531216,-35.229436],[150.531441,-35.229093],[150.531384,-35.229047],[150.532319,-35.228978],[150.532637,-35.228206],[150.533854,-35.226692],[150.535597,-35.225211],[150.535397,-35.223899],[150.535636,-35.223758],[150.535616,-35.223272],[150.536072,-35.22262],[150.537387,-35.222058],[150.538277,-35.221079],[150.539702,-35.220371],[150.540309,-35.219793],[150.540459,-35.219517],[150.540783,-35.219313],[150.540766,-35.218945],[150.540232,-35.218663],[150.539798,-35.218568],[150.539691,-35.218377],[150.539499,-35.218276],[150.539406,-35.217138],[150.539493,-35.216758],[150.547308,-35.210394],[150.548013,-35.210046],[150.547753,-35.209591],[150.547586,-35.209504],[150.547414,-35.209615],[150.547162,-35.209645],[150.54695,-35.209514],[150.546782,-35.208929],[150.546782,-35.208414],[150.54656,-35.20768],[150.546631,-35.206652],[150.546224,-35.206316],[150.546224,-35.206121],[150.546117,-35.205914],[150.545372,-35.205802],[150.544077,-35.205982],[150.542838,-35.206409],[150.541325,-35.206655],[150.541342,-35.207041],[150.540731,-35.207362],[150.540422,-35.207774],[150.540397,-35.208192],[150.540519,-35.208417],[150.540461,-35.208591],[150.540184,-35.208796],[150.539593,-35.208912],[150.539445,-35.209111],[150.539316,-35.209111],[150.539252,-35.209021],[150.539355,-35.208867],[150.54003,-35.208661],[150.54012,-35.20852],[150.540165,-35.20778],[150.540564,-35.207118],[150.540924,-35.206919],[150.540963,-35.206672],[150.540198,-35.206655],[150.538823,-35.206437],[150.537682,-35.206115],[150.537117,-35.206115],[150.536167,-35.206405],[150.535313,-35.206501],[150.533454,-35.207024],[150.533027,-35.207231],[150.532283,-35.207851],[150.531952,-35.207878],[150.53136,-35.207782],[150.530644,-35.207548],[150.529529,-35.206997],[150.528646,-35.206418],[150.528279,-35.206028],[150.52742,-35.206039],[150.527754,-35.205682],[150.527875,-35.205774],[150.527619,-35.205208],[150.527369,-35.204985],[150.5275,-35.204643],[150.527339,-35.203884],[150.52717,-35.203635],[150.526594,-35.203469],[150.525264,-35.203291],[150.522914,-35.202704],[150.522249,-35.202626],[150.520763,-35.202615],[150.519732,-35.202804],[150.519156,-35.202815],[150.518568,-35.202648],[150.518458,-35.20236],[150.518543,-35.202224],[150.518679,-35.202261],[150.518901,-35.202549],[150.519461,-35.20259],[150.520714,-35.202301],[150.522803,-35.202371],[150.526359,-35.202964],[150.527071,-35.203177],[150.527377,-35.203325],[150.527534,-35.203538],[150.527913,-35.204372],[150.528174,-35.204222],[150.528348,-35.204567],[150.528512,-35.204571],[150.529314,-35.205904],[150.529517,-35.206011],[150.529097,-35.206017],[150.529359,-35.206242],[150.530573,-35.206896],[150.532031,-35.207363],[150.532451,-35.207237],[150.533031,-35.206625],[150.534657,-35.205944],[150.533039,-35.205965],[150.533239,-35.205841],[150.537512,-35.204831],[150.537819,-35.205242],[150.539583,-35.20554],[150.54136,-35.20541],[150.54257,-35.20479],[150.543508,-35.204499],[150.544805,-35.20459],[150.545163,-35.20483],[150.545422,-35.204845],[150.545595,-35.203586],[150.545923,-35.202778],[150.546482,-35.202098],[150.548079,-35.202158],[150.549803,-35.202442],[150.553102,-35.201859],[150.5537,-35.200463],[150.553248,-35.199804],[150.552881,-35.200289],[150.551719,-35.200013],[150.551755,-35.198531],[150.551417,-35.197606],[150.551719,-35.196851],[150.551601,-35.196174],[150.551954,-35.19589],[150.551761,-35.195465],[150.551451,-35.194997],[150.551389,-35.195004],[150.551635,-35.194287],[150.548225,-35.191483],[150.547451,-35.189129],[150.547445,-35.188646],[150.5463,-35.187306],[150.544951,-35.18597],[150.544372,-35.185891],[150.543756,-35.185539],[150.543199,-35.1851],[150.542519,-35.184802],[150.542358,-35.184507],[150.541556,-35.18385],[150.541029,-35.183076],[150.540958,-35.182337],[150.541081,-35.18165],[150.541451,-35.180876],[150.542295,-35.179644],[150.542436,-35.179187],[150.542295,-35.17792],[150.542383,-35.177621],[150.54219,-35.177375],[150.542155,-35.176636],[150.541961,-35.175967],[150.542102,-35.175369],[150.542383,-35.174682],[150.542885,-35.174257],[150.543103,-35.173614],[150.543941,-35.173359],[150.54399,-35.17303],[150.54098,-35.173101],[150.540085,-35.173289],[150.539689,-35.173232],[150.538815,-35.172901],[150.538398,-35.172947],[150.537829,-35.173641],[150.537619,-35.173694],[150.536904,-35.173568],[150.536149,-35.173219],[150.534926,-35.172899],[150.534664,-35.172801],[150.534418,-35.17253],[150.5345,-35.172497],[150.53474,-35.172716],[150.536403,-35.17317],[150.537109,-35.173514],[150.53733,-35.173547],[150.537658,-35.173498],[150.538172,-35.172889],[150.538562,-35.172727],[150.539067,-35.172742],[150.539666,-35.173013],[150.539961,-35.173022],[150.541545,-35.172878],[150.543767,-35.172829],[150.544231,-35.172677],[150.544743,-35.172677],[150.544806,-35.172612],[150.545073,-35.17267],[150.54534,-35.172201],[150.545504,-35.171466],[150.545057,-35.170805],[150.54489,-35.16981],[150.545013,-35.169802],[150.54497,-35.169922],[150.545073,-35.170025],[150.545154,-35.170467],[150.545453,-35.170395],[150.545551,-35.170453],[150.54521,-35.170535],[150.545197,-35.170681],[150.545741,-35.171391],[150.546079,-35.171427],[150.546428,-35.171329],[150.546512,-35.171218],[150.546416,-35.17089],[150.546634,-35.171179],[150.546654,-35.171346],[150.546197,-35.171526],[150.54576,-35.171552],[150.545683,-35.171661],[150.545651,-35.17222],[150.545339,-35.172793],[150.546104,-35.173053],[150.549015,-35.173163],[150.550329,-35.173985],[150.550713,-35.174834],[150.549947,-35.176001],[150.550475,-35.177514],[150.550664,-35.17744],[150.550625,-35.178731],[150.551576,-35.18015],[150.554058,-35.179822],[150.55456,-35.179841],[150.555032,-35.179967],[150.557043,-35.179914],[150.556378,-35.178636],[150.557035,-35.178198],[150.557754,-35.177457],[150.558134,-35.177348],[150.558524,-35.177059],[150.558414,-35.175281],[150.558199,-35.17365],[150.559033,-35.172258],[150.562959,-35.171382],[150.565551,-35.171496],[150.566878,-35.172361],[150.56783,-35.172177],[150.568361,-35.171947],[150.568649,-35.171738],[150.568613,-35.170894],[150.568978,-35.170426],[150.569162,-35.170249],[150.570825,-35.169557],[150.570829,-35.169228],[150.570514,-35.168793],[150.570054,-35.168401],[150.570526,-35.16836],[150.571183,-35.167941],[150.57198,-35.166983],[150.572225,-35.166174],[150.571985,-35.165436],[150.571919,-35.165541],[150.571693,-35.165454],[150.572081,-35.164944],[150.572067,-35.164808],[150.571974,-35.164675],[150.57149,-35.164566],[150.56688,-35.163829],[150.565087,-35.163641],[150.561971,-35.163578],[150.561561,-35.163093],[150.557523,-35.163811],[150.556023,-35.163544],[150.556282,-35.163316],[150.555402,-35.161717],[150.555323,-35.159809],[150.553454,-35.156806],[150.557043,-35.157421],[150.55707,-35.156517],[150.556952,-35.154856],[150.553861,-35.153359],[150.55064,-35.152532],[150.549645,-35.150856],[150.549364,-35.150796],[150.548849,-35.149487],[150.550026,-35.145373],[150.547606,-35.145396],[150.546249,-35.143707],[150.54616,-35.142259],[150.545307,-35.141375],[150.542426,-35.142111],[150.539909,-35.14094],[150.537659,-35.137133],[150.535738,-35.137733],[150.533018,-35.135994],[150.53269,-35.135354],[150.532714,-35.134544],[150.533541,-35.134084],[150.535874,-35.133749],[150.536587,-35.133191],[150.537015,-35.132485],[150.537785,-35.131976],[150.539065,-35.131906],[150.539817,-35.132179],[150.540556,-35.134991],[150.540543,-35.135083],[150.540301,-35.1352],[150.540225,-35.135364],[150.539782,-35.135671],[150.540232,-35.135867],[150.540765,-35.136374],[150.540852,-35.136158],[150.541285,-35.135733],[150.541342,-35.135094],[150.541618,-35.134501],[150.542685,-35.1333],[150.543133,-35.132945],[150.545556,-35.133648],[150.546392,-35.133657],[150.546619,-35.133576],[150.546923,-35.133257],[150.548412,-35.133907],[150.548876,-35.132962],[150.550355,-35.132038],[150.550761,-35.130615],[150.551989,-35.130819],[150.553664,-35.130738],[150.552958,-35.133096],[150.550968,-35.136719],[150.550586,-35.137856],[150.551341,-35.138215],[150.551867,-35.136966],[150.552655,-35.136238],[150.554504,-35.132669],[150.555696,-35.132407],[150.557155,-35.132551],[150.55847,-35.132864],[150.558726,-35.133613],[150.557628,-35.135365],[150.556954,-35.136954],[150.556362,-35.138087],[150.556542,-35.139064],[150.557533,-35.138569],[150.558533,-35.13773],[150.559658,-35.13741],[150.561263,-35.139674],[150.562394,-35.139125],[150.564143,-35.138907],[150.564604,-35.139662],[150.566356,-35.141784],[150.568029,-35.141638],[150.570466,-35.140256],[150.570375,-35.139952],[150.571626,-35.139441],[150.572314,-35.138872],[150.572562,-35.138908],[150.572871,-35.139027],[150.573175,-35.139269],[150.572917,-35.139237],[150.572548,-35.139353],[150.572103,-35.13976],[150.572766,-35.140219],[150.572718,-35.140503],[150.57312,-35.140845],[150.573403,-35.141306],[150.573766,-35.141668],[150.574272,-35.142634],[150.575237,-35.143722],[150.575432,-35.14409],[150.57535,-35.144231],[150.574281,-35.144831],[150.574503,-35.145179],[150.574623,-35.145248],[150.575741,-35.145261],[150.576809,-35.145849],[150.578587,-35.14649],[150.579936,-35.146656],[150.580919,-35.146637],[150.586043,-35.148668],[150.586401,-35.144894],[150.586109,-35.144797],[150.588943,-35.143034],[150.588747,-35.142839],[150.588398,-35.142717],[150.587945,-35.142324],[150.587155,-35.141487],[150.586598,-35.140691],[150.586024,-35.140158],[150.58562,-35.139525],[150.585303,-35.137385],[150.585228,-35.137143],[150.584819,-35.136733],[150.585139,-35.136506],[150.584902,-35.136221],[150.58499,-35.136084],[150.584902,-35.135938],[150.585007,-35.135681],[150.585218,-35.135544],[150.585302,-35.135365],[150.585302,-35.134979],[150.586122,-35.134161],[150.586384,-35.134083],[150.586714,-35.134105],[150.586978,-35.133927],[150.58749,-35.133757],[150.588048,-35.133373],[150.588344,-35.13309],[150.588378,-35.132958],[150.588255,-35.132604],[150.588036,-35.132453],[150.589514,-35.131872],[150.591253,-35.131623],[150.59389,-35.132188],[150.594076,-35.132105],[150.595902,-35.129347],[150.596058,-35.126852],[150.595046,-35.12494],[150.592862,-35.12513],[150.589099,-35.124628],[150.588874,-35.124325],[150.588904,-35.124113],[150.588995,-35.12409],[150.589446,-35.124302],[150.589713,-35.124193],[150.589677,-35.123877],[150.589222,-35.123483],[150.588708,-35.123177],[150.588423,-35.123113],[150.587992,-35.122636],[150.587297,-35.122466],[150.586935,-35.122197],[150.586651,-35.122208],[150.586534,-35.122243],[150.586501,-35.122395],[150.586386,-35.122454],[150.585866,-35.122454],[150.585856,-35.122581],[150.585667,-35.122834],[150.584923,-35.123356],[150.584745,-35.123628],[150.584458,-35.123752],[150.584615,-35.123944],[150.584486,-35.124089],[150.584045,-35.124218],[150.583579,-35.124771],[150.581763,-35.126117],[150.580663,-35.126645],[150.578978,-35.127115],[150.577929,-35.127875],[150.576532,-35.128106],[150.574782,-35.12883],[150.571099,-35.129756],[150.569673,-35.13042],[150.568859,-35.130634],[150.568231,-35.130584],[150.567091,-35.130349],[150.566303,-35.130417],[150.563588,-35.130388],[150.562013,-35.129447],[150.562168,-35.129454],[150.563627,-35.130242],[150.564055,-35.130261],[150.565057,-35.130174],[150.56604,-35.130232],[150.566896,-35.130164],[150.568795,-35.130455],[150.569552,-35.130271],[150.570415,-35.129813],[150.570833,-35.128883],[150.571996,-35.127869],[150.572289,-35.127477],[150.572629,-35.127238],[150.57345,-35.125893],[150.573604,-35.12563],[150.57378,-35.124127],[150.57209,-35.122376],[150.57004,-35.121857],[150.568072,-35.121608],[150.56692,-35.120498],[150.565131,-35.119775],[150.564339,-35.120617],[150.563607,-35.121805],[150.561865,-35.121827],[150.560275,-35.121394],[150.556829,-35.12247],[150.555087,-35.122492],[150.553409,-35.122687],[150.551464,-35.122476],[150.550406,-35.122912],[150.548936,-35.123169],[150.547312,-35.122818],[150.546059,-35.122942],[150.545278,-35.122872],[150.544741,-35.12262],[150.544166,-35.122154],[150.543966,-35.121551],[150.543919,-35.120941],[150.543753,-35.120255],[150.543755,-35.12015],[150.543909,-35.12008],[150.543839,-35.119112],[150.543096,-35.118808],[150.541739,-35.118747],[150.54121,-35.118559],[150.540967,-35.118589],[150.541222,-35.118468],[150.543368,-35.118653],[150.543426,-35.118436],[150.544386,-35.118144],[150.544499,-35.117912],[150.543711,-35.117749],[150.542075,-35.117804],[150.541101,-35.117536],[150.540215,-35.117475],[150.538855,-35.117066],[150.537112,-35.116092],[150.536179,-35.115898],[150.535901,-35.115906],[150.53541,-35.116225],[150.534921,-35.116337],[150.534387,-35.116332],[150.53284,-35.116111],[150.530515,-35.116539],[150.529692,-35.116526],[150.533012,-35.115996],[150.53455,-35.11616],[150.534992,-35.116094],[150.535606,-35.115816],[150.536052,-35.115779],[150.537461,-35.116092],[150.538374,-35.116669],[150.539264,-35.117078],[150.541992,-35.117486],[150.542257,-35.117583],[150.543123,-35.117448],[150.543303,-35.117282],[150.543266,-35.117198],[150.543062,-35.117126],[150.542377,-35.117042],[150.541819,-35.116552],[150.541773,-35.116374],[150.542013,-35.116165],[150.542373,-35.116105],[150.543591,-35.116549],[150.543738,-35.116676],[150.543514,-35.115741],[150.545871,-35.117421],[150.546941,-35.117988],[150.547944,-35.118366],[150.551309,-35.117532],[150.551496,-35.116807],[150.552867,-35.115594],[150.554703,-35.116347],[150.556468,-35.11691],[150.557318,-35.115347],[150.557826,-35.112862],[150.558834,-35.112001],[150.562528,-35.112635],[150.563734,-35.112008],[150.567609,-35.111833],[150.566235,-35.110722],[150.564915,-35.109286],[150.56461,-35.106244],[150.563339,-35.10603],[150.562426,-35.106601],[150.560673,-35.107135],[150.55963,-35.107579],[150.557294,-35.107951],[150.556184,-35.1083],[150.555219,-35.108729],[150.554519,-35.109246],[150.553087,-35.110502],[150.552722,-35.110688],[150.55179,-35.110879],[150.548825,-35.11049],[150.547337,-35.110452],[150.546551,-35.11034],[150.545921,-35.110117],[150.545478,-35.109742],[150.544859,-35.108881],[150.54461,-35.108383],[150.543576,-35.10749],[150.543118,-35.107694],[150.54287,-35.107723],[150.542527,-35.107933],[150.542198,-35.108334],[150.542444,-35.108426],[150.542245,-35.108846],[150.541609,-35.109436],[150.541305,-35.109609],[150.541051,-35.110056],[150.540744,-35.110257],[150.540233,-35.110303],[150.539833,-35.110154],[150.539122,-35.110042],[150.53816,-35.109734],[150.537635,-35.109663],[150.537192,-35.1094],[150.536747,-35.109456],[150.536477,-35.10933],[150.535648,-35.109179],[150.534377,-35.109304],[150.533992,-35.109448],[150.533801,-35.109426],[150.53379,-35.109568],[150.533112,-35.109586],[150.532629,-35.109714],[150.531738,-35.110083],[150.531077,-35.110961],[150.530748,-35.111136],[150.530251,-35.111555],[150.529921,-35.111575],[150.529712,-35.111686],[150.528607,-35.111946],[150.52559,-35.113176],[150.524552,-35.113258],[150.523759,-35.112175],[150.523976,-35.111622],[150.523946,-35.111343],[150.523534,-35.110843],[150.523042,-35.110554],[150.523376,-35.109954],[150.524608,-35.109651],[150.525994,-35.10944],[150.528178,-35.108291],[150.528539,-35.108061],[150.529257,-35.107153],[150.529638,-35.106789],[150.530086,-35.106482],[150.530449,-35.105879],[150.532044,-35.105663],[150.533439,-35.105681],[150.534124,-35.105311],[150.534058,-35.106144],[150.534437,-35.105856],[150.534579,-35.105642],[150.53556,-35.105192],[150.535744,-35.105184],[150.535923,-35.105296],[150.53631,-35.105371],[150.536671,-35.105238],[150.536591,-35.105097],[150.535819,-35.104952],[150.535866,-35.104279],[150.536073,-35.104109],[150.536262,-35.104066],[150.539465,-35.104544],[150.539834,-35.103973],[150.540131,-35.102859],[150.541195,-35.102592],[150.543565,-35.102712],[150.544414,-35.103741],[150.544709,-35.10603],[150.544192,-35.106725],[150.5442,-35.107061],[150.544277,-35.107195],[150.544421,-35.107206]],[[150.538392,-35.064855],[150.538448,-35.064845],[150.538434,-35.064866],[150.538392,-35.064855]],[[150.241311,-35.094947],[150.24132,-35.094912],[150.241359,-35.094911],[150.241311,-35.094947]],[[150.5701,-35.023956],[150.570213,-35.023802],[150.570104,-35.023987],[150.5701,-35.023956]],[[150.43532,-35.259959],[150.435375,-35.25988],[150.435374,-35.259981],[150.43532,-35.259959]],[[150.298436,-35.526591],[150.298541,-35.526659],[150.298476,-35.5267],[150.298436,-35.526591]],[[150.00543,-35.450892],[150.005521,-35.450667],[150.005475,-35.450928],[150.00543,-35.450892]],[[150.43957,-35.253619],[150.439756,-35.253646],[150.439753,-35.25372],[150.43957,-35.253619]],[[150.361469,-35.523574],[150.361672,-35.52285],[150.361487,-35.523587],[150.361469,-35.523574]],[[150.103146,-34.811157],[150.10363,-34.811266],[150.103169,-34.811227],[150.103146,-34.811157]],[[150.463149,-35.297039],[150.463485,-35.296967],[150.463112,-35.297159],[150.463149,-35.297039]],[[150.540609,-35.133154],[150.540325,-35.132797],[150.540635,-35.133109],[150.540718,-35.133453],[150.540609,-35.133154]],[[150.540513,-35.134523],[150.540422,-35.13411],[150.540539,-35.133933],[150.540444,-35.134076],[150.540583,-35.134799],[150.540513,-35.134523]],[[150.540305,-35.132677],[150.540389,-35.132182],[150.540449,-35.132325],[150.540317,-35.132773],[150.540305,-35.132677]],[[150.377664,-35.281008],[150.378636,-35.281053],[150.377967,-35.281095],[150.377664,-35.281008]],[[150.545495,-35.151289],[150.545568,-35.151163],[150.545768,-35.151183],[150.545753,-35.151355],[150.54567,-35.151423],[150.545505,-35.151387],[150.545495,-35.151289]],[[150.454582,-34.870083],[150.45463,-34.870176],[150.454466,-34.870294],[150.454229,-34.870255],[150.45428,-34.870145],[150.454582,-34.870083]],[[150.517823,-35.131258],[150.517817,-35.131204],[150.517987,-35.131204],[150.518232,-35.131282],[150.518014,-35.131442],[150.517823,-35.131258]],[[150.514933,-35.133707],[150.515009,-35.133453],[150.515075,-35.133394],[150.51521,-35.133436],[150.515105,-35.133784],[150.514933,-35.133707]],[[150.536546,-35.122237],[150.536808,-35.122089],[150.536904,-35.12227],[150.536647,-35.122433],[150.536546,-35.122237]],[[150.547336,-34.925164],[150.547379,-34.925079],[150.547541,-34.92504],[150.547657,-34.925194],[150.54764,-34.925297],[150.547375,-34.925267],[150.547336,-34.925164]],[[150.49637,-35.222854],[150.496552,-35.223046],[150.496101,-35.222935],[150.496146,-35.222848],[150.49637,-35.222854]],[[150.522922,-35.134034],[150.523125,-35.133994],[150.522868,-35.134331],[150.522763,-35.134146],[150.522922,-35.134034]],[[150.486572,-35.086664],[150.486776,-35.086536],[150.4869,-35.086597],[150.486916,-35.086695],[150.486672,-35.086778],[150.486572,-35.086664]],[[150.545517,-35.049333],[150.545557,-35.049136],[150.545752,-35.049118],[150.545781,-35.049331],[150.545617,-35.049402],[150.545517,-35.049333]],[[150.560934,-35.138955],[150.561212,-35.138726],[150.561323,-35.138764],[150.561351,-35.138884],[150.561061,-35.139039],[150.560934,-35.138955]],[[150.22729,-35.076037],[150.227303,-35.076173],[150.227186,-35.07624],[150.226936,-35.076227],[150.226992,-35.076037],[150.22729,-35.076037]],[[150.521548,-35.132848],[150.52165,-35.132721],[150.521824,-35.132891],[150.521824,-35.13304],[150.521646,-35.133073],[150.521548,-35.132848]],[[150.425309,-35.373654],[150.425595,-35.373859],[150.425527,-35.373895],[150.42511,-35.373715],[150.42521,-35.373631],[150.425309,-35.373654]],[[150.537313,-35.129062],[150.537581,-35.128926],[150.53771,-35.129136],[150.537432,-35.129242],[150.537313,-35.129062]],[[150.530615,-35.114455],[150.530626,-35.114344],[150.530957,-35.114344],[150.530932,-35.114559],[150.530685,-35.114573],[150.530615,-35.114455]],[[150.520449,-35.127253],[150.520512,-35.127313],[150.520485,-35.127454],[150.520257,-35.127505],[150.520182,-35.127418],[150.520215,-35.127316],[150.520449,-35.127253]],[[150.57005,-35.052307],[150.570015,-35.052258],[150.570113,-35.052202],[150.570714,-35.052124],[150.570758,-35.052213],[150.57005,-35.052307]],[[150.42116,-35.242659],[150.421078,-35.242827],[150.420876,-35.242842],[150.420822,-35.242779],[150.420828,-35.242682],[150.421099,-35.242554],[150.42116,-35.242659]],[[150.549889,-35.113683],[150.55014,-35.113656],[150.550144,-35.113872],[150.549872,-35.113907],[150.549889,-35.113683]],[[150.320274,-35.607587],[150.320512,-35.607451],[150.32065,-35.607493],[150.320497,-35.607753],[150.320274,-35.607587]],[[150.517118,-35.135114],[150.517303,-35.135121],[150.517466,-35.135355],[150.517417,-35.135459],[150.517334,-35.135451],[150.517118,-35.135114]],[[150.525597,-35.12762],[150.525832,-35.127452],[150.52601,-35.127537],[150.525747,-35.12774],[150.525597,-35.12762]],[[150.521863,-34.926238],[150.521972,-34.925883],[150.522128,-34.925868],[150.522054,-34.926312],[150.521863,-34.926238]],[[150.420304,-35.246427],[150.420318,-35.246593],[150.420156,-35.246638],[150.419993,-35.246487],[150.420064,-35.246361],[150.420304,-35.246427]],[[150.53571,-35.139656],[150.535787,-35.139618],[150.536196,-35.139852],[150.536171,-35.139933],[150.53608,-35.139958],[150.535712,-35.13973],[150.53571,-35.139656]],[[150.570485,-35.051268],[150.570567,-35.051415],[150.570178,-35.051457],[150.57016,-35.051328],[150.57026,-35.051244],[150.570485,-35.051268]],[[150.278721,-35.563277],[150.27896,-35.563217],[150.279067,-35.563348],[150.278889,-35.563494],[150.278779,-35.563466],[150.278721,-35.563277]],[[150.567736,-34.985288],[150.567734,-34.985498],[150.567506,-34.985511],[150.567463,-34.98542],[150.567543,-34.985265],[150.567736,-34.985288]],[[150.538724,-35.140323],[150.538811,-35.140188],[150.538916,-35.140188],[150.53902,-35.140231],[150.539049,-35.140369],[150.538811,-35.140479],[150.538724,-35.140323]],[[150.427489,-35.243636],[150.42761,-35.243807],[150.427145,-35.243852],[150.427352,-35.243641],[150.427489,-35.243636]],[[150.512849,-35.069483],[150.512989,-35.06923],[150.513107,-35.069225],[150.513133,-35.069581],[150.512849,-35.069483]],[[150.513496,-35.13022],[150.513647,-35.130007],[150.513916,-35.130108],[150.513751,-35.130327],[150.513496,-35.13022]],[[150.494991,-35.099335],[150.494951,-35.099133],[150.495133,-35.099081],[150.495292,-35.099191],[150.495283,-35.099312],[150.495145,-35.099381],[150.494991,-35.099335]],[[150.516808,-35.134297],[150.516755,-35.134479],[150.516562,-35.13451],[150.516489,-35.134233],[150.516808,-35.134297]],[[150.444505,-35.273103],[150.444712,-35.27305],[150.444813,-35.273393],[150.444579,-35.273391],[150.444505,-35.273103]],[[150.512975,-35.12756],[150.513058,-35.12721],[150.513247,-35.127249],[150.513214,-35.127577],[150.512975,-35.12756]],[[150.528677,-35.13667],[150.528974,-35.136592],[150.528911,-35.136953],[150.528654,-35.136759],[150.528677,-35.13667]],[[150.430804,-35.252466],[150.430971,-35.25263],[150.430893,-35.252703],[150.430635,-35.252672],[150.430606,-35.252507],[150.430804,-35.252466]],[[150.531478,-34.919685],[150.531587,-34.919406],[150.53185,-34.919591],[150.531688,-34.919773],[150.531478,-34.919685]],[[150.487422,-35.225333],[150.487487,-35.225098],[150.487674,-35.225031],[150.487701,-35.225256],[150.487485,-35.225376],[150.487422,-35.225333]],[[150.416017,-35.245415],[150.416034,-35.245333],[150.416238,-35.245258],[150.416422,-35.245366],[150.416323,-35.245479],[150.416039,-35.245479],[150.416017,-35.245415]],[[150.528171,-35.129794],[150.528414,-35.129826],[150.528462,-35.129932],[150.528407,-35.130015],[150.528207,-35.130066],[150.52812,-35.130001],[150.528171,-35.129794]],[[150.528407,-35.133409],[150.528528,-35.133326],[150.528691,-35.13336],[150.528757,-35.13354],[150.528632,-35.133617],[150.528521,-35.133582],[150.528414,-35.13352],[150.528407,-35.133409]],[[150.489733,-35.100549],[150.489839,-35.100584],[150.489797,-35.100855],[150.489661,-35.100884],[150.489567,-35.100844],[150.489567,-35.100747],[150.489623,-35.100527],[150.489733,-35.100549]],[[150.547531,-35.153176],[150.547673,-35.153351],[150.547581,-35.153467],[150.54729,-35.153444],[150.547254,-35.153394],[150.547531,-35.153176]],[[150.543115,-35.047141],[150.543136,-35.047263],[150.542919,-35.047239],[150.542781,-35.047169],[150.542789,-35.047006],[150.543013,-35.046957],[150.543115,-35.047141]],[[150.465113,-34.902494],[150.465116,-34.902299],[150.46532,-34.902259],[150.465413,-34.902336],[150.465444,-34.902506],[150.465369,-34.902549],[150.465113,-34.902494]],[[150.4231,-35.245985],[150.42334,-35.245974],[150.423477,-35.246102],[150.423191,-35.246228],[150.423114,-35.246185],[150.4231,-35.245985]],[[150.529418,-34.979219],[150.529414,-34.979141],[150.529734,-34.97905],[150.52968,-34.979397],[150.529418,-34.979219]],[[150.545475,-35.124426],[150.545586,-35.124017],[150.545658,-35.12494],[150.545475,-35.124426]],[[150.43835,-34.874877],[150.438369,-34.874961],[150.438246,-34.875034],[150.437859,-34.875031],[150.437859,-34.874971],[150.438144,-34.874845],[150.43835,-34.874877]],[[150.535364,-35.046164],[150.535626,-35.046043],[150.535742,-35.046314],[150.535502,-35.046408],[150.535364,-35.046164]],[[150.511451,-35.108163],[150.511538,-35.107982],[150.511837,-35.108043],[150.511683,-35.108269],[150.511511,-35.10826],[150.511451,-35.108163]],[[150.534141,-35.078003],[150.534147,-35.077857],[150.534349,-35.077829],[150.534448,-35.077969],[150.534349,-35.078155],[150.534246,-35.078164],[150.534141,-35.078003]],[[150.545673,-35.067229],[150.545965,-35.066984],[150.546113,-35.067093],[150.545956,-35.067342],[150.545673,-35.067229]],[[150.539074,-34.922476],[150.539098,-34.922338],[150.539295,-34.922342],[150.539248,-34.922717],[150.539143,-34.922661],[150.539074,-34.922476]],[[150.226507,-35.083859],[150.22661,-35.084045],[150.226405,-35.084102],[150.22625,-35.084041],[150.226281,-35.08385],[150.226507,-35.083859]],[[150.514404,-35.134137],[150.514428,-35.134018],[150.514541,-35.133956],[150.514724,-35.133988],[150.514654,-35.134307],[150.514468,-35.134244],[150.514404,-35.134137]],[[150.516619,-35.12067],[150.516824,-35.120542],[150.51699,-35.120754],[150.516904,-35.120851],[150.516747,-35.120834],[150.516619,-35.12067]],[[150.56679,-35.052762],[150.566937,-35.052636],[150.567094,-35.052651],[150.567151,-35.05288],[150.567061,-35.052952],[150.56679,-35.052762]],[[150.524763,-35.13094],[150.524863,-35.130873],[150.525019,-35.130904],[150.525102,-35.131065],[150.525002,-35.131171],[150.524855,-35.131182],[150.524763,-35.13094]],[[150.55261,-35.050525],[150.552644,-35.050383],[150.553115,-35.05048],[150.553135,-35.050584],[150.553026,-35.050656],[150.55261,-35.050525]],[[150.50421,-34.910962],[150.504265,-34.911046],[150.504075,-34.911148],[150.503931,-34.911148],[150.503811,-34.911013],[150.503913,-34.910893],[150.50421,-34.910962]],[[150.37665,-35.533984],[150.376989,-35.533914],[150.376919,-35.534212],[150.376514,-35.534043],[150.37665,-35.533984]],[[150.419441,-35.245938],[150.419605,-35.245771],[150.419805,-35.245985],[150.419564,-35.246122],[150.419441,-35.245938]],[[150.448219,-35.238809],[150.448383,-35.238701],[150.448566,-35.238794],[150.448573,-35.238878],[150.44843,-35.239007],[150.44828,-35.238986],[150.448219,-35.238809]],[[150.13063,-35.567389],[150.130644,-35.567234],[150.130784,-35.567079],[150.130911,-35.567359],[150.130729,-35.567566],[150.13063,-35.567389]],[[150.463942,-35.23353],[150.464096,-35.233385],[150.464268,-35.233396],[150.464321,-35.233489],[150.464278,-35.233652],[150.463958,-35.233607],[150.463942,-35.23353]],[[150.525096,-34.977006],[150.524998,-34.976858],[150.525125,-34.976714],[150.525403,-34.976865],[150.525361,-34.977045],[150.525096,-34.977006]],[[150.541893,-35.050032],[150.541908,-35.049847],[150.542133,-35.049788],[150.542259,-35.050028],[150.541959,-35.050139],[150.541893,-35.050032]],[[150.53766,-35.091875],[150.537705,-35.091636],[150.538029,-35.091666],[150.538002,-35.091927],[150.53766,-35.091875]],[[150.429666,-35.234244],[150.429692,-35.234187],[150.429989,-35.234288],[150.429955,-35.2344],[150.429715,-35.234539],[150.429634,-35.234429],[150.429666,-35.234244]],[[150.541704,-35.051177],[150.541996,-35.050922],[150.542118,-35.051166],[150.541797,-35.051295],[150.541704,-35.051177]],[[150.532293,-35.077281],[150.532504,-35.077191],[150.532606,-35.077293],[150.532588,-35.077538],[150.532352,-35.077504],[150.532293,-35.077281]],[[150.533345,-35.131681],[150.533464,-35.131555],[150.533621,-35.131525],[150.533745,-35.131636],[150.533407,-35.131906],[150.533324,-35.131838],[150.533345,-35.131681]],[[150.539746,-34.980818],[150.539763,-34.980916],[150.539529,-34.981004],[150.539385,-34.980868],[150.539418,-34.980677],[150.539504,-34.980632],[150.539746,-34.980818]],[[150.488263,-35.220418],[150.488481,-35.220519],[150.488447,-35.220748],[150.488181,-35.22075],[150.488263,-35.220418]],[[150.514714,-35.126721],[150.514692,-35.126627],[150.515108,-35.126388],[150.515214,-35.126438],[150.515092,-35.126665],[150.514714,-35.126721]],[[150.489207,-35.10081],[150.489127,-35.100751],[150.489213,-35.100422],[150.489414,-35.100454],[150.489359,-35.100788],[150.489207,-35.10081]],[[150.538081,-35.128342],[150.538375,-35.128277],[150.538462,-35.128468],[150.538117,-35.128558],[150.538081,-35.128342]],[[150.545959,-34.919799],[150.546023,-34.91967],[150.546375,-34.919727],[150.546298,-34.919903],[150.546121,-34.91995],[150.545987,-34.919905],[150.545959,-34.919799]],[[150.381876,-35.315255],[150.381883,-35.315122],[150.381996,-35.315056],[150.382199,-35.31506],[150.382265,-35.315137],[150.382156,-35.315325],[150.381987,-35.31534],[150.381876,-35.315255]],[[150.12331,-35.569104],[150.123508,-35.568753],[150.123792,-35.568907],[150.123305,-35.569175],[150.12331,-35.569104]],[[150.52208,-35.096885],[150.522087,-35.096624],[150.522529,-35.096834],[150.522192,-35.096962],[150.52208,-35.096885]],[[150.538205,-35.170082],[150.53871,-35.170003],[150.538763,-35.17017],[150.538254,-35.170264],[150.538205,-35.170082]],[[150.481918,-35.116454],[150.482035,-35.116405],[150.48228,-35.116488],[150.48222,-35.116679],[150.482054,-35.116762],[150.481903,-35.116619],[150.481918,-35.116454]],[[150.439934,-35.251825],[150.440206,-35.251746],[150.440522,-35.251818],[150.439975,-35.251991],[150.439934,-35.251825]],[[150.488532,-35.099798],[150.488578,-35.099476],[150.488671,-35.099438],[150.488804,-35.099515],[150.488745,-35.099835],[150.488532,-35.099798]],[[150.444663,-35.268134],[150.444757,-35.268325],[150.444362,-35.268379],[150.444387,-35.268152],[150.444663,-35.268134]],[[150.527372,-35.130777],[150.527501,-35.130705],[150.527639,-35.130772],[150.527666,-35.130885],[150.527402,-35.131076],[150.527251,-35.130985],[150.527372,-35.130777]],[[150.482421,-35.080574],[150.482494,-35.080315],[150.482717,-35.080372],[150.482712,-35.080673],[150.482504,-35.080746],[150.482421,-35.080574]],[[150.455093,-35.216503],[150.455306,-35.216606],[150.45528,-35.216666],[150.454905,-35.216666],[150.454845,-35.216569],[150.454877,-35.216353],[150.454979,-35.216341],[150.455093,-35.216503]],[[150.427188,-35.234127],[150.427197,-35.234317],[150.427118,-35.234368],[150.426755,-35.23407],[150.426904,-35.233943],[150.427188,-35.234127]],[[150.520736,-35.132449],[150.520598,-35.132246],[150.520725,-35.13213],[150.521087,-35.132464],[150.520953,-35.132558],[150.520736,-35.132449]],[[150.513057,-35.130715],[150.512948,-35.130312],[150.513276,-35.13038],[150.513123,-35.130727],[150.513057,-35.130715]],[[150.49506,-35.096016],[150.495258,-35.096198],[150.494958,-35.096246],[150.494649,-35.0961],[150.49476,-35.096007],[150.49506,-35.096016]],[[150.520942,-35.130861],[150.521258,-35.130629],[150.521363,-35.130944],[150.521127,-35.131024],[150.520942,-35.130861]],[[150.42992,-35.233782],[150.430044,-35.233701],[150.430247,-35.233796],[150.430056,-35.234097],[150.42992,-35.234083],[150.42992,-35.233782]],[[150.54108,-35.066042],[150.541189,-35.065999],[150.541324,-35.066073],[150.541486,-35.066287],[150.541411,-35.066387],[150.541172,-35.066343],[150.54108,-35.066042]],[[150.4861,-35.222131],[150.486105,-35.221984],[150.486287,-35.221918],[150.486571,-35.222123],[150.486282,-35.222199],[150.4861,-35.222131]],[[150.533844,-34.980947],[150.533949,-34.980807],[150.534269,-34.980765],[150.534235,-34.98102],[150.533844,-34.981061],[150.533844,-34.980947]],[[150.386977,-35.320225],[150.386997,-35.320021],[150.387115,-35.319907],[150.387403,-35.319946],[150.387222,-35.320222],[150.386977,-35.320225]],[[150.51439,-35.070656],[150.514555,-35.070583],[150.514855,-35.070689],[150.514661,-35.070745],[150.514695,-35.070896],[150.514405,-35.070921],[150.51439,-35.070656]],[[150.525013,-35.132537],[150.525227,-35.132398],[150.525344,-35.132412],[150.525441,-35.132681],[150.525241,-35.132773],[150.525013,-35.132537]],[[150.55885,-35.048858],[150.558898,-35.04907],[150.558603,-35.049174],[150.55849,-35.049118],[150.558586,-35.04891],[150.55885,-35.048858]],[[150.537224,-35.125635],[150.537514,-35.125537],[150.537582,-35.12588],[150.53732,-35.125969],[150.537224,-35.125635]],[[150.516761,-35.259543],[150.517006,-35.259594],[150.517392,-35.259822],[150.517497,-35.259897],[150.517497,-35.259998],[150.517338,-35.260005],[150.516761,-35.259543]],[[150.527025,-35.129647],[150.52744,-35.129551],[150.527514,-35.129767],[150.52706,-35.129873],[150.527025,-35.129647]],[[150.527504,-35.136405],[150.527773,-35.136364],[150.527862,-35.136418],[150.52778,-35.136715],[150.527581,-35.136778],[150.527504,-35.136405]],[[150.486951,-34.890123],[150.487005,-34.89002],[150.48756,-34.890088],[150.487491,-34.890291],[150.486951,-34.890123]],[[150.531664,-34.915987],[150.531786,-34.916057],[150.531859,-34.916246],[150.531567,-34.916372],[150.531491,-34.916123],[150.531529,-34.916027],[150.531664,-34.915987]],[[150.482572,-35.083023],[150.482888,-35.082779],[150.48307,-35.083002],[150.482758,-35.0832],[150.482572,-35.083023]],[[150.231834,-35.052222],[150.231874,-35.052455],[150.231612,-35.052636],[150.231498,-35.052562],[150.231614,-35.05228],[150.231834,-35.052222]],[[150.420878,-35.246312],[150.420988,-35.246413],[150.420895,-35.246748],[150.420669,-35.246678],[150.420647,-35.246579],[150.420878,-35.246312]],[[150.514905,-35.252635],[150.515006,-35.252451],[150.515268,-35.252494],[150.515191,-35.252782],[150.514923,-35.252766],[150.514905,-35.252635]],[[150.519244,-34.923656],[150.519512,-34.92357],[150.519573,-34.923692],[150.519442,-34.923954],[150.519304,-34.923983],[150.519244,-34.923656]],[[150.415274,-34.9411],[150.415319,-34.941179],[150.415209,-34.941317],[150.414932,-34.941362],[150.414882,-34.941286],[150.41491,-34.941097],[150.415158,-34.941043],[150.415274,-34.9411]],[[150.513086,-35.126999],[150.513175,-35.126854],[150.513503,-35.126849],[150.513564,-35.126921],[150.513408,-35.127138],[150.513114,-35.127077],[150.513086,-35.126999]],[[150.48906,-35.09933],[150.489069,-35.098979],[150.489348,-35.098994],[150.489287,-35.09936],[150.48906,-35.09933]],[[150.533651,-35.084519],[150.533695,-35.084411],[150.534177,-35.084329],[150.534115,-35.084572],[150.533695,-35.084612],[150.533651,-35.084519]],[[150.534328,-35.131841],[150.534587,-35.131827],[150.534258,-35.132292],[150.534126,-35.132065],[150.534328,-35.131841]],[[150.489355,-35.100056],[150.489416,-35.099746],[150.489639,-35.099752],[150.489687,-35.099838],[150.489626,-35.100102],[150.489355,-35.100056]],[[150.50116,-35.056504],[150.501418,-35.056915],[150.501176,-35.05703],[150.500983,-35.056221],[150.50116,-35.056504]],[[150.536719,-34.979995],[150.536995,-34.979847],[150.537126,-34.979873],[150.537217,-34.98003],[150.536907,-34.980231],[150.536719,-34.979995]],[[150.480295,-35.089993],[150.480322,-35.09047],[150.480217,-35.09047],[150.480044,-35.089871],[150.480095,-35.08982],[150.480295,-35.089993]],[[150.530329,-35.130357],[150.530391,-35.130266],[150.530623,-35.130259],[150.530714,-35.130331],[150.530703,-35.130455],[150.530638,-35.130538],[150.530358,-35.130604],[150.530278,-35.130502],[150.530329,-35.130357]],[[150.524976,-34.91581],[150.5252,-34.915756],[150.525334,-34.916112],[150.525,-34.916131],[150.524976,-34.91581]],[[150.525405,-35.087514],[150.525472,-35.087636],[150.525435,-35.087738],[150.525118,-35.087693],[150.525016,-35.087591],[150.525057,-35.087424],[150.525232,-35.087384],[150.525405,-35.087514]],[[150.530921,-34.979556],[150.530517,-34.979333],[150.530527,-34.979276],[150.531023,-34.979212],[150.531154,-34.979259],[150.530921,-34.979556]],[[150.482398,-35.091056],[150.482964,-35.091236],[150.482893,-35.091385],[150.482307,-35.091137],[150.482104,-35.090988],[150.482134,-35.09088],[150.482398,-35.091056]],[[150.488523,-35.099188],[150.488573,-35.098872],[150.488863,-35.098926],[150.488823,-35.09924],[150.488723,-35.099286],[150.488523,-35.099188]],[[150.488808,-35.10078],[150.488667,-35.100701],[150.488708,-35.100551],[150.488804,-35.100331],[150.488934,-35.100344],[150.489032,-35.100389],[150.489002,-35.10061],[150.4889,-35.100772],[150.488808,-35.10078]],[[150.381147,-35.314688],[150.381211,-35.31459],[150.381431,-35.314515],[150.381479,-35.314684],[150.38172,-35.314799],[150.38113,-35.314887],[150.381147,-35.314688]],[[150.528457,-35.076025],[150.528626,-35.075889],[150.528986,-35.076225],[150.528826,-35.076318],[150.52864,-35.076273],[150.528457,-35.076025]],[[150.391298,-35.313814],[150.391286,-35.313677],[150.391416,-35.31362],[150.39173,-35.313696],[150.391619,-35.313928],[150.391473,-35.31393],[150.391298,-35.313814]],[[150.414512,-35.240749],[150.414544,-35.241034],[150.414225,-35.241126],[150.414228,-35.240795],[150.414413,-35.240712],[150.414512,-35.240749]],[[150.538409,-35.130869],[150.538653,-35.130658],[150.538829,-35.130723],[150.538839,-35.130835],[150.538684,-35.131086],[150.538414,-35.131002],[150.538409,-35.130869]],[[150.438536,-35.25439],[150.438594,-35.254273],[150.438776,-35.254241],[150.438939,-35.254642],[150.438688,-35.254636],[150.438536,-35.25439]],[[150.481643,-35.082478],[150.481835,-35.082229],[150.482151,-35.082406],[150.481996,-35.082639],[150.481643,-35.082478]],[[150.554857,-34.928852],[150.555163,-34.928431],[150.555391,-34.92861],[150.554985,-34.928872],[150.554857,-34.928852]],[[150.55396,-35.075855],[150.554053,-35.07581],[150.554223,-35.075944],[150.554353,-35.076105],[150.554359,-35.076266],[150.55405,-35.0763],[150.55396,-35.075855]],[[150.526721,-35.132356],[150.52689,-35.132537],[150.526729,-35.132787],[150.526468,-35.132642],[150.526554,-35.132392],[150.526721,-35.132356]],[[150.425216,-35.308177],[150.425549,-35.307949],[150.425709,-35.307954],[150.425646,-35.308231],[150.425474,-35.308303],[150.425216,-35.308177]],[[150.53741,-35.048416],[150.537462,-35.04851],[150.537368,-35.048652],[150.537256,-35.048677],[150.537016,-35.048643],[150.536939,-35.048519],[150.536999,-35.048381],[150.53741,-35.048416]],[[150.365476,-35.327378],[150.365739,-35.327299],[150.365785,-35.327439],[150.365395,-35.32756],[150.364787,-35.32754],[150.364812,-35.327436],[150.365288,-35.327451],[150.365476,-35.327378]],[[150.487705,-35.224413],[150.487784,-35.224616],[150.487648,-35.22469],[150.487323,-35.224661],[150.487282,-35.224584],[150.487429,-35.224399],[150.487705,-35.224413]],[[150.54675,-34.933481],[150.546844,-34.933224],[150.547007,-34.933224],[150.547239,-34.933425],[150.547032,-34.933597],[150.54675,-34.933481]],[[150.447586,-35.21531],[150.447626,-35.215186],[150.448042,-35.215161],[150.447934,-35.215409],[150.447788,-35.215515],[150.447614,-35.215478],[150.447586,-35.21531]],[[150.53444,-35.138176],[150.534562,-35.138178],[150.534732,-35.138531],[150.534508,-35.13856],[150.534288,-35.138415],[150.534338,-35.138209],[150.53444,-35.138176]],[[150.545459,-35.045541],[150.545199,-35.045556],[150.545143,-35.045434],[150.545225,-35.045267],[150.545414,-35.045171],[150.545616,-35.045333],[150.545576,-35.045493],[150.545459,-35.045541]],[[150.422453,-35.242905],[150.42265,-35.243041],[150.422392,-35.243153],[150.42202,-35.243135],[150.42208,-35.242926],[150.422453,-35.242905]],[[150.121902,-35.572873],[150.122113,-35.572786],[150.122492,-35.572791],[150.122303,-35.572986],[150.121749,-35.57313],[150.121902,-35.572873]],[[150.498438,-35.222124],[150.498628,-35.221826],[150.498998,-35.221868],[150.498613,-35.222287],[150.498438,-35.222124]],[[150.538225,-34.925244],[150.538436,-34.925495],[150.538434,-34.925586],[150.538007,-34.925549],[150.53805,-34.925255],[150.538136,-34.925188],[150.538225,-34.925244]],[[150.422985,-35.215438],[150.423131,-35.215114],[150.423275,-35.21501],[150.423484,-35.215142],[150.423463,-35.215265],[150.42334,-35.215341],[150.423089,-35.215483],[150.422985,-35.215438]],[[150.533845,-34.932704],[150.534005,-34.932391],[150.53426,-34.932412],[150.534157,-34.932778],[150.534051,-34.932839],[150.533859,-34.932807],[150.533845,-34.932704]],[[150.253005,-35.629958],[150.253137,-35.629887],[150.253018,-35.6302],[150.252802,-35.630358],[150.252626,-35.630364],[150.252564,-35.6302],[150.253005,-35.629958]],[[150.562259,-35.018577],[150.562635,-35.018356],[150.562824,-35.018632],[150.56247,-35.018791],[150.562259,-35.018577]],[[150.422092,-35.262453],[150.421836,-35.262377],[150.42187,-35.262102],[150.422123,-35.262283],[150.422428,-35.262278],[150.422425,-35.262377],[150.42231,-35.26244],[150.422092,-35.262453]],[[150.488942,-35.099975],[150.48885,-35.099871],[150.488933,-35.099583],[150.489222,-35.099602],[150.489163,-35.099966],[150.488942,-35.099975]],[[150.505481,-35.247726],[150.505559,-35.24741],[150.505661,-35.247402],[150.505904,-35.247679],[150.505679,-35.247849],[150.505481,-35.247726]],[[150.434303,-35.303916],[150.434574,-35.3039],[150.43465,-35.303996],[150.434462,-35.304507],[150.434354,-35.304373],[150.434303,-35.303916]],[[150.253162,-35.624772],[150.253221,-35.62453],[150.253443,-35.624403],[150.253493,-35.624451],[150.253411,-35.624949],[150.253281,-35.624969],[150.253162,-35.624772]],[[150.22543,-35.080448],[150.225886,-35.080632],[150.225317,-35.080692],[150.225001,-35.080523],[150.225215,-35.080357],[150.22543,-35.080448]],[[150.478364,-35.287865],[150.47859,-35.288104],[150.478892,-35.288246],[150.478836,-35.288321],[150.478612,-35.288293],[150.478134,-35.287923],[150.478154,-35.287837],[150.478364,-35.287865]],[[150.547573,-35.052285],[150.547492,-35.052599],[150.547036,-35.052478],[150.547019,-35.052364],[150.547143,-35.052288],[150.547573,-35.052285]],[[150.539122,-34.923966],[150.539144,-34.92383],[150.539262,-34.923745],[150.539416,-34.923741],[150.53963,-34.92388],[150.53958,-34.924006],[150.539449,-34.924065],[150.539198,-34.924058],[150.539122,-34.923966]],[[150.529944,-35.137365],[150.529953,-35.137146],[150.530268,-35.136965],[150.530354,-35.137113],[150.530268,-35.137422],[150.529944,-35.137365]],[[150.432717,-35.300674],[150.433025,-35.300848],[150.43315,-35.30105],[150.432494,-35.300975],[150.43267,-35.300642],[150.432717,-35.300674]],[[150.531031,-35.046562],[150.53116,-35.046266],[150.531609,-35.046389],[150.531494,-35.046662],[150.531031,-35.046562]],[[150.446857,-35.210695],[150.446734,-35.210596],[150.446833,-35.210396],[150.446949,-35.210398],[150.447294,-35.210676],[150.447382,-35.210902],[150.447167,-35.210756],[150.446857,-35.210695]],[[150.484001,-35.220396],[150.484028,-35.220317],[150.484436,-35.220159],[150.484543,-35.220325],[150.484526,-35.220462],[150.484325,-35.220537],[150.484031,-35.220505],[150.484001,-35.220396]],[[150.227072,-35.084338],[150.227253,-35.084338],[150.227225,-35.084552],[150.227091,-35.084579],[150.227035,-35.084698],[150.226905,-35.084665],[150.226765,-35.084389],[150.226897,-35.084223],[150.227083,-35.084225],[150.227072,-35.084338]],[[150.428803,-35.264511],[150.42882,-35.264333],[150.428992,-35.264291],[150.429259,-35.264538],[150.429237,-35.264657],[150.428906,-35.264736],[150.428803,-35.264511]],[[150.074894,-35.574865],[150.074744,-35.574759],[150.074676,-35.574578],[150.074867,-35.574375],[150.075179,-35.574822],[150.075084,-35.574906],[150.074894,-35.574865]],[[150.239435,-35.092059],[150.239285,-35.092377],[150.239069,-35.092538],[150.238884,-35.092222],[150.239408,-35.092014],[150.239435,-35.092059]],[[150.372289,-35.368808],[150.372057,-35.368808],[150.37191,-35.368723],[150.372042,-35.368562],[150.372462,-35.368458],[150.372533,-35.368618],[150.372289,-35.368808]],[[150.537532,-34.980231],[150.537414,-34.980577],[150.537029,-34.980262],[150.537331,-34.980056],[150.537532,-34.980231]],[[150.367943,-35.493052],[150.368135,-35.492948],[150.368677,-35.4929],[150.369068,-35.492916],[150.369156,-35.492996],[150.367943,-35.493052]],[[150.428279,-35.236415],[150.428617,-35.236435],[150.428728,-35.236506],[150.428772,-35.236721],[150.428387,-35.236772],[150.428279,-35.236415]],[[150.477859,-35.118836],[150.477872,-35.118761],[150.478029,-35.118742],[150.478502,-35.118776],[150.478582,-35.118849],[150.478462,-35.11904],[150.478316,-35.119046],[150.477917,-35.118941],[150.477859,-35.118836]],[[150.375487,-35.534645],[150.375724,-35.534588],[150.376038,-35.534684],[150.375917,-35.535027],[150.375526,-35.534852],[150.375487,-35.534645]],[[150.538175,-35.170185],[150.538221,-35.170264],[150.538087,-35.170388],[150.537456,-35.170478],[150.537701,-35.17023],[150.538175,-35.170185]],[[150.534899,-34.919604],[150.535007,-34.919487],[150.53536,-34.919577],[150.535409,-34.919656],[150.535228,-34.919847],[150.535246,-34.919917],[150.535099,-34.919954],[150.53497,-34.919862],[150.534899,-34.919604]],[[150.094412,-35.576344],[150.094233,-35.576169],[150.094184,-35.57592],[150.094343,-35.575756],[150.094498,-35.575933],[150.094473,-35.576197],[150.094609,-35.576306],[150.094466,-35.576468],[150.094412,-35.576344]],[[150.509061,-35.098544],[150.509599,-35.098275],[150.509626,-35.09864],[150.509174,-35.098748],[150.509061,-35.098544]],[[150.434575,-35.257998],[150.435095,-35.257659],[150.435295,-35.257967],[150.434645,-35.258078],[150.434575,-35.257998]],[[150.533162,-35.064625],[150.533273,-35.064209],[150.533392,-35.06406],[150.533511,-35.064073],[150.533608,-35.06446],[150.533184,-35.064682],[150.533162,-35.064625]],[[150.533313,-34.980055],[150.533376,-34.980224],[150.533217,-34.980215],[150.532721,-34.979991],[150.532642,-34.979832],[150.533041,-34.979847],[150.533249,-34.979943],[150.533313,-34.980055]],[[150.54977,-35.047886],[150.549937,-35.047994],[150.549908,-35.048129],[150.54967,-35.048336],[150.549511,-35.048281],[150.549433,-35.048069],[150.549511,-35.04793],[150.54977,-35.047886]],[[150.480896,-35.077798],[150.480941,-35.077687],[150.480778,-35.077663],[150.480759,-35.077545],[150.480967,-35.077255],[150.481252,-35.0773],[150.481004,-35.077824],[150.480896,-35.077798]],[[150.54665,-34.926507],[150.546724,-34.926306],[150.546793,-34.926317],[150.5469,-34.926512],[150.547365,-34.926914],[150.547019,-34.926874],[150.54665,-34.926507]],[[150.54486,-34.925347],[150.545019,-34.925417],[150.545055,-34.925557],[150.544671,-34.926002],[150.54466,-34.925529],[150.544772,-34.925325],[150.54486,-34.925347]],[[150.38419,-35.329283],[150.384229,-35.329207],[150.384435,-35.32924],[150.384783,-35.329444],[150.384789,-35.329546],[150.384493,-35.329715],[150.38419,-35.329283]],[[150.262365,-35.569344],[150.263121,-35.56926],[150.263117,-35.569372],[150.262988,-35.569501],[150.262413,-35.569621],[150.262365,-35.569344]],[[150.552564,-35.071197],[150.55289,-35.071028],[150.553062,-35.07131],[150.55284,-35.071401],[150.552771,-35.071614],[150.552699,-35.071611],[150.552467,-35.071435],[150.552564,-35.071197]],[[150.433762,-35.304006],[150.433778,-35.304461],[150.433435,-35.304485],[150.433403,-35.304191],[150.433514,-35.303994],[150.433762,-35.304006]],[[150.477469,-35.245101],[150.477482,-35.244994],[150.478049,-35.244826],[150.478167,-35.244897],[150.478142,-35.245122],[150.477668,-35.245209],[150.477469,-35.245101]],[[150.108025,-35.569911],[150.108397,-35.570036],[150.107899,-35.570168],[150.107604,-35.570375],[150.107513,-35.570152],[150.107723,-35.569951],[150.108025,-35.569911]],[[150.282375,-35.560658],[150.283181,-35.56068],[150.283187,-35.560815],[150.282413,-35.560991],[150.282375,-35.560658]],[[150.534968,-35.132791],[150.534852,-35.132845],[150.534744,-35.132578],[150.535062,-35.132292],[150.535354,-35.132211],[150.535157,-35.132616],[150.534968,-35.132791]],[[150.375571,-35.542181],[150.375578,-35.541896],[150.375814,-35.541746],[150.376014,-35.542039],[150.375907,-35.54231],[150.375678,-35.542367],[150.375571,-35.542181]],[[150.478524,-34.993141],[150.478623,-34.993308],[150.478353,-34.993901],[150.478196,-34.993773],[150.478177,-34.993568],[150.478524,-34.993141]],[[150.488247,-35.100561],[150.488451,-35.100066],[150.488692,-35.100028],[150.488526,-35.100655],[150.488339,-35.100677],[150.488247,-35.100561]],[[150.144773,-35.566834],[150.145437,-35.566904],[150.145435,-35.567006],[150.145213,-35.56731],[150.14483,-35.566973],[150.144773,-35.566834]],[[150.550844,-34.924463],[150.551026,-34.924386],[150.551284,-34.924499],[150.551386,-34.924629],[150.551069,-34.924885],[150.550946,-34.924896],[150.550795,-34.924758],[150.550844,-34.924463]],[[150.548825,-35.070785],[150.548858,-35.070663],[150.549092,-35.070452],[150.549396,-35.070488],[150.549452,-35.070676],[150.54932,-35.070858],[150.549079,-35.070914],[150.548825,-35.070785]],[[150.542074,-35.066308],[150.542306,-35.066182],[150.542768,-35.066487],[150.542794,-35.066766],[150.542205,-35.066492],[150.542074,-35.066308]],[[150.533366,-34.925329],[150.533223,-34.925557],[150.532363,-34.925434],[150.532495,-34.925033],[150.532823,-34.92542],[150.533366,-34.925329]],[[150.489519,-35.098877],[150.489742,-35.098848],[150.48981,-35.09892],[150.489843,-35.099502],[150.489522,-35.099406],[150.489519,-35.098877]],[[150.51777,-35.07258],[150.517693,-35.072791],[150.517423,-35.072976],[150.51723,-35.072919],[150.517196,-35.072803],[150.517331,-35.072545],[150.517527,-35.072402],[150.51777,-35.07258]],[[150.527877,-35.252357],[150.528004,-35.252245],[150.528087,-35.252287],[150.527752,-35.252748],[150.527836,-35.253308],[150.527697,-35.253619],[150.527624,-35.253619],[150.527626,-35.252665],[150.527877,-35.252357]],[[150.36784,-35.508427],[150.368006,-35.508227],[150.368165,-35.508194],[150.368432,-35.508265],[150.368565,-35.508455],[150.368337,-35.508582],[150.368054,-35.508576],[150.367882,-35.508526],[150.36784,-35.508427]],[[150.332765,-34.806787],[150.333335,-34.807124],[150.333203,-34.807233],[150.33303,-34.807233],[150.332508,-34.806959],[150.332466,-34.806856],[150.332765,-34.806787]],[[150.131476,-35.563437],[150.131685,-35.562738],[150.131895,-35.5626],[150.131688,-35.563665],[150.131618,-35.56374],[150.131526,-35.563734],[150.131476,-35.563437]],[[150.093212,-35.5775],[150.093539,-35.577115],[150.093843,-35.576939],[150.09407,-35.576939],[150.093937,-35.577194],[150.093243,-35.577646],[150.093212,-35.5775]],[[150.491107,-35.099002],[150.491156,-35.098634],[150.491749,-35.098715],[150.491672,-35.099075],[150.491107,-35.099002]],[[150.428695,-35.233138],[150.428906,-35.232892],[150.429088,-35.232843],[150.429313,-35.232644],[150.429397,-35.232641],[150.429544,-35.232811],[150.429565,-35.232915],[150.429452,-35.233002],[150.428634,-35.233219],[150.428695,-35.233138]],[[150.365887,-35.284888],[150.36638,-35.285219],[150.365655,-35.285745],[150.365855,-35.285226],[150.365887,-35.284888]],[[150.546328,-34.923108],[150.546742,-34.922903],[150.546964,-34.922955],[150.547208,-34.923284],[150.546738,-34.923369],[150.546614,-34.923326],[150.546755,-34.923066],[150.546366,-34.923258],[150.546328,-34.923108]],[[150.542477,-35.03918],[150.542492,-35.039505],[150.541799,-35.039865],[150.541646,-35.039865],[150.541672,-35.039762],[150.542167,-35.039425],[150.542358,-35.039092],[150.542477,-35.03918]],[[150.531025,-35.081508],[150.53108,-35.081324],[150.531661,-35.081348],[150.531685,-35.081569],[150.531603,-35.081772],[150.53103,-35.081669],[150.531025,-35.081508]],[[150.363748,-34.873118],[150.363921,-34.873973],[150.363865,-34.874023],[150.363672,-34.874004],[150.36362,-34.8739],[150.363513,-34.873312],[150.363502,-34.873149],[150.363603,-34.873018],[150.363682,-34.873007],[150.363748,-34.873118]],[[150.54424,-34.924257],[150.544484,-34.92415],[150.544675,-34.924174],[150.544762,-34.924567],[150.544009,-34.92476],[150.544018,-34.924674],[150.544307,-34.924492],[150.54433,-34.924355],[150.54424,-34.924257]],[[150.497334,-35.096446],[150.497034,-35.096505],[150.496753,-35.096324],[150.497786,-35.096253],[150.498227,-35.096376],[150.497907,-35.096499],[150.497334,-35.096446]],[[150.532412,-35.137946],[150.532641,-35.137865],[150.532398,-35.137746],[150.532445,-35.137627],[150.533041,-35.137799],[150.532993,-35.138127],[150.532893,-35.138227],[150.532436,-35.138056],[150.532412,-35.137946]],[[150.483774,-35.260252],[150.483822,-35.260089],[150.484393,-35.260124],[150.484472,-35.260568],[150.48409,-35.260533],[150.483774,-35.260252]],[[150.544498,-34.921077],[150.544626,-34.920844],[150.545141,-34.92112],[150.544523,-34.92147],[150.544498,-34.921077]],[[150.25272,-35.627053],[150.252804,-35.626774],[150.252947,-35.626622],[150.253393,-35.62655],[150.253402,-35.626734],[150.253225,-35.626982],[150.252991,-35.627069],[150.25272,-35.627053]],[[150.53195,-34.925137],[150.531924,-34.925248],[150.531327,-34.925049],[150.531168,-34.924967],[150.531133,-34.92483],[150.531252,-34.924734],[150.531658,-34.924758],[150.531898,-34.924959],[150.53195,-34.925137]],[[150.431302,-35.261614],[150.431527,-35.261568],[150.431591,-35.261691],[150.431623,-35.262437],[150.431457,-35.262461],[150.431297,-35.262343],[150.431302,-35.261614]],[[150.517782,-35.129648],[150.518067,-35.129704],[150.518054,-35.129829],[150.51782,-35.130005],[150.517644,-35.130377],[150.517451,-35.130204],[150.51749,-35.12963],[150.517782,-35.129648]],[[150.254656,-35.624924],[150.25488,-35.624825],[150.255506,-35.624888],[150.254594,-35.625372],[150.254525,-35.625351],[150.254656,-35.624924]],[[150.274268,-35.56745],[150.274347,-35.56709],[150.275191,-35.56727],[150.275162,-35.567405],[150.274889,-35.567531],[150.274268,-35.56745]],[[150.518148,-35.134304],[150.51861,-35.134365],[150.518394,-35.134657],[150.518379,-35.134794],[150.518097,-35.134883],[150.517971,-35.134571],[150.517813,-35.134429],[150.517844,-35.134264],[150.518148,-35.134304]],[[150.430847,-35.227665],[150.430874,-35.227541],[150.431472,-35.227545],[150.431557,-35.227952],[150.431038,-35.228057],[150.431011,-35.227898],[150.430869,-35.2279],[150.430847,-35.227665]],[[150.545576,-34.926676],[150.545777,-34.926829],[150.545439,-34.927055],[150.54526,-34.92737],[150.544985,-34.927385],[150.5453,-34.926553],[150.545576,-34.926676]],[[150.528611,-35.130573],[150.528784,-35.130697],[150.528751,-35.130936],[150.528285,-35.131163],[150.528072,-35.130982],[150.528288,-35.130543],[150.528611,-35.130573]],[[150.335279,-34.838347],[150.335382,-34.838048],[150.335873,-34.837449],[150.3361,-34.837605],[150.335957,-34.837917],[150.335527,-34.838262],[150.335519,-34.838362],[150.335361,-34.83842],[150.335279,-34.838347]],[[150.535958,-35.126401],[150.536469,-35.126568],[150.53639,-35.126714],[150.536207,-35.126711],[150.536057,-35.126953],[150.53573,-35.126987],[150.535652,-35.126898],[150.535659,-35.126701],[150.535761,-35.126527],[150.535958,-35.126401]],[[150.524069,-34.976088],[150.524165,-34.976376],[150.524117,-34.976616],[150.523797,-34.976696],[150.523557,-34.9766],[150.523493,-34.976392],[150.523557,-34.976264],[150.523893,-34.976088],[150.524069,-34.976088]],[[150.326027,-35.495548],[150.326172,-35.495844],[150.326041,-35.496105],[150.325513,-35.496479],[150.325289,-35.496358],[150.325525,-35.496279],[150.325729,-35.495965],[150.325701,-35.495801],[150.325451,-35.495756],[150.325444,-35.495668],[150.325884,-35.495665],[150.325991,-35.495511],[150.326027,-35.495548]],[[150.542773,-35.049025],[150.542765,-35.048881],[150.542885,-35.048665],[150.543222,-35.048584],[150.543406,-35.048759],[150.543494,-35.049121],[150.542933,-35.049186],[150.542773,-35.049025]],[[150.537645,-34.928448],[150.537453,-34.928366],[150.537744,-34.92701],[150.537928,-34.926996],[150.537707,-34.928412],[150.537645,-34.928448]],[[150.505519,-35.0971],[150.505572,-35.097174],[150.505273,-35.09726],[150.504334,-35.097258],[150.50401,-35.097127],[150.503357,-35.097034],[150.503466,-35.096962],[150.504361,-35.097098],[150.505085,-35.097004],[150.505519,-35.0971]],[[150.518111,-35.133326],[150.518653,-35.133413],[150.518571,-35.133757],[150.518161,-35.133976],[150.517974,-35.133902],[150.517874,-35.133322],[150.518111,-35.133326]],[[150.376891,-35.541627],[150.377052,-35.541173],[150.377521,-35.541385],[150.377437,-35.541924],[150.376898,-35.541972],[150.376891,-35.541627]],[[150.516786,-35.094802],[150.516855,-35.094942],[150.516753,-35.095133],[150.516113,-35.095336],[150.515742,-35.095227],[150.515879,-35.094947],[150.516256,-35.094802],[150.516786,-35.094802]],[[150.490489,-35.10025],[150.49114,-35.100118],[150.491074,-35.100437],[150.491111,-35.100891],[150.490784,-35.10155],[150.490698,-35.10146],[150.490821,-35.100924],[150.490743,-35.100687],[150.490342,-35.100294],[150.490489,-35.10025]],[[150.520072,-35.078413],[150.520498,-35.078107],[150.520992,-35.078812],[150.520487,-35.079165],[150.520072,-35.078413]],[[150.547563,-34.92733],[150.547883,-34.927397],[150.547986,-34.927758],[150.548455,-34.928273],[150.548252,-34.928302],[150.547998,-34.928157],[150.547693,-34.927832],[150.54737,-34.927839],[150.547237,-34.927956],[150.547011,-34.927964],[150.547247,-34.92761],[150.547563,-34.92733]],[[150.479392,-35.287717],[150.47995,-35.287296],[150.480878,-35.286937],[150.480841,-35.286576],[150.481062,-35.286089],[150.481118,-35.286163],[150.480982,-35.286707],[150.481089,-35.287079],[150.480321,-35.287295],[150.480021,-35.287456],[150.479276,-35.28813],[150.479184,-35.288033],[150.479205,-35.287918],[150.479392,-35.287717]],[[150.539153,-34.921355],[150.539544,-34.921438],[150.539572,-34.921539],[150.539262,-34.921937],[150.53925,-34.922254],[150.539126,-34.922278],[150.538838,-34.922066],[150.538605,-34.921999],[150.538663,-34.921817],[150.53857,-34.921627],[150.538815,-34.921346],[150.539153,-34.921355]],[[150.498619,-35.098825],[150.499169,-35.0983],[150.499425,-35.098218],[150.499579,-35.098275],[150.499396,-35.098608],[150.499014,-35.098994],[150.498802,-35.099424],[150.498363,-35.099477],[150.498406,-35.099173],[150.498619,-35.098825]],[[150.361338,-34.851198],[150.360985,-34.850549],[150.361237,-34.849913],[150.361375,-34.849787],[150.361426,-34.850122],[150.361292,-34.850556],[150.36191,-34.851676],[150.362432,-34.852086],[150.362457,-34.852178],[150.362313,-34.852156],[150.361774,-34.851782],[150.361338,-34.851198]],[[150.470573,-35.215825],[150.471616,-35.215534],[150.471976,-35.215523],[150.472326,-35.215835],[150.472188,-35.21609],[150.471552,-35.21592],[150.470467,-35.216063],[150.470408,-35.215963],[150.470573,-35.215825]],[[150.372178,-35.504484],[150.372247,-35.504143],[150.372513,-35.503896],[150.3729,-35.503884],[150.373146,-35.504096],[150.373125,-35.504353],[150.372971,-35.504514],[150.37248,-35.504772],[150.372234,-35.504641],[150.372178,-35.504484]],[[150.416285,-34.971025],[150.416087,-34.971464],[150.41589,-34.972312],[150.415662,-34.972809],[150.415523,-34.972902],[150.415494,-34.972724],[150.415806,-34.971388],[150.416347,-34.970408],[150.416503,-34.970325],[150.416554,-34.970447],[150.416285,-34.971025]],[[150.471843,-35.266252],[150.471987,-35.266308],[150.472015,-35.266406],[150.47186,-35.266723],[150.471867,-35.266913],[150.472223,-35.267128],[150.472803,-35.267198],[150.472888,-35.2673],[150.472575,-35.267715],[150.472677,-35.267909],[150.472937,-35.268099],[150.472905,-35.268198],[150.472687,-35.268293],[150.472465,-35.268176],[150.472346,-35.268015],[150.472582,-35.267494],[150.47248,-35.267328],[150.472121,-35.267283],[150.471871,-35.267152],[150.471526,-35.266575],[150.471463,-35.266378],[150.471843,-35.266252]],[[150.367522,-34.876116],[150.367311,-34.875516],[150.366735,-34.87494],[150.36624,-34.874783],[150.365434,-34.874821],[150.365134,-34.874729],[150.365169,-34.874621],[150.366559,-34.874541],[150.36685,-34.874698],[150.367507,-34.875381],[150.367603,-34.8758],[150.367522,-34.876116]],[[150.363194,-35.48744],[150.362576,-35.487503],[150.361874,-35.487467],[150.362803,-35.487],[150.364223,-35.486894],[150.363862,-35.487217],[150.363194,-35.48744]],[[150.429533,-35.305367],[150.429436,-35.30423],[150.428662,-35.303318],[150.428858,-35.303127],[150.428982,-35.303101],[150.429683,-35.304162],[150.429835,-35.304831],[150.430164,-35.305136],[150.429794,-35.305063],[150.429668,-35.305435],[150.429574,-35.305447],[150.429533,-35.305367]],[[150.534333,-34.932748],[150.534593,-34.933115],[150.534654,-34.933692],[150.534816,-34.934186],[150.534466,-34.93433],[150.53415,-34.933842],[150.533947,-34.932955],[150.534333,-34.932748]],[[150.361878,-34.839938],[150.363566,-34.839349],[150.364344,-34.838986],[150.36536,-34.838682],[150.366703,-34.838558],[150.366833,-34.838644],[150.364759,-34.839069],[150.363864,-34.839448],[150.362245,-34.83994],[150.36177,-34.840001],[150.361878,-34.839938]],[[150.479173,-35.085022],[150.479316,-35.084654],[150.479511,-35.084595],[150.480466,-35.084445],[150.48076,-35.084592],[150.48077,-35.084844],[150.480681,-35.084976],[150.480334,-35.08519],[150.479322,-35.085227],[150.479173,-35.085022]],[[150.430846,-35.23001],[150.430977,-35.229122],[150.430784,-35.228635],[150.430889,-35.228566],[150.431819,-35.228628],[150.431863,-35.229326],[150.431793,-35.229469],[150.431442,-35.22964],[150.43102,-35.230102],[150.430846,-35.23001]],[[150.475048,-35.285067],[150.474756,-35.284868],[150.47453,-35.284509],[150.474477,-35.284297],[150.474584,-35.284191],[150.474809,-35.284191],[150.475101,-35.28443],[150.476361,-35.284907],[150.476322,-35.285173],[150.476136,-35.285358],[150.475433,-35.285305],[150.475048,-35.285067]],[[150.394639,-35.431402],[150.394836,-35.430947],[150.395044,-35.430761],[150.395317,-35.430675],[150.395463,-35.4307],[150.395997,-35.431303],[150.396211,-35.431404],[150.395828,-35.43179],[150.395453,-35.431826],[150.39501,-35.431735],[150.394636,-35.431524],[150.394639,-35.431402]],[[150.449854,-35.138294],[150.449944,-35.138449],[150.449748,-35.138506],[150.449156,-35.13816],[150.447727,-35.137782],[150.446387,-35.137576],[150.444972,-35.137073],[150.444854,-35.136958],[150.444882,-35.136866],[150.445078,-35.136873],[150.446053,-35.137249],[150.447204,-35.13754],[150.448063,-35.137629],[150.448934,-35.137959],[150.449597,-35.138047],[150.44996,-35.13798],[150.450127,-35.138078],[150.449854,-35.138294]],[[150.232038,-35.446821],[150.231177,-35.445891],[150.230437,-35.445396],[150.23024,-35.44518],[150.230999,-35.445549],[150.232936,-35.446858],[150.233808,-35.447083],[150.233605,-35.447244],[150.233234,-35.447303],[150.232038,-35.446821]],[[150.452601,-35.225503],[150.451606,-35.224709],[150.451572,-35.224537],[150.451733,-35.224526],[150.452199,-35.224826],[150.452358,-35.224849],[150.452862,-35.224879],[150.453536,-35.224752],[150.453967,-35.225059],[150.453888,-35.225376],[150.452915,-35.225573],[150.452601,-35.225503]],[[150.485494,-35.102187],[150.485455,-35.101844],[150.485103,-35.101531],[150.485033,-35.101589],[150.485036,-35.101847],[150.484857,-35.102043],[150.484448,-35.101067],[150.484548,-35.100562],[150.484882,-35.100537],[150.485074,-35.100787],[150.485375,-35.100871],[150.485672,-35.101258],[150.485769,-35.10183],[150.485494,-35.102187]],[[150.431917,-35.238522],[150.431919,-35.238091],[150.432958,-35.238495],[150.43328,-35.238742],[150.433178,-35.239346],[150.432183,-35.239485],[150.431917,-35.238522]],[[150.369362,-34.867905],[150.369175,-34.867989],[150.369264,-34.867856],[150.369595,-34.867676],[150.370288,-34.867408],[150.372905,-34.866814],[150.373304,-34.866245],[150.373418,-34.865707],[150.373393,-34.865414],[150.373042,-34.86442],[150.372541,-34.863767],[150.373399,-34.864318],[150.373578,-34.864906],[150.373678,-34.865658],[150.373621,-34.866025],[150.373271,-34.866733],[150.372742,-34.867051],[150.370589,-34.86749],[150.369362,-34.867905]],[[150.365814,-35.486775],[150.366386,-35.486733],[150.364619,-35.487974],[150.363058,-35.488665],[150.36244,-35.488581],[150.361316,-35.488097],[150.360651,-35.488082],[150.361269,-35.487792],[150.361928,-35.48796],[150.362488,-35.488282],[150.362937,-35.488353],[150.363497,-35.488282],[150.364941,-35.487484],[150.365814,-35.486775]],[[150.352985,-34.837432],[150.352816,-34.837297],[150.35297,-34.837224],[150.355304,-34.838397],[150.356,-34.838884],[150.356904,-34.839712],[150.357708,-34.840084],[150.358169,-34.840223],[150.358714,-34.840204],[150.359443,-34.840352],[150.36008,-34.840592],[150.360969,-34.840646],[150.361411,-34.840571],[150.361541,-34.8407],[150.361521,-34.840771],[150.360874,-34.840832],[150.359794,-34.84074],[150.358435,-34.840377],[150.358114,-34.840407],[150.357468,-34.840186],[150.356438,-34.839622],[150.355861,-34.839016],[150.353844,-34.837825],[150.352985,-34.837432]],[[150.144847,-34.851325],[150.145178,-34.850989],[150.14571,-34.850714],[150.145976,-34.851199],[150.145953,-34.85181],[150.145528,-34.853047],[150.145006,-34.853107],[150.144847,-34.851325]],[[150.337276,-34.835286],[150.337799,-34.834915],[150.338663,-34.834594],[150.339261,-34.834465],[150.34071,-34.834372],[150.342671,-34.834687],[150.343646,-34.835036],[150.344355,-34.835451],[150.34536,-34.835747],[150.346007,-34.835883],[150.348061,-34.836031],[150.348602,-34.836166],[150.348603,-34.836286],[150.345633,-34.835977],[150.344342,-34.835624],[150.342535,-34.834841],[150.340759,-34.834526],[150.33923,-34.834619],[150.338367,-34.834835],[150.337695,-34.8351],[150.337415,-34.835295],[150.337276,-34.835286]],[[150.364823,-34.852564],[150.366405,-34.853088],[150.368138,-34.853933],[150.36836,-34.854126],[150.368575,-34.854552],[150.368822,-34.855537],[150.36886,-34.856169],[150.368721,-34.856331],[150.368329,-34.854761],[150.368017,-34.854091],[150.367227,-34.853922],[150.365066,-34.852886],[150.364409,-34.852733],[150.363529,-34.852675],[150.362804,-34.852385],[150.363031,-34.852255],[150.363427,-34.852223],[150.364823,-34.852564]],[[150.413901,-35.234106],[150.414404,-35.231435],[150.414147,-35.231055],[150.412808,-35.230166],[150.413716,-35.230417],[150.415094,-35.230494],[150.415164,-35.231102],[150.415071,-35.231161],[150.414206,-35.233991],[150.413901,-35.234106]],[[150.416087,-34.964177],[150.416302,-34.964687],[150.41693,-34.965286],[150.41744,-34.965546],[150.418567,-34.965754],[150.418894,-34.966024],[150.418965,-34.966544],[150.418858,-34.96691],[150.418213,-34.967882],[150.41818,-34.968439],[150.418263,-34.968848],[150.41817,-34.969051],[150.418053,-34.968915],[150.417999,-34.967844],[150.418547,-34.96709],[150.418716,-34.966611],[150.418681,-34.966203],[150.418575,-34.966004],[150.418365,-34.965842],[150.417198,-34.965633],[150.416124,-34.964769],[150.416005,-34.964491],[150.415929,-34.963878],[150.415986,-34.963084],[150.416112,-34.962601],[150.416315,-34.962257],[150.416544,-34.962071],[150.41735,-34.962075],[150.419116,-34.963512],[150.41993,-34.963536],[150.420384,-34.96329],[150.420821,-34.962846],[150.421025,-34.96168],[150.42112,-34.961722],[150.421139,-34.962386],[150.421026,-34.962929],[150.420489,-34.963522],[150.419908,-34.963706],[150.419318,-34.963694],[150.418725,-34.96353],[150.418374,-34.963267],[150.417565,-34.962356],[150.417108,-34.962162],[150.41662,-34.962198],[150.416356,-34.962481],[150.416208,-34.962872],[150.416087,-34.964177]],[[150.389426,-34.904604],[150.389353,-34.90492],[150.38906,-34.904762],[150.388181,-34.902785],[150.387825,-34.901231],[150.387786,-34.899922],[150.387843,-34.899593],[150.387967,-34.899285],[150.388119,-34.899175],[150.388764,-34.89902],[150.389077,-34.898857],[150.389516,-34.89826],[150.390262,-34.897545],[150.390421,-34.89721],[150.390678,-34.896189],[150.391026,-34.894204],[150.391257,-34.894159],[150.391306,-34.894532],[150.391192,-34.895469],[150.390583,-34.897524],[150.390081,-34.898219],[150.389602,-34.898539],[150.38922,-34.899048],[150.38817,-34.899374],[150.388049,-34.899579],[150.388055,-34.90118],[150.388141,-34.901709],[150.388861,-34.903488],[150.389426,-34.904604]],[[150.384687,-34.881785],[150.384884,-34.881872],[150.38541,-34.882507],[150.386025,-34.883483],[150.386063,-34.883677],[150.386004,-34.884125],[150.38582,-34.884663],[150.385351,-34.885741],[150.385059,-34.886151],[150.38507,-34.886423],[150.384701,-34.886711],[150.384625,-34.887176],[150.384371,-34.887767],[150.384112,-34.888235],[150.383928,-34.888342],[150.383867,-34.888266],[150.383899,-34.888094],[150.384222,-34.887519],[150.384438,-34.886756],[150.38481,-34.886311],[150.38491,-34.885897],[150.385556,-34.884574],[150.385732,-34.883945],[150.385605,-34.883364],[150.384856,-34.882412],[150.384741,-34.882162],[150.38437,-34.881952],[150.383563,-34.8821],[150.381557,-34.883215],[150.381007,-34.883339],[150.379398,-34.882792],[150.379398,-34.88264],[150.380239,-34.882658],[150.380186,-34.882102],[150.380033,-34.881622],[150.380321,-34.881828],[150.380403,-34.882023],[150.380473,-34.88263],[150.380586,-34.882935],[150.380981,-34.883118],[150.38161,-34.882948],[150.383211,-34.881982],[150.384186,-34.881765],[150.384687,-34.881785]],[[150.533734,-35.065744],[150.538346,-35.064863],[150.538353,-35.064989],[150.537277,-35.066618],[150.53499,-35.06627],[150.534221,-35.065853],[150.533734,-35.065744]],[[150.126382,-35.569033],[150.126478,-35.569132],[150.128394,-35.569157],[150.128748,-35.569243],[150.128072,-35.569928],[150.12531,-35.571045],[150.125034,-35.569907],[150.125823,-35.569124],[150.12616,-35.569128],[150.126382,-35.569033]],[[150.078602,-34.78188],[150.078066,-34.781718],[150.077183,-34.781787],[150.077248,-34.780847],[150.077867,-34.779631],[150.080907,-34.779557],[150.08141,-34.779386],[150.081478,-34.779677],[150.081107,-34.779966],[150.080697,-34.780068],[150.080217,-34.780476],[150.080419,-34.780241],[150.079386,-34.780871],[150.078602,-34.78188]],[[150.079015,-34.785267],[150.079112,-34.785459],[150.07902,-34.785739],[150.07851,-34.785751],[150.077137,-34.786277],[150.076548,-34.786337],[150.075739,-34.786235],[150.076986,-34.784602],[150.077106,-34.782887],[150.077663,-34.7829],[150.07796,-34.78312],[150.07803,-34.783606],[150.077916,-34.783852],[150.078258,-34.784399],[150.078675,-34.784664],[150.079015,-34.785267]],[[150.52678,-35.220631],[150.526794,-35.220554],[150.526954,-35.22057],[150.527223,-35.2207],[150.527657,-35.220735],[150.528665,-35.221334],[150.529012,-35.22143],[150.529316,-35.221621],[150.529487,-35.222337],[150.52954,-35.22336],[150.529375,-35.223666],[150.52951,-35.224554],[150.529801,-35.224995],[150.529958,-35.225517],[150.530764,-35.226727],[150.531189,-35.226884],[150.531697,-35.226577],[150.531906,-35.226533],[150.532394,-35.22671],[150.532369,-35.226977],[150.531983,-35.227113],[150.531976,-35.227285],[150.531489,-35.22742],[150.531466,-35.227555],[150.531586,-35.227719],[150.5316,-35.227906],[150.531242,-35.228309],[150.531182,-35.228757],[150.531033,-35.22875],[150.530906,-35.228608],[150.530443,-35.227944],[150.530219,-35.227466],[150.529339,-35.226382],[150.529168,-35.225225],[150.528977,-35.224869],[150.528699,-35.224816],[150.528448,-35.224887],[150.527987,-35.224713],[150.526685,-35.224643],[150.526285,-35.224392],[150.526243,-35.224186],[150.526504,-35.224131],[150.526902,-35.22442],[150.528564,-35.224516],[150.529114,-35.223487],[150.529255,-35.222811],[150.529073,-35.221786],[150.528396,-35.221517],[150.527735,-35.22103],[150.527041,-35.220874],[150.52678,-35.220631]],[[150.372577,-34.880275],[150.374741,-34.880505],[150.376191,-34.880776],[150.377677,-34.880815],[150.377932,-34.880864],[150.378018,-34.880961],[150.376007,-34.880998],[150.374441,-34.880672],[150.373054,-34.880569],[150.371842,-34.880288],[150.370478,-34.879755],[150.369462,-34.879127],[150.368749,-34.878448],[150.368253,-34.877684],[150.368474,-34.87761],[150.368587,-34.877693],[150.369042,-34.878396],[150.369476,-34.878675],[150.370424,-34.879491],[150.370737,-34.879658],[150.369609,-34.878146],[150.369581,-34.877431],[150.369707,-34.87695],[150.370035,-34.876941],[150.370215,-34.877631],[150.372171,-34.877639],[150.373028,-34.877318],[150.374083,-34.878364],[150.37296,-34.879289],[150.371739,-34.87956],[150.373289,-34.880222],[150.371054,-34.879825],[150.372577,-34.880275]],[[150.441679,-34.864502],[150.441648,-34.864262],[150.441813,-34.86374],[150.441531,-34.863289],[150.441423,-34.862424],[150.441651,-34.862285],[150.442326,-34.862188],[150.442915,-34.862296],[150.443228,-34.862537],[150.443384,-34.862552],[150.443512,-34.86241],[150.444094,-34.862268],[150.444634,-34.861714],[150.445103,-34.861614],[150.445529,-34.8617],[150.445614,-34.861785],[150.445415,-34.862012],[150.4456,-34.862381],[150.445841,-34.862566],[150.445997,-34.863091],[150.445926,-34.863219],[150.446054,-34.86373],[150.446154,-34.86383],[150.446733,-34.863726],[150.447334,-34.863887],[150.447374,-34.864087],[150.443889,-34.864662],[150.441679,-34.864502]],[[150.225412,-35.328742],[150.2261,-35.328438],[150.226755,-35.327276],[150.228843,-35.327032],[150.230479,-35.327182],[150.232316,-35.329019],[150.230645,-35.329405],[150.228881,-35.328973],[150.227139,-35.329112],[150.226764,-35.330233],[150.225423,-35.329028],[150.225412,-35.328742]],[[150.276912,-35.558086],[150.277722,-35.557874],[150.278444,-35.558428],[150.277999,-35.559012],[150.276624,-35.559716],[150.275,-35.561296],[150.275033,-35.561668],[150.274828,-35.561786],[150.274672,-35.561664],[150.274488,-35.56187],[150.273762,-35.561221],[150.27281,-35.560768],[150.271519,-35.56061],[150.269922,-35.558551],[150.271213,-35.558709],[150.274163,-35.559492],[150.275221,-35.559656],[150.276249,-35.559057],[150.276912,-35.558086]],[[150.430303,-35.237462],[150.431574,-35.237957],[150.430943,-35.239182],[150.428882,-35.241104],[150.430404,-35.241622],[150.431254,-35.24242],[150.43148,-35.243496],[150.430826,-35.244223],[150.427714,-35.241471],[150.425414,-35.241943],[150.425529,-35.241025],[150.430303,-35.237462]],[[150.253062,-35.450262],[150.256948,-35.451212],[150.256522,-35.452273],[150.25729,-35.454067],[150.258172,-35.455763],[150.256791,-35.456276],[150.256511,-35.455042],[150.252861,-35.45418],[150.253062,-35.450262]],[[150.381626,-35.431047],[150.381694,-35.430004],[150.38356,-35.42957],[150.38531,-35.42943],[150.387114,-35.429113],[150.387527,-35.428776],[150.389969,-35.429869],[150.390017,-35.431756],[150.389093,-35.431784],[150.387787,-35.432239],[150.385322,-35.432245],[150.381626,-35.431047]],[[150.444267,-34.894093],[150.444771,-34.893649],[150.445712,-34.893266],[150.447067,-34.892369],[150.448517,-34.891685],[150.449186,-34.891022],[150.449079,-34.890524],[150.448625,-34.890035],[150.44861,-34.889677],[150.450008,-34.889854],[150.45121,-34.889463],[150.452229,-34.888862],[150.452544,-34.888066],[150.453057,-34.887837],[150.454628,-34.888009],[150.457213,-34.887437],[150.459205,-34.88724],[150.459253,-34.888456],[150.458107,-34.888057],[150.456559,-34.888458],[150.455607,-34.888555],[150.454758,-34.88908],[150.45338,-34.889404],[150.453157,-34.890341],[150.45202,-34.890157],[150.451172,-34.890682],[150.450694,-34.891769],[150.449802,-34.893369],[150.449023,-34.893462],[150.44876,-34.893398],[150.446629,-34.894458],[150.445323,-34.894422],[150.444267,-34.894093]],[[150.253594,-35.510193],[150.254812,-35.505389],[150.25694,-35.506099],[150.25827,-35.507306],[150.258216,-35.50893],[150.257917,-35.510274],[150.257271,-35.511722],[150.256987,-35.513447],[150.255704,-35.51348],[150.254356,-35.511796],[150.253594,-35.510193]],[[150.48454,-35.271983],[150.484907,-35.272091],[150.485123,-35.272393],[150.485188,-35.273387],[150.48508,-35.273819],[150.485188,-35.274164],[150.485447,-35.27451],[150.485769,-35.275263],[150.48575,-35.275475],[150.485333,-35.275952],[150.485005,-35.276136],[150.484648,-35.276216],[150.484173,-35.276756],[150.48292,-35.27788],[150.481939,-35.278098],[150.481285,-35.277746],[150.480369,-35.276719],[150.480066,-35.27615],[150.479776,-35.275892],[150.479148,-35.275554],[150.478214,-35.273976],[150.478053,-35.273396],[150.477614,-35.272375],[150.478133,-35.272172],[150.478552,-35.272236],[150.479051,-35.272671],[150.479679,-35.272993],[150.47984,-35.273187],[150.480177,-35.273365],[150.480976,-35.273689],[150.481363,-35.27372],[150.482121,-35.27302],[150.482575,-35.272717],[150.483309,-35.272458],[150.483525,-35.272674],[150.483979,-35.272696],[150.484195,-35.27248],[150.484259,-35.272048],[150.48454,-35.271983]],[[150.38832,-35.300616],[150.392534,-35.300269],[150.392815,-35.301266],[150.393185,-35.301435],[150.394159,-35.302125],[150.39521,-35.302932],[150.39559,-35.30334],[150.396259,-35.30368],[150.398822,-35.304089],[150.3992,-35.304437],[150.399294,-35.304971],[150.400111,-35.305367],[150.40028,-35.30596],[150.400789,-35.305946],[150.400927,-35.305763],[150.401776,-35.305144],[150.402161,-35.305671],[150.402025,-35.305913],[150.401319,-35.306469],[150.4007,-35.30738],[150.399924,-35.307998],[150.399478,-35.308519],[150.398475,-35.307222],[150.389889,-35.302152],[150.388532,-35.300875],[150.388416,-35.300862],[150.388555,-35.300857],[150.38832,-35.300616]],[[150.292558,-35.530671],[150.292619,-35.529238],[150.294238,-35.528814],[150.299983,-35.52943],[150.299316,-35.530306],[150.297807,-35.530536],[150.29772,-35.531302],[150.299047,-35.532413],[150.299988,-35.532579],[150.29969,-35.533923],[150.295227,-35.533275],[150.294907,-35.534047],[150.294484,-35.534058],[150.294479,-35.534311],[150.29338,-35.534577],[150.292467,-35.535126],[150.292569,-35.534795],[150.291575,-35.535469],[150.291294,-35.534235],[150.29215,-35.532209],[150.292558,-35.530671]],[[150.496109,-35.16016],[150.496536,-35.158098],[150.499233,-35.158506],[150.499265,-35.159706],[150.501846,-35.158901],[150.505076,-35.15939],[150.504399,-35.163245],[150.504311,-35.163422],[150.495661,-35.162323],[150.496109,-35.16016]],[[150.48017,-35.107071],[150.480848,-35.106536],[150.481899,-35.106399],[150.486522,-35.108784],[150.487779,-35.110234],[150.487956,-35.110768],[150.488062,-35.11194],[150.487359,-35.112986],[150.486627,-35.113716],[150.48575,-35.113912],[150.484742,-35.113442],[150.483456,-35.112312],[150.481092,-35.110509],[150.479875,-35.109398],[150.479444,-35.108022],[150.479456,-35.107628],[150.48017,-35.107071]],[[150.341258,-35.471179],[150.341672,-35.469832],[150.349715,-35.469621],[150.349629,-35.470352],[150.349699,-35.470419],[150.349614,-35.47048],[150.349278,-35.473356],[150.349064,-35.473425],[150.3478,-35.473458],[150.343874,-35.474515],[150.33991,-35.474619],[150.33776,-35.473339],[150.337627,-35.472821],[150.33794,-35.472889],[150.339806,-35.47284],[150.341258,-35.471179]],[[150.337964,-35.46452],[150.339666,-35.462407],[150.342404,-35.460808],[150.348291,-35.462181],[150.350231,-35.464039],[150.348637,-35.465035],[150.349973,-35.466521],[150.349728,-35.466453],[150.348284,-35.466689],[150.347748,-35.466363],[150.345617,-35.466292],[150.344113,-35.466618],[150.342823,-35.466461],[150.342421,-35.465135],[150.339966,-35.465008],[150.337964,-35.46452]],[[150.363197,-35.431815],[150.365438,-35.429464],[150.366442,-35.427321],[150.371115,-35.426617],[150.373176,-35.425474],[150.374717,-35.423142],[150.37522,-35.421124],[150.376389,-35.421188],[150.376761,-35.421751],[150.37657,-35.422806],[150.376153,-35.424058],[150.376942,-35.426217],[150.377697,-35.426259],[150.377639,-35.428038],[150.377186,-35.429627],[150.375962,-35.430577],[150.375591,-35.430775],[150.374819,-35.431635],[150.37356,-35.432241],[150.372661,-35.431868],[150.372049,-35.432296],[150.369831,-35.432619],[150.368422,-35.43183],[150.363066,-35.432375],[150.363197,-35.431815]],[[150.419739,-35.223002],[150.420198,-35.222737],[150.420647,-35.222991],[150.421717,-35.223271],[150.423472,-35.222987],[150.424634,-35.223332],[150.424534,-35.225806],[150.423714,-35.23187],[150.424218,-35.233553],[150.422748,-35.232512],[150.423166,-35.23106],[150.421685,-35.230845],[150.420977,-35.232477],[150.420181,-35.232291],[150.419767,-35.231765],[150.41852,-35.232303],[150.418444,-35.231646],[150.41783,-35.230822],[150.417621,-35.230255],[150.417046,-35.22985],[150.415776,-35.229537],[150.414539,-35.228487],[150.414201,-35.228818],[150.413999,-35.229203],[150.413054,-35.229078],[150.412253,-35.2287],[150.412395,-35.227156],[150.412317,-35.226114],[150.412757,-35.225593],[150.412822,-35.225007],[150.412722,-35.224792],[150.412276,-35.224636],[150.412507,-35.224196],[150.418039,-35.225264],[150.418697,-35.223379],[150.419094,-35.223766],[150.419704,-35.223979],[150.420055,-35.223198],[150.419739,-35.223002]],[[150.327907,-35.378003],[150.328058,-35.377973],[150.329054,-35.37661],[150.329697,-35.375162],[150.330806,-35.373701],[150.331174,-35.372627],[150.332251,-35.371997],[150.332489,-35.372034],[150.333691,-35.372957],[150.334509,-35.373031],[150.336128,-35.372702],[150.336703,-35.372496],[150.338157,-35.372598],[150.340074,-35.371924],[150.340268,-35.371257],[150.341181,-35.370756],[150.342458,-35.370627],[150.342502,-35.370298],[150.34636,-35.371161],[150.352004,-35.372676],[150.351411,-35.373065],[150.340989,-35.371811],[150.341252,-35.372568],[150.342006,-35.37398],[150.342201,-35.374204],[150.343748,-35.374316],[150.345515,-35.373616],[150.344879,-35.374164],[150.345714,-35.374648],[150.347345,-35.374166],[150.346345,-35.375148],[150.345384,-35.376775],[150.347158,-35.377568],[150.344953,-35.377817],[150.342159,-35.37789],[150.339782,-35.376712],[150.339734,-35.376174],[150.337864,-35.375119],[150.336071,-35.375166],[150.333537,-35.377103],[150.333661,-35.377311],[150.332795,-35.376518],[150.332581,-35.376593],[150.332291,-35.376547],[150.332463,-35.376181],[150.332527,-35.3762],[150.331473,-35.374949],[150.330651,-35.375709],[150.330143,-35.377632],[150.32914,-35.378804],[150.327896,-35.379791],[150.327351,-35.38076],[150.325473,-35.380427],[150.324384,-35.379405],[150.325455,-35.378684],[150.324611,-35.378637],[150.326836,-35.377326],[150.32757,-35.377413],[150.327907,-35.378003]],[[150.155041,-35.481951],[150.154014,-35.483766],[150.15529,-35.484749],[150.156136,-35.485921],[150.156183,-35.486405],[150.155638,-35.487536],[150.1547,-35.48807],[150.153336,-35.488065],[150.152975,-35.487788],[150.152242,-35.48689],[150.151335,-35.486969],[150.149901,-35.486603],[150.147932,-35.486454],[150.147129,-35.486748],[150.14658,-35.486326],[150.145898,-35.486261],[150.146043,-35.485912],[150.143132,-35.48367],[150.143191,-35.483019],[150.142843,-35.481476],[150.143749,-35.480321],[150.14372,-35.479546],[150.143135,-35.479383],[150.143373,-35.478932],[150.143509,-35.478952],[150.144179,-35.477686],[150.144463,-35.477541],[150.140887,-35.476934],[150.14106,-35.475307],[150.141527,-35.475296],[150.141908,-35.476146],[150.142593,-35.475747],[150.142731,-35.476316],[150.146811,-35.476216],[150.148348,-35.476751],[150.148846,-35.477597],[150.149052,-35.478127],[150.149288,-35.477968],[150.149492,-35.477979],[150.149274,-35.478361],[150.150178,-35.478901],[150.150315,-35.47947],[150.150365,-35.480805],[150.151654,-35.480964],[150.151677,-35.481574],[150.153163,-35.480388],[150.153467,-35.480433],[150.15527,-35.478977],[150.155901,-35.480066],[150.155562,-35.480268],[150.155158,-35.481173],[150.155041,-35.481951]],[[150.083929,-34.79724],[150.084558,-34.79733],[150.084984,-34.797494],[150.084997,-34.797856],[150.084763,-34.799414],[150.084654,-34.799583],[150.084164,-34.799435],[150.082577,-34.797638],[150.081013,-34.796469],[150.079307,-34.796221],[150.078224,-34.796484],[150.078069,-34.796444],[150.077101,-34.796757],[150.076357,-34.796034],[150.076363,-34.795569],[150.074724,-34.794154],[150.074841,-34.792477],[150.073305,-34.791459],[150.074921,-34.787308],[150.075314,-34.786793],[150.075657,-34.787001],[150.075874,-34.787687],[150.075863,-34.787984],[150.076324,-34.78808],[150.076485,-34.7879],[150.076492,-34.787694],[150.078041,-34.787528],[150.078946,-34.787293],[150.079501,-34.787618],[150.079757,-34.787667],[150.080165,-34.787114],[150.080086,-34.787614],[150.079326,-34.788727],[150.079877,-34.789455],[150.08031,-34.789465],[150.081198,-34.788832],[150.081382,-34.787705],[150.081335,-34.78699],[150.080162,-34.785473],[150.080567,-34.784907],[150.081338,-34.784925],[150.08217,-34.785653],[150.082881,-34.785968],[150.083711,-34.785965],[150.083241,-34.786305],[150.08304,-34.786654],[150.083244,-34.787198],[150.083821,-34.788121],[150.084686,-34.788142],[150.084215,-34.787178],[150.084382,-34.786527],[150.084693,-34.78588],[150.084949,-34.785725],[150.085609,-34.78639],[150.085722,-34.786145],[150.086054,-34.786967],[150.086279,-34.78923],[150.087122,-34.792552],[150.088444,-34.793116],[150.089486,-34.793927],[150.090095,-34.794747],[150.089529,-34.795119],[150.08853,-34.795502],[150.086947,-34.795628],[150.086522,-34.795403],[150.08615,-34.795692],[150.085604,-34.795828],[150.085394,-34.795376],[150.084899,-34.795327],[150.084528,-34.795616],[150.084554,-34.796138],[150.083663,-34.797085],[150.083929,-34.79724]],[[150.293952,-35.536553],[150.295236,-35.53652],[150.296526,-35.536678],[150.297147,-35.537616],[150.299035,-35.53814],[150.297157,-35.544109],[150.296995,-35.545589],[150.296699,-35.545564],[150.296643,-35.545742],[150.292424,-35.545374],[150.292257,-35.547096],[150.293009,-35.548413],[150.293312,-35.550219],[150.292667,-35.551667],[150.291209,-35.553232],[150.289824,-35.55365],[150.289213,-35.549943],[150.288312,-35.547771],[150.289778,-35.544977],[150.285054,-35.544576],[150.285077,-35.54428],[150.284085,-35.544157],[150.283651,-35.541973],[150.2847,-35.538891],[150.285932,-35.537523],[150.287919,-35.537568],[150.290515,-35.538264],[150.29143,-35.53834],[150.29188,-35.537438],[150.290799,-35.536539],[150.291488,-35.536235],[150.293952,-35.536553]],[[150.128243,-34.861058],[150.12834,-34.859742],[150.128875,-34.858535],[150.131296,-34.857401],[150.13141,-34.856563],[150.131792,-34.855121],[150.132209,-34.854633],[150.13229,-34.854037],[150.132147,-34.854217],[150.131898,-34.854082],[150.132007,-34.853921],[150.132319,-34.853823],[150.132587,-34.853072],[150.132688,-34.851876],[150.131785,-34.850943],[150.130338,-34.850979],[150.129347,-34.8516],[150.129049,-34.851369],[150.129015,-34.850415],[150.129274,-34.849573],[150.128976,-34.849341],[150.128099,-34.849124],[150.127626,-34.848062],[150.126859,-34.846887],[150.125268,-34.846926],[150.123361,-34.846257],[150.130369,-34.839877],[150.131749,-34.841991],[150.131792,-34.843184],[150.133322,-34.845414],[150.134207,-34.84587],[150.136841,-34.84664],[150.136604,-34.848078],[150.136647,-34.849271],[150.136836,-34.85046],[150.13687,-34.851414],[150.137317,-34.851761],[150.139229,-34.852549],[150.140114,-34.853005],[150.139982,-34.853366],[150.139873,-34.854324],[150.140175,-34.854675],[150.139609,-34.855047],[150.138597,-34.855072],[150.136461,-34.85608],[150.136189,-34.856564],[150.135619,-34.856817],[150.134492,-34.85768],[150.133759,-34.861399],[150.128243,-34.861058]],[[150.417166,-34.95853],[150.417116,-34.958641],[150.417089,-34.95843],[150.417169,-34.958182],[150.417682,-34.957845],[150.419397,-34.957862],[150.41989,-34.957675],[150.419993,-34.957447],[150.418574,-34.956609],[150.418115,-34.955921],[150.41725,-34.95433],[150.416694,-34.952369],[150.416635,-34.951699],[150.416255,-34.949939],[150.416197,-34.948893],[150.41599,-34.948192],[150.415268,-34.947498],[150.413818,-34.946695],[150.413093,-34.946115],[150.412513,-34.945283],[150.412419,-34.944264],[150.41246,-34.944067],[150.412687,-34.943761],[150.413143,-34.943423],[150.415414,-34.942134],[150.41654,-34.941584],[150.41824,-34.939548],[150.418429,-34.938987],[150.418365,-34.938844],[150.418173,-34.938746],[150.417641,-34.938594],[150.417139,-34.938555],[150.416662,-34.938808],[150.416295,-34.939187],[150.415313,-34.939881],[150.414722,-34.940132],[150.414047,-34.940156],[150.41295,-34.939765],[150.412177,-34.939249],[150.411442,-34.938622],[150.411251,-34.938147],[150.411376,-34.937801],[150.414795,-34.935247],[150.415563,-34.934481],[150.41562,-34.934125],[150.415015,-34.933707],[150.414619,-34.933567],[150.413661,-34.933509],[150.412835,-34.933585],[150.412483,-34.933502],[150.412251,-34.933262],[150.411953,-34.932192],[150.411637,-34.931695],[150.41056,-34.931013],[150.40976,-34.930667],[150.409425,-34.930396],[150.409425,-34.930047],[150.409497,-34.929917],[150.410588,-34.929055],[150.410628,-34.928868],[150.410408,-34.927149],[150.410578,-34.926447],[150.410387,-34.925981],[150.410055,-34.926012],[150.409701,-34.926352],[150.409328,-34.926561],[150.407996,-34.927107],[150.406076,-34.927443],[150.40515,-34.927451],[150.404753,-34.927339],[150.40452,-34.927118],[150.404284,-34.926623],[150.404217,-34.925491],[150.404366,-34.924016],[150.404228,-34.923703],[150.404024,-34.923651],[150.403677,-34.923766],[150.402998,-34.924567],[150.402582,-34.92476],[150.400848,-34.924638],[150.399853,-34.924296],[150.399456,-34.923836],[150.399469,-34.923422],[150.399697,-34.923069],[150.400857,-34.92219],[150.401061,-34.921874],[150.400992,-34.921543],[150.400192,-34.920791],[150.399665,-34.920488],[150.398775,-34.920412],[150.398038,-34.920218],[150.396628,-34.919623],[150.39582,-34.919134],[150.395567,-34.918704],[150.395527,-34.918271],[150.395952,-34.916425],[150.395938,-34.915785],[150.395862,-34.915651],[150.395526,-34.915437],[150.395139,-34.915381],[150.394718,-34.915655],[150.39417,-34.917093],[150.393811,-34.917593],[150.394002,-34.917867],[150.393604,-34.918809],[150.392688,-34.919836],[150.391963,-34.921288],[150.392865,-34.922124],[150.395238,-34.922262],[150.392871,-34.928158],[150.390384,-34.929418],[150.387126,-34.929505],[150.385631,-34.928352],[150.385526,-34.925669],[150.384809,-34.92523],[150.384893,-34.925233],[150.384868,-34.924612],[150.383798,-34.923925],[150.384608,-34.922423],[150.385398,-34.920396],[150.385333,-34.920207],[150.383919,-34.921104],[150.383562,-34.922355],[150.383192,-34.923273],[150.383335,-34.923937],[150.383332,-34.924324],[150.381797,-34.923383],[150.3824,-34.922291],[150.382602,-34.921522],[150.382482,-34.921429],[150.382464,-34.920952],[150.38262,-34.920518],[150.383769,-34.920249],[150.383752,-34.91982],[150.383394,-34.919543],[150.382452,-34.919186],[150.382323,-34.918855],[150.383483,-34.918872],[150.383937,-34.918621],[150.384028,-34.917998],[150.384465,-34.917318],[150.38562,-34.917191],[150.386952,-34.917156],[150.388418,-34.916114],[150.388846,-34.915195],[150.389639,-34.914744],[150.391622,-34.914985],[150.393172,-34.916672],[150.393681,-34.917405],[150.39404,-34.916864],[150.394441,-34.915762],[150.394763,-34.915326],[150.395156,-34.915193],[150.395601,-34.915231],[150.39606,-34.915542],[150.396226,-34.915706],[150.396255,-34.915857],[150.395786,-34.918418],[150.395825,-34.918617],[150.396066,-34.918951],[150.396581,-34.919311],[150.397413,-34.919734],[150.399987,-34.92042],[150.400736,-34.920944],[150.401146,-34.921367],[150.401363,-34.92173],[150.401368,-34.921937],[150.401248,-34.922113],[150.400871,-34.922482],[150.399912,-34.923168],[150.399768,-34.923353],[150.399779,-34.923749],[150.400074,-34.924179],[150.401572,-34.924531],[150.402281,-34.924537],[150.402756,-34.92433],[150.403521,-34.92364],[150.403765,-34.923514],[150.404041,-34.923454],[150.404483,-34.923576],[150.404676,-34.924004],[150.404462,-34.925346],[150.404434,-34.926212],[150.404633,-34.926819],[150.40493,-34.927173],[150.405121,-34.927281],[150.405692,-34.927322],[150.406654,-34.927248],[150.407747,-34.927026],[150.409461,-34.926357],[150.410014,-34.925832],[150.410165,-34.925769],[150.410552,-34.925815],[150.410755,-34.926209],[150.410773,-34.926833],[150.410611,-34.927238],[150.410687,-34.927711],[150.410661,-34.928181],[150.410811,-34.928485],[150.41092,-34.929043],[150.409889,-34.929822],[150.409708,-34.93011],[150.409716,-34.930242],[150.410399,-34.930699],[150.411311,-34.931133],[150.411926,-34.931598],[150.412269,-34.932321],[150.412437,-34.933153],[150.412536,-34.933287],[150.41267,-34.933365],[150.413977,-34.93328],[150.414557,-34.933358],[150.415541,-34.933728],[150.415809,-34.933903],[150.415929,-34.934113],[150.415909,-34.934385],[150.415777,-34.934561],[150.415081,-34.935243],[150.411615,-34.937853],[150.411461,-34.93801],[150.411474,-34.93833],[150.411873,-34.938744],[150.412866,-34.939518],[150.413564,-34.939863],[150.414018,-34.939986],[150.414406,-34.939994],[150.41504,-34.939847],[150.415495,-34.939565],[150.416903,-34.938418],[150.417145,-34.938367],[150.418361,-34.93859],[150.418663,-34.938823],[150.418575,-34.939423],[150.416909,-34.941497],[150.416346,-34.941937],[150.413362,-34.943535],[150.41284,-34.943981],[150.412663,-34.944524],[150.412865,-34.945431],[150.413305,-34.945922],[150.414568,-34.946852],[150.415871,-34.947596],[150.416313,-34.948086],[150.416507,-34.948485],[150.416468,-34.949803],[150.4167,-34.951088],[150.416857,-34.951544],[150.41691,-34.952435],[150.417451,-34.954279],[150.418592,-34.956307],[150.418902,-34.956616],[150.420055,-34.957245],[150.420233,-34.957433],[150.420233,-34.957676],[150.419995,-34.957894],[150.419065,-34.958025],[150.417748,-34.958024],[150.417318,-34.958258],[150.417166,-34.95853]],[[150.240252,-35.089688],[150.236399,-35.087638],[150.236581,-35.084769],[150.23359,-35.082458],[150.232423,-35.082296],[150.232544,-35.082344],[150.232622,-35.082578],[150.232355,-35.082794],[150.231828,-35.082993],[150.23176,-35.082566],[150.231943,-35.08223],[150.230671,-35.082055],[150.226846,-35.08072],[150.228162,-35.077105],[150.230402,-35.0749],[150.234173,-35.074804],[150.235088,-35.075974],[150.236321,-35.077853],[150.237598,-35.080923],[150.240553,-35.08228],[150.243816,-35.084107],[150.24553,-35.083347],[150.24747,-35.083137],[150.247459,-35.085728],[150.247299,-35.087642],[150.247263,-35.089743],[150.245703,-35.091502],[150.243552,-35.093283],[150.243171,-35.090091],[150.240252,-35.089688]],[[150.412941,-35.245489],[150.423202,-35.247211],[150.424018,-35.247988],[150.424821,-35.24987],[150.427764,-35.249529],[150.430412,-35.250913],[150.433395,-35.252698],[150.435069,-35.252948],[150.434641,-35.253272],[150.430172,-35.252178],[150.425098,-35.251226],[150.426155,-35.255032],[150.427569,-35.256513],[150.425696,-35.255928],[150.422788,-35.254101],[150.420665,-35.253198],[150.418158,-35.253383],[150.417723,-35.25428],[150.417661,-35.256236],[150.409752,-35.255956],[150.409932,-35.244501],[150.412941,-35.245489]],[[150.346252,-35.193881],[150.347855,-35.190258],[150.347481,-35.188119],[150.343949,-35.187019],[150.342357,-35.18348],[150.342246,-35.180619],[150.344766,-35.178166],[150.348542,-35.178066],[150.350622,-35.179205],[150.354163,-35.180544],[150.36089,-35.18156],[150.353955,-35.184625],[150.352654,-35.188538],[150.352841,-35.193307],[150.349559,-35.196658],[150.346252,-35.193881]],[[150.135935,-34.841649],[150.135581,-34.839867],[150.133495,-34.838248],[150.132404,-34.836126],[150.132879,-34.833249],[150.132971,-34.831814],[150.13078,-34.831272],[150.130174,-34.83451],[150.12849,-34.835984],[150.126163,-34.835683],[150.125269,-34.834989],[150.12548,-34.832835],[150.1273,-34.831119],[150.129299,-34.830353],[150.130667,-34.828171],[150.129309,-34.826653],[150.128828,-34.825352],[150.129056,-34.823675],[150.128128,-34.822026],[150.128484,-34.819869],[150.129386,-34.820802],[150.129706,-34.821629],[150.130885,-34.822197],[150.131966,-34.82408],[150.134425,-34.824019],[150.135485,-34.825306],[150.13612,-34.826842],[150.137329,-34.828245],[150.138122,-34.830135],[150.139051,-34.831783],[150.140575,-34.833894],[150.141662,-34.835897],[150.141731,-34.837805],[150.142857,-34.84088],[150.142927,-34.842789],[150.141576,-34.845448],[150.139818,-34.844895],[150.136286,-34.843311],[150.135935,-34.841649]],[[150.356522,-35.276331],[150.361607,-35.277811],[150.365992,-35.278291],[150.371082,-35.280705],[150.373311,-35.281123],[150.374497,-35.281665],[150.376314,-35.283438],[150.371546,-35.283374],[150.370936,-35.282905],[150.369199,-35.283142],[150.367477,-35.28376],[150.366106,-35.283847],[150.365907,-35.284677],[150.365931,-35.284423],[150.365722,-35.284132],[150.365368,-35.284017],[150.362231,-35.283612],[150.360363,-35.283471],[150.357891,-35.283879],[150.356857,-35.284318],[150.356481,-35.284821],[150.358573,-35.285332],[150.360543,-35.285089],[150.362873,-35.285123],[150.363008,-35.285597],[150.361289,-35.28631],[150.356776,-35.287002],[150.357177,-35.288328],[150.357695,-35.288373],[150.357941,-35.288213],[150.355228,-35.291639],[150.353356,-35.291866],[150.349754,-35.292056],[150.34814,-35.29248],[150.347447,-35.292584],[150.347529,-35.291733],[150.347452,-35.289765],[150.3513,-35.284049],[150.352602,-35.280136],[150.356522,-35.276331]],[[150.16237,-35.542147],[150.163636,-35.54282],[150.164406,-35.543597],[150.164138,-35.543646],[150.163588,-35.544161],[150.164576,-35.544816],[150.1653,-35.545134],[150.165417,-35.545474],[150.165198,-35.546273],[150.166375,-35.546745],[150.166617,-35.547017],[150.166203,-35.547353],[150.166225,-35.547961],[150.165936,-35.548434],[150.164362,-35.548508],[150.164695,-35.549216],[150.165361,-35.54945],[150.165725,-35.549835],[150.165257,-35.550204],[150.165447,-35.550593],[150.166773,-35.550918],[150.168409,-35.550162],[150.169132,-35.549571],[150.169237,-35.549565],[150.170097,-35.550928],[150.169472,-35.551778],[150.16813,-35.552288],[150.167559,-35.552044],[150.16691,-35.552239],[150.165385,-35.552456],[150.165313,-35.552887],[150.165985,-35.5533],[150.166328,-35.553679],[150.166111,-35.554156],[150.165231,-35.554214],[150.164492,-35.554375],[150.162636,-35.555101],[150.162301,-35.555924],[150.160535,-35.556129],[150.159307,-35.556087],[150.158819,-35.557102],[150.158819,-35.558265],[150.158269,-35.558849],[150.158649,-35.559003],[150.156963,-35.559044],[150.156841,-35.560479],[150.159042,-35.560783],[150.159266,-35.560922],[150.158933,-35.561588],[150.159596,-35.561325],[150.159865,-35.561985],[150.159393,-35.562532],[150.157401,-35.562811],[150.157193,-35.564304],[150.157174,-35.563455],[150.156946,-35.563306],[150.156598,-35.56325],[150.156179,-35.563333],[150.154517,-35.561134],[150.153239,-35.561619],[150.152983,-35.562608],[150.150259,-35.562346],[150.151237,-35.565085],[150.147546,-35.563633],[150.147316,-35.560799],[150.146745,-35.560537],[150.138438,-35.550324],[150.138563,-35.54977],[150.152533,-35.551829],[150.161348,-35.548605],[150.16237,-35.542147]],[[150.454677,-35.133334],[150.45623,-35.130087],[150.458522,-35.128705],[150.46019,-35.127381],[150.461513,-35.126665],[150.462118,-35.125132],[150.462596,-35.123215],[150.462628,-35.122166],[150.462738,-35.121615],[150.462233,-35.120992],[150.462536,-35.120077],[150.462747,-35.118483],[150.462824,-35.118302],[150.465263,-35.117241],[150.468869,-35.11876],[150.469419,-35.118756],[150.470755,-35.1192],[150.472044,-35.119763],[150.474624,-35.120373],[150.47549,-35.122428],[150.47637,-35.124021],[150.477065,-35.123926],[150.475098,-35.125608],[150.466666,-35.132363],[150.465639,-35.132091],[150.464329,-35.133114],[150.464251,-35.13332],[150.464113,-35.133283],[150.463854,-35.133485],[150.462059,-35.135177],[150.462523,-35.136617],[150.463142,-35.137704],[150.462434,-35.139477],[150.460431,-35.140866],[150.459639,-35.14084],[150.459558,-35.140697],[150.459066,-35.140639],[150.458557,-35.140736],[150.458673,-35.140779],[150.458644,-35.14089],[150.458471,-35.140922],[150.458261,-35.140848],[150.457312,-35.140843],[150.456594,-35.140736],[150.453322,-35.140717],[150.452143,-35.141289],[150.451256,-35.143355],[150.451344,-35.143459],[150.4509,-35.144089],[150.450785,-35.144123],[150.450888,-35.143674],[150.449806,-35.144042],[150.44872,-35.143959],[150.447627,-35.143062],[150.447723,-35.142941],[150.447527,-35.142234],[150.447986,-35.141973],[150.448722,-35.142102],[150.448705,-35.141671],[150.4488,-35.141505],[150.449164,-35.141622],[150.448998,-35.142142],[150.449635,-35.14197],[150.450558,-35.141417],[150.451139,-35.140666],[150.451322,-35.140021],[150.450933,-35.139822],[150.450653,-35.139368],[150.452017,-35.138602],[150.456272,-35.139087],[150.454677,-35.133334]],[[150.351316,-35.210562],[150.360206,-35.214297],[150.366146,-35.217422],[150.364845,-35.221335],[150.361272,-35.222921],[150.359137,-35.223331],[150.359602,-35.222817],[150.359173,-35.222255],[150.357932,-35.221763],[150.356816,-35.221506],[150.356233,-35.219994],[150.355454,-35.219394],[150.354447,-35.218943],[150.352642,-35.218895],[150.351136,-35.220558],[150.350114,-35.221205],[150.348388,-35.22168],[150.347285,-35.221757],[150.346535,-35.22192],[150.346854,-35.222628],[150.346465,-35.224595],[150.346019,-35.225084],[150.345397,-35.22553],[150.345657,-35.226239],[150.345749,-35.227096],[150.345366,-35.227727],[150.34534,-35.228539],[150.346331,-35.230088],[150.346749,-35.230595],[150.342557,-35.23112],[150.342045,-35.232446],[150.341937,-35.232304],[150.340475,-35.232104],[150.339316,-35.23223],[150.338247,-35.233165],[150.336854,-35.233249],[150.333742,-35.232519],[150.329033,-35.231115],[150.327038,-35.230753],[150.327025,-35.230424],[150.32667,-35.230407],[150.326921,-35.229923],[150.327008,-35.229975],[150.326849,-35.225897],[150.332643,-35.225268],[150.338736,-35.224869],[150.342543,-35.222639],[150.345259,-35.220388],[150.347699,-35.216041],[150.346499,-35.215118],[150.345779,-35.211556],[150.34845,-35.212918],[150.350711,-35.212508],[150.350918,-35.212351],[150.352641,-35.211709],[150.351316,-35.210562]],[[150.332326,-35.490504],[150.334857,-35.489661],[150.333115,-35.487306],[150.334637,-35.477048],[150.336028,-35.47682],[150.342165,-35.478569],[150.34301,-35.478547],[150.343495,-35.482734],[150.347368,-35.48626],[150.354265,-35.489516],[150.357775,-35.489423],[150.358264,-35.489762],[150.357346,-35.490467],[150.357775,-35.490784],[150.352805,-35.493945],[150.350044,-35.494972],[150.348742,-35.497488],[150.345747,-35.498521],[150.341376,-35.500163],[150.336749,-35.501238],[150.334402,-35.500918],[150.332674,-35.500169],[150.333072,-35.497644],[150.335457,-35.495959],[150.33805,-35.494904],[150.338242,-35.494257],[150.337118,-35.492731],[150.335386,-35.494147],[150.335116,-35.493199],[150.336109,-35.491742],[150.335752,-35.49156],[150.333639,-35.491233],[150.332363,-35.491458],[150.332326,-35.490504]],[[150.350753,-35.380051],[150.352634,-35.380479],[150.353686,-35.380547],[150.355076,-35.380793],[150.355635,-35.3818],[150.355304,-35.385246],[150.355401,-35.387725],[150.355273,-35.390402],[150.354672,-35.392899],[150.352928,-35.396],[150.351643,-35.398898],[150.352484,-35.402503],[150.353979,-35.404946],[150.352626,-35.406127],[150.348004,-35.407203],[150.343585,-35.40751],[150.340969,-35.406042],[150.341072,-35.405973],[150.341154,-35.405733],[150.341522,-35.40542],[150.341662,-35.403965],[150.338229,-35.402623],[150.336906,-35.401607],[150.335555,-35.399829],[150.334589,-35.398995],[150.333057,-35.398558],[150.333737,-35.398063],[150.334177,-35.397383],[150.336171,-35.397713],[150.337028,-35.39874],[150.33785,-35.39891],[150.338651,-35.398507],[150.338747,-35.397512],[150.337764,-35.396377],[150.336723,-35.395701],[150.336969,-35.395343],[150.336261,-35.394562],[150.337377,-35.394806],[150.338168,-35.39389],[150.338303,-35.393093],[150.338099,-35.392608],[150.339107,-35.392664],[150.338907,-35.392197],[150.337054,-35.389149],[150.33774,-35.388685],[150.337775,-35.388029],[150.339203,-35.387314],[150.339289,-35.385812],[150.340291,-35.383501],[150.33982,-35.383081],[150.339845,-35.382961],[150.340369,-35.382789],[150.340347,-35.382234],[150.341726,-35.38172],[150.345336,-35.381626],[150.346605,-35.381306],[150.347977,-35.380602],[150.350753,-35.380051]],[[150.226876,-35.330495],[150.227358,-35.3309],[150.226881,-35.33062],[150.226906,-35.331282],[150.225836,-35.333791],[150.224701,-35.334583],[150.222649,-35.335781],[150.221542,-35.337336],[150.220683,-35.339267],[150.219111,-35.340834],[150.217277,-35.341644],[150.218513,-35.343522],[150.216489,-35.345483],[150.21419,-35.346305],[150.211171,-35.346572],[150.208703,-35.349116],[150.208148,-35.350203],[150.205259,-35.35143],[150.203526,-35.352262],[150.203583,-35.352771],[150.203025,-35.353077],[150.202362,-35.354048],[150.200847,-35.357141],[150.199302,-35.359471],[150.198704,-35.362159],[150.199904,-35.363084],[150.202712,-35.363395],[150.206015,-35.364457],[150.207441,-35.365185],[150.209368,-35.366855],[150.210661,-35.370259],[150.211227,-35.372918],[150.210142,-35.375045],[150.209529,-35.377352],[150.213524,-35.378206],[150.214928,-35.378361],[150.216523,-35.377366],[150.217411,-35.376198],[150.218802,-35.375972],[150.221596,-35.375902],[150.223291,-35.377577],[150.222876,-35.378924],[150.222679,-35.379884],[150.222729,-35.381219],[150.224352,-35.380987],[150.225939,-35.379801],[150.228487,-35.379355],[150.229651,-35.379326],[150.230597,-35.379684],[150.231128,-35.381388],[150.23096,-35.383111],[150.233085,-35.383821],[150.234482,-35.383785],[150.232561,-35.382307],[150.233435,-35.380757],[150.235968,-35.379929],[150.238312,-35.380252],[150.239831,-35.382559],[150.239664,-35.383018],[150.238431,-35.383304],[150.238404,-35.383622],[150.237647,-35.385169],[150.235721,-35.38665],[150.2323,-35.388646],[150.230025,-35.390135],[150.229489,-35.39139],[150.229762,-35.392433],[150.230136,-35.393092],[150.231581,-35.394296],[150.231613,-35.395154],[150.231296,-35.396022],[150.230058,-35.397199],[150.229526,-35.398548],[150.230254,-35.399294],[150.231196,-35.399556],[150.23286,-35.400373],[150.233398,-35.402269],[150.232181,-35.404018],[150.230326,-35.405428],[150.231842,-35.40458],[150.231948,-35.404596],[150.231117,-35.405235],[150.229811,-35.405765],[150.22903,-35.406276],[150.228573,-35.407259],[150.229682,-35.408854],[150.230883,-35.409778],[150.233489,-35.410858],[150.235983,-35.412035],[150.238097,-35.412459],[150.2401,-35.412981],[150.241064,-35.413816],[150.241104,-35.414865],[150.240335,-35.416125],[150.238073,-35.417221],[150.237853,-35.41743],[150.237,-35.417862],[150.235775,-35.418154],[150.23509,-35.418569],[150.235013,-35.418552],[150.235075,-35.4183],[150.23491,-35.418126],[150.234353,-35.418282],[150.233093,-35.418886],[150.232561,-35.420236],[150.232255,-35.421389],[150.232295,-35.422439],[150.233059,-35.424137],[150.235316,-35.425226],[150.239582,-35.427027],[150.242058,-35.427727],[150.244468,-35.429766],[150.246612,-35.430953],[150.247708,-35.432166],[150.247992,-35.433495],[150.248152,-35.434636],[150.24821,-35.436162],[150.2479,-35.43722],[150.248057,-35.438266],[150.24983,-35.438889],[150.252619,-35.438627],[150.254808,-35.437903],[150.256126,-35.438824],[150.254669,-35.440389],[150.254939,-35.441336],[150.254527,-35.442779],[150.253212,-35.445008],[150.252942,-35.447115],[150.25252,-35.448271],[150.250382,-35.447275],[150.249745,-35.44586],[150.250248,-35.443747],[150.24886,-35.442949],[150.248693,-35.443163],[150.248541,-35.443082],[150.248394,-35.442949],[150.24834,-35.44265],[150.246126,-35.442706],[150.244837,-35.442548],[150.244152,-35.442947],[150.243103,-35.442974],[150.241737,-35.443868],[150.239672,-35.444779],[150.238648,-35.445473],[150.236904,-35.445613],[150.236129,-35.445783],[150.235843,-35.44609],[150.235873,-35.445839],[150.233317,-35.446372],[150.230939,-35.445192],[150.229151,-35.444187],[150.228766,-35.443242],[150.231519,-35.442027],[150.2344,-35.441095],[150.236942,-35.440458],[150.239007,-35.439546],[150.241782,-35.438903],[150.243031,-35.438012],[150.24278,-35.437541],[150.243574,-35.436948],[150.244117,-35.435884],[150.244208,-35.435214],[150.244769,-35.434627],[150.246284,-35.434588],[150.246852,-35.434192],[150.246827,-35.433524],[150.245356,-35.431653],[150.244114,-35.430439],[150.243789,-35.430314],[150.242753,-35.429603],[150.240762,-35.428478],[150.240393,-35.428115],[150.243152,-35.429558],[150.242695,-35.429143],[150.239724,-35.427691],[150.23549,-35.426749],[150.234315,-35.425568],[150.23248,-35.424248],[150.231857,-35.423213],[150.231698,-35.422072],[150.2316,-35.419497],[150.232383,-35.418618],[150.233523,-35.417921],[150.235606,-35.417486],[150.237557,-35.416673],[150.239029,-35.41549],[150.239589,-35.414903],[150.238984,-35.413912],[150.237905,-35.41341],[150.236721,-35.413067],[150.235302,-35.41253],[150.2333,-35.412008],[150.231054,-35.411206],[150.229623,-35.410383],[150.229112,-35.409918],[150.228094,-35.40961],[150.227883,-35.409456],[150.22769,-35.408856],[150.227559,-35.408095],[150.227576,-35.407699],[150.22704,-35.406821],[150.227467,-35.40576],[150.227687,-35.405704],[150.229633,-35.404464],[150.230875,-35.403383],[150.231272,-35.401559],[150.230195,-35.400823],[150.229009,-35.40028],[150.22815,-35.399156],[150.22715,-35.397368],[150.228046,-35.39639],[150.229873,-35.395389],[150.22983,-35.394245],[150.228887,-35.393983],[150.227436,-35.392587],[150.227371,-35.390871],[150.22822,-35.388654],[150.229123,-35.387867],[150.230848,-35.387251],[150.234193,-35.386307],[150.236242,-35.385014],[150.236566,-35.384337],[150.236174,-35.383202],[150.235988,-35.384447],[150.234718,-35.384766],[150.233575,-35.385368],[150.232795,-35.386342],[150.231172,-35.386574],[150.229488,-35.385185],[150.228986,-35.384243],[150.229624,-35.382604],[150.229475,-35.381749],[150.228161,-35.380923],[150.227844,-35.38179],[150.226723,-35.382964],[150.225114,-35.383577],[150.223523,-35.384668],[150.221635,-35.384047],[150.21999,-35.383707],[150.219376,-35.382863],[150.219784,-35.381326],[150.220338,-35.380548],[150.220422,-35.379687],[150.219323,-35.378378],[150.21805,-35.378601],[150.216928,-35.379775],[150.215341,-35.38096],[150.213686,-35.380334],[150.211342,-35.380011],[150.208497,-35.378746],[150.206835,-35.377929],[150.206926,-35.377258],[150.207801,-35.375709],[150.208806,-35.374538],[150.209232,-35.373477],[150.208793,-35.371102],[150.207977,-35.367972],[150.206664,-35.367146],[150.2051,-35.365849],[150.202376,-35.364676],[150.201081,-35.364327],[150.199479,-35.365131],[150.197616,-35.365178],[150.196358,-35.364273],[150.196209,-35.36391],[150.19773,-35.361038],[150.199421,-35.356413],[150.201403,-35.353309],[150.202262,-35.351378],[150.20593,-35.349758],[150.210239,-35.346595],[150.211339,-35.344849],[150.215683,-35.342639],[150.21631,-35.340714],[150.218319,-35.338372],[150.218584,-35.33302],[150.218759,-35.331488],[150.222759,-35.332532],[150.221982,-35.330452],[150.224427,-35.329178],[150.226881,-35.33062],[150.226876,-35.330495]],[[150.224991,-35.449597],[150.223404,-35.451665],[150.223139,-35.451912],[150.222566,-35.45211],[150.221812,-35.452858],[150.221476,-35.453091],[150.221746,-35.453538],[150.222099,-35.453342],[150.222274,-35.455357],[150.223092,-35.457413],[150.223082,-35.457871],[150.223327,-35.458313],[150.223504,-35.459115],[150.223415,-35.459769],[150.228737,-35.460997],[150.230838,-35.46104],[150.232786,-35.463186],[150.228814,-35.46239],[150.231555,-35.463236],[150.232681,-35.463765],[150.234557,-35.464163],[150.234684,-35.464016],[150.234669,-35.463615],[150.235464,-35.459968],[150.237337,-35.460111],[150.239781,-35.459954],[150.241161,-35.459442],[150.243132,-35.459105],[150.243631,-35.459952],[150.243762,-35.461317],[150.244317,-35.46177],[150.244341,-35.461957],[150.244967,-35.463087],[150.245553,-35.462778],[150.245754,-35.462942],[150.243747,-35.464822],[150.245604,-35.46582],[150.247323,-35.468067],[150.247727,-35.469488],[150.249297,-35.47088],[150.253734,-35.470958],[150.255278,-35.471683],[150.256473,-35.472416],[150.257832,-35.474386],[150.258232,-35.475712],[150.255995,-35.475196],[150.254991,-35.474215],[150.254925,-35.47456],[150.254605,-35.473812],[150.253807,-35.472675],[150.25365,-35.472577],[150.25377,-35.472623],[150.253675,-35.472487],[150.251391,-35.473786],[150.250465,-35.474001],[150.248793,-35.472993],[150.248182,-35.472245],[150.246316,-35.472293],[150.244794,-35.47214],[150.244031,-35.471809],[150.243537,-35.47284],[150.243569,-35.473699],[150.243835,-35.474551],[150.244596,-35.476154],[150.244986,-35.477195],[150.245004,-35.477676],[150.245299,-35.477678],[150.245231,-35.477811],[150.245315,-35.480005],[150.24804,-35.481081],[150.249245,-35.4821],[150.249409,-35.483337],[150.24782,-35.484523],[150.246542,-35.484651],[150.246257,-35.486376],[150.245831,-35.487437],[150.246348,-35.48876],[150.2472,-35.489693],[150.247488,-35.491117],[150.247804,-35.493305],[150.247498,-35.494458],[150.24745,-35.496273],[150.247155,-35.497712],[150.247643,-35.498833],[150.246162,-35.498928],[150.245732,-35.49867],[150.239249,-35.498116],[150.239396,-35.498741],[150.238131,-35.498511],[150.237787,-35.499713],[150.236468,-35.498792],[150.234475,-35.498556],[150.232748,-35.499173],[150.232554,-35.500228],[150.231155,-35.500263],[150.230364,-35.500951],[150.23237,-35.504623],[150.230253,-35.504199],[150.229139,-35.502509],[150.22778,-35.501546],[150.225527,-35.50515],[150.224507,-35.505127],[150.224455,-35.505205],[150.224268,-35.505121],[150.223459,-35.505103],[150.223397,-35.505188],[150.223697,-35.505815],[150.223601,-35.505793],[150.223257,-35.505382],[150.222919,-35.505847],[150.221554,-35.504431],[150.220197,-35.503249],[150.219586,-35.500973],[150.219595,-35.498897],[150.220421,-35.497587],[150.220763,-35.496239],[150.220944,-35.496001],[150.220919,-35.495832],[150.221109,-35.495255],[150.221283,-35.49359],[150.220441,-35.493134],[150.220594,-35.492649],[150.221193,-35.492505],[150.222071,-35.493441],[150.222582,-35.493839],[150.222846,-35.493505],[150.222904,-35.493194],[150.222838,-35.49228],[150.222126,-35.490752],[150.220806,-35.489535],[150.219365,-35.488686],[150.217442,-35.488176],[150.215751,-35.487957],[150.214288,-35.488171],[150.214577,-35.488532],[150.215658,-35.489158],[150.216642,-35.489024],[150.216747,-35.489541],[150.218244,-35.489762],[150.216625,-35.491026],[150.217134,-35.491496],[150.218057,-35.492118],[150.218398,-35.492513],[150.217994,-35.492929],[150.210692,-35.489847],[150.205785,-35.491376],[150.205909,-35.490962],[150.206107,-35.490631],[150.20272,-35.489048],[150.200077,-35.487014],[150.201348,-35.486696],[150.204369,-35.486334],[150.208877,-35.485171],[150.210816,-35.483977],[150.21172,-35.48319],[150.211345,-35.482531],[150.209699,-35.482191],[150.210122,-35.481035],[150.211503,-35.480523],[150.21146,-35.479379],[150.210138,-35.478362],[150.210692,-35.477584],[150.212915,-35.477719],[150.213869,-35.478268],[150.215993,-35.478883],[150.217388,-35.478752],[150.217822,-35.477882],[150.217779,-35.476738],[150.218591,-35.476622],[150.219371,-35.475648],[150.220519,-35.475141],[150.221317,-35.474644],[150.22209,-35.473479],[150.222634,-35.472415],[150.22412,-35.471614],[150.225978,-35.471376],[150.226011,-35.472235],[150.226506,-35.472986],[150.228371,-35.472939],[150.229653,-35.473231],[150.230236,-35.472891],[150.230787,-35.472018],[150.2311,-35.471056],[150.232209,-35.470266],[150.231768,-35.470013],[150.232572,-35.469294],[150.232108,-35.467861],[150.232163,-35.467764],[150.231998,-35.467254],[150.230135,-35.466124],[150.229864,-35.466124],[150.229756,-35.465894],[150.227371,-35.464448],[150.223471,-35.463532],[150.220922,-35.462642],[150.219494,-35.462359],[150.219601,-35.461668],[150.218856,-35.460469],[150.217756,-35.459137],[150.21795,-35.458638],[150.217741,-35.458055],[150.217679,-35.457387],[150.217807,-35.456615],[150.218256,-35.455679],[150.218127,-35.455047],[150.2174,-35.454349],[150.21624,-35.453734],[150.21482,-35.453197],[150.212741,-35.452015],[150.214783,-35.448232],[150.216791,-35.448724],[150.216716,-35.449713],[150.217842,-35.450057],[150.217315,-35.448852],[150.217376,-35.448867],[150.217837,-35.449922],[150.219957,-35.45057],[150.221245,-35.452707],[150.223304,-35.451068],[150.224148,-35.450131],[150.224827,-35.449001],[150.225469,-35.447507],[150.226146,-35.446298],[150.227079,-35.445272],[150.227447,-35.44496],[150.227573,-35.444962],[150.227574,-35.445065],[150.226772,-35.445881],[150.226042,-35.447029],[150.224991,-35.449597]]]},"properties":{"OBJECTID":32903,"FireType":1,"FireName":"Currowan 2","FireNo":"20011071572","FireYear":201920,"Label":"2019-20 Wildfire","StartDate":1574686800000,"EndDate":1581080400000,"Intensity":9999,"AreaHa":297252.30139472,"PerimeterM":1114916.92953913,"OFHObjMet":null,"ObjNotMet":null,"NPWSBranch":"STHC","NPWSArea":"SHOA","VerDate":1788739200000,"Shape.STArea()":0.2941447937013647,"Shape.STLength()":11.178088909002339}}]}