{"type":"FeatureCollection","features":[{"type":"Feature","id":2365,"geometry":{"type":"Polygon","coordinates":[[[150.384425,-33.619459],[150.382215,-33.618402],[150.381636,-33.618327],[150.380162,-33.618593],[150.378719,-33.61822],[150.376478,-33.617136],[150.375736,-33.617435],[150.374402,-33.617723],[150.374101,-33.61768],[150.373994,-33.616966],[150.373346,-33.616276],[150.371981,-33.615471],[150.370572,-33.613954],[150.369622,-33.613303],[150.368332,-33.613212],[150.365927,-33.613612],[150.364505,-33.613626],[150.363388,-33.6128],[150.362693,-33.61119],[150.362508,-33.610203],[150.361965,-33.609632],[150.361116,-33.609903],[150.360422,-33.610402],[150.361075,-33.611615],[150.361146,-33.613501],[150.359899,-33.615899],[150.358498,-33.617321],[150.356185,-33.620012],[150.353216,-33.622635],[150.35308,-33.623209],[150.353108,-33.623697],[150.353759,-33.623927],[150.355679,-33.622805],[150.356889,-33.621641],[150.358643,-33.621029],[150.358943,-33.621081],[150.359174,-33.623051],[150.358014,-33.625046],[150.357798,-33.628576],[150.357956,-33.629399],[150.359106,-33.629866],[150.360905,-33.630256],[150.363444,-33.632176],[150.365153,-33.633736],[150.36666,-33.636996],[150.368239,-33.638589],[150.36913,-33.639762],[150.370112,-33.640432],[150.371743,-33.642433],[150.372166,-33.643767],[150.371997,-33.645783],[150.372093,-33.647245],[150.371426,-33.649674],[150.372931,-33.649454],[150.373528,-33.649683],[150.374257,-33.651249],[150.374644,-33.651618],[150.377153,-33.651716],[150.377945,-33.651905],[150.379615,-33.651246],[150.38101,-33.651086],[150.38158,-33.651504],[150.381745,-33.652815],[150.381929,-33.653134],[150.38724,-33.652561],[150.387762,-33.652058],[150.388647,-33.65059],[150.38917,-33.648987],[150.389966,-33.648327],[150.390568,-33.648376],[150.39155,-33.649064],[150.392427,-33.648929],[150.393771,-33.647245],[150.393668,-33.646395],[150.392966,-33.644622],[150.392925,-33.642764],[150.393584,-33.641299],[150.394849,-33.640461],[150.397423,-33.640542],[150.398602,-33.639692],[150.399818,-33.63759],[150.401051,-33.635669],[150.40262,-33.634367],[150.403148,-33.632945],[150.403653,-33.631206],[150.401494,-33.630602],[150.401337,-33.629733],[150.401035,-33.629366],[150.400187,-33.629267],[150.3992,-33.629472],[150.398731,-33.630381],[150.398455,-33.631322],[150.398098,-33.631712],[150.397771,-33.631822],[150.395803,-33.630599],[150.392497,-33.630521],[150.391711,-33.630152],[150.390819,-33.628637],[150.387479,-33.624653],[150.385738,-33.623796],[150.385138,-33.623315],[150.385033,-33.62251],[150.385343,-33.620452],[150.384425,-33.619459]]]},"properties":{"OBJECTID":2365,"FireType":1,"FireName":"","FireNo":"","FireYear":197677,"Label":"1976-77 Wildfire","StartDate":null,"EndDate":null,"Intensity":null,"AreaHa":1048.12978624,"PerimeterM":17060.09147288,"OFHObjMet":null,"ObjNotMet":null,"NPWSBranch":"BMTN","NPWSArea":"UPMT","VerDate":1788739200000,"Shape.STArea()":0.0010185061402571735,"Shape.STLength()":0.16761787479895265}},{"type":"Feature","id":2366,"geometry":{"type":"Polygon","coordinates":[[[150.354828,-33.627737],[150.354116,-33.627757],[150.353705,-33.628506],[150.353807,-33.629058],[150.354927,-33.629434],[150.355473,-33.629202],[150.355754,-33.628451],[150.35551,-33.627968],[150.354828,-33.627737]]]},"properties":{"OBJECTID":2366,"FireType":1,"FireName":"","FireNo":"","FireYear":197677,"Label":"1976-77 Wildfire","StartDate":null,"EndDate":null,"Intensity":null,"AreaHa":2.67906454,"PerimeterM":602.01535408,"OFHObjMet":null,"ObjNotMet":null,"NPWSBranch":"BMTN","NPWSArea":"UPMT","VerDate":1788739200000,"Shape.STArea()":2.6032295994251667e-06,"Shape.STLength()":0.005966280717724283}},{"type":"Feature","id":2503,"geometry":{"type":"Polygon","coordinates":[[[150.384425,-33.619459],[150.382215,-33.618402],[150.381636,-33.618327],[150.380162,-33.618593],[150.378719,-33.61822],[150.376478,-33.617136],[150.375736,-33.617435],[150.374402,-33.617723],[150.374101,-33.61768],[150.373994,-33.616966],[150.373346,-33.616276],[150.371981,-33.615471],[150.370572,-33.613954],[150.369622,-33.613303],[150.368332,-33.613212],[150.365927,-33.613612],[150.364505,-33.613626],[150.363388,-33.6128],[150.362693,-33.61119],[150.362508,-33.610203],[150.361965,-33.609632],[150.361116,-33.609903],[150.360422,-33.610402],[150.361075,-33.611615],[150.361146,-33.613501],[150.359899,-33.615899],[150.358498,-33.617321],[150.356185,-33.620012],[150.353216,-33.622635],[150.35308,-33.623209],[150.353108,-33.623697],[150.353759,-33.623927],[150.355679,-33.622805],[150.356889,-33.621641],[150.358643,-33.621029],[150.358943,-33.621081],[150.359174,-33.623051],[150.358014,-33.625046],[150.357798,-33.628576],[150.357956,-33.629399],[150.359106,-33.629866],[150.360905,-33.630256],[150.363444,-33.632176],[150.365153,-33.633736],[150.36666,-33.636996],[150.368239,-33.638589],[150.36913,-33.639762],[150.370112,-33.640432],[150.371743,-33.642433],[150.372166,-33.643767],[150.371997,-33.645783],[150.372093,-33.647245],[150.371426,-33.649674],[150.372931,-33.649454],[150.373528,-33.649683],[150.374257,-33.651249],[150.374644,-33.651618],[150.377153,-33.651716],[150.377945,-33.651905],[150.379615,-33.651246],[150.38101,-33.651086],[150.38158,-33.651504],[150.381745,-33.652815],[150.381929,-33.653134],[150.38724,-33.652561],[150.387762,-33.652058],[150.388647,-33.65059],[150.38917,-33.648987],[150.389966,-33.648327],[150.390568,-33.648376],[150.39155,-33.649064],[150.392427,-33.648929],[150.393771,-33.647245],[150.393668,-33.646395],[150.392966,-33.644622],[150.392925,-33.642764],[150.393584,-33.641299],[150.394849,-33.640461],[150.397423,-33.640542],[150.398602,-33.639692],[150.399818,-33.63759],[150.401051,-33.635669],[150.40262,-33.634367],[150.403148,-33.632945],[150.403653,-33.631206],[150.401494,-33.630602],[150.401337,-33.629733],[150.401035,-33.629366],[150.400187,-33.629267],[150.3992,-33.629472],[150.398731,-33.630381],[150.398455,-33.631322],[150.398098,-33.631712],[150.397771,-33.631822],[150.395803,-33.630599],[150.392497,-33.630521],[150.391711,-33.630152],[150.390819,-33.628637],[150.387479,-33.624653],[150.385738,-33.623796],[150.385138,-33.623315],[150.385033,-33.62251],[150.385343,-33.620452],[150.384425,-33.619459]]]},"properties":{"OBJECTID":2503,"FireType":1,"FireName":"","FireNo":"","FireYear":197778,"Label":"1977-78 Wildfire","StartDate":null,"EndDate":null,"Intensity":null,"AreaHa":1048.12978624,"PerimeterM":17060.09147288,"OFHObjMet":null,"ObjNotMet":null,"NPWSBranch":"BMTN","NPWSArea":"UPMT","VerDate":1788739200000,"Shape.STArea()":0.0010185061402571735,"Shape.STLength()":0.16761787479895265}},{"type":"Feature","id":2504,"geometry":{"type":"Polygon","coordinates":[[[150.354828,-33.627737],[150.354116,-33.627757],[150.353705,-33.628506],[150.353807,-33.629058],[150.354927,-33.629434],[150.355473,-33.629202],[150.355754,-33.628451],[150.35551,-33.627968],[150.354828,-33.627737]]]},"properties":{"OBJECTID":2504,"FireType":1,"FireName":"","FireNo":"","FireYear":197778,"Label":"1977-78 Wildfire","StartDate":null,"EndDate":null,"Intensity":null,"AreaHa":2.67906454,"PerimeterM":602.01535408,"OFHObjMet":null,"ObjNotMet":null,"NPWSBranch":"BMTN","NPWSArea":"UPMT","VerDate":1788739200000,"Shape.STArea()":2.6032295994251667e-06,"Shape.STLength()":0.005966280717724283}},{"type":"Feature","id":2599,"geometry":{"type":"Polygon","coordinates":[[[150.271526,-33.498536],[150.272312,-33.499888],[150.27687,-33.502431],[150.277987,-33.503195],[150.279872,-33.507285],[150.281867,-33.510592],[150.282135,-33.511653],[150.285104,-33.511709],[150.286199,-33.51213],[150.286983,-33.512886],[150.29185,-33.515228],[150.293479,-33.516472],[150.294294,-33.516932],[150.294811,-33.518656],[150.295536,-33.519213],[150.296413,-33.519376],[150.300322,-33.518641],[150.303321,-33.518418],[150.304113,-33.518931],[150.305594,-33.522191],[150.306572,-33.523276],[150.309398,-33.524825],[150.310091,-33.526427],[150.310029,-33.528427],[150.309032,-33.530371],[150.309221,-33.531583],[150.309926,-33.532113],[150.314966,-33.533079],[150.316412,-33.53366],[150.320052,-33.536083],[150.32261,-33.536553],[150.32667,-33.537921],[150.329826,-33.539612],[150.332587,-33.540519],[150.333888,-33.54162],[150.335344,-33.545041],[150.336124,-33.545599],[150.336565,-33.546312],[150.33776,-33.550881],[150.338353,-33.552598],[150.338809,-33.553194],[150.342136,-33.554591],[150.342565,-33.555006],[150.343076,-33.556261],[150.343352,-33.556726],[150.344334,-33.55737],[150.344379,-33.558011],[150.34324,-33.561106],[150.343449,-33.562706],[150.344152,-33.564731],[150.345071,-33.565995],[150.349915,-33.568561],[150.351981,-33.570723],[150.352712,-33.571136],[150.354923,-33.571742],[150.357786,-33.572146],[150.359177,-33.572085],[150.359829,-33.573668],[150.361028,-33.573558],[150.361981,-33.57338],[150.362338,-33.573677],[150.362303,-33.574848],[150.362683,-33.575785],[150.363212,-33.578591],[150.363726,-33.579413],[150.364403,-33.579788],[150.365093,-33.579082],[150.365717,-33.578734],[150.366244,-33.579124],[150.366092,-33.580942],[150.366683,-33.581676],[150.369066,-33.581979],[150.370044,-33.581684],[150.371027,-33.58194],[150.371767,-33.582749],[150.372148,-33.583],[150.374901,-33.583843],[150.374671,-33.585028],[150.374833,-33.585374],[150.375512,-33.585722],[150.375539,-33.586273],[150.376159,-33.587124],[150.375986,-33.588915],[150.376823,-33.590105],[150.377297,-33.590088],[150.37786,-33.590361],[150.378188,-33.591261],[150.377831,-33.592037],[150.376439,-33.592098],[150.376025,-33.592621],[150.376732,-33.593457],[150.377219,-33.593755],[150.37727,-33.594902],[150.375705,-33.595698],[150.375919,-33.596108],[150.375781,-33.596754],[150.375146,-33.596723],[150.373058,-33.595254],[150.371688,-33.595315],[150.37125,-33.59591],[150.37209,-33.596964],[150.372596,-33.598409],[150.372347,-33.5988],[150.370879,-33.598174],[150.370556,-33.598176],[150.369727,-33.598862],[150.369777,-33.59971],[150.372134,-33.602609],[150.372791,-33.602632],[150.373099,-33.602062],[150.373723,-33.602084],[150.374566,-33.603418],[150.376179,-33.603885],[150.377248,-33.603457],[150.3779,-33.603615],[150.377809,-33.604488],[150.378054,-33.604944],[150.382701,-33.604826],[150.384452,-33.604304],[150.387454,-33.60443],[150.389699,-33.603964],[150.394756,-33.603476],[150.395769,-33.602397],[150.397419,-33.601629],[150.398296,-33.600395],[150.400025,-33.599502],[150.400145,-33.598035],[150.399925,-33.597093],[150.400393,-33.596228],[150.40166,-33.59566],[150.403022,-33.595851],[150.404004,-33.595457],[150.404564,-33.594387],[150.407427,-33.593734],[150.408418,-33.594125],[150.4089,-33.594198],[150.409916,-33.593372],[150.411939,-33.593081],[150.412577,-33.592283],[150.412563,-33.589875],[150.414011,-33.588643],[150.415655,-33.587686],[150.417502,-33.585741],[150.41851,-33.585149],[150.420044,-33.585388],[150.420868,-33.585207],[150.421748,-33.584225],[150.423084,-33.583856],[150.424589,-33.58432],[150.425353,-33.584354],[150.428846,-33.583516],[150.429318,-33.582849],[150.429218,-33.581883],[150.429736,-33.581497],[150.4323,-33.58146],[150.433371,-33.580959],[150.434611,-33.579082],[150.435241,-33.578906],[150.435859,-33.579135],[150.436463,-33.579112],[150.439284,-33.5777],[150.439948,-33.576371],[150.440907,-33.575624],[150.442578,-33.575578],[150.444381,-33.574713],[150.44581,-33.573733],[150.445979,-33.572754],[150.447073,-33.572154],[150.447592,-33.572454],[150.44889,-33.573724],[150.449734,-33.573958],[150.451189,-33.573934],[150.452447,-33.573663],[150.45313,-33.572018],[150.453901,-33.570708],[150.453129,-33.567293],[150.45178,-33.564083],[150.451922,-33.563301],[150.452837,-33.564772],[150.453895,-33.566903],[150.456398,-33.569669],[150.457073,-33.570151],[150.457592,-33.571208],[150.458377,-33.571594],[150.45926,-33.571603],[150.461201,-33.570416],[150.461269,-33.568101],[150.461434,-33.566905],[150.461287,-33.564567],[150.461694,-33.563908],[150.462597,-33.564684],[150.462689,-33.566705],[150.463418,-33.568271],[150.463086,-33.569689],[150.46322,-33.571729],[150.463927,-33.572239],[150.464907,-33.572241],[150.466419,-33.570613],[150.467343,-33.569956],[150.468032,-33.569979],[150.468107,-33.570738],[150.466736,-33.572676],[150.466569,-33.573601],[150.466666,-33.575063],[150.466659,-33.576785],[150.467664,-33.57851],[150.468615,-33.579882],[150.469963,-33.582416],[150.474006,-33.581922],[150.476853,-33.581078],[150.478989,-33.580238],[150.479763,-33.578793],[150.4801,-33.576852],[150.479648,-33.574986],[150.476911,-33.569827],[150.476748,-33.56803],[150.476047,-33.566951],[150.476708,-33.566081],[150.477474,-33.566016],[150.478042,-33.567623],[150.478542,-33.570771],[150.479168,-33.571848],[150.480634,-33.573293],[150.480892,-33.575543],[150.481745,-33.575849],[150.486382,-33.576755],[150.488343,-33.577841],[150.48861,-33.579424],[150.488985,-33.580225],[150.489917,-33.580776],[150.491637,-33.580901],[150.494041,-33.580102],[150.495138,-33.578294],[150.496349,-33.578138],[150.500797,-33.579662],[150.501225,-33.579391],[150.501341,-33.578726],[150.501072,-33.578315],[150.500144,-33.577647],[150.49813,-33.575776],[150.498404,-33.575231],[150.500947,-33.57595],[150.502725,-33.576301],[150.504587,-33.577845],[150.505388,-33.578086],[150.507558,-33.577156],[150.510272,-33.578681],[150.510945,-33.578126],[150.510886,-33.576403],[150.509884,-33.575679],[150.507461,-33.575279],[150.506931,-33.574619],[150.507281,-33.574058],[150.509675,-33.573223],[150.510257,-33.572459],[150.511095,-33.571782],[150.512495,-33.570268],[150.512888,-33.569329],[150.511767,-33.568261],[150.511645,-33.567258],[150.512284,-33.566351],[150.515665,-33.565634],[150.516737,-33.565809],[150.519876,-33.565647],[150.520503,-33.565181],[150.520298,-33.564447],[150.518688,-33.563504],[150.518382,-33.562912],[150.51867,-33.562638],[150.519332,-33.562832],[150.522239,-33.562863],[150.522935,-33.562255],[150.52306,-33.561635],[150.522038,-33.561236],[150.520665,-33.561028],[150.520303,-33.560498],[150.521305,-33.559734],[150.52208,-33.55901],[150.522329,-33.557834],[150.522374,-33.557005],[150.521713,-33.556766],[150.519208,-33.557762],[150.518535,-33.558317],[150.517873,-33.559638],[150.517136,-33.559785],[150.515794,-33.559623],[150.514201,-33.5596],[150.513294,-33.559311],[150.51264,-33.559226],[150.511688,-33.559748],[150.508969,-33.559531],[150.507877,-33.55968],[150.505634,-33.560906],[150.504083,-33.561317],[150.502449,-33.560815],[150.501956,-33.560381],[150.501787,-33.557628],[150.502923,-33.557065],[150.503913,-33.557094],[150.505386,-33.556429],[150.505439,-33.555349],[150.506543,-33.554397],[150.506769,-33.553266],[150.506083,-33.552792],[150.50249,-33.553026],[150.501862,-33.552788],[150.503664,-33.551174],[150.504991,-33.550326],[150.507481,-33.55025],[150.507658,-33.549695],[150.506914,-33.548995],[150.505621,-33.548644],[150.505087,-33.548128],[150.505135,-33.54757],[150.508841,-33.548258],[150.509631,-33.54813],[150.509444,-33.547125],[150.508883,-33.54605],[150.507276,-33.545387],[150.504725,-33.544984],[150.502777,-33.544944],[150.5018,-33.544086],[150.499365,-33.542648],[150.498692,-33.541733],[150.498669,-33.54066],[150.498345,-33.539193],[150.495291,-33.534226],[150.494381,-33.532179],[150.493899,-33.528346],[150.4941,-33.527377],[150.495152,-33.526722],[150.496199,-33.525886],[150.496348,-33.524825],[150.496011,-33.524188],[150.495766,-33.522974],[150.495965,-33.522032],[150.495481,-33.520913],[150.493757,-33.519859],[150.493464,-33.518825],[150.492645,-33.518466],[150.491135,-33.51858],[150.490599,-33.518885],[150.489804,-33.519923],[150.489053,-33.522072],[150.488969,-33.523865],[150.48994,-33.526039],[150.489875,-33.527165],[150.489306,-33.527857],[150.486239,-33.528921],[150.483733,-33.528843],[150.479615,-33.5272],[150.478228,-33.526766],[150.476388,-33.527107],[150.47508,-33.526936],[150.473776,-33.526224],[150.47173,-33.525894],[150.470693,-33.526008],[150.470005,-33.526697],[150.469583,-33.528618],[150.468935,-33.529056],[150.467056,-33.527421],[150.465795,-33.527459],[150.465416,-33.52792],[150.465769,-33.52872],[150.466769,-33.530256],[150.466735,-33.531797],[150.469782,-33.533248],[150.470434,-33.533802],[150.4706,-33.535113],[150.469908,-33.535955],[150.467835,-33.536156],[150.465954,-33.535667],[150.464675,-33.534126],[150.462169,-33.533317],[150.461373,-33.533292],[150.460853,-33.534138],[150.460796,-33.535336],[150.461069,-33.535954],[150.462322,-33.536548],[150.462725,-33.537106],[150.462492,-33.539211],[150.461155,-33.539274],[150.460229,-33.538885],[150.458896,-33.538813],[150.45832,-33.538648],[150.456961,-33.537267],[150.455846,-33.537082],[150.455346,-33.537243],[150.454803,-33.538152],[150.453654,-33.538768],[150.452583,-33.538584],[150.450552,-33.535891],[150.449572,-33.535159],[150.446414,-33.534571],[150.444354,-33.535051],[150.443545,-33.535116],[150.442028,-33.532154],[150.440962,-33.531781],[150.440339,-33.531389],[150.439638,-33.529941],[150.439693,-33.528454],[150.440103,-33.528066],[150.442509,-33.527133],[150.444055,-33.525831],[150.444815,-33.525973],[150.448133,-33.522958],[150.44977,-33.522549],[150.450507,-33.522754],[150.450887,-33.523745],[150.450495,-33.524638],[150.450414,-33.525574],[150.450192,-33.526147],[150.448827,-33.526804],[150.448742,-33.527154],[150.449253,-33.527705],[150.452004,-33.528222],[150.453408,-33.527718],[150.454122,-33.526507],[150.45418,-33.525634],[150.453562,-33.523565],[150.454138,-33.522261],[150.454578,-33.521603],[150.456242,-33.521375],[150.457193,-33.516842],[150.457693,-33.516311],[150.4593,-33.516182],[150.459356,-33.515011],[150.459579,-33.514366],[150.460374,-33.514076],[150.462495,-33.515156],[150.463751,-33.515642],[150.464795,-33.515627],[150.466924,-33.513498],[150.470738,-33.510393],[150.472271,-33.510262],[150.472696,-33.510812],[150.471796,-33.512137],[150.471768,-33.512731],[150.473324,-33.512168],[150.474681,-33.512493],[150.476038,-33.514333],[150.476399,-33.514512],[150.478368,-33.514155],[150.478965,-33.514339],[150.47972,-33.51503],[150.480218,-33.515329],[150.481798,-33.515379],[150.484477,-33.514306],[150.485706,-33.513511],[150.4868,-33.513263],[150.487838,-33.513473],[150.48879,-33.513312],[150.488933,-33.512828],[150.488363,-33.512438],[150.48847,-33.512097],[150.489368,-33.511917],[150.489683,-33.510355],[150.488953,-33.508798],[150.4875,-33.508426],[150.487014,-33.50774],[150.487296,-33.507277],[150.489284,-33.507011],[150.489617,-33.505539],[150.490086,-33.504944],[150.491481,-33.504359],[150.492955,-33.50438],[150.494782,-33.505211],[150.495162,-33.505101],[150.495925,-33.504395],[150.496783,-33.50224],[150.495751,-33.500334],[150.495545,-33.499645],[150.495816,-33.499191],[150.496582,-33.499143],[150.49722,-33.498281],[150.497264,-33.497146],[150.496251,-33.494953],[150.496428,-33.49364],[150.498172,-33.492864],[150.498461,-33.492563],[150.498455,-33.491282],[150.498945,-33.491824],[150.49947,-33.491889],[150.499785,-33.490669],[150.499704,-33.48826],[150.499937,-33.487273],[150.501893,-33.485861],[150.502092,-33.484549],[150.503582,-33.483614],[150.504252,-33.482004],[150.504236,-33.480697],[150.50281,-33.478252],[150.502641,-33.475913],[150.503475,-33.474226],[150.503075,-33.473154],[150.502255,-33.472867],[150.502055,-33.47234],[150.501088,-33.472284],[150.500881,-33.471649],[150.499255,-33.470931],[150.498437,-33.469841],[150.497448,-33.467558],[150.496269,-33.46629],[150.49554,-33.464716],[150.495539,-33.463616],[150.496503,-33.461877],[150.496119,-33.460643],[150.496266,-33.459654],[150.498235,-33.458143],[150.499841,-33.457644],[150.500787,-33.456914],[150.501555,-33.450402],[150.502293,-33.446801],[150.503093,-33.445889],[150.504495,-33.445782],[150.506809,-33.447217],[150.507628,-33.447522],[150.509107,-33.447353],[150.510489,-33.446047],[150.511423,-33.444956],[150.513248,-33.443199],[150.51462,-33.442586],[150.515796,-33.442456],[150.517671,-33.443459],[150.518438,-33.443717],[150.519053,-33.442549],[150.518461,-33.440661],[150.519149,-33.440666],[150.522053,-33.440273],[150.52351,-33.439707],[150.523523,-33.438148],[150.523176,-33.436356],[150.524006,-33.435885],[150.52592,-33.435915],[150.527535,-33.435442],[150.528657,-33.435338],[150.530243,-33.43592],[150.531972,-33.435611],[150.533359,-33.435621],[150.534865,-33.436381],[150.53585,-33.436527],[150.536883,-33.436124],[150.537691,-33.434932],[150.53921,-33.433312],[150.540361,-33.432911],[150.540483,-33.432039],[150.54076,-33.431738],[150.542574,-33.430701],[150.542849,-33.429732],[150.543759,-33.429489],[150.545056,-33.427729],[150.547496,-33.426623],[150.549841,-33.424659],[150.550349,-33.423037],[150.551501,-33.421852],[150.552544,-33.421467],[150.554218,-33.421572],[150.556505,-33.419796],[150.55657,-33.417453],[150.557386,-33.415602],[150.557016,-33.414224],[150.557231,-33.413444],[150.559272,-33.4116],[150.559185,-33.405864],[150.559052,-33.40486],[150.559869,-33.402938],[150.559608,-33.401508],[150.560967,-33.399019],[150.561998,-33.396001],[150.562683,-33.393021],[150.563506,-33.392406],[150.56436,-33.391476],[150.568189,-33.387917],[150.568812,-33.385603],[150.569027,-33.38522],[150.569936,-33.384624],[150.570358,-33.384119],[150.570581,-33.383068],[150.571497,-33.381833],[150.573994,-33.380132],[150.574469,-33.379285],[150.57649,-33.378883],[150.577325,-33.377853],[150.578063,-33.377191],[150.578995,-33.377291],[150.5804,-33.376245],[150.582416,-33.37642],[150.585615,-33.376139],[150.587254,-33.376352],[150.588128,-33.376973],[150.588799,-33.378374],[150.588624,-33.380418],[150.588758,-33.380646],[150.590414,-33.38139],[150.591745,-33.382615],[150.592391,-33.383737],[150.59283,-33.384205],[150.593376,-33.384252],[150.595464,-33.382976],[150.596361,-33.382795],[150.598307,-33.383175],[150.599916,-33.383297],[150.601805,-33.382621],[150.604323,-33.382498],[150.606489,-33.381891],[150.608516,-33.382065],[150.609631,-33.381771],[150.611638,-33.380683],[150.613066,-33.38034],[150.613501,-33.380141],[150.6151,-33.377873],[150.616035,-33.377494],[150.617398,-33.374815],[150.61822,-33.374227],[150.614646,-33.373653],[150.613011,-33.37291],[150.611125,-33.372332],[150.608484,-33.371073],[150.605764,-33.369136],[150.603373,-33.367774],[150.601278,-33.3662],[150.59904,-33.365886],[150.598276,-33.365538],[150.596584,-33.364955],[150.595845,-33.364454],[150.593158,-33.363311],[150.591487,-33.362729],[150.588801,-33.360395],[150.586664,-33.358027],[150.582517,-33.353736],[150.579876,-33.351701],[150.579633,-33.351173],[150.58021,-33.350923],[150.580402,-33.350584],[150.580548,-33.349162],[150.580629,-33.345864],[150.582105,-33.34298],[150.583201,-33.342596],[150.584758,-33.342608],[150.588228,-33.343379],[150.589318,-33.343228],[150.590116,-33.342703],[150.591205,-33.339063],[150.591163,-33.337845],[150.590675,-33.336835],[150.589488,-33.335865],[150.586599,-33.33507],[150.583465,-33.333422],[150.581569,-33.330914],[150.581337,-33.329584],[150.582056,-33.328047],[150.5842,-33.326665],[150.584722,-33.326025],[150.585037,-33.32513],[150.584447,-33.323135],[150.582957,-33.321501],[150.581845,-33.320938],[150.580064,-33.320858],[150.575166,-33.322422],[150.574232,-33.322413],[150.569629,-33.320691],[150.566899,-33.320403],[150.562714,-33.320654],[150.559928,-33.32041],[150.557124,-33.319679],[150.554862,-33.318751],[150.553125,-33.317499],[150.551586,-33.315332],[150.551025,-33.313887],[150.549249,-33.313645],[150.548351,-33.313095],[150.547846,-33.311967],[150.547422,-33.310615],[150.545978,-33.310028],[150.544778,-33.309932],[150.543712,-33.309262],[150.543127,-33.307925],[150.543235,-33.307151],[150.544174,-33.306584],[150.5445,-33.306076],[150.543888,-33.30454],[150.543984,-33.303388],[150.544624,-33.300876],[150.54441,-33.300457],[150.543572,-33.300477],[150.542002,-33.301338],[150.541213,-33.301521],[150.540892,-33.299937],[150.541046,-33.298651],[150.540501,-33.297801],[150.53922,-33.297559],[150.537946,-33.29666],[150.535696,-33.294586],[150.53452,-33.294392],[150.532326,-33.295277],[150.531046,-33.295377],[150.530309,-33.295606],[150.52857,-33.297132],[150.527627,-33.298592],[150.527085,-33.298382],[150.526248,-33.296824],[150.525327,-33.295985],[150.524871,-33.29502],[150.524443,-33.294588],[150.523052,-33.294046],[150.522199,-33.291937],[150.521497,-33.290941],[150.519893,-33.289971],[150.518057,-33.290349],[150.51643,-33.289793],[150.515565,-33.288505],[150.514735,-33.28636],[150.514302,-33.285738],[150.512192,-33.284028],[150.511997,-33.283339],[150.510005,-33.28017],[150.507431,-33.277811],[150.506533,-33.277693],[150.50448,-33.278157],[150.503969,-33.277994],[150.501954,-33.276745],[150.501235,-33.276766],[150.495754,-33.278874],[150.492824,-33.279599],[150.491451,-33.281041],[150.491053,-33.281827],[150.490492,-33.282311],[150.486851,-33.281625],[150.485728,-33.281845],[150.484761,-33.28261],[150.482154,-33.283315],[150.47865,-33.28273],[150.477674,-33.283071],[150.475884,-33.284071],[150.470851,-33.286638],[150.470063,-33.286414],[150.470178,-33.28575],[150.471612,-33.284796],[150.472546,-33.283309],[150.472172,-33.282517],[150.467666,-33.283895],[150.465648,-33.284269],[150.464365,-33.283729],[150.463486,-33.282187],[150.464062,-33.280846],[150.465739,-33.279636],[150.465847,-33.278142],[150.464911,-33.277464],[150.4627,-33.277446],[150.462112,-33.27848],[150.461334,-33.279041],[150.459971,-33.279401],[150.458012,-33.278099],[150.457144,-33.278406],[150.454374,-33.277682],[150.454975,-33.275837],[150.454703,-33.274487],[150.453153,-33.273175],[150.45244,-33.272953],[150.451535,-33.273079],[150.450381,-33.273993],[150.450074,-33.275321],[150.447412,-33.277899],[150.445305,-33.278749],[150.444592,-33.278536],[150.444305,-33.278079],[150.445353,-33.277082],[150.446542,-33.274609],[150.446025,-33.273173],[150.445012,-33.272972],[150.441855,-33.273358],[150.441043,-33.273963],[150.440904,-33.27543],[150.440715,-33.275643],[150.4399,-33.275626],[150.438964,-33.276788],[150.43836,-33.276884],[150.437731,-33.274923],[150.436839,-33.27385],[150.435577,-33.273337],[150.433867,-33.274185],[150.433761,-33.275607],[150.432969,-33.27624],[150.428743,-33.276496],[150.427274,-33.276465],[150.427021,-33.275919],[150.429252,-33.274144],[150.429868,-33.273273],[150.429395,-33.272587],[150.427911,-33.272286],[150.425645,-33.272356],[150.424643,-33.272822],[150.424015,-33.272674],[150.421836,-33.273016],[150.420983,-33.273927],[150.420555,-33.276064],[150.42015,-33.276705],[150.41923,-33.277317],[150.418683,-33.276936],[150.418831,-33.276308],[150.419468,-33.275086],[150.419821,-33.273299],[150.41888,-33.272432],[150.418011,-33.272423],[150.417141,-33.273162],[150.41625,-33.27501],[150.413919,-33.276161],[150.410463,-33.278316],[150.409642,-33.279949],[150.40971,-33.284539],[150.410307,-33.289051],[150.410924,-33.289965],[150.413257,-33.290943],[150.414268,-33.290865],[150.415745,-33.291031],[150.41644,-33.291478],[150.417737,-33.294102],[150.419338,-33.295145],[150.421094,-33.295668],[150.422717,-33.29636],[150.42394,-33.297837],[150.424853,-33.300011],[150.424953,-33.303196],[150.425163,-33.305535],[150.427289,-33.307364],[150.428321,-33.308432],[150.428156,-33.310042],[150.428831,-33.312626],[150.42983,-33.313737],[150.431588,-33.314567],[150.435997,-33.313622],[150.43704,-33.313589],[150.437674,-33.313918],[150.439453,-33.315893],[150.44069,-33.316568],[150.442221,-33.316716],[150.442647,-33.317582],[150.441806,-33.318051],[150.440208,-33.318343],[150.438527,-33.319282],[150.436438,-33.320204],[150.434745,-33.320448],[150.434211,-33.319608],[150.43452,-33.317856],[150.433875,-33.31713],[150.431952,-33.316784],[150.430135,-33.317594],[150.429339,-33.31838],[150.428599,-33.318707],[150.428015,-33.318118],[150.427218,-33.317831],[150.425435,-33.31893],[150.424016,-33.320433],[150.423422,-33.321268],[150.422609,-33.321531],[150.420563,-33.321371],[150.419862,-33.321817],[150.417958,-33.324473],[150.41575,-33.324319],[150.414565,-33.323735],[150.411687,-33.32152],[150.411279,-33.32153],[150.410288,-33.322726],[150.409584,-33.322919],[150.408398,-33.322335],[150.40708,-33.322236],[150.404549,-33.322868],[150.404195,-33.322843],[150.40334,-33.322329],[150.402328,-33.322064],[150.400986,-33.322054],[150.400195,-33.321929],[150.39984,-33.318676],[150.399314,-33.317944],[150.397061,-33.317148],[150.395765,-33.31631],[150.394267,-33.316855],[150.393361,-33.31662],[150.393591,-33.315398],[150.394864,-33.313387],[150.394985,-33.312236],[150.394309,-33.311104],[150.392747,-33.310936],[150.391159,-33.311966],[150.390411,-33.313276],[150.388788,-33.314053],[150.387793,-33.313582],[150.387108,-33.313495],[150.384852,-33.314232],[150.382232,-33.31424],[150.381951,-33.313585],[150.381488,-33.313268],[150.380419,-33.313093],[150.379885,-33.31264],[150.379105,-33.311433],[150.37815,-33.311422],[150.376822,-33.312007],[150.375859,-33.311887],[150.375497,-33.311059],[150.374355,-33.310115],[150.371732,-33.309501],[150.369802,-33.308694],[150.367544,-33.305941],[150.366643,-33.302334],[150.368043,-33.299334],[150.368059,-33.29846],[150.366669,-33.296843],[150.366218,-33.294327],[150.36485,-33.292351],[150.363024,-33.291293],[150.360103,-33.290979],[150.357927,-33.291924],[150.357374,-33.293193],[150.354305,-33.295976],[150.353966,-33.296898],[150.353959,-33.299603],[150.354728,-33.303315],[150.354097,-33.303573],[150.353446,-33.303459],[150.352659,-33.303912],[150.350153,-33.304047],[150.349581,-33.304152],[150.348395,-33.30538],[150.347794,-33.305359],[150.347485,-33.304559],[150.346989,-33.304638],[150.344152,-33.307904],[150.344007,-33.309145],[150.34328,-33.309752],[150.342831,-33.309319],[150.342257,-33.309117],[150.341851,-33.309415],[150.341712,-33.311161],[150.341368,-33.311902],[150.340032,-33.312036],[150.339274,-33.31082],[150.335808,-33.308979],[150.332472,-33.308538],[150.327179,-33.305683],[150.325717,-33.304687],[150.324694,-33.303736],[150.324596,-33.302382],[150.324197,-33.301381],[150.322701,-33.300429],[150.322201,-33.299589],[150.319713,-33.29739],[150.317287,-33.296309],[150.314504,-33.296393],[150.311417,-33.297986],[150.311111,-33.299205],[150.310473,-33.300742],[150.307979,-33.303294],[150.308319,-33.304464],[150.307794,-33.311052],[150.308335,-33.312335],[150.307882,-33.314841],[150.308286,-33.316022],[150.311102,-33.318039],[150.311501,-33.321104],[150.308498,-33.323086],[150.304806,-33.324755],[150.302834,-33.324613],[150.295829,-33.328527],[150.291878,-33.336825],[150.2919,-33.338196],[150.291411,-33.340088],[150.291816,-33.340196],[150.293433,-33.340015],[150.295245,-33.340478],[150.296389,-33.340656],[150.297613,-33.339971],[150.300907,-33.339754],[150.301685,-33.338896],[150.303591,-33.338054],[150.305403,-33.33849],[150.305667,-33.339704],[150.306853,-33.340929],[150.308068,-33.341262],[150.308592,-33.343752],[150.307919,-33.346425],[150.306532,-33.346827],[150.305271,-33.3501],[150.304773,-33.350927],[150.302782,-33.351389],[150.298997,-33.352533],[150.296979,-33.354229],[150.294234,-33.35508],[150.291652,-33.356259],[150.28791,-33.356024],[150.287256,-33.354927],[150.286459,-33.354639],[150.284357,-33.354539],[150.283097,-33.353935],[150.281473,-33.353629],[150.280308,-33.354126],[150.278994,-33.35563],[150.278523,-33.356963],[150.278095,-33.357594],[150.27733,-33.357649],[150.275439,-33.356977],[150.272813,-33.356775],[150.270961,-33.355535],[150.268645,-33.355736],[150.267433,-33.355313],[150.264915,-33.353391],[150.263818,-33.353088],[150.263256,-33.353526],[150.260996,-33.356415],[150.260767,-33.358899],[150.260342,-33.359773],[150.258156,-33.361654],[150.257517,-33.363199],[150.257802,-33.363702],[150.258867,-33.364005],[150.259149,-33.364254],[150.258136,-33.367775],[150.257916,-33.373396],[150.259383,-33.37836],[150.259341,-33.381415],[150.258589,-33.382427],[150.258342,-33.384134],[150.258915,-33.386076],[150.258997,-33.387908],[150.257997,-33.390005],[150.25659,-33.391326],[150.256387,-33.392665],[150.257133,-33.394557],[150.258573,-33.395941],[150.255104,-33.397902],[150.254058,-33.397689],[150.252388,-33.397111],[150.250617,-33.397396],[150.247839,-33.398552],[150.247097,-33.399933],[150.246662,-33.400446],[150.242679,-33.399249],[150.241662,-33.398451],[150.240688,-33.397293],[150.239815,-33.395696],[150.238309,-33.395374],[150.234935,-33.396371],[150.231879,-33.396466],[150.229506,-33.395394],[150.228433,-33.394667],[150.227027,-33.395618],[150.227186,-33.405142],[150.226498,-33.406497],[150.225253,-33.407452],[150.223224,-33.407037],[150.221149,-33.407053],[150.219578,-33.408109],[150.219154,-33.40928],[150.218778,-33.409921],[150.218206,-33.409656],[150.218115,-33.411168],[150.217664,-33.412159],[150.216549,-33.412404],[150.215096,-33.412119],[150.213535,-33.412202],[150.212209,-33.412992],[150.210628,-33.415355],[150.206232,-33.41769],[150.2046,-33.418275],[150.20389,-33.419981],[150.202684,-33.422379],[150.203354,-33.423269],[150.205194,-33.423247],[150.206983,-33.424108],[150.207048,-33.425092],[150.207496,-33.425886],[150.214357,-33.427862],[150.214308,-33.428366],[150.213338,-33.42911],[150.212205,-33.430266],[150.210376,-33.43063],[150.207926,-33.431576],[150.206995,-33.431447],[150.203706,-33.428722],[150.19933,-33.428398],[150.198682,-33.429158],[150.197542,-33.429836],[150.194175,-33.431202],[150.185407,-33.442345],[150.185266,-33.443378],[150.184397,-33.443981],[150.184371,-33.44444],[150.18495,-33.444823],[150.18529,-33.445299],[150.185108,-33.447918],[150.183914,-33.448937],[150.1842,-33.449421],[150.186141,-33.449583],[150.187378,-33.44989],[150.189203,-33.44967],[150.191096,-33.449677],[150.194294,-33.451544],[150.19524,-33.45289],[150.196064,-33.457038],[150.196055,-33.460662],[150.196497,-33.460952],[150.199209,-33.460923],[150.200001,-33.461355],[150.200462,-33.463097],[150.200939,-33.463315],[150.204922,-33.462548],[150.206204,-33.46246],[150.212915,-33.463179],[150.21514,-33.463572],[150.216128,-33.464288],[150.217084,-33.466023],[150.217216,-33.467585],[150.217742,-33.468309],[150.220802,-33.469496],[150.221282,-33.470643],[150.221873,-33.471666],[150.223581,-33.47275],[150.225086,-33.473126],[150.226969,-33.472438],[150.229726,-33.472004],[150.230858,-33.471236],[150.231712,-33.469416],[150.232954,-33.468272],[150.234094,-33.467918],[150.239688,-33.468593],[150.241108,-33.468264],[150.242567,-33.467377],[150.244795,-33.465632],[150.247054,-33.464943],[150.248772,-33.465045],[150.250784,-33.465711],[150.252094,-33.46749],[150.252278,-33.469134],[150.251877,-33.471641],[150.249775,-33.472099],[150.252799,-33.474447],[150.252858,-33.475296],[150.252273,-33.476112],[150.252366,-33.476935],[150.254614,-33.480699],[150.255851,-33.481718],[150.258107,-33.484211],[150.258716,-33.484694],[150.260218,-33.484493],[150.260764,-33.484559],[150.264882,-33.488752],[150.265684,-33.489256],[150.267131,-33.489424],[150.26747,-33.489945],[150.267342,-33.490609],[150.26741,-33.49153],[150.268598,-33.494108],[150.269281,-33.49635],[150.271526,-33.498536]],[[150.370123,-33.498416],[150.371085,-33.49794],[150.373657,-33.497571],[150.375029,-33.498105],[150.375802,-33.498509],[150.375521,-33.499648],[150.376086,-33.500174],[150.376377,-33.501235],[150.377084,-33.501674],[150.381096,-33.502471],[150.384587,-33.502319],[150.389588,-33.501009],[150.389515,-33.500205],[150.390495,-33.498414],[150.391697,-33.497799],[150.393248,-33.49776],[150.393579,-33.498551],[150.393366,-33.498826],[150.393563,-33.499101],[150.396228,-33.499562],[150.39713,-33.500348],[150.39767,-33.500278],[150.397971,-33.499572],[150.398928,-33.498546],[150.398883,-33.497508],[150.3993,-33.496156],[150.400577,-33.495218],[150.402797,-33.495814],[150.403849,-33.494818],[150.403896,-33.493971],[150.405183,-33.492691],[150.407061,-33.492117],[150.408587,-33.491464],[150.41403,-33.491514],[150.414954,-33.49267],[150.414962,-33.494572],[150.417458,-33.4953],[150.419262,-33.494707],[150.419867,-33.493187],[150.420431,-33.492676],[150.423173,-33.491633],[150.426562,-33.487673],[150.427444,-33.486952],[150.429,-33.486732],[150.431505,-33.487153],[150.433556,-33.486952],[150.435974,-33.486299],[150.437215,-33.485099],[150.437763,-33.48328],[150.438463,-33.482537],[150.439952,-33.481666],[150.440576,-33.481661],[150.441143,-33.482502],[150.441669,-33.482928],[150.444282,-33.482233],[150.445074,-33.482385],[150.445669,-33.483371],[150.445664,-33.484994],[150.445854,-33.486233],[150.446541,-33.486662],[150.447447,-33.486581],[150.448844,-33.486655],[150.449419,-33.486469],[150.449978,-33.48575],[150.45084,-33.485001],[150.453479,-33.484145],[150.454366,-33.482901],[150.455394,-33.477539],[150.457224,-33.473826],[150.458695,-33.472107],[150.460159,-33.470947],[150.461279,-33.467968],[150.46435,-33.463369],[150.465841,-33.46239],[150.467064,-33.462144],[150.468754,-33.463225],[150.469217,-33.464668],[150.468977,-33.465519],[150.469152,-33.465812],[150.469533,-33.465648],[150.470229,-33.464652],[150.471147,-33.464157],[150.47163,-33.463446],[150.471738,-33.461969],[150.472138,-33.461509],[150.472561,-33.461779],[150.472708,-33.462629],[150.472698,-33.463729],[150.4709,-33.465631],[150.471772,-33.465595],[150.473178,-33.466083],[150.475082,-33.468691],[150.47634,-33.469447],[150.478011,-33.469698],[150.481012,-33.469353],[150.482482,-33.469482],[150.48324,-33.470039],[150.484752,-33.475416],[150.484428,-33.476203],[150.483531,-33.48081],[150.483942,-33.481494],[150.484819,-33.481314],[150.485042,-33.4814],[150.485805,-33.482181],[150.485613,-33.482872],[150.485724,-33.483875],[150.485677,-33.485479],[150.485133,-33.486441],[150.483818,-33.487271],[150.482761,-33.48771],[150.481264,-33.489266],[150.480606,-33.490785],[150.480121,-33.49156],[150.478722,-33.492298],[150.477846,-33.492073],[150.477331,-33.492414],[150.477282,-33.49372],[150.477037,-33.494382],[150.47652,-33.496978],[150.475863,-33.497],[150.475325,-33.496638],[150.474283,-33.496562],[150.473357,-33.496976],[150.471964,-33.498589],[150.470849,-33.499206],[150.46829,-33.499848],[150.467552,-33.500428],[150.466515,-33.500957],[150.46474,-33.500912],[150.462613,-33.501896],[150.462091,-33.502814],[150.462152,-33.505502],[150.461694,-33.506097],[150.458988,-33.506257],[150.456265,-33.507725],[150.455579,-33.509082],[150.455009,-33.510918],[150.453813,-33.511696],[150.451954,-33.511604],[150.449167,-33.511925],[150.444396,-33.511313],[150.442346,-33.51219],[150.441364,-33.513017],[150.440571,-33.51292],[150.438604,-33.511707],[150.435301,-33.511666],[150.432686,-33.511305],[150.43143,-33.511558],[150.427694,-33.516305],[150.426822,-33.516692],[150.422564,-33.51654],[150.421559,-33.517043],[150.420794,-33.517775],[150.420711,-33.518053],[150.419838,-33.51771],[150.419261,-33.516129],[150.416991,-33.513909],[150.415004,-33.513056],[150.413091,-33.511871],[150.41282,-33.511595],[150.412268,-33.51061],[150.409399,-33.50972],[150.408994,-33.509946],[150.408261,-33.510706],[150.407461,-33.510473],[150.406484,-33.50965],[150.405122,-33.509513],[150.404677,-33.508918],[150.407167,-33.506599],[150.407112,-33.50594],[150.406118,-33.504242],[150.406094,-33.503619],[150.405824,-33.502198],[150.40544,-33.501739],[150.402874,-33.504039],[150.400807,-33.506583],[150.400528,-33.509083],[150.399248,-33.512636],[150.398082,-33.513486],[150.396301,-33.513647],[150.395156,-33.514858],[150.390465,-33.514813],[150.389206,-33.514453],[150.388687,-33.514523],[150.387219,-33.515024],[150.386157,-33.514912],[150.38539,-33.514273],[150.384351,-33.513052],[150.382135,-33.512988],[150.378758,-33.514341],[150.378125,-33.514985],[150.377612,-33.51666],[150.376492,-33.517367],[150.374362,-33.517692],[150.371829,-33.517457],[150.371138,-33.517163],[150.370622,-33.516801],[150.370076,-33.515265],[150.368628,-33.515099],[150.365925,-33.515862],[150.364972,-33.515698],[150.364428,-33.515885],[150.357607,-33.520743],[150.356944,-33.520585],[150.356408,-33.52088],[150.356461,-33.521611],[150.353267,-33.521867],[150.352831,-33.521687],[150.352525,-33.52113],[150.352775,-33.519991],[150.352255,-33.519051],[150.352226,-33.51859],[150.35362,-33.516637],[150.353623,-33.516186],[150.35313,-33.516112],[150.351601,-33.516846],[150.351078,-33.516709],[150.351053,-33.516113],[150.352284,-33.514922],[150.352557,-33.514099],[150.353811,-33.513566],[150.358501,-33.513297],[150.361012,-33.512837],[150.362817,-33.511162],[150.363386,-33.509804],[150.364649,-33.508613],[150.36456,-33.507998],[150.364939,-33.505428],[150.366091,-33.503622],[150.366142,-33.502316],[150.365518,-33.500887],[150.365761,-33.500315],[150.367511,-33.499054],[150.369604,-33.499216],[150.370097,-33.49892],[150.370123,-33.498416]]]},"properties":{"OBJECTID":2599,"FireType":1,"FireName":"","FireNo":"","FireYear":197980,"Label":"1979-80 Wildfire","StartDate":null,"EndDate":null,"Intensity":null,"AreaHa":74261.09704177,"PerimeterM":249627.57890408,"OFHObjMet":null,"ObjNotMet":null,"NPWSBranch":"BMTN","NPWSArea":"KANA","VerDate":1788739200000,"Shape.STArea()":0.07199000694240322,"Shape.STLength()":2.47497951510767}},{"type":"Feature","id":2840,"geometry":{"type":"Polygon","coordinates":[[[150.299742,-33.574661],[150.297628,-33.576815],[150.297067,-33.577866],[150.297032,-33.579677],[150.296732,-33.581005],[150.295164,-33.583279],[150.294884,-33.584328],[150.29542,-33.58543],[150.295005,-33.587675],[150.29431,-33.58958],[150.294472,-33.589926],[150.296442,-33.590321],[150.297893,-33.590416],[150.298952,-33.590998],[150.300813,-33.591093],[150.301305,-33.591554],[150.301186,-33.592949],[150.301427,-33.594216],[150.302054,-33.594834],[150.302801,-33.594012],[150.303004,-33.590618],[150.304023,-33.589702],[150.304868,-33.58991],[150.304916,-33.590785],[150.304206,-33.592474],[150.303981,-33.593488],[150.304793,-33.594407],[150.307031,-33.595538],[150.310774,-33.596746],[150.312263,-33.595282],[150.31438,-33.591641],[150.313936,-33.587916],[150.313728,-33.584522],[150.31269,-33.584319],[150.31187,-33.58505],[150.310279,-33.58598],[150.309185,-33.585839],[150.308937,-33.584788],[150.309824,-33.583301],[150.309693,-33.582658],[150.308655,-33.582789],[150.307469,-33.583863],[150.30555,-33.584272],[150.304709,-33.583605],[150.305015,-33.583097],[150.307523,-33.582809],[150.3095,-33.581572],[150.309507,-33.580662],[150.308571,-33.575421],[150.308529,-33.573311],[150.306673,-33.572026],[150.304768,-33.569587],[150.303968,-33.570002],[150.303575,-33.572959],[150.303897,-33.57403],[150.304522,-33.575045],[150.304163,-33.575866],[150.303396,-33.5763],[150.302055,-33.576118],[150.299742,-33.574661]]]},"properties":{"OBJECTID":2840,"FireType":1,"FireName":"","FireNo":"","FireYear":198081,"Label":"1980-81 Wildfire","StartDate":null,"EndDate":null,"Intensity":null,"AreaHa":299.35278952,"PerimeterM":10893.66797626,"OFHObjMet":null,"ObjNotMet":null,"NPWSBranch":"BMTN","NPWSArea":"UPMT","VerDate":1788739200000,"Shape.STArea()":0.0002907346827177448,"Shape.STLength()":0.10500659926308908}},{"type":"Feature","id":2841,"geometry":{"type":"Polygon","coordinates":[[[150.312624,-33.582956],[150.313817,-33.583397],[150.315341,-33.585332],[150.317103,-33.586849],[150.31813,-33.588467],[150.318543,-33.588377],[150.318578,-33.587593],[150.318149,-33.586466],[150.31835,-33.584866],[150.318845,-33.583831],[150.318929,-33.58285],[150.316539,-33.581419],[150.31545,-33.580403],[150.313818,-33.57989],[150.31343,-33.58026],[150.312624,-33.582956]]]},"properties":{"OBJECTID":2841,"FireType":1,"FireName":"","FireNo":"","FireYear":198081,"Label":"1980-81 Wildfire","StartDate":null,"EndDate":null,"Intensity":null,"AreaHa":26.45632634,"PerimeterM":2433.85843029,"OFHObjMet":null,"ObjNotMet":null,"NPWSBranch":"BMTN","NPWSArea":"UPMT","VerDate":1788739200000,"Shape.STArea()":2.5694271241348177e-05,"Shape.STLength()":0.023469588369055275}},{"type":"Feature","id":2866,"geometry":{"type":"Polygon","coordinates":[[[150.287008,-33.652352],[150.287018,-33.652283],[150.286968,-33.65228],[150.287008,-33.652352]]]},"properties":{"OBJECTID":2866,"FireType":1,"FireName":"Warragamba","FireNo":"","FireYear":198081,"Label":"1980-81 Wildfire","StartDate":332899200000,"EndDate":null,"Intensity":null,"AreaHa":0.00508611,"PerimeterM":26.56019995,"OFHObjMet":null,"ObjNotMet":null,"NPWSBranch":"BMTN","NPWSArea":"UPMT","VerDate":1788739200000,"Shape.STArea()":4.943476250570727e-09,"Shape.STLength()":0.00026345614707892897}},{"type":"Feature","id":2867,"geometry":{"type":"Polygon","coordinates":[[[150.28651,-33.652075],[150.286581,-33.65213],[150.286612,-33.652098],[150.28651,-33.652075]]]},"properties":{"OBJECTID":2867,"FireType":1,"FireName":"Warragamba","FireNo":"","FireYear":198081,"Label":"1980-81 Wildfire","StartDate":332899200000,"EndDate":null,"Intensity":null,"AreaHa":0.00589061,"PerimeterM":28.6904717,"OFHObjMet":null,"ObjNotMet":null,"NPWSBranch":"BMTN","NPWSArea":"UPMT","VerDate":1788739200000,"Shape.STArea()":5.725406729759811e-09,"Shape.STLength()":0.00028605203305417687}},{"type":"Feature","id":2868,"geometry":{"type":"Polygon","coordinates":[[[150.286806,-33.652206],[150.28685,-33.652279],[150.286882,-33.652245],[150.286806,-33.652206]]]},"properties":{"OBJECTID":2868,"FireType":1,"FireName":"Warragamba","FireNo":"","FireYear":198081,"Label":"1980-81 Wildfire","StartDate":332899200000,"EndDate":null,"Intensity":null,"AreaHa":0.00548625,"PerimeterM":27.62304195,"OFHObjMet":null,"ObjNotMet":null,"NPWSBranch":"BMTN","NPWSArea":"UPMT","VerDate":1788739200000,"Shape.STArea()":5.332398392435083e-09,"Shape.STLength()":0.0002754957415555246}},{"type":"Feature","id":2869,"geometry":{"type":"Polygon","coordinates":[[[150.286687,-33.65229],[150.286709,-33.652369],[150.28676,-33.65234],[150.286687,-33.65229]]]},"properties":{"OBJECTID":2869,"FireType":1,"FireName":"Warragamba","FireNo":"","FireYear":198081,"Label":"1980-81 Wildfire","StartDate":332899200000,"EndDate":null,"Intensity":null,"AreaHa":0.00536083,"PerimeterM":27.96510726,"OFHObjMet":null,"ObjNotMet":null,"NPWSBranch":"BMTN","NPWSArea":"UPMT","VerDate":1788739200000,"Shape.STArea()":5.2104925607010675e-09,"Shape.STLength()":0.00027806022239232206}},{"type":"Feature","id":2870,"geometry":{"type":"Polygon","coordinates":[[[150.286612,-33.652349],[150.286508,-33.652395],[150.286504,-33.652542],[150.286744,-33.652547],[150.286728,-33.652376],[150.286612,-33.652349]]]},"properties":{"OBJECTID":2870,"FireType":1,"FireName":"Warragamba","FireNo":"","FireYear":198081,"Label":"1980-81 Wildfire","StartDate":334886400000,"EndDate":null,"Intensity":null,"AreaHa":0.04968841,"PerimeterM":81.95542449,"OFHObjMet":null,"ObjNotMet":null,"NPWSBranch":"BMTN","NPWSArea":"UPMT","VerDate":1788739200000,"Shape.STArea()":4.82950760947419e-08,"Shape.STLength()":0.0008151371087177619}},{"type":"Feature","id":2939,"geometry":{"type":"Polygon","coordinates":[[[150.48538,-33.697965],[150.486559,-33.698223],[150.487725,-33.698941],[150.489636,-33.699611],[150.490878,-33.698816],[150.490991,-33.697898],[150.490252,-33.697712],[150.490151,-33.695997],[150.489423,-33.694314],[150.489893,-33.693747],[150.490932,-33.693633],[150.49162,-33.69334],[150.49207,-33.69233],[150.491855,-33.690451],[150.491789,-33.688276],[150.492284,-33.68422],[150.493384,-33.683485],[150.495655,-33.68327],[150.497571,-33.68339],[150.498601,-33.683952],[150.499726,-33.683839],[150.501026,-33.683243],[150.504516,-33.68005],[150.506903,-33.676925],[150.512484,-33.674107],[150.51332,-33.672798],[150.512821,-33.67103],[150.513327,-33.669562],[150.515803,-33.668178],[150.516718,-33.667114],[150.517155,-33.665428],[150.519309,-33.664768],[150.526123,-33.665518],[150.527683,-33.665279],[150.529093,-33.663864],[150.534032,-33.660825],[150.536539,-33.659856],[150.536951,-33.660153],[150.536149,-33.661444],[150.535976,-33.662595],[150.536351,-33.663811],[150.538455,-33.665277],[150.542229,-33.666038],[150.543299,-33.666329],[150.546767,-33.668724],[150.549008,-33.668057],[150.549645,-33.667267],[150.549879,-33.666235],[150.549318,-33.665484],[150.548838,-33.664528],[150.549154,-33.663669],[150.54953,-33.662955],[150.555141,-33.658603],[150.556373,-33.65659],[150.55715,-33.653918],[150.558671,-33.651568],[150.56017,-33.650425],[150.561914,-33.649739],[150.561888,-33.647998],[150.562284,-33.647329],[150.56384,-33.646828],[150.565467,-33.643777],[150.567537,-33.641113],[150.567576,-33.640085],[150.566692,-33.638184],[150.566452,-33.636376],[150.567201,-33.635408],[150.568723,-33.634581],[150.569831,-33.633494],[150.570675,-33.633006],[150.575735,-33.632834],[150.57644,-33.632271],[150.576336,-33.630601],[150.576789,-33.629835],[150.576806,-33.628825],[150.577239,-33.62722],[150.578322,-33.625897],[150.579659,-33.623931],[150.580965,-33.623091],[150.580426,-33.622341],[150.579623,-33.620216],[150.579472,-33.617526],[150.579675,-33.612977],[150.579009,-33.612143],[150.5779,-33.612861],[150.574588,-33.613382],[150.573756,-33.612698],[150.570933,-33.612688],[150.567337,-33.612175],[150.564572,-33.610877],[150.56276,-33.610183],[150.561722,-33.608747],[150.561338,-33.607098],[150.561358,-33.606756],[150.560697,-33.606121],[150.559515,-33.602572],[150.557924,-33.597104],[150.558261,-33.595839],[150.558964,-33.594979],[150.56051,-33.594044],[150.563438,-33.591812],[150.564466,-33.589758],[150.564314,-33.588637],[150.563592,-33.587866],[150.562723,-33.586586],[150.562327,-33.584225],[150.562023,-33.580099],[150.562249,-33.578949],[150.564826,-33.575799],[150.562609,-33.572266],[150.561393,-33.571476],[150.558818,-33.57111],[150.555131,-33.572001],[150.553827,-33.572769],[150.549561,-33.573181],[150.54741,-33.572291],[150.54616,-33.570814],[150.546928,-33.569152],[150.549174,-33.567448],[150.549932,-33.565398],[150.548033,-33.562845],[150.545969,-33.562344],[150.545443,-33.561892],[150.545383,-33.559826],[150.54468,-33.558045],[150.54346,-33.557362],[150.540628,-33.556594],[150.536079,-33.556368],[150.535282,-33.554495],[150.534659,-33.553301],[150.532717,-33.553055],[150.531217,-33.553179],[150.528243,-33.554363],[150.526487,-33.553643],[150.525413,-33.553523],[150.519643,-33.555715],[150.518215,-33.555587],[150.516663,-33.554501],[150.515383,-33.551049],[150.51379,-33.549142],[150.511361,-33.545974],[150.510981,-33.544217],[150.510395,-33.543258],[150.508327,-33.542523],[150.506683,-33.542787],[150.501054,-33.54234],[150.499525,-33.542336],[150.496868,-33.542986],[150.494848,-33.542837],[150.493236,-33.544228],[150.491755,-33.544451],[150.487631,-33.544088],[150.486491,-33.54365],[150.484081,-33.545062],[150.483744,-33.546299],[150.482663,-33.547945],[150.481049,-33.548994],[150.480084,-33.549218],[150.476673,-33.548788],[150.472017,-33.54707],[150.469974,-33.546992],[150.467896,-33.547346],[150.466393,-33.547207],[150.464086,-33.545059],[150.462342,-33.544708],[150.459949,-33.542567],[150.458563,-33.542494],[150.457765,-33.542901],[150.456834,-33.542341],[150.455864,-33.540527],[150.453067,-33.538982],[150.45095,-33.536648],[150.450439,-33.535339],[150.448727,-33.53497],[150.444806,-33.536161],[150.443878,-33.536962],[150.441621,-33.538646],[150.440343,-33.538918],[150.438954,-33.538546],[150.43815,-33.538791],[150.437873,-33.539407],[150.435991,-33.540063],[150.435259,-33.539714],[150.434407,-33.539759],[150.434154,-33.540304],[150.435802,-33.542818],[150.436313,-33.543757],[150.43732,-33.548673],[150.439214,-33.551246],[150.440019,-33.553544],[150.441877,-33.55626],[150.445303,-33.559504],[150.445156,-33.560818],[150.44804,-33.565647],[150.448083,-33.567505],[150.446586,-33.570404],[150.444765,-33.572621],[150.441367,-33.575354],[150.440897,-33.575976],[150.440829,-33.577164],[150.441259,-33.579022],[150.439942,-33.582781],[150.43849,-33.583067],[150.436523,-33.584],[150.433744,-33.58653],[150.432839,-33.586917],[150.42716,-33.586249],[150.423259,-33.585563],[150.421667,-33.585873],[150.417186,-33.589476],[150.415261,-33.591527],[150.411615,-33.593119],[150.41019,-33.592855],[150.409486,-33.592966],[150.408199,-33.592795],[150.397184,-33.597261],[150.390994,-33.59851],[150.389709,-33.598618],[150.388452,-33.598132],[150.387387,-33.598443],[150.382929,-33.598375],[150.380095,-33.598018],[150.378709,-33.597547],[150.37751,-33.596214],[150.378243,-33.590162],[150.374803,-33.582462],[150.373476,-33.581099],[150.37231,-33.580479],[150.370228,-33.580579],[150.369094,-33.579636],[150.363915,-33.578507],[150.363571,-33.577057],[150.362607,-33.574413],[150.362068,-33.573725],[150.360586,-33.573928],[150.359932,-33.573833],[150.359587,-33.572058],[150.358909,-33.572404],[150.357759,-33.572668],[150.353801,-33.571799],[150.352339,-33.570641],[150.350194,-33.568594],[150.347718,-33.567134],[150.344623,-33.565508],[150.343599,-33.563421],[150.343159,-33.55986],[150.343941,-33.558605],[150.344087,-33.557346],[150.342481,-33.555986],[150.342306,-33.554675],[150.341709,-33.553409],[150.340046,-33.553581],[150.339064,-33.55328],[150.338174,-33.551783],[150.336929,-33.547077],[150.334884,-33.543535],[150.335008,-33.542663],[150.335336,-33.542138],[150.33429,-33.539744],[150.332164,-33.539212],[150.33137,-33.539113],[150.33018,-33.537573],[150.328581,-33.536348],[150.32774,-33.536384],[150.326203,-33.536306],[150.324469,-33.535268],[150.321762,-33.535435],[150.320265,-33.534762],[150.320029,-33.533684],[150.319788,-33.533129],[150.318649,-33.53305],[150.315785,-33.532005],[150.314553,-33.532177],[150.313542,-33.532128],[150.312327,-33.531389],[150.310838,-33.529085],[150.309972,-33.522638],[150.308609,-33.521463],[150.307302,-33.521246],[150.30646,-33.520993],[150.30633,-33.520305],[150.307601,-33.51889],[150.308769,-33.518708],[150.311657,-33.516526],[150.312316,-33.516441],[150.314405,-33.514665],[150.315629,-33.511987],[150.315419,-33.511117],[150.313925,-33.510697],[150.31066,-33.512213],[150.309549,-33.514037],[150.308416,-33.515518],[150.305242,-33.517225],[150.30247,-33.518463],[150.29829,-33.518921],[150.296894,-33.519513],[150.294823,-33.518945],[150.294311,-33.517428],[150.289302,-33.513415],[150.282627,-33.511745],[150.281444,-33.512404],[150.279848,-33.514569],[150.277786,-33.515813],[150.275017,-33.516924],[150.273746,-33.518338],[150.273211,-33.520283],[150.273623,-33.523628],[150.27302,-33.52704],[150.271744,-33.529302],[150.268524,-33.531052],[150.263693,-33.534714],[150.261746,-33.53807],[150.260581,-33.540541],[150.260394,-33.543062],[150.261888,-33.546214],[150.262932,-33.549293],[150.26392,-33.553814],[150.263127,-33.556763],[150.262128,-33.559418],[150.25982,-33.562937],[150.258559,-33.566362],[150.258629,-33.568248],[150.260234,-33.571646],[150.260794,-33.573354],[150.260146,-33.575431],[150.259042,-33.576984],[150.258972,-33.577812],[150.259271,-33.578937],[150.259529,-33.582675],[150.258662,-33.585576],[150.25886,-33.587826],[150.261107,-33.590021],[150.261533,-33.591194],[150.263051,-33.591912],[150.264086,-33.592215],[150.26595,-33.591859],[150.266631,-33.591802],[150.267282,-33.592331],[150.267827,-33.592451],[150.268621,-33.592225],[150.2692,-33.592319],[150.269363,-33.595343],[150.270802,-33.596177],[150.270263,-33.598563],[150.268812,-33.599153],[150.268639,-33.599834],[150.269576,-33.601559],[150.270674,-33.60161],[150.271295,-33.602075],[150.271821,-33.604854],[150.270352,-33.607022],[150.270558,-33.608351],[150.271151,-33.60868],[150.271883,-33.612789],[150.272512,-33.612677],[150.27358,-33.612637],[150.277795,-33.611216],[150.278725,-33.611777],[150.27931,-33.613043],[150.279493,-33.614093],[150.28069,-33.614741],[150.280825,-33.615249],[150.27901,-33.616778],[150.279082,-33.617555],[150.279509,-33.618709],[150.284256,-33.622654],[150.287046,-33.619596],[150.288142,-33.619359],[150.28915,-33.619525],[150.28986,-33.619225],[150.291028,-33.617718],[150.291808,-33.618276],[150.292393,-33.617477],[150.29363,-33.616504],[150.294754,-33.616763],[150.296636,-33.616515],[150.296928,-33.617532],[150.2981,-33.617602],[150.303631,-33.61684],[150.304459,-33.616542],[150.305501,-33.615267],[150.306105,-33.615226],[150.307383,-33.615713],[150.308183,-33.615649],[150.310766,-33.613668],[150.311888,-33.613629],[150.312755,-33.614135],[150.314332,-33.614719],[150.31555,-33.614016],[150.316972,-33.613686],[150.31915,-33.613995],[150.320823,-33.613544],[150.324269,-33.61049],[150.326924,-33.610007],[150.328041,-33.610473],[150.328357,-33.612102],[150.328575,-33.61235],[150.329304,-33.612474],[150.330314,-33.61328],[150.330118,-33.614034],[150.329346,-33.61426],[150.326188,-33.612885],[150.324433,-33.61318],[150.322428,-33.614607],[150.321868,-33.615983],[150.322193,-33.616973],[150.322158,-33.617747],[150.320479,-33.619072],[150.319012,-33.621213],[150.31829,-33.622613],[150.316036,-33.623718],[150.314671,-33.622886],[150.313748,-33.622767],[150.313144,-33.62315],[150.312266,-33.622942],[150.311826,-33.623239],[150.311606,-33.624063],[150.311061,-33.624286],[150.31112,-33.62619],[150.311651,-33.628167],[150.308462,-33.630207],[150.307656,-33.63119],[150.307864,-33.632817],[150.319123,-33.649606],[150.319437,-33.648179],[150.32062,-33.647591],[150.324363,-33.646816],[150.325867,-33.646984],[150.326413,-33.647446],[150.326316,-33.648472],[150.326098,-33.649621],[150.325738,-33.6501],[150.325507,-33.654089],[150.325721,-33.654482],[150.326405,-33.654686],[150.326701,-33.655558],[150.326342,-33.655676],[150.325924,-33.656632],[150.326189,-33.657828],[150.32577,-33.661605],[150.324466,-33.664011],[150.324378,-33.664784],[150.324749,-33.665685],[150.326692,-33.666313],[150.32712,-33.667098],[150.325995,-33.667912],[150.323995,-33.668085],[150.323095,-33.668264],[150.32303,-33.668957],[150.32365,-33.669826],[150.324459,-33.671205],[150.324504,-33.672901],[150.324932,-33.673686],[150.326835,-33.674205],[150.330676,-33.672737],[150.331371,-33.672581],[150.332509,-33.673453],[150.332559,-33.673914],[150.332302,-33.674557],[150.332299,-33.675702],[150.332978,-33.676781],[150.337276,-33.67938],[150.33913,-33.680096],[150.339504,-33.681249],[150.341524,-33.684286],[150.34223,-33.684842],[150.344848,-33.685953],[150.345884,-33.686994],[150.348548,-33.685591],[150.351229,-33.685026],[150.352291,-33.685193],[150.352684,-33.68751],[150.35345,-33.688202],[150.357316,-33.689439],[150.357923,-33.690065],[150.358441,-33.693574],[150.359008,-33.694082],[150.360025,-33.693978],[150.36059,-33.694188],[150.360883,-33.694826],[150.361164,-33.694832],[150.362787,-33.693577],[150.363257,-33.693398],[150.364385,-33.692484],[150.36491,-33.690818],[150.366146,-33.69025],[150.366921,-33.69032],[150.36766,-33.69012],[150.368136,-33.688309],[150.368575,-33.688066],[150.369879,-33.688806],[150.370308,-33.690293],[150.370901,-33.691009],[150.373136,-33.691985],[150.37488,-33.693871],[150.376581,-33.696089],[150.376189,-33.69801],[150.37543,-33.699175],[150.375372,-33.700048],[150.375952,-33.700114],[150.37815,-33.698069],[150.378952,-33.697933],[150.380494,-33.699021],[150.380403,-33.700597],[150.382134,-33.699714],[150.382961,-33.698758],[150.384686,-33.698442],[150.387694,-33.699191],[150.38953,-33.699113],[150.391774,-33.698394],[150.391915,-33.69764],[150.39247,-33.697498],[150.396345,-33.698482],[150.397241,-33.699159],[150.397629,-33.701655],[150.398121,-33.702531],[150.39929,-33.703106],[150.4014,-33.703258],[150.401831,-33.703971],[150.402234,-33.705277],[150.401341,-33.707359],[150.403557,-33.707559],[150.405909,-33.707545],[150.407766,-33.707143],[150.410143,-33.707364],[150.414182,-33.709378],[150.414672,-33.709956],[150.414524,-33.71163],[150.416231,-33.712991],[150.417365,-33.711897],[150.418854,-33.710801],[150.41959,-33.710717],[150.419857,-33.711173],[150.41922,-33.712269],[150.41905,-33.712888],[150.419599,-33.713278],[150.420803,-33.713447],[150.423541,-33.712431],[150.425598,-33.712537],[150.426272,-33.713083],[150.426141,-33.712423],[150.426454,-33.712059],[150.426886,-33.712032],[150.427786,-33.71261],[150.428441,-33.712732],[150.430887,-33.711737],[150.431305,-33.710727],[150.431744,-33.710114],[150.432952,-33.709769],[150.43579,-33.710838],[150.436996,-33.710548],[150.438272,-33.708266],[150.440328,-33.707335],[150.443362,-33.708309],[150.444486,-33.708251],[150.445995,-33.70757],[150.446391,-33.705847],[150.44607,-33.703947],[150.446434,-33.703287],[150.447392,-33.703009],[150.451028,-33.704085],[150.452478,-33.704278],[150.453902,-33.703937],[150.454908,-33.704192],[150.456111,-33.705092],[150.45555,-33.706559],[150.45565,-33.707183],[150.457236,-33.708288],[150.460464,-33.70858],[150.466509,-33.708055],[150.468423,-33.708275],[150.470552,-33.709247],[150.474149,-33.707635],[150.475721,-33.705143],[150.478982,-33.70135],[150.480633,-33.696524],[150.482633,-33.695249],[150.484524,-33.695513],[150.484837,-33.696998],[150.48538,-33.697965]]]},"properties":{"OBJECTID":2939,"FireType":1,"FireName":"","FireNo":"","FireYear":198283,"Label":"1982-83 Wildfire","StartDate":null,"EndDate":null,"Intensity":null,"AreaHa":37268.31829605,"PerimeterM":124113.55097424,"OFHObjMet":null,"ObjNotMet":null,"NPWSBranch":"BMTN","NPWSArea":"UPMT","VerDate":1788739200000,"Shape.STArea()":0.03620879709570123,"Shape.STLength()":1.2270559107084638}},{"type":"Feature","id":4112,"geometry":{"type":"Polygon","coordinates":[[[150.321591,-33.61311],[150.321323,-33.613393],[150.321255,-33.61386],[150.321458,-33.613927],[150.321666,-33.614166],[150.321899,-33.61428],[150.322397,-33.614218],[150.322473,-33.613841],[150.322386,-33.613515],[150.322219,-33.613358],[150.321591,-33.61311]]]},"properties":{"OBJECTID":4112,"FireType":1,"FireName":"","FireNo":"","FireYear":199192,"Label":"1991-92 Wildfire","StartDate":null,"EndDate":null,"Intensity":null,"AreaHa":1.024908,"PerimeterM":384.25602759,"OFHObjMet":null,"ObjNotMet":null,"NPWSBranch":"BMTN","NPWSArea":"UPMT","VerDate":1788739200000,"Shape.STArea()":9.957287320806802e-07,"Shape.STLength()":0.003780023344386198}},{"type":"Feature","id":4577,"geometry":{"type":"Polygon","coordinates":[[[150.277742,-33.527514],[150.276088,-33.528433],[150.275276,-33.529263],[150.27495,-33.530022],[150.275163,-33.530459],[150.275623,-33.531921],[150.275658,-33.532859],[150.275107,-33.533956],[150.274604,-33.534198],[150.27333,-33.534332],[150.270576,-33.53391],[150.269132,-33.533608],[150.267346,-33.533596],[150.266234,-33.534374],[150.265472,-33.535646],[150.264618,-33.537466],[150.263567,-33.539408],[150.26302,-33.541046],[150.263003,-33.542596],[150.263152,-33.543673],[150.265034,-33.549223],[150.265694,-33.551509],[150.265849,-33.554109],[150.265527,-33.555779],[150.264679,-33.557401],[150.262798,-33.56276],[150.262404,-33.563274],[150.261657,-33.56479],[150.261402,-33.567399],[150.261679,-33.569524],[150.263424,-33.572591],[150.263382,-33.575304],[150.263449,-33.576225],[150.262891,-33.577196],[150.261903,-33.578138],[150.26062,-33.579183],[150.260328,-33.579916],[150.260469,-33.581587],[150.260255,-33.583926],[150.259146,-33.587643],[150.259209,-33.588717],[150.25966,-33.589448],[150.26161,-33.589771],[150.262136,-33.59017],[150.262324,-33.590688],[150.262478,-33.592648],[150.262909,-33.593334],[150.264608,-33.594111],[150.265238,-33.594278],[150.266305,-33.595284],[150.267663,-33.595278],[150.268847,-33.595647],[150.269954,-33.596086],[150.270653,-33.596805],[150.270731,-33.597753],[150.270296,-33.598879],[150.269659,-33.599947],[150.26906,-33.600511],[150.269309,-33.601147],[150.269538,-33.601405],[150.270812,-33.600964],[150.271435,-33.601041],[150.273384,-33.602445],[150.273949,-33.602981],[150.273914,-33.603728],[150.272731,-33.607426],[150.272962,-33.608648],[150.272703,-33.609679],[150.273069,-33.611409],[150.273468,-33.612076],[150.273751,-33.612001],[150.274732,-33.611301],[150.275411,-33.610947],[150.275788,-33.610964],[150.27709,-33.611696],[150.27821,-33.613091],[150.278229,-33.613515],[150.277712,-33.613846],[150.276186,-33.615084],[150.275989,-33.615512],[150.276198,-33.616058],[150.276741,-33.616953],[150.277804,-33.618446],[150.278277,-33.618493],[150.279651,-33.617982],[150.281216,-33.618918],[150.283288,-33.620902],[150.283959,-33.621142],[150.287306,-33.620936],[150.287799,-33.620694],[150.288125,-33.620251],[150.287891,-33.619452],[150.288098,-33.618691],[150.288649,-33.618324],[150.290187,-33.618069],[150.290626,-33.617799],[150.291009,-33.617285],[150.291699,-33.616597],[150.293648,-33.61627],[150.295714,-33.615675],[150.297121,-33.615489],[150.297865,-33.615803],[150.298311,-33.616381],[150.298771,-33.616472],[150.299491,-33.61619],[150.299777,-33.616368],[150.299865,-33.617001],[150.299846,-33.617586],[150.300068,-33.617753],[150.301011,-33.617549],[150.303368,-33.615914],[150.306371,-33.614663],[150.306859,-33.614196],[150.307007,-33.613595],[150.30734,-33.613287],[150.30895,-33.613511],[150.310787,-33.613344],[150.312878,-33.613669],[150.31431,-33.6137],[150.315323,-33.613335],[150.316299,-33.613148],[150.316865,-33.613999],[150.317035,-33.615139],[150.316935,-33.616255],[150.317526,-33.616655],[150.318025,-33.617252],[150.317622,-33.617396],[150.313178,-33.616137],[150.311773,-33.615944],[150.310809,-33.616103],[150.30864,-33.617589],[150.308677,-33.617779],[150.309134,-33.618321],[150.309921,-33.619014],[150.310623,-33.619309],[150.311349,-33.61918],[150.312102,-33.618863],[150.312754,-33.618688],[150.313555,-33.618913],[150.314003,-33.619418],[150.313978,-33.62022],[150.313316,-33.621053],[150.312434,-33.62171],[150.311314,-33.622371],[150.310281,-33.623376],[150.309558,-33.623757],[150.308874,-33.624247],[150.308307,-33.625155],[150.307522,-33.627536],[150.307866,-33.629644],[150.307934,-33.630556],[150.306258,-33.631439],[150.307956,-33.633306],[150.309893,-33.635855],[150.310575,-33.637123],[150.311621,-33.638498],[150.313102,-33.640802],[150.314835,-33.643283],[150.315218,-33.643462],[150.315249,-33.643851],[150.319378,-33.650098],[150.319269,-33.651854],[150.319167,-33.652383],[150.31879,-33.652718],[150.317261,-33.652991],[150.315215,-33.651901],[150.313905,-33.651034],[150.313154,-33.6509],[150.312332,-33.651],[150.31141,-33.650502],[150.309215,-33.648975],[150.308751,-33.648992],[150.308282,-33.649144],[150.308,-33.649896],[150.308015,-33.650825],[150.308246,-33.651686],[150.308599,-33.652487],[150.309115,-33.652886],[150.309511,-33.652958],[150.309566,-33.653266],[150.309436,-33.654002],[150.309015,-33.65539],[150.308925,-33.656551],[150.309018,-33.657374],[150.308773,-33.658324],[150.309001,-33.658617],[150.308978,-33.659347],[150.309111,-33.659936],[150.309075,-33.660377],[150.308682,-33.661577],[150.308846,-33.662193],[150.309258,-33.662806],[150.309634,-33.664257],[150.309993,-33.664499],[150.310636,-33.66463],[150.312865,-33.665057],[150.313415,-33.665042],[150.314302,-33.665314],[150.318549,-33.666028],[150.319642,-33.666602],[150.322212,-33.668209],[150.32282,-33.668411],[150.323347,-33.668801],[150.323955,-33.669716],[150.324291,-33.671057],[150.32455,-33.671748],[150.324984,-33.672019],[150.325429,-33.672615],[150.325457,-33.673463],[150.325659,-33.673891],[150.326402,-33.674259],[150.327333,-33.674504],[150.328333,-33.674598],[150.32917,-33.674391],[150.329934,-33.673722],[150.330451,-33.6734],[150.330982,-33.673312],[150.331682,-33.674048],[150.332218,-33.674141],[150.332719,-33.674684],[150.333131,-33.675297],[150.333512,-33.676242],[150.333992,-33.6771],[150.335213,-33.678073],[150.340699,-33.680968],[150.341114,-33.6815],[150.341215,-33.68207],[150.341969,-33.683854],[150.342339,-33.68443],[150.342781,-33.684782],[150.343926,-33.685077],[150.344448,-33.685295],[150.345207,-33.685862],[150.345689,-33.686665],[150.346333,-33.687139],[150.346857,-33.686925],[150.347334,-33.686475],[150.347937,-33.686182],[150.348948,-33.685915],[150.349255,-33.68575],[150.349132,-33.68518],[150.348821,-33.684758],[150.348892,-33.68457],[150.349473,-33.684628],[150.35022,-33.684878],[150.350858,-33.68482],[150.351401,-33.685039],[150.352034,-33.685134],[150.352423,-33.684763],[150.352695,-33.684336],[150.353114,-33.684408],[150.353147,-33.684734],[150.352666,-33.685986],[150.352868,-33.686801],[150.353295,-33.687279],[150.354053,-33.687539],[150.354764,-33.687915],[150.355104,-33.688418],[150.355011,-33.689002],[150.357494,-33.690326],[150.35879,-33.691328],[150.359002,-33.693929],[150.359433,-33.694281],[150.363236,-33.694434],[150.364248,-33.691327],[150.364564,-33.690856],[150.365217,-33.690645],[150.365964,-33.69058],[150.366789,-33.69075],[150.367436,-33.690764],[150.368133,-33.690518],[150.368747,-33.689854],[150.368989,-33.689328],[150.369341,-33.689119],[150.369928,-33.68933],[150.369955,-33.689835],[150.369759,-33.690606],[150.370219,-33.691085],[150.370984,-33.69148],[150.37211,-33.691684],[150.372494,-33.69217],[150.373329,-33.692044],[150.374406,-33.692076],[150.375007,-33.69253],[150.375247,-33.693518],[150.375231,-33.694032],[150.37574,-33.694322],[150.375874,-33.694875],[150.376536,-33.69653],[150.376319,-33.697607],[150.376241,-33.698777],[150.376483,-33.699666],[150.377045,-33.699993],[150.377827,-33.699812],[150.378336,-33.699038],[150.379104,-33.698631],[150.379574,-33.698767],[150.380272,-33.699584],[150.380524,-33.700175],[150.381131,-33.700414],[150.38196,-33.700467],[150.382707,-33.700014],[150.383565,-33.699131],[150.384028,-33.698438],[150.384999,-33.698422],[150.386431,-33.698173],[150.389596,-33.696563],[150.390365,-33.69611],[150.390932,-33.695554],[150.392117,-33.694894],[150.393166,-33.694808],[150.39578,-33.695386],[150.396019,-33.696049],[150.396475,-33.696312],[150.397424,-33.69918],[150.397344,-33.699684],[150.397692,-33.699952],[150.397766,-33.70036],[150.397549,-33.700752],[150.397716,-33.701639],[150.398979,-33.702342],[150.400097,-33.704601],[150.400164,-33.705603],[150.400431,-33.706781],[150.40073,-33.707211],[150.401254,-33.707375],[150.403055,-33.707404],[150.403405,-33.707583],[150.405101,-33.707871],[150.406039,-33.707891],[150.4064,-33.707709],[150.407107,-33.707534],[150.407591,-33.707211],[150.408104,-33.707023],[150.408477,-33.707185],[150.408725,-33.707523],[150.40979,-33.707636],[150.410154,-33.708094],[150.417259,-33.712165],[150.419904,-33.71213],[150.420954,-33.712729],[150.421634,-33.713428],[150.422082,-33.713582],[150.422602,-33.713512],[150.422881,-33.713229],[150.423406,-33.71297],[150.423947,-33.712936],[150.424843,-33.71254],[150.426021,-33.712474],[150.429565,-33.712656],[150.429829,-33.712463],[150.42961,-33.712224],[150.428562,-33.711914],[150.428042,-33.711272],[150.427668,-33.711147],[150.427416,-33.710916],[150.427709,-33.710481],[150.428483,-33.710235],[150.429415,-33.710066],[150.429966,-33.70968],[150.430451,-33.708987],[150.430962,-33.708493],[150.4315,-33.70818],[150.431715,-33.707481],[150.432056,-33.706902],[150.433366,-33.706352],[150.433712,-33.706341],[150.434047,-33.706673],[150.43429,-33.707588],[150.434274,-33.708102],[150.434078,-33.708531],[150.434157,-33.709163],[150.434531,-33.709983],[150.43562,-33.710745],[150.43617,-33.710738],[150.436342,-33.710408],[150.436339,-33.709795],[150.435772,-33.70926],[150.435893,-33.708812],[150.436326,-33.708767],[150.436589,-33.709007],[150.436785,-33.708929],[150.437248,-33.708218],[150.437682,-33.708146],[150.438389,-33.708323],[150.438793,-33.708511],[150.43957,-33.708509],[150.440252,-33.708776],[150.440364,-33.709022],[150.441221,-33.709202],[150.442324,-33.709126],[150.44301,-33.708914],[150.443475,-33.708518],[150.443822,-33.708084],[150.446273,-33.706917],[150.446948,-33.706697],[150.447425,-33.706265],[150.447857,-33.705507],[150.448173,-33.704306],[150.448698,-33.704073],[150.449424,-33.703971],[150.449999,-33.704208],[150.450397,-33.704613],[150.450362,-33.705063],[150.45017,-33.705375],[150.450432,-33.705615],[150.450748,-33.705522],[150.451626,-33.705008],[150.45238,-33.70469],[150.453589,-33.70467],[150.455852,-33.705095],[150.454641,-33.708866],[150.456451,-33.708921],[150.458187,-33.708597],[150.459247,-33.708853],[150.4604,-33.708904],[150.46195,-33.708665],[150.462528,-33.708803],[150.463243,-33.708719],[150.46405,-33.708402],[150.464603,-33.707953],[150.465219,-33.707912],[150.465632,-33.708191],[150.468338,-33.707489],[150.471793,-33.707397],[150.47422,-33.70742],[150.474816,-33.706963],[150.474795,-33.706566],[150.475428,-33.7052],[150.475967,-33.704868],[150.476387,-33.704498],[150.476605,-33.70407],[150.478601,-33.701829],[150.479225,-33.700769],[150.479088,-33.700298],[150.479208,-33.699903],[150.479846,-33.699096],[150.480042,-33.698289],[150.479858,-33.697194],[150.479912,-33.696852],[150.480326,-33.696698],[150.480769,-33.69668],[150.480929,-33.696359],[150.481213,-33.696239],[150.481886,-33.696478],[150.482149,-33.696312],[150.482096,-33.695914],[150.481859,-33.6959],[150.481653,-33.695571],[150.482131,-33.695464],[150.48233,-33.695306],[150.482694,-33.695376],[150.482878,-33.69575],[150.483232,-33.696163],[150.484595,-33.697525],[150.485985,-33.697553],[150.486476,-33.697743],[150.486675,-33.697955],[150.487583,-33.697883],[150.487784,-33.698013],[150.48767,-33.698246],[150.487342,-33.698365],[150.487256,-33.698724],[150.486971,-33.69889],[150.486955,-33.699069],[150.487429,-33.699106],[150.488025,-33.699019],[150.488246,-33.699204],[150.487982,-33.69974],[150.488249,-33.699817],[150.488586,-33.699734],[150.489459,-33.699761],[150.4898,-33.699533],[150.489979,-33.699302],[150.490493,-33.699078],[150.490739,-33.698795],[150.490903,-33.69832],[150.490348,-33.696659],[150.490606,-33.695573],[150.490532,-33.69513],[150.49005,-33.694669],[150.489897,-33.694342],[150.490056,-33.694093],[150.491429,-33.693607],[150.492024,-33.693547],[150.492412,-33.692797],[150.492525,-33.692258],[150.492744,-33.691758],[150.492578,-33.691529],[150.492592,-33.689961],[150.4925,-33.689409],[150.492004,-33.688659],[150.492438,-33.688199],[150.492548,-33.687372],[150.492658,-33.686175],[150.492389,-33.685412],[150.492688,-33.684787],[150.4933,-33.684511],[150.494106,-33.682761],[150.494721,-33.682737],[150.495631,-33.682963],[150.496557,-33.682666],[150.497504,-33.683082],[150.499591,-33.683647],[150.500332,-33.683392],[150.500576,-33.683514],[150.501488,-33.682928],[150.502151,-33.682382],[150.502656,-33.681725],[150.503592,-33.681032],[150.504599,-33.68053],[150.505875,-33.678932],[150.506753,-33.6784],[150.507332,-33.677745],[150.507387,-33.677358],[150.507657,-33.676976],[150.508334,-33.676674],[150.509135,-33.676573],[150.510004,-33.675977],[150.511578,-33.675234],[150.512688,-33.674129],[150.513456,-33.673694],[150.513724,-33.672996],[150.513792,-33.672123],[150.514003,-33.671532],[150.516517,-33.66885],[150.516972,-33.667282],[150.517253,-33.6669],[150.517297,-33.666116],[150.518404,-33.66475],[150.519238,-33.664595],[150.520206,-33.664696],[150.520974,-33.664621],[150.521758,-33.664709],[150.523245,-33.664387],[150.524687,-33.664461],[150.527002,-33.664192],[150.5286,-33.664134],[150.532499,-33.66239],[150.534647,-33.661559],[150.535121,-33.661559],[150.535371,-33.66188],[150.536232,-33.663808],[150.537113,-33.664673],[150.538398,-33.665393],[150.53993,-33.666118],[150.54325,-33.667293],[150.545535,-33.668457],[150.546072,-33.668539],[150.547125,-33.669426],[150.547102,-33.66984],[150.547484,-33.670461],[150.54828,-33.671288],[150.548398,-33.672075],[150.548177,-33.673387],[150.54771,-33.67464],[150.547276,-33.675118],[150.546847,-33.675398],[150.546564,-33.67587],[150.546606,-33.676286],[150.546812,-33.676633],[150.547407,-33.676969],[150.548061,-33.677478],[150.548711,-33.678122],[150.549484,-33.67939],[150.549952,-33.68114],[150.550531,-33.683919],[150.550903,-33.684107],[150.551693,-33.684023],[150.551983,-33.683669],[150.55262,-33.683266],[150.553809,-33.683191],[150.55458,-33.683008],[150.555077,-33.682576],[150.555669,-33.681866],[150.556263,-33.6803],[150.556898,-33.679591],[150.557573,-33.679361],[150.558181,-33.67959],[150.558749,-33.680503],[150.558906,-33.681434],[150.559098,-33.681871],[150.559452,-33.681959],[150.560025,-33.68188],[150.560471,-33.681772],[150.560907,-33.68123],[150.56072,-33.68019],[150.561018,-33.679574],[150.561497,-33.679412],[150.562583,-33.679541],[150.563269,-33.679284],[150.56373,-33.679014],[150.564242,-33.678456],[150.565448,-33.678516],[150.566317,-33.678668],[150.56743,-33.679357],[150.568102,-33.679632],[150.569614,-33.681086],[150.571334,-33.681661],[150.572381,-33.681646],[150.573191,-33.68122],[150.573379,-33.68144],[150.574123,-33.681418],[150.574976,-33.681011],[150.576019,-33.680356],[150.577203,-33.680433],[150.577267,-33.680858],[150.577627,-33.681469],[150.578427,-33.682152],[150.579851,-33.68255],[150.580607,-33.682492],[150.583277,-33.68304],[150.5851,-33.682652],[150.585455,-33.682695],[150.585598,-33.682987],[150.585648,-33.683484],[150.585906,-33.6843],[150.586324,-33.684389],[150.586962,-33.684339],[150.588836,-33.6825],[150.589502,-33.682188],[150.59006,-33.681541],[150.590589,-33.680343],[150.590973,-33.67972],[150.591497,-33.679504],[150.592907,-33.679595],[150.593652,-33.679564],[150.594192,-33.679178],[150.595097,-33.677257],[150.596483,-33.675896],[150.596994,-33.675734],[150.598113,-33.675846],[150.599377,-33.67652],[150.600044,-33.677371],[150.60072,-33.677484],[150.601688,-33.677178],[150.602598,-33.677033],[150.605391,-33.67743],[150.606019,-33.677749],[150.605375,-33.678404],[150.605359,-33.678962],[150.605575,-33.679742],[150.605303,-33.680232],[150.605212,-33.68079],[150.605447,-33.681245],[150.608217,-33.681695],[150.609165,-33.681732],[150.610236,-33.682005],[150.611129,-33.682464],[150.612092,-33.683141],[150.612832,-33.684075],[150.613049,-33.684809],[150.612813,-33.685544],[150.612408,-33.685762],[150.611382,-33.685796],[150.609586,-33.685608],[150.60836,-33.685882],[150.607356,-33.685907],[150.606678,-33.686634],[150.606109,-33.686541],[150.605591,-33.686171],[150.604577,-33.684231],[150.603916,-33.683163],[150.603421,-33.682766],[150.602934,-33.682819],[150.60277,-33.683294],[150.602879,-33.684026],[150.602772,-33.684773],[150.602568,-33.685111],[150.602003,-33.685272],[150.60119,-33.685012],[150.600385,-33.68451],[150.599777,-33.684255],[150.599446,-33.684519],[150.599477,-33.685349],[150.60003,-33.686387],[150.600683,-33.68658],[150.601629,-33.68668],[150.60338,-33.688102],[150.604737,-33.688183],[150.60636,-33.688764],[150.607102,-33.688869],[150.609623,-33.688557],[150.611041,-33.687593],[150.613916,-33.687008],[150.617068,-33.686898],[150.619787,-33.687266],[150.621706,-33.687663],[150.622043,-33.687561],[150.622993,-33.687562],[150.623318,-33.687117],[150.624061,-33.686762],[150.624969,-33.68668],[150.625955,-33.686897],[150.626311,-33.686895],[150.626838,-33.686572],[150.627486,-33.686548],[150.628339,-33.685717],[150.628787,-33.685518],[150.629663,-33.684633],[150.631143,-33.684157],[150.631496,-33.684245],[150.633436,-33.683507],[150.635824,-33.683345],[150.637808,-33.683374],[150.639756,-33.683123],[150.640152,-33.683256],[150.640663,-33.683879],[150.641485,-33.683805],[150.642332,-33.683605],[150.642844,-33.68301],[150.642972,-33.682282],[150.642873,-33.681938],[150.642995,-33.681417],[150.643566,-33.681058],[150.644105,-33.68106],[150.64445,-33.680688],[150.644575,-33.680041],[150.644813,-33.679622],[150.645564,-33.67896],[150.6465,-33.678662],[150.647912,-33.679076],[150.648528,-33.679034],[150.64929,-33.678769],[150.650079,-33.67873],[150.650883,-33.678899],[150.651843,-33.67889],[150.653224,-33.678456],[150.653904,-33.678433],[150.656897,-33.677462],[150.656913,-33.677237],[150.657325,-33.676379],[150.657422,-33.675588],[150.657809,-33.674828],[150.657974,-33.674318],[150.6581,-33.673265],[150.658777,-33.671745],[150.659487,-33.670623],[150.659687,-33.670004],[150.660309,-33.668952],[150.66034,-33.668177],[150.660927,-33.667224],[150.660893,-33.666898],[150.660985,-33.666657],[150.661796,-33.665401],[150.662005,-33.664855],[150.660868,-33.664626],[150.659929,-33.664644],[150.659324,-33.664281],[150.657177,-33.662347],[150.659342,-33.658466],[150.659384,-33.657718],[150.657923,-33.65632],[150.656309,-33.654215],[150.656439,-33.653388],[150.656993,-33.652849],[150.658019,-33.652769],[150.660945,-33.653816],[150.662507,-33.653855],[150.663381,-33.653439],[150.664055,-33.652433],[150.6654,-33.649726],[150.665775,-33.648218],[150.665659,-33.646918],[150.664886,-33.646029],[150.661545,-33.644387],[150.660658,-33.643712],[150.660585,-33.643197],[150.661148,-33.642739],[150.664377,-33.641709],[150.664967,-33.641008],[150.665104,-33.640343],[150.664819,-33.640112],[150.657803,-33.638456],[150.651843,-33.637243],[150.651586,-33.636787],[150.651609,-33.63631],[150.652077,-33.635769],[150.654124,-33.634617],[150.654695,-33.633826],[150.655237,-33.632132],[150.655942,-33.631153],[150.656435,-33.630874],[150.658347,-33.63073],[150.661409,-33.63068],[150.662345,-33.630364],[150.663273,-33.630291],[150.666084,-33.62919],[150.666515,-33.628802],[150.666444,-33.627845],[150.665833,-33.627319],[150.663764,-33.626487],[150.662331,-33.625278],[150.661817,-33.624367],[150.661636,-33.623462],[150.661136,-33.62283],[150.66103,-33.621584],[150.660585,-33.621278],[150.659694,-33.621153],[150.658507,-33.621203],[150.657849,-33.62082],[150.657733,-33.620349],[150.658012,-33.619985],[150.657953,-33.619776],[150.657546,-33.619697],[150.656031,-33.619929],[150.656676,-33.6184],[150.657103,-33.618146],[150.658349,-33.618278],[150.658665,-33.618149],[150.661132,-33.618187],[150.661501,-33.618509],[150.662602,-33.618837],[150.663907,-33.618798],[150.664237,-33.61857],[150.664145,-33.618352],[150.663652,-33.617874],[150.663995,-33.617546],[150.663963,-33.617131],[150.663522,-33.616708],[150.662152,-33.616339],[150.661089,-33.616202],[150.660754,-33.615826],[150.660899,-33.61564],[150.663469,-33.615057],[150.667583,-33.614756],[150.667917,-33.614366],[150.667347,-33.61394],[150.667061,-33.613358],[150.667559,-33.610842],[150.667525,-33.608912],[150.667728,-33.60778],[150.667713,-33.606743],[150.667209,-33.606246],[150.666863,-33.605482],[150.66702,-33.604457],[150.666615,-33.60271],[150.6661,-33.60261],[150.665564,-33.602915],[150.665467,-33.604104],[150.665655,-33.606352],[150.665338,-33.607284],[150.664665,-33.607875],[150.663766,-33.608048],[150.663184,-33.607649],[150.66271,-33.606856],[150.663802,-33.604739],[150.66366,-33.603997],[150.660881,-33.603557],[150.658506,-33.603314],[150.658236,-33.60293],[150.65827,-33.602498],[150.658635,-33.602126],[150.659472,-33.601871],[150.660705,-33.601687],[150.661416,-33.599293],[150.662235,-33.598921],[150.663013,-33.59844],[150.663485,-33.597709],[150.663236,-33.597335],[150.663281,-33.596488],[150.662976,-33.595815],[150.660682,-33.595366],[150.659604,-33.594588],[150.658956,-33.594243],[150.658306,-33.594393],[150.657866,-33.595115],[150.657832,-33.596764],[150.657639,-33.597536],[150.657071,-33.59821],[150.656623,-33.598454],[150.655436,-33.598107],[150.655723,-33.599059],[150.655391,-33.600568],[150.655086,-33.601085],[150.654506,-33.601011],[150.654074,-33.60066],[150.653668,-33.600129],[150.653061,-33.599865],[150.652189,-33.599858],[150.651705,-33.600218],[150.652267,-33.602149],[150.651847,-33.602529],[150.650986,-33.602098],[150.650312,-33.601905],[150.649851,-33.60223],[150.649398,-33.603024],[150.649176,-33.603263],[150.647952,-33.603501],[150.647437,-33.603843],[150.647284,-33.604309],[150.647732,-33.605661],[150.64756,-33.606433],[150.647144,-33.606669],[150.646305,-33.606211],[150.645714,-33.606173],[150.644991,-33.60661],[150.642692,-33.607152],[150.640842,-33.607026],[150.639412,-33.606503],[150.638024,-33.605638],[150.637555,-33.605052],[150.636929,-33.603922],[150.636969,-33.60322],[150.637347,-33.602812],[150.638152,-33.602512],[150.638791,-33.602389],[150.640628,-33.601423],[150.642747,-33.601166],[150.644443,-33.600188],[150.644932,-33.600044],[150.645884,-33.599927],[150.645868,-33.599693],[150.646266,-33.599339],[150.646942,-33.599055],[150.647618,-33.59795],[150.648163,-33.597708],[150.64891,-33.597181],[150.649088,-33.595408],[150.649892,-33.59435],[150.649032,-33.592693],[150.648989,-33.591502],[150.649382,-33.590535],[150.64928,-33.589929],[150.648783,-33.589559],[150.647804,-33.589532],[150.647262,-33.590044],[150.647178,-33.590746],[150.647597,-33.591575],[150.647554,-33.592773],[150.647437,-33.593501],[150.64789,-33.594682],[150.648065,-33.595794],[150.647652,-33.5963],[150.646435,-33.596683],[150.645372,-33.596554],[150.644402,-33.596166],[150.643502,-33.59559],[150.643127,-33.594717],[150.643454,-33.59338],[150.644045,-33.592264],[150.64393,-33.59173],[150.64341,-33.591441],[150.641573,-33.591261],[150.640651,-33.591487],[150.639574,-33.591458],[150.637497,-33.590589],[150.635968,-33.589784],[150.635154,-33.588804],[150.634792,-33.587444],[150.634302,-33.586867],[150.633574,-33.587096],[150.632608,-33.588124],[150.63191,-33.588453],[150.631202,-33.588349],[150.627338,-33.588203],[150.627424,-33.589801],[150.627338,-33.591747],[150.62745,-33.592398],[150.627081,-33.59249],[150.625479,-33.592342],[150.624957,-33.591746],[150.624613,-33.590937],[150.624674,-33.589495],[150.624462,-33.588581],[150.623851,-33.587703],[150.62364,-33.587122],[150.623822,-33.58599],[150.623632,-33.585454],[150.62357,-33.584966],[150.623859,-33.583854],[150.624369,-33.582953],[150.62405,-33.582388],[150.62366,-33.580901],[150.62291,-33.579598],[150.622668,-33.578592],[150.622958,-33.577435],[150.623516,-33.576327],[150.623478,-33.575749],[150.622815,-33.574808],[150.622617,-33.574146],[150.623055,-33.571918],[150.623129,-33.569621],[150.623531,-33.568312],[150.624675,-33.566675],[150.62442,-33.566147],[150.623829,-33.565712],[150.623205,-33.566087],[150.62261,-33.566157],[150.622394,-33.565801],[150.622555,-33.564632],[150.622966,-33.563775],[150.622826,-33.562997],[150.621924,-33.56251],[150.620663,-33.562135],[150.619728,-33.562071],[150.618117,-33.562699],[150.616314,-33.562862],[150.615963,-33.562702],[150.616201,-33.562274],[150.618407,-33.56155],[150.619151,-33.561132],[150.619125,-33.560906],[150.618201,-33.560816],[150.616769,-33.560815],[150.615818,-33.560941],[150.614435,-33.561492],[150.612866,-33.56331],[150.612223,-33.564361],[150.612252,-33.565273],[150.611499,-33.566791],[150.61135,-33.567527],[150.610323,-33.568824],[150.609736,-33.569038],[150.609226,-33.568776],[150.608176,-33.568972],[150.607369,-33.568523],[150.606959,-33.568552],[150.60649,-33.56838],[150.606225,-33.567843],[150.606051,-33.567118],[150.605425,-33.566782],[150.604693,-33.565586],[150.603878,-33.565084],[150.603057,-33.56477],[150.602273,-33.56471],[150.601603,-33.564769],[150.598609,-33.56399],[150.597508,-33.564095],[150.597171,-33.564196],[150.596048,-33.563895],[150.595452,-33.564028],[150.594629,-33.563831],[150.593235,-33.563191],[150.592487,-33.562591],[150.590777,-33.562503],[150.590475,-33.562155],[150.590177,-33.562014],[150.589204,-33.562527],[150.588823,-33.562294],[150.588879,-33.561844],[150.588741,-33.560985],[150.588885,-33.560465],[150.587856,-33.559895],[150.586722,-33.559629],[150.585629,-33.559022],[150.584284,-33.557823],[150.582064,-33.556716],[150.580338,-33.556051],[150.580174,-33.55575],[150.580508,-33.553818],[150.580595,-33.552251],[150.58048,-33.551356],[150.580283,-33.550712],[150.580217,-33.54999],[150.579085,-33.551167],[150.576917,-33.552089],[150.574383,-33.551823],[150.572253,-33.551358],[150.57019,-33.550794],[150.568409,-33.550579],[150.566241,-33.550717],[150.564104,-33.552018],[150.563468,-33.555513],[150.562965,-33.55617],[150.561902,-33.55642],[150.561022,-33.556303],[150.558829,-33.556557],[150.558029,-33.557038],[150.557997,-33.558966],[150.559177,-33.561027],[150.559583,-33.561901],[150.559283,-33.562616],[150.558373,-33.563184],[150.558064,-33.563828],[150.55843,-33.56424],[150.558066,-33.566082],[150.557214,-33.567246],[150.556876,-33.568556],[150.557504,-33.569957],[150.558517,-33.570716],[150.559909,-33.570626],[150.561261,-33.569643],[150.562351,-33.569187],[150.563256,-33.569168],[150.564596,-33.570177],[150.564674,-33.571622],[150.565962,-33.572152],[150.566596,-33.572985],[150.566968,-33.573921],[150.566364,-33.57509],[150.565047,-33.575596],[150.564037,-33.575107],[150.563303,-33.572857],[150.561716,-33.571455],[150.559306,-33.570993],[150.556542,-33.571606],[150.553521,-33.572565],[150.549115,-33.572946],[150.546895,-33.572226],[150.546352,-33.570854],[150.547034,-33.569614],[150.548162,-33.568582],[150.549371,-33.567325],[150.549983,-33.566246],[150.549735,-33.564727],[150.54804,-33.562962],[150.546102,-33.561833],[150.54506,-33.561343],[150.54523,-33.560661],[150.544486,-33.560313],[150.541311,-33.560998],[150.540022,-33.560513],[150.53992,-33.559934],[150.53879,-33.559524],[150.537813,-33.559423],[150.536051,-33.560389],[150.535256,-33.561482],[150.534464,-33.561692],[150.533418,-33.561346],[150.533314,-33.560082],[150.533921,-33.557281],[150.531881,-33.553282],[150.530512,-33.553327],[150.529003,-33.553757],[150.527529,-33.553709],[150.525909,-33.553136],[150.523992,-33.553909],[150.519989,-33.55528],[150.518285,-33.55539],[150.514871,-33.554258],[150.513089,-33.554457],[150.511366,-33.554449],[150.509338,-33.553434],[150.507206,-33.552679],[150.505089,-33.552898],[150.501261,-33.554597],[150.498425,-33.554341],[150.496713,-33.553964],[150.493806,-33.552841],[150.491468,-33.552118],[150.489711,-33.551821],[150.487853,-33.551639],[150.486749,-33.551093],[150.485031,-33.550563],[150.483034,-33.550351],[150.480773,-33.550359],[150.47849,-33.550736],[150.475009,-33.551549],[150.472029,-33.551849],[150.467614,-33.5511],[150.46673,-33.549648],[150.466303,-33.549171],[150.465855,-33.549017],[150.465403,-33.549026],[150.465019,-33.548874],[150.464986,-33.548558],[150.465202,-33.548166],[150.467223,-33.546791],[150.469485,-33.546035],[150.469621,-33.545786],[150.469819,-33.544554],[150.470243,-33.54441],[150.4711,-33.544554],[150.473291,-33.545482],[150.474495,-33.545534],[150.475223,-33.545693],[150.47622,-33.545461],[150.476317,-33.545111],[150.476299,-33.544624],[150.474279,-33.542969],[150.473449,-33.541888],[150.472976,-33.540769],[150.473075,-33.54032],[150.473244,-33.54008],[150.473504,-33.540023],[150.474801,-33.540572],[150.475941,-33.541371],[150.476672,-33.542143],[150.477181,-33.542433],[150.477744,-33.542679],[150.478357,-33.542709],[150.478791,-33.542574],[150.478992,-33.542343],[150.479817,-33.541747],[150.479098,-33.541282],[150.478278,-33.540976],[150.477961,-33.540411],[150.477981,-33.539726],[150.478412,-33.539338],[150.479258,-33.539121],[150.481225,-33.539982],[150.482485,-33.540323],[150.482845,-33.540159],[150.483092,-33.539812],[150.483268,-33.538968],[150.483092,-33.538324],[150.482607,-33.53762],[150.482116,-33.537096],[150.480983,-33.536812],[150.477851,-33.536397],[150.476903,-33.536062],[150.476269,-33.536022],[150.474077,-33.536987],[150.473581,-33.536986],[150.472564,-33.536794],[150.471913,-33.53697],[150.471018,-33.537402],[150.470599,-33.537349],[150.470584,-33.537123],[150.470308,-33.537009],[150.469341,-33.536935],[150.468212,-33.536497],[150.466016,-33.535388],[150.465461,-33.535224],[150.46543,-33.535539],[150.465656,-33.53594],[150.46699,-33.536707],[150.466585,-33.536915],[150.464559,-33.536639],[150.464232,-33.536749],[150.463918,-33.537942],[150.463976,-33.53816],[150.463749,-33.539291],[150.463797,-33.53986],[150.463627,-33.540506],[150.463289,-33.54067],[150.462719,-33.540631],[150.461269,-33.540151],[150.461104,-33.539183],[150.460567,-33.538757],[150.458072,-33.538273],[150.457808,-33.538105],[150.457625,-33.53738],[150.457916,-33.53625],[150.457551,-33.536216],[150.45725,-33.536579],[150.456973,-33.537205],[150.45674,-33.537461],[150.455774,-33.538091],[150.455537,-33.538446],[150.455511,-33.538969],[150.455391,-33.539408],[150.455054,-33.5395],[150.45381,-33.53897],[150.45365,-33.538552],[150.452826,-33.538003],[150.452158,-33.538034],[150.451882,-33.537884],[150.451807,-33.537531],[150.451996,-33.536597],[150.452243,-33.535854],[150.452262,-33.535205],[150.452171,-33.535014],[150.451399,-33.534899],[150.451114,-33.534722],[150.450432,-33.532643],[150.450518,-33.531933],[150.450437,-33.53176],[150.449512,-33.531714],[150.44909,-33.531795],[150.448972,-33.532153],[150.449074,-33.532705],[150.448953,-33.533154],[150.448691,-33.533293],[150.448233,-33.533103],[150.447989,-33.532629],[150.448092,-33.531693],[150.447911,-33.531239],[150.447579,-33.531187],[150.44733,-33.531245],[150.447348,-33.531714],[150.446764,-33.532171],[150.446714,-33.532413],[150.447315,-33.533201],[150.447308,-33.533805],[150.447121,-33.534297],[150.446096,-33.535484],[150.44592,-33.536346],[150.445665,-33.536611],[150.445097,-33.536879],[150.444363,-33.536936],[150.443775,-33.537158],[150.44243,-33.537879],[150.441574,-33.538041],[150.441134,-33.538005],[150.441,-33.537786],[150.441114,-33.537581],[150.441035,-33.537354],[150.440786,-33.537403],[150.440228,-33.538068],[150.439654,-33.538191],[150.438786,-33.538047],[150.438416,-33.537814],[150.438368,-33.537605],[150.438519,-33.53723],[150.438024,-33.537211],[150.437833,-33.537504],[150.437509,-33.538616],[150.436112,-33.538902],[150.43552,-33.53889],[150.43528,-33.538651],[150.435212,-33.53837],[150.435971,-33.537466],[150.43776,-33.537043],[150.43857,-33.536969],[150.43986,-33.537023],[150.43993,-33.536844],[150.439767,-33.536516],[150.439906,-33.536186],[150.441149,-33.535679],[150.442519,-33.534851],[150.442669,-33.534521],[150.442621,-33.534312],[150.442044,-33.533777],[150.442002,-33.533389],[150.442118,-33.53276],[150.441712,-33.531183],[150.441608,-33.531064],[150.441063,-33.530926],[150.440895,-33.53076],[150.441162,-33.530117],[150.441258,-33.529397],[150.441071,-33.528835],[150.440998,-33.527995],[150.441174,-33.52752],[150.441674,-33.52735],[150.442051,-33.527349],[150.442418,-33.52769],[150.443071,-33.527433],[150.443923,-33.526657],[150.444288,-33.525944],[150.444658,-33.525446],[150.445113,-33.525357],[150.445477,-33.525409],[150.446106,-33.525251],[150.448905,-33.524146],[150.448955,-33.523939],[150.44875,-33.523583],[150.447552,-33.523297],[150.447567,-33.522793],[150.447816,-33.522383],[150.448654,-33.521724],[150.450613,-33.521719],[150.451257,-33.521769],[150.451448,-33.521872],[150.451523,-33.522252],[150.451309,-33.522942],[150.450914,-33.523186],[150.450492,-33.523259],[150.449945,-33.523563],[150.449667,-33.523864],[150.449629,-33.52407],[150.450291,-33.524255],[150.451003,-33.524189],[150.452535,-33.524464],[150.452787,-33.525019],[150.453469,-33.525258],[150.453712,-33.525435],[150.454024,-33.525432],[150.454427,-33.524917],[150.454147,-33.52419],[150.453927,-33.523248],[150.454173,-33.522568],[150.454561,-33.52217],[150.454495,-33.521466],[150.454636,-33.52109],[150.454963,-33.520925],[150.45671,-33.521565],[150.457089,-33.521122],[150.457416,-33.520976],[150.457966,-33.521303],[150.458776,-33.52195],[150.459435,-33.522261],[150.460121,-33.522348],[150.460326,-33.521973],[150.46018,-33.521429],[150.459568,-33.521011],[150.458824,-33.520689],[150.458682,-33.520389],[150.458708,-33.519866],[150.457765,-33.519369],[150.457537,-33.519067],[150.457904,-33.518641],[150.457847,-33.518379],[150.457595,-33.518175],[150.457624,-33.517923],[150.457946,-33.517578],[150.458223,-33.516953],[150.458662,-33.516664],[150.459554,-33.51634],[150.459839,-33.515805],[150.459769,-33.515254],[150.459812,-33.514867],[150.460285,-33.514534],[150.461095,-33.514424],[150.462668,-33.515115],[150.465755,-33.516684],[150.466143,-33.516637],[150.466514,-33.516122],[150.466646,-33.515286],[150.466992,-33.514482],[150.467422,-33.514139],[150.468823,-33.513347],[150.469079,-33.513046],[150.469198,-33.512652],[150.469141,-33.512407],[150.468853,-33.511941],[150.468471,-33.511735],[150.468345,-33.511255],[150.468542,-33.510799],[150.469098,-33.510558],[150.4697,-33.510561],[150.470295,-33.510826],[150.47076,-33.511863],[150.472054,-33.512908],[150.472874,-33.513196],[150.473618,-33.513148],[150.475176,-33.512494],[150.47556,-33.511889],[150.475758,-33.51137],[150.476237,-33.511172],[150.476676,-33.511244],[150.476867,-33.511366],[150.477882,-33.508276],[150.478051,-33.506918],[150.477821,-33.505561],[150.476439,-33.503864],[150.474944,-33.501228],[150.473923,-33.500062],[150.47315,-33.499623],[150.472591,-33.498493],[150.471979,-33.498463],[150.471394,-33.498604],[150.470859,-33.498846],[150.46968,-33.499056],[150.469028,-33.499268],[150.468371,-33.499678],[150.467907,-33.500075],[150.467427,-33.50029],[150.466831,-33.500431],[150.465258,-33.500489],[150.464423,-33.500707],[150.463617,-33.501051],[150.462989,-33.501552],[150.462378,-33.502198],[150.462136,-33.502743],[150.462341,-33.504189],[150.461248,-33.506268],[150.460954,-33.506379],[150.459944,-33.506313],[150.458359,-33.506416],[150.457696,-33.506628],[150.456851,-33.507187],[150.455745,-33.50821],[150.455615,-33.508614],[150.455811,-33.509258],[150.455638,-33.51003],[150.454991,-33.51081],[150.454154,-33.511433],[150.453487,-33.511798],[150.452441,-33.511884],[150.448327,-33.511944],[150.446361,-33.511101],[150.445401,-33.511162],[150.444195,-33.511561],[150.443027,-33.512123],[150.442143,-33.512898],[150.441643,-33.51305],[150.440474,-33.51253],[150.438791,-33.511963],[150.436822,-33.511914],[150.434065,-33.511252],[150.432951,-33.511058],[150.432184,-33.511177],[150.4315,-33.511722],[150.43109,-33.512489],[150.430525,-33.513045],[150.429979,-33.513683],[150.429538,-33.514368],[150.428894,-33.51504],[150.428312,-33.515794],[150.428056,-33.516438],[150.426887,-33.517775],[150.425936,-33.51753],[150.424806,-33.517516],[150.423977,-33.517156],[150.422955,-33.517144],[150.422737,-33.517617],[150.423521,-33.518733],[150.423718,-33.519378],[150.423513,-33.520113],[150.423325,-33.519928],[150.422927,-33.520263],[150.42099,-33.520258],[150.419784,-33.519909],[150.419229,-33.519383],[150.418197,-33.518604],[150.417133,-33.518194],[150.415962,-33.518125],[150.413447,-33.517631],[150.41239,-33.518077],[150.411196,-33.519486],[150.410338,-33.520099],[150.40951,-33.520434],[150.408056,-33.5219],[150.406558,-33.522671],[150.405137,-33.523065],[150.403524,-33.523356],[150.402271,-33.523483],[150.400945,-33.523202],[150.400233,-33.523268],[150.399074,-33.523866],[150.39807,-33.523953],[150.397036,-33.523607],[150.396223,-33.523076],[150.394206,-33.522141],[150.392427,-33.521887],[150.39215,-33.52107],[150.392353,-33.518261],[150.392343,-33.51534],[150.391827,-33.514977],[150.391338,-33.515147],[150.390473,-33.515616],[150.389449,-33.515684],[150.388379,-33.515094],[150.387251,-33.514682],[150.385825,-33.513769],[150.384141,-33.513562],[150.383169,-33.514037],[150.381742,-33.515314],[150.380353,-33.515709],[150.378667,-33.515556],[150.377416,-33.515998],[150.376592,-33.517279],[150.375529,-33.517202],[150.374137,-33.517308],[150.373353,-33.517598],[150.372821,-33.518479],[150.372441,-33.519634],[150.37197,-33.520616],[150.371635,-33.520663],[150.371197,-33.519473],[150.371923,-33.518271],[150.372035,-33.517759],[150.371994,-33.516974],[150.37214,-33.516058],[150.371106,-33.514674],[150.370258,-33.514232],[150.368741,-33.514588],[150.367229,-33.515818],[150.367044,-33.515868],[150.366727,-33.516384],[150.366187,-33.516463],[150.365195,-33.516162],[150.364746,-33.515332],[150.364545,-33.514156],[150.36483,-33.513279],[150.364936,-33.512623],[150.361713,-33.512446],[150.361668,-33.511426],[150.36223,-33.510996],[150.36282,-33.510702],[150.36332,-33.51056],[150.363374,-33.509831],[150.363866,-33.509228],[150.364774,-33.508391],[150.364954,-33.507763],[150.365055,-33.505863],[150.364748,-33.505343],[150.364854,-33.50503],[150.365328,-33.50467],[150.365932,-33.503916],[150.366239,-33.503373],[150.366559,-33.503109],[150.366531,-33.502622],[150.366265,-33.502174],[150.365512,-33.50178],[150.365315,-33.501208],[150.365346,-33.500523],[150.365828,-33.499893],[150.36653,-33.499448],[150.368416,-33.498641],[150.369316,-33.498426],[150.370714,-33.498455],[150.37158,-33.497915],[150.373096,-33.497974],[150.374478,-33.497823],[150.375338,-33.497868],[150.3759,-33.498132],[150.376399,-33.499063],[150.377284,-33.500055],[150.377469,-33.501051],[150.378118,-33.500956],[150.37876,-33.501069],[150.378956,-33.501335],[150.379568,-33.501402],[150.381899,-33.501911],[150.383995,-33.501622],[150.38448,-33.501614],[150.385098,-33.501816],[150.385606,-33.501728],[150.387132,-33.501075],[150.388661,-33.50071],[150.389109,-33.500467],[150.389307,-33.499967],[150.389508,-33.499736],[150.389718,-33.499912],[150.38987,-33.500222],[150.390097,-33.499478],[150.390349,-33.498961],[150.391399,-33.498415],[150.391809,-33.49836],[150.393003,-33.498755],[150.395904,-33.498897],[150.396352,-33.499033],[150.396814,-33.499394],[150.397101,-33.499518],[150.397558,-33.499356],[150.398023,-33.498915],[150.398384,-33.498372],[150.398695,-33.497676],[150.398758,-33.496298],[150.398957,-33.49577],[150.400369,-33.495673],[150.401181,-33.495528],[150.401703,-33.495692],[150.401963,-33.496004],[150.402081,-33.496358],[150.402811,-33.495364],[150.40326,-33.495103],[150.403998,-33.494866],[150.404867,-33.493883],[150.405496,-33.493373],[150.406432,-33.493023],[150.407473,-33.493099],[150.408574,-33.493717],[150.409108,-33.493855],[150.410583,-33.493462],[150.41098,-33.493488],[150.41228,-33.4932],[150.413003,-33.493485],[150.414132,-33.494988],[150.414511,-33.495266],[150.415472,-33.495493],[150.416923,-33.49556],[150.417706,-33.495306],[150.418495,-33.494826],[150.420866,-33.492513],[150.42155,-33.492311],[150.422337,-33.492264],[150.422757,-33.492967],[150.422774,-33.49386],[150.422358,-33.495186],[150.422425,-33.495819],[150.423165,-33.496267],[150.424329,-33.496589],[150.425828,-33.497548],[150.426458,-33.498102],[150.427108,-33.498296],[150.431476,-33.497602],[150.432603,-33.497716],[150.433338,-33.497984],[150.433692,-33.498379],[150.434085,-33.498549],[150.434162,-33.499236],[150.434933,-33.49899],[150.436702,-33.499198],[150.437287,-33.499084],[150.438113,-33.498452],[150.437896,-33.498493],[150.438297,-33.498032],[150.438652,-33.498031],[150.439139,-33.497229],[150.43996,-33.496381],[150.442039,-33.495576],[150.442016,-33.495269],[150.441725,-33.494911],[150.441245,-33.494757],[150.439028,-33.494414],[150.438702,-33.494146],[150.438681,-33.493776],[150.439176,-33.493037],[150.43978,-33.492266],[150.440724,-33.491257],[150.441601,-33.490356],[150.442448,-33.489724],[150.443092,-33.489395],[150.445804,-33.488306],[150.446812,-33.487668],[150.447282,-33.487074],[150.447932,-33.486907],[150.448741,-33.486842],[150.449272,-33.486348],[150.449679,-33.485681],[150.45013,-33.485365],[150.450944,-33.485112],[150.4516,-33.485116],[150.451708,-33.484758],[150.451583,-33.484232],[150.451075,-33.483933],[150.450597,-33.484095],[150.450229,-33.484556],[150.44741,-33.486752],[150.446196,-33.487403],[150.444108,-33.487784],[150.443183,-33.488161],[150.442493,-33.488544],[150.440609,-33.489307],[150.439879,-33.489644],[150.43927,-33.490226],[150.438469,-33.490742],[150.437879,-33.489945],[150.437605,-33.489389],[150.437908,-33.488972],[150.438186,-33.488302],[150.437978,-33.487675],[150.437178,-33.48746],[150.435868,-33.487731],[150.434432,-33.488233],[150.43357,-33.489008],[150.432936,-33.490077],[150.432426,-33.491302],[150.431683,-33.492413],[150.430772,-33.493026],[150.429809,-33.493213],[150.4295,-33.493459],[150.428422,-33.493536],[150.427413,-33.49347],[150.42616,-33.492903],[150.425059,-33.492267],[150.424444,-33.491226],[150.424696,-33.490736],[150.425094,-33.490383],[150.425317,-33.48973],[150.424937,-33.489118],[150.424374,-33.488511],[150.423521,-33.48788],[150.422817,-33.487676],[150.422138,-33.487356],[150.421243,-33.487427],[150.420621,-33.48773],[150.420064,-33.488358],[150.419496,-33.488292],[150.418416,-33.488414],[150.417689,-33.488624],[150.41646,-33.488707],[150.415764,-33.488927],[150.414243,-33.489057],[150.413895,-33.488834],[150.413091,-33.488718],[150.412317,-33.488341],[150.411182,-33.488155],[150.410388,-33.488075],[150.408835,-33.488196],[150.407753,-33.488038],[150.406667,-33.487646],[150.40541,-33.48651],[150.404687,-33.486225],[150.404122,-33.486402],[150.403788,-33.487153],[150.402878,-33.488062],[150.402338,-33.488853],[150.401669,-33.48929],[150.400882,-33.489328],[150.400411,-33.489588],[150.400792,-33.490191],[150.399803,-33.490495],[150.398799,-33.49097],[150.39754,-33.491349],[150.397046,-33.491312],[150.396656,-33.491024],[150.395711,-33.489517],[150.395123,-33.489053],[150.394212,-33.488547],[150.393413,-33.488287],[150.392383,-33.488193],[150.391397,-33.488434],[150.390985,-33.488876],[150.390565,-33.489616],[150.390095,-33.489146],[150.389372,-33.488851],[150.388307,-33.488135],[150.387646,-33.48758],[150.387082,-33.48736],[150.386392,-33.487409],[150.385384,-33.487649],[150.383846,-33.488699],[150.383642,-33.489398],[150.383811,-33.489861],[150.383221,-33.490164],[150.38292,-33.491213],[150.382739,-33.492579],[150.382438,-33.493276],[150.381781,-33.493668],[150.381122,-33.493762],[150.380503,-33.493587],[150.380032,-33.493153],[150.379034,-33.491969],[150.378364,-33.491378],[150.37731,-33.490634],[150.376961,-33.490419],[150.376367,-33.490515],[150.375651,-33.489995],[150.374749,-33.489561],[150.374007,-33.489915],[150.373659,-33.490394],[150.373463,-33.491175],[150.373602,-33.491908],[150.37402,-33.493026],[150.373903,-33.493357],[150.373358,-33.493219],[150.371647,-33.492497],[150.370587,-33.492322],[150.369645,-33.492545],[150.367805,-33.493579],[150.366723,-33.493799],[150.364937,-33.494861],[150.364093,-33.4957],[150.363033,-33.496588],[150.362629,-33.497156],[150.362437,-33.497089],[150.362172,-33.496254],[150.361305,-33.495397],[150.360349,-33.49425],[150.359989,-33.493358],[150.35977,-33.492434],[150.359325,-33.491478],[150.359039,-33.490642],[150.358917,-33.489702],[150.358955,-33.489153],[150.358181,-33.488758],[150.357037,-33.488535],[150.356081,-33.488812],[150.356376,-33.489386],[150.355905,-33.489999],[150.353584,-33.491337],[150.352808,-33.49206],[150.352572,-33.492749],[150.35316,-33.493231],[150.3543,-33.493255],[150.355535,-33.492966],[150.357373,-33.492708],[150.357983,-33.492811],[150.358343,-33.493341],[150.358551,-33.49395],[150.359027,-33.494555],[150.36093,-33.496381],[150.361487,-33.497204],[150.360575,-33.498519],[150.359145,-33.498489],[150.358795,-33.498319],[150.357336,-33.498161],[150.356654,-33.497921],[150.355377,-33.497822],[150.35435,-33.498323],[150.354217,-33.498816],[150.353888,-33.499377],[150.353371,-33.499375],[150.353124,-33.498667],[150.352514,-33.498536],[150.351995,-33.498976],[150.351488,-33.499722],[150.350686,-33.500273],[150.349898,-33.500338],[150.349214,-33.499818],[150.348687,-33.499131],[150.347943,-33.498817],[150.347855,-33.498869],[150.347406,-33.498057],[150.347531,-33.496789],[150.347067,-33.496481],[150.346867,-33.496684],[150.345832,-33.497122],[150.344772,-33.496919],[150.343939,-33.497063],[150.342553,-33.497728],[150.341475,-33.498489],[150.34069,-33.498103],[150.340271,-33.498436],[150.339869,-33.498905],[150.338873,-33.499118],[150.338168,-33.499644],[150.336968,-33.499817],[150.335517,-33.499416],[150.334825,-33.499509],[150.33423,-33.499965],[150.333398,-33.500074],[150.332659,-33.499949],[150.332113,-33.499532],[150.331667,-33.498621],[150.331083,-33.498356],[150.330369,-33.498503],[150.33017,-33.499021],[150.328523,-33.500419],[150.327341,-33.500367],[150.326945,-33.499943],[150.326482,-33.499618],[150.325725,-33.500097],[150.325171,-33.500942],[150.324434,-33.501458],[150.323802,-33.502066],[150.322483,-33.504021],[150.321298,-33.504392],[150.320206,-33.50491],[150.319484,-33.505642],[150.318929,-33.506532],[150.317996,-33.507476],[150.316963,-33.507815],[150.315536,-33.507685],[150.312446,-33.507022],[150.309918,-33.506309],[150.309013,-33.506344],[150.308579,-33.507137],[150.308484,-33.508126],[150.30896,-33.509435],[150.309138,-33.510638],[150.30907,-33.511772],[150.308792,-33.512767],[150.307994,-33.513868],[150.306841,-33.514952],[150.305649,-33.515908],[150.304247,-33.51668],[150.303512,-33.517467],[150.303068,-33.51825],[150.302949,-33.519303],[150.301593,-33.519652],[150.299187,-33.520528],[150.297782,-33.520714],[150.296331,-33.520655],[150.295224,-33.520252],[150.292739,-33.517096],[150.290042,-33.515577],[150.288501,-33.514245],[150.28678,-33.51317],[150.285196,-33.512549],[150.284141,-33.512553],[150.283377,-33.512906],[150.282708,-33.514325],[150.281799,-33.515179],[150.27868,-33.516797],[150.275608,-33.519362],[150.275153,-33.520127],[150.275147,-33.521029],[150.275591,-33.523328],[150.276473,-33.526774],[150.277742,-33.527514]],[[150.345769,-33.66512],[150.348784,-33.666302],[150.350465,-33.665644],[150.351231,-33.665634],[150.352375,-33.665243],[150.352897,-33.66438],[150.353601,-33.664278],[150.3548,-33.663862],[150.355562,-33.663986],[150.356096,-33.66627],[150.357263,-33.667575],[150.358088,-33.667746],[150.359026,-33.667063],[150.359999,-33.666606],[150.361614,-33.666685],[150.362879,-33.66765],[150.36392,-33.668844],[150.365165,-33.669042],[150.365866,-33.668687],[150.36681,-33.667067],[150.367406,-33.66698],[150.368467,-33.667553],[150.36963,-33.667965],[150.37039,-33.667792],[150.370412,-33.666711],[150.370995,-33.665966],[150.370842,-33.665331],[150.369392,-33.664787],[150.368774,-33.664196],[150.368841,-33.663422],[150.369124,-33.662978],[150.369945,-33.662914],[150.371307,-33.661744],[150.370649,-33.661757],[150.369963,-33.661634],[150.369451,-33.661091],[150.368838,-33.660691],[150.367982,-33.660456],[150.366962,-33.65928],[150.366945,-33.658414],[150.367596,-33.658284],[150.368815,-33.658968],[150.369922,-33.659082],[150.370481,-33.657696],[150.371659,-33.657631],[150.372506,-33.657766],[150.373012,-33.658859],[150.373809,-33.659237],[150.375879,-33.659587],[150.376466,-33.659068],[150.374488,-33.65606],[150.374097,-33.652968],[150.375077,-33.653701],[150.37527,-33.654453],[150.375167,-33.65501],[150.37633,-33.656108],[150.377392,-33.658754],[150.379635,-33.660541],[150.380554,-33.660083],[150.381956,-33.660419],[150.382663,-33.660227],[150.383047,-33.661065],[150.385182,-33.661074],[150.389218,-33.662367],[150.38939,-33.661677],[150.389698,-33.661115],[150.390515,-33.660826],[150.390558,-33.65942],[150.391202,-33.659867],[150.392192,-33.659915],[150.392252,-33.659384],[150.391585,-33.658946],[150.390705,-33.657765],[150.390851,-33.657218],[150.392564,-33.658669],[150.392425,-33.656863],[150.392768,-33.656212],[150.393663,-33.656925],[150.393772,-33.658668],[150.394057,-33.659233],[150.39798,-33.661425],[150.398616,-33.662493],[150.401142,-33.662736],[150.402105,-33.66263],[150.402307,-33.662003],[150.40287,-33.661925],[150.403867,-33.663208],[150.404621,-33.663584],[150.406103,-33.663787],[150.409607,-33.663419],[150.413299,-33.662558],[150.414729,-33.662687],[150.416189,-33.663629],[150.417089,-33.66381],[150.423402,-33.663978],[150.424807,-33.663511],[150.429447,-33.663743],[150.431604,-33.663373],[150.436395,-33.659605],[150.438045,-33.658863],[150.437368,-33.657317],[150.436532,-33.656803],[150.434782,-33.656911],[150.431969,-33.65651],[150.430889,-33.656939],[150.428699,-33.65701],[150.425319,-33.658274],[150.421188,-33.657602],[150.414999,-33.656923],[150.410311,-33.655761],[150.406733,-33.654297],[150.406876,-33.653489],[150.416263,-33.656102],[150.42163,-33.656881],[150.426965,-33.656569],[150.431318,-33.654847],[150.432708,-33.654515],[150.433741,-33.654933],[150.43484,-33.654226],[150.43397,-33.651575],[150.432958,-33.650824],[150.43162,-33.650868],[150.429133,-33.650375],[150.427799,-33.649572],[150.426399,-33.647721],[150.425403,-33.647123],[150.422792,-33.646835],[150.4207,-33.646512],[150.41852,-33.64515],[150.418443,-33.644463],[150.418929,-33.644067],[150.420024,-33.644965],[150.421054,-33.645464],[150.423661,-33.645897],[150.427242,-33.64727],[150.428391,-33.648141],[150.432071,-33.649462],[150.432638,-33.649266],[150.433112,-33.646734],[150.432764,-33.644265],[150.433027,-33.643775],[150.433845,-33.644558],[150.434267,-33.645216],[150.433813,-33.647452],[150.433841,-33.6483],[150.436177,-33.649493],[150.437605,-33.649694],[150.440018,-33.650492],[150.44281,-33.650505],[150.44535,-33.648448],[150.446116,-33.648437],[150.446656,-33.648033],[150.446912,-33.647407],[150.44585,-33.643941],[150.442103,-33.643422],[150.440805,-33.642836],[150.440773,-33.641754],[150.441199,-33.642294],[150.445588,-33.643305],[150.446987,-33.640854],[150.447114,-33.640911],[150.446218,-33.643507],[150.448491,-33.647954],[150.450724,-33.64864],[150.452963,-33.648362],[150.453876,-33.647767],[150.454566,-33.647755],[150.456018,-33.648966],[150.457064,-33.648942],[150.457119,-33.648186],[150.458606,-33.647468],[150.459953,-33.647505],[150.46153,-33.648132],[150.463195,-33.647941],[150.46362,-33.647427],[150.463169,-33.647003],[150.463307,-33.645987],[150.464548,-33.644453],[150.465836,-33.64355],[150.468654,-33.643752],[150.468646,-33.644041],[150.468791,-33.644612],[150.467735,-33.644951],[150.467002,-33.646072],[150.465437,-33.64686],[150.464627,-33.648006],[150.463722,-33.649097],[150.462676,-33.649833],[150.460674,-33.650468],[150.458511,-33.652533],[150.457022,-33.655892],[150.456751,-33.659574],[150.457646,-33.661044],[150.459396,-33.662036],[150.461139,-33.661792],[150.462982,-33.661091],[150.463588,-33.661013],[150.465371,-33.661248],[150.465959,-33.660683],[150.466364,-33.659366],[150.466704,-33.658814],[150.467352,-33.658755],[150.468783,-33.659614],[150.468957,-33.660276],[150.468307,-33.661137],[150.467313,-33.661946],[150.466127,-33.662679],[150.466077,-33.663643],[150.467671,-33.663703],[150.46814,-33.663523],[150.46892,-33.663025],[150.471021,-33.663059],[150.473256,-33.66296],[150.47524,-33.662208],[150.476074,-33.66098],[150.476706,-33.660759],[150.477833,-33.660187],[150.478256,-33.660475],[150.479069,-33.66032],[150.480517,-33.659115],[150.480942,-33.657843],[150.481253,-33.657173],[150.481743,-33.656985],[150.482249,-33.656652],[150.482935,-33.655693],[150.483411,-33.655252],[150.484442,-33.65575],[150.484961,-33.656455],[150.484709,-33.659164],[150.485411,-33.661721],[150.485918,-33.662831],[150.487393,-33.663654],[150.487518,-33.66418],[150.487546,-33.665073],[150.485949,-33.666573],[150.48507,-33.667529],[150.483843,-33.667811],[150.483855,-33.668893],[150.483594,-33.670429],[150.483694,-33.671071],[150.484411,-33.671997],[150.484877,-33.673025],[150.484564,-33.673415],[150.483876,-33.673338],[150.482967,-33.672328],[150.482587,-33.668732],[150.481417,-33.668915],[150.479497,-33.670057],[150.477841,-33.671376],[150.477689,-33.672527],[150.47809,-33.673166],[150.479278,-33.674588],[150.47936,-33.67623],[150.480008,-33.676911],[150.481501,-33.678231],[150.482061,-33.679387],[150.481844,-33.680546],[150.481117,-33.681063],[150.480543,-33.681881],[150.48025,-33.683029],[150.481098,-33.683911],[150.48072,-33.68504],[150.480374,-33.685456],[150.479872,-33.685284],[150.479288,-33.684956],[150.478662,-33.684971],[150.478273,-33.685756],[150.478077,-33.687294],[150.477446,-33.68821],[150.476522,-33.688452],[150.475506,-33.68744],[150.474768,-33.685739],[150.47348,-33.684802],[150.47265,-33.684776],[150.471738,-33.685343],[150.470813,-33.68637],[150.469906,-33.687145],[150.466823,-33.68783],[150.463164,-33.689035],[150.461336,-33.690287],[150.459916,-33.690546],[150.458864,-33.69002],[150.456154,-33.68936],[150.455754,-33.688684],[150.455815,-33.688064],[150.460792,-33.684217],[150.461002,-33.683707],[150.459014,-33.683089],[150.45867,-33.682677],[150.458534,-33.681808],[150.458352,-33.681381],[150.457001,-33.68111],[150.456602,-33.67965],[150.453922,-33.676926],[150.452655,-33.676728],[150.451237,-33.676916],[150.449384,-33.678311],[150.447503,-33.678488],[150.445097,-33.679611],[150.444113,-33.679699],[150.442671,-33.679227],[150.44185,-33.679264],[150.440765,-33.680576],[150.440782,-33.681839],[150.440578,-33.682529],[150.439089,-33.683273],[150.438635,-33.683669],[150.439011,-33.685201],[150.439668,-33.685945],[150.439759,-33.686515],[150.439209,-33.687242],[150.437392,-33.687755],[150.436675,-33.688669],[150.435762,-33.689281],[150.434069,-33.689615],[150.433067,-33.689955],[150.431955,-33.691086],[150.430897,-33.69147],[150.42827,-33.690955],[150.427372,-33.691036],[150.42573,-33.692931],[150.423869,-33.693505],[150.422856,-33.693484],[150.422315,-33.692084],[150.422883,-33.690401],[150.422164,-33.689196],[150.421297,-33.688619],[150.420065,-33.68871],[150.419296,-33.688433],[150.418639,-33.687707],[150.418657,-33.687112],[150.418252,-33.68659],[150.413493,-33.688825],[150.412287,-33.688755],[150.408784,-33.687978],[150.408053,-33.68717],[150.407945,-33.686464],[150.408478,-33.685971],[150.409138,-33.685885],[150.409897,-33.686469],[150.411704,-33.68556],[150.41196,-33.684935],[150.4116,-33.68398],[150.411005,-33.683328],[150.408,-33.682489],[150.407482,-33.681766],[150.406156,-33.681405],[150.402609,-33.680997],[150.401905,-33.680387],[150.400988,-33.680061],[150.399446,-33.679686],[150.395583,-33.68047],[150.394334,-33.681138],[150.392924,-33.682452],[150.389806,-33.683576],[150.388723,-33.685158],[150.388972,-33.686182],[150.38897,-33.686984],[150.388689,-33.687699],[150.389069,-33.688338],[150.38907,-33.689366],[150.388422,-33.689749],[150.387493,-33.689811],[150.385937,-33.689201],[150.384918,-33.687944],[150.385065,-33.686649],[150.385691,-33.685562],[150.385292,-33.684833],[150.385845,-33.684024],[150.387242,-33.683125],[150.388495,-33.68271],[150.389438,-33.68218],[150.389693,-33.681599],[150.388808,-33.680561],[150.388865,-33.679742],[150.388392,-33.679353],[150.387129,-33.679038],[150.385575,-33.679411],[150.384025,-33.680045],[150.382683,-33.679133],[150.381999,-33.678939],[150.380882,-33.67914],[150.380248,-33.679064],[150.379876,-33.678524],[150.380045,-33.677924],[150.379333,-33.677593],[150.378221,-33.677984],[150.376087,-33.678299],[150.376147,-33.677381],[150.375695,-33.677002],[150.375074,-33.677196],[150.373997,-33.67894],[150.372759,-33.679581],[150.371886,-33.680978],[150.370219,-33.68188],[150.368753,-33.682236],[150.367775,-33.681774],[150.366262,-33.681507],[150.365168,-33.681682],[150.364187,-33.682716],[150.361505,-33.681892],[150.360489,-33.679878],[150.360064,-33.678598],[150.359163,-33.677722],[150.359485,-33.676368],[150.35989,-33.675114],[150.359757,-33.674543],[150.358704,-33.674043],[150.358393,-33.672945],[150.357779,-33.67222],[150.356814,-33.672037],[150.356104,-33.672346],[150.355254,-33.673329],[150.354892,-33.673889],[150.354,-33.674501],[150.353691,-33.675081],[150.353716,-33.676019],[150.35335,-33.676696],[150.352529,-33.67676],[150.351468,-33.676521],[150.350339,-33.675712],[150.349281,-33.674725],[150.348182,-33.672916],[150.348058,-33.671696],[150.348394,-33.669891],[150.348287,-33.669159],[150.345945,-33.667486],[150.345399,-33.66559],[150.345769,-33.66512]],[[150.279794,-33.547231],[150.279359,-33.548385],[150.278563,-33.548376],[150.278166,-33.547989],[150.278164,-33.546663],[150.27778,-33.545871],[150.278181,-33.54441],[150.280265,-33.542833],[150.281382,-33.54155],[150.282169,-33.541513],[150.283057,-33.541704],[150.28365,-33.54132],[150.284024,-33.540057],[150.284816,-33.539146],[150.283478,-33.538233],[150.282747,-33.537514],[150.281819,-33.53551],[150.28177,-33.534662],[150.282309,-33.534656],[150.28298,-33.535211],[150.283084,-33.535691],[150.283933,-33.536062],[150.290094,-33.535277],[150.291096,-33.535605],[150.292405,-33.536428],[150.2943,-33.536072],[150.294841,-33.534615],[150.294901,-33.531992],[150.295486,-33.53049],[150.294838,-33.528835],[150.294842,-33.527682],[150.296165,-33.527359],[150.297762,-33.527583],[150.298547,-33.529331],[150.29782,-33.533661],[150.295798,-33.537755],[150.294826,-33.538193],[150.29343,-33.5381],[150.292035,-33.53724],[150.290825,-33.53669],[150.289592,-33.536871],[150.289516,-33.537933],[150.290021,-33.539342],[150.29317,-33.540564],[150.296756,-33.540544],[150.29906,-33.539828],[150.300275,-33.539187],[150.30052,-33.538237],[150.299694,-33.536073],[150.299503,-33.534266],[150.300167,-33.533333],[150.301388,-33.53318],[150.302062,-33.533663],[150.30213,-33.537019],[150.303356,-33.539813],[150.303631,-33.541712],[150.305128,-33.542394],[150.307004,-33.546113],[150.307595,-33.547551],[150.30866,-33.549323],[150.30905,-33.550972],[150.30791,-33.552327],[150.305814,-33.553255],[150.305132,-33.554412],[150.305056,-33.55579],[150.305231,-33.557092],[150.30446,-33.557661],[150.304184,-33.559594],[150.303632,-33.560384],[150.303975,-33.561843],[150.305019,-33.562902],[150.306277,-33.564003],[150.307494,-33.564669],[150.309463,-33.564397],[150.310636,-33.563367],[150.311477,-33.561952],[150.312721,-33.561763],[150.314117,-33.562586],[150.315063,-33.564059],[150.316833,-33.565657],[150.317622,-33.568342],[150.318935,-33.569417],[150.31915,-33.571179],[150.32053,-33.57184],[150.321095,-33.572358],[150.322203,-33.572769],[150.323648,-33.572719],[150.324491,-33.573297],[150.32519,-33.574042],[150.327541,-33.574643],[150.329881,-33.574206],[150.330493,-33.574625],[150.33073,-33.577056],[150.331407,-33.5778],[150.331502,-33.57929],[150.330762,-33.580221],[150.328431,-33.580369],[150.327221,-33.579793],[150.326197,-33.579094],[150.324563,-33.577608],[150.323586,-33.577154],[150.322376,-33.577632],[150.321289,-33.577933],[150.320342,-33.577922],[150.319301,-33.578494],[150.317844,-33.579626],[150.31665,-33.57887],[150.31572,-33.580725],[150.314665,-33.581062],[150.313396,-33.581684],[150.312862,-33.582249],[150.311426,-33.581659],[150.310074,-33.582171],[150.309152,-33.583791],[150.308888,-33.586022],[150.309748,-33.586437],[150.310763,-33.586351],[150.311241,-33.586911],[150.310564,-33.58998],[150.30927,-33.590718],[150.308787,-33.590311],[150.308995,-33.588819],[150.308365,-33.588643],[150.30714,-33.588896],[150.306389,-33.59052],[150.306741,-33.591339],[150.306562,-33.591912],[150.305759,-33.592436],[150.305431,-33.593267],[150.306448,-33.594515],[150.306167,-33.59523],[150.305313,-33.596023],[150.3027,-33.595524],[150.302636,-33.592404],[150.302092,-33.591526],[150.300686,-33.590315],[150.298741,-33.590164],[150.296296,-33.589804],[150.295301,-33.590278],[150.29396,-33.592187],[150.293275,-33.592388],[150.292499,-33.592029],[150.291494,-33.592142],[150.289713,-33.593284],[150.288789,-33.59458],[150.287511,-33.594813],[150.28658,-33.593919],[150.285805,-33.593559],[150.285409,-33.592793],[150.28446,-33.592123],[150.286116,-33.591862],[150.287476,-33.592478],[150.288042,-33.593338],[150.288621,-33.593413],[150.289815,-33.592087],[150.291158,-33.591188],[150.293975,-33.587211],[150.295045,-33.583664],[150.294083,-33.582047],[150.294925,-33.58093],[150.295871,-33.58031],[150.296423,-33.579547],[150.296239,-33.578858],[150.295136,-33.578653],[150.291759,-33.579174],[150.288377,-33.57883],[150.288009,-33.5782],[150.2884,-33.577406],[150.290172,-33.577237],[150.291932,-33.576744],[150.293009,-33.575046],[150.293929,-33.572478],[150.293467,-33.567951],[150.292518,-33.5673],[150.291094,-33.565997],[150.291039,-33.565013],[150.291231,-33.564026],[150.291306,-33.563018],[150.291599,-33.562591],[150.293623,-33.5626],[150.294586,-33.561782],[150.295182,-33.560623],[150.296853,-33.559533],[150.298008,-33.559783],[150.298534,-33.559155],[150.296981,-33.556452],[150.297205,-33.555492],[150.298688,-33.553875],[150.29888,-33.551851],[150.297941,-33.548819],[150.294427,-33.546182],[150.289473,-33.545181],[150.286503,-33.544782],[150.282583,-33.544462],[150.280496,-33.545101],[150.279794,-33.547231]],[[150.41156,-33.528203],[150.412341,-33.528003],[150.413114,-33.5281],[150.413754,-33.528276],[150.413628,-33.529995],[150.413904,-33.53084],[150.414525,-33.531691],[150.415932,-33.532505],[150.416407,-33.533182],[150.41667,-33.533756],[150.416569,-33.535331],[150.41631,-33.536453],[150.415858,-33.537165],[150.415786,-33.537425],[150.416111,-33.539875],[150.416327,-33.540231],[150.41694,-33.540604],[150.419216,-33.541202],[150.419947,-33.541208],[150.420222,-33.541033],[150.420142,-33.540824],[150.418838,-33.5405],[150.417939,-33.539949],[150.417515,-33.539363],[150.417135,-33.538021],[150.417075,-33.536424],[150.417697,-33.535057],[150.417705,-33.534084],[150.41787,-33.533591],[150.418142,-33.533489],[150.418384,-33.534044],[150.418324,-33.534989],[150.417917,-33.53636],[150.417983,-33.538102],[150.418458,-33.539536],[150.418882,-33.540113],[150.419489,-33.540342],[150.420319,-33.540305],[150.419784,-33.539816],[150.41937,-33.539267],[150.419233,-33.538452],[150.419507,-33.537538],[150.419886,-33.537104],[150.421153,-33.5365],[150.422238,-33.536216],[150.423117,-33.53673],[150.424106,-33.537481],[150.424946,-33.537832],[150.425886,-33.538447],[150.426368,-33.538916],[150.426168,-33.540192],[150.425686,-33.540489],[150.425493,-33.54081],[150.425537,-33.541162],[150.428018,-33.541719],[150.428365,-33.542014],[150.428529,-33.542297],[150.428562,-33.542631],[150.428724,-33.542959],[150.429306,-33.543305],[150.429609,-33.543636],[150.429713,-33.544107],[150.429505,-33.54458],[150.429094,-33.545005],[150.428797,-33.545603],[150.428466,-33.545848],[150.428256,-33.545682],[150.427881,-33.545611],[150.427374,-33.545636],[150.427107,-33.545937],[150.427109,-33.546235],[150.427258,-33.546671],[150.427644,-33.547075],[150.427857,-33.547522],[150.427745,-33.548394],[150.427777,-33.549125],[150.427971,-33.549471],[150.428467,-33.549833],[150.428943,-33.550483],[150.428976,-33.550818],[150.428785,-33.551093],[150.427867,-33.551164],[150.427502,-33.55149],[150.427643,-33.551818],[150.427603,-33.552087],[150.427438,-33.552219],[150.426784,-33.552458],[150.426283,-33.553385],[150.426258,-33.553854],[150.426495,-33.554228],[150.427383,-33.555157],[150.427573,-33.55563],[150.427446,-33.555925],[150.427055,-33.556034],[150.426527,-33.55642],[150.425769,-33.557296],[150.425238,-33.557763],[150.424868,-33.558603],[150.42466,-33.559446],[150.424363,-33.560017],[150.423116,-33.560694],[150.422932,-33.561069],[150.42262,-33.561423],[150.421858,-33.561714],[150.421449,-33.561688],[150.421196,-33.56152],[150.420884,-33.560044],[150.421574,-33.557137],[150.422055,-33.556164],[150.42192,-33.555999],[150.42064,-33.555928],[150.419839,-33.55573],[150.418784,-33.554978],[150.418368,-33.554834],[150.417925,-33.554897],[150.417456,-33.555473],[150.416926,-33.555895],[150.416351,-33.556036],[150.415804,-33.555962],[150.415395,-33.55562],[150.415025,-33.554647],[150.414928,-33.553915],[150.415473,-33.552276],[150.415784,-33.551958],[150.416157,-33.552074],[150.416623,-33.552346],[150.416976,-33.552416],[150.418021,-33.552384],[150.418488,-33.552276],[150.41949,-33.5519],[150.420265,-33.551186],[150.420778,-33.550936],[150.422254,-33.550561],[150.423999,-33.549452],[150.424196,-33.54896],[150.424029,-33.54663],[150.422516,-33.545364],[150.422028,-33.545119],[150.42133,-33.545033],[150.420592,-33.545243],[150.420078,-33.545502],[150.41983,-33.545506],[150.419631,-33.545331],[150.419448,-33.544984],[150.419343,-33.544504],[150.419093,-33.544247],[150.418538,-33.544055],[150.417839,-33.544031],[150.417541,-33.543547],[150.416962,-33.54312],[150.416748,-33.543089],[150.416164,-33.543176],[150.414603,-33.543864],[150.413384,-33.545399],[150.412803,-33.545738],[150.412407,-33.545676],[150.411544,-33.544639],[150.411185,-33.544388],[150.409783,-33.544124],[150.409435,-33.543874],[150.409507,-33.543632],[150.411519,-33.542574],[150.411618,-33.542143],[150.409032,-33.542955],[150.408097,-33.542872],[150.407728,-33.54263],[150.407357,-33.542054],[150.407104,-33.540804],[150.407148,-33.540048],[150.407402,-33.539476],[150.407334,-33.539249],[150.407516,-33.538902],[150.407934,-33.538983],[150.408592,-33.538942],[150.409006,-33.53914],[150.41053,-33.539298],[150.412576,-33.538899],[150.41345,-33.538855],[150.413695,-33.538941],[150.413863,-33.539098],[150.414067,-33.540562],[150.414364,-33.540686],[150.414626,-33.540944],[150.414755,-33.540577],[150.414556,-33.538959],[150.415089,-33.538411],[150.415141,-33.538105],[150.414932,-33.537172],[150.414605,-33.537292],[150.414109,-33.538048],[150.41349,-33.538233],[150.412934,-33.538104],[150.412746,-33.537902],[150.412872,-33.537301],[150.412488,-33.537166],[150.410875,-33.537845],[150.408531,-33.538463],[150.407717,-33.538311],[150.407265,-33.537941],[150.407139,-33.537469],[150.407223,-33.536831],[150.4076,-33.53609],[150.408165,-33.535192],[150.408811,-33.534466],[150.409839,-33.533946],[150.4105,-33.533798],[150.410915,-33.533257],[150.411069,-33.532782],[150.410901,-33.532256],[150.410611,-33.531871],[150.410463,-33.531435],[150.410319,-33.531216],[150.409991,-33.53101],[150.409893,-33.530675],[150.409954,-33.530099],[150.410144,-33.529481],[150.410414,-33.52909],[150.410925,-33.528587],[150.41156,-33.528203]],[[150.326451,-33.655615],[150.325603,-33.655498],[150.324956,-33.655854],[150.324574,-33.657053],[150.323598,-33.658294],[150.322743,-33.659087],[150.320946,-33.65931],[150.321367,-33.657921],[150.322839,-33.657385],[150.324121,-33.656376],[150.325037,-33.654638],[150.325619,-33.654281],[150.326603,-33.654194],[150.328437,-33.65381],[150.329718,-33.652828],[150.330536,-33.652512],[150.332522,-33.651049],[150.333106,-33.649566],[150.332301,-33.647384],[150.332869,-33.646089],[150.333974,-33.645536],[150.340714,-33.645474],[150.342422,-33.645664],[150.344312,-33.646958],[150.349611,-33.650957],[150.350061,-33.651409],[150.350477,-33.652617],[150.351555,-33.654019],[150.350748,-33.654309],[150.35071,-33.6552],[150.349751,-33.655901],[150.349114,-33.654869],[150.348632,-33.653362],[150.348924,-33.651916],[150.348766,-33.651435],[150.34665,-33.650858],[150.343179,-33.650143],[150.338678,-33.649983],[150.332676,-33.652676],[150.331507,-33.653895],[150.330336,-33.654464],[150.328915,-33.654379],[150.327907,-33.654556],[150.327075,-33.655331],[150.326451,-33.655615]],[[150.312663,-33.629252],[150.312276,-33.629226],[150.311945,-33.628786],[150.312171,-33.627754],[150.311897,-33.626495],[150.313048,-33.624482],[150.313979,-33.623304],[150.314889,-33.623161],[150.315552,-33.623689],[150.315464,-33.624778],[150.315655,-33.625918],[150.31643,-33.62663],[150.317538,-33.627059],[150.318048,-33.62762],[150.31791,-33.628266],[150.316785,-33.628386],[150.315675,-33.628398],[150.314794,-33.62865],[150.313341,-33.629267],[150.312663,-33.629252]],[[150.321526,-33.622503],[150.321089,-33.622349],[150.320484,-33.621723],[150.320667,-33.621006],[150.321214,-33.620395],[150.322386,-33.61979],[150.323931,-33.619679],[150.325718,-33.620069],[150.326728,-33.620181],[150.327449,-33.620566],[150.327297,-33.621302],[150.326722,-33.62175],[150.325737,-33.622242],[150.325468,-33.62294],[150.325108,-33.623437],[150.324592,-33.623371],[150.323794,-33.622687],[150.323004,-33.622463],[150.321773,-33.622553],[150.321526,-33.622503]],[[150.33087,-33.639266],[150.329412,-33.640028],[150.327194,-33.641017],[150.325416,-33.640979],[150.325743,-33.640174],[150.328914,-33.639053],[150.329121,-33.638634],[150.326587,-33.637975],[150.3253,-33.637776],[150.324621,-33.637076],[150.325933,-33.637185],[150.327933,-33.638013],[150.33029,-33.638154],[150.331506,-33.638541],[150.332605,-33.638565],[150.334308,-33.638926],[150.334603,-33.639491],[150.33087,-33.639266]]]},"properties":{"OBJECTID":4577,"FireType":1,"FireName":"","FireNo":"","FireYear":199394,"Label":"1993-94 Wildfire","StartDate":null,"EndDate":null,"Intensity":null,"AreaHa":53180.33929128,"PerimeterM":347399.68720358,"OFHObjMet":null,"ObjNotMet":null,"NPWSBranch":"BMTN","NPWSArea":"UPMT","VerDate":1788739200000,"Shape.STArea()":0.051660733945544685,"Shape.STLength()":3.4630160792728852}},{"type":"Feature","id":5192,"geometry":{"type":"Polygon","coordinates":[[[150.349824,-33.642622],[150.349687,-33.64252],[150.349275,-33.642593],[150.349167,-33.642942],[150.349463,-33.643129],[150.349658,-33.643097],[150.349927,-33.642778],[150.349824,-33.642622]]]},"properties":{"OBJECTID":5192,"FireType":1,"FireName":"","FireNo":"","FireYear":199798,"Label":"1997-98 Wildfire","StartDate":null,"EndDate":null,"Intensity":null,"AreaHa":0.35810242,"PerimeterM":216.34892023,"OFHObjMet":null,"ObjNotMet":null,"NPWSBranch":"BMTN","NPWSArea":"UPMT","VerDate":1788739200000,"Shape.STArea()":3.480224449099251e-07,"Shape.STLength()":0.002149492290466947}},{"type":"Feature","id":5570,"geometry":{"type":"Polygon","coordinates":[[[150.346165,-33.599215],[150.346265,-33.59946],[150.346425,-33.599527],[150.346737,-33.599894],[150.346934,-33.599781],[150.346951,-33.599574],[150.346711,-33.598956],[150.346278,-33.599037],[150.346165,-33.599215]]]},"properties":{"OBJECTID":5570,"FireType":1,"FireName":"","FireNo":"","FireYear":199900,"Label":"1999-00 Wildfire","StartDate":null,"EndDate":null,"Intensity":null,"AreaHa":0.45143687,"PerimeterM":277.40334024,"OFHObjMet":null,"ObjNotMet":null,"NPWSBranch":"BMTN","NPWSArea":"UPMT","VerDate":1788739200000,"Shape.STArea()":4.385126887771683e-07,"Shape.STLength()":0.0026798514648543065}},{"type":"Feature","id":6006,"geometry":{"type":"Polygon","coordinates":[[[150.367711,-33.655368],[150.367713,-33.656304],[150.36786,-33.657634],[150.368067,-33.657976],[150.36815,-33.658316],[150.371501,-33.661612],[150.372199,-33.662199],[150.373054,-33.662711],[150.373916,-33.662989],[150.374885,-33.662828],[150.374953,-33.662621],[150.374871,-33.662256],[150.374638,-33.661731],[150.374309,-33.661308],[150.373738,-33.660671],[150.372308,-33.659627],[150.371764,-33.659095],[150.371899,-33.65876],[150.372281,-33.658482],[150.374021,-33.658519],[150.374396,-33.658449],[150.374842,-33.65812],[150.374912,-33.657836],[150.374861,-33.657471],[150.374389,-33.656628],[150.373817,-33.656018],[150.372633,-33.655057],[150.371213,-33.6537],[150.370938,-33.653564],[150.370103,-33.653391],[150.369605,-33.653406],[150.369319,-33.653608],[150.369157,-33.653839],[150.368459,-33.654292],[150.368203,-33.65452],[150.367967,-33.655113],[150.367711,-33.655368]]]},"properties":{"OBJECTID":6006,"FireType":1,"FireName":"","FireNo":"BMS-01-24","FireYear":200102,"Label":"2001-02 Wildfire","StartDate":null,"EndDate":1010361600000,"Intensity":null,"AreaHa":40.7268244,"PerimeterM":3107.23056093,"OFHObjMet":null,"ObjNotMet":null,"NPWSBranch":"BMTN","NPWSArea":"UPMT","VerDate":1788739200000,"Shape.STArea()":3.958716441959064e-05,"Shape.STLength()":0.03059445411305792}},{"type":"Feature","id":6097,"geometry":{"type":"Polygon","coordinates":[[[150.253416,-33.666429],[150.253126,-33.666561],[150.252313,-33.665904],[150.252684,-33.665157],[150.252641,-33.664343],[150.25204,-33.663575],[150.252126,-33.663054],[150.251263,-33.661815],[150.252202,-33.660675],[150.251601,-33.659906],[150.251477,-33.659439],[150.250721,-33.65919],[150.249466,-33.659336],[150.248634,-33.659318],[150.247876,-33.659126],[150.247865,-33.659475],[150.24749,-33.660337],[150.247462,-33.661208],[150.247847,-33.662204],[150.24775,-33.663073],[150.247768,-33.663832],[150.245737,-33.662653],[150.244395,-33.662266],[150.243326,-33.662242],[150.240672,-33.662719],[150.239055,-33.664233],[150.23771,-33.663905],[150.236901,-33.664662],[150.236781,-33.66621],[150.23501,-33.665813],[150.233799,-33.665786],[150.233135,-33.666486],[150.231917,-33.666638],[150.23112,-33.667037],[150.231182,-33.66631],[150.229099,-33.667194],[150.227504,-33.668876],[150.227016,-33.670464],[150.227119,-33.671718],[150.228987,-33.671283],[150.235432,-33.67268],[150.234108,-33.676168],[150.232217,-33.679757],[150.232559,-33.680414],[150.234107,-33.678435],[150.235144,-33.679471],[150.236644,-33.680192],[150.237049,-33.680842],[150.238158,-33.683428],[150.239075,-33.684018],[150.239476,-33.68481],[150.239688,-33.686167],[150.23992,-33.686884],[150.240923,-33.687475],[150.241397,-33.688625],[150.242043,-33.689707],[150.242818,-33.689439],[150.244907,-33.687991],[150.245841,-33.688083],[150.247368,-33.68826],[150.248545,-33.688713],[150.249962,-33.68967],[150.251059,-33.689979],[150.253073,-33.690878],[150.253873,-33.689828],[150.255812,-33.687736],[150.257214,-33.686486],[150.258533,-33.685163],[150.26036,-33.683923],[150.261498,-33.682952],[150.262727,-33.681769],[150.263609,-33.680793],[150.266968,-33.678858],[150.267654,-33.678888],[150.268369,-33.679115],[150.270559,-33.680719],[150.27125,-33.680568],[150.273434,-33.68119],[150.273935,-33.681814],[150.275659,-33.681435],[150.275581,-33.681857],[150.27599,-33.682062],[150.276544,-33.682766],[150.277495,-33.683163],[150.278923,-33.68425],[150.280394,-33.685117],[150.28075,-33.685228],[150.281715,-33.685028],[150.282326,-33.683839],[150.283618,-33.683369],[150.284065,-33.682667],[150.283443,-33.680803],[150.282951,-33.680223],[150.281932,-33.68013],[150.281348,-33.679761],[150.281198,-33.679117],[150.280634,-33.678108],[150.280063,-33.677313],[150.28005,-33.675035],[150.27906,-33.674017],[150.278588,-33.672797],[150.277652,-33.672776],[150.276842,-33.671478],[150.277612,-33.671352],[150.278205,-33.671436],[150.277561,-33.670284],[150.277594,-33.669217],[150.279128,-33.669179],[150.280665,-33.669],[150.283147,-33.668556],[150.284504,-33.668728],[150.285748,-33.669752],[150.286485,-33.670693],[150.286223,-33.670901],[150.28595,-33.671464],[150.286767,-33.67255],[150.28792,-33.673785],[150.288703,-33.675937],[150.289104,-33.676729],[150.288995,-33.677509],[150.28976,-33.677526],[150.29087,-33.677408],[150.290853,-33.677977],[150.289816,-33.678453],[150.286716,-33.679594],[150.287446,-33.680749],[150.288596,-33.682055],[150.289078,-33.682991],[150.287358,-33.683523],[150.288601,-33.684617],[150.289754,-33.685852],[150.290818,-33.687228],[150.292145,-33.68562],[150.292924,-33.68521],[150.293593,-33.685581],[150.293448,-33.687499],[150.291957,-33.68889],[150.29251,-33.690254],[150.296903,-33.691334],[150.298536,-33.69115],[150.299452,-33.690966],[150.301093,-33.689992],[150.302416,-33.688543],[150.303773,-33.688807],[150.304758,-33.687889],[150.305141,-33.686545],[150.305177,-33.685407],[150.306056,-33.684501],[150.306425,-33.683584],[150.306949,-33.683168],[150.310607,-33.683248],[150.313144,-33.683802],[150.314055,-33.684604],[150.314532,-33.685682],[150.314322,-33.686959],[150.31619,-33.687142],[150.318652,-33.687337],[150.319874,-33.686368],[150.321638,-33.684413],[150.323588,-33.684669],[150.327244,-33.684819],[150.328681,-33.685135],[150.329887,-33.684663],[150.331227,-33.685404],[150.332397,-33.685394],[150.332488,-33.686097],[150.333584,-33.686237],[150.333194,-33.687866],[150.333304,-33.68979],[150.332589,-33.690913],[150.332551,-33.692122],[150.334615,-33.691455],[150.334895,-33.690678],[150.335698,-33.689485],[150.336461,-33.689573],[150.336736,-33.688939],[150.338043,-33.68797],[150.338706,-33.688554],[150.339434,-33.68978],[150.339773,-33.689858],[150.341479,-33.689752],[150.342325,-33.689913],[150.343503,-33.690365],[150.344271,-33.690311],[150.344367,-33.689957],[150.343833,-33.687953],[150.344374,-33.686968],[150.345737,-33.686926],[150.346398,-33.687581],[150.346365,-33.688648],[150.346156,-33.689924],[150.345957,-33.693621],[150.34556,-33.695462],[150.345178,-33.696806],[150.344562,-33.697434],[150.343605,-33.698125],[150.342631,-33.699314],[150.342681,-33.700453],[150.341963,-33.701648],[150.341418,-33.702775],[150.34138,-33.703984],[150.341188,-33.704691],[150.340654,-33.705463],[150.34015,-33.705238],[150.339218,-33.705076],[150.338871,-33.705282],[150.338223,-33.706976],[150.336027,-33.709135],[150.335497,-33.709764],[150.335916,-33.709986],[150.337795,-33.709813],[150.340352,-33.709726],[150.340793,-33.709238],[150.341692,-33.707691],[150.343224,-33.707724],[150.343186,-33.708933],[150.345257,-33.708053],[150.346113,-33.707929],[150.347561,-33.707889],[150.348181,-33.707119],[150.348465,-33.7062],[150.348906,-33.705711],[150.349669,-33.705799],[150.349565,-33.706437],[150.349041,-33.706853],[150.350359,-33.708305],[150.351637,-33.708261],[150.352763,-33.707644],[150.353695,-33.707807],[150.354114,-33.708029],[150.354539,-33.708038],[150.35515,-33.707553],[150.355113,-33.705987],[150.355894,-33.705505],[150.353405,-33.703388],[150.35368,-33.702754],[150.354917,-33.701285],[150.355761,-33.701517],[150.358057,-33.701637],[150.358244,-33.701072],[150.358685,-33.697808],[150.360417,-33.696848],[150.361377,-33.696086],[150.361525,-33.694025],[150.362714,-33.694122],[150.363678,-33.693217],[150.363728,-33.691582],[150.36469,-33.690748],[150.367079,-33.690586],[150.36892,-33.688846],[150.369834,-33.689577],[150.369815,-33.690217],[150.370299,-33.691081],[150.373493,-33.69243],[150.376039,-33.692698],[150.376028,-33.693053],[150.37549,-33.693967],[150.37547,-33.694607],[150.37688,-33.695847],[150.375792,-33.69803],[150.375151,-33.699511],[150.375258,-33.701577],[150.375943,-33.70145],[150.376139,-33.7006],[150.376482,-33.700536],[150.378676,-33.698376],[150.37944,-33.698464],[150.379609,-33.701314],[150.380366,-33.701615],[150.381557,-33.70164],[150.382591,-33.701235],[150.38363,-33.700687],[150.383928,-33.69927],[150.385726,-33.698953],[150.387024,-33.698268],[150.387885,-33.697931],[150.388985,-33.698168],[150.389559,-33.698891],[150.391296,-33.697789],[150.392408,-33.697599],[150.392704,-33.696253],[150.393434,-33.694632],[150.395544,-33.695246],[150.395506,-33.696526],[150.397267,-33.697417],[150.396681,-33.699896],[150.395811,-33.700518],[150.395194,-33.701217],[150.39426,-33.701126],[150.393775,-33.700262],[150.392592,-33.699952],[150.391744,-33.699863],[150.390206,-33.700044],[150.388489,-33.700506],[150.386782,-33.700612],[150.385148,-33.701147],[150.385816,-33.701588],[150.387586,-33.702195],[150.389349,-33.703015],[150.389409,-33.70387],[150.39067,-33.704395],[150.391907,-33.704215],[150.392594,-33.703983],[150.394235,-33.704755],[150.395927,-33.705146],[150.397118,-33.705171],[150.398728,-33.705419],[150.399907,-33.705871],[150.40116,-33.70668],[150.402679,-33.707139],[150.404713,-33.707466],[150.406849,-33.707227],[150.407976,-33.706539],[150.40948,-33.707495],[150.411072,-33.708383],[150.412569,-33.709553],[150.415084,-33.710887],[150.415907,-33.711829],[150.416475,-33.712766],[150.416984,-33.712848],[150.418033,-33.711945],[150.41921,-33.712467],[150.421403,-33.713154],[150.423197,-33.712978],[150.425017,-33.712362],[150.426189,-33.712231],[150.424531,-33.711775],[150.423497,-33.711731],[150.423263,-33.710773],[150.423658,-33.708931],[150.424033,-33.7078],[150.425005,-33.70661],[150.42606,-33.705494],[150.427875,-33.704606],[150.428847,-33.703417],[150.429396,-33.702147],[150.429002,-33.701071],[150.427932,-33.699839],[150.426396,-33.699949],[150.425096,-33.700705],[150.424113,-33.70225],[150.422665,-33.702291],[150.421997,-33.70185],[150.42072,-33.701824],[150.419688,-33.702158],[150.419252,-33.702505],[150.41645,-33.702233],[150.415865,-33.701865],[150.416731,-33.701384],[150.419367,-33.701511],[150.420656,-33.701111],[150.421422,-33.701127],[150.422777,-33.701368],[150.424256,-33.700332],[150.425741,-33.699082],[150.426187,-33.698379],[150.426211,-33.697597],[150.426591,-33.696253],[150.427916,-33.694643],[150.428967,-33.693669],[150.429531,-33.691901],[150.428371,-33.69081],[150.428231,-33.68981],[150.42785,-33.688308],[150.426778,-33.687147],[150.426986,-33.68587],[150.427495,-33.684369],[150.42749,-33.6829],[150.427648,-33.681309],[150.42647,-33.679893],[150.424252,-33.679903],[150.418606,-33.679562],[150.416648,-33.679762],[150.416455,-33.679554],[150.413527,-33.678047],[150.412294,-33.677761],[150.41032,-33.677757],[150.409825,-33.677988],[150.409537,-33.677982],[150.407824,-33.677399],[150.407737,-33.676286],[150.405475,-33.67644],[150.404573,-33.676961],[150.403694,-33.676706],[150.402386,-33.677319],[150.40132,-33.676589],[150.398942,-33.675258],[150.399045,-33.677181],[150.398498,-33.677378],[150.398163,-33.677028],[150.398283,-33.675716],[150.397857,-33.675134],[150.396053,-33.674827],[150.394755,-33.675103],[150.393866,-33.675185],[150.392641,-33.674384],[150.391183,-33.674623],[150.390962,-33.676606],[150.387967,-33.675701],[150.386866,-33.676115],[150.382847,-33.675975],[150.381556,-33.676087],[150.38119,-33.675906],[150.379959,-33.675568],[150.379208,-33.674411],[150.378881,-33.676249],[150.378229,-33.67666],[150.375935,-33.67654],[150.373819,-33.67614],[150.372761,-33.675519],[150.371273,-33.674104],[150.369458,-33.672543],[150.368925,-33.671044],[150.369572,-33.670159],[150.369711,-33.669677],[150.368151,-33.666903],[150.366644,-33.667188],[150.365339,-33.667263],[150.363955,-33.666891],[150.363844,-33.665816],[150.362528,-33.664878],[150.364135,-33.661661],[150.365647,-33.660024],[150.365742,-33.65873],[150.364451,-33.658109],[150.366024,-33.657629],[150.367068,-33.655956],[150.369323,-33.653365],[150.369584,-33.652783],[150.369628,-33.652033],[150.37124,-33.652067],[150.3713,-33.6516],[150.372008,-33.650125],[150.37231,-33.648815],[150.372446,-33.647975],[150.37239,-33.646172],[150.372679,-33.644862],[150.372591,-33.644098],[150.371739,-33.641712],[150.369642,-33.639832],[150.368731,-33.639166],[150.366345,-33.635212],[150.365223,-33.633998],[150.364295,-33.633643],[150.360221,-33.634145],[150.359369,-33.6331],[150.359637,-33.632909],[150.360924,-33.632371],[150.361008,-33.631402],[150.359302,-33.631227],[150.355165,-33.632628],[150.353821,-33.631942],[150.353361,-33.632682],[150.351429,-33.630481],[150.349919,-33.62756],[150.349233,-33.627228],[150.347302,-33.627425],[150.345105,-33.62702],[150.344057,-33.625929],[150.342934,-33.626262],[150.341635,-33.626807],[150.342281,-33.628037],[150.34142,-33.628234],[150.340716,-33.628862],[150.342046,-33.630108],[150.342255,-33.63134],[150.341248,-33.631887],[150.340559,-33.633423],[150.337103,-33.634541],[150.335988,-33.636008],[150.336012,-33.637896],[150.336239,-33.638826],[150.33696,-33.640265],[150.337865,-33.64128],[150.338412,-33.642858],[150.338279,-33.644421],[150.337143,-33.645393],[150.335762,-33.646003],[150.334315,-33.646043],[150.333189,-33.64666],[150.333115,-33.649078],[150.333556,-33.650221],[150.33344,-33.650704],[150.332602,-33.651913],[150.328711,-33.653893],[150.327235,-33.654858],[150.326125,-33.654976],[150.325538,-33.654678],[150.325658,-33.653542],[150.326152,-33.651347],[150.325838,-33.650486],[150.325472,-33.648557],[150.324744,-33.647331],[150.323894,-33.647313],[150.322784,-33.647431],[150.321251,-33.647469],[150.32146,-33.648968],[150.320764,-33.649451],[150.320075,-33.649721],[150.319709,-33.650567],[150.31951,-33.651488],[150.318964,-33.652614],[150.315495,-33.65197],[150.313644,-33.651289],[150.312068,-33.649974],[150.310311,-33.64901],[150.309795,-33.649213],[150.307481,-33.649732],[150.30634,-33.650845],[150.305711,-33.651899],[150.305107,-33.652171],[150.303767,-33.651501],[150.302685,-33.650694],[150.301752,-33.650603],[150.300647,-33.650579],[150.29883,-33.651535],[150.297212,-33.651571],[150.296191,-33.651549],[150.295775,-33.651255],[150.295493,-33.650861],[150.29546,-33.650465],[150.293336,-33.650348],[150.289084,-33.650254],[150.284808,-33.650943],[150.284394,-33.650578],[150.284096,-33.64922],[150.283192,-33.648204],[150.282894,-33.646845],[150.282934,-33.645565],[150.283485,-33.644296],[150.283682,-33.643446],[150.282596,-33.642782],[150.281683,-33.64205],[150.281717,-33.640983],[150.281229,-33.640261],[150.280318,-33.639458],[150.278618,-33.639421],[150.27783,-33.640115],[150.277123,-33.640953],[150.275642,-33.642059],[150.274516,-33.642675],[150.274324,-33.643382],[150.274427,-33.64552],[150.274073,-33.645939],[150.272511,-33.646901],[150.270535,-33.647498],[150.270394,-33.649274],[150.269904,-33.651327],[150.270268,-33.653256],[150.26893,-33.655219],[150.267943,-33.656834],[150.267213,-33.658384],[150.266814,-33.660225],[150.265661,-33.661694],[150.264851,-33.6631],[150.263445,-33.664492],[150.260647,-33.666849],[150.258937,-33.667096],[150.257838,-33.666858],[150.257256,-33.666418],[150.256043,-33.667103],[150.255383,-33.666448],[150.254449,-33.666356],[150.253702,-33.666557],[150.253416,-33.666429]]]},"properties":{"OBJECTID":6097,"FireType":1,"FireName":"Blackheath Glen","FireNo":"BMS-02-039","FireYear":200203,"Label":"2002-03 Wildfire","StartDate":1039046400000,"EndDate":1045440000000,"Intensity":null,"AreaHa":7067.98011296,"PerimeterM":85122.22318408,"OFHObjMet":null,"ObjNotMet":null,"NPWSBranch":"BMTN","NPWSArea":"UPMT","VerDate":1788739200000,"Shape.STArea()":0.0068713820562449155,"Shape.STLength()":0.8458175693641966}},{"type":"Feature","id":6106,"geometry":{"type":"Polygon","coordinates":[[[150.318617,-33.633863],[150.318619,-33.633803],[150.319709,-33.633881],[150.319686,-33.632538],[150.318753,-33.631551],[150.317433,-33.630663],[150.315738,-33.631485],[150.314032,-33.630589],[150.314722,-33.629717],[150.314144,-33.629033],[150.312905,-33.629651],[150.31243,-33.628405],[150.311974,-33.62861],[150.311931,-33.630006],[150.312862,-33.631047],[150.313427,-33.631435],[150.314331,-33.631293],[150.315013,-33.63206],[150.316301,-33.632679],[150.31854,-33.634285],[150.318617,-33.633863]]]},"properties":{"OBJECTID":6106,"FireType":1,"FireName":"Braeside","FireNo":"BMS-02-079","FireYear":200203,"Label":"2002-03 Wildfire","StartDate":1041984000000,"EndDate":1043193600000,"Intensity":null,"AreaHa":14.80609574,"PerimeterM":2475.97784959,"OFHObjMet":null,"ObjNotMet":null,"NPWSBranch":"BMTN","NPWSArea":"UPMT","VerDate":1788739200000,"Shape.STArea()":1.4387497907416197e-05,"Shape.STLength()":0.024519433748223386}},{"type":"Feature","id":6222,"geometry":{"type":"Polygon","coordinates":[[[150.429823,-33.702529],[150.429741,-33.703275],[150.429189,-33.704293],[150.42759,-33.706031],[150.427119,-33.706727],[150.426587,-33.707936],[150.427864,-33.708477],[150.427914,-33.708947],[150.426738,-33.708781],[150.425481,-33.710116],[150.425042,-33.710805],[150.425557,-33.711564],[150.427848,-33.713306],[150.428846,-33.713233],[150.430957,-33.711517],[150.431588,-33.711587],[150.431543,-33.70959],[150.432235,-33.707231],[150.433411,-33.707388],[150.433743,-33.707622],[150.43455,-33.707885],[150.43448,-33.709355],[150.435477,-33.710212],[150.43639,-33.710804],[150.436058,-33.709694],[150.435967,-33.708973],[150.436903,-33.70869],[150.437051,-33.708277],[150.438233,-33.708093],[150.439841,-33.708827],[150.441946,-33.709064],[150.445253,-33.708317],[150.445686,-33.702687],[150.446506,-33.701962],[150.447979,-33.700211],[150.447049,-33.698634],[150.446842,-33.696627],[150.445708,-33.695935],[150.44471,-33.693689],[150.44296,-33.691635],[150.444386,-33.689279],[150.446407,-33.688486],[150.44665,-33.687478],[150.44486,-33.685294],[150.448679,-33.684001],[150.448344,-33.681327],[150.44766,-33.680265],[150.447248,-33.678063],[150.44985,-33.678181],[150.450753,-33.676589],[150.451826,-33.676492],[150.45259,-33.674778],[150.454522,-33.674026],[150.456068,-33.670496],[150.458671,-33.669298],[150.458618,-33.666255],[150.460757,-33.663854],[150.458687,-33.661486],[150.458514,-33.657665],[150.461661,-33.654927],[150.462273,-33.653508],[150.464849,-33.653203],[150.467965,-33.651538],[150.468427,-33.650354],[150.468401,-33.648803],[150.466663,-33.647081],[150.466731,-33.644725],[150.468263,-33.644605],[150.468845,-33.644275],[150.467624,-33.641238],[150.467908,-33.639943],[150.468692,-33.638316],[150.469872,-33.637176],[150.472026,-33.636262],[150.473126,-33.635052],[150.472102,-33.633662],[150.471899,-33.63222],[150.472659,-33.631414],[150.475286,-33.630845],[150.476274,-33.629039],[150.477493,-33.627368],[150.480981,-33.625417],[150.482037,-33.623844],[150.484181,-33.622364],[150.491171,-33.622857],[150.494882,-33.622874],[150.498418,-33.621715],[150.501033,-33.62057],[150.504226,-33.618607],[150.511661,-33.615357],[150.514888,-33.612202],[150.518285,-33.612876],[150.520208,-33.611598],[150.5245,-33.610874],[150.525526,-33.612612],[150.525062,-33.615138],[150.525599,-33.616866],[150.525294,-33.620703],[150.526204,-33.621637],[150.528716,-33.621031],[150.532061,-33.619939],[150.531614,-33.618458],[150.527495,-33.615514],[150.527854,-33.611293],[150.528663,-33.610414],[150.530449,-33.610271],[150.532323,-33.609533],[150.532433,-33.608164],[150.529923,-33.606205],[150.531837,-33.601591],[150.533555,-33.599992],[150.534935,-33.599065],[150.536402,-33.598939],[150.537609,-33.598563],[150.539573,-33.59768],[150.539772,-33.595325],[150.540263,-33.593529],[150.542598,-33.590212],[150.543604,-33.589934],[150.544596,-33.590133],[150.545946,-33.590279],[150.54741,-33.592777],[150.546066,-33.595487],[150.545911,-33.596295],[150.547217,-33.596837],[150.550049,-33.597719],[150.55598,-33.592741],[150.558571,-33.592074],[150.561262,-33.593367],[150.56343,-33.591126],[150.564181,-33.58938],[150.562453,-33.587063],[150.561696,-33.58072],[150.562608,-33.578781],[150.564554,-33.57608],[150.564346,-33.575162],[150.563215,-33.573835],[150.562254,-33.57199],[150.558457,-33.571198],[150.55224,-33.573358],[150.549623,-33.573653],[150.548207,-33.572691],[150.546673,-33.571813],[150.546243,-33.570499],[150.547071,-33.568754],[150.549865,-33.566396],[150.549659,-33.565414],[150.5467,-33.562615],[150.544847,-33.561991],[150.544667,-33.560096],[150.544804,-33.558011],[150.543343,-33.55733],[150.540554,-33.556753],[150.537054,-33.556553],[150.535016,-33.556969],[150.533496,-33.558374],[150.533815,-33.560859],[150.535964,-33.562885],[150.535729,-33.564811],[150.534989,-33.566166],[150.533394,-33.567439],[150.531074,-33.569545],[150.529663,-33.569843],[150.524284,-33.569931],[150.522144,-33.571193],[150.520354,-33.573832],[150.518907,-33.575368],[150.516756,-33.577021],[150.51578,-33.578437],[150.516072,-33.581835],[150.514657,-33.582263],[150.513298,-33.583186],[150.510651,-33.58355],[150.50857,-33.582532],[150.506258,-33.581637],[150.500523,-33.581437],[150.497975,-33.580849],[150.496742,-33.581599],[150.495297,-33.582286],[150.493286,-33.582841],[150.491928,-33.582993],[150.489274,-33.583595],[150.487702,-33.583742],[150.486589,-33.582825],[150.485774,-33.581436],[150.484388,-33.580096],[150.48304,-33.57989],[150.4816,-33.580397],[150.479577,-33.58137],[150.476887,-33.583224],[150.473382,-33.584163],[150.470744,-33.584191],[150.469169,-33.584567],[150.468212,-33.583894],[150.467709,-33.581219],[150.467048,-33.580404],[150.466078,-33.579802],[150.464816,-33.57838],[150.464953,-33.576297],[150.463249,-33.575822],[150.461623,-33.575652],[150.460033,-33.574254],[150.458424,-33.573351],[150.457512,-33.573998],[150.455463,-33.574365],[150.452208,-33.574093],[150.450085,-33.574488],[150.448065,-33.572722],[150.447426,-33.572678],[150.445626,-33.575125],[150.444251,-33.575974],[150.442981,-33.576317],[150.442046,-33.576008],[150.440807,-33.576404],[150.440098,-33.578213],[150.438872,-33.579051],[150.438232,-33.57938],[150.436775,-33.579719],[150.435897,-33.579595],[150.434764,-33.579572],[150.434551,-33.580384],[150.434051,-33.581364],[150.431923,-33.58199],[150.430099,-33.581925],[150.429572,-33.583866],[150.426279,-33.584889],[150.42515,-33.584456],[150.423614,-33.584015],[150.42204,-33.584801],[150.420873,-33.585664],[150.419487,-33.585452],[150.418499,-33.585956],[150.416959,-33.58763],[150.416119,-33.586693],[150.415369,-33.586315],[150.414576,-33.586226],[150.413532,-33.586436],[150.411013,-33.587747],[150.408353,-33.588072],[150.404644,-33.586996],[150.404085,-33.587961],[150.403052,-33.588783],[150.403501,-33.589725],[150.404725,-33.590466],[150.408277,-33.590389],[150.409454,-33.591137],[150.410245,-33.593182],[150.409836,-33.594187],[150.408146,-33.593932],[150.406587,-33.593929],[150.405276,-33.594725],[150.404495,-33.59653],[150.403321,-33.597039],[150.402268,-33.596812],[150.401974,-33.59624],[150.401113,-33.597173],[150.399899,-33.596899],[150.39912,-33.598384],[150.396932,-33.597929],[150.397005,-33.596962],[150.396288,-33.59671],[150.393663,-33.597554],[150.392117,-33.597228],[150.391308,-33.595867],[150.389217,-33.595462],[150.388776,-33.594233],[150.387236,-33.593831],[150.385622,-33.592322],[150.385681,-33.591401],[150.385154,-33.591153],[150.384357,-33.591231],[150.38211,-33.590117],[150.38057,-33.590174],[150.379969,-33.590738],[150.382199,-33.59182],[150.382694,-33.593506],[150.384407,-33.594076],[150.384372,-33.595218],[150.386442,-33.596024],[150.388277,-33.597811],[150.389713,-33.598642],[150.38919,-33.601491],[150.388794,-33.602672],[150.386279,-33.602209],[150.385181,-33.602614],[150.383367,-33.602931],[150.381243,-33.604751],[150.38051,-33.604424],[150.379338,-33.604577],[150.378886,-33.6055],[150.379007,-33.606746],[150.377457,-33.607112],[150.37729,-33.608585],[150.37331,-33.604951],[150.372342,-33.604523],[150.371255,-33.604463],[150.369951,-33.602454],[150.36919,-33.602408],[150.367919,-33.602769],[150.366376,-33.603347],[150.365492,-33.60405],[150.364794,-33.6052],[150.364487,-33.606158],[150.362859,-33.609862],[150.361869,-33.610031],[150.359824,-33.610051],[150.359799,-33.610874],[150.360366,-33.612154],[150.359585,-33.612898],[150.358056,-33.613372],[150.356426,-33.614668],[150.355543,-33.616297],[150.354287,-33.617728],[150.353279,-33.618467],[150.351682,-33.619182],[150.350597,-33.619061],[150.350895,-33.619738],[150.350215,-33.619888],[150.349957,-33.621314],[150.34924,-33.623803],[150.348612,-33.624521],[150.349064,-33.624873],[150.35273,-33.626204],[150.350193,-33.627581],[150.350632,-33.628234],[150.3517,-33.630475],[150.352864,-33.631989],[150.353392,-33.632458],[150.353787,-33.631876],[150.355298,-33.632518],[150.359295,-33.631157],[150.36111,-33.631358],[150.360979,-33.632424],[150.359434,-33.633057],[150.360265,-33.634074],[150.364335,-33.633533],[150.365714,-33.634151],[150.368696,-33.638949],[150.37167,-33.641383],[150.371978,-33.641984],[150.372283,-33.643152],[150.372731,-33.644252],[150.372765,-33.644988],[150.372474,-33.646167],[150.372502,-33.648064],[150.372326,-33.649198],[150.37173,-33.651059],[150.371396,-33.651518],[150.37142,-33.651953],[150.371236,-33.652112],[150.369702,-33.652067],[150.36963,-33.652986],[150.368498,-33.654561],[150.367246,-33.655846],[150.366121,-33.657671],[150.364525,-33.658111],[150.365796,-33.658697],[150.365707,-33.660053],[150.364274,-33.66162],[150.362599,-33.664859],[150.363908,-33.665805],[150.364019,-33.666846],[150.365394,-33.667195],[150.366494,-33.667138],[150.36832,-33.666778],[150.368551,-33.665465],[150.370543,-33.662792],[150.371907,-33.662029],[150.374159,-33.663031],[150.376247,-33.66198],[150.376182,-33.66215],[150.376693,-33.662212],[150.377526,-33.662775],[150.38013,-33.662001],[150.380553,-33.661772],[150.381938,-33.662229],[150.383714,-33.661602],[150.384543,-33.661407],[150.385011,-33.660919],[150.38922,-33.662359],[150.391322,-33.663162],[150.392524,-33.663733],[150.392854,-33.664095],[150.393536,-33.664039],[150.394218,-33.6634],[150.394564,-33.663776],[150.395879,-33.663424],[150.397296,-33.66253],[150.398111,-33.66276],[150.39885,-33.662681],[150.399865,-33.663816],[150.401039,-33.663438],[150.402664,-33.66314],[150.405476,-33.663911],[150.407013,-33.664654],[150.409017,-33.664957],[150.410304,-33.664605],[150.411685,-33.663946],[150.412584,-33.664226],[150.413264,-33.66424],[150.414404,-33.663078],[150.415169,-33.66273],[150.416107,-33.663019],[150.41682,-33.663817],[150.417063,-33.664225],[150.417561,-33.664638],[150.418379,-33.664797],[150.419236,-33.664578],[150.419993,-33.663907],[150.422492,-33.664717],[150.423275,-33.665089],[150.42422,-33.665749],[150.424667,-33.666896],[150.425322,-33.667764],[150.426733,-33.667983],[150.428016,-33.668721],[150.428943,-33.669001],[150.430088,-33.668645],[150.431457,-33.667417],[150.433092,-33.667012],[150.433289,-33.668202],[150.433668,-33.669506],[150.430765,-33.670892],[150.429895,-33.67207],[150.429631,-33.672912],[150.429606,-33.673759],[150.430652,-33.674678],[150.430676,-33.675875],[150.429423,-33.676305],[150.42821,-33.676572],[150.428303,-33.677471],[150.429888,-33.678302],[150.429856,-33.679398],[150.428509,-33.680566],[150.429512,-33.681788],[150.429151,-33.683023],[150.42763,-33.684038],[150.427429,-33.686776],[150.42894,-33.688103],[150.428991,-33.690398],[150.430007,-33.690319],[150.43123,-33.690455],[150.431421,-33.691038],[150.430786,-33.69223],[150.430212,-33.69378],[150.428972,-33.695034],[150.427856,-33.696336],[150.426906,-33.697242],[150.426626,-33.698368],[150.426665,-33.69914],[150.427827,-33.69937],[150.429633,-33.699023],[150.428527,-33.69996],[150.429334,-33.700924],[150.429823,-33.702529]]]},"properties":{"OBJECTID":6222,"FireType":1,"FireName":"Mt Hay","FireNo":"BMS-02-016","FireYear":200203,"Label":"2002-03 Wildfire","StartDate":1034899200000,"EndDate":1045440000000,"Intensity":null,"AreaHa":12622.97731951,"PerimeterM":87537.38650677,"OFHObjMet":null,"ObjNotMet":null,"NPWSBranch":"BMTN","NPWSArea":"UPMT","VerDate":1788739200000,"Shape.STArea()":0.012264569109262682,"Shape.STLength()":0.8705976136691783}},{"type":"Feature","id":6596,"geometry":{"type":"Polygon","coordinates":[[[150.323952,-33.586194],[150.324562,-33.58571],[150.32504,-33.584692],[150.324986,-33.584038],[150.324021,-33.582771],[150.323185,-33.582131],[150.322524,-33.581867],[150.322138,-33.583509],[150.322175,-33.584724],[150.322601,-33.585387],[150.323292,-33.5859],[150.323952,-33.586194]]]},"properties":{"OBJECTID":6596,"FireType":1,"FireName":"Bald Head","FireNo":"BMR-05-018","FireYear":200506,"Label":"2005-06 Wildfire","StartDate":1146009600000,"EndDate":1146614400000,"Intensity":null,"AreaHa":8.68696585,"PerimeterM":1171.50120038,"OFHObjMet":null,"ObjNotMet":null,"NPWSBranch":"BMTN","NPWSArea":"UPMT","VerDate":1788739200000,"Shape.STArea()":8.436803628257119e-06,"Shape.STLength()":0.011197009531022087}},{"type":"Feature","id":6681,"geometry":{"type":"Polygon","coordinates":[[[150.308238,-33.634253],[150.307631,-33.633766],[150.306931,-33.632615],[150.305845,-33.63297],[150.30571,-33.633677],[150.306027,-33.634394],[150.30703,-33.634889],[150.307649,-33.634997],[150.308238,-33.634253]]]},"properties":{"OBJECTID":6681,"FireType":1,"FireName":"Burra Korain","FireNo":"","FireYear":200607,"Label":"2006-07 Wildfire","StartDate":1163462400000,"EndDate":1163808000000,"Intensity":null,"AreaHa":3.67386082,"PerimeterM":759.33811973,"OFHObjMet":null,"ObjNotMet":null,"NPWSBranch":"BMTN","NPWSArea":"UPMT","VerDate":1788739200000,"Shape.STArea()":3.570085077634597e-06,"Shape.STLength()":0.007467414134279794}},{"type":"Feature","id":6690,"geometry":{"type":"MultiPolygon","coordinates":[[[[150.246273,-33.544398],[150.24637,-33.543976],[150.247209,-33.543684],[150.247082,-33.545313],[150.246473,-33.546913],[150.246355,-33.54814],[150.246667,-33.54891],[150.248137,-33.549512],[150.24806,-33.551093],[150.247,-33.551948],[150.246189,-33.553163],[150.244702,-33.553998],[150.244043,-33.553882],[150.243251,-33.555542],[150.242827,-33.55596],[150.241823,-33.555452],[150.240113,-33.55562],[150.239342,-33.555243],[150.23862,-33.554758],[150.238355,-33.554363],[150.237233,-33.554073],[150.237148,-33.555313],[150.23739,-33.556283],[150.237972,-33.556962],[150.237929,-33.558015],[150.238175,-33.559817],[150.239662,-33.559477],[150.240666,-33.559874],[150.241722,-33.560024],[150.241653,-33.560257],[150.241674,-33.561099],[150.242187,-33.561291],[150.24239,-33.561525],[150.243052,-33.56291],[150.243673,-33.563795],[150.244766,-33.564536],[150.245895,-33.564408],[150.245939,-33.564307],[150.24735,-33.564773],[150.248888,-33.564587],[150.249787,-33.564762],[150.250562,-33.565078],[150.251417,-33.564555],[150.252027,-33.563775],[150.252337,-33.561997],[150.253227,-33.561903],[150.252628,-33.562698],[150.253312,-33.563375],[150.25368,-33.563458],[150.253715,-33.563961],[150.253699,-33.56388],[150.253337,-33.564502],[150.252955,-33.564859],[150.252512,-33.565018],[150.252153,-33.565393],[150.251935,-33.566065],[150.251837,-33.56683],[150.251893,-33.56742],[150.252087,-33.568153],[150.252933,-33.569525],[150.252954,-33.570216],[150.253357,-33.571774],[150.253493,-33.573013],[150.253422,-33.573545],[150.253168,-33.573965],[150.252797,-33.573816],[150.252405,-33.573492],[150.252277,-33.57215],[150.251673,-33.569643],[150.250602,-33.568944],[150.250508,-33.568224],[150.250204,-33.567955],[150.250419,-33.567085],[150.251027,-33.566365],[150.250446,-33.566247],[150.249528,-33.566209],[150.248853,-33.565774],[150.248186,-33.565725],[150.247633,-33.566027],[150.246876,-33.56622],[150.245702,-33.565687],[150.245161,-33.56564],[150.244588,-33.565907],[150.244489,-33.566394],[150.244202,-33.566877],[150.243567,-33.566932],[150.243697,-33.56566],[150.243522,-33.565264],[150.242888,-33.564597],[150.242349,-33.56455],[150.24215,-33.564893],[150.242349,-33.564846],[150.243,-33.565017],[150.243346,-33.565887],[150.242593,-33.567987],[150.241015,-33.570487],[150.24119,-33.570857],[150.241268,-33.571355],[150.2409,-33.572131],[150.240728,-33.574584],[150.243278,-33.576862],[150.243954,-33.577217],[150.244884,-33.57742],[150.245242,-33.576958],[150.245485,-33.574245],[150.246061,-33.573788],[150.24706,-33.573784],[150.247909,-33.574042],[150.249086,-33.574874],[150.249778,-33.5757],[150.250249,-33.576599],[150.251514,-33.578064],[150.252844,-33.57846],[150.254396,-33.578729],[150.256735,-33.579827],[150.256602,-33.579066],[150.256861,-33.577791],[150.257458,-33.576956],[150.257548,-33.577054],[150.258398,-33.576288],[150.2585,-33.576336],[150.259105,-33.576127],[150.260296,-33.574259],[150.260344,-33.573995],[150.26157,-33.572835],[150.261752,-33.575069],[150.261289,-33.577326],[150.260071,-33.577508],[150.259211,-33.578801],[150.258654,-33.580638],[150.258823,-33.584311],[150.258261,-33.586297],[150.257718,-33.587687],[150.257941,-33.58963],[150.258526,-33.5903],[150.259475,-33.590308],[150.260353,-33.590011],[150.260902,-33.59065],[150.260845,-33.591037],[150.260435,-33.591692],[150.260783,-33.592199],[150.262158,-33.593781],[150.263319,-33.594284],[150.263967,-33.595106],[150.26577,-33.594468],[150.266889,-33.596512],[150.266789,-33.597312],[150.266321,-33.597903],[150.265942,-33.59813],[150.266848,-33.59991],[150.268481,-33.602362],[150.268873,-33.60237],[150.269746,-33.601823],[150.270428,-33.601689],[150.271173,-33.601795],[150.271767,-33.602166],[150.272179,-33.602682],[150.272636,-33.604005],[150.272357,-33.604923],[150.270976,-33.606891],[150.271085,-33.607967],[150.270778,-33.60978],[150.271257,-33.611551],[150.272121,-33.613568],[150.27256,-33.614323],[150.274015,-33.613401],[150.276155,-33.613389],[150.276468,-33.613634],[150.276532,-33.613874],[150.27321,-33.615203],[150.274324,-33.616063],[150.275037,-33.617182],[150.275085,-33.617929],[150.277152,-33.621345],[150.28048,-33.619837],[150.28144,-33.619918],[150.281814,-33.620493],[150.281887,-33.621568],[150.281585,-33.622099],[150.281779,-33.622729],[150.282299,-33.623218],[150.282208,-33.623842],[150.281338,-33.624301],[150.281037,-33.624801],[150.282425,-33.624861],[150.283687,-33.624412],[150.284291,-33.624485],[150.285522,-33.625049],[150.285904,-33.625355],[150.287023,-33.623799],[150.287113,-33.622041],[150.288327,-33.620875],[150.288244,-33.620097],[150.289927,-33.618732],[150.291668,-33.617786],[150.292986,-33.617815],[150.29408,-33.617034],[150.295086,-33.616787],[150.296868,-33.616796],[150.295881,-33.61758],[150.296082,-33.618002],[150.296823,-33.618257],[150.297826,-33.6181],[150.297939,-33.617894],[150.29841,-33.617665],[150.298473,-33.617935],[150.298303,-33.618796],[150.29833,-33.619095],[150.299082,-33.618963],[150.299426,-33.619388],[150.300202,-33.61851],[150.301044,-33.617812],[150.302094,-33.617269],[150.302813,-33.617105],[150.303463,-33.616821],[150.304301,-33.616243],[150.305414,-33.615999],[150.305886,-33.615711],[150.306078,-33.615297],[150.306136,-33.614553],[150.3063,-33.61387],[150.307054,-33.613708],[150.308758,-33.613954],[150.310018,-33.613534],[150.311416,-33.613296],[150.313295,-33.613635],[150.313847,-33.614243],[150.314307,-33.614343],[150.31457,-33.613901],[150.315513,-33.613528],[150.315803,-33.613735],[150.316206,-33.613868],[150.320363,-33.614292],[150.321275,-33.61291],[150.323892,-33.611672],[150.3273,-33.606762],[150.32867,-33.604962],[150.32854,-33.604371],[150.330229,-33.60241],[150.332026,-33.601095],[150.33291,-33.601434],[150.334068,-33.601139],[150.334924,-33.600302],[150.336268,-33.600224],[150.336673,-33.599259],[150.337186,-33.598761],[150.339629,-33.599125],[150.339147,-33.598167],[150.33518,-33.597563],[150.335218,-33.597088],[150.336437,-33.595892],[150.338801,-33.595158],[150.336688,-33.594521],[150.335633,-33.594517],[150.334931,-33.593102],[150.333379,-33.592871],[150.332611,-33.592469],[150.333772,-33.592142],[150.33431,-33.591783],[150.338628,-33.594351],[150.338114,-33.593692],[150.340548,-33.594744],[150.340774,-33.595515],[150.340362,-33.595283],[150.340608,-33.595661],[150.339948,-33.597349],[150.339781,-33.598227],[150.340068,-33.598599],[150.339338,-33.60005],[150.338041,-33.600784],[150.337925,-33.601168],[150.336682,-33.601317],[150.335717,-33.601296],[150.335382,-33.602658],[150.33457,-33.603132],[150.334135,-33.603615],[150.333662,-33.603991],[150.333439,-33.604407],[150.331809,-33.605566],[150.33147,-33.607034],[150.330876,-33.607232],[150.330036,-33.607249],[150.329807,-33.607876],[150.330998,-33.608709],[150.330446,-33.608943],[150.330511,-33.609542],[150.331579,-33.610302],[150.33163,-33.611357],[150.331412,-33.611633],[150.330391,-33.612067],[150.329809,-33.613249],[150.328529,-33.613923],[150.328928,-33.614599],[150.329511,-33.614752],[150.329411,-33.615277],[150.327175,-33.616985],[150.326805,-33.6181],[150.327383,-33.619763],[150.327237,-33.61995],[150.326836,-33.618777],[150.326467,-33.615769],[150.327918,-33.61355],[150.327564,-33.613794],[150.327025,-33.613566],[150.327024,-33.612571],[150.327976,-33.612575],[150.328189,-33.61318],[150.328681,-33.612133],[150.328821,-33.611317],[150.328833,-33.609993],[150.327319,-33.608861],[150.327904,-33.608384],[150.328157,-33.607643],[150.329218,-33.606847],[150.329816,-33.606113],[150.330545,-33.604877],[150.331791,-33.603652],[150.33128,-33.603424],[150.329078,-33.606723],[150.328046,-33.60752],[150.327452,-33.608133],[150.325796,-33.610481],[150.326246,-33.610828],[150.326176,-33.612151],[150.324676,-33.612263],[150.324401,-33.612787],[150.322172,-33.613196],[150.32196,-33.615407],[150.32142,-33.616117],[150.323314,-33.616303],[150.323585,-33.616838],[150.322845,-33.619351],[150.320927,-33.619959],[150.320917,-33.620267],[150.320147,-33.620039],[150.318877,-33.620156],[150.317619,-33.619912],[150.316438,-33.618995],[150.315656,-33.618516],[150.315867,-33.618137],[150.313056,-33.617201],[150.313681,-33.617272],[150.31463,-33.617669],[150.315141,-33.617655],[150.315099,-33.617411],[150.313409,-33.617014],[150.312412,-33.616523],[150.311495,-33.619302],[150.311589,-33.620142],[150.311371,-33.623279],[150.311443,-33.623333],[150.31158,-33.623182],[150.311498,-33.623392],[150.311443,-33.623333],[150.311459,-33.623491],[150.311309,-33.623873],[150.311386,-33.624156],[150.312066,-33.623467],[150.313121,-33.623771],[150.314987,-33.625078],[150.316426,-33.625672],[150.317107,-33.627187],[150.317012,-33.628451],[150.315848,-33.629833],[150.31463,-33.631166],[150.313604,-33.631707],[150.311361,-33.630063],[150.311185,-33.630308],[150.310651,-33.63061],[150.309568,-33.630879],[150.308045,-33.630845],[150.306469,-33.631731],[150.31051,-33.636729],[150.311915,-33.639748],[150.315621,-33.644301],[150.316353,-33.644635],[150.318844,-33.648247],[150.319178,-33.648812],[150.319187,-33.64902],[150.319981,-33.65006],[150.320142,-33.649769],[150.320857,-33.649913],[150.321389,-33.649528],[150.322068,-33.649312],[150.322381,-33.649076],[150.322995,-33.648015],[150.324337,-33.647149],[150.325511,-33.646719],[150.325892,-33.647289],[150.326097,-33.647955],[150.326278,-33.647866],[150.326712,-33.648515],[150.32726,-33.648575],[150.327339,-33.648784],[150.325886,-33.651226],[150.327104,-33.652438],[150.331028,-33.651337],[150.33238,-33.649536],[150.333027,-33.648263],[150.332087,-33.647471],[150.331965,-33.646972],[150.33199,-33.646169],[150.332406,-33.645412],[150.332664,-33.644725],[150.333306,-33.644474],[150.335989,-33.644159],[150.338297,-33.644175],[150.339395,-33.644063],[150.340973,-33.644097],[150.343429,-33.644591],[150.344619,-33.645429],[150.346016,-33.646103],[150.346143,-33.645984],[150.346813,-33.64718],[150.348608,-33.648702],[150.350126,-33.650389],[150.350835,-33.651717],[150.350235,-33.651577],[150.350306,-33.651515],[150.348881,-33.650434],[150.346244,-33.649225],[150.342972,-33.647596],[150.339543,-33.64715],[150.337934,-33.646776],[150.335415,-33.645706],[150.333937,-33.646317],[150.334096,-33.647744],[150.333893,-33.649061],[150.333344,-33.649794],[150.331923,-33.651221],[150.32842,-33.653144],[150.328542,-33.65358],[150.328327,-33.653686],[150.32705,-33.655256],[150.328029,-33.654478],[150.333024,-33.654016],[150.335441,-33.653098],[150.336826,-33.652443],[150.33799,-33.652297],[150.338891,-33.651859],[150.341354,-33.651627],[150.343541,-33.651503],[150.345311,-33.651655],[150.347933,-33.65291],[150.349383,-33.654596],[150.350227,-33.653758],[150.352156,-33.653172],[150.352267,-33.651747],[150.351577,-33.649793],[150.350405,-33.647941],[150.349292,-33.646434],[150.347176,-33.64422],[150.345995,-33.642711],[150.344818,-33.641031],[150.343574,-33.639953],[150.344099,-33.640029],[150.343269,-33.638371],[150.343883,-33.636331],[150.344767,-33.63526],[150.345452,-33.634282],[150.346038,-33.634382],[150.34947,-33.633425],[150.349595,-33.633564],[150.349923,-33.635549],[150.350481,-33.636375],[150.351588,-33.637266],[150.352975,-33.637485],[150.354338,-33.637433],[150.35523,-33.636856],[150.355509,-33.635154],[150.355319,-33.635014],[150.357101,-33.635025],[150.357746,-33.634834],[150.358174,-33.634891],[150.358712,-33.634739],[150.358877,-33.634499],[150.359488,-33.634318],[150.360911,-33.633345],[150.36215,-33.6331],[150.363172,-33.633583],[150.363568,-33.634432],[150.364281,-33.63442],[150.365948,-33.635025],[150.366533,-33.63604],[150.36677,-33.63675],[150.367647,-33.637744],[150.368261,-33.638869],[150.369815,-33.639986],[150.370185,-33.640558],[150.371132,-33.640979],[150.371785,-33.641595],[150.372666,-33.639447],[150.370613,-33.637517],[150.372739,-33.63704],[150.373876,-33.637506],[150.377394,-33.637019],[150.380397,-33.635142],[150.380952,-33.635018],[150.382796,-33.635112],[150.383744,-33.635444],[150.384115,-33.6361],[150.384553,-33.636146],[150.384915,-33.635822],[150.385309,-33.635904],[150.385689,-33.636465],[150.386902,-33.635644],[150.387642,-33.635594],[150.388169,-33.635334],[150.388609,-33.634692],[150.390648,-33.634116],[150.390288,-33.634352],[150.389788,-33.634857],[150.390211,-33.635419],[150.391227,-33.63533],[150.391722,-33.634972],[150.392006,-33.634315],[150.392411,-33.634029],[150.392768,-33.633852],[150.394177,-33.634163],[150.394438,-33.633486],[150.394971,-33.633297],[150.39508,-33.632858],[150.394995,-33.632495],[150.392716,-33.631724],[150.389463,-33.630021],[150.387284,-33.630132],[150.384775,-33.629322],[150.382987,-33.628578],[150.381299,-33.628542],[150.380171,-33.627963],[150.378724,-33.627933],[150.377184,-33.626992],[150.375692,-33.626455],[150.373884,-33.626417],[150.372269,-33.626633],[150.370016,-33.62577],[150.368042,-33.626091],[150.367036,-33.625464],[150.364692,-33.625161],[150.364852,-33.625871],[150.363269,-33.624374],[150.362162,-33.623089],[150.361491,-33.62258],[150.362293,-33.622738],[150.363598,-33.623473],[150.364357,-33.624296],[150.36485,-33.623954],[150.366094,-33.624687],[150.368695,-33.625039],[150.374998,-33.625482],[150.378943,-33.626676],[150.383255,-33.627726],[150.387861,-33.628984],[150.391358,-33.629058],[150.392124,-33.629679],[150.392814,-33.630804],[150.394482,-33.631495],[150.396217,-33.631482],[150.396874,-33.630688],[150.396759,-33.630017],[150.396136,-33.62965],[150.395592,-33.629185],[150.39535,-33.6287],[150.396069,-33.628362],[150.397406,-33.628542],[150.398215,-33.628218],[150.398307,-33.627665],[150.398132,-33.62746],[150.398651,-33.626531],[150.39857,-33.626045],[150.398248,-33.625633],[150.398765,-33.625492],[150.398952,-33.625282],[150.398655,-33.625118],[150.399083,-33.624874],[150.399438,-33.624521],[150.399357,-33.625312],[150.401639,-33.627689],[150.401584,-33.628552],[150.402203,-33.629513],[150.402046,-33.630386],[150.402571,-33.63107],[150.403876,-33.631062],[150.403994,-33.631219],[150.403861,-33.631689],[150.40378,-33.632723],[150.40342,-33.633373],[150.404529,-33.633703],[150.40574,-33.633809],[150.406421,-33.632952],[150.408347,-33.633686],[150.40841,-33.634139],[150.408632,-33.634466],[150.40931,-33.634368],[150.411164,-33.635552],[150.411556,-33.635979],[150.412395,-33.636303],[150.414462,-33.637443],[150.415381,-33.633619],[150.416549,-33.632803],[150.418268,-33.633034],[150.419535,-33.632787],[150.421108,-33.631856],[150.421448,-33.631428],[150.421398,-33.631169],[150.420447,-33.63073],[150.418849,-33.630664],[150.419408,-33.630495],[150.418404,-33.630096],[150.41795,-33.62889],[150.417389,-33.628784],[150.416513,-33.629112],[150.415619,-33.628778],[150.415114,-33.628043],[150.412539,-33.628525],[150.411576,-33.628001],[150.411678,-33.627089],[150.411482,-33.626109],[150.411527,-33.624598],[150.412522,-33.625312],[150.412462,-33.625193],[150.41326,-33.625844],[150.414855,-33.625301],[150.4153,-33.624806],[150.418453,-33.624944],[150.418958,-33.624354],[150.418545,-33.62377],[150.416055,-33.622589],[150.416039,-33.622181],[150.414952,-33.621077],[150.414198,-33.620929],[150.414913,-33.620921],[150.415044,-33.620293],[150.415472,-33.61983],[150.415482,-33.619515],[150.414433,-33.619336],[150.414303,-33.61864],[150.413827,-33.618189],[150.412764,-33.618482],[150.412059,-33.618152],[150.412109,-33.617744],[150.411822,-33.617265],[150.410501,-33.617363],[150.409621,-33.617849],[150.40844,-33.618297],[150.40833,-33.618413],[150.405493,-33.618791],[150.405011,-33.619573],[150.401991,-33.620758],[150.400531,-33.621591],[150.398599,-33.623099],[150.396594,-33.624141],[150.395365,-33.623898],[150.396216,-33.622761],[150.400012,-33.620423],[150.401555,-33.6193],[150.40465,-33.617834],[150.407458,-33.614158],[150.408518,-33.613052],[150.408448,-33.612948],[150.410421,-33.612828],[150.410478,-33.612392],[150.410305,-33.610855],[150.409135,-33.609151],[150.408638,-33.606804],[150.407089,-33.607538],[150.406332,-33.608033],[150.404401,-33.608431],[150.404062,-33.608095],[150.40272,-33.607738],[150.400828,-33.606822],[150.400362,-33.606338],[150.39976,-33.60607],[150.39876,-33.604922],[150.397977,-33.604426],[150.397443,-33.60478],[150.396808,-33.605],[150.396763,-33.604699],[150.396235,-33.604965],[150.394451,-33.60623],[150.392889,-33.606395],[150.391839,-33.606109],[150.390511,-33.605134],[150.389525,-33.604882],[150.389601,-33.604396],[150.388922,-33.603761],[150.387586,-33.603069],[150.390026,-33.602799],[150.392072,-33.602105],[150.393696,-33.601194],[150.396076,-33.599495],[150.398851,-33.599626],[150.399709,-33.600483],[150.402096,-33.600899],[150.403537,-33.600856],[150.403787,-33.599802],[150.404564,-33.600074],[150.405651,-33.600207],[150.406018,-33.599594],[150.405977,-33.59806],[150.406607,-33.596897],[150.406898,-33.596772],[150.406951,-33.596535],[150.407433,-33.596046],[150.408479,-33.596068],[150.40968,-33.597143],[150.410056,-33.598766],[150.41003,-33.599641],[150.41073,-33.601043],[150.411907,-33.601068],[150.412254,-33.600469],[150.414,-33.600122],[150.414191,-33.599735],[150.414489,-33.59938],[150.418382,-33.597688],[150.418548,-33.59697],[150.418244,-33.596302],[150.418315,-33.595654],[150.418452,-33.595795],[150.41848,-33.595615],[150.419211,-33.59521],[150.423338,-33.595295],[150.424141,-33.594861],[150.424384,-33.593934],[150.423963,-33.593625],[150.423912,-33.592902],[150.424845,-33.591719],[150.425867,-33.591199],[150.425528,-33.590501],[150.425912,-33.589667],[150.426571,-33.58926],[150.427541,-33.58925],[150.429101,-33.588777],[150.429324,-33.58839],[150.431296,-33.589111],[150.430356,-33.589302],[150.431188,-33.590244],[150.432548,-33.589924],[150.433211,-33.589367],[150.432977,-33.588791],[150.431884,-33.588107],[150.432104,-33.587931],[150.434253,-33.586923],[150.435166,-33.586401],[150.435663,-33.586622],[150.436466,-33.58739],[150.437217,-33.587465],[150.43809,-33.587092],[150.438505,-33.58644],[150.438307,-33.584632],[150.438288,-33.584556],[150.43825,-33.584632],[150.437832,-33.58369],[150.437098,-33.583014],[150.435577,-33.581963],[150.434798,-33.581198],[150.434264,-33.581723],[150.433138,-33.582181],[150.432161,-33.582431],[150.431335,-33.582414],[150.430682,-33.582641],[150.430416,-33.583147],[150.430246,-33.584015],[150.429656,-33.584544],[150.428682,-33.584704],[150.427678,-33.584653],[150.427196,-33.585154],[150.426146,-33.585433],[150.424266,-33.584673],[150.423329,-33.584774],[150.422482,-33.585478],[150.422,-33.586009],[150.421415,-33.586357],[150.420448,-33.586277],[150.420357,-33.585704],[150.420414,-33.585014],[150.420818,-33.584692],[150.421802,-33.584201],[150.422598,-33.584007],[150.423329,-33.583571],[150.423904,-33.583553],[150.425719,-33.584102],[150.426372,-33.583875],[150.426775,-33.583613],[150.428352,-33.583705],[150.429196,-33.583122],[150.429598,-33.581657],[150.431862,-33.581613],[150.433711,-33.58102],[150.433906,-33.580609],[150.433604,-33.58038],[150.433734,-33.580168],[150.433938,-33.579389],[150.43489,-33.578877],[150.436066,-33.578927],[150.435504,-33.577524],[150.435246,-33.577839],[150.434676,-33.577553],[150.43327,-33.577734],[150.433097,-33.577668],[150.431061,-33.57838],[150.43031,-33.578275],[150.429715,-33.577751],[150.428653,-33.577248],[150.427894,-33.577384],[150.42782,-33.577472],[150.4282,-33.577991],[150.428183,-33.578539],[150.42769,-33.578843],[150.426969,-33.579532],[150.42701,-33.579592],[150.426825,-33.579688],[150.426676,-33.579665],[150.425625,-33.580042],[150.424713,-33.580534],[150.423347,-33.580566],[150.422131,-33.58042],[150.421562,-33.580228],[150.420786,-33.579761],[150.419457,-33.578591],[150.417937,-33.577778],[150.417119,-33.577521],[150.417068,-33.576828],[150.418186,-33.575761],[150.418362,-33.575202],[150.418108,-33.574721],[150.417684,-33.574379],[150.416085,-33.574618],[150.414657,-33.573983],[150.413722,-33.573782],[150.412947,-33.573099],[150.411689,-33.5728],[150.411126,-33.572274],[150.410371,-33.570895],[150.408321,-33.570489],[150.406673,-33.56997],[150.40629,-33.569447],[150.404589,-33.569472],[150.403671,-33.568725],[150.403046,-33.567864],[150.401315,-33.56873],[150.401532,-33.568389],[150.401869,-33.567192],[150.402156,-33.566526],[150.401342,-33.565808],[150.400973,-33.564708],[150.40011,-33.563373],[150.399284,-33.56302],[150.398753,-33.563019],[150.398784,-33.562856],[150.398644,-33.562547],[150.398767,-33.562461],[150.398743,-33.562258],[150.398435,-33.561953],[150.398197,-33.561841],[150.396708,-33.561718],[150.396569,-33.561617],[150.396058,-33.561567],[150.39559,-33.561745],[150.395164,-33.561784],[150.394915,-33.561621],[150.393141,-33.561212],[150.39347,-33.560545],[150.393618,-33.558952],[150.393881,-33.558696],[150.395226,-33.558965],[150.395668,-33.559779],[150.395962,-33.559785],[150.396426,-33.560196],[150.397097,-33.560588],[150.397997,-33.560593],[150.398033,-33.559913],[150.397859,-33.559511],[150.397623,-33.559272],[150.39764,-33.558728],[150.396647,-33.558371],[150.395689,-33.556838],[150.395237,-33.556297],[150.394613,-33.556272],[150.393724,-33.555835],[150.393766,-33.555145],[150.393634,-33.555062],[150.393473,-33.554603],[150.393487,-33.554081],[150.392912,-33.553544],[150.392034,-33.553278],[150.391832,-33.551998],[150.391268,-33.550361],[150.391347,-33.549875],[150.392008,-33.549244],[150.393877,-33.549303],[150.394177,-33.55208],[150.394613,-33.552262],[150.394801,-33.552983],[150.395206,-33.552956],[150.395911,-33.553799],[150.396085,-33.554291],[150.395953,-33.555001],[150.396048,-33.555301],[150.396015,-33.555513],[150.397298,-33.556703],[150.397798,-33.557336],[150.397865,-33.557925],[150.399094,-33.55902],[150.400896,-33.560145],[150.401893,-33.560055],[150.402853,-33.55952],[150.403207,-33.558779],[150.40483,-33.558129],[150.405687,-33.55716],[150.406055,-33.556569],[150.406953,-33.554708],[150.40691,-33.553802],[150.40622,-33.5525],[150.405224,-33.551322],[150.406394,-33.548976],[150.406666,-33.549177],[150.407162,-33.549956],[150.407856,-33.549927],[150.408033,-33.548641],[150.407683,-33.547723],[150.408775,-33.5481],[150.410361,-33.548936],[150.413025,-33.549601],[150.41431,-33.549213],[150.4152,-33.54922],[150.415654,-33.549612],[150.412266,-33.551058],[150.412238,-33.551222],[150.412091,-33.551316],[150.411758,-33.553493],[150.411835,-33.553595],[150.411801,-33.553796],[150.412167,-33.554374],[150.413307,-33.555433],[150.414183,-33.556093],[150.416472,-33.555784],[150.417218,-33.555764],[150.417678,-33.555346],[150.418218,-33.555253],[150.418713,-33.556384],[150.419167,-33.556875],[150.419321,-33.557414],[150.420541,-33.56003],[150.420792,-33.560005],[150.419965,-33.558141],[150.420013,-33.558256],[150.420228,-33.557458],[150.420249,-33.556784],[150.419423,-33.556189],[150.418947,-33.55544],[150.418676,-33.554246],[150.418176,-33.554268],[150.417238,-33.554891],[150.415539,-33.555273],[150.414198,-33.555303],[150.413202,-33.554572],[150.41285,-33.554158],[150.412674,-33.552356],[150.412797,-33.552106],[150.412907,-33.552232],[150.413318,-33.551341],[150.414997,-33.550831],[150.416395,-33.55102],[150.417849,-33.551114],[150.418962,-33.551073],[150.420147,-33.54991],[150.420548,-33.54934],[150.420489,-33.549191],[150.420556,-33.549051],[150.420376,-33.548662],[150.419641,-33.548871],[150.419132,-33.549246],[150.418694,-33.549783],[150.417766,-33.550053],[150.41723,-33.55001],[150.415711,-33.548244],[150.414638,-33.548222],[150.413824,-33.548526],[150.41279,-33.548546],[150.410645,-33.548396],[150.410119,-33.548032],[150.406944,-33.546521],[150.404608,-33.546408],[150.403761,-33.546551],[150.403348,-33.546771],[150.403232,-33.546681],[150.402251,-33.547191],[150.400753,-33.548803],[150.400234,-33.550006],[150.399739,-33.5504],[150.397806,-33.55041],[150.397704,-33.550464],[150.393597,-33.547365],[150.390829,-33.546919],[150.390096,-33.546676],[150.389588,-33.54623],[150.388872,-33.546003],[150.388167,-33.545383],[150.387385,-33.544912],[150.386481,-33.546104],[150.384445,-33.547666],[150.383372,-33.550854],[150.381487,-33.552207],[150.379829,-33.554413],[150.380146,-33.554692],[150.378862,-33.555301],[150.376123,-33.556151],[150.375633,-33.556807],[150.375076,-33.558461],[150.37341,-33.560939],[150.370709,-33.56173],[150.369082,-33.562907],[150.36795,-33.563246],[150.36729,-33.563535],[150.36646,-33.564668],[150.363949,-33.567522],[150.364151,-33.568416],[150.363654,-33.568333],[150.362103,-33.570205],[150.358657,-33.572333],[150.358377,-33.572627],[150.356157,-33.572712],[150.352165,-33.572053],[150.349663,-33.569304],[150.347128,-33.567614],[150.345978,-33.567236],[150.34416,-33.565773],[150.344292,-33.565688],[150.344304,-33.565297],[150.343396,-33.563276],[150.342936,-33.561835],[150.342877,-33.560238],[150.343405,-33.559113],[150.343965,-33.55846],[150.343961,-33.557943],[150.342913,-33.556935],[150.342635,-33.556379],[150.342595,-33.555475],[150.342455,-33.554914],[150.341638,-33.554379],[150.3399,-33.554153],[150.339293,-33.553958],[150.338811,-33.553255],[150.337856,-33.551635],[150.337665,-33.550591],[150.337323,-33.549519],[150.337134,-33.54813],[150.33712,-33.547407],[150.336457,-33.546761],[150.336377,-33.546812],[150.335658,-33.54604],[150.334747,-33.544412],[150.334444,-33.5431],[150.333591,-33.541497],[150.33254,-33.540628],[150.329645,-33.53987],[150.328869,-33.539564],[150.328462,-33.539334],[150.327517,-33.538492],[150.324119,-33.537103],[150.320456,-33.536665],[150.319226,-33.535833],[150.316941,-33.534487],[150.315218,-33.534305],[150.313571,-33.533568],[150.312744,-33.533361],[150.311551,-33.533261],[150.309169,-33.532437],[150.308409,-33.531518],[150.308371,-33.530557],[150.308483,-33.529788],[150.30976,-33.527484],[150.309753,-33.526745],[150.308268,-33.525653],[150.306477,-33.524514],[150.304805,-33.522692],[150.304834,-33.521776],[150.304349,-33.520704],[150.303543,-33.520687],[150.302895,-33.521155],[150.302319,-33.521143],[150.301755,-33.520744],[150.301484,-33.520208],[150.299946,-33.519643],[150.299152,-33.51924],[150.297707,-33.519402],[150.296717,-33.519766],[150.29545,-33.519738],[150.293337,-33.517328],[150.293129,-33.516871],[150.293221,-33.516756],[150.292231,-33.51552],[150.291265,-33.514989],[150.289091,-33.514197],[150.28868,-33.513875],[150.287107,-33.513331],[150.285824,-33.51248],[150.284613,-33.512297],[150.28242,-33.512131],[150.282012,-33.512627],[150.280933,-33.514306],[150.279846,-33.51517],[150.277948,-33.516029],[150.275752,-33.517431],[150.274887,-33.518156],[150.27435,-33.518889],[150.273928,-33.520408],[150.273467,-33.52318],[150.273786,-33.524911],[150.274639,-33.526066],[150.274798,-33.52697],[150.274517,-33.528453],[150.274062,-33.52954],[150.272628,-33.530527],[150.27281,-33.530688],[150.273164,-33.53055],[150.272746,-33.53124],[150.272182,-33.532764],[150.272474,-33.532713],[150.272177,-33.533496],[150.269455,-33.533436],[150.267237,-33.532976],[150.266396,-33.533208],[150.266273,-33.532802],[150.265093,-33.532169],[150.265836,-33.531213],[150.267567,-33.530122],[150.26743,-33.52974],[150.267395,-33.528688],[150.26777,-33.527442],[150.266745,-33.526602],[150.266409,-33.525708],[150.266078,-33.524495],[150.264907,-33.52293],[150.262923,-33.524243],[150.26242,-33.524482],[150.26172,-33.523703],[150.261088,-33.523352],[150.26004,-33.522542],[150.259313,-33.521784],[150.255869,-33.521236],[150.254895,-33.521507],[150.254323,-33.521764],[150.253933,-33.522227],[150.253693,-33.523031],[150.253498,-33.524127],[150.252467,-33.524486],[150.251725,-33.523365],[150.249687,-33.522596],[150.248165,-33.522339],[150.247157,-33.522651],[150.24624,-33.524302],[150.245351,-33.52718],[150.244624,-33.529114],[150.243173,-33.530809],[150.243056,-33.531346],[150.24264,-33.531657],[150.24193,-33.5328],[150.242532,-33.53428],[150.243755,-33.535845],[150.243737,-33.537063],[150.244005,-33.538523],[150.244783,-33.538922],[150.245789,-33.53884],[150.246512,-33.53947],[150.2474,-33.541538],[150.247177,-33.542272],[150.246301,-33.543524],[150.246273,-33.544398]]],[[[150.429891,-33.588775],[150.429677,-33.588837],[150.429743,-33.588844],[150.430016,-33.589371],[150.430356,-33.589302],[150.429891,-33.588775]]],[[[150.245733,-33.546758],[150.246266,-33.544631],[150.246273,-33.544398],[150.245733,-33.546758]]],[[[150.344099,-33.640029],[150.344102,-33.640035],[150.344146,-33.640036],[150.344099,-33.640029]]]]},"properties":{"OBJECTID":6690,"FireType":1,"FireName":"Lawsons Long Alley","FireNo":"","FireYear":200607,"Label":"2006-07 Wildfire","StartDate":1163462400000,"EndDate":1167782400000,"Intensity":null,"AreaHa":14644.40303993,"PerimeterM":150288.97964525,"OFHObjMet":null,"ObjNotMet":null,"NPWSBranch":"BMTN","NPWSArea":"UPMT","VerDate":1788739200000,"Shape.STArea()":0.0142225864196198,"Shape.STLength()":1.49343859346708}},{"type":"Feature","id":6692,"geometry":{"type":"Polygon","coordinates":[[[150.306024,-33.570968],[150.305562,-33.570876],[150.305408,-33.571337],[150.305285,-33.572476],[150.30547,-33.572784],[150.305162,-33.573091],[150.305162,-33.573737],[150.304916,-33.57426],[150.304885,-33.574845],[150.304608,-33.574691],[150.304824,-33.576445],[150.304455,-33.576937],[150.304516,-33.57746],[150.30507,-33.578968],[150.306578,-33.580321],[150.307593,-33.582044],[150.308916,-33.582537],[150.309716,-33.582629],[150.310885,-33.583214],[150.316054,-33.587213],[150.3207,-33.588844],[150.322515,-33.588629],[150.323165,-33.586566],[150.323715,-33.586813],[150.325715,-33.586998],[150.327253,-33.587367],[150.32833,-33.587275],[150.328545,-33.586967],[150.328268,-33.586752],[150.327407,-33.58709],[150.327315,-33.58586],[150.326699,-33.585552],[150.326269,-33.585613],[150.325561,-33.586383],[150.324915,-33.586136],[150.324084,-33.586229],[150.323182,-33.586511],[150.323223,-33.586383],[150.321315,-33.587306],[150.319315,-33.587183],[150.317223,-33.586906],[150.316208,-33.586229],[150.314823,-33.584875],[150.313931,-33.583614],[150.312516,-33.582844],[150.311439,-33.582044],[150.310331,-33.582321],[150.3099,-33.582044],[150.310491,-33.580076],[150.31154,-33.579583],[150.311663,-33.579299],[150.311608,-33.578858],[150.311443,-33.578458],[150.312085,-33.578137],[150.312485,-33.577276],[150.313069,-33.57503],[150.313654,-33.573553],[150.313008,-33.573307],[150.3123,-33.573184],[150.310946,-33.573337],[150.310516,-33.573276],[150.310085,-33.573153],[150.309193,-33.572537],[150.308762,-33.572353],[150.308177,-33.572537],[150.307839,-33.572784],[150.307654,-33.572476],[150.307285,-33.572168],[150.307316,-33.571522],[150.307193,-33.571061],[150.306424,-33.571214],[150.306024,-33.570968]]]},"properties":{"OBJECTID":6692,"FireType":1,"FireName":"Lawsons Long Alley","FireNo":"","FireYear":200607,"Label":"2006-07 Wildfire","StartDate":1163462400000,"EndDate":1167782400000,"Intensity":null,"AreaHa":88.93750132,"PerimeterM":8078.20537073,"OFHObjMet":null,"ObjNotMet":null,"NPWSBranch":"BMTN","NPWSArea":"UPMT","VerDate":1788739200000,"Shape.STArea()":8.637090118261421e-05,"Shape.STLength()":0.08048672202903606}},{"type":"Feature","id":6879,"geometry":{"type":"Polygon","coordinates":[[[150.306172,-33.628531],[150.306084,-33.628339],[150.305853,-33.628255],[150.305624,-33.628332],[150.305528,-33.628522],[150.305621,-33.628713],[150.305847,-33.628794],[150.306072,-33.62872],[150.306172,-33.628531]]]},"properties":{"OBJECTID":6879,"FireType":1,"FireName":"Blackheath Depot","FireNo":"BMR-07-001","FireYear":200708,"Label":"2007-08 Wildfire","StartDate":1186876800000,"EndDate":1186876800000,"Intensity":null,"AreaHa":0.28029482,"PerimeterM":187.67999505,"OFHObjMet":null,"ObjNotMet":null,"NPWSBranch":"BMTN","NPWSArea":"UPMT","VerDate":1788739200000,"Shape.STArea()":2.72360639718175e-07,"Shape.STLength()":0.0018610998380431554}},{"type":"Feature","id":6882,"geometry":{"type":"Polygon","coordinates":[[[150.307647,-33.627628],[150.307541,-33.627397],[150.307271,-33.627296],[150.306995,-33.627385],[150.306875,-33.627617],[150.306986,-33.627846],[150.307258,-33.627943],[150.307532,-33.62785],[150.307647,-33.627628]]]},"properties":{"OBJECTID":6882,"FireType":1,"FireName":"McClaren St, Blackheath","FireNo":"BMR-07-006","FireYear":200708,"Label":"2007-08 Wildfire","StartDate":1192320000000,"EndDate":1192320000000,"Intensity":null,"AreaHa":0.40377069,"PerimeterM":225.25676565,"OFHObjMet":null,"ObjNotMet":null,"NPWSBranch":"BMTN","NPWSArea":"UPMT","VerDate":1788739200000,"Shape.STArea()":3.9233729454309514e-07,"Shape.STLength()":0.0022337106187165848}},{"type":"Feature","id":19700,"geometry":{"type":"Polygon","coordinates":[[[150.305617,-33.652385],[150.304635,-33.652409],[150.303665,-33.652069],[150.303351,-33.651652],[150.302606,-33.651043],[150.301631,-33.650839],[150.300318,-33.650993],[150.299695,-33.651754],[150.298374,-33.652135],[150.296573,-33.652233],[150.294669,-33.6521],[150.293958,-33.652176],[150.293556,-33.652805],[150.293536,-33.653443],[150.293737,-33.653994],[150.294916,-33.654658],[150.295723,-33.654995],[150.298549,-33.655285],[150.29897,-33.65575],[150.299385,-33.656443],[150.30066,-33.65752],[150.301111,-33.657028],[150.30163,-33.656127],[150.302044,-33.655088],[150.302507,-33.654232],[150.302834,-33.654239],[150.303146,-33.654702],[150.303122,-33.655476],[150.303539,-33.656078],[150.303631,-33.656627],[150.303338,-33.657305],[150.303473,-33.658219],[150.304438,-33.658742],[150.304451,-33.658332],[150.303973,-33.657911],[150.303936,-33.657363],[150.304147,-33.655818],[150.304495,-33.655141],[150.304626,-33.65446],[150.305091,-33.653513],[150.305331,-33.652834],[150.305617,-33.652385]]]},"properties":{"OBJECTID":19700,"FireType":2,"FireName":"Warragamba","FireNo":"","FireYear":197374,"Label":"1973-74 Prescribed Burn","StartDate":null,"EndDate":null,"Intensity":null,"AreaHa":44.18398117,"PerimeterM":3970.42249429,"OFHObjMet":null,"ObjNotMet":null,"NPWSBranch":"BMTN","NPWSArea":"UPMT","VerDate":1788739200000,"Shape.STArea()":4.294566705852158e-05,"Shape.STLength()":0.039177868503602054}},{"type":"Feature","id":19831,"geometry":{"type":"Polygon","coordinates":[[[150.311131,-33.641769],[150.311015,-33.640991],[150.310516,-33.640421],[150.309778,-33.640216],[150.308712,-33.640535],[150.306139,-33.640434],[150.305181,-33.640756],[150.302579,-33.642258],[150.303047,-33.64317],[150.30379,-33.643881],[150.30585,-33.645215],[150.306706,-33.646108],[150.310986,-33.647148],[150.311279,-33.646388],[150.311524,-33.644734],[150.311106,-33.643265],[150.311131,-33.641769]]]},"properties":{"OBJECTID":19831,"FireType":2,"FireName":"","FireNo":"","FireYear":197677,"Label":"1976-77 Prescribed Burn","StartDate":null,"EndDate":null,"Intensity":null,"AreaHa":42.59746864,"PerimeterM":2574.37471849,"OFHObjMet":null,"ObjNotMet":null,"NPWSBranch":"BMTN","NPWSArea":"UPMT","VerDate":1788739200000,"Shape.STArea()":4.1398674990835285e-05,"Shape.STLength()":0.02567258991237301}},{"type":"Feature","id":19880,"geometry":{"type":"Polygon","coordinates":[[[150.289106,-33.672463],[150.289517,-33.672445],[150.290022,-33.672159],[150.290446,-33.671338],[150.290587,-33.671323],[150.290882,-33.671537],[150.293142,-33.675806],[150.293591,-33.676276],[150.29698,-33.67516],[150.300867,-33.671549],[150.302504,-33.670214],[150.301234,-33.669095],[150.299103,-33.667597],[150.297084,-33.665966],[150.297035,-33.665812],[150.297311,-33.665602],[150.297577,-33.664697],[150.298089,-33.664519],[150.29835,-33.662388],[150.297933,-33.661243],[150.29832,-33.660575],[150.298472,-33.659875],[150.29839,-33.658692],[150.298482,-33.658505],[150.298614,-33.658436],[150.298999,-33.658507],[150.29886,-33.657783],[150.298622,-33.65748],[150.298236,-33.657418],[150.29814,-33.657713],[150.297839,-33.658022],[150.297124,-33.658484],[150.296547,-33.659013],[150.296405,-33.659433],[150.296283,-33.659539],[150.295806,-33.659619],[150.295563,-33.659812],[150.295176,-33.661155],[150.295072,-33.662046],[150.295141,-33.662597],[150.295048,-33.66282],[150.294798,-33.662526],[150.29479,-33.662112],[150.295164,-33.660136],[150.295315,-33.659806],[150.295369,-33.659104],[150.295564,-33.659063],[150.2956,-33.659298],[150.295705,-33.659409],[150.295947,-33.659252],[150.296297,-33.658061],[150.29644,-33.657956],[150.296601,-33.657968],[150.296712,-33.658232],[150.297002,-33.658265],[150.297815,-33.657093],[150.298004,-33.656556],[150.298159,-33.656767],[150.298995,-33.656921],[150.299504,-33.657887],[150.299634,-33.657881],[150.299247,-33.656466],[150.298634,-33.656065],[150.29804,-33.655412],[150.297817,-33.655299],[150.296996,-33.655344],[150.296569,-33.65556],[150.296486,-33.655784],[150.295347,-33.656372],[150.295448,-33.6566],[150.29544,-33.656834],[150.295183,-33.657126],[150.294064,-33.657741],[150.293806,-33.658051],[150.293705,-33.658878],[150.293599,-33.659155],[150.293337,-33.659258],[150.292772,-33.659056],[150.292382,-33.65912],[150.291821,-33.659486],[150.291324,-33.659529],[150.291177,-33.659409],[150.290189,-33.6579],[150.28971,-33.657348],[150.289194,-33.657301],[150.28678,-33.657969],[150.286685,-33.658256],[150.286778,-33.658717],[150.287025,-33.659092],[150.287373,-33.66002],[150.287375,-33.660984],[150.287237,-33.66127],[150.286591,-33.661229],[150.28439,-33.659584],[150.283435,-33.659428],[150.283002,-33.659139],[150.282669,-33.658411],[150.282333,-33.658133],[150.281384,-33.657805],[150.280922,-33.657408],[150.280479,-33.657425],[150.279995,-33.657739],[150.279389,-33.658492],[150.278719,-33.65991],[150.278536,-33.661962],[150.278073,-33.662962],[150.278134,-33.663441],[150.278413,-33.663807],[150.279128,-33.664391],[150.279952,-33.665284],[150.280411,-33.666457],[150.279952,-33.669043],[150.279921,-33.669331],[150.280052,-33.669631],[150.28033,-33.669701],[150.28166,-33.669234],[150.282068,-33.669288],[150.282649,-33.670031],[150.28389,-33.669653],[150.284385,-33.669691],[150.284731,-33.669996],[150.284704,-33.670158],[150.284932,-33.670803],[150.284697,-33.671762],[150.284668,-33.672347],[150.284404,-33.672847],[150.284359,-33.673603],[150.284603,-33.673716],[150.288859,-33.672431],[150.289106,-33.672463]]]},"properties":{"OBJECTID":19880,"FireType":2,"FireName":"","FireNo":"","FireYear":197879,"Label":"1978-79 Prescribed Burn","StartDate":null,"EndDate":null,"Intensity":null,"AreaHa":295.4705108,"PerimeterM":11501.57392923,"OFHObjMet":null,"ObjNotMet":null,"NPWSBranch":"BMTN","NPWSArea":"UPMT","VerDate":1788739200000,"Shape.STArea()":0.0002872284936770247,"Shape.STLength()":0.1118462519779662}},{"type":"Feature","id":19944,"geometry":{"type":"Polygon","coordinates":[[[150.27663,-33.640689],[150.276888,-33.640703],[150.277401,-33.640165],[150.277972,-33.640177],[150.278731,-33.640014],[150.279017,-33.640182],[150.279205,-33.641061],[150.278791,-33.64153],[150.278794,-33.641782],[150.27895,-33.641957],[150.279572,-33.64207],[150.27967,-33.642378],[150.279317,-33.643335],[150.279115,-33.643565],[150.278172,-33.643743],[150.277918,-33.643944],[150.277936,-33.644387],[150.277845,-33.644899],[150.277269,-33.645715],[150.277308,-33.646203],[150.277142,-33.647353],[150.277134,-33.648633],[150.276831,-33.649023],[150.276766,-33.649364],[150.276827,-33.649817],[150.277313,-33.650152],[150.277593,-33.650149],[150.278504,-33.649628],[150.278851,-33.649555],[150.279213,-33.649725],[150.279238,-33.649951],[150.279096,-33.650344],[150.2782,-33.651055],[150.277648,-33.652161],[150.277543,-33.652771],[150.277663,-33.653387],[150.277955,-33.653718],[150.278444,-33.653918],[150.279681,-33.654694],[150.280751,-33.654609],[150.281634,-33.65361],[150.282527,-33.652998],[150.283291,-33.652357],[150.284039,-33.651535],[150.284396,-33.65047],[150.28432,-33.64981],[150.283687,-33.648336],[150.283187,-33.646413],[150.282504,-33.64446],[150.281572,-33.641212],[150.281269,-33.640881],[150.280562,-33.640415],[150.279857,-33.639516],[150.279441,-33.639371],[150.278658,-33.639273],[150.278179,-33.639397],[150.277446,-33.639751],[150.276881,-33.640234],[150.27663,-33.640689]]]},"properties":{"OBJECTID":19944,"FireType":2,"FireName":"","FireNo":"","FireYear":197980,"Label":"1979-80 Prescribed Burn","StartDate":null,"EndDate":null,"Intensity":null,"AreaHa":72.31626565,"PerimeterM":4832.71675154,"OFHObjMet":null,"ObjNotMet":null,"NPWSBranch":"BMTN","NPWSArea":"UPMT","VerDate":1788739200000,"Shape.STArea()":7.028472643134098e-05,"Shape.STLength()":0.04652881907763267}},{"type":"Feature","id":19978,"geometry":{"type":"Polygon","coordinates":[[[150.299798,-33.574229],[150.300097,-33.575011],[150.300946,-33.575426],[150.30312,-33.576141],[150.304028,-33.576053],[150.304614,-33.574884],[150.303556,-33.572517],[150.303898,-33.569856],[150.305038,-33.56989],[150.305939,-33.571055],[150.308202,-33.572736],[150.308986,-33.574556],[150.308814,-33.577654],[150.309099,-33.579923],[150.309643,-33.581828],[150.310818,-33.581808],[150.312766,-33.580805],[150.314167,-33.579411],[150.316413,-33.578522],[150.317807,-33.577335],[150.31795,-33.576211],[150.317572,-33.57449],[150.316275,-33.572217],[150.315451,-33.571685],[150.314726,-33.570074],[150.312952,-33.56752],[150.31148,-33.566712],[150.309798,-33.565062],[150.307965,-33.564436],[150.306238,-33.5642],[150.304961,-33.564407],[150.303006,-33.566321],[150.300561,-33.567719],[150.2993,-33.569458],[150.299151,-33.571493],[150.299798,-33.574229]]]},"properties":{"OBJECTID":19978,"FireType":2,"FireName":"","FireNo":"","FireYear":198081,"Label":"1980-81 Prescribed Burn","StartDate":null,"EndDate":null,"Intensity":null,"AreaHa":177.01306472,"PerimeterM":7110.82316399,"OFHObjMet":null,"ObjNotMet":null,"NPWSBranch":"BMTN","NPWSArea":"UPMT","VerDate":1788739200000,"Shape.STArea()":0.00017189242234737077,"Shape.STLength()":0.06887146706850707}},{"type":"Feature","id":19979,"geometry":{"type":"Polygon","coordinates":[[[150.298999,-33.658507],[150.298614,-33.658436],[150.298482,-33.658505],[150.29839,-33.658692],[150.298472,-33.659875],[150.29832,-33.660575],[150.297933,-33.661243],[150.29835,-33.662388],[150.298089,-33.664519],[150.297577,-33.664697],[150.297311,-33.665602],[150.297035,-33.665812],[150.297084,-33.665966],[150.299103,-33.667597],[150.301234,-33.669095],[150.302504,-33.670214],[150.302687,-33.669893],[150.303681,-33.669131],[150.304538,-33.668978],[150.305423,-33.668601],[150.307691,-33.667433],[150.308336,-33.666113],[150.309361,-33.663656],[150.309288,-33.663231],[150.308963,-33.662601],[150.308474,-33.662023],[150.308347,-33.661623],[150.308381,-33.661218],[150.308681,-33.660918],[150.308727,-33.660496],[150.308974,-33.660159],[150.308702,-33.659567],[150.308707,-33.65871],[150.308518,-33.65821],[150.308809,-33.657495],[150.308833,-33.656739],[150.308704,-33.655347],[150.308483,-33.655514],[150.307919,-33.656674],[150.307171,-33.657487],[150.306871,-33.657426],[150.306687,-33.657115],[150.30675,-33.656477],[150.306693,-33.656232],[150.306425,-33.656172],[150.305848,-33.656683],[150.305641,-33.657111],[150.305493,-33.657721],[150.305161,-33.658335],[150.304518,-33.658889],[150.30425,-33.658847],[150.303984,-33.658382],[150.303351,-33.658296],[150.302958,-33.658089],[150.302767,-33.65767],[150.302042,-33.656717],[150.30132,-33.657747],[150.300651,-33.658102],[150.299955,-33.658636],[150.299629,-33.658719],[150.298999,-33.658507]]]},"properties":{"OBJECTID":19979,"FireType":2,"FireName":"","FireNo":"","FireYear":198081,"Label":"1980-81 Prescribed Burn","StartDate":null,"EndDate":null,"Intensity":null,"AreaHa":117.80348417,"PerimeterM":5219.36995677,"OFHObjMet":null,"ObjNotMet":null,"NPWSBranch":"BMTN","NPWSArea":"UPMT","VerDate":1788739200000,"Shape.STArea()":0.00011451396471235844,"Shape.STLength()":0.05016716468489646}},{"type":"Feature","id":19980,"geometry":{"type":"Polygon","coordinates":[[[150.351489,-33.60408],[150.350481,-33.603923],[150.348815,-33.603437],[150.347197,-33.602807],[150.346217,-33.603471],[150.344509,-33.60402],[150.342952,-33.605249],[150.342892,-33.606168],[150.344234,-33.606674],[150.345182,-33.607713],[150.345699,-33.608446],[150.346187,-33.608682],[150.3462,-33.607212],[150.347071,-33.606915],[150.349216,-33.612172],[150.350582,-33.613302],[150.351066,-33.614746],[150.351119,-33.615829],[150.351685,-33.616679],[150.352651,-33.616817],[150.353582,-33.615971],[150.354352,-33.614762],[150.355069,-33.613867],[150.354472,-33.612925],[150.353759,-33.612648],[150.353244,-33.611519],[150.353875,-33.611317],[150.35496,-33.612142],[150.356162,-33.612655],[150.356879,-33.612102],[150.357015,-33.611167],[150.356314,-33.610125],[150.356291,-33.609141],[150.357283,-33.608045],[150.355893,-33.606645],[150.35433,-33.605241],[150.351489,-33.60408]]]},"properties":{"OBJECTID":19980,"FireType":2,"FireName":"","FireNo":"","FireYear":198081,"Label":"1980-81 Prescribed Burn","StartDate":null,"EndDate":null,"Intensity":null,"AreaHa":98.95608656,"PerimeterM":5316.36789017,"OFHObjMet":null,"ObjNotMet":null,"NPWSBranch":"BMTN","NPWSArea":"UPMT","VerDate":1788739200000,"Shape.STArea()":9.61332889129095e-05,"Shape.STLength()":0.05210480364917029}},{"type":"Feature","id":20089,"geometry":{"type":"Polygon","coordinates":[[[150.322623,-33.649032],[150.323199,-33.648206],[150.323011,-33.647652],[150.321119,-33.647837],[150.320789,-33.648389],[150.320323,-33.649505],[150.320206,-33.650495],[150.321245,-33.651067],[150.321676,-33.65178],[150.322415,-33.652264],[150.323045,-33.652134],[150.323077,-33.651422],[150.322484,-33.650409],[150.322623,-33.649032]]]},"properties":{"OBJECTID":20089,"FireType":2,"FireName":"","FireNo":"","FireYear":198182,"Label":"1981-82 Prescribed Burn","StartDate":null,"EndDate":null,"Intensity":null,"AreaHa":9.00664498,"PerimeterM":1365.12176176,"OFHObjMet":null,"ObjNotMet":null,"NPWSBranch":"BMTN","NPWSArea":"UPMT","VerDate":1788739200000,"Shape.STArea()":8.753822030966797e-06,"Shape.STLength()":0.01315778965828559}},{"type":"Feature","id":20261,"geometry":{"type":"Polygon","coordinates":[[[150.289036,-33.597011],[150.289303,-33.596412],[150.289181,-33.595815],[150.288225,-33.595731],[150.287137,-33.596094],[150.285993,-33.595799],[150.284715,-33.595663],[150.284027,-33.596657],[150.282837,-33.59921],[150.281287,-33.600537],[150.280988,-33.597726],[150.280234,-33.595988],[150.279491,-33.595972],[150.279104,-33.597342],[150.277695,-33.600692],[150.276836,-33.601963],[150.275572,-33.602079],[150.275254,-33.601567],[150.276801,-33.59932],[150.276584,-33.598333],[150.275705,-33.598196],[150.275364,-33.599775],[150.274699,-33.60004],[150.273767,-33.597793],[150.272662,-33.597309],[150.271642,-33.597548],[150.270639,-33.597246],[150.268922,-33.595675],[150.267612,-33.595538],[150.26694,-33.595983],[150.266155,-33.595596],[150.266521,-33.595262],[150.267802,-33.594623],[150.268429,-33.593871],[150.26972,-33.592547],[150.270733,-33.59256],[150.271012,-33.593603],[150.271975,-33.594499],[150.273571,-33.595147],[150.274887,-33.595077],[150.27636,-33.59345],[150.276603,-33.592581],[150.274627,-33.591717],[150.273763,-33.591103],[150.272782,-33.590099],[150.272377,-33.588593],[150.271025,-33.588068],[150.270111,-33.588372],[150.268605,-33.59034],[150.267385,-33.59282],[150.266446,-33.59425],[150.265446,-33.594508],[150.264578,-33.595066],[150.264401,-33.59554],[150.264422,-33.59591],[150.264872,-33.596307],[150.266319,-33.596565],[150.267439,-33.596914],[150.268386,-33.598305],[150.268241,-33.599501],[150.26867,-33.59988],[150.270394,-33.599891],[150.271372,-33.599282],[150.272741,-33.599267],[150.2745,-33.602245],[150.276781,-33.605063],[150.27945,-33.60861],[150.278259,-33.60981],[150.276155,-33.610918],[150.275639,-33.611592],[150.274762,-33.612402],[150.274207,-33.613931],[150.273415,-33.614446],[150.273207,-33.615244],[150.273476,-33.615601],[150.274544,-33.615553],[150.275485,-33.615086],[150.276542,-33.61474],[150.276938,-33.614127],[150.276778,-33.613041],[150.27673,-33.61185],[150.278795,-33.611265],[150.279404,-33.610404],[150.280317,-33.609802],[150.280986,-33.60841],[150.282352,-33.606763],[150.283112,-33.604886],[150.2833,-33.602321],[150.284876,-33.600832],[150.286023,-33.601038],[150.286775,-33.601442],[150.287527,-33.600818],[150.287829,-33.600113],[150.287355,-33.599453],[150.287419,-33.599112],[150.288156,-33.598966],[150.288609,-33.598606],[150.289036,-33.597011]]]},"properties":{"OBJECTID":20261,"FireType":2,"FireName":"","FireNo":"","FireYear":197778,"Label":"1977-78 Prescribed Burn","StartDate":null,"EndDate":null,"Intensity":null,"AreaHa":169.18769736,"PerimeterM":14130.5220392,"OFHObjMet":null,"ObjNotMet":null,"NPWSBranch":"BMTN","NPWSArea":"UPMT","VerDate":1788739200000,"Shape.STArea()":0.00016434497187973457,"Shape.STLength()":0.1379692047711606}},{"type":"Feature","id":20263,"geometry":{"type":"Polygon","coordinates":[[[150.290109,-33.618834],[150.290532,-33.61841],[150.291638,-33.616136],[150.291898,-33.614347],[150.291598,-33.612565],[150.290635,-33.611678],[150.290185,-33.610217],[150.289614,-33.609861],[150.289346,-33.610505],[150.289508,-33.611888],[150.28943,-33.614365],[150.288678,-33.616008],[150.287868,-33.616405],[150.285534,-33.619716],[150.285122,-33.619779],[150.2849,-33.61862],[150.285464,-33.616108],[150.285353,-33.613113],[150.28597,-33.607888],[150.285868,-33.606669],[150.285099,-33.606445],[150.28454,-33.6071],[150.283559,-33.610531],[150.282752,-33.615986],[150.282852,-33.61762],[150.282468,-33.619541],[150.281921,-33.620493],[150.281209,-33.620162],[150.280486,-33.617802],[150.280372,-33.61697],[150.279909,-33.616617],[150.279817,-33.616137],[150.281186,-33.613355],[150.280407,-33.61277],[150.279604,-33.612959],[150.279204,-33.61369],[150.277326,-33.615145],[150.27595,-33.616079],[150.275587,-33.617343],[150.275828,-33.618565],[150.276941,-33.619157],[150.278464,-33.619398],[150.279309,-33.621662],[150.28091,-33.622157],[150.28249,-33.623634],[150.28443,-33.624659],[150.28648,-33.624263],[150.287091,-33.623672],[150.287557,-33.62187],[150.288196,-33.62073],[150.287595,-33.620302],[150.287115,-33.619814],[150.287399,-33.618666],[150.288088,-33.618339],[150.288825,-33.617525],[150.289538,-33.617793],[150.290109,-33.618834]]]},"properties":{"OBJECTID":20263,"FireType":2,"FireName":"","FireNo":"","FireYear":197778,"Label":"1977-78 Prescribed Burn","StartDate":null,"EndDate":null,"Intensity":null,"AreaHa":108.00037283,"PerimeterM":9733.77095639,"OFHObjMet":null,"ObjNotMet":null,"NPWSBranch":"BMTN","NPWSArea":"UPMT","VerDate":1788739200000,"Shape.STArea()":0.0001049296730918368,"Shape.STLength()":0.09194410545948108}},{"type":"Feature","id":20265,"geometry":{"type":"Polygon","coordinates":[[[150.310828,-33.616158],[150.310258,-33.616145],[150.309525,-33.616499],[150.308955,-33.617496],[150.309043,-33.618138],[150.310236,-33.618922],[150.310777,-33.61988],[150.310584,-33.620886],[150.310619,-33.621851],[150.31134,-33.622579],[150.312116,-33.622244],[150.312492,-33.621585],[150.312638,-33.619984],[150.313097,-33.619435],[150.31372,-33.619845],[150.313921,-33.620327],[150.313519,-33.621121],[150.313539,-33.621536],[150.314264,-33.621759],[150.314946,-33.62099],[150.315576,-33.621166],[150.316071,-33.621889],[150.31651,-33.621988],[150.317027,-33.621278],[150.316527,-33.619347],[150.317771,-33.618148],[150.317426,-33.617455],[150.315408,-33.617204],[150.314541,-33.616662],[150.313348,-33.616222],[150.310828,-33.616158]]]},"properties":{"OBJECTID":20265,"FireType":2,"FireName":"","FireNo":"","FireYear":197778,"Label":"1977-78 Prescribed Burn","StartDate":null,"EndDate":null,"Intensity":null,"AreaHa":35.27527989,"PerimeterM":3185.38398147,"OFHObjMet":null,"ObjNotMet":null,"NPWSBranch":"BMTN","NPWSArea":"UPMT","VerDate":1788739200000,"Shape.STArea()":3.427300723342871e-05,"Shape.STLength()":0.031219329454883184}},{"type":"Feature","id":20267,"geometry":{"type":"Polygon","coordinates":[[[150.34641,-33.599292],[150.345019,-33.599704],[150.342363,-33.599881],[150.337064,-33.599118],[150.336169,-33.599856],[150.33551,-33.599887],[150.335046,-33.599562],[150.334527,-33.59964],[150.334418,-33.60072],[150.33399,-33.601315],[150.333347,-33.601571],[150.33242,-33.600542],[150.331832,-33.600718],[150.330038,-33.604403],[150.328942,-33.605353],[150.328766,-33.605827],[150.325979,-33.60849],[150.32568,-33.609448],[150.326239,-33.60983],[150.326847,-33.61005],[150.327532,-33.610885],[150.328633,-33.610819],[150.329331,-33.611267],[150.329046,-33.611747],[150.328289,-33.612209],[150.328276,-33.612605],[150.328853,-33.612771],[150.330086,-33.612617],[150.331022,-33.612674],[150.331738,-33.612527],[150.332434,-33.611965],[150.332579,-33.609696],[150.331859,-33.60895],[150.33081,-33.608378],[150.330635,-33.607752],[150.332139,-33.606838],[150.332599,-33.606965],[150.333922,-33.606687],[150.334492,-33.606032],[150.335587,-33.605109],[150.335574,-33.604468],[150.333806,-33.60416],[150.333323,-33.60341],[150.333674,-33.602841],[150.335067,-33.602735],[150.336151,-33.602542],[150.336856,-33.601665],[150.339709,-33.602457],[150.343134,-33.602819],[150.343917,-33.602232],[150.343409,-33.601581],[150.341581,-33.601496],[150.340816,-33.601137],[150.341646,-33.600767],[150.344029,-33.601044],[150.346264,-33.600551],[150.346741,-33.600101],[150.34641,-33.599292]]]},"properties":{"OBJECTID":20267,"FireType":2,"FireName":"","FireNo":"","FireYear":197778,"Label":"1977-78 Prescribed Burn","StartDate":null,"EndDate":null,"Intensity":null,"AreaHa":83.15183232,"PerimeterM":7408.3388953,"OFHObjMet":null,"ObjNotMet":null,"NPWSBranch":"BMTN","NPWSArea":"UPMT","VerDate":1788739200000,"Shape.STArea()":8.07765072198835e-05,"Shape.STLength()":0.07506076463662914}},{"type":"Feature","id":20773,"geometry":{"type":"Polygon","coordinates":[[[150.284229,-33.660548],[150.283034,-33.659886],[150.282554,-33.659028],[150.282371,-33.658431],[150.282028,-33.658042],[150.281174,-33.657812],[150.280784,-33.657337],[150.280368,-33.657667],[150.279783,-33.658544],[150.279181,-33.659971],[150.278841,-33.661108],[150.278711,-33.662037],[150.278884,-33.662973],[150.279605,-33.664217],[150.280238,-33.665036],[150.281037,-33.667002],[150.280894,-33.668313],[150.280665,-33.669155],[150.280789,-33.670047],[150.281095,-33.669969],[150.281779,-33.669179],[150.284096,-33.669612],[150.28411,-33.669188],[150.283919,-33.668803],[150.283623,-33.668542],[150.28414,-33.668214],[150.284561,-33.667715],[150.284589,-33.666826],[150.284515,-33.665977],[150.284321,-33.665677],[150.283169,-33.66527],[150.283147,-33.662727],[150.283261,-33.662349],[150.284822,-33.662637],[150.286087,-33.662707],[150.286601,-33.662464],[150.287599,-33.661342],[150.288116,-33.661015],[150.289188,-33.660742],[150.289847,-33.660756],[150.290742,-33.661284],[150.290774,-33.661878],[150.291375,-33.662103],[150.291993,-33.661778],[150.291712,-33.661051],[150.291356,-33.659476],[150.290035,-33.657964],[150.288647,-33.657002],[150.287453,-33.656298],[150.287116,-33.655739],[150.286346,-33.656061],[150.286009,-33.657113],[150.286795,-33.659503],[150.287127,-33.66023],[150.287256,-33.660954],[150.286943,-33.661243],[150.286492,-33.661106],[150.285944,-33.660798],[150.284229,-33.660548]]]},"properties":{"OBJECTID":20773,"FireType":2,"FireName":"Warragamba","FireNo":"","FireYear":198687,"Label":"1986-87 Prescribed Burn","StartDate":544233600000,"EndDate":null,"Intensity":null,"AreaHa":70.31348134,"PerimeterM":6097.15834916,"OFHObjMet":null,"ObjNotMet":null,"NPWSBranch":"BMTN","NPWSArea":"UPMT","VerDate":1788739200000,"Shape.STArea()":6.8349350443422e-05,"Shape.STLength()":0.05904363597467458}},{"type":"Feature","id":20775,"geometry":{"type":"Polygon","coordinates":[[[150.282002,-33.640879],[150.28141,-33.640857],[150.280845,-33.640998],[150.280535,-33.641279],[150.280318,-33.641996],[150.28049,-33.642712],[150.28021,-33.643021],[150.280304,-33.643465],[150.280032,-33.643901],[150.279616,-33.644099],[150.278834,-33.644289],[150.278427,-33.644884],[150.277924,-33.645099],[150.27781,-33.644618],[150.277521,-33.644567],[150.277457,-33.643862],[150.277234,-33.644443],[150.277137,-33.645108],[150.277126,-33.646136],[150.276799,-33.648319],[150.276593,-33.649036],[150.277207,-33.651096],[150.277032,-33.651191],[150.276583,-33.651055],[150.276223,-33.651192],[150.275482,-33.65077],[150.274968,-33.651002],[150.274921,-33.651812],[150.274994,-33.652589],[150.275225,-33.65346],[150.27567,-33.654037],[150.275642,-33.654596],[150.275492,-33.655241],[150.275501,-33.657],[150.275224,-33.658256],[150.274317,-33.660012],[150.274363,-33.660626],[150.274691,-33.661156],[150.274836,-33.661682],[150.274449,-33.662665],[150.275026,-33.664887],[150.275101,-33.665934],[150.274877,-33.666551],[150.27504,-33.667168],[150.275483,-33.667827],[150.2752,-33.668957],[150.275357,-33.66978],[150.275228,-33.670111],[150.274927,-33.670429],[150.274819,-33.670769],[150.274448,-33.670914],[150.27417,-33.670845],[150.273705,-33.670889],[150.273593,-33.671004],[150.273528,-33.67203],[150.273635,-33.672763],[150.27404,-33.672555],[150.274514,-33.672566],[150.274826,-33.672248],[150.275225,-33.672257],[150.275637,-33.672527],[150.275859,-33.673001],[150.276302,-33.673326],[150.276836,-33.673491],[150.27726,-33.673023],[150.277394,-33.672548],[150.277386,-33.672106],[150.277567,-33.671849],[150.277792,-33.671186],[150.278328,-33.670955],[150.278855,-33.670326],[150.278971,-33.669716],[150.278993,-33.669022],[150.279201,-33.668576],[150.279401,-33.667697],[150.279377,-33.666425],[150.279181,-33.665781],[150.278791,-33.66515],[150.277484,-33.663886],[150.277142,-33.663419],[150.277081,-33.662642],[150.277971,-33.65901],[150.278557,-33.65786],[150.280646,-33.654544],[150.281226,-33.653898],[150.283466,-33.65228],[150.283881,-33.651766],[150.284417,-33.650488],[150.284289,-33.649395],[150.283874,-33.648565],[150.282946,-33.646165],[150.282601,-33.64549],[150.282763,-33.644808],[150.282355,-33.643736],[150.281891,-33.642031],[150.281812,-33.641443],[150.282002,-33.640879]]]},"properties":{"OBJECTID":20775,"FireType":2,"FireName":"","FireNo":"","FireYear":198788,"Label":"1987-88 Prescribed Burn","StartDate":null,"EndDate":null,"Intensity":null,"AreaHa":145.77716913,"PerimeterM":8914.04883294,"OFHObjMet":null,"ObjNotMet":null,"NPWSBranch":"BMTN","NPWSArea":"UPMT","VerDate":1788739200000,"Shape.STArea()":0.0001416949902523178,"Shape.STLength()":0.08362877492699917}},{"type":"Feature","id":20776,"geometry":{"type":"Polygon","coordinates":[[[150.285683,-33.655132],[150.286254,-33.657218],[150.287147,-33.660015],[150.287309,-33.660694],[150.287305,-33.661488],[150.286941,-33.661417],[150.283912,-33.660043],[150.28306,-33.659366],[150.282681,-33.658375],[150.282248,-33.658104],[150.281542,-33.657926],[150.281045,-33.6576],[150.280723,-33.657214],[150.28042,-33.65727],[150.279912,-33.657629],[150.278864,-33.660094],[150.278762,-33.660615],[150.278905,-33.662223],[150.27871,-33.662957],[150.278878,-33.663087],[150.279318,-33.66316],[150.279556,-33.663463],[150.279576,-33.663869],[150.27937,-33.664243],[150.280203,-33.665181],[150.280547,-33.666586],[150.280482,-33.667612],[150.280121,-33.669155],[150.280201,-33.669689],[150.280861,-33.669947],[150.281071,-33.670492],[150.282392,-33.670296],[150.282294,-33.669996],[150.283246,-33.669566],[150.284254,-33.669399],[150.284489,-33.669792],[150.284562,-33.670218],[150.28436,-33.670799],[150.28456,-33.671326],[150.284634,-33.672031],[150.284481,-33.672803],[150.284099,-33.673291],[150.284318,-33.673872],[150.289099,-33.672373],[150.289159,-33.671833],[150.289448,-33.671551],[150.289519,-33.671003],[150.289712,-33.6707],[150.290021,-33.670455],[150.289953,-33.669209],[150.289043,-33.668657],[150.28803,-33.668301],[150.287528,-33.66848],[150.287486,-33.668794],[150.28717,-33.669563],[150.286819,-33.669771],[150.286178,-33.669586],[150.285679,-33.668998],[150.285178,-33.669158],[150.285012,-33.668938],[150.28513,-33.668625],[150.285716,-33.667809],[150.285765,-33.666241],[150.285579,-33.66566],[150.285209,-33.665426],[150.284134,-33.665331],[150.283441,-33.665081],[150.283039,-33.662773],[150.283344,-33.66232],[150.283821,-33.66225],[150.284274,-33.662575],[150.285581,-33.662829],[150.286595,-33.662824],[150.287998,-33.66208],[150.289113,-33.660914],[150.289547,-33.660834],[150.289901,-33.660887],[150.290591,-33.661244],[150.291258,-33.66198],[150.291463,-33.661967],[150.291681,-33.66153],[150.291996,-33.661482],[150.291678,-33.660953],[150.291325,-33.659484],[150.290351,-33.658237],[150.290165,-33.657962],[150.290088,-33.657663],[150.289154,-33.656858],[150.288655,-33.656622],[150.287965,-33.656607],[150.287562,-33.6564],[150.286703,-33.65492],[150.285683,-33.655132]]]},"properties":{"OBJECTID":20776,"FireType":2,"FireName":"","FireNo":"","FireYear":198788,"Label":"1987-88 Prescribed Burn","StartDate":null,"EndDate":null,"Intensity":null,"AreaHa":105.91341721,"PerimeterM":8506.10728569,"OFHObjMet":null,"ObjNotMet":null,"NPWSBranch":"BMTN","NPWSArea":"UPMT","VerDate":1788739200000,"Shape.STArea()":0.00010295730060362443,"Shape.STLength()":0.08271051755550125}},{"type":"Feature","id":21066,"geometry":{"type":"Polygon","coordinates":[[[150.298885,-33.651508],[150.299411,-33.652113],[150.301349,-33.651152],[150.301948,-33.651165],[150.302592,-33.651498],[150.303012,-33.652009],[150.303493,-33.652338],[150.305063,-33.652692],[150.305136,-33.652101],[150.304106,-33.651896],[150.303409,-33.651516],[150.303045,-33.650961],[150.302457,-33.650583],[150.30159,-33.650428],[150.30093,-33.650596],[150.298885,-33.651508]]]},"properties":{"OBJECTID":21066,"FireType":2,"FireName":"Warragamba","FireNo":"","FireYear":199091,"Label":"1990-91 Prescribed Burn","StartDate":670464000000,"EndDate":null,"Intensity":null,"AreaHa":4.58730191,"PerimeterM":1436.56114842,"OFHObjMet":null,"ObjNotMet":null,"NPWSBranch":"BMTN","NPWSArea":"UPMT","VerDate":1788739200000,"Shape.STArea()":4.45862101695389e-06,"Shape.STLength()":0.014745921918247275}},{"type":"Feature","id":21297,"geometry":{"type":"Polygon","coordinates":[[[150.279861,-33.639056],[150.279203,-33.639077],[150.278551,-33.639234],[150.277236,-33.639936],[150.276912,-33.64028],[150.27666,-33.640752],[150.276997,-33.640679],[150.27744,-33.640301],[150.278043,-33.640305],[150.27863,-33.640147],[150.27893,-33.640198],[150.27913,-33.640365],[150.279219,-33.640971],[150.279405,-33.640858],[150.279382,-33.640578],[150.279608,-33.640249],[150.279898,-33.640283],[150.279842,-33.640669],[150.279912,-33.641203],[150.280361,-33.641321],[150.281081,-33.641039],[150.281293,-33.641143],[150.281212,-33.641348],[150.280757,-33.641753],[150.28089,-33.641972],[150.281937,-33.641572],[150.282094,-33.641061],[150.28224,-33.640848],[150.281933,-33.640688],[150.281555,-33.640698],[150.280501,-33.640981],[150.280387,-33.640825],[150.280906,-33.64044],[150.280406,-33.639888],[150.279861,-33.639056]],[[150.279605,-33.639294],[150.279743,-33.639729],[150.279648,-33.639989],[150.279418,-33.64011],[150.279159,-33.640131],[150.278916,-33.639982],[150.278605,-33.63993],[150.277673,-33.640089],[150.277907,-33.639842],[150.278564,-33.639496],[150.279605,-33.639294]]]},"properties":{"OBJECTID":21297,"FireType":2,"FireName":"","FireNo":"","FireYear":199394,"Label":"1993-94 Prescribed Burn","StartDate":null,"EndDate":null,"Intensity":null,"AreaHa":4.27766074,"PerimeterM":2293.58465357,"OFHObjMet":null,"ObjNotMet":null,"NPWSBranch":"BMTN","NPWSArea":"UPMT","VerDate":1788739200000,"Shape.STArea()":4.157140061347068e-06,"Shape.STLength()":0.023098464653727595}},{"type":"Feature","id":21401,"geometry":{"type":"Polygon","coordinates":[[[150.294773,-33.651275],[150.294666,-33.651263],[150.294617,-33.651433],[150.29502,-33.651659],[150.29592,-33.651823],[150.297115,-33.651885],[150.297659,-33.652077],[150.298775,-33.652246],[150.299249,-33.652238],[150.29926,-33.651562],[150.299136,-33.651379],[150.298894,-33.651527],[150.296694,-33.651569],[150.294773,-33.651275]]]},"properties":{"OBJECTID":21401,"FireType":2,"FireName":"","FireNo":"","FireYear":199495,"Label":"1994-95 Prescribed Burn","StartDate":null,"EndDate":null,"Intensity":null,"AreaHa":2.15118311,"PerimeterM":991.78791842,"OFHObjMet":null,"ObjNotMet":null,"NPWSBranch":"BMTN","NPWSArea":"UPMT","VerDate":1788739200000,"Shape.STArea()":2.090844338104124e-06,"Shape.STLength()":0.010412262880277669}},{"type":"Feature","id":21942,"geometry":{"type":"Polygon","coordinates":[[[150.299062,-33.644026],[150.299107,-33.645245],[150.306768,-33.646248],[150.306636,-33.645993],[150.303325,-33.644438],[150.299062,-33.644026]]]},"properties":{"OBJECTID":21942,"FireType":2,"FireName":"Braeside","FireNo":"BMS-HR-02-003","FireYear":200203,"Label":"2002-03 Prescribed Burn","StartDate":1029456000000,"EndDate":1029456000000,"Intensity":null,"AreaHa":8.32192475,"PerimeterM":1635.97879993,"OFHObjMet":null,"ObjNotMet":null,"NPWSBranch":"BMTN","NPWSArea":"UPMT","VerDate":1788739200000,"Shape.STArea()":8.087662816465757e-06,"Shape.STLength()":0.017176728177623862}},{"type":"Feature","id":22111,"geometry":{"type":"Polygon","coordinates":[[[150.307895,-33.626633],[150.307425,-33.626692],[150.307184,-33.627356],[150.307133,-33.628092],[150.306981,-33.62855],[150.306393,-33.628837],[150.305979,-33.628851],[150.305311,-33.629067],[150.305165,-33.629341],[150.305277,-33.63015],[150.305759,-33.630622],[150.306035,-33.630605],[150.3064,-33.630405],[150.30669,-33.629928],[150.307082,-33.629729],[150.307851,-33.629838],[150.307991,-33.629771],[150.307979,-33.629264],[150.308331,-33.629479],[150.308957,-33.628847],[150.309206,-33.627031],[150.308719,-33.626743],[150.308538,-33.62637],[150.308374,-33.626321],[150.307895,-33.626633]]]},"properties":{"OBJECTID":22111,"FireType":2,"FireName":"Govetts Leap","FireNo":"BMS-HR-03-009","FireYear":200304,"Label":"2003-04 Prescribed Burn","StartDate":1068422400000,"EndDate":1068422400000,"Intensity":null,"AreaHa":8.40761517,"PerimeterM":1436.01851396,"OFHObjMet":null,"ObjNotMet":null,"NPWSBranch":"BMTN","NPWSArea":"UPMT","VerDate":1788739200000,"Shape.STArea()":8.16962881949573e-06,"Shape.STLength()":0.013976116813828543}},{"type":"Feature","id":22321,"geometry":{"type":"Polygon","coordinates":[[[150.304849,-33.625507],[150.304717,-33.625969],[150.304365,-33.626285],[150.304244,-33.626555],[150.304388,-33.626816],[150.305298,-33.627864],[150.305422,-33.62874],[150.305518,-33.628888],[150.305873,-33.628487],[150.306316,-33.628314],[150.306286,-33.627829],[150.307036,-33.627736],[150.307109,-33.628264],[150.307558,-33.627899],[150.308097,-33.627874],[150.30838,-33.627453],[150.30855,-33.627381],[150.308859,-33.627012],[150.308899,-33.626093],[150.309277,-33.625487],[150.309538,-33.624868],[150.309602,-33.624076],[150.309554,-33.623807],[150.309903,-33.623045],[150.309911,-33.6219],[150.309377,-33.622644],[150.308826,-33.62282],[150.308929,-33.622829],[150.309051,-33.62322],[150.308643,-33.623406],[150.308443,-33.623664],[150.308279,-33.623743],[150.308177,-33.623908],[150.308264,-33.624108],[150.308144,-33.624129],[150.307966,-33.624329],[150.3079,-33.624706],[150.307729,-33.624786],[150.30753,-33.625271],[150.307222,-33.625156],[150.306909,-33.625191],[150.30672,-33.625066],[150.306391,-33.625092],[150.306292,-33.625009],[150.306709,-33.624771],[150.306829,-33.624452],[150.306215,-33.624373],[150.306075,-33.62445],[150.305921,-33.624146],[150.305594,-33.624183],[150.305437,-33.624092],[150.305572,-33.624099],[150.305547,-33.624028],[150.305614,-33.624009],[150.305643,-33.623862],[150.305565,-33.623785],[150.305277,-33.623954],[150.304858,-33.623818],[150.304897,-33.623988],[150.304787,-33.624633],[150.304921,-33.625195],[150.304849,-33.625507]]]},"properties":{"OBJECTID":22321,"FireType":2,"FireName":"Govetts Leap Stage 2","FireNo":"BMS-HR-04-017","FireYear":200405,"Label":"2004-05 Prescribed Burn","StartDate":1113782400000,"EndDate":1113955200000,"Intensity":null,"AreaHa":17.745189,"PerimeterM":2759.05192134,"OFHObjMet":null,"ObjNotMet":null,"NPWSBranch":"BMTN","NPWSArea":"UPMT","VerDate":1788739200000,"Shape.STArea()":1.7242352682280832e-05,"Shape.STLength()":0.026554813996551452}},{"type":"Feature","id":22322,"geometry":{"type":"Polygon","coordinates":[[[150.3054,-33.644004],[150.30507,-33.644141],[150.304551,-33.644849],[150.304224,-33.64489],[150.304074,-33.645127],[150.30642,-33.646258],[150.30646,-33.646523],[150.311278,-33.647244],[150.312112,-33.647486],[150.312576,-33.646704],[150.31283,-33.646566],[150.313009,-33.646346],[150.312933,-33.645712],[150.313079,-33.645323],[150.313324,-33.645136],[150.31366,-33.644152],[150.314699,-33.643974],[150.315029,-33.643821],[150.311561,-33.638458],[150.311214,-33.638842],[150.311252,-33.639475],[150.311125,-33.64048],[150.310813,-33.641274],[150.310377,-33.64084],[150.309963,-33.640615],[150.309208,-33.640583],[150.308251,-33.640922],[150.307036,-33.641231],[150.307082,-33.641304],[150.306711,-33.641848],[150.306582,-33.642293],[150.306672,-33.642463],[150.30662,-33.642622],[150.306937,-33.642885],[150.306929,-33.643125],[150.307147,-33.643202],[150.307228,-33.643356],[150.30737,-33.643407],[150.307296,-33.643637],[150.30679,-33.643594],[150.306401,-33.643794],[150.3054,-33.644004]]]},"properties":{"OBJECTID":22322,"FireType":2,"FireName":"James Street, Braeside","FireNo":"BMS-HR-04-013","FireYear":200405,"Label":"2004-05 Prescribed Burn","StartDate":1113782400000,"EndDate":1113782400000,"Intensity":null,"AreaHa":50.27664133,"PerimeterM":3460.30076033,"OFHObjMet":null,"ObjNotMet":null,"NPWSBranch":"BMTN","NPWSArea":"UPMT","VerDate":1788739200000,"Shape.STArea()":4.8862121847935896e-05,"Shape.STLength()":0.034339127144314155}},{"type":"Feature","id":22423,"geometry":{"type":"Polygon","coordinates":[[[150.315029,-33.643826],[150.314696,-33.64397],[150.313663,-33.644156],[150.31333,-33.645128],[150.313082,-33.645319],[150.312921,-33.645744],[150.313005,-33.64635],[150.312586,-33.646701],[150.312112,-33.647487],[150.312905,-33.647636],[150.314713,-33.647774],[150.315059,-33.647692],[150.31536,-33.647322],[150.315788,-33.646641],[150.316157,-33.645806],[150.31614,-33.645339],[150.315868,-33.644777],[150.315508,-33.644285],[150.315029,-33.643826]]]},"properties":{"OBJECTID":22423,"FireType":2,"FireName":"Braeside Stage 3","FireNo":"BMR-HR-05-007","FireYear":200506,"Label":"2005-06 Prescribed Burn","StartDate":1144627200000,"EndDate":1144800000000,"Intensity":null,"AreaHa":10.62362547,"PerimeterM":1309.99905053,"OFHObjMet":null,"ObjNotMet":null,"NPWSBranch":"BMTN","NPWSArea":"UPMT","VerDate":1788739200000,"Shape.STArea()":1.032496182095407e-05,"Shape.STLength()":0.012844330375447247}},{"type":"Feature","id":28105,"geometry":{"type":"Polygon","coordinates":[[[150.306103,-33.631523],[150.306577,-33.631249],[150.306611,-33.631117],[150.306577,-33.631033],[150.305945,-33.630854],[150.305446,-33.630253],[150.305458,-33.6289],[150.305214,-33.62805],[150.303933,-33.628894],[150.30401,-33.629075],[150.303796,-33.629128],[150.305929,-33.63162],[150.303684,-33.629038],[150.303674,-33.629127],[150.305869,-33.631732],[150.306103,-33.631523]]]},"properties":{"OBJECTID":28105,"FireType":2,"FireName":"Lyndsy Lane","FireNo":"HR13050164297","FireYear":201314,"Label":"2013-14 Prescribed Burn","StartDate":1378252800000,"EndDate":1378598400000,"Intensity":null,"AreaHa":3.6819231,"PerimeterM":1759.47020939,"OFHObjMet":null,"ObjNotMet":null,"NPWSBranch":"BMTN","NPWSArea":"UPMT","VerDate":1788739200000,"Shape.STArea()":3.577758797201678e-06,"Shape.STLength()":0.01701111851525841}},{"type":"Feature","id":28175,"geometry":{"type":"Polygon","coordinates":[[[150.322623,-33.649032],[150.323199,-33.648206],[150.323011,-33.647652],[150.321119,-33.647837],[150.320789,-33.648389],[150.320323,-33.649505],[150.320206,-33.650495],[150.321245,-33.651067],[150.321676,-33.65178],[150.322415,-33.652264],[150.323045,-33.652134],[150.323077,-33.651422],[150.322484,-33.650409],[150.322623,-33.649032]]]},"properties":{"OBJECTID":28175,"FireType":1,"FireName":"","FireNo":"","FireYear":198182,"Label":"1981-82 Wildfire","StartDate":null,"EndDate":null,"Intensity":null,"AreaHa":9.00664498,"PerimeterM":1365.12176176,"OFHObjMet":null,"ObjNotMet":null,"NPWSBranch":"BMTN","NPWSArea":"UPMT","VerDate":1788739200000,"Shape.STArea()":8.753822030962543e-06,"Shape.STLength()":0.01315778965828619}},{"type":"Feature","id":28414,"geometry":{"type":"Polygon","coordinates":[[[150.285184,-33.511722],[150.282162,-33.511909],[150.280911,-33.513873],[150.277256,-33.516118],[150.275436,-33.516998],[150.273781,-33.518124],[150.273047,-33.519416],[150.272761,-33.521153],[150.273002,-33.522669],[150.27294,-33.523417],[150.273044,-33.524042],[150.272682,-33.523853],[150.272343,-33.523988],[150.273617,-33.526492],[150.273714,-33.526488],[150.273767,-33.526619],[150.273706,-33.528146],[150.272119,-33.529489],[150.269235,-33.530537],[150.268876,-33.530588],[150.268132,-33.531361],[150.267429,-33.531938],[150.267463,-33.532014],[150.267411,-33.531938],[150.265917,-33.533003],[150.26563,-33.532889],[150.26497,-33.533237],[150.264291,-33.534164],[150.263441,-33.535051],[150.262607,-33.537975],[150.262318,-33.538305],[150.262318,-33.538686],[150.261872,-33.539214],[150.261267,-33.539055],[150.261405,-33.538894],[150.260521,-33.537966],[150.259489,-33.537646],[150.258999,-33.536667],[150.258947,-33.535294],[150.259045,-33.532796],[150.2582,-33.531635],[150.257737,-33.530782],[150.25772,-33.529826],[150.257222,-33.529151],[150.25702,-33.528675],[150.257179,-33.527772],[150.256898,-33.527078],[150.256243,-33.526954],[150.255752,-33.526364],[150.254675,-33.526126],[150.253288,-33.525294],[150.253061,-33.525029],[150.252675,-33.523758],[150.250859,-33.523186],[150.250598,-33.522997],[150.248957,-33.522669],[150.248988,-33.522914],[150.247575,-33.522755],[150.246712,-33.523511],[150.246669,-33.523906],[150.246428,-33.524235],[150.245453,-33.528095],[150.24502,-33.529297],[150.24456,-33.531563],[150.24431,-33.532343],[150.244375,-33.533034],[150.244615,-33.533655],[150.245088,-33.533735],[150.245552,-33.534111],[150.246091,-33.534884],[150.24629,-33.535432],[150.246136,-33.535859],[150.246079,-33.536882],[150.244962,-33.536216],[150.244383,-33.536443],[150.244076,-33.537106],[150.244547,-33.538015],[150.245233,-33.538707],[150.245399,-33.538699],[150.246257,-33.539011],[150.246788,-33.539542],[150.246529,-33.540136],[150.247448,-33.541055],[150.247562,-33.541473],[150.247389,-33.541691],[150.247273,-33.543243],[150.246923,-33.544259],[150.24715,-33.545142],[150.247131,-33.545745],[150.247971,-33.546631],[150.247821,-33.547278],[150.247638,-33.547496],[150.247779,-33.548514],[150.24844,-33.549507],[150.249068,-33.549633],[150.249066,-33.550386],[150.248768,-33.551131],[150.248259,-33.551454],[150.247477,-33.551749],[150.24709,-33.552158],[150.245453,-33.552706],[150.244795,-33.553025],[150.24446,-33.553373],[150.244415,-33.553977],[150.244017,-33.554761],[150.24329,-33.555663],[150.243217,-33.557948],[150.243346,-33.558573],[150.243256,-33.559097],[150.243779,-33.561467],[150.244162,-33.561955],[150.244937,-33.56257],[150.244873,-33.562955],[150.246372,-33.564347],[150.247086,-33.564811],[150.247595,-33.564533],[150.248159,-33.565103],[150.247453,-33.565422],[150.246984,-33.565839],[150.245518,-33.565472],[150.245035,-33.565485],[150.244993,-33.566146],[150.24448,-33.566274],[150.244421,-33.566717],[150.243507,-33.56674],[150.243207,-33.567685],[150.243052,-33.567809],[150.242945,-33.568237],[150.24266,-33.569879],[150.242624,-33.5702],[150.242694,-33.570351],[150.242595,-33.570213],[150.242053,-33.570018],[150.241927,-33.569784],[150.242525,-33.569337],[150.242136,-33.568148],[150.242335,-33.567656],[150.24267,-33.56748],[150.243461,-33.566802],[150.244189,-33.565126],[150.242839,-33.564169],[150.242566,-33.562359],[150.242595,-33.561978],[150.243311,-33.560809],[150.243144,-33.559472],[150.242784,-33.55838],[150.243176,-33.557364],[150.242634,-33.556936],[150.242884,-33.555953],[150.242771,-33.555826],[150.242402,-33.554538],[150.242945,-33.553383],[150.243186,-33.552122],[150.242117,-33.551052],[150.240948,-33.550805],[150.241345,-33.550198],[150.242395,-33.549773],[150.242961,-33.548806],[150.242855,-33.547952],[150.241523,-33.547754],[150.241059,-33.547936],[150.241381,-33.547072],[150.241873,-33.546512],[150.242266,-33.546466],[150.242508,-33.546248],[150.242523,-33.545772],[150.243239,-33.544955],[150.243409,-33.544058],[150.243018,-33.54309],[150.243567,-33.54146],[150.243914,-33.539877],[150.24254,-33.538425],[150.242309,-33.537665],[150.240549,-33.536245],[150.238407,-33.536543],[150.236741,-33.537435],[150.234904,-33.537461],[150.234605,-33.537156],[150.233942,-33.536973],[150.233455,-33.536948],[150.229725,-33.537711],[150.228927,-33.539049],[150.228768,-33.541306],[150.228188,-33.542887],[150.228201,-33.544632],[150.229088,-33.545117],[150.229777,-33.545307],[150.230523,-33.545847],[150.230788,-33.546259],[150.231444,-33.546829],[150.230454,-33.547623],[150.23003,-33.549267],[150.230215,-33.551182],[150.230628,-33.551307],[150.230695,-33.55155],[150.23127,-33.551742],[150.231939,-33.55256],[150.23231,-33.553286],[150.23276,-33.553686],[150.232382,-33.55443],[150.232177,-33.554573],[150.231167,-33.554802],[150.229937,-33.554355],[150.229484,-33.551831],[150.228294,-33.550344],[150.227919,-33.550204],[150.226112,-33.549178],[150.225283,-33.549043],[150.224678,-33.54913],[150.223595,-33.548976],[150.222026,-33.547869],[150.221321,-33.548002],[150.220107,-33.548055],[150.219363,-33.548283],[150.218686,-33.548156],[150.218071,-33.548402],[150.217617,-33.548731],[150.217283,-33.548723],[150.216596,-33.549296],[150.216243,-33.549782],[150.215875,-33.550111],[150.215368,-33.550739],[150.215089,-33.551445],[150.214974,-33.552204],[150.214939,-33.55323],[150.215202,-33.553511],[150.215076,-33.554292],[150.21497,-33.554376],[150.215004,-33.55533],[150.215584,-33.55623],[150.215797,-33.556853],[150.215846,-33.557494],[150.215681,-33.558304],[150.216842,-33.558912],[150.218817,-33.560119],[150.220252,-33.560849],[150.220791,-33.561384],[150.221121,-33.561915],[150.221566,-33.563204],[150.22216,-33.564148],[150.222346,-33.56485],[150.223299,-33.565453],[150.224791,-33.566591],[150.224886,-33.567175],[150.224302,-33.567846],[150.224266,-33.568278],[150.223409,-33.568543],[150.223394,-33.569033],[150.22452,-33.569598],[150.225038,-33.569694],[150.2256,-33.570256],[150.226363,-33.570418],[150.226417,-33.570658],[150.22739,-33.571266],[150.228496,-33.57241],[150.228355,-33.572677],[150.228747,-33.573823],[150.229292,-33.574674],[150.230272,-33.575354],[150.230402,-33.575319],[150.231318,-33.575762],[150.231531,-33.575955],[150.232128,-33.576058],[150.232385,-33.576703],[150.233265,-33.57742],[150.233324,-33.577582],[150.232899,-33.577769],[150.233647,-33.578357],[150.233946,-33.578372],[150.234026,-33.578615],[150.234295,-33.57867],[150.232952,-33.579174],[150.231138,-33.579221],[150.229789,-33.57875],[150.227248,-33.578827],[150.228956,-33.579348],[150.228307,-33.579443],[150.229139,-33.579492],[150.22996,-33.579935],[150.230823,-33.580559],[150.232212,-33.580972],[150.233207,-33.580494],[150.233975,-33.580313],[150.23508,-33.580338],[150.235849,-33.580143],[150.237142,-33.579959],[150.237464,-33.579556],[150.237738,-33.578735],[150.238183,-33.578682],[150.238387,-33.578842],[150.238719,-33.578926],[150.239158,-33.579236],[150.240161,-33.579546],[150.240219,-33.57942],[150.240324,-33.57969],[150.240576,-33.579849],[150.240945,-33.579796],[150.240477,-33.579509],[150.24045,-33.579201],[150.240874,-33.578565],[150.241032,-33.578231],[150.240886,-33.578134],[150.241092,-33.577858],[150.241382,-33.577958],[150.241859,-33.577785],[150.242486,-33.577975],[150.244314,-33.579403],[150.245357,-33.579449],[150.245572,-33.57954],[150.246035,-33.578684],[150.246356,-33.578585],[150.247122,-33.578543],[150.248264,-33.579199],[150.247608,-33.582656],[150.24813,-33.583656],[150.24916,-33.584255],[150.249247,-33.584853],[150.250269,-33.585825],[150.250679,-33.585664],[150.251874,-33.586267],[150.252056,-33.585671],[150.252363,-33.585808],[150.253025,-33.584956],[150.253661,-33.584576],[150.254487,-33.58454],[150.254407,-33.585392],[150.255176,-33.586849],[150.255397,-33.587531],[150.255333,-33.587055],[150.255462,-33.587019],[150.255601,-33.587162],[150.25709,-33.586207],[150.258255,-33.585594],[150.257762,-33.58703],[150.257812,-33.587984],[150.257662,-33.588731],[150.258704,-33.590418],[150.259097,-33.590426],[150.260589,-33.592026],[150.260615,-33.592832],[150.261321,-33.593559],[150.261835,-33.593944],[150.263433,-33.594623],[150.263823,-33.595106],[150.264233,-33.594946],[150.264499,-33.594912],[150.264663,-33.59498],[150.265419,-33.596065],[150.265127,-33.596338],[150.265514,-33.596702],[150.265502,-33.597077],[150.265263,-33.597398],[150.264766,-33.597841],[150.265744,-33.599584],[150.266268,-33.601385],[150.267651,-33.602179],[150.267969,-33.602495],[150.26843,-33.602627],[150.268894,-33.602893],[150.269008,-33.602792],[150.269558,-33.603009],[150.269642,-33.602919],[150.269761,-33.602941],[150.270543,-33.602377],[150.270754,-33.602324],[150.271111,-33.60264],[150.271167,-33.604124],[150.270131,-33.605441],[150.270176,-33.606644],[150.270031,-33.607674],[150.269267,-33.609811],[150.269806,-33.611995],[150.270959,-33.613828],[150.271992,-33.613747],[150.273611,-33.613085],[150.274725,-33.612993],[150.276103,-33.613372],[150.274277,-33.615509],[150.27448,-33.616479],[150.274502,-33.617445],[150.274712,-33.617755],[150.275185,-33.618989],[150.275981,-33.619252],[150.276492,-33.619263],[150.277276,-33.61887],[150.278066,-33.618849],[150.279343,-33.619326],[150.279635,-33.619332],[150.280056,-33.619892],[150.28033,-33.620103],[150.281122,-33.621397],[150.282146,-33.622803],[150.28246,-33.623559],[150.282666,-33.623329],[150.282936,-33.623688],[150.283181,-33.623407],[150.283408,-33.62363],[150.283514,-33.623237],[150.283757,-33.622885],[150.285453,-33.622703],[150.286709,-33.622242],[150.287131,-33.622251],[150.288426,-33.621177],[150.288509,-33.620873],[150.288149,-33.620682],[150.288028,-33.620754],[150.287597,-33.62033],[150.287799,-33.619607],[150.288047,-33.61943],[150.288349,-33.619298],[150.289065,-33.619256],[150.289306,-33.618956],[150.289537,-33.618879],[150.290327,-33.619104],[150.290426,-33.618998],[150.290555,-33.619091],[150.29081,-33.61902],[150.291132,-33.618666],[150.291816,-33.618368],[150.292327,-33.618269],[150.292981,-33.617837],[150.294312,-33.617146],[150.296011,-33.617183],[150.295855,-33.617486],[150.295328,-33.617963],[150.296183,-33.61802],[150.296973,-33.618283],[150.297121,-33.618288],[150.2978,-33.617827],[150.298247,-33.617783],[150.298344,-33.617912],[150.298185,-33.618184],[150.298242,-33.618198],[150.298176,-33.619059],[150.298884,-33.619036],[150.29897,-33.618914],[150.299097,-33.618927],[150.300191,-33.619343],[150.304434,-33.617048],[150.304473,-33.61683],[150.304658,-33.616793],[150.305591,-33.617209],[150.306258,-33.616917],[150.306307,-33.616617],[150.306462,-33.616556],[150.306663,-33.616166],[150.306869,-33.615618],[150.306844,-33.615484],[150.307421,-33.614801],[150.30817,-33.614487],[150.308794,-33.614397],[150.309086,-33.614267],[150.311383,-33.613949],[150.311905,-33.614013],[150.313715,-33.614632],[150.314448,-33.614587],[150.3149,-33.614168],[150.315342,-33.614056],[150.316221,-33.614013],[150.320373,-33.614532],[150.320683,-33.613988],[150.321592,-33.612967],[150.322188,-33.612613],[150.323736,-33.612218],[150.324185,-33.611861],[150.325121,-33.609985],[150.326045,-33.608475],[150.327713,-33.606553],[150.328026,-33.605887],[150.328476,-33.605529],[150.32907,-33.605236],[150.32967,-33.60476],[150.329464,-33.604327],[150.33014,-33.60373],[150.330907,-33.602584],[150.331383,-33.60137],[150.331692,-33.600826],[150.331937,-33.600664],[150.332817,-33.600938],[150.333356,-33.601413],[150.334298,-33.601678],[150.334536,-33.601071],[150.33463,-33.6004],[150.334507,-33.599663],[150.335355,-33.599631],[150.336397,-33.60001],[150.337975,-33.598636],[150.339421,-33.599157],[150.339992,-33.599598],[150.341804,-33.600126],[150.343556,-33.600225],[150.344731,-33.600067],[150.346216,-33.599658],[150.34647,-33.600218],[150.34596,-33.600521],[150.346522,-33.601268],[150.347005,-33.602196],[150.3475,-33.602757],[150.349225,-33.603209],[150.352072,-33.604108],[150.35227,-33.604236],[150.35465,-33.60459],[150.355018,-33.604894],[150.355072,-33.605058],[150.355082,-33.606136],[150.355627,-33.607711],[150.355702,-33.608852],[150.356075,-33.608965],[150.356628,-33.608964],[150.357296,-33.609237],[150.357925,-33.609178],[150.358154,-33.608915],[150.358403,-33.609259],[150.359255,-33.609687],[150.360158,-33.609525],[150.361706,-33.608842],[150.362763,-33.60763],[150.363908,-33.606636],[150.365987,-33.605586],[150.367822,-33.605074],[150.369247,-33.604492],[150.369628,-33.604231],[150.369968,-33.604283],[150.370111,-33.6039],[150.371482,-33.602813],[150.372264,-33.602796],[150.371205,-33.601387],[150.370428,-33.600566],[150.370013,-33.599719],[150.369796,-33.599034],[150.370643,-33.597447],[150.370875,-33.597351],[150.371186,-33.597351],[150.372572,-33.597477],[150.372572,-33.596889],[150.372194,-33.596301],[150.371732,-33.595839],[150.371942,-33.595209],[150.372799,-33.594854],[150.373077,-33.594831],[150.373749,-33.595041],[150.374631,-33.595503],[150.375765,-33.596385],[150.376101,-33.596427],[150.376059,-33.595293],[150.376311,-33.594831],[150.377134,-33.594871],[150.379341,-33.596156],[150.377471,-33.594843],[150.377614,-33.594831],[150.377782,-33.594285],[150.37711,-33.592982],[150.375993,-33.592561],[150.376095,-33.592081],[150.376734,-33.591458],[150.37702,-33.591279],[150.377939,-33.591474],[150.378296,-33.591474],[150.378425,-33.591197],[150.37771,-33.590632],[150.377875,-33.590575],[150.377814,-33.590509],[150.377928,-33.590373],[150.377647,-33.59],[150.377006,-33.589436],[150.376878,-33.588821],[150.377341,-33.588036],[150.377282,-33.587545],[150.376928,-33.58717],[150.375995,-33.5866],[150.376295,-33.586361],[150.376235,-33.585932],[150.375755,-33.585698],[150.375375,-33.585363],[150.375837,-33.584577],[150.375929,-33.583967],[150.375644,-33.583717],[150.374599,-33.583458],[150.373538,-33.583487],[150.37245,-33.582623],[150.372335,-33.581638],[150.37155,-33.5815],[150.370674,-33.581476],[150.369573,-33.582345],[150.369664,-33.582178],[150.369208,-33.58197],[150.368329,-33.581373],[150.367208,-33.581361],[150.367115,-33.580912],[150.367343,-33.579881],[150.367584,-33.579368],[150.367549,-33.57891],[150.36589,-33.578811],[150.364942,-33.579759],[150.364703,-33.57973],[150.364149,-33.578494],[150.364236,-33.576588],[150.363912,-33.57611],[150.363474,-33.575724],[150.362922,-33.574464],[150.36286,-33.573709],[150.362401,-33.574005],[150.362216,-33.574519],[150.36225,-33.574717],[150.361952,-33.574337],[150.36147,-33.574181],[150.361531,-33.574028],[150.361079,-33.573782],[150.360709,-33.573453],[150.360462,-33.573083],[150.360421,-33.571275],[150.359803,-33.571623],[150.359823,-33.571489],[150.358628,-33.572016],[150.357446,-33.57211],[150.356032,-33.572119],[150.352903,-33.571592],[150.352043,-33.571209],[150.351522,-33.570859],[150.350783,-33.570189],[150.350543,-33.569673],[150.349939,-33.569235],[150.349969,-33.569095],[150.350351,-33.569472],[150.350273,-33.568976],[150.350345,-33.568038],[150.350137,-33.567438],[150.349626,-33.566699],[150.349139,-33.566401],[150.348468,-33.566292],[150.348065,-33.566462],[150.34773,-33.566925],[150.347183,-33.567218],[150.345907,-33.56666],[150.344828,-33.565838],[150.343808,-33.562659],[150.343832,-33.562554],[150.343349,-33.561299],[150.343158,-33.560352],[150.34324,-33.560022],[150.344164,-33.558514],[150.344236,-33.558105],[150.344121,-33.557648],[150.343967,-33.557341],[150.343374,-33.556864],[150.342802,-33.556073],[150.342676,-33.555544],[150.342812,-33.554814],[150.342128,-33.553876],[150.340245,-33.553847],[150.339171,-33.553643],[150.339042,-33.553559],[150.33783,-33.550171],[150.337488,-33.547663],[150.337301,-33.54739],[150.337168,-33.547513],[150.337085,-33.547069],[150.33646,-33.546],[150.335773,-33.543417],[150.335022,-33.543317],[150.334703,-33.542203],[150.333499,-33.539846],[150.330329,-33.538613],[150.326954,-33.537731],[150.325009,-33.536977],[150.323437,-33.536489],[150.320895,-33.536175],[150.319749,-33.53573],[150.318916,-33.535161],[150.317673,-33.534131],[150.315764,-33.533345],[150.314652,-33.533062],[150.312995,-33.532897],[150.310399,-33.532352],[150.309038,-33.530391],[150.309116,-33.529608],[150.308826,-33.529856],[150.309912,-33.528085],[150.309932,-33.527579],[150.310321,-33.52711],[150.310874,-33.525986],[150.310918,-33.525664],[150.310833,-33.525189],[150.311061,-33.524615],[150.311255,-33.524421],[150.311211,-33.524312],[150.31141,-33.523933],[150.311076,-33.523632],[150.311228,-33.523593],[150.310208,-33.523089],[150.308253,-33.523047],[150.307482,-33.523425],[150.306905,-33.523343],[150.306156,-33.523467],[150.305577,-33.523017],[150.305455,-33.521613],[150.3046,-33.519598],[150.304234,-33.519109],[150.302503,-33.518677],[150.30228,-33.518499],[150.301181,-33.518743],[150.29648,-33.519476],[150.295285,-33.519237],[150.294434,-33.518337],[150.293826,-33.51755],[150.292791,-33.515825],[150.291849,-33.515196],[150.290428,-33.514741],[150.28638,-33.512395],[150.286833,-33.512271],[150.286589,-33.511966],[150.285184,-33.511722]],[[150.306466,-33.538902],[150.306323,-33.538364],[150.307478,-33.53888],[150.307889,-33.539379],[150.308217,-33.538755],[150.308488,-33.539143],[150.308811,-33.540117],[150.308885,-33.540974],[150.308501,-33.541612],[150.30886,-33.543073],[150.309453,-33.544274],[150.30877,-33.544903],[150.308205,-33.545702],[150.308527,-33.5466],[150.308794,-33.547697],[150.309283,-33.548319],[150.30973,-33.548768],[150.30998,-33.548907],[150.310582,-33.54896],[150.31081,-33.548792],[150.310878,-33.548396],[150.311172,-33.548742],[150.312389,-33.548671],[150.312596,-33.549451],[150.31411,-33.550985],[150.314848,-33.551446],[150.314597,-33.551667],[150.313939,-33.551373],[150.313471,-33.551275],[150.313275,-33.551134],[150.311471,-33.550916],[150.310767,-33.551302],[150.310757,-33.551435],[150.310603,-33.551432],[150.310371,-33.552042],[150.309812,-33.552281],[150.310309,-33.554181],[150.310677,-33.555224],[150.31061,-33.555394],[150.310595,-33.558217],[150.311076,-33.560107],[150.31194,-33.560802],[150.312445,-33.561093],[150.314092,-33.56144],[150.314627,-33.562305],[150.314849,-33.562146],[150.315338,-33.563012],[150.316029,-33.563163],[150.316095,-33.563517],[150.317425,-33.563959],[150.318005,-33.563394],[150.318323,-33.563506],[150.319358,-33.565212],[150.319754,-33.567178],[150.320644,-33.568271],[150.319415,-33.56838],[150.318816,-33.569046],[150.318745,-33.56948],[150.318091,-33.570047],[150.317926,-33.570408],[150.316229,-33.571119],[150.316836,-33.572973],[150.317186,-33.575104],[150.317565,-33.575226],[150.317513,-33.575616],[150.317972,-33.576476],[150.317276,-33.57581],[150.31596,-33.572772],[150.315574,-33.572466],[150.314926,-33.571644],[150.31406,-33.570863],[150.31306,-33.569154],[150.312956,-33.568293],[150.312653,-33.567751],[150.312341,-33.567521],[150.310608,-33.566726],[150.310087,-33.566358],[150.309596,-33.565009],[150.309124,-33.564776],[150.308331,-33.564581],[150.307024,-33.563794],[150.305857,-33.563635],[150.304682,-33.563743],[150.30378,-33.563634],[150.303343,-33.563981],[150.30273,-33.56486],[150.301537,-33.565547],[150.299864,-33.566269],[150.299263,-33.566746],[150.298751,-33.567703],[150.297945,-33.567426],[150.298091,-33.567134],[150.298019,-33.566919],[150.29525,-33.565877],[150.295092,-33.565652],[150.294452,-33.565242],[150.29327,-33.564129],[150.293389,-33.563877],[150.293029,-33.563082],[150.292897,-33.561486],[150.294559,-33.563357],[150.295656,-33.563577],[150.295838,-33.563031],[150.295912,-33.56303],[150.295996,-33.562558],[150.29706,-33.561471],[150.297746,-33.560644],[150.298331,-33.560608],[150.298595,-33.560398],[150.299203,-33.560856],[150.299971,-33.561192],[150.301535,-33.560947],[150.301913,-33.560569],[150.302045,-33.559894],[150.301986,-33.557698],[150.302275,-33.557105],[150.302402,-33.556576],[150.30218,-33.556066],[150.301313,-33.555329],[150.301817,-33.554435],[150.301892,-33.554091],[150.3018,-33.553969],[150.300882,-33.553558],[150.300848,-33.552645],[150.299822,-33.551198],[150.299164,-33.549524],[150.298802,-33.549883],[150.298528,-33.548857],[150.2982,-33.548676],[150.297817,-33.548735],[150.297236,-33.550233],[150.296772,-33.550323],[150.296429,-33.549855],[150.297057,-33.548638],[150.297283,-33.547716],[150.297388,-33.547704],[150.297381,-33.546916],[150.297171,-33.546526],[150.297735,-33.544237],[150.296227,-33.544035],[150.294686,-33.543509],[150.294515,-33.543282],[150.293676,-33.543054],[150.292957,-33.542959],[150.290909,-33.542284],[150.290355,-33.541931],[150.289992,-33.541836],[150.289494,-33.541561],[150.291002,-33.541135],[150.291108,-33.540548],[150.291931,-33.540841],[150.292372,-33.540829],[150.292407,-33.540545],[150.292659,-33.540234],[150.29268,-33.539345],[150.29399,-33.539492],[150.296818,-33.53954],[150.298341,-33.540287],[150.299501,-33.540125],[150.299515,-33.539977],[150.299732,-33.539782],[150.299779,-33.540536],[150.300035,-33.540871],[150.300393,-33.541102],[150.301151,-33.541118],[150.301927,-33.540935],[150.301563,-33.53912],[150.302011,-33.539515],[150.302648,-33.540775],[150.303493,-33.540399],[150.305539,-33.542532],[150.306036,-33.542383],[150.306191,-33.542014],[150.305613,-33.54119],[150.304686,-33.540082],[150.305247,-33.540436],[150.306441,-33.539704],[150.306822,-33.539445],[150.306466,-33.538902]],[[150.287432,-33.536087],[150.287822,-33.535575],[150.287421,-33.534891],[150.28782,-33.53349],[150.290081,-33.533871],[150.29114,-33.534485],[150.29296,-33.534837],[150.293218,-33.53518],[150.294016,-33.535197],[150.294787,-33.536061],[150.295478,-33.536121],[150.295961,-33.535998],[150.296147,-33.535129],[150.296556,-33.535176],[150.296726,-33.536146],[150.296335,-33.536637],[150.295621,-33.536939],[150.295434,-33.536762],[150.294191,-33.536398],[150.293825,-33.536725],[150.293318,-33.536659],[150.293113,-33.536242],[150.292797,-33.536224],[150.292522,-33.536443],[150.291615,-33.535806],[150.290741,-33.536041],[150.290418,-33.536346],[150.289964,-33.536299],[150.289377,-33.536495],[150.288907,-33.536825],[150.28752,-33.538201],[150.286886,-33.537934],[150.286497,-33.537092],[150.286368,-33.536514],[150.286409,-33.536563],[150.287432,-33.536087]],[[150.298881,-33.569164],[150.298775,-33.572534],[150.299503,-33.573649],[150.301056,-33.574997],[150.300466,-33.575655],[150.298571,-33.576378],[150.298149,-33.576611],[150.298687,-33.575869],[150.298807,-33.574318],[150.299065,-33.573805],[150.298455,-33.572703],[150.298294,-33.569577],[150.298632,-33.569008],[150.298881,-33.569164]],[[150.294969,-33.58299],[150.296062,-33.582076],[150.296611,-33.581217],[150.296492,-33.579808],[150.296722,-33.578262],[150.297267,-33.577648],[150.297459,-33.578056],[150.296969,-33.581857],[150.296491,-33.58192],[150.296124,-33.58295],[150.29617,-33.583201],[150.295437,-33.583511],[150.295105,-33.584356],[150.295164,-33.584779],[150.294891,-33.584988],[150.294507,-33.585036],[150.294355,-33.584627],[150.294969,-33.58299]],[[150.276556,-33.526178],[150.27656,-33.526038],[150.277333,-33.525614],[150.278285,-33.525533],[150.278393,-33.525405],[150.278164,-33.526456],[150.277622,-33.527868],[150.277523,-33.528387],[150.277038,-33.527994],[150.277142,-33.527302],[150.276787,-33.526738],[150.276556,-33.526178]],[[150.299735,-33.522141],[150.300035,-33.522526],[150.300485,-33.522752],[150.300616,-33.522918],[150.30048,-33.523176],[150.300655,-33.523627],[150.300993,-33.523747],[150.300677,-33.524275],[150.300294,-33.524356],[150.299691,-33.52411],[150.299833,-33.523814],[150.298937,-33.522624],[150.298984,-33.522237],[150.299221,-33.522207],[150.299315,-33.522501],[150.299527,-33.522554],[150.299646,-33.522463],[150.299735,-33.522141]],[[150.268473,-33.594197],[150.26851,-33.594051],[150.268655,-33.593963],[150.26866,-33.59379],[150.268832,-33.593694],[150.268818,-33.593543],[150.269268,-33.593186],[150.269991,-33.593113],[150.270212,-33.593519],[150.270203,-33.594107],[150.269928,-33.594617],[150.269128,-33.594749],[150.26877,-33.594486],[150.268723,-33.594552],[150.26862,-33.594502],[150.268473,-33.594197]],[[150.286898,-33.521613],[150.286722,-33.521127],[150.286899,-33.521078],[150.287116,-33.520667],[150.287844,-33.52062],[150.288627,-33.520985],[150.28764,-33.521745],[150.286969,-33.521711],[150.286898,-33.521613]],[[150.272842,-33.533641],[150.272677,-33.533376],[150.272781,-33.533283],[150.272829,-33.532839],[150.273048,-33.532899],[150.272948,-33.533724],[150.272842,-33.533641]],[[150.314884,-33.551468],[150.315,-33.55154],[150.314866,-33.551633],[150.314884,-33.551468]],[[150.268535,-33.59446],[150.268485,-33.594436],[150.268475,-33.594377],[150.268535,-33.59446]]]},"properties":{"OBJECTID":28414,"FireType":1,"FireName":"Mount York Road","FireNo":"13101780708\u00a0","FireYear":201314,"Label":"2013-14 Wildfire","StartDate":1381968000000,"EndDate":1384128000000,"Intensity":null,"AreaHa":9375.832542,"PerimeterM":98581.25413869,"OFHObjMet":null,"ObjNotMet":null,"NPWSBranch":"BMTN","NPWSArea":"UPMT","VerDate":1788739200000,"Shape.STArea()":0.009104381340626948,"Shape.STLength()":0.9674199744382794}},{"type":"Feature","id":29332,"geometry":{"type":"Polygon","coordinates":[[[150.330268,-33.622219],[150.329991,-33.622282],[150.329997,-33.622515],[150.330296,-33.622534],[150.330387,-33.62246],[150.330384,-33.62229],[150.330268,-33.622219]]]},"properties":{"OBJECTID":29332,"FireType":1,"FireName":"Pupit Rock","FireNo":"15010984002","FireYear":201415,"Label":"2014-15 Wildfire","StartDate":1420761600000,"EndDate":1420934400000,"Intensity":null,"AreaHa":0.12161965,"PerimeterM":127.49400809,"OFHObjMet":null,"ObjNotMet":null,"NPWSBranch":"BMTN","NPWSArea":"UPMT","VerDate":1788739200000,"Shape.STArea()":1.1816875388900024e-07,"Shape.STLength()":0.0012769802130666121}},{"type":"Feature","id":30193,"geometry":{"type":"Polygon","coordinates":[[[150.407094,-33.63118],[150.406213,-33.630875],[150.404914,-33.630848],[150.404018,-33.631058],[150.403583,-33.631851],[150.40377,-33.632484],[150.40333,-33.633448],[150.401914,-33.635022],[150.401341,-33.635868],[150.400424,-33.636765],[150.400404,-33.637452],[150.399906,-33.638071],[150.399341,-33.638632],[150.398784,-33.638963],[150.397999,-33.640035],[150.397511,-33.64031],[150.396822,-33.640468],[150.395656,-33.640558],[150.394961,-33.640887],[150.394248,-33.641845],[150.393733,-33.643036],[150.393924,-33.643498],[150.393969,-33.644301],[150.394206,-33.645508],[150.394249,-33.646368],[150.394512,-33.646717],[150.394365,-33.647057],[150.393513,-33.64807],[150.393073,-33.649034],[150.391433,-33.648942],[150.390829,-33.648528],[150.390277,-33.648688],[150.389849,-33.649252],[150.389284,-33.649812],[150.389264,-33.650499],[150.388706,-33.650831],[150.388418,-33.651282],[150.388283,-33.652029],[150.38694,-33.652625],[150.386112,-33.652837],[150.384467,-33.652916],[150.38405,-33.653137],[150.38248,-33.652989],[150.38222,-33.652525],[150.382174,-33.65178],[150.381569,-33.651424],[150.380279,-33.651053],[150.379653,-33.651383],[150.378892,-33.651653],[150.378481,-33.651645],[150.377741,-33.651228],[150.376575,-33.651318],[150.375748,-33.651472],[150.37527,-33.651462],[150.37448,-33.650415],[150.374635,-33.652078],[150.374823,-33.652655],[150.375838,-33.65302],[150.376621,-33.654296],[150.377023,-33.654591],[150.377481,-33.655287],[150.378941,-33.656807],[150.379331,-33.657502],[150.379862,-33.658029],[150.380475,-33.658156],[150.380659,-33.658847],[150.380982,-33.659484],[150.381289,-33.660635],[150.381722,-33.660978],[150.383351,-33.660393],[150.383775,-33.659944],[150.383661,-33.659197],[150.383339,-33.658503],[150.382674,-33.657859],[150.381329,-33.657086],[150.380265,-33.656033],[150.379421,-33.654527],[150.378984,-33.653144],[150.380012,-33.653108],[150.381184,-33.65508],[150.382516,-33.65631],[150.383721,-33.657194],[150.38426,-33.657492],[150.385127,-33.658255],[150.38597,-33.659818],[150.386017,-33.660506],[150.387025,-33.661157],[150.390007,-33.662136],[150.390815,-33.662611],[150.391617,-33.663258],[150.391871,-33.663893],[150.39118,-33.664108],[150.389282,-33.663495],[150.387932,-33.662837],[150.386916,-33.662472],[150.383971,-33.662524],[150.382243,-33.66306],[150.380844,-33.662955],[150.378461,-33.663609],[150.377434,-33.663588],[150.376759,-33.663287],[150.375869,-33.663268],[150.37394,-33.663685],[150.371833,-33.663182],[150.370362,-33.662006],[150.369372,-33.660783],[150.368718,-33.659795],[150.367786,-33.658917],[150.366572,-33.658319],[150.365972,-33.65779],[150.36536,-33.657663],[150.364809,-33.657766],[150.364458,-33.658044],[150.364858,-33.658396],[150.365316,-33.659093],[150.365229,-33.659721],[150.363817,-33.661122],[150.363287,-33.662771],[150.363201,-33.663342],[150.362845,-33.663792],[150.362121,-33.665094],[150.361431,-33.665251],[150.360549,-33.665003],[150.359386,-33.664978],[150.358828,-33.665309],[150.358528,-33.666162],[150.358035,-33.666609],[150.357491,-33.668716],[150.356761,-33.670189],[150.356744,-33.670761],[150.356116,-33.671148],[150.355493,-33.671364],[150.354458,-33.671628],[150.353979,-33.671618],[150.353372,-33.671318],[150.353107,-33.671026],[150.352901,-33.671022],[150.352622,-33.671188],[150.352282,-33.671123],[150.352028,-33.670488],[150.351205,-33.670528],[150.34958,-33.66992],[150.34891,-33.669448],[150.347671,-33.66965],[150.345868,-33.670413],[150.345447,-33.670747],[150.345838,-33.671386],[150.346236,-33.671795],[150.346741,-33.67318],[150.347296,-33.675195],[150.347194,-33.676281],[150.347378,-33.676972],[150.348162,-33.678191],[150.348071,-33.678933],[150.347255,-33.680977],[150.346969,-33.681371],[150.346667,-33.682281],[150.347176,-33.683551],[150.348864,-33.684332],[150.349129,-33.684624],[150.349739,-33.684809],[150.350492,-33.684825],[150.350966,-33.685007],[150.352057,-33.685145],[150.352559,-33.684411],[150.352965,-33.684591],[150.352714,-33.686075],[150.352826,-33.686878],[150.35308,-33.687514],[150.353898,-33.687646],[150.354637,-33.68812],[150.35483,-33.688524],[150.354951,-33.689042],[150.355418,-33.689453],[150.356115,-33.689067],[150.356427,-33.687814],[150.356302,-33.687411],[150.356325,-33.686667],[150.356825,-33.685991],[150.357041,-33.683419],[150.357274,-33.682508],[150.357566,-33.681942],[150.357185,-33.680961],[150.356249,-33.680196],[150.355725,-33.679441],[150.354914,-33.67908],[150.353761,-33.678712],[150.352708,-33.677315],[150.352372,-33.677136],[150.35157,-33.678722],[150.351331,-33.679805],[150.351315,-33.68032],[150.351745,-33.681932],[150.351729,-33.682447],[150.351234,-33.682951],[150.350689,-33.682882],[150.350031,-33.68201],[150.348466,-33.68169],[150.348495,-33.680717],[150.348725,-33.679921],[150.349308,-33.678788],[150.349331,-33.678044],[150.348803,-33.677403],[150.348546,-33.676825],[150.348387,-33.675333],[150.348082,-33.674125],[150.347768,-33.673202],[150.34731,-33.672505],[150.347192,-33.671873],[150.347819,-33.671543],[150.348854,-33.671279],[150.349594,-33.671695],[150.350394,-33.672399],[150.352493,-33.673189],[150.353703,-33.673902],[150.354572,-33.674607],[150.354967,-33.675131],[150.355565,-33.675716],[150.356223,-33.676589],[150.356897,-33.676947],[150.357621,-33.677879],[150.358599,-33.679502],[150.359418,-33.679577],[150.35958,-33.678779],[150.359466,-33.678032],[150.359071,-33.677509],[150.358685,-33.676699],[150.358199,-33.674685],[150.358221,-33.673941],[150.357963,-33.67342],[150.358923,-33.673384],[150.359799,-33.67386],[150.360188,-33.674556],[150.360753,-33.676228],[150.360922,-33.677434],[150.361366,-33.678588],[150.361961,-33.679288],[150.362638,-33.679532],[150.362812,-33.678333],[150.362505,-33.677181],[150.362394,-33.67632],[150.361416,-33.674696],[150.360544,-33.674105],[150.360023,-33.673235],[150.358493,-33.671771],[150.358111,-33.670847],[150.358935,-33.67075],[150.359751,-33.67094],[150.361267,-33.670629],[150.361088,-33.669766],[150.360086,-33.668943],[150.359842,-33.667965],[150.360479,-33.667291],[150.361146,-33.667878],[150.362719,-33.667912],[150.36366,-33.668504],[150.364042,-33.669428],[150.36406,-33.671089],[150.363953,-33.672346],[150.364202,-33.673153],[150.364589,-33.673963],[150.365187,-33.674548],[150.365991,-33.675138],[150.366877,-33.675271],[150.368122,-33.67484],[150.367677,-33.673742],[150.367504,-33.672651],[150.366778,-33.671777],[150.366525,-33.671084],[150.36655,-33.670283],[150.366256,-33.668674],[150.366542,-33.668279],[150.368646,-33.668897],[150.36902,-33.670107],[150.369375,-33.671946],[150.369903,-33.672587],[150.37064,-33.673118],[150.372189,-33.673953],[150.373484,-33.674152],[150.374567,-33.674576],[150.375523,-33.674654],[150.376808,-33.675196],[150.377829,-33.675389],[150.37981,-33.675546],[150.38111,-33.675574],[150.382484,-33.675431],[150.383916,-33.675633],[150.385569,-33.675325],[150.386816,-33.674836],[150.388438,-33.675557],[150.390538,-33.676288],[150.392033,-33.676664],[150.392913,-33.677026],[150.394134,-33.677395],[150.394738,-33.677808],[150.395485,-33.677996],[150.395166,-33.677245],[150.393891,-33.676359],[150.392889,-33.675537],[150.389213,-33.674829],[150.388185,-33.674865],[150.387302,-33.674617],[150.38587,-33.674415],[150.384223,-33.674552],[150.383061,-33.67447],[150.383015,-33.673725],[150.383515,-33.673048],[150.38462,-33.672728],[150.385043,-33.672336],[150.385004,-33.671362],[150.385423,-33.671085],[150.385964,-33.671325],[150.386897,-33.672147],[150.38737,-33.672386],[150.387996,-33.672055],[150.388278,-33.671775],[150.390333,-33.671761],[150.39049,-33.671078],[150.390508,-33.670505],[150.39113,-33.67029],[150.393089,-33.67119],[150.393545,-33.671944],[150.394353,-33.672419],[150.395639,-33.672904],[150.396236,-33.673546],[150.397902,-33.67507],[150.398288,-33.675879],[150.398601,-33.676859],[150.399961,-33.677174],[150.401644,-33.678126],[150.40335,-33.678333],[150.40403,-33.676229],[150.404117,-33.675601],[150.403996,-33.675084],[150.404559,-33.67458],[150.404711,-33.674068],[150.404386,-33.673489],[150.40324,-33.672892],[150.40271,-33.672308],[150.40212,-33.671437],[150.40084,-33.670723],[150.399836,-33.669958],[150.398488,-33.669243],[150.397674,-33.668996],[150.396513,-33.668915],[150.395895,-33.668959],[150.395437,-33.668262],[150.395994,-33.667931],[150.397026,-33.667781],[150.399691,-33.667951],[150.400653,-33.667857],[150.402341,-33.668637],[150.403478,-33.669519],[150.404007,-33.67016],[150.405355,-33.670876],[150.405818,-33.671401],[150.407156,-33.672459],[150.408098,-33.672994],[150.408624,-33.673749],[150.410372,-33.674817],[150.411451,-33.675355],[150.412613,-33.675436],[150.413487,-33.67597],[150.414572,-33.676336],[150.41632,-33.677403],[150.4187,-33.677968],[150.420413,-33.677947],[150.421778,-33.67809],[150.424041,-33.677965],[150.425595,-33.676394],[150.425557,-33.675363],[150.425432,-33.67496],[150.425465,-33.673873],[150.426753,-33.67201],[150.426792,-33.670694],[150.426735,-33.670292],[150.425252,-33.669517],[150.424802,-33.668534],[150.425584,-33.667578],[150.427305,-33.66727],[150.427589,-33.666932],[150.427417,-33.665784],[150.427166,-33.665501],[150.427294,-33.665323],[150.427244,-33.664692],[150.427879,-33.664076],[150.429455,-33.664051],[150.430217,-33.663724],[150.431355,-33.664606],[150.43233,-33.664054],[150.432564,-33.663085],[150.432588,-33.662284],[150.433146,-33.661953],[150.433443,-33.661157],[150.43436,-33.66026],[150.435822,-33.659432],[150.438374,-33.658798],[150.439404,-33.658705],[150.440035,-33.658202],[150.4394,-33.656529],[150.438404,-33.655478],[150.437949,-33.654667],[150.438104,-33.65404],[150.439261,-33.654293],[150.440562,-33.654263],[150.441322,-33.65405],[150.441407,-33.653479],[150.440957,-33.652496],[150.438172,-33.651752],[150.437286,-33.651619],[150.436617,-33.65109],[150.435056,-33.650656],[150.433944,-33.651206],[150.432028,-33.651166],[150.430804,-33.650912],[150.429456,-33.650197],[150.427833,-33.649533],[150.426447,-33.647787],[150.42454,-33.647461],[150.423242,-33.647376],[150.421063,-33.646987],[150.419729,-33.645815],[150.419592,-33.645812],[150.419103,-33.646145],[150.418536,-33.64682],[150.416625,-33.646608],[150.415685,-33.646016],[150.415106,-33.644745],[150.414193,-33.643237],[150.414361,-33.64221],[150.415734,-33.642067],[150.416741,-33.642718],[150.418303,-33.643151],[150.418115,-33.642575],[150.416234,-33.64139],[150.411881,-33.638151],[150.410739,-33.63744],[150.408973,-33.637002],[150.407815,-33.636806],[150.406462,-33.636262],[150.405522,-33.63567],[150.405272,-33.634863],[150.405507,-33.633895],[150.405254,-33.633202],[150.405215,-33.632228],[150.405569,-33.631835],[150.406986,-33.632495],[150.407598,-33.632622],[150.408351,-33.632638],[150.409024,-33.632995],[150.409407,-33.633919],[150.410632,-33.634174],[150.411061,-33.633553],[150.411246,-33.631954],[150.412136,-33.631916],[150.412468,-33.632266],[150.412578,-33.633184],[150.413328,-33.635547],[150.414144,-33.635736],[150.414559,-33.633283],[150.414994,-33.632491],[150.415816,-33.632451],[150.416687,-33.633098],[150.416837,-33.634934],[150.417218,-33.635915],[150.418966,-33.636982],[150.419604,-33.638541],[150.420818,-33.639139],[150.421767,-33.639445],[150.422298,-33.640029],[150.422739,-33.641297],[150.422876,-33.64359],[150.423463,-33.644576],[150.425019,-33.645181],[150.425768,-33.645311],[150.427441,-33.646605],[150.429013,-33.648985],[150.430841,-33.649653],[150.431462,-33.649494],[150.431481,-33.648865],[150.4308,-33.648736],[150.429798,-33.647914],[150.429291,-33.646529],[150.428968,-33.645893],[150.428571,-33.645426],[150.426898,-33.644132],[150.426443,-33.643321],[150.426069,-33.642111],[150.426031,-33.64108],[150.425446,-33.640037],[150.424461,-33.638642],[150.423452,-33.638049],[150.422727,-33.637118],[150.421155,-33.634738],[150.420635,-33.633811],[150.420452,-33.633063],[150.421972,-33.632579],[150.423674,-33.632901],[150.424274,-33.633429],[150.42557,-33.63586],[150.42726,-33.636582],[150.428671,-33.637471],[150.429256,-33.638513],[150.429249,-33.641032],[150.429847,-33.643964],[150.430485,-33.645523],[150.43134,-33.646686],[150.432438,-33.646595],[150.432524,-33.646024],[150.432277,-33.645103],[150.431755,-33.644233],[150.432119,-33.643496],[150.431642,-33.641139],[150.431129,-33.639983],[150.431327,-33.637926],[150.432058,-33.636339],[150.431928,-33.633817],[150.432887,-33.63378],[150.434182,-33.633978],[150.434568,-33.634788],[150.434741,-33.635879],[150.435438,-33.637783],[150.436061,-33.639857],[150.436511,-33.640839],[150.43694,-33.642509],[150.437823,-33.645046],[150.43818,-33.646885],[150.438825,-33.648216],[150.439907,-33.648639],[150.441195,-33.646776],[150.442171,-33.646167],[150.441649,-33.645297],[150.440652,-33.644303],[150.43935,-33.642043],[150.439037,-33.641064],[150.438248,-33.639959],[150.438075,-33.638868],[150.438037,-33.637837],[150.437324,-33.636505],[150.437884,-33.636059],[150.43873,-33.637565],[150.439783,-33.638961],[150.440873,-33.639155],[150.443135,-33.63903],[150.444252,-33.638309],[150.444513,-33.636425],[150.443922,-33.635554],[150.443119,-33.634965],[150.442303,-33.634776],[150.440803,-33.634574],[150.438361,-33.633836],[150.43591,-33.633384],[150.434884,-33.633363],[150.43354,-33.632534],[150.429575,-33.632394],[150.428273,-33.632424],[150.427184,-33.63223],[150.426237,-33.631866],[150.425218,-33.631616],[150.424412,-33.631084],[150.423526,-33.630951],[150.421951,-33.630976],[150.418244,-33.631356],[150.417692,-33.631516],[150.416524,-33.631664],[150.4153,-33.631409],[150.412437,-33.631006],[150.409973,-33.631011],[150.407971,-33.631599],[150.407094,-33.63118]]]},"properties":{"OBJECTID":30193,"FireType":2,"FireName":"UMT LMZ Mt Hay Range East PB","FireNo":"HR11122156433","FireYear":201516,"Label":"2015-16 Prescribed Burn","StartDate":1462406400000,"EndDate":1462665600000,"Intensity":30,"AreaHa":2174.61249597,"PerimeterM":69626.8309546,"OFHObjMet":"Y","ObjNotMet":null,"NPWSBranch":"BMTN","NPWSArea":"UPMT","VerDate":1788739200000,"Shape.STArea()":0.00211377727379427,"Shape.STLength()":0.68836385250459}},{"type":"Feature","id":32160,"geometry":{"type":"Polygon","coordinates":[[[150.255409,-33.522413],[150.253297,-33.521104],[150.252896,-33.52112],[150.252721,-33.521532],[150.252542,-33.521566],[150.252626,-33.521755],[150.252527,-33.521989],[150.252889,-33.522761],[150.25292,-33.523238],[150.252669,-33.523252],[150.252788,-33.523394],[150.252257,-33.523621],[150.25043,-33.522536],[150.248888,-33.522308],[150.247917,-33.522365],[150.246603,-33.523736],[150.244816,-33.528764],[150.244458,-33.529996],[150.244668,-33.530554],[150.245189,-33.530584],[150.244556,-33.534034],[150.244746,-33.535533],[150.244021,-33.535746],[150.242802,-33.536435],[150.242086,-33.537456],[150.239265,-33.537501],[150.238541,-33.538773],[150.238753,-33.541497],[150.238592,-33.542531],[150.237439,-33.542505],[150.233451,-33.544312],[150.232759,-33.545907],[150.231074,-33.547411],[150.230933,-33.547127],[150.231147,-33.545414],[150.230825,-33.544843],[150.230112,-33.544843],[150.228113,-33.542452],[150.22747,-33.542309],[150.226899,-33.542952],[150.227006,-33.544129],[150.2259,-33.546806],[150.226293,-33.547806],[150.226007,-33.548377],[150.225769,-33.548389],[150.226,-33.548289],[150.224415,-33.548139],[150.217238,-33.547019],[150.216212,-33.547039],[150.215318,-33.547191],[150.214544,-33.547889],[150.214831,-33.549069],[150.214206,-33.549899],[150.214201,-33.551631],[150.214038,-33.552471],[150.214102,-33.552602],[150.213644,-33.553605],[150.213271,-33.554041],[150.213287,-33.554411],[150.213575,-33.554788],[150.213548,-33.55518],[150.213351,-33.555546],[150.213228,-33.556259],[150.213318,-33.556571],[150.213918,-33.556773],[150.213866,-33.557515],[150.214331,-33.557945],[150.214909,-33.559103],[150.21549,-33.559479],[150.216255,-33.559782],[150.216347,-33.559611],[150.217965,-33.559554],[150.219035,-33.559768],[150.219564,-33.560254],[150.219007,-33.560639],[150.218836,-33.560996],[150.21935,-33.561053],[150.219878,-33.560539],[150.220649,-33.560911],[150.221548,-33.561096],[150.221777,-33.562467],[150.222148,-33.563723],[150.221591,-33.56428],[150.221719,-33.565493],[150.222833,-33.565493],[150.22319,-33.565822],[150.223278,-33.565813],[150.223124,-33.565964],[150.223397,-33.566214],[150.223551,-33.567807],[150.222721,-33.568447],[150.222696,-33.568828],[150.222578,-33.568907],[150.222725,-33.569103],[150.223604,-33.569339],[150.224275,-33.569823],[150.224946,-33.569933],[150.225032,-33.570176],[150.22536,-33.570062],[150.226359,-33.571018],[150.227108,-33.571513],[150.227102,-33.572251],[150.227457,-33.572374],[150.22618,-33.572717],[150.226289,-33.573078],[150.227289,-33.572799],[150.227474,-33.572889],[150.226819,-33.572998],[150.226891,-33.573411],[150.227374,-33.573469],[150.22789,-33.573821],[150.228109,-33.573804],[150.228715,-33.574984],[150.229173,-33.575285],[150.230088,-33.576169],[150.230171,-33.576448],[150.230666,-33.57652],[150.231195,-33.576765],[150.231588,-33.577136],[150.231318,-33.577498],[150.231959,-33.577408],[150.231974,-33.577126],[150.232074,-33.577172],[150.232774,-33.578275],[150.234955,-33.577952],[150.235041,-33.578497],[150.235332,-33.578541],[150.23525,-33.579432],[150.235028,-33.579413],[150.233567,-33.579681],[150.230377,-33.580511],[150.230129,-33.580248],[150.229323,-33.579786],[150.22839,-33.579551],[150.227534,-33.579829],[150.226352,-33.579995],[150.22639,-33.5803],[150.227028,-33.580114],[150.227989,-33.580143],[150.228603,-33.580339],[150.228985,-33.580558],[150.229591,-33.581127],[150.229728,-33.580976],[150.231558,-33.581632],[150.232558,-33.581001],[150.232947,-33.580844],[150.234645,-33.580848],[150.236515,-33.580462],[150.237172,-33.579049],[150.237543,-33.578835],[150.238086,-33.578935],[150.238243,-33.579277],[150.238528,-33.57952],[150.239142,-33.579591],[150.239442,-33.58022],[150.240413,-33.580319],[150.240441,-33.580177],[150.239885,-33.579948],[150.239942,-33.579491],[150.240284,-33.57922],[150.240227,-33.578977],[150.240299,-33.578706],[150.240613,-33.578663],[150.240613,-33.578492],[150.239813,-33.578049],[150.239899,-33.577578],[150.239842,-33.577221],[150.240056,-33.577022],[150.24047,-33.576822],[150.240413,-33.575922],[150.240136,-33.575979],[150.240432,-33.575654],[150.240046,-33.575456],[150.240062,-33.575323],[150.241185,-33.575485],[150.241609,-33.575817],[150.241997,-33.576595],[150.242322,-33.576906],[150.243295,-33.577232],[150.243879,-33.577686],[150.244732,-33.577968],[150.24531,-33.577927],[150.245527,-33.578045],[150.24596,-33.577876],[150.246205,-33.577995],[150.246462,-33.576653],[150.2461,-33.576609],[150.246461,-33.574887],[150.24631,-33.574246],[150.246685,-33.573205],[150.246954,-33.571767],[150.247626,-33.572528],[150.248848,-33.574333],[150.248785,-33.574517],[150.24889,-33.574979],[150.248104,-33.575419],[150.247947,-33.575433],[150.247238,-33.575101],[150.246906,-33.576358],[150.246889,-33.576729],[150.247763,-33.576802],[150.247895,-33.577115],[150.248186,-33.576943],[150.249447,-33.577007],[150.249383,-33.577226],[150.25,-33.577502],[150.249566,-33.579038],[150.249599,-33.579339],[150.248509,-33.579533],[150.248642,-33.579912],[150.24978,-33.579773],[150.249751,-33.579589],[150.250156,-33.579384],[150.250337,-33.579978],[150.250775,-33.580551],[150.250767,-33.581171],[150.251528,-33.581236],[150.251832,-33.581366],[150.252404,-33.580959],[150.252998,-33.580915],[150.253074,-33.580659],[150.253674,-33.580806],[150.254074,-33.580748],[150.254415,-33.581061],[150.254357,-33.581203],[150.253924,-33.581193],[150.254368,-33.581919],[150.254452,-33.582503],[150.254242,-33.583748],[150.254407,-33.585021],[150.254294,-33.585343],[150.254564,-33.585444],[150.25466,-33.585666],[150.254636,-33.586066],[150.255704,-33.587616],[150.256079,-33.587663],[150.25626,-33.586608],[150.257275,-33.584798],[150.257561,-33.581875],[150.257013,-33.581539],[150.25677,-33.580932],[150.25749,-33.580219],[150.257901,-33.576773],[150.258167,-33.576992],[150.25905,-33.576129],[150.260241,-33.574485],[150.260365,-33.574201],[150.260929,-33.574387],[150.261536,-33.575927],[150.262325,-33.576207],[150.262589,-33.576166],[150.262365,-33.576727],[150.262165,-33.577653],[150.260197,-33.577705],[150.260034,-33.578345],[150.259021,-33.580636],[150.25899,-33.58252],[150.259195,-33.58324],[150.259333,-33.584293],[150.258711,-33.585925],[150.258011,-33.587317],[150.257959,-33.588985],[150.258444,-33.590074],[150.259997,-33.590223],[150.260605,-33.590847],[150.260194,-33.592302],[150.261485,-33.593739],[150.262049,-33.593918],[150.263398,-33.594545],[150.263848,-33.595485],[150.263745,-33.595856],[150.264404,-33.597187],[150.265679,-33.598778],[150.266784,-33.601416],[150.267178,-33.601879],[150.267237,-33.602052],[150.268737,-33.60296],[150.269312,-33.602971],[150.270624,-33.602206],[150.270957,-33.602328],[150.271676,-33.60295],[150.271843,-33.603931],[150.271697,-33.604515],[150.271464,-33.605145],[150.270568,-33.605993],[150.270283,-33.606455],[150.27026,-33.606654],[150.270439,-33.607473],[150.270311,-33.608272],[150.269884,-33.609412],[150.270646,-33.612329],[150.271367,-33.613782],[150.271483,-33.613914],[150.272135,-33.613828],[150.272732,-33.61334],[150.273462,-33.612984],[150.274012,-33.61295],[150.274174,-33.613073],[150.27478,-33.613082],[150.275371,-33.613313],[150.276451,-33.613417],[150.276412,-33.613652],[150.274752,-33.615489],[150.274389,-33.616139],[150.274398,-33.616926],[150.274657,-33.61739],[150.275274,-33.617361],[150.275751,-33.617443],[150.275598,-33.618499],[150.276113,-33.618968],[150.278953,-33.618973],[150.280609,-33.619611],[150.281108,-33.619522],[150.280806,-33.620431],[150.281819,-33.621398],[150.283421,-33.62378],[150.284503,-33.62253],[150.28728,-33.622362],[150.287455,-33.622202],[150.287531,-33.622248],[150.28761,-33.622332],[150.287481,-33.624186],[150.285481,-33.625847],[150.285916,-33.625899],[150.28565,-33.626185],[150.285631,-33.626413],[150.286078,-33.62667],[150.286591,-33.627451],[150.28982,-33.627147],[150.292217,-33.626518],[150.292417,-33.626299],[150.292988,-33.626137],[150.293349,-33.626122],[150.294473,-33.625024],[150.298803,-33.623182],[150.300049,-33.621635],[150.299408,-33.620261],[150.299104,-33.619038],[150.299084,-33.618335],[150.299665,-33.618198],[150.301545,-33.616699],[150.304401,-33.616337],[150.304668,-33.616763],[150.304908,-33.616935],[150.305458,-33.616935],[150.305963,-33.616767],[150.309951,-33.619561],[150.309371,-33.61758],[150.312476,-33.616753],[150.314959,-33.616664],[150.316125,-33.614126],[150.319666,-33.614763],[150.32038,-33.614692],[150.321522,-33.613978],[150.322236,-33.613336],[150.323093,-33.612979],[150.324306,-33.612693],[150.325449,-33.610998],[150.32696,-33.612035],[150.32766,-33.612909],[150.328104,-33.613777],[150.326152,-33.614665],[150.322086,-33.616152],[150.321705,-33.617396],[150.319774,-33.617604],[150.319055,-33.618734],[150.319339,-33.620045],[150.31769,-33.619964],[150.314697,-33.620109],[150.314438,-33.620329],[150.310878,-33.62137],[150.307528,-33.621834],[150.305191,-33.622713],[150.303161,-33.623349],[150.302343,-33.624267],[150.299903,-33.626319],[150.299123,-33.626616],[150.298522,-33.626302],[150.297963,-33.626623],[150.296,-33.628027],[150.295583,-33.629026],[150.297166,-33.630633],[150.298144,-33.630586],[150.299109,-33.631203],[150.300682,-33.630129],[150.303073,-33.628893],[150.304328,-33.628419],[150.306022,-33.627597],[150.307574,-33.626613],[150.30894,-33.6261],[150.308753,-33.62644],[150.311357,-33.627964],[150.311324,-33.628461],[150.307866,-33.630631],[150.307887,-33.631319],[150.30766,-33.631388],[150.307348,-33.631042],[150.306087,-33.63178],[150.306637,-33.632533],[150.306866,-33.632552],[150.307907,-33.632014],[150.307994,-33.634948],[150.308825,-33.636061],[150.307399,-33.636796],[150.305663,-33.636051],[150.304551,-33.636265],[150.304383,-33.637067],[150.304482,-33.637163],[150.303568,-33.63786],[150.303596,-33.638393],[150.303339,-33.638841],[150.30294,-33.638879],[150.302578,-33.639221],[150.301417,-33.639707],[150.301456,-33.639806],[150.301231,-33.639919],[150.300498,-33.639652],[150.29968,-33.640071],[150.299578,-33.640256],[150.297858,-33.641193],[150.296753,-33.641677],[150.297002,-33.642192],[150.297882,-33.642716],[150.30159,-33.642884],[150.302692,-33.642629],[150.304462,-33.641886],[150.305576,-33.641049],[150.305614,-33.64083],[150.305795,-33.640659],[150.3061,-33.640668],[150.306099,-33.641104],[150.30636,-33.641294],[150.309661,-33.640321],[150.310839,-33.640987],[150.310945,-33.640411],[150.31106,-33.640504],[150.311188,-33.639568],[150.311165,-33.638978],[150.311526,-33.638469],[150.312453,-33.639962],[150.313351,-33.640989],[150.314261,-33.642708],[150.314473,-33.642654],[150.315309,-33.643753],[150.315008,-33.643935],[150.313746,-33.644179],[150.313546,-33.644552],[150.313445,-33.644967],[150.31323,-33.645225],[150.312986,-33.645727],[150.312929,-33.646301],[150.3128,-33.646645],[150.312571,-33.646817],[150.312313,-33.647362],[150.312341,-33.647562],[150.312614,-33.647792],[150.312585,-33.648724],[150.314693,-33.649584],[150.315696,-33.650145],[150.316839,-33.650592],[150.318247,-33.650383],[150.318409,-33.65024],[150.318551,-33.649688],[150.318922,-33.649627],[150.31941,-33.650086],[150.319639,-33.649369],[150.319997,-33.649011],[150.320743,-33.648968],[150.321959,-33.648704],[150.322183,-33.648255],[150.322865,-33.647505],[150.323754,-33.647032],[150.323668,-33.64681],[150.325336,-33.646529],[150.324694,-33.646386],[150.324008,-33.64634],[150.324517,-33.645708],[150.32548,-33.646],[150.325738,-33.646461],[150.325294,-33.647],[150.323826,-33.647003],[150.32275,-33.647964],[150.322349,-33.648423],[150.32189,-33.64914],[150.321474,-33.649326],[150.321144,-33.649684],[150.3206,-33.649455],[150.320241,-33.649398],[150.319639,-33.649455],[150.319413,-33.650346],[150.318754,-33.651867],[150.318826,-33.652298],[150.320034,-33.653803],[150.320744,-33.653914],[150.321771,-33.653913],[150.322167,-33.654923],[150.322112,-33.655804],[150.322257,-33.656642],[150.323214,-33.658882],[150.322682,-33.660397],[150.322102,-33.661625],[150.322025,-33.662291],[150.322066,-33.663723],[150.322402,-33.664827],[150.32342,-33.665136],[150.324417,-33.665181],[150.325117,-33.665602],[150.327581,-33.666314],[150.327545,-33.666418],[150.328779,-33.666182],[150.328928,-33.666433],[150.328029,-33.667382],[150.327595,-33.668257],[150.327464,-33.668789],[150.327532,-33.669553],[150.327108,-33.669983],[150.326578,-33.670143],[150.324702,-33.670274],[150.324666,-33.670713],[150.325515,-33.673498],[150.325689,-33.673769],[150.326753,-33.674078],[150.327438,-33.674055],[150.327974,-33.674448],[150.32848,-33.674325],[150.329163,-33.673634],[150.329579,-33.672727],[150.330146,-33.67211],[150.330538,-33.671985],[150.331817,-33.67268],[150.332188,-33.673222],[150.332203,-33.673397],[150.33183,-33.673467],[150.331847,-33.673668],[150.331932,-33.67387],[150.332359,-33.67407],[150.332548,-33.674981],[150.332636,-33.676214],[150.332796,-33.676818],[150.334257,-33.677556],[150.335531,-33.678442],[150.336633,-33.678981],[150.337854,-33.679332],[150.339227,-33.679972],[150.340793,-33.681017],[150.341211,-33.681504],[150.3415,-33.682502],[150.342046,-33.683315],[150.342474,-33.684221],[150.343047,-33.684883],[150.343787,-33.685318],[150.345054,-33.685708],[150.345485,-33.686519],[150.346155,-33.68701],[150.346639,-33.686868],[150.347131,-33.686459],[150.348285,-33.686026],[150.348866,-33.685695],[150.3489,-33.685352],[150.34846,-33.684789],[150.347721,-33.684334],[150.347325,-33.683849],[150.34699,-33.682868],[150.346966,-33.682162],[150.347077,-33.681515],[150.347793,-33.679756],[150.347854,-33.678517],[150.34756,-33.67769],[150.347191,-33.677071],[150.346918,-33.674814],[150.346644,-33.674083],[150.346468,-33.674088],[150.346936,-33.674011],[150.346464,-33.672221],[150.345188,-33.670889],[150.34536,-33.670546],[150.346902,-33.670222],[150.347187,-33.669899],[150.347835,-33.669731],[150.349027,-33.670063],[150.351296,-33.670493],[150.352238,-33.670466],[150.352306,-33.67104],[150.353284,-33.670798],[150.353746,-33.671548],[150.355237,-33.671293],[150.356448,-33.67089],[150.357663,-33.668459],[150.357567,-33.66693],[150.358393,-33.666065],[150.359197,-33.664938],[150.361156,-33.665242],[150.361993,-33.66495],[150.362734,-33.664035],[150.363487,-33.662552],[150.363621,-33.662712],[150.363546,-33.664148],[150.364193,-33.664692],[150.363964,-33.666211],[150.364803,-33.666765],[150.365302,-33.666776],[150.36567,-33.666396],[150.366947,-33.666632],[150.368195,-33.666629],[150.369795,-33.666782],[150.370265,-33.665391],[150.370997,-33.665758],[150.371283,-33.666067],[150.371115,-33.666751],[150.370416,-33.667451],[150.370597,-33.668558],[150.370927,-33.66943],[150.371042,-33.670327],[150.371665,-33.670967],[150.372913,-33.670963],[150.374471,-33.671324],[150.376088,-33.670912],[150.377011,-33.67105],[150.379591,-33.670658],[150.380971,-33.671015],[150.38199,-33.67071],[150.383436,-33.670085],[150.383856,-33.66968],[150.384968,-33.669412],[150.385967,-33.66972],[150.38716,-33.670371],[150.389674,-33.669768],[150.390622,-33.669102],[150.391836,-33.669039],[150.392656,-33.668374],[150.395163,-33.667528],[150.395895,-33.667408],[150.396566,-33.667499],[150.39759,-33.667819],[150.399504,-33.667829],[150.400773,-33.66714],[150.401996,-33.667167],[150.404479,-33.666938],[150.406221,-33.667403],[150.406802,-33.667446],[150.410155,-33.667039],[150.410787,-33.666576],[150.411706,-33.666892],[150.411761,-33.666983],[150.411987,-33.666989],[150.413506,-33.666275],[150.414685,-33.665886],[150.41589,-33.666033],[150.418591,-33.666739],[150.419551,-33.666849],[150.419781,-33.666709],[150.421181,-33.666491],[150.422274,-33.666604],[150.423623,-33.667277],[150.42436,-33.667435],[150.424767,-33.667181],[150.424644,-33.667073],[150.424687,-33.666807],[150.423693,-33.665474],[150.421821,-33.664354],[150.423305,-33.66462],[150.423617,-33.66459],[150.424144,-33.665367],[150.42562,-33.665296],[150.42562,-33.666105],[150.426405,-33.666438],[150.428951,-33.6667],[150.42995,-33.6667],[150.430355,-33.666533],[150.430569,-33.666081],[150.431616,-33.666795],[150.432687,-33.667366],[150.435899,-33.666319],[150.436161,-33.665581],[150.435471,-33.664653],[150.435256,-33.66394],[150.435352,-33.662393],[150.435304,-33.661774],[150.435875,-33.661322],[150.436589,-33.660965],[150.437541,-33.660822],[150.437969,-33.660489],[150.438255,-33.659966],[150.43832,-33.659455],[150.440742,-33.658824],[150.441083,-33.6579],[150.44093,-33.656323],[150.439967,-33.656088],[150.439382,-33.655623],[150.438701,-33.655513],[150.437198,-33.65615],[150.436838,-33.655809],[150.434364,-33.655542],[150.433594,-33.656796],[150.432925,-33.656968],[150.431497,-33.65761],[150.430926,-33.657682],[150.43045,-33.657515],[150.429593,-33.656992],[150.429236,-33.657158],[150.427856,-33.657111],[150.427309,-33.657491],[150.426524,-33.65742],[150.426082,-33.658233],[150.424566,-33.657802],[150.426287,-33.656999],[150.426191,-33.656696],[150.428312,-33.656707],[150.429941,-33.656336],[150.429951,-33.655988],[150.430096,-33.655778],[150.43072,-33.65558],[150.431431,-33.65613],[150.432183,-33.655764],[150.432929,-33.655613],[150.434201,-33.655043],[150.434697,-33.654672],[150.435735,-33.654311],[150.436567,-33.654162],[150.43765,-33.654184],[150.437705,-33.654129],[150.439064,-33.654898],[150.439563,-33.654779],[150.439525,-33.65464],[150.441058,-33.654894],[150.442047,-33.655225],[150.443719,-33.655569],[150.443937,-33.654978],[150.443135,-33.654102],[150.441934,-33.653242],[150.440302,-33.652493],[150.438344,-33.652127],[150.437826,-33.651257],[150.437683,-33.650805],[150.43697,-33.650615],[150.436184,-33.650567],[150.435447,-33.650686],[150.434352,-33.650543],[150.432799,-33.650647],[150.432766,-33.650552],[150.430846,-33.650846],[150.430174,-33.651346],[150.430075,-33.651044],[150.429233,-33.650601],[150.428992,-33.650171],[150.429435,-33.649175],[150.429836,-33.649088],[150.430168,-33.649422],[150.431763,-33.649503],[150.433651,-33.649303],[150.434195,-33.648372],[150.436952,-33.647967],[150.438649,-33.647857],[150.439576,-33.651478],[150.440932,-33.651935],[150.442404,-33.651966],[150.443134,-33.652926],[150.443218,-33.651982],[150.443746,-33.651943],[150.444388,-33.652195],[150.444771,-33.651568],[150.44585,-33.651185],[150.446373,-33.65122],[150.447104,-33.650488],[150.447452,-33.649513],[150.44874,-33.649026],[150.449611,-33.6492],[150.450934,-33.649931],[150.452118,-33.650279],[150.453302,-33.649931],[150.454068,-33.648782],[150.455043,-33.648364],[150.456122,-33.64826],[150.457132,-33.647215],[150.458663,-33.64696],[150.459651,-33.647067],[150.461045,-33.647573],[150.462016,-33.647785],[150.463494,-33.647911],[150.464043,-33.646982],[150.464549,-33.645209],[150.465436,-33.644956],[150.468138,-33.644829],[150.468645,-33.644364],[150.468223,-33.642549],[150.467674,-33.641873],[150.467758,-33.640395],[150.467706,-33.639873],[150.469983,-33.637406],[150.47141,-33.63674],[150.472743,-33.635883],[150.472457,-33.634646],[150.471981,-33.633123],[150.472648,-33.631695],[150.474742,-33.63141],[150.476169,-33.630553],[150.476455,-33.628745],[150.477978,-33.627222],[150.480643,-33.625889],[150.484926,-33.622558],[150.48702,-33.622177],[150.487876,-33.623034],[150.489589,-33.62332],[150.492445,-33.62332],[150.494919,-33.623605],[150.497299,-33.622939],[150.499869,-33.621797],[150.502724,-33.620179],[150.503866,-33.619132],[150.506912,-33.618085],[150.508816,-33.617038],[150.51129,-33.616086],[150.513099,-33.614944],[150.514431,-33.613326],[150.515573,-33.612374],[150.517667,-33.61304],[150.518904,-33.61285],[150.520998,-33.611517],[150.523568,-33.611422],[150.524805,-33.611708],[150.525281,-33.61266],[150.524901,-33.614849],[150.525091,-33.616372],[150.524425,-33.619037],[150.524805,-33.621416],[150.527185,-33.621702],[150.528993,-33.62075],[150.531278,-33.620464],[150.5328,-33.619893],[150.53261,-33.618846],[150.531944,-33.617799],[150.530135,-33.617038],[150.528708,-33.615896],[150.528137,-33.612945],[150.528042,-33.611517],[150.528517,-33.61009],[150.529312,-33.609997],[150.530209,-33.610316],[150.531087,-33.610133],[150.531779,-33.609846],[150.53242,-33.609233],[150.533181,-33.608281],[150.532229,-33.606854],[150.530707,-33.605997],[150.530516,-33.604665],[150.531278,-33.602761],[150.53261,-33.601238],[150.534799,-33.59943],[150.539558,-33.597717],[150.54032,-33.59667],[150.540224,-33.59429],[150.541747,-33.591911],[150.543365,-33.590198],[150.545935,-33.590483],[150.547172,-33.591911],[150.54565,-33.595908],[150.546697,-33.597241],[150.549742,-33.597812],[150.552122,-33.597526],[150.552978,-33.59667],[150.554501,-33.5941],[150.556024,-33.593243],[150.559926,-33.592196],[150.560878,-33.593338],[150.562306,-33.59172],[150.562877,-33.590293],[150.562115,-33.585248],[150.561354,-33.582107],[150.561164,-33.578871],[150.561925,-33.576968],[150.562401,-33.57554],[150.561164,-33.573446],[150.558308,-33.571543],[150.55669,-33.571638],[150.554692,-33.572399],[150.551931,-33.573065],[150.550123,-33.573065],[150.548124,-33.572209],[150.546792,-33.571162],[150.546316,-33.569924],[150.547648,-33.566403],[150.547077,-33.564975],[150.544222,-33.563643],[150.541938,-33.563167],[150.541462,-33.561644],[150.540795,-33.560121],[150.538226,-33.560407],[150.537655,-33.562215],[150.535941,-33.562501],[150.535465,-33.565261],[150.533752,-33.567164],[150.532039,-33.568782],[150.529374,-33.569449],[150.52433,-33.569449],[150.522616,-33.570686],[150.520998,-33.572304],[150.518619,-33.575159],[150.516049,-33.577824],[150.515288,-33.581822],[150.513765,-33.582203],[150.511671,-33.582583],[150.510529,-33.582583],[150.506055,-33.581536],[150.502343,-33.58106],[150.497965,-33.580299],[150.495776,-33.581631],[150.492445,-33.582107],[150.489399,-33.583249],[150.48721,-33.582488],[150.485497,-33.580394],[150.483022,-33.579918],[150.479881,-33.580965],[150.478263,-33.581917],[150.475693,-33.583249],[150.469888,-33.584201],[150.467413,-33.58476],[150.466902,-33.584589],[150.466487,-33.584227],[150.466066,-33.58431],[150.465479,-33.584268],[150.457521,-33.58693],[150.457294,-33.587282],[150.458911,-33.589133],[150.458766,-33.591239],[150.454238,-33.592225],[150.45329,-33.594258],[150.451602,-33.594878],[150.447808,-33.594218],[150.445845,-33.596566],[150.443143,-33.59664],[150.441835,-33.597354],[150.441215,-33.597448],[150.440194,-33.598059],[150.44011,-33.598826],[150.438517,-33.598966],[150.435338,-33.599435],[150.432707,-33.599317],[150.430901,-33.599844],[150.42971,-33.601501],[150.428025,-33.602217],[150.426181,-33.60179],[150.424992,-33.602007],[150.424987,-33.601923],[150.424904,-33.601931],[150.423733,-33.602657],[150.420979,-33.603783],[150.420185,-33.603663],[150.419111,-33.603731],[150.418172,-33.604789],[150.417208,-33.604858],[150.416435,-33.605102],[150.415366,-33.605763],[150.414868,-33.606581],[150.412406,-33.606167],[150.409706,-33.606294],[150.407813,-33.606601],[150.405953,-33.607633],[150.405209,-33.608202],[150.404626,-33.608397],[150.403354,-33.609725],[150.402424,-33.610497],[150.399598,-33.612048],[150.399434,-33.612329],[150.399258,-33.612394],[150.398458,-33.613651],[150.398695,-33.613596],[150.398554,-33.613838],[150.3983,-33.61372],[150.398177,-33.613815],[150.397684,-33.615095],[150.394653,-33.616319],[150.393374,-33.617616],[150.391789,-33.61769],[150.390388,-33.617374],[150.38545,-33.619417],[150.384513,-33.619289],[150.38275,-33.618214],[150.3812,-33.618539],[150.380429,-33.618595],[150.377736,-33.617106],[150.376109,-33.617179],[150.374778,-33.617365],[150.373959,-33.616553],[150.370049,-33.613261],[150.366811,-33.613546],[150.365106,-33.613367],[150.36377,-33.612301],[150.363078,-33.611141],[150.363565,-33.609183],[150.362092,-33.607005],[150.362374,-33.606188],[150.362356,-33.60536],[150.362209,-33.604723],[150.361856,-33.604492],[150.361624,-33.602686],[150.361435,-33.602842],[150.36123,-33.601245],[150.360935,-33.601045],[150.361482,-33.600249],[150.362019,-33.600051],[150.362067,-33.599901],[150.361929,-33.598173],[150.361606,-33.597056],[150.361078,-33.597151],[150.360362,-33.5964],[150.360254,-33.59599],[150.359728,-33.595152],[150.359087,-33.594524],[150.358329,-33.593254],[150.35794,-33.592774],[150.357373,-33.592522],[150.356504,-33.592586],[150.35627,-33.592439],[150.35543,-33.592455],[150.355116,-33.592308],[150.354462,-33.591345],[150.353629,-33.591067],[150.353306,-33.591059],[150.352179,-33.591448],[150.350952,-33.591491],[150.349311,-33.591303],[150.348099,-33.591077],[150.347474,-33.590862],[150.347091,-33.590511],[150.346922,-33.590232],[150.346849,-33.589846],[150.346078,-33.589041],[150.345667,-33.588768],[150.345042,-33.587752],[150.344688,-33.587349],[150.342666,-33.586842],[150.342244,-33.586356],[150.341766,-33.585956],[150.34089,-33.584818],[150.340225,-33.584345],[150.339802,-33.583763],[150.339514,-33.583513],[150.338525,-33.583436],[150.337707,-33.583019],[150.336463,-33.582743],[150.336117,-33.582571],[150.335824,-33.582166],[150.335687,-33.581808],[150.335654,-33.580932],[150.335521,-33.580707],[150.333505,-33.58037],[150.332506,-33.580061],[150.331918,-33.579999],[150.331361,-33.580049],[150.329561,-33.580449],[150.329006,-33.580438],[150.328322,-33.580302],[150.327477,-33.579963],[150.326564,-33.579471],[150.325321,-33.57842],[150.324805,-33.577815],[150.324453,-33.577538],[150.323785,-33.577349],[150.321651,-33.578266],[150.320706,-33.577924],[150.319784,-33.577948],[150.318992,-33.577402],[150.317558,-33.575349],[150.317208,-33.574275],[150.317183,-33.573604],[150.316969,-33.572836],[150.316645,-33.572431],[150.31617,-33.572083],[150.31606,-33.571647],[150.315738,-33.571268],[150.315262,-33.570919],[150.314858,-33.570827],[150.314159,-33.570278],[150.313837,-33.569925],[150.313579,-33.569622],[150.3135,-33.56916],[150.313001,-33.568192],[150.312362,-33.567615],[150.310796,-33.56696],[150.310445,-33.56666],[150.310113,-33.566023],[150.309723,-33.565492],[150.308901,-33.564972],[150.308246,-33.564757],[150.307586,-33.564413],[150.30609,-33.563988],[150.305833,-33.563711],[150.305924,-33.563683],[150.305592,-33.562246],[150.304513,-33.560597],[150.303907,-33.559245],[150.303798,-33.558809],[150.304172,-33.558103],[150.304059,-33.556764],[150.304733,-33.556642],[150.304991,-33.556119],[150.305034,-33.555628],[150.304557,-33.555253],[150.30459,-33.554504],[150.304336,-33.554304],[150.304198,-33.553895],[150.3054,-33.553089],[150.305874,-33.552586],[150.306165,-33.552114],[150.306123,-33.551831],[150.30562,-33.55076],[150.304993,-33.550467],[150.304912,-33.549953],[150.304012,-33.547344],[150.303608,-33.546452],[150.303009,-33.546106],[150.301135,-33.544633],[150.300821,-33.544461],[150.300294,-33.544397],[150.299305,-33.544076],[150.298254,-33.544245],[150.297318,-33.543934],[150.296488,-33.544008],[150.295826,-33.543612],[150.294765,-33.543253],[150.292655,-33.542896],[150.292496,-33.542745],[150.290837,-33.542066],[150.290329,-33.541693],[150.290146,-33.541723],[150.289523,-33.541559],[150.289483,-33.541328],[150.289388,-33.541253],[150.288,-33.541212],[150.28747,-33.541071],[150.287148,-33.540693],[150.286924,-33.53964],[150.28673,-33.539413],[150.285912,-33.53897],[150.285163,-33.538732],[150.28444,-33.538338],[150.283329,-33.53749],[150.281988,-33.53627],[150.281765,-33.533916],[150.281859,-33.532846],[150.281673,-33.532345],[150.281373,-33.532219],[150.281137,-33.532225],[150.28001,-33.532613],[150.279907,-33.532471],[150.2797,-33.53251],[150.279123,-33.532328],[150.278869,-33.531829],[150.278523,-33.531529],[150.277405,-33.53125],[150.276833,-33.531208],[150.27689,-33.529702],[150.277207,-33.529448],[150.277089,-33.529025],[150.274662,-33.52677],[150.274124,-33.527013],[150.274195,-33.527461],[150.27379,-33.528271],[150.27367,-33.528257],[150.273212,-33.52855],[150.272704,-33.529322],[150.271852,-33.52985],[150.270264,-33.530454],[150.268927,-33.530573],[150.268587,-33.53047],[150.268084,-33.529556],[150.26767,-33.529258],[150.266144,-33.52882],[150.265758,-33.528598],[150.265629,-33.528103],[150.265059,-33.527533],[150.264947,-33.527306],[150.264536,-33.527064],[150.263987,-33.526961],[150.26249,-33.525607],[150.259611,-33.525017],[150.255409,-33.522413]],[[150.330584,-33.631335],[150.329313,-33.627877],[150.329793,-33.628587],[150.330786,-33.629696],[150.334024,-33.631197],[150.334911,-33.633506],[150.335887,-33.634505],[150.335716,-33.638283],[150.33597,-33.639272],[150.337731,-33.638833],[150.338503,-33.639208],[150.339725,-33.640039],[150.341431,-33.640225],[150.343565,-33.639227],[150.344188,-33.641],[150.344946,-33.641851],[150.345819,-33.642436],[150.347236,-33.642735],[150.348564,-33.642436],[150.349225,-33.641794],[150.349458,-33.642335],[150.350898,-33.643052],[150.352396,-33.643025],[150.352665,-33.642404],[150.352442,-33.641535],[150.350821,-33.639741],[150.348704,-33.639039],[150.347091,-33.63817],[150.346601,-33.636698],[150.346511,-33.636604],[150.346937,-33.636399],[150.347312,-33.635319],[150.347119,-33.632681],[150.347908,-33.631496],[150.350713,-33.631556],[150.351454,-33.634148],[150.353424,-33.634649],[150.357442,-33.635307],[150.358782,-33.636252],[150.359908,-33.637478],[150.361221,-33.637567],[150.361026,-33.637767],[150.360294,-33.637737],[150.358894,-33.638035],[150.357216,-33.639281],[150.35848,-33.639934],[150.357378,-33.642147],[150.354262,-33.64381],[150.353234,-33.643609],[150.352779,-33.644494],[150.351458,-33.644555],[150.35102,-33.647229],[150.351711,-33.64793],[150.350483,-33.649603],[150.351296,-33.649859],[150.353609,-33.649998],[150.355844,-33.650344],[150.35676,-33.650722],[150.357177,-33.652073],[150.355338,-33.651472],[150.353971,-33.651406],[150.353188,-33.651819],[150.352901,-33.652815],[150.352541,-33.65338],[150.351292,-33.653639],[150.35076,-33.654272],[150.349796,-33.655002],[150.349943,-33.655793],[150.350889,-33.65703],[150.350563,-33.657881],[150.350738,-33.658499],[150.35027,-33.658624],[150.350158,-33.658553],[150.350453,-33.657307],[150.349868,-33.656829],[150.348595,-33.657875],[150.346171,-33.658789],[150.346531,-33.65962],[150.347109,-33.660312],[150.347043,-33.661062],[150.344727,-33.662622],[150.344655,-33.662904],[150.343951,-33.663788],[150.343094,-33.662799],[150.342885,-33.662361],[150.342555,-33.66194],[150.344016,-33.66207],[150.345179,-33.661845],[150.34584,-33.661215],[150.346248,-33.660472],[150.345541,-33.660038],[150.345674,-33.659712],[150.345534,-33.659236],[150.3457,-33.658815],[150.346278,-33.658111],[150.347749,-33.657571],[150.348541,-33.656872],[150.349579,-33.656501],[150.348757,-33.65541],[150.348383,-33.653648],[150.34857,-33.652877],[150.349314,-33.652902],[150.350063,-33.652331],[150.349868,-33.652219],[150.350276,-33.652001],[150.349593,-33.651003],[150.347961,-33.649596],[150.347483,-33.6489],[150.346687,-33.648137],[150.34606,-33.647647],[150.344996,-33.647475],[150.344349,-33.646477],[150.343065,-33.645346],[150.342388,-33.645332],[150.341095,-33.645632],[150.339394,-33.645297],[150.338586,-33.644922],[150.33726,-33.643969],[150.337937,-33.642821],[150.337385,-33.642242],[150.335957,-33.641138],[150.334092,-33.640352],[150.33201,-33.639748],[150.333503,-33.638376],[150.333245,-33.637505],[150.332376,-33.636801],[150.331756,-33.636102],[150.331232,-33.635732],[150.331182,-33.635046],[150.331392,-33.634036],[150.330742,-33.633128],[150.330584,-33.631335]],[[150.277293,-33.596593],[150.277009,-33.595057],[150.278693,-33.594738],[150.278103,-33.597452],[150.277557,-33.597576],[150.277024,-33.598299],[150.277683,-33.598667],[150.277281,-33.599831],[150.276492,-33.600457],[150.275681,-33.599962],[150.274641,-33.600039],[150.274351,-33.59874],[150.274335,-33.597452],[150.274788,-33.596704],[150.274914,-33.596926],[150.277293,-33.596593]],[[150.353541,-33.658446],[150.354505,-33.657715],[150.355009,-33.658012],[150.355117,-33.658695],[150.355519,-33.659526],[150.35597,-33.66018],[150.356686,-33.660553],[150.35881,-33.660996],[150.358223,-33.66129],[150.355558,-33.661066],[150.354447,-33.659611],[150.353561,-33.659198],[150.352592,-33.660108],[150.352395,-33.659982],[150.352266,-33.659654],[150.353541,-33.658446]],[[150.288427,-33.576151],[150.28847,-33.576047],[150.288588,-33.576103],[150.289063,-33.576953],[150.289635,-33.577614],[150.28985,-33.577724],[150.289524,-33.578734],[150.291048,-33.579367],[150.291003,-33.579554],[150.28813,-33.57932],[150.28813,-33.579125],[150.287356,-33.579095],[150.287535,-33.578381],[150.287951,-33.578024],[150.287773,-33.576954],[150.288427,-33.576151]],[[150.285546,-33.600994],[150.288222,-33.601057],[150.288267,-33.60196],[150.288027,-33.60184],[150.286847,-33.601897],[150.285546,-33.600994]],[[150.267166,-33.591569],[150.269299,-33.588109],[150.269461,-33.588368],[150.268528,-33.589626],[150.268395,-33.589664],[150.267055,-33.591953],[150.267166,-33.591569]],[[150.264964,-33.594583],[150.266502,-33.593971],[150.26649,-33.594035],[150.266647,-33.594086],[150.265085,-33.594716],[150.264964,-33.594583]],[[150.296215,-33.618125],[150.296615,-33.618003],[150.296668,-33.618092],[150.296563,-33.618231],[150.296215,-33.618125]]]},"properties":{"OBJECTID":32160,"FireType":1,"FireName":"Grose Valley","FireNo":"19122065204","FireYear":201920,"Label":"2019-20 Wildfire","StartDate":1576800000000,"EndDate":1580774400000,"Intensity":9999,"AreaHa":19895.55267512,"PerimeterM":170346.84205145,"OFHObjMet":null,"ObjNotMet":null,"NPWSBranch":"BMTN","NPWSArea":"UPMT","VerDate":1788739200000,"Shape.STArea()":0.01932759675208433,"Shape.STLength()":1.6994176477448024}},{"type":"Feature","id":32781,"geometry":{"type":"Polygon","coordinates":[[[150.526889,-32.755125],[150.523546,-32.749935],[150.518542,-32.747526],[150.512458,-32.749129],[150.505026,-32.750654],[150.497829,-32.750977],[150.497653,-32.752609],[150.49748,-32.752714],[150.497116,-32.755288],[150.49484,-32.759111],[150.495016,-32.763549],[150.490163,-32.766343],[150.486999,-32.766694],[150.486445,-32.767834],[150.486043,-32.767983],[150.484962,-32.769973],[150.484723,-32.771049],[150.481727,-32.772277],[150.478614,-32.773164],[150.474159,-32.772726],[150.474094,-32.772912],[150.473395,-32.773634],[150.47325,-32.773538],[150.469694,-32.777934],[150.464952,-32.780801],[150.466662,-32.783145],[150.466783,-32.786218],[150.465664,-32.788641],[150.463818,-32.793136],[150.46183,-32.793345],[150.461793,-32.793463],[150.455114,-32.793752],[150.451128,-32.792878],[150.448672,-32.792534],[150.446484,-32.791985],[150.441736,-32.793784],[150.44138,-32.793844],[150.440998,-32.794109],[150.44005,-32.79585],[150.435293,-32.798375],[150.435062,-32.802824],[150.431974,-32.806669],[150.431245,-32.80874],[150.427309,-32.811583],[150.426074,-32.813623],[150.425729,-32.813883],[150.425393,-32.814371],[150.425108,-32.817454],[150.422094,-32.819097],[150.422059,-32.819196],[150.41281,-32.822642],[150.402006,-32.824971],[150.391702,-32.825612],[150.391242,-32.826456],[150.391137,-32.826469],[150.39034,-32.829007],[150.390067,-32.832432],[150.38862,-32.836915],[150.387447,-32.837972],[150.387297,-32.837976],[150.387275,-32.838086],[150.383042,-32.838273],[150.382325,-32.838404],[150.382031,-32.838736],[150.382166,-32.839649],[150.380241,-32.850077],[150.37027,-32.851769],[150.362616,-32.853165],[150.362631,-32.853544],[150.362483,-32.853578],[150.36185,-32.856783],[150.362006,-32.86088],[150.36369,-32.862543],[150.363794,-32.865274],[150.360662,-32.868093],[150.357812,-32.868228],[150.35505,-32.869613],[150.351375,-32.870194],[150.346365,-32.868823],[150.343674,-32.868964],[150.343605,-32.869447],[150.34369,-32.870105],[150.343043,-32.873355],[150.33957,-32.877892],[150.339674,-32.880623],[150.340208,-32.884026],[150.34437,-32.88699],[150.341211,-32.889125],[150.334423,-32.891701],[150.329583,-32.892882],[150.322087,-32.893084],[150.323397,-32.894234],[150.32651,-32.896698],[150.327435,-32.899749],[150.32195,-32.904681],[150.31798,-32.906838],[150.315481,-32.906413],[150.315421,-32.906459],[150.311374,-32.905675],[150.308281,-32.906602],[150.306181,-32.907743],[150.30538,-32.908224],[150.305112,-32.908508],[150.304554,-32.908611],[150.296695,-32.911849],[150.294434,-32.911748],[150.294278,-32.911908],[150.292344,-32.911797],[150.289221,-32.909764],[150.289045,-32.909447],[150.288309,-32.908917],[150.287857,-32.908875],[150.287409,-32.908583],[150.2871,-32.908805],[150.286823,-32.90878],[150.285665,-32.909408],[150.28402,-32.913384],[150.283408,-32.913344],[150.283532,-32.916178],[150.282896,-32.917952],[150.284268,-32.917994],[150.284212,-32.918276],[150.282765,-32.918231],[150.282438,-32.918923],[150.281833,-32.919407],[150.281752,-32.919356],[150.281683,-32.919411],[150.279735,-32.918135],[150.274907,-32.917983],[150.274683,-32.917735],[150.276428,-32.91779],[150.274855,-32.916504],[150.275315,-32.913524],[150.25526,-32.910401],[150.252581,-32.905571],[150.246789,-32.904529],[150.245699,-32.904876],[150.243779,-32.904678],[150.242375,-32.905013],[150.240778,-32.904906],[150.23864,-32.904514],[150.237104,-32.903162],[150.236867,-32.903366],[150.236574,-32.902975],[150.236255,-32.902907],[150.235376,-32.903012],[150.235075,-32.903861],[150.234235,-32.905077],[150.234022,-32.905805],[150.232381,-32.907213],[150.232249,-32.907194],[150.231493,-32.907538],[150.230797,-32.906986],[150.230579,-32.906954],[150.229305,-32.905803],[150.229015,-32.904509],[150.229046,-32.90357],[150.228831,-32.90253],[150.228225,-32.901859],[150.227673,-32.901554],[150.226671,-32.901542],[150.224265,-32.901285],[150.213268,-32.898113],[150.212215,-32.898869],[150.21216,-32.898803],[150.211194,-32.899406],[150.208011,-32.899488],[150.205868,-32.898946],[150.202464,-32.89784],[150.19382,-32.893733],[150.192909,-32.89301],[150.192855,-32.891518],[150.192115,-32.890641],[150.190432,-32.888146],[150.18734,-32.885837],[150.185004,-32.884852],[150.183375,-32.883849],[150.181783,-32.88389],[150.180181,-32.883632],[150.17514,-32.881223],[150.173179,-32.880826],[150.171234,-32.880875],[150.16788,-32.881111],[150.165802,-32.882358],[150.162625,-32.887516],[150.161992,-32.889623],[150.161644,-32.889781],[150.157818,-32.888183],[150.157369,-32.886847],[150.15722,-32.886225],[150.157375,-32.885575],[150.158749,-32.883137],[150.158915,-32.882459],[150.158978,-32.881774],[150.158606,-32.879577],[150.158718,-32.878793],[150.158875,-32.878427],[150.158648,-32.877325],[150.159397,-32.876995],[150.159533,-32.875985],[150.159503,-32.873636],[150.159722,-32.87242],[150.160113,-32.871882],[150.16051,-32.870827],[150.162453,-32.869726],[150.163577,-32.869652],[150.166205,-32.867997],[150.156183,-32.869123],[150.156794,-32.872118],[150.154963,-32.885197],[150.155021,-32.88947],[150.153667,-32.889128],[150.151942,-32.890366],[150.153056,-32.891831],[150.155059,-32.892259],[150.155068,-32.892952],[150.153207,-32.895892],[150.150935,-32.900611],[150.152138,-32.907198],[150.155613,-32.909066],[150.161532,-32.914087],[150.161899,-32.914099],[150.161968,-32.914364],[150.161401,-32.914346],[150.164113,-32.917986],[150.165012,-32.923075],[150.154718,-32.924332],[150.152197,-32.925766],[150.151727,-32.926363],[150.151454,-32.926214],[150.146469,-32.925445],[150.141056,-32.922596],[150.134915,-32.919168],[150.132835,-32.920415],[150.132202,-32.922522],[150.134484,-32.926943],[150.139522,-32.929205],[150.144496,-32.929676],[150.148388,-32.929577],[150.152772,-32.933348],[150.154917,-32.93601],[150.155043,-32.936267],[150.155148,-32.936296],[150.155366,-32.936566],[150.159687,-32.938547],[150.162378,-32.944451],[150.165273,-32.946168],[150.169937,-32.947841],[150.176134,-32.949474],[150.173258,-32.952782],[150.176048,-32.954038],[150.176972,-32.954115],[150.174431,-32.954594],[150.172694,-32.955535],[150.172251,-32.956933],[150.166951,-32.957533],[150.165991,-32.956303],[150.163192,-32.957271],[150.161788,-32.957605],[150.160104,-32.960037],[150.159117,-32.962153],[150.156586,-32.960724],[150.15678,-32.95624],[150.152791,-32.953654],[150.145734,-32.95443],[150.139718,-32.954583],[150.137132,-32.961517],[150.136123,-32.963036],[150.136155,-32.963931],[150.140562,-32.968299],[150.14305,-32.968534],[150.145559,-32.969366],[150.146803,-32.974411],[150.149,-32.97665],[150.150485,-32.979101],[150.155023,-32.980994],[150.158196,-32.981364],[150.162065,-32.982049],[150.166222,-32.984827],[150.170064,-32.986405],[150.171421,-32.988225],[150.173074,-32.99184],[150.174681,-32.996946],[150.177565,-32.998472],[150.18155,-33.00596],[150.188165,-33.012306],[150.193806,-33.015456],[150.196738,-33.019149],[150.202985,-33.020196],[150.206876,-33.019979],[150.207299,-33.020641],[150.211195,-33.02054],[150.217025,-33.024869],[150.222111,-33.024484],[150.222922,-33.025176],[150.225229,-33.025983],[150.225584,-33.025257],[150.228059,-33.026075],[150.229475,-33.026038],[150.233528,-33.020557],[150.235112,-33.015439],[150.229659,-33.008361],[150.229765,-33.007191],[150.229482,-33.004766],[150.223836,-33.001769],[150.221989,-33.001496],[150.221828,-33.001152],[150.211386,-32.996645],[150.19674,-32.99344],[150.191988,-32.991588],[150.19122,-32.988672],[150.189938,-32.984469],[150.19115,-32.979725],[150.193562,-32.977798],[150.193699,-32.97799],[150.20213,-32.979082],[150.204444,-32.982666],[150.205965,-32.984704],[150.210424,-32.986903],[150.214455,-32.988329],[150.219183,-32.989198],[150.222929,-32.9889],[150.225127,-32.987422],[150.227398,-32.987186],[150.22888,-32.987219],[150.2304,-32.98897],[150.237082,-32.99618],[150.246328,-32.997434],[150.250547,-32.996477],[150.252625,-32.991561],[150.251831,-32.988024],[150.252778,-32.985113],[150.251399,-32.983589],[150.252378,-32.98125],[150.251457,-32.978142],[150.251297,-32.973804],[150.248775,-32.972675],[150.247713,-32.972703],[150.24444,-32.9704],[150.243082,-32.970743],[150.241742,-32.968329],[150.240486,-32.967935],[150.24049,-32.967861],[150.240814,-32.967472],[150.240807,-32.967647],[150.257238,-32.963429],[150.259068,-32.970148],[150.26173,-32.971924],[150.262338,-32.974228],[150.263399,-32.976541],[150.263781,-32.97884],[150.262155,-32.98014],[150.262508,-32.983392],[150.26336,-32.985128],[150.263766,-32.986664],[150.263933,-32.988576],[150.26439,-32.990483],[150.26419,-32.990523],[150.264243,-32.991955],[150.264636,-32.992266],[150.264709,-32.992792],[150.265349,-32.992831],[150.264711,-32.992808],[150.272383,-33.000975],[150.27049,-33.003605],[150.269676,-33.007977],[150.269546,-33.012173],[150.271119,-33.012589],[150.274538,-33.0119],[150.275873,-33.012693],[150.276493,-33.014615],[150.276712,-33.017109],[150.27338,-33.018664],[150.270786,-33.02136],[150.270856,-33.023222],[150.268717,-33.024449],[150.269345,-33.025316],[150.268306,-33.027506],[150.264254,-33.031041],[150.259357,-33.034371],[150.254337,-33.038971],[150.24923,-33.041995],[150.24728,-33.044507],[150.245978,-33.047647],[150.246346,-33.050719],[150.249217,-33.052388],[150.250041,-33.054732],[150.249077,-33.060897],[150.24487,-33.069894],[150.244586,-33.071793],[150.244672,-33.073005],[150.245527,-33.073867],[150.244838,-33.074434],[150.244591,-33.073828],[150.243765,-33.073794],[150.243439,-33.074184],[150.241906,-33.074177],[150.240669,-33.074496],[150.239927,-33.075136],[150.237925,-33.075475],[150.236138,-33.075498],[150.233592,-33.07726],[150.23399,-33.078062],[150.232973,-33.078949],[150.233237,-33.080734],[150.231666,-33.08584],[150.235452,-33.090017],[150.238401,-33.093022],[150.240193,-33.097754],[150.242555,-33.09946],[150.248429,-33.101719],[150.252063,-33.10559],[150.254,-33.108071],[150.258291,-33.107433],[150.261386,-33.106683],[150.261248,-33.106018],[150.273628,-33.103064],[150.273741,-33.108576],[150.274457,-33.110201],[150.273596,-33.109826],[150.273602,-33.11106],[150.274591,-33.111099],[150.273602,-33.111066],[150.273606,-33.111936],[150.273916,-33.112551],[150.275919,-33.113776],[150.27644,-33.114825],[150.279336,-33.114674],[150.280543,-33.114128],[150.282409,-33.112916],[150.283963,-33.112306],[150.2852,-33.112215],[150.285681,-33.112987],[150.287708,-33.113425],[150.289797,-33.114651],[150.29196,-33.115422],[150.291893,-33.115646],[150.293316,-33.116178],[150.293253,-33.116368],[150.300087,-33.118348],[150.303081,-33.12056],[150.308819,-33.123276],[150.287796,-33.124728],[150.281445,-33.128406],[150.27345,-33.136775],[150.270765,-33.136392],[150.270552,-33.136094],[150.270656,-33.135402],[150.270257,-33.133487],[150.269524,-33.133155],[150.267208,-33.133237],[150.265148,-33.133055],[150.257817,-33.132109],[150.255408,-33.131519],[150.254391,-33.130521],[150.253107,-33.130229],[150.252334,-33.129784],[150.252183,-33.129549],[150.252041,-33.128764],[150.252082,-33.128189],[150.251862,-33.127765],[150.249821,-33.126314],[150.246573,-33.12682],[150.245525,-33.126765],[150.245173,-33.12579],[150.243952,-33.125761],[150.243536,-33.12602],[150.243133,-33.126656],[150.241152,-33.126087],[150.240525,-33.125243],[150.239496,-33.124585],[150.23891,-33.124655],[150.237473,-33.125573],[150.234727,-33.12647],[150.231377,-33.127795],[150.228454,-33.129191],[150.227668,-33.130064],[150.226736,-33.131381],[150.226749,-33.131456],[150.226567,-33.131602],[150.225243,-33.134337],[150.224964,-33.136017],[150.222909,-33.1365],[150.222204,-33.137402],[150.217211,-33.138496],[150.215427,-33.140033],[150.213122,-33.140712],[150.212529,-33.142115],[150.210851,-33.142236],[150.209453,-33.142539],[150.208676,-33.143319],[150.205744,-33.143609],[150.204603,-33.144097],[150.203226,-33.143732],[150.202327,-33.143353],[150.201001,-33.143111],[150.199964,-33.143496],[150.200797,-33.145314],[150.198746,-33.147469],[150.198157,-33.147676],[150.197487,-33.147215],[150.195214,-33.147202],[150.195674,-33.148122],[150.196806,-33.149574],[150.195827,-33.150172],[150.193669,-33.150801],[150.192828,-33.150298],[150.190501,-33.150357],[150.18984,-33.151712],[150.188578,-33.152151],[150.187013,-33.152071],[150.187134,-33.151495],[150.185587,-33.151105],[150.1839,-33.150813],[150.181841,-33.151201],[150.17974,-33.152018],[150.17867,-33.152261],[150.179018,-33.153232],[150.1796,-33.154412],[150.181315,-33.154702],[150.181833,-33.155233],[150.181939,-33.156239],[150.181097,-33.157312],[150.180457,-33.158451],[150.180465,-33.160266],[150.181841,-33.161378],[150.181587,-33.163009],[150.180547,-33.163298],[150.178995,-33.163447],[150.176508,-33.162536],[150.175556,-33.162618],[150.175396,-33.165718],[150.17667,-33.167259],[150.176375,-33.168273],[150.176507,-33.170047],[150.177064,-33.172269],[150.177402,-33.177822],[150.177222,-33.179173],[150.177059,-33.179177],[150.176825,-33.179386],[150.176335,-33.179531],[150.174945,-33.179643],[150.17462,-33.179514],[150.174375,-33.179759],[150.173696,-33.180015],[150.172642,-33.180245],[150.172426,-33.180139],[150.172629,-33.180073],[150.172603,-33.180002],[150.172343,-33.180009],[150.172266,-33.179879],[150.171864,-33.180102],[150.171851,-33.180245],[150.171974,-33.180313],[150.171962,-33.180151],[150.172175,-33.180033],[150.172328,-33.180258],[150.172643,-33.180448],[150.172692,-33.180812],[150.172044,-33.181098],[150.171899,-33.181081],[150.171878,-33.180996],[150.171852,-33.181108],[150.171511,-33.181041],[150.171438,-33.181352],[150.171336,-33.181375],[150.171247,-33.18125],[150.170648,-33.181215],[150.170484,-33.181036],[150.170487,-33.180787],[150.170348,-33.180766],[150.170271,-33.180636],[150.170287,-33.180935],[150.170099,-33.181224],[150.170092,-33.181366],[150.169905,-33.181203],[150.169756,-33.181278],[150.169874,-33.181372],[150.169748,-33.181558],[150.169888,-33.181717],[150.169755,-33.181735],[150.16977,-33.181848],[150.169605,-33.182015],[150.169875,-33.182538],[150.169685,-33.182468],[150.169593,-33.182526],[150.169546,-33.182354],[150.169364,-33.182289],[150.169263,-33.182409],[150.169082,-33.182448],[150.168656,-33.182168],[150.16853,-33.181834],[150.168552,-33.181354],[150.168488,-33.181101],[150.168164,-33.181134],[150.167923,-33.180991],[150.167598,-33.181],[150.167047,-33.181262],[150.166011,-33.181189],[150.165584,-33.180828],[150.165422,-33.180434],[150.16436,-33.180462],[150.164273,-33.181273],[150.164062,-33.181254],[150.163772,-33.182165],[150.164052,-33.182555],[150.163854,-33.182783],[150.16322,-33.183222],[150.163026,-33.183574],[150.163454,-33.183985],[150.162106,-33.184268],[150.16166,-33.184999],[150.16142,-33.184906],[150.159772,-33.185047],[150.159065,-33.184696],[150.158739,-33.184254],[150.158222,-33.183821],[150.157959,-33.183902],[150.157618,-33.184283],[150.156472,-33.184411],[150.156224,-33.185041],[150.15597,-33.185243],[150.155388,-33.185482],[150.155364,-33.18645],[150.155569,-33.18724],[150.154802,-33.187259],[150.154487,-33.187516],[150.154692,-33.188305],[150.154257,-33.188514],[150.153809,-33.189196],[150.152806,-33.189222],[150.153064,-33.189836],[150.152233,-33.190527],[150.151559,-33.190668],[150.151067,-33.190135],[150.150942,-33.190759],[150.150461,-33.191342],[150.150691,-33.192006],[150.149922,-33.191976],[150.148853,-33.191805],[150.147844,-33.192232],[150.14734,-33.191548],[150.147134,-33.191709],[150.147338,-33.191545],[150.14771,-33.190394],[150.148372,-33.189342],[150.148555,-33.189255],[150.149389,-33.186642],[150.149325,-33.1867],[150.149937,-33.183336],[150.15013,-33.181295],[150.150522,-33.180714],[150.150601,-33.180439],[150.150321,-33.180049],[150.148438,-33.181065],[150.147384,-33.18129],[150.147277,-33.181285],[150.146502,-33.180671],[150.145477,-33.18075],[150.144812,-33.180387],[150.143808,-33.179543],[150.143694,-33.179333],[150.143612,-33.178208],[150.143675,-33.177486],[150.144478,-33.176813],[150.143701,-33.175848],[150.142754,-33.175193],[150.141375,-33.174684],[150.139662,-33.173893],[150.138753,-33.173625],[150.138385,-33.173654],[150.136876,-33.172761],[150.136686,-33.172816],[150.136257,-33.172619],[150.133787,-33.171975],[150.133695,-33.170983],[150.13326,-33.170949],[150.132923,-33.170476],[150.131372,-33.167613],[150.130699,-33.167396],[150.130126,-33.166395],[150.127997,-33.165637],[150.126377,-33.165606],[150.123422,-33.166373],[150.122629,-33.168041],[150.122461,-33.168905],[150.122447,-33.1701],[150.121251,-33.170823],[150.119175,-33.170756],[150.118319,-33.170231],[150.117693,-33.169071],[150.116586,-33.167722],[150.114743,-33.166583],[150.116466,-33.165525],[150.116945,-33.164956],[150.117244,-33.164027],[150.117316,-33.162996],[150.117626,-33.161744],[150.117226,-33.161057],[150.114116,-33.162308],[150.112623,-33.162209],[150.111461,-33.161376],[150.11109,-33.161383],[150.111089,-33.159874],[150.110818,-33.157989],[150.109041,-33.157861],[150.107995,-33.157199],[150.10762,-33.156234],[150.10468,-33.155963],[150.10243,-33.155962],[150.101775,-33.154775],[150.10003,-33.153614],[150.098576,-33.152963],[150.09734,-33.152707],[150.097235,-33.151677],[150.096055,-33.151076],[150.095306,-33.151095],[150.094641,-33.15157],[150.094051,-33.152215],[150.088384,-33.151955],[150.086418,-33.152075],[150.086407,-33.151947],[150.084971,-33.151811],[150.080432,-33.150662],[150.078742,-33.149099],[150.077127,-33.147763],[150.075994,-33.146529],[150.075405,-33.145283],[150.074965,-33.144727],[150.074907,-33.143647],[150.073759,-33.141692],[150.071943,-33.140089],[150.069902,-33.138587],[150.069277,-33.136142],[150.068126,-33.135692],[150.06655,-33.136104],[150.066298,-33.136023],[150.06556,-33.137235],[150.061913,-33.13852],[150.062704,-33.14083],[150.062709,-33.1471],[150.06033,-33.152176],[150.060573,-33.159157],[150.060877,-33.159685],[150.06119,-33.165552],[150.05691,-33.166116],[150.054406,-33.169351],[150.052319,-33.169696],[150.051648,-33.170189],[150.050974,-33.171737],[150.050928,-33.172758],[150.051116,-33.173502],[150.052404,-33.173495],[150.05238,-33.174878],[150.048039,-33.176329],[150.047474,-33.176866],[150.045761,-33.179],[150.044613,-33.18057],[150.037986,-33.185347],[150.037687,-33.185927],[150.037143,-33.186008],[150.034857,-33.187338],[150.034348,-33.188331],[150.034775,-33.189464],[150.035551,-33.190079],[150.034926,-33.191953],[150.034889,-33.193053],[150.034864,-33.192956],[150.033956,-33.192236],[150.032924,-33.192673],[150.031539,-33.194247],[150.031642,-33.19628],[150.033084,-33.20015],[150.032478,-33.20154],[150.030378,-33.202306],[150.025678,-33.203575],[150.0253,-33.203997],[150.02528,-33.204355],[150.026066,-33.205326],[150.026267,-33.206421],[150.025691,-33.206793],[150.023559,-33.207587],[150.022942,-33.208647],[150.022212,-33.21026],[150.022454,-33.211602],[150.022613,-33.211506],[150.02048,-33.216415],[150.025164,-33.22893],[150.032846,-33.236747],[150.042912,-33.24128],[150.045338,-33.24609],[150.052188,-33.25217],[150.054488,-33.251573],[150.062828,-33.250123],[150.072872,-33.252518],[150.072857,-33.252674],[150.070468,-33.254695],[150.069112,-33.255735],[150.068126,-33.256091],[150.067057,-33.25463],[150.065438,-33.252625],[150.063773,-33.254376],[150.062431,-33.255227],[150.059906,-33.259334],[150.058329,-33.263287],[150.060153,-33.270229],[150.069392,-33.279931],[150.06743,-33.281678],[150.059362,-33.275541],[150.052601,-33.27395],[150.048109,-33.272412],[150.040481,-33.268031],[150.033258,-33.274921],[150.035778,-33.282795],[150.038044,-33.280739],[150.038493,-33.283295],[150.038425,-33.287827],[150.035354,-33.296915],[150.029403,-33.304883],[150.036947,-33.316989],[150.045288,-33.322356],[150.042524,-33.326954],[150.036599,-33.324683],[150.023662,-33.32335],[150.025929,-33.328265],[150.025736,-33.335708],[150.029275,-33.335282],[150.029943,-33.336398],[150.027436,-33.338045],[150.02764,-33.342646],[150.024041,-33.343941],[150.024076,-33.347565],[150.029377,-33.347361],[150.030185,-33.34879],[150.030112,-33.350401],[150.03296,-33.350764],[150.036465,-33.347986],[150.040392,-33.349511],[150.049463,-33.350204],[150.053262,-33.355542],[150.060046,-33.356657],[150.062678,-33.362921],[150.06831,-33.364485],[150.076064,-33.366899],[150.076277,-33.36267],[150.079175,-33.361009],[150.082908,-33.355611],[150.100241,-33.357925],[150.101183,-33.361644],[150.098146,-33.361096],[150.099002,-33.363144],[150.102636,-33.365068],[150.099256,-33.366934],[150.096968,-33.364574],[150.095511,-33.365366],[150.094017,-33.367668],[150.094612,-33.369201],[150.095839,-33.370832],[150.094093,-33.369818],[150.09411,-33.373833],[150.096936,-33.373912],[150.098359,-33.373876],[150.099156,-33.374294],[150.099623,-33.374315],[150.100038,-33.374477],[150.100054,-33.374935],[150.099039,-33.376208],[150.101034,-33.376847],[150.097384,-33.38189],[150.10114,-33.384363],[150.102473,-33.383533],[150.102823,-33.383394],[150.103913,-33.383479],[150.104772,-33.38329],[150.106414,-33.383937],[150.107479,-33.384043],[150.108147,-33.383392],[150.108345,-33.382103],[150.109694,-33.381957],[150.109757,-33.383742],[150.109419,-33.384235],[150.109694,-33.385102],[150.11017,-33.385388],[150.110794,-33.385466],[150.111479,-33.385374],[150.112355,-33.385073],[150.112864,-33.385023],[150.113187,-33.385387],[150.113161,-33.385891],[150.112988,-33.386639],[150.114175,-33.387577],[150.114955,-33.387688],[150.116114,-33.388441],[150.116686,-33.388929],[150.117086,-33.389589],[150.117122,-33.38996],[150.117021,-33.390242],[150.116514,-33.390348],[150.115728,-33.390088],[150.115004,-33.390311],[150.114067,-33.390167],[150.113368,-33.389489],[150.112147,-33.389191],[150.110999,-33.388736],[150.109003,-33.388749],[150.108459,-33.389042],[150.108062,-33.38974],[150.106665,-33.391636],[150.103063,-33.391853],[150.102987,-33.391784],[150.10273,-33.391795],[150.102737,-33.391982],[150.103987,-33.3921],[150.103924,-33.392318],[150.104157,-33.392377],[150.103636,-33.39332],[150.103511,-33.393754],[150.10065,-33.393378],[150.097408,-33.393326],[150.095763,-33.393754],[150.090016,-33.395528],[150.088753,-33.399315],[150.093251,-33.400851],[150.106875,-33.401647],[150.108954,-33.40349],[150.109244,-33.404916],[150.109566,-33.405814],[150.110054,-33.405868],[150.109577,-33.405847],[150.109829,-33.40655],[150.1092,-33.406535],[150.109916,-33.406795],[150.109958,-33.406911],[150.112065,-33.408124],[150.116869,-33.409064],[150.121053,-33.41002],[150.120794,-33.409735],[150.121602,-33.409924],[150.119542,-33.412023],[150.119439,-33.415122],[150.118231,-33.41724],[150.111947,-33.418048],[150.10991,-33.419432],[150.109641,-33.427536],[150.114679,-33.430038],[150.121233,-33.429714],[150.128663,-33.428693],[150.134932,-33.428361],[150.140049,-33.42848],[150.142268,-33.4302],[150.144686,-33.43455],[150.144292,-33.43788],[150.141632,-33.44092],[150.140034,-33.442005],[150.13879,-33.441833],[150.136411,-33.440798],[150.136344,-33.442584],[150.132977,-33.444536],[150.133475,-33.446694],[150.130048,-33.447092],[150.130705,-33.453071],[150.13373,-33.456242],[150.133336,-33.459572],[150.131045,-33.459996],[150.130557,-33.466186],[150.130731,-33.46953],[150.132943,-33.471489],[150.137517,-33.470879],[150.141877,-33.468118],[150.142115,-33.469554],[150.140891,-33.47215],[150.139509,-33.472632],[150.139708,-33.474799],[150.140772,-33.477351],[150.142108,-33.478472],[150.143142,-33.479057],[150.14496,-33.478943],[150.145048,-33.478856],[150.145222,-33.478929],[150.149598,-33.47569],[150.149698,-33.474422],[150.15018,-33.474297],[150.15077,-33.470447],[150.152697,-33.471111],[150.155672,-33.471537],[150.157102,-33.472523],[150.160724,-33.472122],[150.160624,-33.473048],[150.161756,-33.474106],[150.162555,-33.473814],[150.163968,-33.472556],[150.164007,-33.471759],[150.164243,-33.471733],[150.164406,-33.466727],[150.16533,-33.464602],[150.167067,-33.463687],[150.168727,-33.465156],[150.168618,-33.468493],[150.170562,-33.469969],[150.173477,-33.47024],[150.174191,-33.470803],[150.175723,-33.470628],[150.176887,-33.470327],[150.179081,-33.469422],[150.180343,-33.467354],[150.180566,-33.466646],[150.185536,-33.464585],[150.186874,-33.46724],[150.187513,-33.468191],[150.184233,-33.468544],[150.182609,-33.469536],[150.181284,-33.472081],[150.181343,-33.473709],[150.179628,-33.474431],[150.177401,-33.475574],[150.176272,-33.476825],[150.17498,-33.479166],[150.178929,-33.48195],[150.178711,-33.482634],[150.180122,-33.48372],[150.178516,-33.484824],[150.178221,-33.484751],[150.177005,-33.484748],[150.176566,-33.486163],[150.176001,-33.486552],[150.176216,-33.487291],[150.175518,-33.489538],[150.176611,-33.48951],[150.177695,-33.490177],[150.178145,-33.490656],[150.179604,-33.491854],[150.178196,-33.492999],[150.178275,-33.49405],[150.179189,-33.494671],[150.180774,-33.494834],[150.182249,-33.495272],[150.184669,-33.496721],[150.186276,-33.497571],[150.186603,-33.497841],[150.187446,-33.497907],[150.188064,-33.498177],[150.189603,-33.502385],[150.18965,-33.503147],[150.191314,-33.503487],[150.194987,-33.503727],[150.195868,-33.505485],[150.196908,-33.509006],[150.199181,-33.509262],[150.203441,-33.510079],[150.203593,-33.5106],[150.202204,-33.51267],[150.201543,-33.515517],[150.202596,-33.518165],[150.20385,-33.518958],[150.204634,-33.520256],[150.206891,-33.521046],[150.207227,-33.520257],[150.207088,-33.519644],[150.21108,-33.520026],[150.21571,-33.517745],[150.216738,-33.517435],[150.217448,-33.515047],[150.221032,-33.515432],[150.223233,-33.514882],[150.224327,-33.515187],[150.225079,-33.518063],[150.226883,-33.519607],[150.229714,-33.52017],[150.232061,-33.51995],[150.232859,-33.518927],[150.232142,-33.51753],[150.229951,-33.514771],[150.230602,-33.51388],[150.231506,-33.513665],[150.234917,-33.515533],[150.233848,-33.514352],[150.235563,-33.512987],[150.236514,-33.514569],[150.238087,-33.514974],[150.238594,-33.516376],[150.240745,-33.518544],[150.242991,-33.519548],[150.247552,-33.519411],[150.251832,-33.521324],[150.252639,-33.520783],[150.257225,-33.523664],[150.259077,-33.524199],[150.265083,-33.527483],[150.265483,-33.528665],[150.267093,-33.529005],[150.268746,-33.530491],[150.270334,-33.530258],[150.272343,-33.529058],[150.274246,-33.527099],[150.277217,-33.529821],[150.27696,-33.530466],[150.279532,-33.532118],[150.279675,-33.532072],[150.28199,-33.534193],[150.282169,-33.535489],[150.28244,-33.536629],[150.284563,-33.538484],[150.286872,-33.539187],[150.286929,-33.540715],[150.288547,-33.541246],[150.289491,-33.541061],[150.291181,-33.542609],[150.293862,-33.543016],[150.296171,-33.54372],[150.29915,-33.544023],[150.301679,-33.54453],[150.303796,-33.546194],[150.304824,-33.549224],[150.305573,-33.550924],[150.306087,-33.55244],[150.304747,-33.55324],[150.303995,-33.554339],[150.304381,-33.554692],[150.304301,-33.555205],[150.30461,-33.555212],[150.304301,-33.555208],[150.304528,-33.556701],[150.303839,-33.556858],[150.303872,-33.558003],[150.303431,-33.558967],[150.304646,-33.561684],[150.305447,-33.562331],[150.305737,-33.563998],[150.306748,-33.564478],[150.309253,-33.565277],[150.309782,-33.565861],[150.31023,-33.566844],[150.312389,-33.567807],[150.312578,-33.568326],[150.312907,-33.568734],[150.313415,-33.570004],[150.313946,-33.570531],[150.314415,-33.570828],[150.314735,-33.570892],[150.314612,-33.570933],[150.314923,-33.571023],[150.315585,-33.571487],[150.31588,-33.572119],[150.316535,-33.573049],[150.316638,-33.574139],[150.317279,-33.575527],[150.317806,-33.576168],[150.31813,-33.576748],[150.319257,-33.577917],[150.321788,-33.577915],[150.32298,-33.576967],[150.323791,-33.577271],[150.324243,-33.57814],[150.325645,-33.579258],[150.327325,-33.58021],[150.328619,-33.58041],[150.329714,-33.580376],[150.330405,-33.580162],[150.331907,-33.580252],[150.335113,-33.580983],[150.335018,-33.581756],[150.335852,-33.58243],[150.336628,-33.582685],[150.337892,-33.583309],[150.3386,-33.583443],[150.339301,-33.583816],[150.339575,-33.58418],[150.340415,-33.584675],[150.340951,-33.58576],[150.342627,-33.586869],[150.344462,-33.587446],[150.345019,-33.587875],[150.3452,-33.588952],[150.34625,-33.589571],[150.346506,-33.590531],[150.348479,-33.591229],[150.349055,-33.591063],[150.350251,-33.591565],[150.350474,-33.591589],[150.351758,-33.591531],[150.35283,-33.591146],[150.353189,-33.591146],[150.354002,-33.591428],[150.35464,-33.59238],[150.355045,-33.592546],[150.355866,-33.592535],[150.356033,-33.59266],[150.356958,-33.592608],[150.357498,-33.592849],[150.358608,-33.594583],[150.359316,-33.595334],[150.359753,-33.596717],[150.360288,-33.597129],[150.361308,-33.597323],[150.361694,-33.600365],[150.361152,-33.600182],[150.360509,-33.601084],[150.360953,-33.602239],[150.36107,-33.602871],[150.361328,-33.603392],[150.361305,-33.604136],[150.361835,-33.604719],[150.362072,-33.605927],[150.36176,-33.60718],[150.362995,-33.609324],[150.36273,-33.611265],[150.364579,-33.61348],[150.366898,-33.613701],[150.369506,-33.61347],[150.374381,-33.61741],[150.37733,-33.617186],[150.379884,-33.618729],[150.382219,-33.618435],[150.383701,-33.61921],[150.384994,-33.619467],[150.389913,-33.617452],[150.391541,-33.617945],[150.393055,-33.617633],[150.394259,-33.616285],[150.397024,-33.61537],[150.397893,-33.613785],[150.399444,-33.612272],[150.401531,-33.611113],[150.403855,-33.608929],[150.406862,-33.60676],[150.410987,-33.606102],[150.414469,-33.606347],[150.415317,-33.605448],[150.417941,-33.604644],[150.418378,-33.603737],[150.420559,-33.604012],[150.423477,-33.602527],[150.424523,-33.601862],[150.427522,-33.602268],[150.429328,-33.601332],[150.430344,-33.599878],[150.434534,-33.59984],[150.436362,-33.599372],[150.439873,-33.599124],[150.439895,-33.598381],[150.440809,-33.597541],[150.441765,-33.597618],[150.442959,-33.596555],[150.445622,-33.596724],[150.447602,-33.594532],[150.451349,-33.595068],[150.453079,-33.594416],[150.453755,-33.592369],[150.458362,-33.591548],[150.458551,-33.589777],[150.458436,-33.58903],[150.457114,-33.587457],[150.457266,-33.586945],[150.465003,-33.584356],[150.466239,-33.584209],[150.466636,-33.584676],[150.468438,-33.584704],[150.468717,-33.584239],[150.468726,-33.583895],[150.468718,-33.58424],[150.470709,-33.5844],[150.470907,-33.584062],[150.471312,-33.584093],[150.471609,-33.582868],[150.476322,-33.582487],[150.483097,-33.579328],[150.485393,-33.580001],[150.48751,-33.581952],[150.487785,-33.582316],[150.489203,-33.582553],[150.491471,-33.581735],[150.494623,-33.581143],[150.496966,-33.579617],[150.497402,-33.580294],[150.498015,-33.580382],[150.498304,-33.579873],[150.499211,-33.580192],[150.507976,-33.581382],[150.508876,-33.581709],[150.510089,-33.582344],[150.511931,-33.582117],[150.514757,-33.581372],[150.515523,-33.580342],[150.5153,-33.579121],[150.515345,-33.57867],[150.515256,-33.578042],[150.515502,-33.578137],[150.51589,-33.577041],[150.518149,-33.575297],[150.518771,-33.574713],[150.519803,-33.573511],[150.521001,-33.571478],[150.522066,-33.570156],[150.524276,-33.569127],[150.527094,-33.569219],[150.530475,-33.569043],[150.530444,-33.568989],[150.53113,-33.568753],[150.531224,-33.5683],[150.531965,-33.567814],[150.532622,-33.567254],[150.534248,-33.565676],[150.534463,-33.565723],[150.534823,-33.563505],[150.535056,-33.56283],[150.5347,-33.562389],[150.534026,-33.561064],[150.532687,-33.558055],[150.533582,-33.556641],[150.534738,-33.556068],[150.537023,-33.555875],[150.539884,-33.555455],[150.541992,-33.556451],[150.543549,-33.55684],[150.544674,-33.557339],[150.545223,-33.558066],[150.544844,-33.561398],[150.546973,-33.561679],[150.54932,-33.564349],[150.550137,-33.565678],[150.549402,-33.566498],[150.54751,-33.567892],[150.547175,-33.569674],[150.547422,-33.570991],[150.549098,-33.572217],[150.551803,-33.572271],[150.552512,-33.572404],[150.554231,-33.57208],[150.557842,-33.570363],[150.561674,-33.570915],[150.56263,-33.572366],[150.5651,-33.575754],[150.563032,-33.578337],[150.561978,-33.580344],[150.562498,-33.582144],[150.56256,-33.585008],[150.56293,-33.587043],[150.564897,-33.588036],[150.567257,-33.585219],[150.571401,-33.584824],[150.574279,-33.583807],[150.575916,-33.581334],[150.577629,-33.581248],[150.579762,-33.581409],[150.581385,-33.579413],[150.58488,-33.576738],[150.584493,-33.57017],[150.587139,-33.56724],[150.588898,-33.565485],[150.588656,-33.56393],[150.588557,-33.562377],[150.589017,-33.561193],[150.593114,-33.562466],[150.59367,-33.562954],[150.595213,-33.563819],[150.598346,-33.56388],[150.603508,-33.564753],[150.6035,-33.564897],[150.605461,-33.565076],[150.606594,-33.568328],[150.60835,-33.569382],[150.609807,-33.569251],[150.611338,-33.567444],[150.612434,-33.562903],[150.611223,-33.56034],[150.611348,-33.559918],[150.611588,-33.55797],[150.609537,-33.557038],[150.608883,-33.553778],[150.611501,-33.54982],[150.615616,-33.54755],[150.616723,-33.545804],[150.617302,-33.542691],[150.617553,-33.542037],[150.617662,-33.542031],[150.618082,-33.54114],[150.619689,-33.540271],[150.620748,-33.536074],[150.619882,-33.532407],[150.62129,-33.530974],[150.618104,-33.528983],[150.61795,-33.528032],[150.619855,-33.527174],[150.620961,-33.526893],[150.622464,-33.526811],[150.62278,-33.525082],[150.620938,-33.524677],[150.619269,-33.524591],[150.619066,-33.523546],[150.618635,-33.523327],[150.617927,-33.520588],[150.616605,-33.520626],[150.616872,-33.523218],[150.616775,-33.523316],[150.616374,-33.523387],[150.614915,-33.523351],[150.615701,-33.520289],[150.614094,-33.520049],[150.613355,-33.523702],[150.611644,-33.523713],[150.611992,-33.519995],[150.609698,-33.519699],[150.609997,-33.517549],[150.607333,-33.516575],[150.6068,-33.52523],[150.605931,-33.526287],[150.605592,-33.526124],[150.605153,-33.534256],[150.602974,-33.534222],[150.600633,-33.533662],[150.599172,-33.533912],[150.5986,-33.534165],[150.597177,-33.534335],[150.596466,-33.534023],[150.596698,-33.530807],[150.597052,-33.528309],[150.600068,-33.527413],[150.601335,-33.527915],[150.604629,-33.527263],[150.605206,-33.524423],[150.6056,-33.523059],[150.604769,-33.522208],[150.603845,-33.52213],[150.602814,-33.523363],[150.601682,-33.523102],[150.601922,-33.522153],[150.602228,-33.521383],[150.603381,-33.520869],[150.604692,-33.519821],[150.605243,-33.517923],[150.603631,-33.516997],[150.604283,-33.51562],[150.604668,-33.515526],[150.604555,-33.515239],[150.605066,-33.514279],[150.604501,-33.514037],[150.605338,-33.512502],[150.605345,-33.511283],[150.604413,-33.510139],[150.604229,-33.509141],[150.604545,-33.508487],[150.605536,-33.506929],[150.605941,-33.505914],[150.606595,-33.504992],[150.606391,-33.504678],[150.606405,-33.504382],[150.606339,-33.504055],[150.606169,-33.503742],[150.606151,-33.503304],[150.605563,-33.502379],[150.605483,-33.502019],[150.605677,-33.501664],[150.605616,-33.501587],[150.604948,-33.501196],[150.603833,-33.501866],[150.602803,-33.501281],[150.601945,-33.500258],[150.600902,-33.500698],[150.601671,-33.502202],[150.601492,-33.502481],[150.602186,-33.504147],[150.60229,-33.504691],[150.602018,-33.505336],[150.600845,-33.505256],[150.600148,-33.504844],[150.599493,-33.504111],[150.598988,-33.503738],[150.598381,-33.503528],[150.597895,-33.50361],[150.596531,-33.50603],[150.592436,-33.507462],[150.591923,-33.507365],[150.591906,-33.506944],[150.592249,-33.506011],[150.592646,-33.50536],[150.593512,-33.504767],[150.593453,-33.504224],[150.593933,-33.504021],[150.593817,-33.503561],[150.593818,-33.5032],[150.594309,-33.50269],[150.594844,-33.50246],[150.595417,-33.502403],[150.595839,-33.502163],[150.595947,-33.501664],[150.595872,-33.50114],[150.595284,-33.500533],[150.594914,-33.500314],[150.593639,-33.499895],[150.593011,-33.499895],[150.592116,-33.499629],[150.591735,-33.499248],[150.59164,-33.498943],[150.591792,-33.498696],[150.592097,-33.498487],[150.592592,-33.498429],[150.593106,-33.498943],[150.593506,-33.498981],[150.593677,-33.498924],[150.594096,-33.498296],[150.594588,-33.498138],[150.594181,-33.497564],[150.594519,-33.497447],[150.594841,-33.496972],[150.594813,-33.496282],[150.595287,-33.496203],[150.595852,-33.495734],[150.595527,-33.495],[150.59517,-33.494961],[150.595047,-33.494435],[150.594517,-33.493881],[150.593795,-33.493328],[150.593867,-33.492859],[150.594073,-33.492815],[150.594336,-33.492246],[150.594348,-33.492065],[150.593988,-33.491788],[150.594084,-33.491163],[150.594312,-33.49085],[150.594476,-33.490255],[150.594637,-33.490213],[150.594794,-33.490044],[150.59483,-33.48956],[150.596056,-33.489456],[150.596221,-33.4885],[150.596172,-33.486523],[150.59727,-33.485701],[150.598419,-33.48427],[150.595645,-33.484245],[150.59478,-33.48417],[150.592743,-33.483811],[150.590322,-33.483561],[150.588866,-33.483532],[150.587488,-33.483215],[150.586002,-33.482513],[150.585663,-33.48184],[150.58553,-33.480672],[150.584835,-33.481295],[150.583701,-33.481541],[150.581959,-33.481414],[150.580207,-33.481073],[150.578078,-33.480815],[150.577339,-33.480374],[150.576665,-33.480371],[150.575532,-33.478624],[150.575418,-33.478587],[150.575073,-33.47792],[150.573421,-33.477544],[150.571879,-33.474861],[150.571244,-33.473951],[150.570578,-33.473905],[150.570629,-33.473649],[150.572711,-33.473441],[150.574871,-33.473579],[150.576708,-33.473042],[150.578089,-33.472497],[150.580111,-33.470256],[150.579842,-33.470248],[150.580111,-33.470253],[150.581385,-33.468646],[150.58402,-33.46803],[150.585666,-33.466153],[150.586204,-33.463206],[150.586173,-33.462009],[150.587191,-33.460457],[150.58605,-33.457259],[150.586035,-33.456668],[150.586648,-33.455389],[150.589482,-33.455826],[150.590146,-33.456507],[150.590628,-33.455562],[150.593192,-33.453731],[150.593337,-33.453964],[150.594732,-33.454993],[150.595806,-33.455252],[150.59541,-33.453098],[150.597077,-33.451901],[150.60106,-33.452431],[150.601613,-33.452009],[150.599839,-33.449366],[150.600948,-33.446704],[150.602759,-33.445908],[150.60621,-33.447361],[150.606146,-33.449274],[150.60854,-33.449276],[150.610674,-33.448498],[150.612318,-33.44759],[150.616426,-33.446993],[150.616581,-33.444918],[150.615691,-33.444138],[150.613543,-33.443619],[150.613335,-33.4429],[150.614121,-33.440179],[150.615751,-33.438244],[150.621548,-33.43853],[150.623223,-33.439054],[150.624144,-33.44092],[150.624087,-33.440959],[150.624199,-33.441057],[150.624268,-33.441029],[150.624286,-33.441341],[150.625348,-33.440832],[150.62458,-33.441547],[150.626043,-33.441099],[150.627117,-33.440183],[150.627039,-33.44107],[150.626516,-33.442184],[150.630208,-33.439836],[150.63158,-33.439655],[150.635552,-33.439483],[150.635515,-33.439962],[150.631896,-33.442051],[150.631043,-33.442769],[150.635963,-33.441471],[150.637983,-33.442079],[150.638094,-33.442849],[150.638638,-33.442491],[150.640295,-33.444183],[150.640513,-33.445301],[150.639927,-33.44807],[150.641874,-33.446365],[150.643021,-33.445987],[150.645053,-33.446329],[150.64655,-33.447375],[150.647151,-33.450296],[150.649494,-33.451116],[150.652098,-33.451103],[150.65442,-33.451358],[150.657398,-33.449962],[150.663966,-33.449405],[150.666793,-33.447814],[150.66691,-33.4479],[150.668776,-33.447535],[150.670221,-33.44761],[150.673909,-33.444475],[150.678738,-33.443677],[150.67989,-33.443142],[150.681133,-33.442345],[150.682849,-33.4415],[150.684735,-33.441271],[150.685873,-33.440892],[150.687784,-33.439316],[150.688739,-33.438697],[150.690455,-33.440548],[150.697519,-33.438769],[150.699218,-33.438854],[150.706756,-33.438511],[150.712067,-33.439428],[150.718044,-33.435905],[150.721744,-33.432449],[150.719935,-33.430114],[150.721227,-33.426969],[150.714361,-33.426338],[150.709671,-33.423252],[150.706607,-33.421551],[150.70217,-33.424431],[150.702962,-33.429664],[150.70252,-33.429942],[150.683085,-33.432132],[150.683208,-33.431731],[150.675539,-33.432555],[150.675051,-33.432168],[150.675345,-33.432167],[150.674071,-33.428708],[150.674431,-33.423753],[150.678821,-33.418145],[150.679798,-33.41812],[150.678821,-33.418145],[150.679144,-33.417733],[150.677738,-33.417707],[150.677678,-33.417247],[150.678494,-33.417371],[150.680107,-33.416638],[150.680285,-33.416355],[150.680362,-33.415593],[150.680612,-33.414739],[150.680538,-33.413258],[150.677359,-33.408714],[150.676339,-33.407007],[150.674669,-33.39423],[150.674741,-33.393826],[150.675695,-33.392173],[150.677355,-33.389628],[150.681409,-33.386889],[150.683961,-33.385028],[150.686967,-33.383223],[150.68909,-33.382499],[150.689846,-33.381893],[150.691267,-33.381919],[150.6937,-33.382394],[150.694085,-33.382878],[150.695307,-33.383998],[150.696074,-33.38511],[150.696557,-33.386217],[150.698022,-33.388868],[150.698164,-33.389968],[150.696613,-33.394768],[150.698385,-33.395517],[150.699118,-33.393598],[150.700509,-33.392622],[150.703245,-33.392386],[150.706562,-33.392805],[150.708999,-33.39421],[150.709292,-33.396076],[150.710192,-33.397525],[150.71016,-33.398741],[150.71085,-33.398467],[150.712995,-33.398006],[150.714349,-33.39846],[150.714755,-33.399255],[150.713167,-33.40123],[150.711111,-33.40155],[150.711333,-33.402842],[150.711197,-33.404772],[150.711318,-33.406635],[150.711635,-33.407571],[150.710898,-33.409633],[150.709921,-33.411118],[150.70895,-33.412317],[150.709451,-33.412756],[150.712666,-33.413817],[150.717155,-33.415116],[150.720536,-33.416395],[150.724773,-33.417547],[150.727467,-33.418956],[150.729324,-33.419777],[150.728855,-33.418123],[150.730194,-33.415857],[150.731431,-33.414233],[150.732998,-33.413045],[150.735101,-33.410937],[150.73417,-33.410633],[150.731346,-33.410939],[150.73295,-33.408321],[150.733809,-33.408122],[150.736051,-33.407232],[150.73652,-33.405594],[150.737054,-33.404745],[150.739023,-33.404495],[150.741626,-33.402825],[150.741759,-33.402202],[150.748889,-33.401437],[150.749275,-33.400251],[150.751438,-33.399098],[150.75286,-33.399124],[150.754166,-33.40362],[150.754483,-33.405117],[150.755527,-33.406031],[150.759329,-33.406967],[150.759333,-33.40685],[150.759559,-33.406936],[150.759785,-33.406181],[150.759769,-33.406999],[150.763765,-33.406407],[150.766777,-33.405779],[150.770581,-33.404138],[150.775629,-33.406745],[150.777476,-33.406466],[150.778059,-33.407168],[150.778338,-33.407685],[150.778917,-33.407907],[150.779327,-33.407512],[150.779743,-33.407905],[150.780022,-33.408423],[150.780751,-33.408807],[150.78156,-33.409069],[150.781857,-33.408701],[150.781904,-33.407147],[150.781227,-33.406642],[150.781771,-33.406052],[150.782095,-33.405474],[150.784867,-33.404775],[150.789268,-33.40698],[150.789223,-33.407092],[150.794762,-33.410772],[150.797783,-33.409286],[150.798084,-33.407733],[150.798774,-33.407294],[150.799331,-33.406171],[150.799955,-33.405794],[150.801159,-33.405638],[150.802762,-33.405649],[150.804292,-33.406438],[150.80463,-33.406369],[150.80469,-33.406591],[150.805855,-33.406885],[150.805735,-33.40687],[150.806159,-33.409788],[150.806433,-33.410965],[150.806923,-33.410911],[150.80689,-33.411366],[150.807793,-33.412153],[150.808793,-33.411651],[150.809012,-33.410315],[150.809226,-33.410193],[150.810033,-33.408235],[150.811852,-33.407306],[150.814831,-33.407402],[150.816896,-33.408711],[150.81698,-33.410642],[150.81659,-33.413648],[150.817345,-33.417305],[150.818224,-33.418712],[150.820161,-33.418778],[150.821268,-33.416872],[150.821514,-33.413996],[150.822822,-33.411585],[150.826285,-33.410855],[150.829702,-33.41075],[150.831855,-33.412047],[150.831745,-33.412146],[150.836657,-33.41494],[150.840465,-33.417234],[150.840563,-33.417111],[150.840913,-33.417306],[150.841052,-33.417066],[150.844328,-33.418657],[150.847541,-33.420679],[150.84914,-33.421034],[150.84896,-33.421134],[150.852243,-33.422884],[150.852318,-33.422647],[150.853255,-33.423211],[150.854003,-33.420799],[150.854538,-33.419812],[150.85502,-33.419939],[150.855033,-33.420022],[150.856456,-33.421269],[150.857294,-33.422187],[150.859054,-33.422036],[150.860848,-33.419332],[150.863293,-33.419854],[150.862818,-33.422431],[150.862589,-33.42311],[150.862868,-33.423669],[150.863708,-33.42338],[150.865941,-33.424969],[150.868666,-33.425362],[150.868998,-33.425177],[150.870842,-33.42625],[150.871972,-33.426036],[150.873746,-33.425861],[150.874162,-33.425609],[150.873703,-33.423294],[150.873442,-33.422693],[150.874734,-33.422425],[150.874892,-33.421166],[150.873479,-33.419836],[150.872304,-33.419036],[150.870051,-33.418031],[150.86943,-33.416856],[150.868681,-33.41443],[150.869029,-33.412627],[150.869667,-33.410934],[150.87141,-33.410104],[150.872267,-33.408524],[150.871231,-33.40766],[150.869985,-33.406863],[150.868644,-33.40553],[150.867404,-33.404852],[150.863476,-33.40139],[150.862096,-33.400776],[150.861029,-33.399196],[150.862439,-33.396363],[150.863008,-33.396366],[150.863028,-33.395884],[150.863008,-33.396366],[150.863654,-33.39637],[150.863771,-33.396248],[150.864035,-33.396295],[150.864548,-33.396637],[150.865615,-33.396604],[150.866703,-33.395436],[150.867737,-33.393212],[150.869409,-33.392384],[150.872577,-33.391813],[150.873406,-33.39125],[150.87355,-33.390898],[150.878218,-33.392394],[150.87919,-33.392256],[150.880818,-33.39299],[150.882138,-33.392232],[150.882835,-33.390299],[150.883804,-33.389671],[150.884172,-33.389568],[150.884674,-33.38982],[150.885153,-33.389698],[150.885293,-33.389563],[150.885959,-33.390082],[150.887737,-33.390026],[150.888492,-33.389405],[150.889549,-33.389133],[150.890378,-33.38857],[150.891444,-33.386924],[150.891696,-33.386231],[150.892295,-33.38632],[150.892591,-33.386176],[150.892312,-33.386893],[150.892658,-33.388268],[150.893682,-33.389527],[150.894959,-33.39006],[150.8975,-33.390841],[150.897975,-33.392546],[150.898884,-33.39376],[150.901411,-33.395497],[150.902107,-33.397052],[150.903747,-33.398052],[150.905008,-33.397835],[150.906127,-33.398411],[150.908055,-33.39853],[150.909681,-33.398044],[150.909976,-33.398478],[150.910063,-33.399144],[150.911178,-33.399874],[150.913327,-33.400156],[150.915005,-33.401059],[150.915615,-33.403549],[150.915039,-33.404675],[150.916381,-33.404107],[150.918495,-33.404232],[150.921093,-33.40501],[150.921574,-33.405568],[150.922553,-33.407067],[150.923569,-33.406844],[150.923906,-33.406671],[150.924432,-33.407991],[150.92716,-33.406889],[150.92992,-33.406085],[150.930719,-33.406188],[150.931423,-33.406644],[150.932755,-33.407127],[150.93401,-33.408426],[150.935616,-33.408307],[150.937159,-33.409082],[150.939645,-33.407331],[150.941023,-33.407407],[150.94215,-33.40761],[150.943712,-33.407501],[150.945324,-33.410078],[150.945263,-33.411872],[150.94614,-33.412382],[150.948532,-33.411709],[150.949978,-33.409035],[150.951325,-33.407319],[150.95172,-33.40659],[150.950976,-33.405897],[150.951021,-33.405298],[150.950871,-33.40357],[150.952117,-33.402754],[150.954726,-33.402193],[150.956196,-33.401609],[150.956856,-33.400453],[150.958366,-33.39921],[150.959494,-33.398935],[150.961791,-33.39934],[150.963862,-33.3979],[150.964609,-33.3971],[150.964982,-33.395893],[150.965245,-33.395407],[150.96702,-33.395291],[150.968265,-33.394474],[150.969125,-33.393013],[150.972402,-33.391475],[150.973185,-33.389897],[150.971556,-33.388515],[150.970702,-33.388542],[150.970503,-33.388697],[150.970771,-33.387298],[150.971089,-33.387344],[150.972564,-33.385935],[150.971678,-33.385247],[150.96944,-33.384888],[150.965069,-33.384597],[150.963474,-33.385221],[150.963223,-33.387236],[150.959585,-33.389933],[150.957584,-33.390225],[150.957563,-33.38899],[150.957094,-33.387428],[150.957038,-33.386187],[150.956592,-33.38515],[150.9566,-33.384051],[150.956196,-33.382678],[150.956842,-33.381845],[150.955834,-33.382116],[150.955935,-33.380679],[150.955019,-33.379322],[150.95456,-33.379241],[150.95359,-33.379461],[150.953265,-33.378664],[150.950857,-33.378311],[150.949751,-33.378417],[150.949472,-33.377924],[150.949181,-33.377145],[150.948663,-33.377018],[150.947396,-33.377345],[150.942738,-33.377984],[150.942745,-33.377465],[150.940551,-33.375527],[150.94175,-33.374342],[150.944256,-33.373068],[150.943908,-33.370403],[150.942736,-33.369676],[150.941792,-33.368941],[150.940826,-33.367729],[150.940157,-33.365504],[150.940094,-33.36412],[150.939426,-33.363185],[150.938136,-33.362366],[150.937133,-33.361585],[150.936611,-33.36012],[150.935221,-33.359591],[150.936333,-33.358982],[150.936688,-33.358015],[150.935853,-33.357181],[150.934625,-33.356456],[150.934101,-33.354943],[150.93474,-33.352676],[150.934176,-33.351547],[150.933843,-33.350459],[150.933545,-33.350043],[150.935464,-33.352007],[150.935105,-33.354721],[150.935476,-33.355264],[150.936534,-33.355604],[150.93818,-33.356347],[150.938717,-33.357072],[150.939762,-33.359809],[150.940212,-33.360604],[150.940933,-33.360795],[150.941402,-33.360767],[150.941983,-33.360535],[150.94199,-33.360644],[150.944467,-33.360494],[150.94407,-33.359247],[150.944766,-33.356228],[150.945352,-33.355499],[150.947626,-33.354295],[150.948483,-33.354143],[150.950047,-33.354121],[150.952042,-33.353915],[150.953755,-33.353585],[150.955473,-33.353089],[150.958343,-33.35316],[150.959613,-33.353539],[150.961723,-33.354504],[150.962774,-33.354545],[150.963744,-33.354394],[150.963841,-33.354217],[150.964646,-33.354493],[150.96522,-33.35573],[150.967624,-33.356247],[150.969218,-33.356178],[150.971459,-33.356405],[150.97408,-33.356162],[150.975028,-33.355724],[150.975641,-33.355042],[150.976136,-33.353332],[150.976361,-33.352191],[150.976816,-33.350957],[150.97799,-33.349354],[150.978185,-33.348331],[150.979282,-33.347609],[150.979316,-33.346131],[150.978857,-33.345073],[150.978271,-33.344611],[150.977094,-33.344682],[150.977448,-33.344549],[150.976799,-33.344324],[150.976648,-33.343487],[150.976116,-33.341903],[150.975601,-33.340797],[150.974783,-33.340545],[150.974913,-33.339856],[150.975466,-33.339292],[150.975795,-33.338558],[150.975931,-33.337629],[150.977043,-33.33624],[150.97703,-33.335572],[150.976842,-33.335091],[150.976228,-33.334604],[150.975297,-33.334303],[150.974882,-33.333819],[150.974771,-33.333113],[150.974651,-33.333982],[150.973813,-33.334565],[150.972348,-33.334943],[150.972202,-33.334837],[150.970985,-33.335306],[150.970093,-33.336338],[150.96909,-33.336836],[150.968851,-33.337435],[150.96737,-33.338472],[150.963194,-33.339028],[150.963792,-33.33873],[150.962978,-33.338349],[150.963795,-33.336914],[150.963632,-33.336441],[150.962965,-33.336175],[150.962135,-33.336082],[150.961583,-33.335837],[150.961262,-33.335035],[150.961057,-33.333655],[150.960607,-33.333144],[150.960534,-33.332788],[150.960202,-33.332695],[150.962561,-33.332596],[150.963897,-33.329665],[150.964572,-33.329529],[150.965436,-33.329143],[150.96568,-33.328872],[150.965707,-33.327582],[150.966665,-33.326996],[150.96708,-33.327584],[150.967475,-33.327397],[150.967541,-33.327452],[150.968029,-33.327134],[150.968434,-33.326714],[150.968996,-33.326664],[150.969253,-33.326485],[150.969338,-33.326523],[150.969744,-33.326143],[150.9698,-33.326196],[150.970183,-33.325837],[150.9702,-33.325714],[150.970678,-33.325137],[150.971855,-33.325202],[150.97256,-33.326074],[150.972731,-33.32727],[150.974777,-33.32728],[150.976011,-33.326775],[150.976071,-33.325416],[150.974291,-33.323717],[150.973444,-33.323512],[150.972374,-33.323041],[150.97188,-33.322293],[150.971153,-33.321804],[150.970471,-33.320552],[150.969836,-33.319755],[150.96925,-33.319292],[150.969152,-33.318622],[150.968936,-33.318141],[150.968484,-33.318015],[150.967472,-33.317545],[150.967137,-33.317253],[150.966233,-33.317024],[150.965067,-33.317323],[150.963962,-33.316928],[150.962608,-33.317186],[150.961775,-33.317643],[150.961819,-33.31794],[150.95972,-33.317529],[150.958356,-33.317572],[150.957499,-33.317492],[150.956488,-33.317811],[150.956091,-33.319401],[150.956054,-33.320477],[150.956324,-33.320777],[150.956157,-33.320873],[150.955961,-33.321701],[150.955379,-33.321129],[150.954758,-33.320779],[150.954769,-33.319369],[150.953406,-33.319347],[150.953053,-33.319842],[150.951344,-33.320028],[150.949212,-33.320982],[150.947249,-33.319433],[150.946954,-33.319285],[150.94672,-33.319858],[150.94604,-33.319504],[150.944556,-33.319181],[150.942154,-33.318864],[150.942056,-33.316685],[150.943263,-33.315726],[150.943114,-33.315616],[150.943607,-33.315185],[150.943599,-33.315116],[150.946445,-33.313466],[150.94914,-33.312464],[150.951252,-33.312056],[150.951335,-33.31195],[150.956959,-33.31015],[150.958941,-33.309892],[150.960453,-33.309402],[150.961765,-33.308679],[150.961824,-33.308634],[150.959522,-33.308612],[150.96049,-33.308294],[150.961635,-33.308301],[150.962118,-33.307936],[150.962423,-33.30816],[150.96269,-33.307405],[150.962896,-33.307108],[150.962871,-33.306894],[150.963381,-33.305456],[150.963596,-33.303527],[150.96526,-33.301827],[150.966432,-33.300824],[150.96831,-33.300598],[150.969988,-33.299909],[150.972334,-33.297979],[150.975229,-33.298098],[150.977553,-33.298959],[150.979322,-33.299883],[150.979555,-33.299028],[150.977835,-33.297819],[150.977247,-33.29559],[150.978147,-33.293529],[150.978125,-33.29267],[150.977522,-33.29291],[150.976152,-33.29321],[150.975487,-33.293567],[150.975379,-33.293117],[150.973901,-33.293141],[150.971826,-33.294443],[150.970689,-33.294472],[150.970313,-33.294553],[150.96844,-33.29312],[150.967765,-33.292823],[150.966771,-33.293189],[150.965349,-33.29141],[150.966007,-33.290634],[150.965949,-33.289201],[150.964732,-33.286834],[150.963665,-33.285804],[150.961473,-33.285768],[150.960963,-33.284967],[150.961268,-33.284295],[150.960924,-33.28345],[150.959719,-33.283014],[150.959307,-33.282368],[150.958603,-33.277509],[150.960889,-33.276727],[150.96242,-33.274707],[150.963744,-33.273804],[150.964601,-33.271053],[150.966216,-33.270894],[150.966226,-33.269245],[150.965774,-33.268686],[150.966203,-33.267776],[150.966157,-33.266774],[150.96657,-33.266474],[150.966504,-33.265938],[150.966057,-33.265487],[150.96599,-33.264951],[150.966706,-33.264749],[150.966932,-33.264097],[150.967347,-33.263832],[150.967533,-33.263217],[150.967326,-33.262939],[150.968232,-33.259833],[150.96964,-33.258496],[150.969877,-33.258466],[150.971412,-33.25782],[150.971808,-33.256461],[150.971915,-33.25637],[150.971725,-33.255301],[150.972233,-33.25397],[150.973888,-33.252842],[150.974402,-33.251631],[150.973797,-33.250814],[150.973068,-33.250536],[150.972121,-33.248358],[150.97291,-33.243793],[150.970215,-33.242766],[150.972604,-33.243325],[150.974249,-33.241958],[150.97504,-33.243725],[150.976339,-33.244161],[150.977246,-33.24222],[150.977857,-33.241208],[150.977915,-33.242349],[150.979213,-33.241991],[150.981991,-33.238948],[150.981263,-33.236985],[150.979542,-33.233327],[150.979076,-33.231152],[150.9786,-33.22941],[150.979425,-33.227202],[150.978141,-33.226964],[150.977292,-33.227438],[150.977242,-33.226932],[150.978178,-33.222393],[150.978612,-33.222523],[150.979254,-33.219312],[150.977208,-33.2157],[150.974026,-33.213637],[150.973606,-33.211587],[150.973357,-33.211447],[150.97312,-33.209714],[150.973816,-33.210429],[150.979918,-33.204657],[150.980419,-33.205474],[150.9863,-33.203084],[150.986375,-33.203185],[150.987397,-33.203154],[150.989111,-33.203945],[150.990257,-33.204679],[150.990944,-33.204452],[150.992528,-33.203427],[150.993459,-33.20244],[150.994027,-33.202402],[150.994694,-33.201816],[150.995049,-33.201154],[150.996115,-33.200431],[150.999501,-33.198881],[150.999752,-33.199034],[151.001546,-33.198753],[151.003133,-33.197633],[151.004472,-33.197392],[151.006085,-33.196344],[151.006714,-33.19614],[151.010008,-33.196025],[151.010637,-33.195821],[151.010486,-33.194983],[151.010675,-33.193766],[151.01117,-33.19354],[151.011494,-33.193653],[151.011849,-33.194117],[151.01512,-33.195307],[151.016022,-33.195881],[151.016012,-33.195456],[151.016551,-33.196033],[151.016643,-33.195917],[151.018331,-33.19699],[151.019466,-33.196333],[151.020358,-33.195946],[151.021459,-33.197033],[151.022403,-33.198413],[151.023146,-33.197863],[151.025295,-33.197005],[151.027319,-33.19713],[151.02923,-33.198526],[151.032609,-33.197197],[151.033104,-33.196226],[151.03413,-33.195666],[151.03668,-33.196731],[151.037555,-33.197003],[151.04053,-33.194028],[151.044396,-33.191649],[151.046181,-33.190459],[151.04856,-33.189864],[151.04856,-33.18808],[151.053022,-33.186593],[151.054097,-33.186808],[151.055193,-33.186468],[151.054734,-33.185767],[151.054065,-33.184211],[151.054049,-33.182635],[151.055103,-33.181453],[151.056453,-33.181146],[151.056614,-33.181239],[151.058971,-33.181239],[151.059863,-33.179157],[151.06373,-33.179157],[151.066109,-33.178562],[151.066109,-33.177372],[151.066575,-33.173643],[151.066925,-33.173555],[151.067668,-33.173043],[151.06782,-33.172264],[151.067619,-33.171611],[151.067281,-33.171459],[151.067387,-33.171246],[151.066805,-33.170964],[151.066271,-33.170479],[151.068488,-33.168829],[151.068488,-33.167557],[151.067376,-33.167279],[151.06633,-33.167352],[151.06549,-33.16725],[151.064857,-33.166826],[151.064757,-33.166141],[151.065004,-33.165588],[151.067444,-33.163042],[151.068349,-33.162712],[151.068223,-33.1622],[151.068895,-33.161618],[151.071435,-33.161257],[151.073545,-33.160121],[151.076222,-33.157444],[151.080386,-33.154172],[151.080602,-33.150929],[151.080283,-33.14988],[151.079795,-33.149293],[151.079118,-33.14867],[151.079432,-33.148087],[151.080528,-33.148194],[151.082115,-33.148089],[151.083312,-33.14779],[151.084188,-33.146998],[151.084853,-33.145528],[151.085481,-33.145479],[151.086764,-33.145953],[151.088877,-33.145195],[151.090079,-33.143937],[151.092943,-33.14357],[151.093407,-33.143655],[151.094657,-33.144186],[151.095286,-33.144966],[151.095852,-33.145249],[151.096386,-33.144775],[151.097182,-33.143142],[151.099418,-33.141017],[151.100929,-33.137367],[151.100937,-33.13668],[151.101123,-33.135928],[151.101716,-33.134761],[151.102864,-33.133792],[151.104379,-33.13192],[151.105193,-33.130761],[151.105832,-33.130209],[151.10699,-33.129827],[151.107546,-33.127858],[151.109073,-33.12699],[151.109795,-33.126766],[151.110323,-33.126763],[151.110933,-33.127044],[151.111639,-33.126961],[151.111884,-33.126668],[151.112229,-33.126441],[151.114447,-33.125286],[151.115125,-33.125055],[151.116893,-33.124925],[151.117132,-33.124708],[151.118215,-33.123136],[151.118494,-33.122974],[151.11864,-33.1227],[151.119029,-33.122367],[151.120579,-33.120361],[151.121813,-33.119923],[151.122202,-33.119557],[151.122671,-33.119424],[151.123043,-33.119184],[151.123284,-33.118878],[151.123471,-33.118363],[151.123664,-33.117276],[151.123869,-33.116803],[151.125076,-33.115915],[151.12515,-33.115701],[151.131825,-33.112226],[151.131729,-33.112207],[151.135546,-33.109876],[151.13543,-33.109629],[151.135502,-33.109619],[151.135271,-33.109245],[151.135174,-33.10889],[151.135299,-33.107281],[151.134732,-33.106006],[151.134657,-33.104899],[151.134547,-33.104574],[151.132085,-33.101633],[151.131706,-33.101389],[151.130817,-33.101063],[151.13059,-33.100859],[151.13041,-33.100177],[151.130239,-33.098569],[151.12958,-33.097547],[151.129597,-33.097209],[151.130052,-33.095462],[151.130043,-33.095116],[151.129048,-33.093066],[151.128728,-33.093012],[151.127937,-33.091701],[151.127155,-33.091483],[151.125705,-33.092112],[151.12501,-33.092695],[151.122704,-33.092218],[151.120902,-33.09123],[151.118779,-33.091377],[151.117127,-33.090504],[151.114534,-33.091172],[151.113528,-33.090483],[151.113136,-33.089377],[151.112348,-33.088156],[151.11052,-33.08718],[151.109066,-33.086038],[151.108835,-33.085522],[151.108511,-33.084393],[151.108457,-33.083946],[151.107982,-33.083505],[151.107004,-33.082066],[151.106442,-33.080942],[151.104765,-33.078729],[151.104441,-33.077502],[151.103972,-33.076969],[151.103129,-33.076847],[151.102456,-33.076864],[151.101594,-33.077676],[151.098342,-33.078279],[151.09739,-33.077976],[151.095367,-33.076977],[151.093962,-33.076639],[151.092994,-33.076651],[151.091778,-33.077269],[151.089862,-33.078023],[151.088773,-33.078342],[151.087997,-33.07837],[151.087453,-33.078151],[151.087005,-33.077864],[151.086068,-33.076786],[151.085314,-33.076241],[151.084893,-33.075788],[151.083942,-33.075248],[151.082873,-33.075751],[151.081403,-33.075989],[151.080627,-33.076286],[151.077912,-33.076529],[151.075885,-33.077305],[151.074437,-33.076816],[151.073178,-33.076757],[151.0716,-33.077001],[151.071054,-33.077522],[151.07036,-33.077521],[151.070208,-33.078798],[151.069928,-33.079428],[151.069628,-33.079759],[151.067233,-33.079882],[151.06662,-33.079984],[151.065912,-33.080396],[151.065387,-33.08091],[151.064135,-33.081224],[151.063019,-33.081342],[151.061381,-33.080618],[151.060185,-33.079751],[151.059696,-33.079682],[151.058797,-33.080127],[151.057864,-33.080338],[151.057042,-33.080176],[151.055619,-33.080403],[151.053722,-33.079999],[151.052961,-33.079963],[151.05227,-33.079615],[151.052018,-33.080147],[151.052314,-33.080313],[151.052169,-33.081099],[151.050654,-33.082292],[151.05054,-33.083614],[151.049534,-33.084887],[151.048376,-33.086012],[151.047811,-33.087388],[151.047132,-33.088213],[151.047076,-33.088392],[151.046552,-33.088992],[151.045609,-33.089335],[151.044662,-33.089893],[151.044048,-33.090742],[151.043278,-33.090945],[151.042747,-33.092081],[151.042345,-33.092114],[151.042472,-33.092793],[151.042712,-33.093477],[151.042696,-33.094193],[151.040739,-33.09613],[151.040344,-33.096697],[151.040028,-33.097515],[151.040143,-33.09809],[151.040126,-33.098841],[151.039852,-33.099696],[151.040117,-33.101167],[151.040019,-33.101774],[151.039756,-33.102128],[151.039063,-33.10269],[151.038308,-33.104109],[151.038156,-33.105216],[151.038609,-33.105868],[151.039481,-33.106848],[151.039673,-33.107746],[151.039446,-33.108422],[151.039139,-33.108811],[151.03906,-33.110492],[151.038963,-33.111027],[151.037899,-33.112943],[151.037845,-33.113479],[151.037612,-33.114406],[151.03725,-33.115367],[151.037407,-33.115978],[151.037861,-33.116593],[151.037708,-33.1177],[151.037286,-33.119483],[151.037621,-33.119703],[151.037914,-33.119565],[151.03878,-33.12038],[151.038697,-33.121066],[151.038476,-33.121807],[151.038938,-33.122444],[151.039378,-33.124112],[151.039014,-33.12399],[151.038967,-33.12422],[151.038051,-33.124062],[151.037737,-33.124202],[151.036461,-33.124182],[151.035861,-33.124387],[151.035092,-33.124518],[151.034831,-33.124801],[151.034805,-33.125946],[151.034898,-33.126568],[151.035399,-33.126998],[151.035008,-33.127357],[151.034156,-33.127437],[151.033317,-33.127855],[151.032532,-33.128701],[151.032558,-33.127556],[151.032063,-33.126833],[151.031991,-33.126259],[151.031251,-33.125102],[151.030837,-33.124594],[151.030067,-33.124797],[151.029035,-33.125282],[151.027903,-33.125147],[151.026916,-33.125197],[151.025929,-33.125433],[151.024659,-33.125162],[151.022669,-33.12397],[151.020804,-33.122523],[151.019531,-33.122009],[151.018797,-33.121919],[151.01725,-33.12208],[151.016189,-33.122361],[151.016191,-33.122921],[151.015844,-33.122932],[151.015836,-33.122449],[151.013568,-33.122751],[151.012863,-33.123072],[151.012339,-33.124426],[151.010402,-33.124214],[151.007193,-33.124469],[151.005637,-33.125092],[151.003949,-33.125929],[151.003239,-33.12608],[151.002349,-33.12521],[151.000727,-33.125505],[150.999879,-33.125009],[150.99932,-33.124459],[150.998316,-33.124563],[150.99773,-33.125155],[150.997778,-33.126179],[150.996541,-33.127123],[150.996047,-33.126814],[150.996289,-33.125614],[150.995366,-33.125298],[150.994174,-33.124256],[150.99318,-33.123939],[150.991931,-33.125363],[150.990845,-33.125947],[150.989013,-33.124714],[150.987857,-33.125237],[150.98778,-33.125205],[150.986862,-33.126195],[150.985987,-33.127964],[150.98515,-33.128058],[150.984215,-33.127536],[150.984221,-33.127631],[150.983755,-33.12744],[150.980499,-33.126649],[150.979246,-33.126978],[150.975342,-33.129014],[150.973511,-33.129748],[150.971016,-33.129707],[150.969433,-33.12949],[150.966921,-33.130213],[150.964448,-33.129218],[150.963572,-33.127868],[150.962741,-33.127619],[150.961617,-33.127416],[150.95967,-33.128243],[150.957443,-33.126441],[150.954892,-33.126399],[150.954258,-33.126818],[150.952639,-33.125741],[150.951285,-33.125433],[150.950843,-33.124901],[150.949528,-33.122923],[150.945625,-33.122524],[150.944868,-33.123371],[150.942256,-33.123518],[150.941126,-33.123309],[150.939971,-33.121763],[150.938965,-33.121126],[150.938232,-33.12097],[150.936417,-33.120988],[150.935462,-33.120591],[150.934574,-33.119765],[150.93367,-33.119606],[150.933538,-33.117982],[150.933082,-33.116653],[150.932405,-33.115529],[150.931576,-33.114609],[150.930923,-33.113453],[150.928091,-33.11331],[150.927535,-33.112824],[150.926183,-33.112467],[150.924105,-33.111621],[150.92279,-33.112077],[150.921873,-33.112491],[150.920217,-33.112988],[150.918408,-33.112719],[150.918112,-33.112596],[150.916378,-33.112256],[150.914358,-33.113749],[150.910927,-33.11498],[150.905622,-33.116275],[150.900395,-33.121484],[150.900194,-33.121365],[150.899938,-33.121619],[150.886144,-33.119811],[150.884452,-33.119448],[150.883213,-33.119093],[150.881702,-33.118256],[150.88041,-33.117757],[150.879445,-33.117788],[150.877868,-33.117332],[150.876472,-33.116449],[150.875179,-33.11595],[150.87406,-33.115358],[150.872824,-33.11486],[150.872839,-33.11424],[150.87231,-33.112656],[150.871888,-33.109022],[150.871226,-33.108248],[150.870669,-33.107809],[150.870125,-33.106893],[150.870429,-33.106039],[150.871296,-33.105338],[150.871766,-33.104678],[150.871324,-33.104193],[150.869399,-33.103462],[150.867946,-33.103101],[150.86558,-33.102347],[150.865186,-33.101091],[150.865324,-33.099756],[150.864805,-33.099301],[150.861706,-33.098177],[150.860512,-33.097176],[150.859551,-33.095286],[150.858564,-33.094466],[150.854858,-33.094358],[150.85369,-33.094427],[150.853421,-33.094601],[150.852902,-33.096331],[150.852133,-33.097477],[150.851266,-33.098265],[150.849499,-33.098993],[150.84812,-33.099058],[150.847011,-33.098905],[150.846609,-33.098006],[150.846905,-33.096718],[150.847468,-33.09539],[150.847703,-33.094413],[150.847614,-33.093742],[150.84763,-33.093074],[150.848287,-33.092193],[150.849785,-33.091594],[150.850864,-33.09081],[150.851471,-33.089839],[150.851273,-33.089256],[150.850752,-33.08889],[150.849967,-33.088476],[150.848918,-33.088056],[150.848506,-33.087558],[150.848361,-33.086976],[150.849503,-33.085792],[150.851112,-33.084972],[150.852621,-33.083928],[150.85269,-33.08326],[150.851703,-33.082485],[150.850551,-33.081929],[150.849356,-33.080928],[150.848585,-33.079978],[150.848785,-33.078286],[150.849389,-33.077696],[150.849429,-33.077555],[150.849178,-33.075653],[150.848602,-33.074856],[150.848994,-33.074505],[150.851038,-33.073757],[150.851915,-33.072978],[150.854163,-33.07177],[150.855561,-33.070825],[150.85582,-33.070285],[150.855802,-33.06972],[150.855204,-33.069267],[150.853803,-33.068584],[150.853845,-33.068439],[150.852406,-33.067425],[150.851726,-33.066821],[150.851386,-33.065933],[150.851424,-33.065102],[150.851859,-33.064176],[150.852576,-33.063534],[150.853143,-33.063269],[150.854749,-33.063402],[150.855636,-33.063855],[150.856146,-33.064006],[150.857393,-33.063931],[150.857941,-33.063458],[150.858097,-33.063426],[150.857831,-33.063061],[150.858788,-33.061703],[150.859034,-33.060932],[150.85865,-33.06018],[150.858225,-33.060386],[150.857011,-33.060187],[150.855742,-33.06012],[150.853632,-33.059772],[150.853222,-33.059185],[150.853397,-33.058519],[150.854051,-33.057772],[150.85428,-33.057062],[150.854371,-33.055503],[150.853468,-33.053436],[150.852325,-33.052524],[150.851006,-33.052323],[150.849092,-33.052602],[150.847557,-33.052576],[150.847144,-33.052123],[150.847949,-33.051691],[150.849887,-33.050431],[150.851991,-33.048817],[150.853738,-33.048847],[150.855365,-33.049455],[150.856253,-33.04996],[150.857156,-33.049842],[150.856796,-33.04939],[150.856397,-33.048402],[150.855002,-33.046951],[150.854062,-33.046399],[150.852843,-33.046468],[150.849561,-33.046411],[150.849202,-33.045914],[150.849497,-33.04467],[150.849999,-33.043609],[150.850607,-33.042593],[150.850729,-33.041927],[150.851424,-33.041626],[150.851889,-33.042125],[150.852297,-33.042756],[150.852976,-33.043169],[150.853561,-33.043046],[150.85695,-33.043059],[150.857701,-33.042671],[150.857926,-33.042095],[150.857894,-33.041247],[150.857604,-33.040082],[150.857313,-33.039907],[150.856858,-33.038997],[150.856139,-33.038657],[150.855271,-33.038531],[150.853358,-33.037864],[150.852878,-33.037267],[150.85287,-33.03656],[150.853284,-33.035648],[150.855162,-33.033965],[150.855531,-33.033074],[150.855416,-33.032524],[150.855033,-33.032058],[150.853086,-33.031143],[150.852495,-33.030588],[150.851681,-33.030135],[150.850933,-33.030159],[150.850494,-33.030497],[150.850263,-33.03146],[150.850139,-33.032764],[150.849729,-33.033255],[150.848484,-33.034364],[150.846648,-33.035453],[150.846076,-33.035337],[150.845827,-33.035034],[150.844022,-33.033622],[150.843146,-33.03311],[150.84202,-33.033384],[150.841434,-33.033822],[150.840594,-33.034147],[150.839293,-33.034487],[150.838512,-33.034512],[150.837964,-33.034199],[150.837438,-33.033556],[150.836936,-33.032643],[150.836255,-33.031705],[150.835899,-33.030877],[150.835334,-33.030175],[150.835049,-33.030154],[150.834499,-33.030591],[150.833102,-33.032012],[150.832495,-33.03278],[150.831764,-33.033132],[150.830626,-33.033138],[150.83016,-33.033062],[150.829786,-33.032654],[150.829663,-33.032145],[150.829896,-33.031093],[150.829898,-33.030313],[150.830007,-33.029561],[150.829675,-33.029272],[150.827185,-33.02845],[150.826978,-33.027797],[150.827004,-33.025938],[150.826518,-33.025384],[150.825281,-33.024763],[150.823632,-33.024454],[150.82212,-33.024051],[150.820712,-33.023556],[150.81961,-33.023589],[150.818285,-33.023361],[150.818534,-33.022544],[150.819129,-33.021507],[150.819063,-33.02082],[150.818079,-33.019442],[150.817571,-33.018409],[150.817796,-33.018118],[150.820784,-33.017189],[150.820794,-33.016788],[150.820447,-33.015801],[150.819735,-33.014629],[150.819263,-33.014442],[150.818347,-33.015095],[150.816095,-33.01626],[150.814406,-33.016052],[150.812772,-33.013615],[150.812493,-33.012049],[150.812585,-33.011783],[150.812114,-33.01137],[150.811088,-33.011228],[150.809396,-33.01126],[150.808587,-33.010659],[150.807283,-33.010493],[150.80609,-33.008658],[150.806563,-33.006943],[150.806577,-33.006381],[150.806364,-33.006003],[150.806183,-33.005377],[150.805336,-33.004069],[150.804998,-33.004022],[150.802196,-33.001252],[150.800803,-32.999564],[150.804042,-32.999168],[150.807961,-33.000295],[150.810079,-33.001693],[150.809832,-33.002224],[150.809949,-33.002209],[150.810212,-33.002043],[150.81058,-33.001591],[150.810994,-33.000697],[150.810258,-33.000547],[150.809116,-33.000033],[150.808716,-32.999747],[150.808202,-32.99969],[150.807631,-32.998548],[150.808072,-32.998344],[150.807974,-32.998034],[150.808716,-32.997977],[150.81043,-32.998148],[150.809841,-32.996892],[150.808182,-32.996613],[150.806261,-32.997063],[150.803748,-32.996949],[150.802606,-32.997862],[150.801521,-32.998148],[150.80055,-32.998091],[150.799979,-32.997862],[150.799465,-32.997234],[150.799008,-32.996835],[150.798437,-32.996835],[150.797352,-32.996492],[150.796667,-32.996149],[150.796781,-32.995407],[150.797523,-32.994836],[150.798437,-32.994322],[150.79957,-32.993869],[150.799384,-32.993565],[150.799627,-32.993443],[150.799579,-32.992996],[150.801538,-32.990406],[150.80153,-32.990312],[150.780202,-32.987281],[150.779821,-32.987933],[150.778702,-32.988181],[150.778235,-32.98777],[150.778686,-32.987208],[150.778288,-32.987235],[150.777519,-32.987757],[150.776474,-32.988175],[150.776537,-32.988846],[150.776332,-32.988687],[150.776014,-32.989105],[150.775754,-32.990262],[150.77723,-32.990023],[150.778583,-32.990262],[150.77847,-32.991405],[150.777431,-32.992174],[150.776518,-32.992213],[150.774982,-32.994133],[150.775467,-32.995028],[150.777022,-32.994888],[150.778034,-32.994202],[150.779279,-32.993688],[150.78014,-32.992698],[150.781583,-32.992254],[150.783123,-32.992688],[150.783655,-32.992588],[150.783975,-32.992004],[150.78483,-32.991805],[150.785094,-32.992524],[150.788099,-32.991609],[150.788741,-32.99268],[150.787885,-32.993822],[150.7866,-32.994679],[150.785315,-32.99575],[150.784712,-32.995881],[150.7841,-32.997232],[150.783401,-32.998006],[150.782681,-32.998264],[150.783184,-32.998216],[150.78481,-32.998379],[150.785376,-32.99802],[150.786977,-32.997646],[150.788581,-32.997105],[150.790041,-32.9976],[150.791068,-32.997853],[150.791343,-32.998025],[150.791686,-32.998601],[150.791945,-32.999376],[150.791212,-33.000067],[150.790141,-32.999948],[150.789074,-32.999661],[150.787692,-33.000843],[150.787012,-33.000999],[150.785353,-33.000533],[150.785094,-33.001367],[150.785505,-33.002413],[150.787271,-33.003383],[150.763717,-33.000421],[150.761811,-33.010557],[150.761597,-33.010507],[150.761296,-33.010774],[150.76121,-33.010734],[150.759593,-33.011681],[150.756338,-33.01268],[150.75345,-33.013384],[150.752561,-33.013066],[150.752263,-33.010642],[150.754883,-33.006334],[150.753255,-33.00624],[150.75182,-33.004782],[150.751736,-33.003635],[150.753945,-33.003572],[150.752458,-33.001754],[150.751953,-33.001934],[150.750648,-33.002178],[150.749501,-33.003103],[150.749332,-33.003341],[150.745888,-33.002944],[150.745762,-33.002478],[150.745747,-33.003331],[150.745588,-33.003311],[150.745601,-33.002806],[150.74393,-33.002002],[150.743162,-33.001034],[150.742389,-33.000535],[150.741996,-33.000534],[150.741992,-33.00072],[150.741695,-33.001239],[150.741231,-33.00166],[150.740819,-33.002273],[150.738531,-33.007624],[150.737891,-33.00828],[150.737206,-33.008506],[150.736355,-33.008539],[150.734549,-33.008315],[150.734079,-33.008974],[150.733618,-33.0093],[150.732425,-33.009422],[150.730395,-33.009098],[150.729561,-33.008463],[150.728524,-33.006965],[150.728201,-33.006291],[150.728276,-33.005576],[150.728072,-33.004714],[150.72764,-33.003895],[150.726143,-33.002627],[150.724561,-33.002503],[150.723605,-33.002247],[150.721854,-33.002071],[150.721065,-33.001914],[150.719426,-33.001788],[150.718683,-33.002061],[150.717832,-33.002093],[150.717268,-33.002035],[150.716826,-33.001598],[150.714675,-33.001558],[150.714181,-32.999726],[150.713204,-32.998866],[150.709673,-32.997516],[150.708183,-32.997212],[150.707167,-32.997098],[150.706057,-32.996219],[150.706209,-32.996195],[150.705701,-32.995015],[150.705212,-32.993295],[150.705162,-32.991088],[150.705403,-32.990012],[150.706202,-32.990116],[150.70602,-32.990969],[150.706254,-32.992233],[150.707357,-32.992974],[150.707797,-32.992487],[150.707391,-32.991669],[150.707244,-32.991126],[150.707695,-32.990234],[150.70784,-32.990087],[150.706506,-32.989195],[150.705358,-32.988945],[150.705125,-32.988586],[150.704513,-32.988481],[150.703352,-32.988734],[150.702739,-32.989051],[150.702021,-32.989178],[150.70143,-32.989114],[150.70066,-32.987786],[150.70064,-32.987965],[150.699818,-32.987339],[150.69704,-32.987059],[150.695023,-32.987117],[150.694363,-32.987238],[150.692746,-32.989327],[150.69227,-32.989318],[150.691466,-32.988883],[150.690674,-32.98801],[150.689754,-32.987687],[150.689284,-32.987202],[150.685745,-32.987474],[150.684126,-32.99178],[150.683689,-32.994899],[150.684244,-32.997989],[150.684526,-33.001326],[150.683468,-33.003149],[150.682263,-33.004857],[150.679774,-33.006365],[150.680606,-33.007042],[150.679247,-33.007336],[150.676045,-33.008746],[150.674714,-33.010816],[150.674383,-33.013096],[150.67252,-33.016018],[150.670197,-33.018118],[150.66931,-33.020653],[150.668915,-33.021382],[150.668873,-33.023772],[150.670732,-33.02754],[150.67203,-33.031445],[150.672154,-33.034428],[150.672917,-33.035719],[150.675067,-33.036253],[150.676767,-33.036202],[150.678214,-33.036876],[150.678857,-33.037965],[150.67846,-33.038767],[150.678595,-33.040626],[150.679668,-33.041019],[150.679317,-33.041685],[150.677053,-33.043814],[150.674335,-33.043912],[150.671017,-33.042674],[150.669243,-33.040954],[150.669015,-33.041572],[150.663588,-33.038586],[150.662314,-33.033892],[150.662326,-33.034665],[150.659085,-33.033251],[150.657323,-33.034292],[150.656888,-33.036013],[150.65717,-33.037391],[150.657498,-33.038381],[150.654174,-33.039541],[150.653539,-33.040812],[150.65382,-33.042219],[150.65634,-33.043744],[150.654619,-33.043229],[150.653019,-33.043199],[150.652886,-33.042738],[150.649979,-33.04152],[150.6491,-33.042607],[150.647983,-33.043331],[150.647137,-33.044538],[150.647009,-33.045121],[150.646029,-33.044935],[150.644423,-33.045411],[150.64287,-33.046545],[150.642252,-33.048472],[150.641796,-33.050968],[150.641198,-33.05215],[150.639968,-33.054005],[150.638907,-33.053316],[150.639188,-33.050805],[150.638867,-33.053315],[150.637534,-33.052538],[150.635293,-33.048917],[150.635166,-33.047036],[150.634332,-33.04691],[150.633497,-33.049303],[150.632276,-33.04881],[150.631139,-33.048171],[150.631016,-33.048523],[150.630122,-33.048021],[150.628251,-33.046168],[150.627596,-33.046527],[150.627359,-33.047041],[150.627224,-33.047016],[150.626932,-33.047345],[150.626208,-33.049001],[150.625714,-33.049445],[150.625311,-33.0497],[150.624457,-33.04985],[150.623666,-33.049764],[150.623675,-33.04943],[150.62437,-33.047797],[150.624324,-33.047414],[150.623969,-33.046907],[150.623583,-33.046541],[150.623286,-33.045987],[150.623326,-33.045534],[150.623424,-33.045059],[150.623667,-33.044467],[150.624452,-33.043695],[150.624641,-33.043413],[150.624795,-33.043466],[150.62488,-33.042819],[150.624559,-33.041305],[150.62358,-33.039759],[150.623098,-33.039158],[150.622761,-33.038198],[150.625133,-33.038491],[150.625994,-33.038469],[150.626181,-33.03839],[150.626343,-33.038831],[150.627836,-33.038621],[150.628082,-33.037373],[150.627979,-33.03594],[150.626085,-33.033975],[150.625794,-33.033968],[150.624208,-33.032387],[150.62455,-33.031247],[150.62689,-33.031878],[150.629849,-33.031068],[150.630438,-33.031018],[150.630859,-33.028985],[150.633841,-33.02731],[150.636708,-33.024396],[150.638614,-33.021772],[150.640238,-33.021432],[150.637914,-33.017739],[150.636918,-33.016545],[150.632344,-33.017386],[150.626956,-33.015738],[150.622148,-33.011626],[150.618709,-33.005747],[150.617606,-33.003129],[150.618292,-33.002152],[150.619376,-33.00007],[150.616228,-32.999763],[150.614494,-32.99874],[150.613674,-32.999219],[150.610016,-32.998778],[150.607506,-32.999348],[150.606462,-32.999947],[150.603218,-33.000503],[150.60223,-33.001721],[150.60015,-33.00267],[150.600328,-33.001499],[150.60131,-33.000466],[150.601274,-32.999105],[150.599984,-32.997967],[150.599362,-32.996533],[150.598517,-32.995218],[150.598232,-32.994903],[150.596198,-32.994122],[150.595461,-32.994231],[150.592202,-32.995343],[150.590985,-32.996928],[150.590551,-32.996672],[150.590452,-32.998651],[150.584066,-32.999286],[150.578759,-33.00184],[150.575873,-33.001344],[150.575026,-32.999978],[150.574737,-32.997515],[150.575095,-32.995825],[150.577539,-32.992874],[150.578224,-32.991793],[150.579149,-32.991206],[150.579965,-32.989325],[150.580977,-32.988021],[150.582735,-32.987375],[150.584867,-32.98552],[150.585414,-32.985173],[150.585595,-32.985283],[150.58547,-32.985137],[150.585688,-32.984999],[150.584985,-32.984305],[150.583899,-32.984216],[150.58263,-32.983472],[150.58384,-32.984212],[150.582717,-32.984941],[150.582022,-32.9855],[150.581574,-32.986351],[150.580331,-32.986792],[150.577906,-32.986959],[150.577451,-32.987567],[150.574416,-32.988403],[150.572059,-32.989902],[150.571816,-32.988719],[150.570159,-32.986486],[150.570127,-32.986625],[150.569785,-32.986171],[150.569623,-32.98549],[150.56942,-32.985532],[150.567997,-32.983616],[150.567086,-32.982167],[150.566983,-32.980962],[150.566846,-32.980931],[150.566987,-32.980953],[150.567216,-32.980484],[150.567873,-32.979691],[150.569182,-32.979126],[150.570957,-32.977993],[150.571664,-32.9778],[150.572622,-32.976732],[150.572037,-32.976727],[150.572321,-32.976411],[150.57319,-32.973132],[150.574432,-32.97225],[150.575013,-32.971188],[150.575144,-32.969872],[150.575691,-32.969949],[150.576193,-32.968985],[150.576503,-32.96756],[150.576544,-32.966072],[150.57604,-32.96463],[150.576415,-32.963321],[150.577474,-32.961853],[150.578124,-32.960434],[150.579114,-32.959021],[150.579432,-32.95809],[150.580322,-32.956277],[150.581133,-32.955705],[150.5823,-32.955504],[150.584009,-32.954866],[150.586626,-32.955028],[150.58776,-32.954771],[150.588881,-32.953813],[150.589124,-32.953426],[150.588902,-32.951828],[150.589602,-32.949268],[150.588809,-32.946708],[150.58892,-32.946263],[150.589708,-32.945355],[150.589788,-32.944853],[150.589671,-32.944291],[150.589316,-32.943921],[150.588825,-32.94366],[150.587797,-32.943335],[150.587271,-32.942833],[150.586859,-32.940913],[150.588917,-32.941426],[150.593399,-32.940149],[150.595382,-32.938753],[150.598841,-32.940182],[150.598981,-32.939565],[150.600351,-32.940463],[150.605979,-32.940354],[150.6075,-32.939545],[150.607983,-32.938712],[150.608978,-32.938126],[150.611415,-32.937918],[150.614525,-32.937374],[150.617024,-32.939414],[150.618815,-32.941625],[150.619823,-32.941419],[150.62228,-32.942366],[150.623857,-32.942129],[150.62427,-32.941161],[150.625839,-32.940733],[150.628736,-32.939501],[150.629131,-32.938694],[150.631569,-32.938128],[150.632574,-32.933995],[150.634167,-32.933798],[150.634097,-32.93208],[150.633501,-32.930178],[150.634576,-32.925754],[150.634734,-32.925562],[150.635148,-32.924594],[150.63502,-32.923924],[150.635174,-32.923291],[150.636724,-32.924357],[150.637567,-32.922803],[150.636809,-32.920913],[150.635366,-32.917752],[150.632734,-32.914661],[150.63251,-32.914596],[150.633738,-32.913424],[150.632045,-32.911029],[150.632209,-32.910755],[150.63492,-32.912045],[150.635638,-32.907992],[150.635199,-32.907414],[150.635789,-32.907181],[150.637505,-32.904836],[150.639713,-32.903433],[150.639384,-32.900958],[150.638543,-32.900236],[150.639238,-32.899224],[150.637667,-32.896512],[150.638342,-32.895989],[150.634007,-32.890192],[150.630868,-32.88477],[150.631004,-32.884574],[150.631815,-32.882256],[150.630606,-32.879377],[150.630627,-32.879203],[150.630486,-32.879092],[150.630308,-32.878669],[150.629941,-32.878663],[150.626756,-32.876156],[150.626804,-32.876095],[150.626451,-32.873975],[150.626629,-32.873952],[150.627774,-32.868757],[150.63088,-32.865799],[150.631012,-32.865275],[150.632612,-32.866608],[150.643763,-32.865133],[150.645064,-32.861409],[150.647705,-32.861145],[150.647563,-32.857708],[150.647936,-32.855785],[150.646695,-32.853146],[150.645834,-32.852469],[150.647206,-32.849835],[150.645656,-32.849307],[150.642275,-32.849694],[150.637928,-32.847241],[150.637821,-32.846574],[150.637879,-32.846537],[150.637778,-32.846308],[150.637478,-32.846502],[150.637063,-32.845821],[150.637757,-32.846173],[150.637699,-32.845814],[150.636848,-32.845467],[150.63647,-32.844847],[150.635524,-32.844928],[150.634417,-32.844477],[150.635337,-32.844944],[150.633932,-32.845065],[150.634136,-32.846763],[150.632606,-32.846488],[150.632201,-32.847647],[150.625205,-32.848234],[150.627264,-32.851703],[150.619574,-32.855234],[150.623016,-32.864595],[150.626637,-32.864756],[150.625257,-32.86539],[150.624479,-32.867133],[150.624468,-32.867652],[150.620789,-32.868766],[150.619664,-32.867703],[150.616715,-32.867598],[150.614075,-32.869985],[150.611046,-32.869927],[150.602659,-32.864973],[150.601317,-32.872617],[150.59271,-32.875807],[150.58845,-32.886271],[150.588246,-32.88639],[150.57761,-32.88457],[150.577422,-32.892689],[150.571709,-32.896013],[150.577319,-32.897179],[150.577276,-32.89903],[150.569726,-32.902021],[150.566271,-32.900385],[150.563937,-32.895911],[150.561081,-32.896296],[150.556004,-32.897787],[150.555932,-32.897655],[150.555777,-32.897854],[150.550795,-32.899316],[150.551952,-32.902755],[150.547229,-32.908805],[150.548416,-32.911499],[150.546779,-32.912863],[150.547396,-32.91373],[150.545415,-32.913954],[150.543768,-32.917635],[150.539489,-32.918363],[150.539742,-32.920172],[150.534852,-32.919101],[150.52762,-32.917793],[150.522673,-32.919751],[150.520406,-32.92392],[150.519412,-32.922604],[150.517107,-32.92252],[150.516905,-32.925089],[150.513649,-32.924212],[150.512538,-32.923557],[150.51298,-32.924031],[150.512338,-32.923439],[150.51172,-32.923646],[150.511567,-32.923549],[150.511514,-32.923714],[150.509892,-32.924255],[150.506437,-32.921964],[150.50652,-32.922956],[150.50435,-32.922116],[150.503163,-32.923806],[150.49788,-32.923254],[150.495493,-32.920216],[150.489521,-32.919729],[150.489289,-32.919608],[150.489218,-32.91525],[150.489247,-32.919586],[150.486198,-32.917993],[150.481104,-32.918136],[150.4811,-32.919183],[150.480792,-32.919175],[150.478031,-32.923266],[150.480944,-32.925244],[150.48074,-32.92523],[150.480039,-32.926394],[150.475004,-32.92791],[150.474668,-32.929724],[150.474132,-32.93024],[150.469048,-32.931433],[150.46692,-32.930055],[150.456558,-32.929509],[150.455879,-32.928591],[150.455973,-32.927305],[150.45487,-32.925186],[150.45339,-32.925227],[150.453267,-32.925061],[150.452375,-32.924749],[150.452692,-32.921663],[150.451011,-32.92214],[150.449511,-32.922898],[150.449057,-32.924835],[150.447066,-32.926505],[150.44756,-32.92487],[150.44336,-32.921399],[150.442654,-32.916066],[150.442751,-32.912684],[150.438007,-32.908235],[150.437552,-32.904116],[150.437622,-32.901699],[150.442053,-32.898649],[150.443642,-32.898739],[150.446953,-32.896497],[150.449253,-32.897388],[150.454062,-32.897254],[150.454271,-32.891452],[150.45485,-32.884798],[150.455565,-32.884096],[150.456938,-32.879114],[150.454596,-32.873484],[150.449047,-32.871796],[150.448734,-32.869392],[150.445821,-32.863034],[150.440364,-32.861097],[150.439342,-32.860612],[150.437916,-32.859258],[150.437769,-32.859296],[150.44291,-32.854966],[150.44168,-32.854463],[150.442682,-32.853558],[150.438387,-32.847944],[150.434882,-32.846109],[150.433451,-32.838122],[150.434024,-32.837321],[150.433994,-32.836751],[150.433188,-32.836655],[150.432701,-32.833938],[150.43282,-32.833838],[150.432773,-32.833805],[150.435695,-32.833067],[150.441548,-32.830754],[150.438696,-32.822948],[150.447162,-32.822354],[150.451076,-32.824754],[150.456658,-32.82639],[150.45964,-32.826665],[150.463257,-32.832298],[150.468261,-32.830007],[150.47147,-32.825258],[150.479837,-32.832908],[150.485844,-32.834531],[150.487427,-32.831619],[150.48802,-32.825151],[150.483328,-32.824567],[150.485264,-32.819853],[150.489928,-32.819721],[150.493644,-32.817108],[150.501219,-32.81546],[150.509755,-32.816652],[150.512808,-32.818715],[150.516652,-32.819323],[150.520296,-32.814918],[150.515871,-32.810385],[150.514129,-32.798608],[150.517629,-32.790623],[150.526235,-32.793604],[150.530444,-32.792767],[150.533426,-32.79304],[150.534446,-32.797312],[150.539984,-32.79787],[150.54219,-32.799957],[150.544367,-32.801328],[150.54637,-32.801939],[150.547143,-32.803093],[150.549669,-32.804351],[150.550941,-32.806516],[150.55518,-32.806394],[150.555745,-32.806176],[150.559157,-32.806817],[150.562305,-32.80595],[150.562266,-32.805835],[150.562655,-32.805395],[150.562163,-32.803736],[150.56018,-32.803674],[150.559528,-32.801542],[150.560367,-32.800725],[150.568879,-32.798831],[150.573541,-32.798697],[150.575251,-32.799006],[150.576857,-32.800452],[150.575805,-32.800483],[150.576326,-32.801125],[150.577462,-32.801211],[150.577629,-32.801864],[150.576691,-32.803145],[150.576852,-32.803173],[150.576887,-32.804028],[150.577354,-32.80509],[150.577912,-32.80553],[150.57786,-32.805799],[150.579339,-32.805637],[150.579377,-32.806592],[150.578819,-32.806787],[150.579408,-32.8091],[150.579796,-32.809925],[150.579666,-32.810227],[150.579123,-32.81078],[150.578628,-32.810795],[150.578411,-32.812414],[150.5794,-32.812385],[150.580921,-32.811505],[150.580807,-32.810433],[150.58193,-32.810221],[150.582329,-32.809612],[150.583556,-32.809188],[150.584379,-32.809361],[150.584605,-32.809905],[150.58373,-32.811005],[150.584015,-32.811057],[150.58698,-32.810911],[150.58792,-32.811422],[150.588926,-32.81181],[150.589601,-32.812747],[150.589915,-32.813514],[150.590439,-32.814216],[150.59078,-32.814188],[150.590739,-32.814625],[150.59185,-32.814115],[150.593158,-32.814973],[150.595753,-32.816152],[150.596498,-32.817086],[150.595387,-32.817596],[150.594045,-32.817635],[150.593484,-32.817771],[150.59306,-32.817783],[150.592295,-32.818104],[150.592378,-32.8184],[150.594305,-32.818822],[150.596142,-32.818769],[150.59654,-32.8181],[150.597295,-32.817541],[150.597997,-32.817401],[150.598647,-32.81774],[150.599524,-32.818432],[150.599856,-32.817884],[150.603513,-32.81736],[150.604292,-32.817397],[150.605011,-32.819407],[150.604902,-32.820186],[150.605479,-32.820468],[150.606532,-32.820258],[150.60668,-32.820433],[150.606473,-32.8211],[150.605781,-32.82267],[150.605557,-32.82411],[150.607015,-32.825143],[150.608445,-32.825519],[150.609145,-32.828784],[150.609471,-32.82985],[150.610763,-32.83029],[150.611481,-32.828835],[150.61075,-32.828259],[150.611625,-32.827158],[150.613582,-32.826564],[150.61497,-32.825926],[150.615141,-32.824905],[150.616817,-32.824378],[150.617438,-32.824002],[150.619272,-32.824536],[150.621175,-32.826442],[150.623101,-32.830269],[150.624584,-32.830147],[150.624611,-32.829588],[150.623756,-32.8291],[150.623756,-32.828243],[150.624223,-32.827987],[150.624089,-32.827903],[150.624918,-32.827167],[150.62469,-32.826891],[150.625689,-32.826324],[150.625879,-32.825692],[150.62591,-32.82452],[150.625818,-32.823813],[150.626474,-32.821528],[150.628031,-32.818793],[150.628421,-32.817962],[150.628218,-32.817915],[150.628368,-32.817557],[150.622775,-32.816951],[150.621764,-32.815873],[150.620753,-32.814391],[150.620486,-32.812236],[150.620082,-32.810012],[150.619338,-32.80779],[150.620082,-32.806577],[150.619273,-32.806645],[150.617927,-32.80651],[150.616038,-32.80577],[150.613074,-32.803748],[150.611121,-32.803412],[150.61011,-32.803613],[150.609168,-32.802873],[150.608157,-32.802266],[150.607955,-32.801862],[150.605735,-32.802468],[150.605495,-32.802468],[150.603162,-32.801716],[150.600951,-32.799573],[150.599334,-32.797282],[150.598258,-32.796676],[150.596103,-32.796138],[150.592532,-32.795867],[150.590984,-32.795329],[150.588828,-32.794318],[150.587546,-32.793241],[150.586135,-32.792905],[150.583976,-32.79223],[150.582832,-32.792096],[150.582294,-32.792432],[150.580676,-32.793174],[150.579463,-32.793174],[150.577445,-32.792836],[150.574348,-32.792836],[150.570235,-32.791759],[150.567611,-32.790277],[150.564983,-32.790008],[150.562961,-32.789468],[150.562156,-32.788526],[150.560001,-32.786841],[150.559192,-32.785764],[150.558383,-32.785495],[150.556766,-32.784686],[150.555957,-32.782531],[150.556026,-32.780644],[150.556228,-32.779096],[150.555755,-32.778153],[150.55535,-32.775929],[150.554477,-32.774718],[150.552928,-32.774245],[150.551242,-32.773438],[150.551108,-32.771552],[150.552657,-32.770408],[150.552726,-32.769128],[150.553195,-32.767848],[150.554275,-32.767242],[150.555148,-32.7665],[150.556899,-32.765826],[150.557304,-32.766366],[150.557304,-32.767444],[150.557979,-32.767848],[150.55899,-32.766568],[150.558448,-32.765422],[150.557708,-32.764277],[150.557506,-32.762527],[150.557841,-32.76138],[150.558181,-32.760976],[150.558921,-32.760976],[150.559129,-32.76025],[150.559549,-32.757894],[150.559393,-32.757988],[150.559367,-32.757419],[150.559486,-32.757321],[150.558186,-32.757341],[150.556669,-32.757689],[150.549329,-32.759951],[150.548913,-32.759202],[150.548828,-32.759222],[150.548464,-32.758393],[150.546713,-32.755241],[150.545386,-32.754045],[150.543711,-32.752896],[150.542406,-32.754076],[150.542031,-32.754087],[150.540789,-32.755069],[150.535243,-32.757962],[150.529436,-32.758128],[150.526889,-32.755125]],[[150.881586,-33.187457],[150.880845,-33.186763],[150.88051,-33.186734],[150.879942,-33.185943],[150.880408,-33.184925],[150.88141,-33.184802],[150.893344,-33.19082],[150.903311,-33.184148],[150.913129,-33.184555],[150.916758,-33.1856],[150.916981,-33.185808],[150.917168,-33.186173],[150.917271,-33.18608],[150.921395,-33.189937],[150.925199,-33.190422],[150.928361,-33.187555],[150.931262,-33.188789],[150.93817,-33.196455],[150.941914,-33.196386],[150.944349,-33.198501],[150.944157,-33.199644],[150.94572,-33.200956],[150.947437,-33.201879],[150.94787,-33.202023],[150.947891,-33.202094],[150.94874,-33.202315],[150.952622,-33.205685],[150.946519,-33.20715],[150.944242,-33.205258],[150.939694,-33.205541],[150.934528,-33.20796],[150.93376,-33.210453],[150.93569,-33.212871],[150.939529,-33.213745],[150.943937,-33.21576],[150.9406,-33.216504],[150.940159,-33.216129],[150.939873,-33.216381],[150.939943,-33.21614],[150.939814,-33.216005],[150.9389,-33.215422],[150.937388,-33.215472],[150.936807,-33.21624],[150.935798,-33.216943],[150.934712,-33.218063],[150.933748,-33.218786],[150.932679,-33.219185],[150.931142,-33.21933],[150.930559,-33.219188],[150.929409,-33.219168],[150.928007,-33.219354],[150.927469,-33.219212],[150.927659,-33.218798],[150.927863,-33.217797],[150.927629,-33.217224],[150.926708,-33.217039],[150.926315,-33.21652],[150.924083,-33.215554],[150.923586,-33.215565],[150.922653,-33.215928],[150.922539,-33.21605],[150.919954,-33.215064],[150.917528,-33.213037],[150.91679,-33.211448],[150.915079,-33.212343],[150.912148,-33.212085],[150.911913,-33.211189],[150.912438,-33.210303],[150.912158,-33.208806],[150.911858,-33.207812],[150.911092,-33.207898],[150.910829,-33.206799],[150.907304,-33.208172],[150.902962,-33.208028],[150.902427,-33.208215],[150.901846,-33.208239],[150.90134,-33.208039],[150.900751,-33.20803],[150.900204,-33.207868],[150.899323,-33.207872],[150.899192,-33.208224],[150.894793,-33.207596],[150.892719,-33.20698],[150.892298,-33.206133],[150.892435,-33.205376],[150.891796,-33.205181],[150.891262,-33.201923],[150.893109,-33.20134],[150.893577,-33.200358],[150.89295,-33.199997],[150.892448,-33.198965],[150.89227,-33.197818],[150.89207,-33.197143],[150.891631,-33.19687],[150.890278,-33.197128],[150.88913,-33.197825],[150.888116,-33.197287],[150.884573,-33.198609],[150.876867,-33.199456],[150.874236,-33.201052],[150.873442,-33.201429],[150.870958,-33.201287],[150.871521,-33.198489],[150.871934,-33.198495],[150.871521,-33.198488],[150.87155,-33.198344],[150.871483,-33.198343],[150.87135,-33.19737],[150.871446,-33.196894],[150.87096,-33.196823],[150.871004,-33.196607],[150.870947,-33.196606],[150.870202,-33.191597],[150.882739,-33.189837],[150.881391,-33.18796],[150.881586,-33.187457]],[[150.517945,-33.465388],[150.517985,-33.465285],[150.520351,-33.464863],[150.523201,-33.464729],[150.52704,-33.465856],[150.531196,-33.467847],[150.534771,-33.469338],[150.535648,-33.469355],[150.534772,-33.46934],[150.536487,-33.470075],[150.537723,-33.480532],[150.537312,-33.481044],[150.537727,-33.482484],[150.53541,-33.483869],[150.534288,-33.483274],[150.532903,-33.483915],[150.530749,-33.483585],[150.52918,-33.482695],[150.524771,-33.481558],[150.522585,-33.482373],[150.521229,-33.485972],[150.521405,-33.487788],[150.520126,-33.488717],[150.518297,-33.488967],[150.516898,-33.490084],[150.514725,-33.490422],[150.512528,-33.48761],[150.51027,-33.486897],[150.505935,-33.487191],[150.505425,-33.48909],[150.505307,-33.49319],[150.505008,-33.495665],[150.504737,-33.497187],[150.50291,-33.497341],[150.501552,-33.497027],[150.500541,-33.49653],[150.49884,-33.496304],[150.497742,-33.494851],[150.497892,-33.493613],[150.499405,-33.492499],[150.499138,-33.492213],[150.50012,-33.491368],[150.501243,-33.487956],[150.503493,-33.48607],[150.510894,-33.485001],[150.514171,-33.481918],[150.523587,-33.479148],[150.52385,-33.477913],[150.52582,-33.476712],[150.52317,-33.473796],[150.521569,-33.474051],[150.519467,-33.469027],[150.519223,-33.46902],[150.519467,-33.469025],[150.517945,-33.465388]],[[150.543889,-33.482034],[150.544173,-33.480035],[150.544639,-33.479663],[150.545446,-33.479381],[150.545466,-33.479884],[150.544981,-33.480071],[150.54499,-33.480544],[150.544674,-33.480886],[150.544631,-33.481077],[150.544717,-33.481614],[150.544486,-33.482513],[150.544252,-33.482811],[150.5448,-33.482478],[150.544654,-33.482726],[150.543539,-33.483355],[150.542018,-33.484533],[150.54326,-33.485274],[150.542841,-33.487257],[150.539836,-33.486984],[150.539572,-33.489261],[150.539806,-33.489841],[150.539465,-33.490086],[150.534974,-33.490055],[150.534127,-33.489142],[150.53229,-33.490245],[150.531968,-33.493187],[150.529042,-33.497873],[150.52283,-33.496561],[150.522853,-33.497738],[150.522783,-33.497816],[150.522855,-33.497831],[150.522858,-33.497992],[150.52272,-33.498125],[150.522359,-33.498102],[150.522611,-33.498231],[150.520354,-33.500413],[150.516688,-33.504348],[150.517652,-33.499329],[150.509523,-33.503975],[150.504655,-33.502159],[150.502925,-33.500521],[150.495329,-33.505635],[150.495395,-33.510446],[150.494207,-33.511338],[150.493203,-33.51063],[150.491059,-33.511503],[150.49067,-33.510751],[150.491172,-33.509959],[150.491042,-33.509728],[150.491135,-33.508871],[150.490525,-33.508687],[150.490416,-33.507711],[150.489247,-33.507974],[150.489181,-33.50551],[150.489124,-33.505519],[150.489263,-33.505069],[150.492817,-33.503721],[150.495046,-33.501476],[150.496265,-33.502646],[150.499702,-33.501952],[150.498202,-33.498677],[150.498023,-33.497925],[150.500573,-33.499393],[150.503302,-33.499543],[150.505915,-33.499787],[150.507078,-33.498951],[150.508061,-33.492482],[150.506622,-33.491022],[150.507143,-33.488743],[150.509999,-33.488418],[150.511115,-33.489204],[150.511649,-33.490455],[150.511833,-33.491986],[150.513161,-33.493348],[150.51577,-33.493687],[150.517744,-33.492391],[150.519505,-33.490518],[150.522232,-33.490763],[150.523869,-33.489269],[150.524308,-33.485842],[150.524701,-33.484037],[150.526646,-33.483694],[150.527982,-33.484771],[150.528397,-33.48621],[150.529579,-33.488715],[150.530145,-33.488822],[150.530947,-33.488647],[150.531313,-33.487795],[150.532855,-33.485631],[150.533676,-33.484789],[150.537085,-33.485048],[150.537819,-33.487257],[150.540583,-33.486167],[150.541309,-33.484654],[150.54187,-33.482566],[150.543889,-33.482034]],[[150.092961,-33.167723],[150.092853,-33.168137],[150.090364,-33.167841],[150.089853,-33.167661],[150.08996,-33.167614],[150.089426,-33.166927],[150.088684,-33.167217],[150.088355,-33.167044],[150.087847,-33.166357],[150.086934,-33.165589],[150.085795,-33.165278],[150.08503,-33.164145],[150.083742,-33.164335],[150.082553,-33.164003],[150.080524,-33.164347],[150.079708,-33.164073],[150.078636,-33.164145],[150.077964,-33.165466],[150.071115,-33.167303],[150.070874,-33.165806],[150.069973,-33.16342],[150.066399,-33.162591],[150.064759,-33.162459],[150.063002,-33.160955],[150.062954,-33.15958],[150.061535,-33.158527],[150.06119,-33.152393],[150.063842,-33.147013],[150.063555,-33.140809],[150.063269,-33.138725],[150.064756,-33.138277],[150.064446,-33.138535],[150.064902,-33.14026],[150.065626,-33.142127],[150.065788,-33.14301],[150.065011,-33.144655],[150.065192,-33.147311],[150.065622,-33.148298],[150.065966,-33.149361],[150.065788,-33.15306],[150.065619,-33.154505],[150.065828,-33.155461],[150.066467,-33.156147],[150.06792,-33.156259],[150.068505,-33.156651],[150.069641,-33.158988],[150.073052,-33.15979],[150.074583,-33.159605],[150.075666,-33.159171],[150.077718,-33.160081],[150.078441,-33.160655],[150.079898,-33.16084],[150.081372,-33.160286],[150.08277,-33.160067],[150.085503,-33.160331],[150.08535,-33.160963],[150.085585,-33.161401],[150.087887,-33.161898],[150.08901,-33.162609],[150.089668,-33.161336],[150.09076,-33.161161],[150.092169,-33.162494],[150.093767,-33.162971],[150.096059,-33.163173],[150.097571,-33.162433],[150.098607,-33.16067],[150.099012,-33.15965],[150.099501,-33.159017],[150.100482,-33.158634],[150.101765,-33.15877],[150.102466,-33.158576],[150.104096,-33.15873],[150.106774,-33.159294],[150.108383,-33.160458],[150.107798,-33.163167],[150.107159,-33.164387],[150.105681,-33.164997],[150.105616,-33.165414],[150.105222,-33.165525],[150.104232,-33.166612],[150.100764,-33.16663],[150.100682,-33.166754],[150.098369,-33.166441],[150.09415,-33.164712],[150.091834,-33.16477],[150.091799,-33.165688],[150.092961,-33.167723]],[[150.502329,-33.4541],[150.502408,-33.447503],[150.503754,-33.447009],[150.50578,-33.446531],[150.508521,-33.447248],[150.510038,-33.44995],[150.509213,-33.454896],[150.510054,-33.45487],[150.507991,-33.455168],[150.507009,-33.45763],[150.506836,-33.459725],[150.510364,-33.459428],[150.509783,-33.460166],[150.509102,-33.464065],[150.509503,-33.465982],[150.507584,-33.469381],[150.504121,-33.471028],[150.503944,-33.473022],[150.498645,-33.471395],[150.498918,-33.468604],[150.498182,-33.468586],[150.498918,-33.468602],[150.499129,-33.466441],[150.496909,-33.460479],[150.501914,-33.456668],[150.502329,-33.4541]],[[150.122206,-33.185298],[150.121001,-33.18497],[150.120179,-33.184632],[150.11945,-33.183289],[150.119351,-33.181715],[150.119035,-33.180003],[150.118854,-33.178502],[150.11935,-33.176877],[150.12136,-33.175895],[150.123422,-33.175162],[150.124401,-33.175138],[150.125569,-33.174427],[150.126314,-33.173799],[150.127403,-33.174453],[150.12935,-33.1753],[150.132094,-33.175782],[150.131817,-33.176459],[150.132271,-33.178174],[150.132517,-33.178614],[150.132805,-33.178917],[150.132914,-33.17938],[150.13263,-33.180474],[150.1322,-33.180717],[150.131732,-33.181176],[150.131838,-33.18158],[150.132087,-33.181684],[150.1318,-33.181867],[150.130616,-33.182112],[150.12941,-33.181748],[150.128365,-33.18113],[150.127881,-33.181894],[150.127756,-33.183188],[150.127498,-33.184305],[150.126367,-33.184871],[150.125549,-33.184641],[150.124769,-33.184266],[150.123726,-33.184902],[150.122206,-33.185298]],[[150.977805,-33.238857],[150.978046,-33.237893],[150.977549,-33.236356],[150.977578,-33.233846],[150.977417,-33.233631],[150.97761,-33.233187],[150.978819,-33.233911],[150.980016,-33.235123],[150.980621,-33.236866],[150.980476,-33.237568],[150.97905,-33.23787],[150.978362,-33.239756],[150.977881,-33.240527],[150.977805,-33.238857]],[[150.572144,-32.990318],[150.572756,-32.990811],[150.57234,-32.991271],[150.572144,-32.990318]],[[150.59195,-33.452354],[150.592326,-33.452343],[150.592487,-33.452601],[150.59195,-33.452354]],[[150.587667,-32.95298],[150.587799,-32.952731],[150.587709,-32.953008],[150.587584,-32.953069],[150.587667,-32.95298]],[[150.695033,-32.995349],[150.695049,-32.995235],[150.695125,-32.995153],[150.695033,-32.995349]],[[151.031436,-33.164714],[151.03144,-33.164718],[151.03144,-33.164722],[151.031436,-33.164714]]]},"properties":{"OBJECTID":32781,"FireType":1,"FireName":"Gospers Mountain","FireNo":"19102652934","FireYear":201920,"Label":"2019-20 Wildfire","StartDate":1572008400000,"EndDate":1581253200000,"Intensity":9999,"AreaHa":479513.85436911,"PerimeterM":859730.17692486,"OFHObjMet":null,"ObjNotMet":null,"NPWSBranch":"BMTN","NPWSArea":"MUDG","VerDate":1788739200000,"Shape.STArea()":0.4638209132998241,"Shape.STLength()":8.530499936419403}},{"type":"Feature","id":33064,"geometry":{"type":"Polygon","coordinates":[[[150.303688,-33.658286],[150.303455,-33.658212],[150.303163,-33.657912],[150.30297,-33.657295],[150.30251,-33.656839],[150.302544,-33.656696],[150.302647,-33.656611],[150.302957,-33.656568],[150.303094,-33.656468],[150.303094,-33.656354],[150.302819,-33.656239],[150.302647,-33.656024],[150.302733,-33.655324],[150.302974,-33.654724],[150.302957,-33.654295],[150.302648,-33.653937],[150.302473,-33.653928],[150.302235,-33.654209],[150.301512,-33.656195],[150.300845,-33.657302],[150.300646,-33.657475],[150.30033,-33.65756],[150.300623,-33.657793],[150.300329,-33.658061],[150.299945,-33.657835],[150.299816,-33.657949],[150.299597,-33.657955],[150.298928,-33.658572],[150.298763,-33.658527],[150.298559,-33.658665],[150.298411,-33.659055],[150.298418,-33.660027],[150.297935,-33.661356],[150.29795,-33.661597],[150.298313,-33.662636],[150.29814,-33.663973],[150.298018,-33.663882],[150.297834,-33.664004],[150.2981,-33.664205],[150.297997,-33.664354],[150.297655,-33.664504],[150.2973,-33.665047],[150.297347,-33.665082],[150.297225,-33.665604],[150.297041,-33.665866],[150.297008,-33.666128],[150.302484,-33.670223],[150.303485,-33.669301],[150.305572,-33.668798],[150.307811,-33.667544],[150.308366,-33.666186],[150.308938,-33.665245],[150.309121,-33.664434],[150.309382,-33.66377],[150.309323,-33.663174],[150.308833,-33.662471],[150.308436,-33.661436],[150.308525,-33.660956],[150.308964,-33.660287],[150.308913,-33.659871],[150.308756,-33.659516],[150.308689,-33.658682],[150.308547,-33.658285],[150.308557,-33.657972],[150.308979,-33.656913],[150.308854,-33.65618],[150.308952,-33.655382],[150.308863,-33.655361],[150.308128,-33.657],[150.306725,-33.657888],[150.30622,-33.656753],[150.305578,-33.657866],[150.305067,-33.659043],[150.304156,-33.659394],[150.30341,-33.658797],[150.303688,-33.658286]]]},"properties":{"OBJECTID":33064,"FireType":2,"FireName":"Blackheath Catchment East HR","FireNo":"HR20120190254","FireYear":202021,"Label":"2020-21 Prescribed Burn","StartDate":1619740800000,"EndDate":1620000000000,"Intensity":null,"AreaHa":123.11409222,"PerimeterM":6028.24983075,"OFHObjMet":null,"ObjNotMet":null,"NPWSBranch":"BMTN","NPWSArea":"UPMT","VerDate":1788739200000,"Shape.STArea()":0.00011967591208226915,"Shape.STLength()":0.05776873211970983}},{"type":"Feature","id":33345,"geometry":{"type":"Polygon","coordinates":[[[150.341451,-33.62033],[150.341546,-33.617713],[150.338405,-33.616428],[150.332266,-33.619331],[150.330315,-33.620378],[150.32903,-33.621234],[150.327412,-33.621234],[150.326674,-33.619723],[150.32599,-33.619872],[150.323581,-33.619515],[150.321915,-33.621448],[150.321202,-33.623114],[150.320845,-33.62588],[150.322153,-33.627278],[150.32373,-33.627903],[150.324325,-33.628051],[150.325306,-33.629152],[150.325485,-33.631026],[150.326317,-33.632335],[150.327121,-33.634833],[150.328102,-33.636112],[150.329619,-33.638491],[150.329054,-33.639651],[150.327924,-33.640068],[150.326793,-33.64096],[150.325395,-33.641793],[150.32278,-33.643132],[150.32201,-33.64207],[150.321192,-33.637294],[150.321328,-33.635247],[150.319622,-33.634564],[150.317917,-33.63436],[150.315187,-33.632586],[150.31239,-33.631153],[150.311708,-33.629925],[150.311844,-33.628014],[150.311708,-33.626104],[150.311503,-33.624808],[150.311025,-33.622761],[150.310207,-33.621532],[150.309047,-33.622624],[150.30775,-33.623443],[150.305908,-33.623579],[150.305021,-33.622624],[150.304066,-33.623579],[150.301678,-33.627469],[150.300791,-33.629311],[150.302633,-33.630198],[150.304543,-33.630266],[150.305294,-33.633132],[150.305976,-33.63436],[150.306659,-33.634974],[150.30659,-33.635861],[150.304816,-33.635861],[150.303725,-33.636407],[150.303588,-33.638181],[150.302496,-33.639341],[150.301337,-33.640091],[150.301337,-33.640023],[150.300313,-33.64091],[150.298949,-33.64091],[150.297857,-33.643093],[150.299017,-33.644526],[150.30004,-33.645004],[150.302565,-33.645413],[150.30352,-33.646641],[150.304475,-33.646641],[150.30775,-33.647255],[150.309592,-33.647665],[150.310821,-33.648211],[150.311639,-33.649643],[150.31239,-33.652714],[150.310616,-33.65517],[150.309661,-33.654488],[150.309729,-33.652987],[150.30932,-33.652168],[150.308569,-33.654147],[150.308501,-33.65633],[150.307955,-33.66172],[150.308228,-33.662846],[150.308091,-33.666496],[150.308989,-33.670883],[150.309332,-33.67311],[150.310816,-33.675337],[150.311445,-33.678193],[150.3135,-33.679049],[150.314928,-33.679963],[150.316927,-33.682761],[150.324579,-33.683675],[150.326921,-33.685788],[150.32635,-33.691384],[150.324122,-33.694982],[150.322009,-33.699722],[150.324065,-33.702406],[150.32338,-33.704976],[150.322923,-33.709337],[150.323459,-33.713942],[150.324672,-33.717439],[150.326243,-33.720687],[150.325921,-33.722722],[150.32817,-33.723793],[150.330133,-33.72497],[150.333024,-33.7239],[150.335772,-33.723543],[150.340377,-33.722401],[150.344338,-33.720152],[150.347908,-33.719581],[150.351869,-33.719295],[150.359186,-33.717511],[150.362791,-33.716012],[150.368359,-33.715191],[150.372963,-33.714691],[150.375048,-33.710501],[150.373163,-33.709244],[150.373449,-33.708216],[150.374933,-33.707245],[150.375961,-33.706674],[150.376532,-33.704333],[150.37362,-33.701021],[150.374305,-33.699479],[150.37402,-33.696909],[150.370365,-33.695596],[150.368652,-33.694225],[150.365796,-33.69708],[150.361342,-33.700393],[150.357344,-33.701535],[150.355289,-33.700564],[150.353233,-33.699936],[150.352662,-33.702905],[150.347979,-33.703705],[150.343924,-33.706617],[150.341811,-33.706789],[150.341616,-33.705132],[150.341616,-33.703819],[150.340017,-33.703191],[150.338704,-33.703305],[150.339218,-33.702106],[150.339103,-33.700164],[150.337676,-33.698451],[150.335334,-33.699593],[150.334307,-33.700792],[150.33385,-33.702049],[150.332308,-33.703705],[150.331508,-33.703077],[150.331508,-33.701249],[150.333221,-33.698908],[150.33473,-33.698484],[150.335652,-33.69777],[150.336753,-33.697235],[150.337199,-33.69664],[150.337883,-33.695986],[150.336396,-33.693249],[150.336753,-33.69203],[150.336872,-33.691881],[150.338151,-33.691614],[150.339501,-33.69109],[150.341738,-33.689186],[150.343165,-33.690281],[150.343308,-33.691471],[150.342975,-33.692518],[150.343403,-33.695468],[150.343403,-33.697372],[150.343974,-33.698086],[150.34288,-33.699275],[150.342451,-33.70037],[150.341595,-33.701655],[150.342927,-33.702416],[150.343736,-33.700941],[150.344498,-33.700798],[150.343831,-33.699513],[150.346211,-33.697943],[150.347091,-33.696777],[150.34821,-33.696563],[150.348376,-33.695754],[150.347543,-33.694374],[150.347853,-33.693874],[150.348733,-33.693803],[150.349423,-33.693303],[150.348281,-33.691233],[150.349019,-33.691019],[150.350018,-33.690923],[150.350589,-33.690329],[150.349852,-33.689877],[150.348329,-33.689377],[150.348662,-33.688758],[150.348781,-33.688163],[150.350494,-33.686022],[150.351136,-33.684951],[150.35147,-33.683999],[150.351089,-33.682476],[150.350898,-33.68131],[150.350351,-33.680501],[150.35097,-33.679454],[150.351279,-33.678312],[150.350256,-33.677503],[150.349209,-33.678503],[150.348876,-33.680026],[150.348519,-33.680739],[150.347329,-33.680763],[150.348043,-33.679264],[150.348305,-33.678527],[150.347448,-33.677575],[150.347496,-33.67648],[150.347353,-33.675338],[150.346806,-33.674196],[150.346639,-33.673006],[150.34633,-33.672078],[150.345997,-33.671364],[150.346568,-33.671222],[150.347615,-33.671793],[150.350304,-33.674624],[150.35147,-33.675576],[150.352659,-33.676171],[150.355538,-33.678479],[150.35611,-33.67886],[150.357371,-33.679978],[150.358727,-33.681025],[150.359179,-33.68162],[150.359536,-33.68162],[150.360178,-33.680787],[150.360012,-33.679669],[150.358037,-33.677408],[150.355039,-33.674648],[150.354135,-33.673696],[150.35285,-33.672625],[150.350684,-33.671674],[150.348662,-33.670579],[150.347734,-33.669437],[150.347419,-33.667176],[150.348084,-33.666015],[150.349797,-33.66598],[150.353723,-33.66705],[150.354508,-33.668085],[150.357935,-33.67037],[150.36079,-33.671762],[150.362467,-33.67426],[150.365433,-33.67731],[150.368038,-33.679595],[150.372642,-33.67599],[150.377247,-33.673063],[150.375748,-33.668423],[150.377711,-33.66364],[150.375962,-33.662748],[150.371572,-33.66207],[150.370001,-33.662748],[150.368645,-33.664211],[150.36786,-33.664568],[150.36711,-33.663319],[150.365861,-33.662427],[150.366361,-33.659679],[150.367253,-33.657252],[150.367548,-33.652019],[150.367608,-33.64845],[150.366775,-33.64381],[150.36386,-33.641074],[150.364574,-33.635541],[150.369155,-33.625964],[150.366537,-33.625429],[150.364574,-33.625131],[150.364336,-33.625964],[150.363622,-33.625369],[150.363027,-33.623406],[150.360826,-33.622633],[150.358269,-33.624179],[150.356722,-33.62638],[150.354997,-33.629176],[150.354342,-33.63102],[150.352677,-33.6334],[150.351606,-33.634054],[150.349881,-33.633876],[150.347264,-33.634411],[150.345182,-33.635601],[150.344587,-33.636672],[150.344051,-33.638516],[150.345122,-33.640717],[150.346193,-33.641847],[150.347323,-33.643394],[150.350059,-33.646784],[150.351487,-33.648093],[150.353034,-33.651484],[150.353153,-33.652674],[150.352796,-33.654161],[150.351963,-33.653982],[150.350178,-33.655172],[150.347918,-33.654458],[150.347085,-33.653387],[150.345776,-33.652614],[150.341196,-33.652079],[150.335009,-33.65422],[150.328347,-33.654458],[150.328293,-33.653745],[150.329084,-33.653185],[150.331671,-33.651668],[150.332861,-33.650418],[150.332742,-33.648664],[150.333218,-33.646522],[150.334289,-33.645332],[150.335478,-33.642388],[150.334931,-33.636939],[150.334741,-33.633608],[150.335121,-33.632132],[150.33574,-33.631276],[150.336787,-33.631847],[150.337311,-33.63099],[150.33712,-33.629753],[150.337834,-33.629467],[150.338881,-33.629277],[150.341165,-33.625375],[150.342307,-33.62447],[150.344734,-33.623376],[150.345258,-33.62271],[150.344544,-33.622186],[150.342688,-33.622757],[150.341641,-33.622139],[150.341451,-33.62033]]]},"properties":{"OBJECTID":33345,"FireType":1,"FireName":"Blue Mountains fire","FireNo":null,"FireYear":195758,"Label":"1957-58 Wildfire","StartDate":-383961600000,"EndDate":-378777600000,"Intensity":null,"AreaHa":4360.13864542,"PerimeterM":73322.92267755,"OFHObjMet":null,"ObjNotMet":null,"NPWSBranch":"BMTN","NPWSArea":"UPMT","VerDate":1788739200000,"Shape.STArea()":0.00423870154080025,"Shape.STLength()":0.7153610547739857}},{"type":"Feature","id":34402,"geometry":{"type":"Polygon","coordinates":[[[150.30851,-33.64282],[150.30799,-33.64285],[150.30777,-33.64305],[150.30782,-33.64334],[150.30828,-33.64378],[150.30851,-33.64383],[150.30923,-33.64437],[150.30981,-33.64439],[150.31023,-33.64426],[150.31029,-33.64407],[150.31026,-33.64344],[150.31009,-33.64311],[150.30988,-33.64305],[150.30948,-33.6432],[150.30906,-33.64307],[150.30884,-33.64287],[150.30851,-33.64282]]]},"properties":{"OBJECTID":34402,"FireType":1,"FireName":"BRAESIDE POWERLINE TRL","FireNo":"24040142121","FireYear":202324,"Label":"2023-24 Wildfire","StartDate":1711929600000,"EndDate":1712102400000,"Intensity":9999,"AreaHa":2.72199702,"PerimeterM":703.90816595,"OFHObjMet":null,"ObjNotMet":null,"NPWSBranch":"BMTN","NPWSArea":"UPMT","VerDate":1788739200000,"Shape.STArea()":2.645400525037017e-06,"Shape.STLength()":0.007052688719878109}},{"type":"Feature","id":34607,"geometry":{"type":"Polygon","coordinates":[[[150.28978,-33.652358],[150.288732,-33.651858],[150.288247,-33.650636],[150.286265,-33.650724],[150.286045,-33.651477],[150.285626,-33.652194],[150.285539,-33.652528],[150.285272,-33.652437],[150.285044,-33.653131],[150.284637,-33.652996],[150.283159,-33.653919],[150.282292,-33.654648],[150.281493,-33.655831],[150.281028,-33.656674],[150.28089,-33.656968],[150.281095,-33.657129],[150.280906,-33.657383],[150.280366,-33.657563],[150.279708,-33.658535],[150.279161,-33.659837],[150.279011,-33.661128],[150.279152,-33.662245],[150.279126,-33.662855],[150.278994,-33.663329],[150.279267,-33.663986],[150.280518,-33.665572],[150.28085,-33.666477],[150.280848,-33.667404],[150.280739,-33.667476],[150.281438,-33.668249],[150.282131,-33.668851],[150.282892,-33.669739],[150.284585,-33.669228],[150.285164,-33.670266],[150.285472,-33.670549],[150.285289,-33.670969],[150.28475,-33.671149],[150.285127,-33.671928],[150.285153,-33.672633],[150.28507,-33.672814],[150.286986,-33.672285],[150.2872,-33.672911],[150.287559,-33.673234],[150.287628,-33.67373],[150.2879,-33.673801],[150.28801,-33.674071],[150.288191,-33.674172],[150.288309,-33.674667],[150.288266,-33.675369],[150.288423,-33.675378],[150.289166,-33.677054],[150.289842,-33.677222],[150.296862,-33.674834],[150.302118,-33.67],[150.296913,-33.666078],[150.297122,-33.665662],[150.297119,-33.66531],[150.297268,-33.664838],[150.297748,-33.664359],[150.298016,-33.663846],[150.298048,-33.663505],[150.298344,-33.662537],[150.298282,-33.662097],[150.298028,-33.661775],[150.297779,-33.661188],[150.298297,-33.660493],[150.298449,-33.660123],[150.298262,-33.659181],[150.298477,-33.658412],[150.298338,-33.658108],[150.298293,-33.657721],[150.297346,-33.658661],[150.297258,-33.658862],[150.296059,-33.65989],[150.295115,-33.66032],[150.295337,-33.659187],[150.295463,-33.658997],[150.295649,-33.659092],[150.295876,-33.659409],[150.295965,-33.659385],[150.296195,-33.658227],[150.296317,-33.658194],[150.296452,-33.657963],[150.296599,-33.657922],[150.296629,-33.658144],[150.296786,-33.658365],[150.296914,-33.65837],[150.297791,-33.657066],[150.297928,-33.656745],[150.297899,-33.656611],[150.298148,-33.656488],[150.299291,-33.656668],[150.298843,-33.655983],[150.298182,-33.655259],[150.296252,-33.65525],[150.295972,-33.65518],[150.293208,-33.653993],[150.28978,-33.652358]]]},"properties":{"OBJECTID":34607,"FireType":2,"FireName":"Blackheath Catchment South HR","FireNo":"BA-2020-00756","FireYear":202425,"Label":"2024-25 Prescribed Burn","StartDate":1726012800000,"EndDate":1726617600000,"Intensity":30,"AreaHa":380.54217586,"PerimeterM":9856.55025945,"OFHObjMet":"Y","ObjNotMet":9,"NPWSBranch":"BMTN","NPWSArea":"UPMT","VerDate":1788739200000,"Shape.STArea()":0.0003699191669191444,"Shape.STLength()":0.09649153292645096}},{"type":"Feature","id":34636,"geometry":{"type":"Polygon","coordinates":[[[150.313292,-33.640738],[150.312131,-33.639292],[150.311514,-33.638316],[150.311157,-33.638635],[150.310642,-33.641051],[150.310857,-33.641156],[150.310957,-33.64241],[150.311533,-33.644379],[150.311645,-33.645941],[150.311352,-33.647271],[150.312231,-33.647513],[150.312379,-33.647222],[150.312883,-33.646613],[150.31318,-33.645415],[150.313505,-33.644943],[150.313745,-33.64432],[150.315468,-33.643899],[150.31457,-33.642468],[150.314282,-33.642498],[150.313292,-33.640738]]]},"properties":{"OBJECTID":34636,"FireType":1,"FireName":"Grose Valley","FireNo":"19122065204","FireYear":201920,"Label":"2019-20 Wildfire","StartDate":1576800000000,"EndDate":1580774400000,"Intensity":9999,"AreaHa":20.51434969,"PerimeterM":2407.97259949,"OFHObjMet":null,"ObjNotMet":null,"NPWSBranch":"BMTN","NPWSArea":"UPMT","VerDate":1788739200000,"Shape.STArea()":1.993692985194549e-05,"Shape.STLength()":0.022716564660798872}},{"type":"Feature","id":36958,"geometry":{"type":"Polygon","coordinates":[[[150.311661,-33.627801],[150.311589,-33.627695],[150.3115,-33.62773],[150.311419,-33.628072],[150.311588,-33.628118],[150.311548,-33.627857],[150.311668,-33.627865],[150.311661,-33.627801]]]},"properties":{"OBJECTID":36958,"FireType":1,"FireName":"GOVETTS LEAP LOOKOUT","FireNo":"25101224160","FireYear":202526,"Label":"2025-26 Wildfire","StartDate":1760227200000,"EndDate":1760227200000,"Intensity":9999,"AreaHa":0.06473863,"PerimeterM":126.67125529,"OFHObjMet":null,"ObjNotMet":null,"NPWSBranch":"BMTN","NPWSArea":"UPMT","VerDate":1788739200000,"Shape.STArea()":6.290566768687989e-08,"Shape.STLength()":0.0012136010974970954}},{"type":"Feature","id":37752,"geometry":{"type":"Polygon","coordinates":[[[150.310602,-33.641014],[150.310203,-33.640657],[150.309203,-33.640571],[150.306819,-33.641299],[150.306248,-33.641199],[150.306162,-33.641114],[150.306162,-33.640757],[150.305888,-33.640716],[150.305577,-33.641085],[150.304049,-33.642113],[150.302573,-33.642635],[150.30194,-33.642767],[150.302272,-33.643078],[150.302351,-33.643302],[150.302293,-33.64373],[150.30237,-33.644614],[150.302657,-33.645981],[150.311454,-33.647281],[150.311559,-33.647081],[150.31163,-33.646382],[150.311445,-33.644026],[150.310988,-33.642598],[150.310974,-33.641913],[150.310859,-33.641285],[150.310602,-33.641014]],[[150.309249,-33.643909],[150.30922,-33.643831],[150.309422,-33.643725],[150.309399,-33.643353],[150.309622,-33.643354],[150.309963,-33.643531],[150.309979,-33.643961],[150.309872,-33.644064],[150.309453,-33.64409],[150.309249,-33.643909]]]},"properties":{"OBJECTID":37752,"FireType":2,"FireName":"Govetts Brook HR","FireNo":"BA-2014-00913","FireYear":202526,"Label":"2025-26 Prescribed Burn","StartDate":1776384000000,"EndDate":1776384000000,"Intensity":30,"AreaHa":48.30697501,"PerimeterM":3180.61500612,"OFHObjMet":"Y","ObjNotMet":9,"NPWSBranch":"BMTN","NPWSArea":"UPMT","VerDate":1788739200000,"Shape.STArea()":4.694736098665966e-05,"Shape.STLength()":0.03172177111601256}}]}