{"type":"FeatureCollection","clippedTo":[151.42118691079682,-32.101368736818216,151.51881308920318,-32.01863126318179],"features":[{"type":"Feature","properties":{"OBJECTID":9260935,"PCTID":3927,"PCTName":"Barrington Subalpine Swamp Meadow","vegClass":"Montane Bogs and Fens","vegForm":"Freshwater Wetlands"},"geometry":{"type":"Polygon","coordinates":[[[151.45455,-32.01888],[151.45506,-32.01963],[151.45391,-32.01981],[151.45388,-32.01936],[151.45313,-32.01907],[151.45365,-32.01887],[151.45455,-32.01888]]]}},{"type":"Feature","properties":{"OBJECTID":9260940,"PCTID":0,"PCTName":"Not classified","vegClass":"Not classified","vegForm":"Not classified"},"geometry":{"type":"Polygon","coordinates":[[[151.47026,-32.01926],[151.47056,-32.01893],[151.47169,-32.01863],[151.47189,-32.01863],[151.47026,-32.01926]]]}},{"type":"Feature","properties":{"OBJECTID":9260968,"PCTID":3927,"PCTName":"Barrington Subalpine Swamp Meadow","vegClass":"Montane Bogs and Fens","vegForm":"Freshwater Wetlands"},"geometry":{"type":"Polygon","coordinates":[[[151.46945,-32.01897],[151.46926,-32.01938],[151.46836,-32.01955],[151.46862,-32.01936],[151.4678,-32.0189],[151.46779,-32.01863],[151.46927,-32.01863],[151.46945,-32.01897]]]}},{"type":"Feature","properties":{"OBJECTID":9260993,"PCTID":0,"PCTName":"Not classified","vegClass":"Not classified","vegForm":"Not classified"},"geometry":{"type":"Polygon","coordinates":[[[151.47024,-32.01994],[151.47006,-32.01958],[151.47026,-32.01926],[151.47024,-32.01994]]]}},{"type":"Feature","properties":{"OBJECTID":9261008,"PCTID":3052,"PCTName":"Northern Escarpment Antarctic Beech Rainforest","vegClass":"Cool Temperate Rainforests","vegForm":"Rainforests"},"geometry":{"type":"Polygon","coordinates":[[[151.48592,-32.01868],[151.48565,-32.0196],[151.48483,-32.01913],[151.48485,-32.01863],[151.4862,-32.01863],[151.48592,-32.01868]]]}},{"type":"Feature","properties":{"OBJECTID":9261009,"PCTID":0,"PCTName":"Not classified","vegClass":"Not classified","vegForm":"Not classified"},"geometry":{"type":"Polygon","coordinates":[[[151.4703,-32.02007],[151.47029,-32.01998],[151.47052,-32.0202],[151.4703,-32.02007]]]}},{"type":"Feature","properties":{"OBJECTID":9261012,"PCTID":0,"PCTName":"Not classified","vegClass":"Not classified","vegForm":"Not classified"},"geometry":{"type":"Polygon","coordinates":[[[151.47052,-32.02024],[151.47052,-32.0202],[151.47057,-32.02024],[151.47052,-32.02024]]]}},{"type":"Feature","properties":{"OBJECTID":9261023,"PCTID":3052,"PCTName":"Northern Escarpment Antarctic Beech Rainforest","vegClass":"Cool Temperate Rainforests","vegForm":"Rainforests"},"geometry":{"type":"Polygon","coordinates":[[[151.48514,-32.01998],[151.48461,-32.02],[151.48449,-32.01973],[151.48483,-32.01922],[151.48514,-32.01998]]]}},{"type":"Feature","properties":{"OBJECTID":9261029,"PCTID":3052,"PCTName":"Northern Escarpment Antarctic Beech Rainforest","vegClass":"Cool Temperate Rainforests","vegForm":"Rainforests"},"geometry":{"type":"Polygon","coordinates":[[[151.48757,-32.01885],[151.48869,-32.01885],[151.48913,-32.01915],[151.48937,-32.01982],[151.48873,-32.0198],[151.48757,-32.01885]]]}},{"type":"Feature","properties":{"OBJECTID":9261036,"PCTID":3927,"PCTName":"Barrington Subalpine Swamp Meadow","vegClass":"Montane Bogs and Fens","vegForm":"Freshwater Wetlands"},"geometry":{"type":"Polygon","coordinates":[[[151.44361,-32.02163],[151.44318,-32.02155],[151.44322,-32.02123],[151.44354,-32.02131],[151.44361,-32.02163]]]}},{"type":"Feature","properties":{"OBJECTID":9261037,"PCTID":3981,"PCTName":"Tableland Semi-permanent Shallow Wetlands","vegClass":"Montane Lakes","vegForm":"Freshwater Wetlands"},"geometry":{"type":"Polygon","coordinates":[[[151.49726,-32.01967],[151.49694,-32.01955],[151.49743,-32.01871],[151.49813,-32.01905],[151.49804,-32.01923],[151.49726,-32.01967]]]}},{"type":"Feature","properties":{"OBJECTID":9261042,"PCTID":0,"PCTName":"Not classified","vegClass":"Not classified","vegForm":"Not classified"},"geometry":{"type":"Polygon","coordinates":[[[151.47107,-32.02072],[151.4708,-32.02059],[151.47057,-32.02024],[151.47107,-32.02072]]]}},{"type":"Feature","properties":{"OBJECTID":9261052,"PCTID":3944,"PCTName":"New England Tableland Carex Fens","vegClass":"Montane Bogs and Fens","vegForm":"Freshwater Wetlands"},"geometry":{"type":"Polygon","coordinates":[[[151.48861,-32.01953],[151.4887,-32.02012],[151.48786,-32.02038],[151.48742,-32.02003],[151.48744,-32.01944],[151.48632,-32.01926],[151.48592,-32.01868],[151.48736,-32.01881],[151.48807,-32.01928],[151.48861,-32.01953]]]}},{"type":"Feature","properties":{"OBJECTID":9261060,"PCTID":3926,"PCTName":"Barrington Granodiorite Subalpine Swamp Woodland","vegClass":"Montane Bogs and Fens","vegForm":"Freshwater Wetlands"},"geometry":{"type":"Polygon","coordinates":[[[151.44329,-32.02164],[151.44376,-32.02144],[151.44346,-32.02086],[151.44423,-32.02029],[151.44338,-32.02019],[151.4443,-32.01957],[151.4452,-32.01963],[151.44517,-32.01994],[151.44485,-32.01991],[151.44534,-32.0203],[151.44507,-32.02121],[151.44352,-32.02199],[151.44329,-32.02164]]]}},{"type":"Feature","properties":{"OBJECTID":9261072,"PCTID":3379,"PCTName":"Barrington-Point Lookout Montane Grassy Forest","vegClass":"Subalpine Woodlands","vegForm":"Grassy Woodlands"},"geometry":{"type":"Polygon","coordinates":[[[151.50646,-32.01924],[151.5071,-32.01926],[151.50723,-32.01971],[151.50698,-32.01994],[151.50585,-32.01976],[151.50552,-32.01941],[151.50544,-32.01883],[151.50591,-32.01867],[151.50591,-32.01863],[151.50657,-32.01863],[151.50646,-32.01924]]]}},{"type":"Feature","properties":{"OBJECTID":9261074,"PCTID":3379,"PCTName":"Barrington-Point Lookout Montane Grassy Forest","vegClass":"Subalpine Woodlands","vegForm":"Grassy Woodlands"},"geometry":{"type":"MultiPolygon","coordinates":[[[[151.51101,-32.01894],[151.51229,-32.01921],[151.51258,-32.01956],[151.51201,-32.0198],[151.51017,-32.01919],[151.50992,-32.01938],[151.50983,-32.01863],[151.5103,-32.01863],[151.51047,-32.01878],[151.51074,-32.01863],[151.51095,-32.01863],[151.51101,-32.01894]]],[[[151.50871,-32.01866],[151.50871,-32.01863],[151.50951,-32.01863],[151.50871,-32.01866]]]]}},{"type":"Feature","properties":{"OBJECTID":9261078,"PCTID":3927,"PCTName":"Barrington Subalpine Swamp Meadow","vegClass":"Montane Bogs and Fens","vegForm":"Freshwater Wetlands"},"geometry":{"type":"Polygon","coordinates":[[[151.4301,-32.02284],[151.42984,-32.02294],[151.42971,-32.02263],[151.43002,-32.02248],[151.4301,-32.02284]]]}},{"type":"Feature","properties":{"OBJECTID":9261095,"PCTID":3052,"PCTName":"Northern Escarpment Antarctic Beech Rainforest","vegClass":"Cool Temperate Rainforests","vegForm":"Rainforests"},"geometry":{"type":"Polygon","coordinates":[[[151.47408,-32.02156],[151.47328,-32.02127],[151.47287,-32.02165],[151.47237,-32.02112],[151.47266,-32.02061],[151.47318,-32.02051],[151.47408,-32.02156]]]}},{"type":"Feature","properties":{"OBJECTID":9261102,"PCTID":3927,"PCTName":"Barrington Subalpine Swamp Meadow","vegClass":"Montane Bogs and Fens","vegForm":"Freshwater Wetlands"},"geometry":{"type":"Polygon","coordinates":[[[151.42957,-32.02295],[151.42985,-32.02321],[151.4297,-32.02335],[151.42957,-32.02295]]]}},{"type":"Feature","properties":{"OBJECTID":9261108,"PCTID":3379,"PCTName":"Barrington-Point Lookout Montane Grassy Forest","vegClass":"Subalpine Woodlands","vegForm":"Grassy Woodlands"},"geometry":{"type":"Polygon","coordinates":[[[151.48933,-32.02113],[151.48876,-32.02134],[151.48821,-32.02104],[151.48825,-32.02077],[151.48883,-32.0207],[151.48933,-32.02113]]]}},{"type":"Feature","properties":{"OBJECTID":9261147,"PCTID":3927,"PCTName":"Barrington Subalpine Swamp Meadow","vegClass":"Montane Bogs and Fens","vegForm":"Freshwater Wetlands"},"geometry":{"type":"Polygon","coordinates":[[[151.42957,-32.02399],[151.42955,-32.02363],[151.42972,-32.02389],[151.42957,-32.02399]]]}},{"type":"Feature","properties":{"OBJECTID":9261156,"PCTID":0,"PCTName":"Not classified","vegClass":"Not classified","vegForm":"Not classified"},"geometry":{"type":"Polygon","coordinates":[[[151.43831,-32.02277],[151.43796,-32.02002],[151.43852,-32.02168],[151.43853,-32.02303],[151.43899,-32.02374],[151.43831,-32.02277]]]}},{"type":"Feature","properties":{"OBJECTID":9261174,"PCTID":0,"PCTName":"Not classified","vegClass":"Not classified","vegForm":"Not classified"},"geometry":{"type":"MultiPolygon","coordinates":[[[[151.43664,-32.01899],[151.43642,-32.01882],[151.43649,-32.01863],[151.43677,-32.01863],[151.43664,-32.01899]]],[[[151.42634,-32.01977],[151.42605,-32.02136],[151.42627,-32.02257],[151.4257,-32.02395],[151.42481,-32.02416],[151.42119,-32.02386],[151.42119,-32.02365],[151.42464,-32.02398],[151.42569,-32.02381],[151.42603,-32.02308],[151.42589,-32.02136],[151.42623,-32.01968],[151.42729,-32.01863],[151.4276,-32.01863],[151.42634,-32.01977]]]]}},{"type":"Feature","properties":{"OBJECTID":9261175,"PCTID":0,"PCTName":"Not classified","vegClass":"Not classified","vegForm":"Not classified"},"geometry":{"type":"Polygon","coordinates":[[[151.47294,-32.02205],[151.47303,-32.02277],[151.47222,-32.0214],[151.47294,-32.02205]]]}},{"type":"Feature","properties":{"OBJECTID":9261193,"PCTID":3379,"PCTName":"Barrington-Point Lookout Montane Grassy Forest","vegClass":"Subalpine Woodlands","vegForm":"Grassy Woodlands"},"geometry":{"type":"Polygon","coordinates":[[[151.4809,-32.02104],[151.48112,-32.02225],[151.48062,-32.02281],[151.48008,-32.02274],[151.48043,-32.02232],[151.48015,-32.02201],[151.48083,-32.02172],[151.48075,-32.02118],[151.48026,-32.02092],[151.48046,-32.02069],[151.48017,-32.0203],[151.48038,-32.02029],[151.4809,-32.02104]]]}},{"type":"Feature","properties":{"OBJECTID":9261205,"PCTID":0,"PCTName":"Not classified","vegClass":"Not classified","vegForm":"Not classified"},"geometry":{"type":"Polygon","coordinates":[[[151.47263,-32.02315],[151.47283,-32.02291],[151.47274,-32.02332],[151.47263,-32.02315]]]}},{"type":"Feature","properties":{"OBJECTID":9261220,"PCTID":0,"PCTName":"Not classified","vegClass":"Not classified","vegForm":"Not classified"},"geometry":{"type":"Polygon","coordinates":[[[151.47243,-32.02351],[151.47259,-32.02342],[151.47259,-32.02355],[151.47243,-32.02351]]]}},{"type":"Feature","properties":{"OBJECTID":9261229,"PCTID":3927,"PCTName":"Barrington Subalpine Swamp Meadow","vegClass":"Montane Bogs and Fens","vegForm":"Freshwater Wetlands"},"geometry":{"type":"Polygon","coordinates":[[[151.47005,-32.02365],[151.46958,-32.02375],[151.46998,-32.02329],[151.47005,-32.02365]]]}},{"type":"Feature","properties":{"OBJECTID":9261243,"PCTID":3926,"PCTName":"Barrington Granodiorite Subalpine Swamp Woodland","vegClass":"Montane Bogs and Fens","vegForm":"Freshwater Wetlands"},"geometry":{"type":"Polygon","coordinates":[[[151.45359,-32.02411],[151.45289,-32.02386],[151.45207,-32.02453],[151.45168,-32.02404],[151.45202,-32.02349],[151.45189,-32.023],[151.45269,-32.02315],[151.45282,-32.02251],[151.45323,-32.02326],[151.45394,-32.02365],[151.45359,-32.02411]]]}},{"type":"Feature","properties":{"OBJECTID":9261244,"PCTID":0,"PCTName":"Not classified","vegClass":"Not classified","vegForm":"Not classified"},"geometry":{"type":"Polygon","coordinates":[[[151.47176,-32.02381],[151.47175,-32.02367],[151.47208,-32.0238],[151.47176,-32.02381]]]}},{"type":"Feature","properties":{"OBJECTID":9261287,"PCTID":3927,"PCTName":"Barrington Subalpine Swamp Meadow","vegClass":"Montane Bogs and Fens","vegForm":"Freshwater Wetlands"},"geometry":{"type":"Polygon","coordinates":[[[151.44662,-32.02468],[151.44567,-32.02476],[151.4456,-32.02449],[151.44688,-32.02449],[151.44701,-32.02512],[151.44676,-32.02526],[151.44662,-32.02468]]]}},{"type":"Feature","properties":{"OBJECTID":9261308,"PCTID":3927,"PCTName":"Barrington Subalpine Swamp Meadow","vegClass":"Montane Bogs and Fens","vegForm":"Freshwater Wetlands"},"geometry":{"type":"Polygon","coordinates":[[[151.42809,-32.0263],[151.42813,-32.02589],[151.4285,-32.02583],[151.42857,-32.02619],[151.42809,-32.0263]]]}},{"type":"Feature","properties":{"OBJECTID":9261309,"PCTID":3927,"PCTName":"Barrington Subalpine Swamp Meadow","vegClass":"Montane Bogs and Fens","vegForm":"Freshwater Wetlands"},"geometry":{"type":"Polygon","coordinates":[[[151.42878,-32.02623],[151.42877,-32.02609],[151.42899,-32.02613],[151.42878,-32.02623]]]}},{"type":"Feature","properties":{"OBJECTID":9261310,"PCTID":0,"PCTName":"Not classified","vegClass":"Not classified","vegForm":"Not classified"},"geometry":{"type":"Polygon","coordinates":[[[151.47,-32.02469],[151.47026,-32.02454],[151.47006,-32.02477],[151.47,-32.02469]]]}},{"type":"Feature","properties":{"OBJECTID":9261312,"PCTID":0,"PCTName":"Not classified","vegClass":"Not classified","vegForm":"Not classified"},"geometry":{"type":"Polygon","coordinates":[[[151.46995,-32.02478],[151.46996,-32.02482],[151.4699,-32.02483],[151.46995,-32.02478]]]}},{"type":"Feature","properties":{"OBJECTID":9261318,"PCTID":0,"PCTName":"Not classified","vegClass":"Not classified","vegForm":"Not classified"},"geometry":{"type":"Polygon","coordinates":[[[151.4699,-32.02483],[151.4699,-32.02487],[151.46985,-32.02487],[151.4699,-32.02483]]]}},{"type":"Feature","properties":{"OBJECTID":9261324,"PCTID":0,"PCTName":"Not classified","vegClass":"Not classified","vegForm":"Not classified"},"geometry":{"type":"Polygon","coordinates":[[[151.46985,-32.02487],[151.46985,-32.02492],[151.46975,-32.02492],[151.46985,-32.02487]]]}},{"type":"Feature","properties":{"OBJECTID":9261328,"PCTID":0,"PCTName":"Not classified","vegClass":"Not classified","vegForm":"Not classified"},"geometry":{"type":"Polygon","coordinates":[[[151.46975,-32.02492],[151.46975,-32.02497],[151.4697,-32.02497],[151.46975,-32.02492]]]}},{"type":"Feature","properties":{"OBJECTID":9261350,"PCTID":3927,"PCTName":"Barrington Subalpine Swamp Meadow","vegClass":"Montane Bogs and Fens","vegForm":"Freshwater Wetlands"},"geometry":{"type":"Polygon","coordinates":[[[151.45747,-32.02541],[151.4573,-32.02515],[151.45762,-32.02518],[151.45765,-32.02572],[151.45722,-32.02565],[151.45747,-32.02541]]]}},{"type":"Feature","properties":{"OBJECTID":9261370,"PCTID":3926,"PCTName":"Barrington Granodiorite Subalpine Swamp Woodland","vegClass":"Montane Bogs and Fens","vegForm":"Freshwater Wetlands"},"geometry":{"type":"Polygon","coordinates":[[[151.43102,-32.02226],[151.43133,-32.02212],[151.43135,-32.02243],[151.43189,-32.02273],[151.43214,-32.02236],[151.4328,-32.02279],[151.43299,-32.02251],[151.43391,-32.0227],[151.43394,-32.02347],[151.43317,-32.02399],[151.43349,-32.02398],[151.43351,-32.02434],[151.43256,-32.02451],[151.43243,-32.02506],[151.43119,-32.02564],[151.43158,-32.02613],[151.43083,-32.02579],[151.43047,-32.02608],[151.43059,-32.02643],[151.42972,-32.02696],[151.42819,-32.02711],[151.42754,-32.02686],[151.42804,-32.02625],[151.42894,-32.02627],[151.42907,-32.02563],[151.42955,-32.02579],[151.4291,-32.02522],[151.42968,-32.02507],[151.42986,-32.02452],[151.42929,-32.02373],[151.42949,-32.02345],[151.42957,-32.02399],[151.43004,-32.02383],[151.42965,-32.02353],[151.42968,-32.02294],[151.4301,-32.02284],[151.43004,-32.0218],[151.43061,-32.02142],[151.43102,-32.02226]]]}},{"type":"Feature","properties":{"OBJECTID":9261371,"PCTID":3927,"PCTName":"Barrington Subalpine Swamp Meadow","vegClass":"Montane Bogs and Fens","vegForm":"Freshwater Wetlands"},"geometry":{"type":"Polygon","coordinates":[[[151.48094,-32.02496],[151.48047,-32.02521],[151.48023,-32.02458],[151.4809,-32.02424],[151.48094,-32.02496]]]}},{"type":"Feature","properties":{"OBJECTID":9261378,"PCTID":3379,"PCTName":"Barrington-Point Lookout Montane Grassy Forest","vegClass":"Subalpine Woodlands","vegForm":"Grassy Woodlands"},"geometry":{"type":"Polygon","coordinates":[[[151.42299,-32.02698],[151.42242,-32.02741],[151.4225,-32.02677],[151.42287,-32.02676],[151.42299,-32.02698]]]}},{"type":"Feature","properties":{"OBJECTID":9261385,"PCTID":3287,"PCTName":"Northern Escarpment Messmate Cool Wet Forest","vegClass":"Northern Tableland Wet Sclerophyll Forests","vegForm":"Wet Sclerophyll Forests (Grassy sub-formation)"},"geometry":{"type":"MultiPolygon","coordinates":[[[[151.5034,-32.0194],[151.50274,-32.01906],[151.50289,-32.01869],[151.50284,-32.01863],[151.50419,-32.01863],[151.5034,-32.0194]]],[[[151.50591,-32.01867],[151.50529,-32.01906],[151.50489,-32.01863],[151.5059,-32.01863],[151.50591,-32.01867]]],[[[151.51047,-32.01878],[151.5103,-32.01863],[151.51074,-32.01863],[151.51047,-32.01878]]],[[[151.51842,-32.02296],[151.51752,-32.02303],[151.51723,-32.02354],[151.51663,-32.0232],[151.51645,-32.02389],[151.51578,-32.02414],[151.51469,-32.02368],[151.51396,-32.02384],[151.51336,-32.02341],[151.51218,-32.02332],[151.5121,-32.02364],[151.51136,-32.02371],[151.51134,-32.02331],[151.5119,-32.02288],[151.51355,-32.02309],[151.51332,-32.02278],[151.51373,-32.02245],[151.51345,-32.02206],[151.51406,-32.02172],[151.51338,-32.02084],[151.51364,-32.0206],[151.51336,-32.01926],[151.51231,-32.01948],[151.51229,-32.01921],[151.51101,-32.01894],[151.51095,-32.01863],[151.51881,-32.01863],[151.51881,-32.02255],[151.51842,-32.02296]]]]}},{"type":"Feature","properties":{"OBJECTID":9261395,"PCTID":3927,"PCTName":"Barrington Subalpine Swamp Meadow","vegClass":"Montane Bogs and Fens","vegForm":"Freshwater Wetlands"},"geometry":{"type":"Polygon","coordinates":[[[151.45757,-32.02636],[151.45735,-32.02619],[151.45751,-32.02609],[151.45757,-32.02636]]]}},{"type":"Feature","properties":{"OBJECTID":9261404,"PCTID":0,"PCTName":"Not classified","vegClass":"Not classified","vegForm":"Not classified"},"geometry":{"type":"Polygon","coordinates":[[[151.43551,-32.0272],[151.4354,-32.02725],[151.43545,-32.02712],[151.43551,-32.0272]]]}},{"type":"Feature","properties":{"OBJECTID":9261415,"PCTID":3379,"PCTName":"Barrington-Point Lookout Montane Grassy Forest","vegClass":"Subalpine Woodlands","vegForm":"Grassy Woodlands"},"geometry":{"type":"Polygon","coordinates":[[[151.49521,-32.02105],[151.49616,-32.02093],[151.49729,-32.02229],[151.49794,-32.02258],[151.49852,-32.02147],[151.49888,-32.02133],[151.49948,-32.02167],[151.49859,-32.02287],[151.49871,-32.02318],[151.49818,-32.0232],[151.49804,-32.02352],[151.49885,-32.02381],[151.49877,-32.02436],[151.4993,-32.02438],[151.49982,-32.02509],[151.49675,-32.02425],[151.49655,-32.02344],[151.49724,-32.02351],[151.49764,-32.02291],[151.49617,-32.02219],[151.49625,-32.02174],[151.49541,-32.02181],[151.4947,-32.02139],[151.49391,-32.0216],[151.494,-32.02119],[151.49503,-32.0207],[151.49521,-32.02105]]]}},{"type":"Feature","properties":{"OBJECTID":9261420,"PCTID":3379,"PCTName":"Barrington-Point Lookout Montane Grassy Forest","vegClass":"Subalpine Woodlands","vegForm":"Grassy Woodlands"},"geometry":{"type":"Polygon","coordinates":[[[151.45569,-32.02683],[151.45539,-32.02612],[151.4557,-32.02602],[151.45582,-32.02629],[151.45569,-32.02683]]]}},{"type":"Feature","properties":{"OBJECTID":9261432,"PCTID":3927,"PCTName":"Barrington Subalpine Swamp Meadow","vegClass":"Montane Bogs and Fens","vegForm":"Freshwater Wetlands"},"geometry":{"type":"Polygon","coordinates":[[[151.44038,-32.02612],[151.44086,-32.02615],[151.4417,-32.02689],[151.44166,-32.0273],[151.44107,-32.02709],[151.44093,-32.0275],[151.44038,-32.02612]]]}},{"type":"Feature","properties":{"OBJECTID":9261433,"PCTID":3379,"PCTName":"Barrington-Point Lookout Montane Grassy Forest","vegClass":"Subalpine Woodlands","vegForm":"Grassy Woodlands"},"geometry":{"type":"Polygon","coordinates":[[[151.45046,-32.02716],[151.45027,-32.02667],[151.45091,-32.02669],[151.45046,-32.02716]]]}},{"type":"Feature","properties":{"OBJECTID":9261437,"PCTID":3379,"PCTName":"Barrington-Point Lookout Montane Grassy Forest","vegClass":"Subalpine Woodlands","vegForm":"Grassy Woodlands"},"geometry":{"type":"Polygon","coordinates":[[[151.45676,-32.02698],[151.4568,-32.02679],[151.45686,-32.02697],[151.45676,-32.02698]]]}},{"type":"Feature","properties":{"OBJECTID":9261446,"PCTID":3927,"PCTName":"Barrington Subalpine Swamp Meadow","vegClass":"Montane Bogs and Fens","vegForm":"Freshwater Wetlands"},"geometry":{"type":"Polygon","coordinates":[[[151.48131,-32.02603],[151.48068,-32.0261],[151.48065,-32.02561],[151.48097,-32.02573],[151.48123,-32.02545],[151.48131,-32.02603]]]}},{"type":"Feature","properties":{"OBJECTID":9261451,"PCTID":3379,"PCTName":"Barrington-Point Lookout Montane Grassy Forest","vegClass":"Subalpine Woodlands","vegForm":"Grassy Woodlands"},"geometry":{"type":"Polygon","coordinates":[[[151.4511,-32.02736],[151.45103,-32.02696],[151.4514,-32.0269],[151.45142,-32.0274],[151.4511,-32.02736]]]}},{"type":"Feature","properties":{"OBJECTID":9261455,"PCTID":0,"PCTName":"Not classified","vegClass":"Not classified","vegForm":"Not classified"},"geometry":{"type":"Polygon","coordinates":[[[151.46877,-32.0255],[151.46898,-32.02653],[151.46868,-32.02686],[151.46866,-32.02546],[151.4697,-32.02497],[151.46877,-32.0255]]]}},{"type":"Feature","properties":{"OBJECTID":9261491,"PCTID":3927,"PCTName":"Barrington Subalpine Swamp Meadow","vegClass":"Montane Bogs and Fens","vegForm":"Freshwater Wetlands"},"geometry":{"type":"Polygon","coordinates":[[[151.4623,-32.02754],[151.46218,-32.02736],[151.4625,-32.0274],[151.4623,-32.02754]]]}},{"type":"Feature","properties":{"OBJECTID":9261492,"PCTID":0,"PCTName":"Not classified","vegClass":"Not classified","vegForm":"Not classified"},"geometry":{"type":"Polygon","coordinates":[[[151.46854,-32.02718],[151.46874,-32.02704],[151.46865,-32.02731],[151.46854,-32.02718]]]}},{"type":"Feature","properties":{"OBJECTID":9261500,"PCTID":3927,"PCTName":"Barrington Subalpine Swamp Meadow","vegClass":"Montane Bogs and Fens","vegForm":"Freshwater Wetlands"},"geometry":{"type":"Polygon","coordinates":[[[151.44708,-32.01897],[151.44785,-32.01949],[151.44821,-32.02038],[151.44872,-32.02009],[151.44947,-32.02024],[151.45051,-32.02088],[151.45044,-32.02151],[151.45083,-32.02186],[151.45172,-32.02178],[151.45205,-32.022],[151.45197,-32.02236],[151.45272,-32.02261],[151.45269,-32.02315],[151.45189,-32.023],[151.45202,-32.02349],[151.45168,-32.02404],[151.45192,-32.02453],[151.45244,-32.02442],[151.45285,-32.02617],[151.45329,-32.02651],[151.45251,-32.02681],[151.45224,-32.02791],[151.45193,-32.02805],[151.45186,-32.0277],[151.45138,-32.02753],[151.45118,-32.02673],[151.45027,-32.02667],[151.45046,-32.0272],[151.45025,-32.0273],[151.44967,-32.02737],[151.44934,-32.02702],[151.44977,-32.02619],[151.44907,-32.02604],[151.44839,-32.02507],[151.44888,-32.02428],[151.44881,-32.02392],[151.44822,-32.02385],[151.44869,-32.02253],[151.44816,-32.02259],[151.44838,-32.02276],[151.44813,-32.02309],[151.44781,-32.02296],[151.4479,-32.02269],[151.44612,-32.02312],[151.44594,-32.02276],[151.44503,-32.02261],[151.44356,-32.02285],[151.44305,-32.02219],[151.44507,-32.02121],[151.44534,-32.0203],[151.44485,-32.01991],[151.44517,-32.01994],[151.4452,-32.01963],[151.44308,-32.01957],[151.44235,-32.01987],[151.44263,-32.02017],[151.44237,-32.02023],[151.44141,-32.01913],[151.44208,-32.0187],[151.44262,-32.01886],[151.44226,-32.01863],[151.44266,-32.01863],[151.443,-32.01907],[151.44343,-32.01915],[151.44407,-32.01917],[151.44473,-32.01865],[151.44482,-32.01932],[151.4453,-32.01944],[151.44582,-32.01924],[151.44598,-32.01863],[151.44706,-32.01863],[151.44708,-32.01897]]]}},{"type":"Feature","properties":{"OBJECTID":9261503,"PCTID":3927,"PCTName":"Barrington Subalpine Swamp Meadow","vegClass":"Montane Bogs and Fens","vegForm":"Freshwater Wetlands"},"geometry":{"type":"Polygon","coordinates":[[[151.46679,-32.0272],[151.46633,-32.02753],[151.465,-32.02753],[151.46471,-32.027],[151.46314,-32.02629],[151.46164,-32.02607],[151.46146,-32.02558],[151.46095,-32.02596],[151.45996,-32.02537],[151.45954,-32.02543],[151.45879,-32.02424],[151.45793,-32.024],[151.45741,-32.0242],[151.45759,-32.0246],[151.45713,-32.02497],[151.45632,-32.02455],[151.45608,-32.02519],[151.45665,-32.02594],[151.45502,-32.02627],[151.45468,-32.02574],[151.45533,-32.02504],[151.45536,-32.02441],[151.4548,-32.02389],[151.45428,-32.02408],[151.45389,-32.02378],[151.4543,-32.02354],[151.45686,-32.02386],[151.45811,-32.02322],[151.45941,-32.02381],[151.46068,-32.02381],[151.46183,-32.02458],[151.46295,-32.02467],[151.46304,-32.02539],[151.46422,-32.02562],[151.46429,-32.02602],[151.4666,-32.02671],[151.46679,-32.0272]]]}},{"type":"Feature","properties":{"OBJECTID":9261515,"PCTID":3926,"PCTName":"Barrington Granodiorite Subalpine Swamp Woodland","vegClass":"Montane Bogs and Fens","vegForm":"Freshwater Wetlands"},"geometry":{"type":"Polygon","coordinates":[[[151.44726,-32.02569],[151.447,-32.02579],[151.44717,-32.0261],[151.44602,-32.02646],[151.4461,-32.02691],[151.44658,-32.02698],[151.4466,-32.02748],[151.44692,-32.02747],[151.44694,-32.02792],[151.44646,-32.0278],[151.44586,-32.02846],[151.44459,-32.0285],[151.44457,-32.0271],[151.44394,-32.02726],[151.44302,-32.0268],[151.44201,-32.02688],[151.44199,-32.02634],[151.44267,-32.02618],[151.44259,-32.02568],[151.44441,-32.02598],[151.44418,-32.02563],[151.44447,-32.02516],[151.44513,-32.02663],[151.44545,-32.02666],[151.44554,-32.0263],[151.44501,-32.02541],[151.44601,-32.02515],[151.44614,-32.02456],[151.44673,-32.02477],[151.44676,-32.02526],[151.44726,-32.02569]]]}},{"type":"Feature","properties":{"OBJECTID":9261516,"PCTID":3379,"PCTName":"Barrington-Point Lookout Montane Grassy Forest","vegClass":"Subalpine Woodlands","vegForm":"Grassy Woodlands"},"geometry":{"type":"Polygon","coordinates":[[[151.47702,-32.02728],[151.47687,-32.02642],[151.4779,-32.02684],[151.47702,-32.02728]]]}},{"type":"Feature","properties":{"OBJECTID":9261522,"PCTID":3033,"PCTName":"Northern Escarpment Sassafras-Prickly Ash Rainforest","vegClass":"Northern Warm Temperate Rainforests","vegForm":"Rainforests"},"geometry":{"type":"Polygon","coordinates":[[[151.49836,-32.02663],[151.49745,-32.02653],[151.49785,-32.02602],[151.49836,-32.02663]]]}},{"type":"Feature","properties":{"OBJECTID":9261533,"PCTID":3927,"PCTName":"Barrington Subalpine Swamp Meadow","vegClass":"Montane Bogs and Fens","vegForm":"Freshwater Wetlands"},"geometry":{"type":"Polygon","coordinates":[[[151.46206,-32.028],[151.46247,-32.02785],[151.46253,-32.02803],[151.46206,-32.028]]]}},{"type":"Feature","properties":{"OBJECTID":9261547,"PCTID":0,"PCTName":"Not classified","vegClass":"Not classified","vegForm":"Not classified"},"geometry":{"type":"Polygon","coordinates":[[[151.46845,-32.0275],[151.4682,-32.02787],[151.46779,-32.02806],[151.46845,-32.0275]]]}},{"type":"Feature","properties":{"OBJECTID":9261560,"PCTID":3927,"PCTName":"Barrington Subalpine Swamp Meadow","vegClass":"Montane Bogs and Fens","vegForm":"Freshwater Wetlands"},"geometry":{"type":"Polygon","coordinates":[[[151.44991,-32.0289],[151.44979,-32.02872],[151.45006,-32.02875],[151.44991,-32.0289]]]}},{"type":"Feature","properties":{"OBJECTID":9261561,"PCTID":3927,"PCTName":"Barrington Subalpine Swamp Meadow","vegClass":"Montane Bogs and Fens","vegForm":"Freshwater Wetlands"},"geometry":{"type":"Polygon","coordinates":[[[151.45048,-32.02869],[151.45033,-32.02888],[151.45038,-32.02874],[151.45048,-32.02869]]]}},{"type":"Feature","properties":{"OBJECTID":9261565,"PCTID":3927,"PCTName":"Barrington Subalpine Swamp Meadow","vegClass":"Montane Bogs and Fens","vegForm":"Freshwater Wetlands"},"geometry":{"type":"Polygon","coordinates":[[[151.48081,-32.02781],[151.48044,-32.02765],[151.4806,-32.02678],[151.48103,-32.02677],[151.48127,-32.02739],[151.48081,-32.02781]]]}},{"type":"Feature","properties":{"OBJECTID":9261571,"PCTID":3379,"PCTName":"Barrington-Point Lookout Montane Grassy Forest","vegClass":"Subalpine Woodlands","vegForm":"Grassy Woodlands"},"geometry":{"type":"Polygon","coordinates":[[[151.46002,-32.02853],[151.46027,-32.02825],[151.46018,-32.02866],[151.46002,-32.02853]]]}},{"type":"Feature","properties":{"OBJECTID":9261572,"PCTID":3927,"PCTName":"Barrington Subalpine Swamp Meadow","vegClass":"Montane Bogs and Fens","vegForm":"Freshwater Wetlands"},"geometry":{"type":"Polygon","coordinates":[[[151.47786,-32.02801],[151.47741,-32.02753],[151.47682,-32.02746],[151.47672,-32.02656],[151.47705,-32.02669],[151.47697,-32.02723],[151.47734,-32.02731],[151.47753,-32.0269],[151.47796,-32.02702],[151.47787,-32.02612],[151.47824,-32.02615],[151.47876,-32.02694],[151.47819,-32.02737],[151.47827,-32.02782],[151.47786,-32.02801]]]}},{"type":"Feature","properties":{"OBJECTID":9261594,"PCTID":3379,"PCTName":"Barrington-Point Lookout Montane Grassy Forest","vegClass":"Subalpine Woodlands","vegForm":"Grassy Woodlands"},"geometry":{"type":"Polygon","coordinates":[[[151.44953,-32.02877],[151.44903,-32.02929],[151.44846,-32.02868],[151.44901,-32.02893],[151.44956,-32.02828],[151.44998,-32.02822],[151.45036,-32.02843],[151.45006,-32.02875],[151.44953,-32.02877]]]}},{"type":"Feature","properties":{"OBJECTID":9261602,"PCTID":3052,"PCTName":"Northern Escarpment Antarctic Beech Rainforest","vegClass":"Cool Temperate Rainforests","vegForm":"Rainforests"},"geometry":{"type":"MultiPolygon","coordinates":[[[[151.48006,-32.01917],[151.48055,-32.01947],[151.481,-32.01886],[151.48153,-32.01894],[151.48148,-32.01989],[151.48203,-32.02041],[151.48153,-32.02201],[151.48251,-32.02251],[151.48191,-32.02326],[151.48068,-32.02294],[151.47979,-32.02433],[151.47997,-32.02477],[151.47944,-32.02466],[151.47871,-32.02505],[151.47833,-32.02483],[151.47857,-32.02532],[151.47797,-32.02607],[151.4779,-32.02684],[151.47687,-32.02642],[151.47665,-32.02724],[151.47786,-32.02801],[151.47881,-32.02793],[151.47887,-32.02825],[151.47722,-32.02804],[151.47689,-32.02773],[151.4768,-32.02814],[151.47632,-32.02807],[151.47628,-32.02834],[151.47432,-32.02837],[151.47424,-32.02674],[151.47516,-32.02612],[151.47514,-32.02576],[151.4761,-32.02573],[151.47586,-32.0252],[151.47505,-32.02486],[151.47519,-32.0245],[151.47612,-32.0241],[151.47688,-32.02543],[151.47674,-32.02589],[151.47724,-32.02528],[151.47804,-32.0253],[151.47775,-32.02495],[151.47811,-32.02466],[151.47693,-32.02227],[151.47615,-32.02252],[151.47602,-32.02216],[151.47541,-32.02255],[151.47518,-32.02233],[151.47547,-32.02169],[151.47457,-32.02181],[151.47476,-32.02122],[151.47524,-32.02133],[151.47559,-32.021],[151.4754,-32.02024],[151.4761,-32.01941],[151.47602,-32.01863],[151.47963,-32.01863],[151.48006,-32.01917]],[[151.48017,-32.0203],[151.48046,-32.02069],[151.48026,-32.02092],[151.48075,-32.02118],[151.48083,-32.02172],[151.48015,-32.02201],[151.48043,-32.02232],[151.48008,-32.02274],[151.48062,-32.02281],[151.48112,-32.02225],[151.4809,-32.02104],[151.48038,-32.02029],[151.48017,-32.0203]]],[[[151.47439,-32.01915],[151.47414,-32.01957],[151.47335,-32.01951],[151.47301,-32.01925],[151.47294,-32.01863],[151.47401,-32.01863],[151.47439,-32.01915]]],[[[151.47554,-32.01888],[151.47518,-32.01917],[151.47502,-32.01863],[151.47535,-32.01863],[151.47554,-32.01888]]]]}},{"type":"Feature","properties":{"OBJECTID":9261627,"PCTID":3033,"PCTName":"Northern Escarpment Sassafras-Prickly Ash Rainforest","vegClass":"Northern Warm Temperate Rainforests","vegForm":"Rainforests"},"geometry":{"type":"Polygon","coordinates":[[[151.50066,-32.02718],[151.50065,-32.02795],[151.49999,-32.02747],[151.49957,-32.02753],[151.50007,-32.02702],[151.50066,-32.02718]]]}},{"type":"Feature","properties":{"OBJECTID":9261630,"PCTID":3926,"PCTName":"Barrington Granodiorite Subalpine Swamp Woodland","vegClass":"Montane Bogs and Fens","vegForm":"Freshwater Wetlands"},"geometry":{"type":"Polygon","coordinates":[[[151.45993,-32.02569],[151.46056,-32.02566],[151.46074,-32.02611],[151.46146,-32.02558],[151.46164,-32.02607],[151.46201,-32.02593],[151.46379,-32.02663],[151.46375,-32.0269],[151.46452,-32.02742],[151.46443,-32.02769],[151.46329,-32.02728],[151.46229,-32.02732],[151.46318,-32.02814],[151.46221,-32.02786],[151.46181,-32.02828],[151.46241,-32.02867],[151.46161,-32.0287],[151.46154,-32.02834],[151.46117,-32.02826],[151.46057,-32.029],[151.45927,-32.0295],[151.45897,-32.02888],[151.45829,-32.02895],[151.45842,-32.02953],[151.45474,-32.02904],[151.45462,-32.02872],[151.45508,-32.02848],[151.45584,-32.02882],[151.45613,-32.02817],[151.45527,-32.02703],[151.45446,-32.0267],[151.45482,-32.02641],[151.45433,-32.02625],[151.45426,-32.02576],[151.45492,-32.02623],[151.45545,-32.02621],[151.45521,-32.02672],[151.45579,-32.02683],[151.45582,-32.02629],[151.45687,-32.02598],[151.45631,-32.02541],[151.45683,-32.0253],[151.45765,-32.02572],[151.45762,-32.02518],[151.45656,-32.02509],[151.45665,-32.02477],[151.45713,-32.02497],[151.45759,-32.0246],[151.45751,-32.0241],[151.45831,-32.02416],[151.45993,-32.02569]],[[151.45735,-32.02619],[151.45757,-32.02636],[151.45751,-32.02609],[151.45735,-32.02619]],[[151.4568,-32.02679],[151.45676,-32.02698],[151.45686,-32.02697],[151.4568,-32.02679]],[[151.46027,-32.02825],[151.46002,-32.02853],[151.46018,-32.02866],[151.46027,-32.02825]]]}},{"type":"Feature","properties":{"OBJECTID":9261666,"PCTID":0,"PCTName":"Not classified","vegClass":"Not classified","vegForm":"Not classified"},"geometry":{"type":"Polygon","coordinates":[[[151.46689,-32.02927],[151.46697,-32.02986],[151.46674,-32.02932],[151.46689,-32.02927]]]}},{"type":"Feature","properties":{"OBJECTID":9261676,"PCTID":0,"PCTName":"Not classified","vegClass":"Not classified","vegForm":"Not classified"},"geometry":{"type":"Polygon","coordinates":[[[151.44105,-32.02782],[151.44184,-32.02869],[151.44259,-32.03092],[151.44195,-32.02991],[151.44168,-32.02865],[151.44084,-32.02773],[151.43899,-32.02374],[151.44033,-32.02617],[151.44105,-32.02782]]]}},{"type":"Feature","properties":{"OBJECTID":9261679,"PCTID":3033,"PCTName":"Northern Escarpment Sassafras-Prickly Ash Rainforest","vegClass":"Northern Warm Temperate Rainforests","vegForm":"Rainforests"},"geometry":{"type":"Polygon","coordinates":[[[151.50315,-32.02812],[151.50252,-32.02828],[151.50244,-32.02878],[151.50208,-32.02794],[151.50292,-32.02777],[151.50315,-32.02812]]]}},{"type":"Feature","properties":{"OBJECTID":9261700,"PCTID":3379,"PCTName":"Barrington-Point Lookout Montane Grassy Forest","vegClass":"Subalpine Woodlands","vegForm":"Grassy Woodlands"},"geometry":{"type":"Polygon","coordinates":[[[151.4351,-32.02744],[151.43551,-32.0282],[151.43643,-32.02866],[151.43613,-32.02908],[151.43586,-32.029],[151.43583,-32.02936],[151.43474,-32.02985],[151.43466,-32.03044],[151.43494,-32.03066],[151.43376,-32.03151],[151.43348,-32.03125],[151.43228,-32.03148],[151.43209,-32.03103],[151.43175,-32.03154],[151.4312,-32.03124],[151.43123,-32.0307],[151.43072,-32.03],[151.43138,-32.02943],[151.43243,-32.02926],[151.43267,-32.02875],[151.4332,-32.02873],[151.43409,-32.02748],[151.43467,-32.02742],[151.4351,-32.02744]]]}},{"type":"Feature","properties":{"OBJECTID":9261713,"PCTID":3927,"PCTName":"Barrington Subalpine Swamp Meadow","vegClass":"Montane Bogs and Fens","vegForm":"Freshwater Wetlands"},"geometry":{"type":"Polygon","coordinates":[[[151.46644,-32.02974],[151.46568,-32.03053],[151.46576,-32.02999],[151.46534,-32.03001],[151.46515,-32.02933],[151.46597,-32.02894],[151.46644,-32.02974]]]}},{"type":"Feature","properties":{"OBJECTID":9261723,"PCTID":0,"PCTName":"Not classified","vegClass":"Not classified","vegForm":"Not classified"},"geometry":{"type":"Polygon","coordinates":[[[151.46727,-32.03057],[151.46727,-32.03052],[151.46733,-32.03056],[151.46727,-32.03057]]]}},{"type":"Feature","properties":{"OBJECTID":9261755,"PCTID":3927,"PCTName":"Barrington Subalpine Swamp Meadow","vegClass":"Montane Bogs and Fens","vegForm":"Freshwater Wetlands"},"geometry":{"type":"Polygon","coordinates":[[[151.48032,-32.02846],[151.48074,-32.02845],[151.48115,-32.02916],[151.48069,-32.02958],[151.48069,-32.03053],[151.48011,-32.03069],[151.47982,-32.03015],[151.48052,-32.02941],[151.47981,-32.02785],[151.48034,-32.02779],[151.48032,-32.02846]]]}},{"type":"Feature","properties":{"OBJECTID":9261761,"PCTID":3926,"PCTName":"Barrington Granodiorite Subalpine Swamp Woodland","vegClass":"Montane Bogs and Fens","vegForm":"Freshwater Wetlands"},"geometry":{"type":"Polygon","coordinates":[[[151.44525,-32.0311],[151.44527,-32.03155],[151.44371,-32.0321],[151.44324,-32.03135],[151.44437,-32.03054],[151.44525,-32.0311]]]}},{"type":"Feature","properties":{"OBJECTID":9261767,"PCTID":3379,"PCTName":"Barrington-Point Lookout Montane Grassy Forest","vegClass":"Subalpine Woodlands","vegForm":"Grassy Woodlands"},"geometry":{"type":"Polygon","coordinates":[[[151.47961,-32.03025],[151.47917,-32.03104],[151.47912,-32.02991],[151.47933,-32.0299],[151.47961,-32.03025]]]}},{"type":"Feature","properties":{"OBJECTID":9261775,"PCTID":3379,"PCTName":"Barrington-Point Lookout Montane Grassy Forest","vegClass":"Subalpine Woodlands","vegForm":"Grassy Woodlands"},"geometry":{"type":"Polygon","coordinates":[[[151.46965,-32.03134],[151.46996,-32.03128],[151.46981,-32.03142],[151.46965,-32.03134]]]}},{"type":"Feature","properties":{"OBJECTID":9261785,"PCTID":3944,"PCTName":"New England Tableland Carex Fens","vegClass":"Montane Bogs and Fens","vegForm":"Freshwater Wetlands"},"geometry":{"type":"Polygon","coordinates":[[[151.47108,-32.03142],[151.47072,-32.03166],[151.47075,-32.03107],[151.47111,-32.03083],[151.47108,-32.03142]]]}},{"type":"Feature","properties":{"OBJECTID":9261790,"PCTID":3927,"PCTName":"Barrington Subalpine Swamp Meadow","vegClass":"Montane Bogs and Fens","vegForm":"Freshwater Wetlands"},"geometry":{"type":"Polygon","coordinates":[[[151.42965,-32.03311],[151.42907,-32.03322],[151.42974,-32.0327],[151.42965,-32.03311]]]}},{"type":"Feature","properties":{"OBJECTID":9261800,"PCTID":3288,"PCTName":"Northern Escarpment Messmate Moist Grassy Forest","vegClass":"Northern Tableland Wet Sclerophyll Forests","vegForm":"Wet Sclerophyll Forests (Grassy sub-formation)"},"geometry":{"type":"Polygon","coordinates":[[[151.49479,-32.03055],[151.49524,-32.03099],[151.49349,-32.03101],[151.49378,-32.03046],[151.49338,-32.02988],[151.49475,-32.0297],[151.49479,-32.03055]]]}},{"type":"Feature","properties":{"OBJECTID":9261804,"PCTID":3927,"PCTName":"Barrington Subalpine Swamp Meadow","vegClass":"Montane Bogs and Fens","vegForm":"Freshwater Wetlands"},"geometry":{"type":"Polygon","coordinates":[[[151.47075,-32.03107],[151.47047,-32.03199],[151.46909,-32.03077],[151.4689,-32.03019],[151.46837,-32.0303],[151.4685,-32.0307],[151.46813,-32.03076],[151.46798,-32.02977],[151.46759,-32.02943],[151.46818,-32.02959],[151.46827,-32.02927],[151.4689,-32.02924],[151.46934,-32.02954],[151.47003,-32.02947],[151.46984,-32.02998],[151.47054,-32.03004],[151.47111,-32.03083],[151.47075,-32.03107]]]}},{"type":"Feature","properties":{"OBJECTID":9261805,"PCTID":0,"PCTName":"Not classified","vegClass":"Not classified","vegForm":"Not classified"},"geometry":{"type":"Polygon","coordinates":[[[151.47105,-32.03187],[151.47084,-32.03197],[151.47072,-32.03166],[151.47105,-32.03187]]]}},{"type":"Feature","properties":{"OBJECTID":9261806,"PCTID":3379,"PCTName":"Barrington-Point Lookout Montane Grassy Forest","vegClass":"Subalpine Woodlands","vegForm":"Grassy Woodlands"},"geometry":{"type":"Polygon","coordinates":[[[151.49479,-32.03055],[151.49485,-32.0296],[151.49541,-32.03022],[151.49666,-32.03076],[151.49524,-32.03099],[151.49479,-32.03055]]]}},{"type":"Feature","properties":{"OBJECTID":9261820,"PCTID":3926,"PCTName":"Barrington Granodiorite Subalpine Swamp Woodland","vegClass":"Montane Bogs and Fens","vegForm":"Freshwater Wetlands"},"geometry":{"type":"Polygon","coordinates":[[[151.45098,-32.02709],[151.4517,-32.02766],[151.45139,-32.0278],[151.45158,-32.02834],[151.45205,-32.02828],[151.45164,-32.02865],[151.45213,-32.02886],[151.45142,-32.02952],[151.45158,-32.0306],[151.45304,-32.03118],[151.45318,-32.0318],[151.45298,-32.03208],[151.45234,-32.03192],[151.45225,-32.03233],[151.45172,-32.03226],[151.45117,-32.03287],[151.451,-32.03166],[151.45072,-32.03135],[151.45014,-32.03137],[151.45044,-32.03104],[151.45005,-32.0307],[151.45061,-32.03018],[151.4501,-32.02948],[151.44848,-32.03003],[151.44818,-32.02936],[151.44618,-32.02867],[151.44637,-32.02817],[151.44687,-32.02851],[151.44809,-32.0286],[151.44863,-32.02777],[151.44917,-32.02793],[151.45091,-32.02669],[151.45129,-32.02686],[151.45098,-32.02709]],[[151.45001,-32.02889],[151.45036,-32.02843],[151.44956,-32.02828],[151.44901,-32.02893],[151.44846,-32.02868],[151.44903,-32.02929],[151.44979,-32.02872],[151.45001,-32.02889]]]}},{"type":"Feature","properties":{"OBJECTID":9261826,"PCTID":3944,"PCTName":"New England Tableland Carex Fens","vegClass":"Montane Bogs and Fens","vegForm":"Freshwater Wetlands"},"geometry":{"type":"Polygon","coordinates":[[[151.47962,-32.03043],[151.48064,-32.03058],[151.48087,-32.02998],[151.48069,-32.02958],[151.48115,-32.02916],[151.48074,-32.02845],[151.48032,-32.02846],[151.48029,-32.02788],[151.48132,-32.02739],[151.48116,-32.02839],[151.48154,-32.02851],[151.48174,-32.02941],[151.48103,-32.03002],[151.48033,-32.0319],[151.48003,-32.0311],[151.47976,-32.03106],[151.47962,-32.03043]]]}},{"type":"Feature","properties":{"OBJECTID":9261835,"PCTID":3927,"PCTName":"Barrington Subalpine Swamp Meadow","vegClass":"Montane Bogs and Fens","vegForm":"Freshwater Wetlands"},"geometry":{"type":"Polygon","coordinates":[[[151.47018,-32.0324],[151.47003,-32.03169],[151.47043,-32.03226],[151.47018,-32.0324]]]}},{"type":"Feature","properties":{"OBJECTID":9261846,"PCTID":3287,"PCTName":"Northern Escarpment Messmate Cool Wet Forest","vegClass":"Northern Tableland Wet Sclerophyll Forests","vegForm":"Wet Sclerophyll Forests (Grassy sub-formation)"},"geometry":{"type":"Polygon","coordinates":[[[151.50135,-32.03031],[151.50056,-32.03143],[151.50015,-32.03063],[151.5009,-32.02979],[151.50135,-32.03031]]]}},{"type":"Feature","properties":{"OBJECTID":9261867,"PCTID":3926,"PCTName":"Barrington Granodiorite Subalpine Swamp Woodland","vegClass":"Montane Bogs and Fens","vegForm":"Freshwater Wetlands"},"geometry":{"type":"Polygon","coordinates":[[[151.45528,-32.03028],[151.45516,-32.03114],[151.45554,-32.03127],[151.45531,-32.03191],[151.45569,-32.03207],[151.4556,-32.03239],[151.45656,-32.03254],[151.45659,-32.03317],[151.45554,-32.0333],[151.45495,-32.0321],[151.45417,-32.03141],[151.45428,-32.03041],[151.45478,-32.0298],[151.45528,-32.03028]]]}},{"type":"Feature","properties":{"OBJECTID":9261907,"PCTID":3287,"PCTName":"Northern Escarpment Messmate Cool Wet Forest","vegClass":"Northern Tableland Wet Sclerophyll Forests","vegForm":"Wet Sclerophyll Forests (Grassy sub-formation)"},"geometry":{"type":"Polygon","coordinates":[[[151.5019,-32.03174],[151.50145,-32.03221],[151.50054,-32.03197],[151.50072,-32.03147],[151.50143,-32.0318],[151.50124,-32.03118],[151.50145,-32.03112],[151.5019,-32.03174]]]}},{"type":"Feature","properties":{"OBJECTID":9261980,"PCTID":3052,"PCTName":"Northern Escarpment Antarctic Beech Rainforest","vegClass":"Cool Temperate Rainforests","vegForm":"Rainforests"},"geometry":{"type":"Polygon","coordinates":[[[151.48053,-32.02959],[151.47958,-32.03066],[151.47974,-32.03169],[151.48038,-32.0328],[151.4799,-32.03376],[151.47948,-32.03396],[151.47915,-32.0337],[151.47885,-32.03412],[151.47858,-32.03295],[151.47783,-32.03271],[151.47781,-32.03244],[151.47643,-32.0324],[151.47628,-32.0315],[151.4773,-32.03074],[151.47715,-32.0298],[151.47777,-32.02951],[151.47725,-32.02862],[151.47852,-32.02853],[151.47972,-32.02921],[151.4799,-32.0297],[151.48022,-32.0296],[151.47997,-32.02893],[151.48023,-32.02887],[151.48053,-32.02959]],[[151.47912,-32.02991],[151.47917,-32.03104],[151.47961,-32.03025],[151.47933,-32.0299],[151.47912,-32.02991]]]}},{"type":"Feature","properties":{"OBJECTID":9261998,"PCTID":3033,"PCTName":"Northern Escarpment Sassafras-Prickly Ash Rainforest","vegClass":"Northern Warm Temperate Rainforests","vegForm":"Rainforests"},"geometry":{"type":"Polygon","coordinates":[[[151.5112,-32.03311],[151.51113,-32.0328],[151.51154,-32.03247],[151.51231,-32.03303],[151.5112,-32.03311]]]}},{"type":"Feature","properties":{"OBJECTID":9262052,"PCTID":3031,"PCTName":"Northern Escarpment Coachwood-Beech Rainforest","vegClass":"Northern Warm Temperate Rainforests","vegForm":"Rainforests"},"geometry":{"type":"Polygon","coordinates":[[[151.51247,-32.0332],[151.51126,-32.0323],[151.51212,-32.03258],[151.51237,-32.03217],[151.51257,-32.03297],[151.514,-32.03296],[151.51423,-32.03327],[151.51486,-32.03325],[151.51493,-32.03356],[151.51535,-32.03346],[151.51547,-32.03377],[151.51392,-32.03351],[151.51247,-32.0332]]]}},{"type":"Feature","properties":{"OBJECTID":9262054,"PCTID":3031,"PCTName":"Northern Escarpment Coachwood-Beech Rainforest","vegClass":"Northern Warm Temperate Rainforests","vegForm":"Rainforests"},"geometry":{"type":"Polygon","coordinates":[[[151.51638,-32.03383],[151.51599,-32.03361],[151.51641,-32.03351],[151.51638,-32.03383]]]}},{"type":"Feature","properties":{"OBJECTID":9262057,"PCTID":3927,"PCTName":"Barrington Subalpine Swamp Meadow","vegClass":"Montane Bogs and Fens","vegForm":"Freshwater Wetlands"},"geometry":{"type":"Polygon","coordinates":[[[151.44017,-32.03666],[151.44006,-32.03652],[151.44027,-32.03656],[151.44017,-32.03666]]]}},{"type":"Feature","properties":{"OBJECTID":9262058,"PCTID":3288,"PCTName":"Northern Escarpment Messmate Moist Grassy Forest","vegClass":"Northern Tableland Wet Sclerophyll Forests","vegForm":"Wet Sclerophyll Forests (Grassy sub-formation)"},"geometry":{"type":"Polygon","coordinates":[[[151.49463,-32.03463],[151.49383,-32.03465],[151.49362,-32.03362],[151.49222,-32.03322],[151.49215,-32.03277],[151.49426,-32.03369],[151.49463,-32.03463]]]}},{"type":"Feature","properties":{"OBJECTID":9262065,"PCTID":0,"PCTName":"Not classified","vegClass":"Not classified","vegForm":"Not classified"},"geometry":{"type":"Polygon","coordinates":[[[151.47047,-32.03185],[151.47067,-32.03275],[151.47333,-32.034],[151.47341,-32.03445],[151.47295,-32.03474],[151.47309,-32.0355],[151.47274,-32.03479],[151.47323,-32.03405],[151.47062,-32.03284],[151.47003,-32.03164],[151.46772,-32.03105],[151.46733,-32.03056],[151.46809,-32.03103],[151.46965,-32.03134],[151.47047,-32.03185]]]}},{"type":"Feature","properties":{"OBJECTID":9262066,"PCTID":3052,"PCTName":"Northern Escarpment Antarctic Beech Rainforest","vegClass":"Cool Temperate Rainforests","vegForm":"Rainforests"},"geometry":{"type":"Polygon","coordinates":[[[151.47266,-32.03534],[151.47275,-32.03502],[151.47293,-32.03555],[151.47266,-32.03534]]]}},{"type":"Feature","properties":{"OBJECTID":9262067,"PCTID":0,"PCTName":"Not classified","vegClass":"Not classified","vegForm":"Not classified"},"geometry":{"type":"Polygon","coordinates":[[[151.47293,-32.03555],[151.47294,-32.0356],[151.47288,-32.0356],[151.47293,-32.03555]]]}},{"type":"Feature","properties":{"OBJECTID":9262087,"PCTID":0,"PCTName":"Not classified","vegClass":"Not classified","vegForm":"Not classified"},"geometry":{"type":"Polygon","coordinates":[[[151.47121,-32.03602],[151.47288,-32.0356],[151.47278,-32.03574],[151.47121,-32.03602]]]}},{"type":"Feature","properties":{"OBJECTID":9262092,"PCTID":0,"PCTName":"Not classified","vegClass":"Not classified","vegForm":"Not classified"},"geometry":{"type":"Polygon","coordinates":[[[151.47084,-32.03608],[151.47083,-32.03595],[151.47105,-32.03607],[151.47084,-32.03608]]]}},{"type":"Feature","properties":{"OBJECTID":9262104,"PCTID":3287,"PCTName":"Northern Escarpment Messmate Cool Wet Forest","vegClass":"Northern Tableland Wet Sclerophyll Forests","vegForm":"Wet Sclerophyll Forests (Grassy sub-formation)"},"geometry":{"type":"Polygon","coordinates":[[[151.50166,-32.03315],[151.50224,-32.03317],[151.50275,-32.03379],[151.50355,-32.03385],[151.50314,-32.03422],[151.50265,-32.03401],[151.50278,-32.03451],[151.50327,-32.03458],[151.50263,-32.03469],[151.50286,-32.03505],[151.50149,-32.03415],[151.50153,-32.03374],[151.50097,-32.03317],[151.50141,-32.03243],[151.50166,-32.03315]]]}},{"type":"Feature","properties":{"OBJECTID":9262121,"PCTID":3927,"PCTName":"Barrington Subalpine Swamp Meadow","vegClass":"Montane Bogs and Fens","vegForm":"Freshwater Wetlands"},"geometry":{"type":"Polygon","coordinates":[[[151.45458,-32.03649],[151.45263,-32.03675],[151.45241,-32.03653],[151.45275,-32.03584],[151.45333,-32.03586],[151.45342,-32.0355],[151.45511,-32.03544],[151.45525,-32.03493],[151.45416,-32.03448],[151.45456,-32.03392],[151.45508,-32.03381],[151.45532,-32.03434],[151.45595,-32.03423],[151.45623,-32.03449],[151.4569,-32.03402],[151.45728,-32.03427],[151.45762,-32.03367],[151.45826,-32.0337],[151.45782,-32.03335],[151.4585,-32.03328],[151.45935,-32.03226],[151.46117,-32.03246],[151.46114,-32.03296],[151.46237,-32.03327],[151.46272,-32.03389],[151.46173,-32.03425],[151.46056,-32.03411],[151.46036,-32.03439],[151.45971,-32.03405],[151.45897,-32.03421],[151.45954,-32.03487],[151.45902,-32.0352],[151.45894,-32.03679],[151.45772,-32.03674],[151.45747,-32.03698],[151.45682,-32.03664],[151.45587,-32.03676],[151.45562,-32.03709],[151.45541,-32.03705],[151.45554,-32.03664],[151.45524,-32.03683],[151.45458,-32.03649]]]}},{"type":"Feature","properties":{"OBJECTID":9262127,"PCTID":3944,"PCTName":"New England Tableland Carex Fens","vegClass":"Montane Bogs and Fens","vegForm":"Freshwater Wetlands"},"geometry":{"type":"Polygon","coordinates":[[[151.45461,-32.03712],[151.45464,-32.03663],[151.45524,-32.03683],[151.45461,-32.03712]]]}},{"type":"Feature","properties":{"OBJECTID":9262146,"PCTID":3052,"PCTName":"Northern Escarpment Antarctic Beech Rainforest","vegClass":"Cool Temperate Rainforests","vegForm":"Rainforests"},"geometry":{"type":"Polygon","coordinates":[[[151.48049,-32.03605],[151.47969,-32.03608],[151.47893,-32.03565],[151.47929,-32.03546],[151.47967,-32.03567],[151.47968,-32.03477],[151.47915,-32.03474],[151.47907,-32.03429],[151.48008,-32.03425],[151.4803,-32.03452],[151.48035,-32.03537],[151.48106,-32.03593],[151.48083,-32.03662],[151.48049,-32.03605]]]}},{"type":"Feature","properties":{"OBJECTID":9262151,"PCTID":3927,"PCTName":"Barrington Subalpine Swamp Meadow","vegClass":"Montane Bogs and Fens","vegForm":"Freshwater Wetlands"},"geometry":{"type":"Polygon","coordinates":[[[151.43897,-32.0381],[151.43885,-32.03783],[151.43923,-32.03813],[151.43897,-32.0381]]]}},{"type":"Feature","properties":{"OBJECTID":9262173,"PCTID":0,"PCTName":"Not classified","vegClass":"Not classified","vegForm":"Not classified"},"geometry":{"type":"Polygon","coordinates":[[[151.46915,-32.03623],[151.47062,-32.036],[151.46635,-32.03751],[151.46915,-32.03623]]]}},{"type":"Feature","properties":{"OBJECTID":9262175,"PCTID":3926,"PCTName":"Barrington Granodiorite Subalpine Swamp Woodland","vegClass":"Montane Bogs and Fens","vegForm":"Freshwater Wetlands"},"geometry":{"type":"Polygon","coordinates":[[[151.43879,-32.03779],[151.43878,-32.03743],[151.43977,-32.03717],[151.43973,-32.03636],[151.4401,-32.03639],[151.44034,-32.03575],[151.4401,-32.0353],[151.44036,-32.03511],[151.44084,-32.03514],[151.44167,-32.03583],[151.44209,-32.03681],[151.44304,-32.03678],[151.44346,-32.03789],[151.44243,-32.03843],[151.44135,-32.03801],[151.4403,-32.03814],[151.44015,-32.03851],[151.4394,-32.03817],[151.43879,-32.03779]],[[151.44006,-32.03652],[151.44017,-32.03666],[151.44027,-32.03656],[151.44006,-32.03652]]]}},{"type":"Feature","properties":{"OBJECTID":9262273,"PCTID":3052,"PCTName":"Northern Escarpment Antarctic Beech Rainforest","vegClass":"Cool Temperate Rainforests","vegForm":"Rainforests"},"geometry":{"type":"Polygon","coordinates":[[[151.49285,-32.03731],[151.49292,-32.03753],[151.49249,-32.03746],[151.49316,-32.03807],[151.49075,-32.03766],[151.49036,-32.03722],[151.49072,-32.03707],[151.49285,-32.03731]]]}},{"type":"Feature","properties":{"OBJECTID":9262297,"PCTID":3379,"PCTName":"Barrington-Point Lookout Montane Grassy Forest","vegClass":"Subalpine Woodlands","vegForm":"Grassy Woodlands"},"geometry":{"type":"Polygon","coordinates":[[[151.48063,-32.03898],[151.48019,-32.03863],[151.48032,-32.03799],[151.48063,-32.03898]]]}},{"type":"Feature","properties":{"OBJECTID":9262324,"PCTID":3052,"PCTName":"Northern Escarpment Antarctic Beech Rainforest","vegClass":"Cool Temperate Rainforests","vegForm":"Rainforests"},"geometry":{"type":"Polygon","coordinates":[[[151.47885,-32.03936],[151.47833,-32.0396],[151.47805,-32.0393],[151.47747,-32.03936],[151.47733,-32.03869],[151.47669,-32.03849],[151.47699,-32.03821],[151.47803,-32.0388],[151.47885,-32.03936]]]}},{"type":"Feature","properties":{"OBJECTID":9262366,"PCTID":3052,"PCTName":"Northern Escarpment Antarctic Beech Rainforest","vegClass":"Cool Temperate Rainforests","vegForm":"Rainforests"},"geometry":{"type":"Polygon","coordinates":[[[151.47936,-32.04006],[151.4789,-32.03936],[151.4795,-32.03952],[151.47978,-32.03892],[151.48033,-32.04025],[151.47936,-32.04006]]]}},{"type":"Feature","properties":{"OBJECTID":9262414,"PCTID":3052,"PCTName":"Northern Escarpment Antarctic Beech Rainforest","vegClass":"Cool Temperate Rainforests","vegForm":"Rainforests"},"geometry":{"type":"Polygon","coordinates":[[[151.4772,-32.03603],[151.47745,-32.03566],[151.47778,-32.03605],[151.47764,-32.03642],[151.47685,-32.03641],[151.47625,-32.03719],[151.47583,-32.03721],[151.47575,-32.03681],[151.47555,-32.03704],[151.47639,-32.03791],[151.47585,-32.03771],[151.47355,-32.03833],[151.47259,-32.03927],[151.47261,-32.03959],[151.47219,-32.03969],[151.47161,-32.04084],[151.47116,-32.04041],[151.46952,-32.04042],[151.46864,-32.04077],[151.46783,-32.04157],[151.46698,-32.04164],[151.4676,-32.04022],[151.46891,-32.03986],[151.46935,-32.0402],[151.46985,-32.03955],[151.47033,-32.03962],[151.47066,-32.03893],[151.47047,-32.03822],[151.47149,-32.03741],[151.4711,-32.03702],[151.47119,-32.0367],[151.47172,-32.03677],[151.47176,-32.03646],[151.47275,-32.0361],[151.47319,-32.03536],[151.47311,-32.03483],[151.4739,-32.03475],[151.4749,-32.03562],[151.47623,-32.03571],[151.47663,-32.03528],[151.47717,-32.0354],[151.4772,-32.03603]]]}},{"type":"Feature","properties":{"OBJECTID":9262422,"PCTID":3052,"PCTName":"Northern Escarpment Antarctic Beech Rainforest","vegClass":"Cool Temperate Rainforests","vegForm":"Rainforests"},"geometry":{"type":"Polygon","coordinates":[[[151.49161,-32.03998],[151.49219,-32.04],[151.49245,-32.04094],[151.49137,-32.04048],[151.49129,-32.04003],[151.49062,-32.04033],[151.49069,-32.03965],[151.49143,-32.03958],[151.49161,-32.03998]]]}},{"type":"Feature","properties":{"OBJECTID":9262477,"PCTID":3033,"PCTName":"Northern Escarpment Sassafras-Prickly Ash Rainforest","vegClass":"Northern Warm Temperate Rainforests","vegForm":"Rainforests"},"geometry":{"type":"Polygon","coordinates":[[[151.51754,-32.03487],[151.51677,-32.03431],[151.51511,-32.03396],[151.51448,-32.03408],[151.51381,-32.03338],[151.51537,-32.03382],[151.51541,-32.0335],[151.51493,-32.03356],[151.51486,-32.03325],[151.51423,-32.03327],[151.514,-32.03296],[151.51257,-32.03297],[151.51237,-32.03217],[151.51212,-32.03258],[151.51141,-32.03216],[151.51096,-32.03258],[151.51022,-32.03261],[151.50993,-32.03226],[151.50941,-32.03237],[151.50916,-32.0317],[151.50885,-32.03171],[151.50893,-32.03134],[151.50796,-32.03192],[151.50712,-32.03105],[151.50665,-32.0312],[151.5062,-32.03068],[151.50591,-32.03137],[151.50522,-32.03135],[151.50497,-32.03059],[151.50529,-32.03067],[151.50538,-32.03035],[151.50506,-32.03027],[151.50498,-32.02964],[151.50454,-32.02934],[151.50424,-32.02971],[151.50341,-32.02915],[151.50354,-32.02847],[151.50456,-32.02771],[151.5055,-32.0284],[151.50638,-32.02805],[151.50699,-32.02857],[151.5069,-32.02885],[151.50809,-32.0293],[151.50871,-32.03],[151.50891,-32.02981],[151.50851,-32.02928],[151.50877,-32.02909],[151.50934,-32.02993],[151.51007,-32.02968],[151.51174,-32.03025],[151.51198,-32.02979],[151.51352,-32.02982],[151.51467,-32.03055],[151.51459,-32.03005],[151.51376,-32.02936],[151.51397,-32.02926],[151.51558,-32.03069],[151.51585,-32.03068],[151.51571,-32.03006],[151.51684,-32.03038],[151.5172,-32.03131],[151.5175,-32.03098],[151.51788,-32.03106],[151.51758,-32.03035],[151.51788,-32.03002],[151.51881,-32.0303],[151.51881,-32.03504],[151.51754,-32.03487]],[[151.51599,-32.03361],[151.51638,-32.03383],[151.51641,-32.03351],[151.51599,-32.03361]]]}},{"type":"Feature","properties":{"OBJECTID":9262492,"PCTID":3927,"PCTName":"Barrington Subalpine Swamp Meadow","vegClass":"Montane Bogs and Fens","vegForm":"Freshwater Wetlands"},"geometry":{"type":"Polygon","coordinates":[[[151.42849,-32.0406],[151.4288,-32.04054],[151.42921,-32.04121],[151.4293,-32.04206],[151.42969,-32.04236],[151.42983,-32.042],[151.43043,-32.04234],[151.43084,-32.0421],[151.43129,-32.04258],[151.43197,-32.04228],[151.43153,-32.04316],[151.43223,-32.04327],[151.43209,-32.04363],[151.43238,-32.04412],[151.43096,-32.0444],[151.4307,-32.04355],[151.43039,-32.04365],[151.42962,-32.04313],[151.42954,-32.04255],[151.42859,-32.04258],[151.4285,-32.042],[151.42798,-32.04215],[151.4268,-32.04175],[151.42615,-32.04258],[151.42613,-32.04218],[151.42571,-32.04228],[151.42501,-32.04524],[151.42428,-32.04545],[151.42393,-32.04497],[151.42451,-32.04476],[151.42455,-32.0435],[151.42493,-32.04272],[151.4239,-32.04117],[151.42454,-32.0411],[151.42447,-32.04075],[151.42477,-32.04055],[151.4261,-32.04046],[151.42695,-32.03953],[151.42805,-32.03922],[151.42849,-32.0406]]]}},{"type":"Feature","properties":{"OBJECTID":9262497,"PCTID":3287,"PCTName":"Northern Escarpment Messmate Cool Wet Forest","vegClass":"Northern Tableland Wet Sclerophyll Forests","vegForm":"Wet Sclerophyll Forests (Grassy sub-formation)"},"geometry":{"type":"Polygon","coordinates":[[[151.48106,-32.03679],[151.48082,-32.03748],[151.4811,-32.03769],[151.48078,-32.03861],[151.48088,-32.03965],[151.48171,-32.04029],[151.48392,-32.04003],[151.48494,-32.04031],[151.48501,-32.04058],[151.48464,-32.04055],[151.48452,-32.04141],[151.48512,-32.04166],[151.48558,-32.04137],[151.48691,-32.04146],[151.48613,-32.04185],[151.48667,-32.04201],[151.48633,-32.04256],[151.48555,-32.04286],[151.48496,-32.04266],[151.48465,-32.04285],[151.48467,-32.0433],[151.4841,-32.04346],[151.48371,-32.04311],[151.48368,-32.04257],[151.48047,-32.0421],[151.48061,-32.04155],[151.48022,-32.0413],[151.48036,-32.0398],[151.47984,-32.03896],[151.4795,-32.03952],[151.47911,-32.03921],[151.47885,-32.03936],[151.47803,-32.0388],[151.47844,-32.03851],[151.47724,-32.03784],[151.47847,-32.03698],[151.479,-32.03696],[151.47943,-32.03717],[151.47942,-32.03798],[151.47916,-32.03808],[151.47948,-32.03825],[151.47995,-32.03796],[151.47974,-32.03702],[151.47951,-32.03667],[151.47877,-32.03679],[151.47766,-32.0357],[151.4772,-32.03603],[151.47712,-32.03545],[151.47807,-32.03546],[151.47892,-32.03651],[151.4802,-32.03669],[151.48017,-32.0371],[151.48073,-32.03662],[151.48106,-32.03679]],[[151.48019,-32.03863],[151.48063,-32.03898],[151.48032,-32.03799],[151.48019,-32.03863]]]}},{"type":"Feature","properties":{"OBJECTID":9262588,"PCTID":0,"PCTName":"Not classified","vegClass":"Not classified","vegForm":"Not classified"},"geometry":{"type":"Polygon","coordinates":[[[151.46863,-32.04488],[151.46857,-32.04375],[151.46564,-32.04237],[151.46483,-32.04095],[151.46466,-32.03866],[151.46619,-32.03752],[151.46472,-32.03888],[151.46505,-32.04117],[151.46558,-32.04215],[151.46867,-32.04366],[151.4687,-32.04524],[151.46805,-32.04603],[151.46863,-32.04488]]]}},{"type":"Feature","properties":{"OBJECTID":9262591,"PCTID":0,"PCTName":"Not classified","vegClass":"Not classified","vegForm":"Not classified"},"geometry":{"type":"Polygon","coordinates":[[[151.46805,-32.04603],[151.46805,-32.04608],[151.468,-32.04608],[151.46805,-32.04603]]]}},{"type":"Feature","properties":{"OBJECTID":9262599,"PCTID":3052,"PCTName":"Northern Escarpment Antarctic Beech Rainforest","vegClass":"Cool Temperate Rainforests","vegForm":"Rainforests"},"geometry":{"type":"Polygon","coordinates":[[[151.43668,-32.04636],[151.43775,-32.04659],[151.43752,-32.04736],[151.43656,-32.04713],[151.43648,-32.04663],[151.43615,-32.04651],[151.43614,-32.04615],[151.4365,-32.04605],[151.43668,-32.04636]]]}},{"type":"Feature","properties":{"OBJECTID":9262600,"PCTID":3927,"PCTName":"Barrington Subalpine Swamp Meadow","vegClass":"Montane Bogs and Fens","vegForm":"Freshwater Wetlands"},"geometry":{"type":"Polygon","coordinates":[[[151.46799,-32.04377],[151.46792,-32.0445],[151.46713,-32.04566],[151.46635,-32.04591],[151.46508,-32.04591],[151.4642,-32.04649],[151.4635,-32.0462],[151.46282,-32.04636],[151.46252,-32.04569],[151.46177,-32.04563],[151.46072,-32.04472],[151.46176,-32.04332],[151.46178,-32.04265],[151.46225,-32.04236],[151.4623,-32.04136],[151.46263,-32.04149],[151.46282,-32.04103],[151.46335,-32.04218],[151.46484,-32.04231],[151.46519,-32.04293],[151.46687,-32.04354],[151.46724,-32.04353],[151.46715,-32.04295],[151.46799,-32.04377]]]}},{"type":"Feature","properties":{"OBJECTID":9262616,"PCTID":0,"PCTName":"Not classified","vegClass":"Not classified","vegForm":"Not classified"},"geometry":{"type":"Polygon","coordinates":[[[151.42162,-32.0474],[151.42303,-32.0482],[151.42173,-32.04757],[151.42119,-32.04751],[151.42119,-32.04736],[151.42162,-32.0474]]]}},{"type":"Feature","properties":{"OBJECTID":9262645,"PCTID":3379,"PCTName":"Barrington-Point Lookout Montane Grassy Forest","vegClass":"Subalpine Woodlands","vegForm":"Grassy Woodlands"},"geometry":{"type":"Polygon","coordinates":[[[151.42444,-32.0487],[151.42438,-32.04856],[151.42459,-32.0486],[151.42444,-32.0487]]]}},{"type":"Feature","properties":{"OBJECTID":9262646,"PCTID":3052,"PCTName":"Northern Escarpment Antarctic Beech Rainforest","vegClass":"Cool Temperate Rainforests","vegForm":"Rainforests"},"geometry":{"type":"Polygon","coordinates":[[[151.45903,-32.0469],[151.45951,-32.04693],[151.45932,-32.04739],[151.45782,-32.04717],[151.45842,-32.04634],[151.45903,-32.0469]]]}},{"type":"Feature","properties":{"OBJECTID":9262647,"PCTID":0,"PCTName":"Not classified","vegClass":"Not classified","vegForm":"Not classified"},"geometry":{"type":"Polygon","coordinates":[[[151.46689,-32.04716],[151.46723,-32.0466],[151.468,-32.04608],[151.46689,-32.04716]]]}},{"type":"Feature","properties":{"OBJECTID":9262679,"PCTID":3052,"PCTName":"Northern Escarpment Antarctic Beech Rainforest","vegClass":"Cool Temperate Rainforests","vegForm":"Rainforests"},"geometry":{"type":"Polygon","coordinates":[[[151.49009,-32.04455],[151.49038,-32.04499],[151.49008,-32.04536],[151.49012,-32.04509],[151.48946,-32.04471],[151.48872,-32.04469],[151.48863,-32.0451],[151.48913,-32.04549],[151.48952,-32.04687],[151.48871,-32.04668],[151.48814,-32.04579],[151.48833,-32.04538],[151.48808,-32.04476],[151.48858,-32.04397],[151.49009,-32.04455]]]}},{"type":"Feature","properties":{"OBJECTID":9262687,"PCTID":3927,"PCTName":"Barrington Subalpine Swamp Meadow","vegClass":"Montane Bogs and Fens","vegForm":"Freshwater Wetlands"},"geometry":{"type":"Polygon","coordinates":[[[151.4409,-32.02787],[151.44011,-32.02812],[151.43973,-32.02777],[151.43862,-32.0279],[151.43874,-32.02826],[151.43761,-32.02902],[151.43785,-32.02951],[151.43766,-32.03002],[151.43926,-32.03113],[151.44012,-32.03047],[151.43994,-32.03111],[151.43957,-32.03112],[151.43975,-32.03152],[151.44109,-32.0317],[151.44116,-32.03106],[151.44148,-32.0311],[151.44134,-32.03142],[151.44183,-32.03172],[151.44163,-32.03191],[151.44193,-32.03271],[151.44263,-32.03277],[151.4426,-32.03323],[151.44291,-32.03321],[151.44298,-32.03353],[151.44351,-32.03346],[151.44406,-32.03389],[151.44364,-32.03508],[151.44399,-32.03561],[151.44414,-32.0376],[151.44463,-32.03789],[151.4446,-32.03826],[151.44502,-32.03829],[151.44457,-32.03772],[151.44451,-32.0365],[151.44497,-32.03725],[151.44482,-32.03753],[151.4453,-32.03751],[151.44581,-32.03808],[151.44513,-32.03833],[151.44531,-32.03882],[151.44485,-32.03911],[151.44503,-32.0396],[151.44584,-32.03988],[151.4458,-32.04015],[151.44537,-32.0399],[151.44528,-32.04017],[151.44748,-32.04082],[151.44884,-32.0405],[151.44924,-32.03998],[151.45039,-32.04062],[151.45097,-32.04055],[151.45165,-32.04148],[151.4529,-32.04202],[151.45352,-32.04502],[151.45306,-32.0463],[151.45258,-32.04632],[151.45287,-32.04676],[151.45245,-32.048],[151.45081,-32.04806],[151.45015,-32.04853],[151.44944,-32.04815],[151.44882,-32.04858],[151.44795,-32.04798],[151.44737,-32.04805],[151.44702,-32.04747],[151.44722,-32.04828],[151.4462,-32.04809],[151.44564,-32.04639],[151.44531,-32.04627],[151.44534,-32.04564],[151.44567,-32.04594],[151.44598,-32.04575],[151.44679,-32.04604],[151.44686,-32.04635],[151.44749,-32.04619],[151.44814,-32.04653],[151.44964,-32.04589],[151.45033,-32.04591],[151.45078,-32.04526],[151.45091,-32.04584],[151.45143,-32.04447],[151.45123,-32.04362],[151.45149,-32.04352],[151.45143,-32.0423],[151.4512,-32.04208],[151.44952,-32.04128],[151.44762,-32.04144],[151.44728,-32.04105],[151.44515,-32.04095],[151.44424,-32.04166],[151.44381,-32.04163],[151.44374,-32.04127],[151.44265,-32.04171],[151.44173,-32.04139],[151.44117,-32.04073],[151.44159,-32.04166],[151.44201,-32.04165],[151.44181,-32.04188],[151.43993,-32.04136],[151.44012,-32.04104],[151.44035,-32.04139],[151.44083,-32.04133],[151.44058,-32.04057],[151.44188,-32.04007],[151.44133,-32.03977],[151.44146,-32.03923],[151.44126,-32.03933],[151.44096,-32.03875],[151.43975,-32.03884],[151.4394,-32.03817],[151.44015,-32.03851],[151.4403,-32.03814],[151.44135,-32.03801],[151.44243,-32.03843],[151.44283,-32.038],[151.44347,-32.03794],[151.44304,-32.03678],[151.44209,-32.03681],[151.44167,-32.03583],[151.44084,-32.03514],[151.4401,-32.0353],[151.44034,-32.03575],[151.4401,-32.03639],[151.43973,-32.03636],[151.43967,-32.03726],[151.4386,-32.03716],[151.43856,-32.03744],[151.43767,-32.0376],[151.43815,-32.03772],[151.43806,-32.03795],[151.43706,-32.03803],[151.43667,-32.03778],[151.43566,-32.03881],[151.43501,-32.03856],[151.43466,-32.03889],[151.43364,-32.0387],[151.43362,-32.03825],[151.43441,-32.03813],[151.43421,-32.03737],[151.4346,-32.03776],[151.43502,-32.03761],[151.43495,-32.03734],[151.43298,-32.03705],[151.43248,-32.03666],[151.43239,-32.03703],[151.43191,-32.03695],[151.43178,-32.03646],[151.43273,-32.03638],[151.43265,-32.03589],[151.43225,-32.03518],[151.43142,-32.03462],[151.43168,-32.03439],[151.43071,-32.03406],[151.43031,-32.03358],[151.43045,-32.03317],[151.42991,-32.03301],[151.43028,-32.03186],[151.42978,-32.03044],[151.42935,-32.03014],[151.42942,-32.03059],[151.42903,-32.03015],[151.42808,-32.03032],[151.42727,-32.03003],[151.42731,-32.02976],[151.42849,-32.02994],[151.42809,-32.02946],[151.42682,-32.02942],[151.42647,-32.02884],[151.42505,-32.02898],[151.42482,-32.02858],[151.42489,-32.02908],[151.42379,-32.02921],[151.42367,-32.02894],[151.42403,-32.02888],[151.423,-32.02833],[151.42233,-32.02863],[151.42282,-32.02893],[151.42262,-32.02916],[151.4213,-32.02817],[151.42165,-32.0278],[151.42148,-32.02753],[151.4222,-32.02723],[151.42246,-32.02609],[151.42342,-32.02611],[151.4236,-32.02651],[151.42413,-32.02644],[151.42462,-32.02683],[151.42631,-32.02672],[151.42708,-32.02715],[151.42754,-32.02686],[151.42819,-32.02711],[151.42972,-32.02696],[151.43059,-32.02643],[151.43047,-32.02608],[151.43083,-32.02579],[151.43158,-32.02613],[151.43119,-32.02564],[151.43243,-32.02506],[151.43256,-32.02451],[151.43346,-32.02439],[151.43349,-32.02398],[151.43317,-32.02399],[151.43403,-32.02315],[151.43391,-32.0227],[151.43299,-32.02251],[151.4328,-32.02279],[151.43214,-32.02236],[151.43189,-32.02273],[151.43135,-32.02243],[151.43133,-32.02212],[151.43102,-32.02226],[151.43061,-32.02142],[151.43177,-32.02124],[151.43373,-32.02135],[151.43518,-32.02279],[151.43576,-32.02277],[151.43572,-32.02394],[151.437,-32.02521],[151.4385,-32.02556],[151.43873,-32.02596],[151.43925,-32.02567],[151.44018,-32.02622],[151.4409,-32.02787]],[[151.4225,-32.02677],[151.42242,-32.02741],[151.42299,-32.02698],[151.42287,-32.02676],[151.4225,-32.02677]],[[151.4354,-32.02725],[151.43551,-32.0272],[151.43545,-32.02712],[151.4354,-32.02725]],[[151.43409,-32.02748],[151.4332,-32.02873],[151.43267,-32.02875],[151.43243,-32.02926],[151.43138,-32.02943],[151.43072,-32.03],[151.43123,-32.0307],[151.4312,-32.03124],[151.43175,-32.03154],[151.43209,-32.03103],[151.43228,-32.03148],[151.43348,-32.03125],[151.43376,-32.03151],[151.43494,-32.03066],[151.43466,-32.03044],[151.43474,-32.02985],[151.43583,-32.02936],[151.43586,-32.029],[151.43613,-32.02908],[151.43643,-32.02866],[151.43551,-32.0282],[151.4351,-32.02744],[151.43467,-32.02742],[151.43409,-32.02748]]]}},{"type":"Feature","properties":{"OBJECTID":9262710,"PCTID":3981,"PCTName":"Tableland Semi-permanent Shallow Wetlands","vegClass":"Montane Lakes","vegForm":"Freshwater Wetlands"},"geometry":{"type":"Polygon","coordinates":[[[151.49716,-32.04709],[151.49705,-32.04592],[151.49734,-32.04645],[151.49845,-32.04627],[151.49862,-32.04654],[151.49831,-32.04664],[151.49853,-32.0469],[151.49828,-32.04709],[151.49716,-32.04709]]]}},{"type":"Feature","properties":{"OBJECTID":9262769,"PCTID":3052,"PCTName":"Northern Escarpment Antarctic Beech Rainforest","vegClass":"Cool Temperate Rainforests","vegForm":"Rainforests"},"geometry":{"type":"Polygon","coordinates":[[[151.48539,-32.0449],[151.48614,-32.04505],[151.48616,-32.0455],[151.48699,-32.04611],[151.48682,-32.04706],[151.48539,-32.04702],[151.48526,-32.04653],[151.48494,-32.0465],[151.48514,-32.0473],[151.4856,-32.04711],[151.48619,-32.04817],[151.48577,-32.04832],[151.48615,-32.04849],[151.4856,-32.04909],[151.48408,-32.04843],[151.48379,-32.04798],[151.48407,-32.04721],[151.48379,-32.04577],[151.48404,-32.04549],[151.48441,-32.04557],[151.4845,-32.0452],[151.48513,-32.045],[151.48585,-32.0457],[151.48523,-32.04495],[151.48532,-32.04454],[151.48539,-32.0449]]]}},{"type":"Feature","properties":{"OBJECTID":9262801,"PCTID":0,"PCTName":"Not classified","vegClass":"Not classified","vegForm":"Not classified"},"geometry":{"type":"Polygon","coordinates":[[[151.48213,-32.04967],[151.48096,-32.04971],[151.4818,-32.0495],[151.48213,-32.04967]]]}},{"type":"Feature","properties":{"OBJECTID":9262806,"PCTID":0,"PCTName":"Not classified","vegClass":"Not classified","vegForm":"Not classified"},"geometry":{"type":"Polygon","coordinates":[[[151.45313,-32.05082],[151.4527,-32.05079],[151.45166,-32.0501],[151.45313,-32.05082]]]}},{"type":"Feature","properties":{"OBJECTID":9262807,"PCTID":3944,"PCTName":"New England Tableland Carex Fens","vegClass":"Montane Bogs and Fens","vegForm":"Freshwater Wetlands"},"geometry":{"type":"Polygon","coordinates":[[[151.49716,-32.04709],[151.49828,-32.04709],[151.49773,-32.04784],[151.498,-32.04891],[151.49733,-32.04925],[151.49721,-32.04898],[151.49777,-32.04851],[151.49687,-32.04755],[151.49628,-32.04739],[151.49688,-32.04678],[151.49669,-32.04611],[151.49701,-32.04606],[151.49716,-32.04709]]]}},{"type":"Feature","properties":{"OBJECTID":9262813,"PCTID":0,"PCTName":"Not classified","vegClass":"Not classified","vegForm":"Not classified"},"geometry":{"type":"Polygon","coordinates":[[[151.48029,-32.04996],[151.48028,-32.04987],[151.48039,-32.04996],[151.48029,-32.04996]]]}},{"type":"Feature","properties":{"OBJECTID":9262816,"PCTID":3052,"PCTName":"Northern Escarpment Antarctic Beech Rainforest","vegClass":"Cool Temperate Rainforests","vegForm":"Rainforests"},"geometry":{"type":"Polygon","coordinates":[[[151.44403,-32.04912],[151.44388,-32.04944],[151.44415,-32.04952],[151.44371,-32.05026],[151.4423,-32.05058],[151.44147,-32.05111],[151.44088,-32.05086],[151.44069,-32.05127],[151.44005,-32.0512],[151.43985,-32.05148],[151.43894,-32.05129],[151.43912,-32.05069],[151.44024,-32.05074],[151.44038,-32.05042],[151.44153,-32.0502],[151.44191,-32.04919],[151.44308,-32.04924],[151.44354,-32.04895],[151.44403,-32.04912]]]}},{"type":"Feature","properties":{"OBJECTID":9262817,"PCTID":0,"PCTName":"Not classified","vegClass":"Not classified","vegForm":"Not classified"},"geometry":{"type":"Polygon","coordinates":[[[151.44993,-32.04944],[151.4453,-32.05015],[151.44412,-32.05096],[151.44228,-32.05139],[151.44375,-32.05098],[151.44534,-32.05002],[151.44992,-32.04931],[151.45067,-32.04942],[151.45166,-32.0501],[151.44993,-32.04944]]]}},{"type":"Feature","properties":{"OBJECTID":9262818,"PCTID":0,"PCTName":"Not classified","vegClass":"Not classified","vegForm":"Not classified"},"geometry":{"type":"Polygon","coordinates":[[[151.44181,-32.05146],[151.4418,-32.05132],[151.44207,-32.05145],[151.44181,-32.05146]]]}},{"type":"Feature","properties":{"OBJECTID":9262824,"PCTID":0,"PCTName":"Not classified","vegClass":"Not classified","vegForm":"Not classified"},"geometry":{"type":"Polygon","coordinates":[[[151.48337,-32.05003],[151.48336,-32.0499],[151.48405,-32.05001],[151.48337,-32.05003]]]}},{"type":"Feature","properties":{"OBJECTID":9262826,"PCTID":0,"PCTName":"Not classified","vegClass":"Not classified","vegForm":"Not classified"},"geometry":{"type":"Polygon","coordinates":[[[151.48443,-32.05008],[151.48427,-32.05004],[151.48432,-32.04995],[151.48443,-32.05008]]]}},{"type":"Feature","properties":{"OBJECTID":9262827,"PCTID":3033,"PCTName":"Northern Escarpment Sassafras-Prickly Ash Rainforest","vegClass":"Northern Warm Temperate Rainforests","vegForm":"Rainforests"},"geometry":{"type":"Polygon","coordinates":[[[151.42525,-32.05219],[151.42445,-32.05213],[151.42454,-32.05176],[151.42538,-32.05173],[151.42525,-32.05219]]]}},{"type":"Feature","properties":{"OBJECTID":9262834,"PCTID":0,"PCTName":"Not classified","vegClass":"Not classified","vegForm":"Not classified"},"geometry":{"type":"Polygon","coordinates":[[[151.45531,-32.05106],[151.45617,-32.05125],[151.4551,-32.05106],[151.45443,-32.05045],[151.45329,-32.05086],[151.45421,-32.05028],[151.45531,-32.05106]]]}},{"type":"Feature","properties":{"OBJECTID":9262837,"PCTID":0,"PCTName":"Not classified","vegClass":"Not classified","vegForm":"Not classified"},"geometry":{"type":"Polygon","coordinates":[[[151.48571,-32.05022],[151.4857,-32.05008],[151.48613,-32.0502],[151.48571,-32.05022]]]}},{"type":"Feature","properties":{"OBJECTID":9262838,"PCTID":0,"PCTName":"Not classified","vegClass":"Not classified","vegForm":"Not classified"},"geometry":{"type":"Polygon","coordinates":[[[151.48529,-32.05028],[151.48528,-32.05014],[151.48545,-32.05027],[151.48529,-32.05028]]]}},{"type":"Feature","properties":{"OBJECTID":9262841,"PCTID":0,"PCTName":"Not classified","vegClass":"Not classified","vegForm":"Not classified"},"geometry":{"type":"Polygon","coordinates":[[[151.48672,-32.05032],[151.48672,-32.05027],[151.48677,-32.05031],[151.48672,-32.05032]]]}},{"type":"Feature","properties":{"OBJECTID":9262844,"PCTID":3033,"PCTName":"Northern Escarpment Sassafras-Prickly Ash Rainforest","vegClass":"Northern Warm Temperate Rainforests","vegForm":"Rainforests"},"geometry":{"type":"Polygon","coordinates":[[[151.42246,-32.0527],[151.42219,-32.05257],[151.42226,-32.0518],[151.42198,-32.05154],[151.42143,-32.05215],[151.42148,-32.05111],[151.42272,-32.05156],[151.42259,-32.05201],[151.42246,-32.0527]]]}},{"type":"Feature","properties":{"OBJECTID":9262847,"PCTID":0,"PCTName":"Not classified","vegClass":"Not classified","vegForm":"Not classified"},"geometry":{"type":"Polygon","coordinates":[[[151.47889,-32.0506],[151.47915,-32.05055],[151.479,-32.05069],[151.47889,-32.0506]]]}},{"type":"Feature","properties":{"OBJECTID":9262852,"PCTID":0,"PCTName":"Not classified","vegClass":"Not classified","vegForm":"Not classified"},"geometry":{"type":"Polygon","coordinates":[[[151.48699,-32.05044],[151.48699,-32.0504],[151.48705,-32.05044],[151.48699,-32.05044]]]}},{"type":"Feature","properties":{"OBJECTID":9262854,"PCTID":0,"PCTName":"Not classified","vegClass":"Not classified","vegForm":"Not classified"},"geometry":{"type":"Polygon","coordinates":[[[151.42309,-32.0482],[151.42544,-32.04861],[151.42703,-32.04743],[151.42856,-32.04746],[151.43171,-32.04879],[151.43342,-32.04905],[151.43562,-32.05069],[151.43648,-32.05201],[151.43909,-32.05219],[151.44101,-32.05144],[151.4416,-32.05151],[151.4392,-32.05232],[151.43654,-32.05214],[151.43546,-32.05069],[151.4338,-32.0494],[151.43294,-32.04898],[151.43161,-32.04889],[151.42852,-32.0476],[151.42682,-32.04762],[151.42571,-32.04861],[151.42502,-32.04877],[151.42309,-32.0482]]]}},{"type":"Feature","properties":{"OBJECTID":9262861,"PCTID":0,"PCTName":"Not classified","vegClass":"Not classified","vegForm":"Not classified"},"geometry":{"type":"Polygon","coordinates":[[[151.47816,-32.0509],[151.47879,-32.0507],[151.47817,-32.05104],[151.47816,-32.0509]]]}},{"type":"Feature","properties":{"OBJECTID":9262868,"PCTID":0,"PCTName":"Not classified","vegClass":"Not classified","vegForm":"Not classified"},"geometry":{"type":"Polygon","coordinates":[[[151.4779,-32.05109],[151.47791,-32.05123],[151.47765,-32.05128],[151.4779,-32.05109]]]}},{"type":"Feature","properties":{"OBJECTID":9262873,"PCTID":0,"PCTName":"Not classified","vegClass":"Not classified","vegForm":"Not classified"},"geometry":{"type":"Polygon","coordinates":[[[151.47765,-32.05128],[151.47765,-32.05133],[151.4776,-32.05133],[151.47765,-32.05128]]]}},{"type":"Feature","properties":{"OBJECTID":9262874,"PCTID":0,"PCTName":"Not classified","vegClass":"Not classified","vegForm":"Not classified"},"geometry":{"type":"Polygon","coordinates":[[[151.48824,-32.05089],[151.48765,-32.05078],[151.48705,-32.05044],[151.48824,-32.05089]]]}},{"type":"Feature","properties":{"OBJECTID":9262884,"PCTID":3287,"PCTName":"Northern Escarpment Messmate Cool Wet Forest","vegClass":"Northern Tableland Wet Sclerophyll Forests","vegForm":"Wet Sclerophyll Forests (Grassy sub-formation)"},"geometry":{"type":"Polygon","coordinates":[[[151.51863,-32.05],[151.51773,-32.04995],[151.51722,-32.04933],[151.51565,-32.04989],[151.5143,-32.04926],[151.5144,-32.04826],[151.51526,-32.04836],[151.51496,-32.04878],[151.51534,-32.04899],[151.51548,-32.04849],[151.51701,-32.04844],[151.51846,-32.04775],[151.51881,-32.04785],[151.51881,-32.04959],[151.51863,-32.05]]]}},{"type":"Feature","properties":{"OBJECTID":9262886,"PCTID":0,"PCTName":"Not classified","vegClass":"Not classified","vegForm":"Not classified"},"geometry":{"type":"Polygon","coordinates":[[[151.47724,-32.05161],[151.47739,-32.05138],[151.4776,-32.05133],[151.47724,-32.05161]]]}},{"type":"Feature","properties":{"OBJECTID":9262890,"PCTID":0,"PCTName":"Not classified","vegClass":"Not classified","vegForm":"Not classified"},"geometry":{"type":"Polygon","coordinates":[[[151.48894,-32.05123],[151.48873,-32.05115],[151.48893,-32.05109],[151.48894,-32.05123]]]}},{"type":"Feature","properties":{"OBJECTID":9262904,"PCTID":0,"PCTName":"Not classified","vegClass":"Not classified","vegForm":"Not classified"},"geometry":{"type":"Polygon","coordinates":[[[151.47719,-32.05161],[151.47709,-32.0518],[151.47683,-32.05185],[151.47719,-32.05161]]]}},{"type":"Feature","properties":{"OBJECTID":9262905,"PCTID":0,"PCTName":"Not classified","vegClass":"Not classified","vegForm":"Not classified"},"geometry":{"type":"Polygon","coordinates":[[[151.4891,-32.05122],[151.48932,-32.05131],[151.48927,-32.0514],[151.4891,-32.05122]]]}},{"type":"Feature","properties":{"OBJECTID":9262906,"PCTID":0,"PCTName":"Not classified","vegClass":"Not classified","vegForm":"Not classified"},"geometry":{"type":"Polygon","coordinates":[[[151.47683,-32.05185],[151.47683,-32.0519],[151.47678,-32.0519],[151.47683,-32.05185]]]}},{"type":"Feature","properties":{"OBJECTID":9262914,"PCTID":0,"PCTName":"Not classified","vegClass":"Not classified","vegForm":"Not classified"},"geometry":{"type":"Polygon","coordinates":[[[151.48943,-32.05144],[151.48953,-32.05139],[151.48975,-32.05156],[151.48943,-32.05144]]]}},{"type":"Feature","properties":{"OBJECTID":9262918,"PCTID":0,"PCTName":"Not classified","vegClass":"Not classified","vegForm":"Not classified"},"geometry":{"type":"Polygon","coordinates":[[[151.48976,-32.05161],[151.48975,-32.05156],[151.48981,-32.0516],[151.48976,-32.05161]]]}},{"type":"Feature","properties":{"OBJECTID":9262922,"PCTID":0,"PCTName":"Not classified","vegClass":"Not classified","vegForm":"Not classified"},"geometry":{"type":"Polygon","coordinates":[[[151.47678,-32.0519],[151.47668,-32.05204],[151.47631,-32.05214],[151.47678,-32.0519]]]}},{"type":"Feature","properties":{"OBJECTID":9262923,"PCTID":0,"PCTName":"Not classified","vegClass":"Not classified","vegForm":"Not classified"},"geometry":{"type":"Polygon","coordinates":[[[151.48992,-32.05164],[151.48981,-32.05165],[151.48981,-32.0516],[151.48992,-32.05164]]]}},{"type":"Feature","properties":{"OBJECTID":9262927,"PCTID":3379,"PCTName":"Barrington-Point Lookout Montane Grassy Forest","vegClass":"Subalpine Woodlands","vegForm":"Grassy Woodlands"},"geometry":{"type":"Polygon","coordinates":[[[151.49812,-32.05026],[151.49794,-32.05081],[151.49831,-32.05079],[151.49813,-32.05143],[151.49725,-32.05097],[151.49734,-32.0506],[151.49695,-32.05026],[151.49769,-32.05009],[151.49783,-32.04977],[151.49812,-32.05026]]]}},{"type":"Feature","properties":{"OBJECTID":9262947,"PCTID":0,"PCTName":"Not classified","vegClass":"Not classified","vegForm":"Not classified"},"geometry":{"type":"Polygon","coordinates":[[[151.47596,-32.05247],[151.47569,-32.05248],[151.47631,-32.05214],[151.47596,-32.05247]]]}},{"type":"Feature","properties":{"OBJECTID":9262959,"PCTID":0,"PCTName":"Not classified","vegClass":"Not classified","vegForm":"Not classified"},"geometry":{"type":"Polygon","coordinates":[[[151.49074,-32.05225],[151.48997,-32.05169],[151.49008,-32.05164],[151.49074,-32.05225]]]}},{"type":"Feature","properties":{"OBJECTID":9262964,"PCTID":0,"PCTName":"Not classified","vegClass":"Not classified","vegForm":"Not classified"},"geometry":{"type":"Polygon","coordinates":[[[151.47349,-32.05301],[151.47349,-32.05288],[151.47392,-32.053],[151.47349,-32.05301]]]}},{"type":"Feature","properties":{"OBJECTID":9262967,"PCTID":0,"PCTName":"Not classified","vegClass":"Not classified","vegForm":"Not classified"},"geometry":{"type":"Polygon","coordinates":[[[151.47424,-32.05303],[151.47423,-32.0529],[151.47466,-32.05302],[151.47424,-32.05303]]]}},{"type":"Feature","properties":{"OBJECTID":9262970,"PCTID":0,"PCTName":"Not classified","vegClass":"Not classified","vegForm":"Not classified"},"geometry":{"type":"Polygon","coordinates":[[[151.49134,-32.05245],[151.49133,-32.05232],[151.4915,-32.05244],[151.49134,-32.05245]]]}},{"type":"Feature","properties":{"OBJECTID":9262975,"PCTID":3379,"PCTName":"Barrington-Point Lookout Montane Grassy Forest","vegClass":"Subalpine Woodlands","vegForm":"Grassy Woodlands"},"geometry":{"type":"Polygon","coordinates":[[[151.5005,-32.04918],[151.5008,-32.04975],[151.50149,-32.04977],[151.50188,-32.05021],[151.50203,-32.04994],[151.50155,-32.04891],[151.50189,-32.04931],[151.50283,-32.04896],[151.503,-32.04931],[151.50414,-32.04977],[151.50517,-32.0491],[151.50606,-32.04897],[151.50619,-32.04947],[151.50714,-32.05029],[151.50618,-32.05032],[151.50612,-32.05123],[151.50574,-32.05097],[151.50447,-32.05107],[151.50435,-32.05075],[151.50371,-32.05069],[151.50373,-32.05114],[151.50434,-32.05161],[151.50394,-32.05203],[151.50305,-32.05134],[151.50226,-32.05146],[151.50172,-32.05117],[151.50086,-32.04998],[151.5,-32.04965],[151.49998,-32.04929],[151.49839,-32.04831],[151.49816,-32.04782],[151.49852,-32.04763],[151.5005,-32.04918]]]}},{"type":"Feature","properties":{"OBJECTID":9262991,"PCTID":0,"PCTName":"Not classified","vegClass":"Not classified","vegForm":"Not classified"},"geometry":{"type":"Polygon","coordinates":[[[151.47229,-32.05333],[151.47245,-32.05328],[151.47235,-32.05342],[151.47229,-32.05333]]]}},{"type":"Feature","properties":{"OBJECTID":9262996,"PCTID":3944,"PCTName":"New England Tableland Carex Fens","vegClass":"Montane Bogs and Fens","vegForm":"Freshwater Wetlands"},"geometry":{"type":"Polygon","coordinates":[[[151.43243,-32.05487],[151.43212,-32.05492],[151.43153,-32.05278],[151.43188,-32.05227],[151.43217,-32.0528],[151.43288,-32.05309],[151.43254,-32.05382],[151.43243,-32.05487]]]}},{"type":"Feature","properties":{"OBJECTID":9263007,"PCTID":0,"PCTName":"Not classified","vegClass":"Not classified","vegForm":"Not classified"},"geometry":{"type":"Polygon","coordinates":[[[151.47188,-32.05366],[151.47188,-32.05357],[151.47193,-32.05366],[151.47188,-32.05366]]]}},{"type":"Feature","properties":{"OBJECTID":9263020,"PCTID":0,"PCTName":"Not classified","vegClass":"Not classified","vegForm":"Not classified"},"geometry":{"type":"Polygon","coordinates":[[[151.49344,-32.05323],[151.49306,-32.05297],[151.49322,-32.05292],[151.49344,-32.05323]]]}},{"type":"Feature","properties":{"OBJECTID":9263022,"PCTID":3944,"PCTName":"New England Tableland Carex Fens","vegClass":"Montane Bogs and Fens","vegForm":"Freshwater Wetlands"},"geometry":{"type":"Polygon","coordinates":[[[151.43288,-32.05526],[151.4344,-32.05488],[151.43389,-32.05535],[151.43288,-32.05526]]]}},{"type":"Feature","properties":{"OBJECTID":9263023,"PCTID":3981,"PCTName":"Tableland Semi-permanent Shallow Wetlands","vegClass":"Montane Lakes","vegForm":"Freshwater Wetlands"},"geometry":{"type":"Polygon","coordinates":[[[151.43252,-32.05554],[151.43249,-32.05382],[151.43281,-32.05399],[151.43257,-32.05441],[151.433,-32.05444],[151.43286,-32.05485],[151.43307,-32.05484],[151.4327,-32.0549],[151.43271,-32.05517],[151.43252,-32.05554]]]}},{"type":"Feature","properties":{"OBJECTID":9263027,"PCTID":3053,"PCTName":"Northern Escarpment Sassafras Rainforest","vegClass":"Cool Temperate Rainforests","vegForm":"Rainforests"},"geometry":{"type":"Polygon","coordinates":[[[151.42159,-32.05214],[151.42198,-32.05154],[151.42241,-32.0527],[151.42259,-32.05201],[151.42385,-32.05179],[151.42478,-32.0523],[151.42575,-32.05167],[151.4251,-32.05242],[151.42523,-32.05282],[151.42569,-32.05258],[151.42587,-32.0519],[151.42641,-32.05201],[151.42655,-32.05282],[151.42789,-32.053],[151.42778,-32.05404],[151.42876,-32.05355],[151.42896,-32.0544],[151.4296,-32.05438],[151.42952,-32.05484],[151.42889,-32.05499],[151.43022,-32.05513],[151.43031,-32.05472],[151.43062,-32.05471],[151.43069,-32.05497],[151.43035,-32.05553],[151.42958,-32.05515],[151.42886,-32.05545],[151.428,-32.0553],[151.42707,-32.05583],[151.42713,-32.05488],[151.42764,-32.0545],[151.42689,-32.05425],[151.42617,-32.05478],[151.42624,-32.0541],[151.42665,-32.05381],[151.42533,-32.0539],[151.42532,-32.05359],[151.42421,-32.05272],[151.42342,-32.05275],[151.42314,-32.05358],[151.42285,-32.05295],[151.42247,-32.05288],[151.42256,-32.05369],[151.42206,-32.05307],[151.4212,-32.05301],[151.42119,-32.05304],[151.42119,-32.05202],[151.42159,-32.05214]]]}},{"type":"Feature","properties":{"OBJECTID":9263051,"PCTID":3981,"PCTName":"Tableland Semi-permanent Shallow Wetlands","vegClass":"Montane Lakes","vegForm":"Freshwater Wetlands"},"geometry":{"type":"Polygon","coordinates":[[[151.43391,-32.05581],[151.43286,-32.05593],[151.43282,-32.05526],[151.43389,-32.05535],[151.43391,-32.05581]]]}},{"type":"Feature","properties":{"OBJECTID":9263054,"PCTID":0,"PCTName":"Not classified","vegClass":"Not classified","vegForm":"Not classified"},"geometry":{"type":"Polygon","coordinates":[[[151.49501,-32.05372],[151.49373,-32.05354],[151.49388,-32.05344],[151.49501,-32.05372]]]}},{"type":"Feature","properties":{"OBJECTID":9263059,"PCTID":3052,"PCTName":"Northern Escarpment Antarctic Beech Rainforest","vegClass":"Cool Temperate Rainforests","vegForm":"Rainforests"},"geometry":{"type":"Polygon","coordinates":[[[151.48139,-32.04229],[151.48158,-32.04292],[151.48051,-32.04273],[151.48037,-32.04314],[151.47942,-32.04327],[151.47959,-32.04349],[151.47898,-32.04405],[151.47921,-32.04431],[151.47832,-32.04557],[151.47876,-32.04591],[151.47851,-32.04628],[151.47874,-32.04668],[151.47789,-32.0477],[151.47752,-32.04758],[151.4775,-32.04835],[151.47697,-32.04932],[151.47643,-32.0492],[151.47592,-32.04954],[151.47584,-32.04904],[151.47505,-32.04921],[151.47467,-32.04895],[151.47389,-32.0492],[151.4739,-32.04957],[151.47298,-32.05023],[151.47289,-32.05055],[151.47327,-32.05076],[151.47309,-32.05122],[151.47153,-32.05187],[151.47096,-32.0532],[151.46922,-32.05353],[151.4693,-32.05398],[151.46876,-32.05477],[151.46671,-32.05425],[151.46584,-32.0537],[151.46527,-32.05394],[151.46415,-32.05381],[151.46385,-32.05314],[151.46406,-32.052],[151.4633,-32.0518],[151.4625,-32.05052],[151.46286,-32.04925],[151.46333,-32.04909],[151.46394,-32.04966],[151.46436,-32.04964],[151.4645,-32.04919],[151.46526,-32.04961],[151.46547,-32.05055],[151.46469,-32.0508],[151.4645,-32.0514],[151.46528,-32.05309],[151.46624,-32.05228],[151.46783,-32.05214],[151.46823,-32.05171],[151.46913,-32.05173],[151.46964,-32.05135],[151.46971,-32.05058],[151.47034,-32.05033],[151.46984,-32.04899],[151.47061,-32.04833],[151.47063,-32.04765],[151.47131,-32.04749],[151.4712,-32.04637],[151.47093,-32.04642],[151.47101,-32.04687],[151.47068,-32.04657],[151.47091,-32.04597],[151.47178,-32.04535],[151.47197,-32.0448],[151.47271,-32.04482],[151.47363,-32.04407],[151.474,-32.0441],[151.47419,-32.04359],[151.47493,-32.04357],[151.47441,-32.04268],[151.47475,-32.04104],[151.47437,-32.04092],[151.47439,-32.04128],[151.47402,-32.04125],[151.47375,-32.04022],[151.47459,-32.03997],[151.47529,-32.04021],[151.47591,-32.04096],[151.47616,-32.04063],[151.47587,-32.04019],[151.47665,-32.03989],[151.47721,-32.0405],[151.47855,-32.04068],[151.47709,-32.04114],[151.47758,-32.04157],[151.47756,-32.04207],[151.47674,-32.04174],[151.47656,-32.0412],[151.47578,-32.04164],[151.47623,-32.04203],[151.47676,-32.04201],[151.47694,-32.04245],[151.4774,-32.04217],[151.47811,-32.04259],[151.47948,-32.04227],[151.47986,-32.04248],[151.48047,-32.0421],[151.48139,-32.04229]]]}},{"type":"Feature","properties":{"OBJECTID":9263070,"PCTID":0,"PCTName":"Not classified","vegClass":"Not classified","vegForm":"Not classified"},"geometry":{"type":"Polygon","coordinates":[[[151.49523,-32.05389],[151.49512,-32.05376],[151.4956,-32.05392],[151.49523,-32.05389]]]}},{"type":"Feature","properties":{"OBJECTID":9263080,"PCTID":0,"PCTName":"Not classified","vegClass":"Not classified","vegForm":"Not classified"},"geometry":{"type":"Polygon","coordinates":[[[151.49598,-32.05404],[151.49577,-32.05405],[151.4956,-32.05392],[151.49598,-32.05404]]]}},{"type":"Feature","properties":{"OBJECTID":9263087,"PCTID":3033,"PCTName":"Northern Escarpment Sassafras-Prickly Ash Rainforest","vegClass":"Northern Warm Temperate Rainforests","vegForm":"Rainforests"},"geometry":{"type":"Polygon","coordinates":[[[151.42801,-32.05661],[151.42758,-32.05635],[151.4282,-32.05615],[151.42801,-32.05661]]]}},{"type":"Feature","properties":{"OBJECTID":9263088,"PCTID":0,"PCTName":"Not classified","vegClass":"Not classified","vegForm":"Not classified"},"geometry":{"type":"Polygon","coordinates":[[[151.49609,-32.05413],[151.49609,-32.05408],[151.49614,-32.05413],[151.49609,-32.05413]]]}},{"type":"Feature","properties":{"OBJECTID":9263091,"PCTID":3033,"PCTName":"Northern Escarpment Sassafras-Prickly Ash Rainforest","vegClass":"Northern Warm Temperate Rainforests","vegForm":"Rainforests"},"geometry":{"type":"Polygon","coordinates":[[[151.42678,-32.05633],[151.42595,-32.05673],[151.42582,-32.05628],[151.42665,-32.05593],[151.42678,-32.05633]]]}},{"type":"Feature","properties":{"OBJECTID":9263096,"PCTID":3379,"PCTName":"Barrington-Point Lookout Montane Grassy Forest","vegClass":"Subalpine Woodlands","vegForm":"Grassy Woodlands"},"geometry":{"type":"Polygon","coordinates":[[[151.51482,-32.05023],[151.51491,-32.05082],[151.51549,-32.05075],[151.51571,-32.05101],[151.51627,-32.05045],[151.51644,-32.05067],[151.51738,-32.0505],[151.51736,-32.05109],[151.51694,-32.0511],[151.51808,-32.05273],[151.51752,-32.05325],[151.51695,-32.05345],[151.51624,-32.05303],[151.51556,-32.05323],[151.51483,-32.05245],[151.51404,-32.05266],[151.51375,-32.05208],[151.51338,-32.052],[151.51349,-32.05119],[151.51315,-32.05075],[151.51339,-32.05024],[151.51447,-32.04961],[151.51523,-32.04986],[151.51482,-32.05023]]]}},{"type":"Feature","properties":{"OBJECTID":9263108,"PCTID":3033,"PCTName":"Northern Escarpment Sassafras-Prickly Ash Rainforest","vegClass":"Northern Warm Temperate Rainforests","vegForm":"Rainforests"},"geometry":{"type":"Polygon","coordinates":[[[151.42887,-32.0568],[151.42824,-32.05578],[151.42944,-32.05651],[151.42887,-32.0568]]]}},{"type":"Feature","properties":{"OBJECTID":9263119,"PCTID":3379,"PCTName":"Barrington-Point Lookout Montane Grassy Forest","vegClass":"Subalpine Woodlands","vegForm":"Grassy Woodlands"},"geometry":{"type":"Polygon","coordinates":[[[151.50628,-32.05226],[151.50573,-32.05287],[151.50708,-32.05332],[151.50807,-32.05306],[151.50857,-32.05344],[151.50793,-32.05342],[151.50796,-32.05401],[151.5077,-32.05415],[151.50604,-32.05385],[151.50592,-32.05341],[151.50537,-32.05315],[151.50532,-32.05216],[151.505,-32.05199],[151.50615,-32.05168],[151.50628,-32.05226]]]}},{"type":"Feature","properties":{"OBJECTID":9263123,"PCTID":3944,"PCTName":"New England Tableland Carex Fens","vegClass":"Montane Bogs and Fens","vegForm":"Freshwater Wetlands"},"geometry":{"type":"Polygon","coordinates":[[[151.43259,-32.05685],[151.43217,-32.05695],[151.43106,-32.056],[151.43177,-32.05638],[151.43234,-32.05609],[151.43259,-32.05685]]]}},{"type":"Feature","properties":{"OBJECTID":9263135,"PCTID":0,"PCTName":"Not classified","vegClass":"Not classified","vegForm":"Not classified"},"geometry":{"type":"Polygon","coordinates":[[[151.49696,-32.05468],[151.49719,-32.05499],[151.49614,-32.05413],[151.49696,-32.05468]]]}},{"type":"Feature","properties":{"OBJECTID":9263137,"PCTID":3981,"PCTName":"Tableland Semi-permanent Shallow Wetlands","vegClass":"Montane Lakes","vegForm":"Freshwater Wetlands"},"geometry":{"type":"Polygon","coordinates":[[[151.43304,-32.05737],[151.43249,-32.05703],[151.43277,-32.0563],[151.43356,-32.05717],[151.43304,-32.05737]]]}},{"type":"Feature","properties":{"OBJECTID":9263150,"PCTID":3052,"PCTName":"Northern Escarpment Antarctic Beech Rainforest","vegClass":"Cool Temperate Rainforests","vegForm":"Rainforests"},"geometry":{"type":"Polygon","coordinates":[[[151.42135,-32.04854],[151.42198,-32.04824],[151.4221,-32.0486],[151.42306,-32.04875],[151.42363,-32.04854],[151.42535,-32.04889],[151.42581,-32.04959],[151.42632,-32.04922],[151.42623,-32.0485],[151.42685,-32.04811],[151.42683,-32.0478],[151.42736,-32.04773],[151.42903,-32.04821],[151.43079,-32.04955],[151.43291,-32.04961],[151.4333,-32.04996],[151.43371,-32.04963],[151.43415,-32.04988],[151.43375,-32.05035],[151.43382,-32.05084],[151.43315,-32.05123],[151.4335,-32.0518],[151.43286,-32.05178],[151.43296,-32.0515],[151.43258,-32.05143],[151.43244,-32.05179],[151.43196,-32.05172],[151.43184,-32.05258],[151.43153,-32.05273],[151.43212,-32.05492],[151.43252,-32.05554],[151.43277,-32.05517],[151.43286,-32.05593],[151.43177,-32.05638],[151.43111,-32.05595],[151.43147,-32.05567],[151.4305,-32.05548],[151.43062,-32.05471],[151.43031,-32.05472],[151.43022,-32.05513],[151.42889,-32.05499],[151.42952,-32.05484],[151.4296,-32.05438],[151.42896,-32.0544],[151.42876,-32.05355],[151.42778,-32.05404],[151.42789,-32.053],[151.42655,-32.05282],[151.42641,-32.05201],[151.42587,-32.0519],[151.42569,-32.05258],[151.42523,-32.05282],[151.4251,-32.05242],[151.42575,-32.05167],[151.4228,-32.05205],[151.42253,-32.05202],[151.42272,-32.05156],[151.42148,-32.05111],[151.42142,-32.0521],[151.42119,-32.05203],[151.42119,-32.04851],[151.42135,-32.04854]]]}},{"type":"Feature","properties":{"OBJECTID":9263161,"PCTID":3053,"PCTName":"Northern Escarpment Sassafras Rainforest","vegClass":"Cool Temperate Rainforests","vegForm":"Rainforests"},"geometry":{"type":"Polygon","coordinates":[[[151.42675,-32.05778],[151.42703,-32.05718],[151.42755,-32.05698],[151.42778,-32.0572],[151.42828,-32.05669],[151.42836,-32.05714],[151.42778,-32.05725],[151.4277,-32.0577],[151.42675,-32.05778]]]}},{"type":"Feature","properties":{"OBJECTID":9263162,"PCTID":0,"PCTName":"Not classified","vegClass":"Not classified","vegForm":"Not classified"},"geometry":{"type":"Polygon","coordinates":[[[151.49737,-32.0553],[151.49736,-32.05521],[151.49747,-32.0553],[151.49737,-32.0553]]]}},{"type":"Feature","properties":{"OBJECTID":9263184,"PCTID":0,"PCTName":"Not classified","vegClass":"Not classified","vegForm":"Not classified"},"geometry":{"type":"Polygon","coordinates":[[[151.4976,-32.05561],[151.49759,-32.05556],[151.4977,-32.0556],[151.4976,-32.05561]]]}},{"type":"Feature","properties":{"OBJECTID":9263200,"PCTID":3052,"PCTName":"Northern Escarpment Antarctic Beech Rainforest","vegClass":"Cool Temperate Rainforests","vegForm":"Rainforests"},"geometry":{"type":"Polygon","coordinates":[[[151.47175,-32.05533],[151.47045,-32.05579],[151.47077,-32.05686],[151.47023,-32.05661],[151.4701,-32.05621],[151.47036,-32.05602],[151.46976,-32.05572],[151.47065,-32.05547],[151.47041,-32.05493],[151.47121,-32.05508],[151.47162,-32.05484],[151.47175,-32.05533]]]}},{"type":"Feature","properties":{"OBJECTID":9263207,"PCTID":3033,"PCTName":"Northern Escarpment Sassafras-Prickly Ash Rainforest","vegClass":"Northern Warm Temperate Rainforests","vegForm":"Rainforests"},"geometry":{"type":"Polygon","coordinates":[[[151.4268,-32.05782],[151.42807,-32.05773],[151.42842,-32.05844],[151.42723,-32.05799],[151.42613,-32.05825],[151.42514,-32.05757],[151.4255,-32.05719],[151.42684,-32.05751],[151.4268,-32.05782]]]}},{"type":"Feature","properties":{"OBJECTID":9263237,"PCTID":3288,"PCTName":"Northern Escarpment Messmate Moist Grassy Forest","vegClass":"Northern Tableland Wet Sclerophyll Forests","vegForm":"Wet Sclerophyll Forests (Grassy sub-formation)"},"geometry":{"type":"Polygon","coordinates":[[[151.46287,-32.05688],[151.46339,-32.05668],[151.46407,-32.05747],[151.46323,-32.05772],[151.46186,-32.05678],[151.46243,-32.05662],[151.46287,-32.05688]]]}},{"type":"Feature","properties":{"OBJECTID":9263244,"PCTID":3052,"PCTName":"Northern Escarpment Antarctic Beech Rainforest","vegClass":"Cool Temperate Rainforests","vegForm":"Rainforests"},"geometry":{"type":"Polygon","coordinates":[[[151.43049,-32.05629],[151.43146,-32.05666],[151.43139,-32.05725],[151.4301,-32.05703],[151.43006,-32.0573],[151.43092,-32.05749],[151.43048,-32.05823],[151.4308,-32.05836],[151.43066,-32.05868],[151.43019,-32.05888],[151.42975,-32.05858],[151.42957,-32.05908],[151.42923,-32.05859],[151.42827,-32.05863],[151.42808,-32.05904],[151.42765,-32.05888],[151.42799,-32.05837],[151.42842,-32.05844],[151.42807,-32.05773],[151.42764,-32.05757],[151.42778,-32.05725],[151.42836,-32.05714],[151.42837,-32.05632],[151.42887,-32.0568],[151.42944,-32.05651],[151.43049,-32.05629]]]}},{"type":"Feature","properties":{"OBJECTID":9263249,"PCTID":3379,"PCTName":"Barrington-Point Lookout Montane Grassy Forest","vegClass":"Subalpine Woodlands","vegForm":"Grassy Woodlands"},"geometry":{"type":"Polygon","coordinates":[[[151.45339,-32.05709],[151.45355,-32.05826],[151.45323,-32.05813],[151.45309,-32.05746],[151.45284,-32.05783],[151.45224,-32.05744],[151.45236,-32.05672],[151.454,-32.05566],[151.45408,-32.05616],[151.45434,-32.05592],[151.45445,-32.05614],[151.45364,-32.05694],[151.45339,-32.05709]]]}},{"type":"Feature","properties":{"OBJECTID":9263264,"PCTID":3379,"PCTName":"Barrington-Point Lookout Montane Grassy Forest","vegClass":"Subalpine Woodlands","vegForm":"Grassy Woodlands"},"geometry":{"type":"Polygon","coordinates":[[[151.43129,-32.0564],[151.43248,-32.05694],[151.43305,-32.05773],[151.43214,-32.05754],[151.43148,-32.05811],[151.4316,-32.05842],[151.43022,-32.05937],[151.43021,-32.0591],[151.43062,-32.059],[151.4308,-32.05836],[151.43048,-32.05823],[151.43093,-32.05772],[151.43086,-32.05736],[151.43006,-32.0573],[151.4301,-32.05703],[151.43139,-32.05725],[151.43158,-32.05688],[151.43135,-32.05649],[151.4298,-32.05627],[151.43111,-32.05591],[151.43129,-32.0564]]]}},{"type":"Feature","properties":{"OBJECTID":9263288,"PCTID":3287,"PCTName":"Northern Escarpment Messmate Cool Wet Forest","vegClass":"Northern Tableland Wet Sclerophyll Forests","vegForm":"Wet Sclerophyll Forests (Grassy sub-formation)"},"geometry":{"type":"Polygon","coordinates":[[[151.51869,-32.05434],[151.51789,-32.05418],[151.51711,-32.05349],[151.51808,-32.05273],[151.51694,-32.0511],[151.51736,-32.05109],[151.51738,-32.0505],[151.51644,-32.05067],[151.51627,-32.05045],[151.51561,-32.05102],[151.51549,-32.05075],[151.5148,-32.05073],[151.51482,-32.05023],[151.51518,-32.05004],[151.51521,-32.05053],[151.5157,-32.0507],[151.51608,-32.04996],[151.5165,-32.04981],[151.5179,-32.05016],[151.51809,-32.05079],[151.51881,-32.05076],[151.51881,-32.05446],[151.51869,-32.05434]]]}},{"type":"Feature","properties":{"OBJECTID":9263307,"PCTID":0,"PCTName":"Not classified","vegClass":"Not classified","vegForm":"Not classified"},"geometry":{"type":"Polygon","coordinates":[[[151.49866,-32.05778],[151.49791,-32.05664],[151.49782,-32.05578],[151.49866,-32.05778]]]}},{"type":"Feature","properties":{"OBJECTID":9263310,"PCTID":0,"PCTName":"Not classified","vegClass":"Not classified","vegForm":"Not classified"},"geometry":{"type":"Polygon","coordinates":[[[151.50094,-32.05774],[151.50135,-32.0575],[151.50193,-32.05753],[151.50094,-32.05774]]]}},{"type":"Feature","properties":{"OBJECTID":9263312,"PCTID":0,"PCTName":"Not classified","vegClass":"Not classified","vegForm":"Not classified"},"geometry":{"type":"Polygon","coordinates":[[[151.50216,-32.0577],[151.50199,-32.05757],[151.50247,-32.05769],[151.50216,-32.0577]]]}},{"type":"Feature","properties":{"OBJECTID":9263318,"PCTID":0,"PCTName":"Not classified","vegClass":"Not classified","vegForm":"Not classified"},"geometry":{"type":"Polygon","coordinates":[[[151.50269,-32.05786],[151.50269,-32.05777],[151.50275,-32.05786],[151.50269,-32.05786]]]}},{"type":"Feature","properties":{"OBJECTID":9263327,"PCTID":3288,"PCTName":"Northern Escarpment Messmate Moist Grassy Forest","vegClass":"Northern Tableland Wet Sclerophyll Forests","vegForm":"Wet Sclerophyll Forests (Grassy sub-formation)"},"geometry":{"type":"Polygon","coordinates":[[[151.45368,-32.05757],[151.45365,-32.05821],[151.45415,-32.0585],[151.45364,-32.05897],[151.45382,-32.05937],[151.45338,-32.05898],[151.45301,-32.05909],[151.45335,-32.05962],[151.45294,-32.05977],[151.45185,-32.05931],[151.45167,-32.05887],[151.45229,-32.05844],[151.45209,-32.05777],[151.453,-32.05782],[151.45309,-32.05746],[151.45323,-32.05813],[151.45355,-32.05826],[151.45339,-32.05709],[151.45418,-32.05706],[151.45368,-32.05757]]]}},{"type":"Feature","properties":{"OBJECTID":9263333,"PCTID":3052,"PCTName":"Northern Escarpment Antarctic Beech Rainforest","vegClass":"Cool Temperate Rainforests","vegForm":"Rainforests"},"geometry":{"type":"Polygon","coordinates":[[[151.47724,-32.05793],[151.47753,-32.05838],[151.47727,-32.05857],[151.4776,-32.05878],[151.47697,-32.0588],[151.47682,-32.05799],[151.47618,-32.05797],[151.47642,-32.05851],[151.4757,-32.05898],[151.47522,-32.05891],[151.47488,-32.05838],[151.47511,-32.05774],[151.4755,-32.05809],[151.47632,-32.05761],[151.47724,-32.05793]]]}},{"type":"Feature","properties":{"OBJECTID":9263347,"PCTID":0,"PCTName":"Not classified","vegClass":"Not classified","vegForm":"Not classified"},"geometry":{"type":"Polygon","coordinates":[[[151.49911,-32.05835],[151.49911,-32.05831],[151.49917,-32.05835],[151.49911,-32.05835]]]}},{"type":"Feature","properties":{"OBJECTID":9263350,"PCTID":3053,"PCTName":"Northern Escarpment Sassafras Rainforest","vegClass":"Cool Temperate Rainforests","vegForm":"Rainforests"},"geometry":{"type":"Polygon","coordinates":[[[151.4256,-32.06035],[151.42624,-32.06051],[151.42633,-32.06019],[151.42687,-32.06022],[151.4269,-32.05985],[151.42635,-32.05947],[151.42728,-32.05898],[151.42792,-32.06009],[151.42712,-32.06007],[151.42698,-32.06039],[151.42737,-32.06065],[151.42712,-32.06102],[151.42621,-32.06083],[151.4256,-32.06035]]]}},{"type":"Feature","properties":{"OBJECTID":9263366,"PCTID":3288,"PCTName":"Northern Escarpment Messmate Moist Grassy Forest","vegClass":"Northern Tableland Wet Sclerophyll Forests","vegForm":"Wet Sclerophyll Forests (Grassy sub-formation)"},"geometry":{"type":"Polygon","coordinates":[[[151.46303,-32.06003],[151.46275,-32.05977],[151.46294,-32.05936],[151.46239,-32.05902],[151.46296,-32.05859],[151.46348,-32.05948],[151.4648,-32.05952],[151.46487,-32.05974],[151.46303,-32.06003]]]}},{"type":"Feature","properties":{"OBJECTID":9263394,"PCTID":0,"PCTName":"Not classified","vegClass":"Not classified","vegForm":"Not classified"},"geometry":{"type":"Polygon","coordinates":[[[151.50441,-32.0592],[151.50358,-32.05851],[151.50424,-32.05898],[151.50441,-32.0592]]]}},{"type":"Feature","properties":{"OBJECTID":9263417,"PCTID":0,"PCTName":"Not classified","vegClass":"Not classified","vegForm":"Not classified"},"geometry":{"type":"Polygon","coordinates":[[[151.5049,-32.05959],[151.50469,-32.0595],[151.50479,-32.05941],[151.5049,-32.05959]]]}},{"type":"Feature","properties":{"OBJECTID":9263420,"PCTID":3053,"PCTName":"Northern Escarpment Sassafras Rainforest","vegClass":"Cool Temperate Rainforests","vegForm":"Rainforests"},"geometry":{"type":"Polygon","coordinates":[[[151.44191,-32.06193],[151.44148,-32.06077],[151.44186,-32.06094],[151.44188,-32.06139],[151.44232,-32.0606],[151.44274,-32.06054],[151.44191,-32.06193]]]}},{"type":"Feature","properties":{"OBJECTID":9263421,"PCTID":3053,"PCTName":"Northern Escarpment Sassafras Rainforest","vegClass":"Cool Temperate Rainforests","vegForm":"Rainforests"},"geometry":{"type":"Polygon","coordinates":[[[151.44599,-32.06088],[151.44644,-32.06127],[151.44603,-32.06164],[151.44514,-32.06181],[151.44485,-32.06142],[151.44449,-32.06157],[151.44442,-32.06021],[151.44525,-32.05982],[151.44654,-32.06018],[151.44599,-32.06088]]]}},{"type":"Feature","properties":{"OBJECTID":9263435,"PCTID":0,"PCTName":"Not classified","vegClass":"Not classified","vegForm":"Not classified"},"geometry":{"type":"Polygon","coordinates":[[[151.50491,-32.05963],[151.50506,-32.05962],[151.50529,-32.05989],[151.50491,-32.05963]]]}},{"type":"Feature","properties":{"OBJECTID":9263452,"PCTID":3379,"PCTName":"Barrington-Point Lookout Montane Grassy Forest","vegClass":"Subalpine Woodlands","vegForm":"Grassy Woodlands"},"geometry":{"type":"Polygon","coordinates":[[[151.42755,-32.06231],[151.42818,-32.06206],[151.42827,-32.06278],[151.42757,-32.06258],[151.42695,-32.06292],[151.42618,-32.06245],[151.42622,-32.06205],[151.42722,-32.06192],[151.42755,-32.06231]]]}},{"type":"Feature","properties":{"OBJECTID":9263454,"PCTID":0,"PCTName":"Not classified","vegClass":"Not classified","vegForm":"Not classified"},"geometry":{"type":"Polygon","coordinates":[[[151.50529,-32.05989],[151.50545,-32.05993],[151.50551,-32.06011],[151.50529,-32.05989]]]}},{"type":"Feature","properties":{"OBJECTID":9263457,"PCTID":0,"PCTName":"Not classified","vegClass":"Not classified","vegForm":"Not classified"},"geometry":{"type":"Polygon","coordinates":[[[151.50557,-32.06015],[151.50552,-32.06015],[151.50551,-32.06011],[151.50557,-32.06015]]]}},{"type":"Feature","properties":{"OBJECTID":9263469,"PCTID":3033,"PCTName":"Northern Escarpment Sassafras-Prickly Ash Rainforest","vegClass":"Northern Warm Temperate Rainforests","vegForm":"Rainforests"},"geometry":{"type":"Polygon","coordinates":[[[151.42635,-32.05951],[151.42692,-32.06017],[151.42633,-32.06019],[151.42624,-32.06051],[151.4256,-32.06035],[151.42616,-32.06087],[151.42553,-32.06103],[151.42529,-32.06045],[151.42485,-32.06029],[151.42466,-32.06066],[151.42387,-32.06082],[151.42482,-32.06074],[151.4261,-32.06178],[151.42584,-32.06201],[151.42504,-32.06182],[151.42537,-32.06203],[151.42526,-32.06316],[151.42501,-32.06331],[151.42403,-32.06294],[151.42478,-32.063],[151.42457,-32.06197],[151.42409,-32.0619],[151.42406,-32.06239],[151.42363,-32.06241],[151.42312,-32.06157],[151.42158,-32.06059],[151.42212,-32.05966],[151.42298,-32.0599],[151.42459,-32.05926],[151.42463,-32.06007],[151.42422,-32.06022],[151.42464,-32.0603],[151.42542,-32.05995],[151.42527,-32.05901],[151.42655,-32.05914],[151.42635,-32.05951]]]}},{"type":"Feature","properties":{"OBJECTID":9263470,"PCTID":3053,"PCTName":"Northern Escarpment Sassafras Rainforest","vegClass":"Cool Temperate Rainforests","vegForm":"Rainforests"},"geometry":{"type":"Polygon","coordinates":[[[151.43798,-32.06284],[151.43686,-32.0627],[151.43684,-32.06247],[151.43753,-32.0624],[151.43719,-32.06201],[151.43739,-32.06169],[151.43798,-32.06284]]]}},{"type":"Feature","properties":{"OBJECTID":9263488,"PCTID":0,"PCTName":"Not classified","vegClass":"Not classified","vegForm":"Not classified"},"geometry":{"type":"MultiPolygon","coordinates":[[[[151.46203,-32.05081],[151.46311,-32.05208],[151.46381,-32.05449],[151.46594,-32.05473],[151.468,-32.05556],[151.46865,-32.05477],[151.47126,-32.05386],[151.47146,-32.05259],[151.47167,-32.05376],[151.46866,-32.05491],[151.46832,-32.05555],[151.46876,-32.05793],[151.46939,-32.0589],[151.46924,-32.06125],[151.46959,-32.06192],[151.46903,-32.06121],[151.46917,-32.05882],[151.46847,-32.05753],[151.46817,-32.05574],[151.46573,-32.05479],[151.46393,-32.05472],[151.46331,-32.05411],[151.46301,-32.05222],[151.46155,-32.0506],[151.4574,-32.05048],[151.45659,-32.0511],[151.45684,-32.05195],[151.45627,-32.05111],[151.45766,-32.05029],[151.46176,-32.0506],[151.46207,-32.0498],[151.46203,-32.05081]]],[[[151.46237,-32.04904],[151.46553,-32.04856],[151.46674,-32.04743],[151.46564,-32.04865],[151.46248,-32.04908],[151.46221,-32.04945],[151.46237,-32.04904]]]]}},{"type":"Feature","properties":{"OBJECTID":9263519,"PCTID":0,"PCTName":"Not classified","vegClass":"Not classified","vegForm":"Not classified"},"geometry":{"type":"Polygon","coordinates":[[[151.4701,-32.06244],[151.46976,-32.06218],[151.46981,-32.06204],[151.4701,-32.06244]]]}},{"type":"Feature","properties":{"OBJECTID":9263520,"PCTID":3052,"PCTName":"Northern Escarpment Antarctic Beech Rainforest","vegClass":"Cool Temperate Rainforests","vegForm":"Rainforests"},"geometry":{"type":"Polygon","coordinates":[[[151.47068,-32.05727],[151.47116,-32.05721],[151.47087,-32.05668],[151.47129,-32.05657],[151.47343,-32.05798],[151.47344,-32.05834],[151.47403,-32.05832],[151.47427,-32.058],[151.47494,-32.05865],[151.47499,-32.05955],[151.47427,-32.06003],[151.47335,-32.05975],[151.47268,-32.05995],[151.47378,-32.06077],[151.47328,-32.06133],[151.47359,-32.06227],[151.47283,-32.06193],[151.47198,-32.06079],[151.47114,-32.06096],[151.47046,-32.06012],[151.47032,-32.06054],[151.47065,-32.06079],[151.47021,-32.06058],[151.47003,-32.05897],[151.47047,-32.05936],[151.47055,-32.05872],[151.46992,-32.05793],[151.47007,-32.05761],[151.46889,-32.05738],[151.46919,-32.05701],[151.46896,-32.05675],[151.46959,-32.05659],[151.47068,-32.05727]]]}},{"type":"Feature","properties":{"OBJECTID":9263523,"PCTID":3033,"PCTName":"Northern Escarpment Sassafras-Prickly Ash Rainforest","vegClass":"Northern Warm Temperate Rainforests","vegForm":"Rainforests"},"geometry":{"type":"Polygon","coordinates":[[[151.42125,-32.06344],[151.42143,-32.06389],[151.42189,-32.0636],[151.42182,-32.06424],[151.42119,-32.06386],[151.42119,-32.06348],[151.42125,-32.06344]]]}},{"type":"Feature","properties":{"OBJECTID":9263531,"PCTID":3379,"PCTName":"Barrington-Point Lookout Montane Grassy Forest","vegClass":"Subalpine Woodlands","vegForm":"Grassy Woodlands"},"geometry":{"type":"Polygon","coordinates":[[[151.44824,-32.06125],[151.44779,-32.06185],[151.44715,-32.06174],[151.4473,-32.06264],[151.44645,-32.06258],[151.44636,-32.06299],[151.4459,-32.06319],[151.44596,-32.0635],[151.44538,-32.06356],[151.44537,-32.0632],[151.44496,-32.06358],[151.44421,-32.06338],[151.44419,-32.06293],[151.44465,-32.06264],[151.44432,-32.06243],[151.44429,-32.0618],[151.4448,-32.06142],[151.44514,-32.06181],[151.44603,-32.06164],[151.44644,-32.06127],[151.44606,-32.0611],[151.44614,-32.06056],[151.44655,-32.06032],[151.44714,-32.06048],[151.44726,-32.05979],[151.44778,-32.0605],[151.44824,-32.06125]]]}},{"type":"Feature","properties":{"OBJECTID":9263532,"PCTID":3288,"PCTName":"Northern Escarpment Messmate Moist Grassy Forest","vegClass":"Northern Tableland Wet Sclerophyll Forests","vegForm":"Wet Sclerophyll Forests (Grassy sub-formation)"},"geometry":{"type":"Polygon","coordinates":[[[151.49133,-32.06081],[151.49097,-32.0619],[151.49008,-32.06126],[151.48961,-32.06128],[151.48986,-32.06095],[151.49113,-32.06086],[151.49146,-32.05904],[151.49174,-32.05939],[151.49238,-32.05946],[151.49273,-32.06008],[151.49315,-32.05997],[151.49285,-32.06034],[151.49133,-32.06081]]]}},{"type":"Feature","properties":{"OBJECTID":9263536,"PCTID":3288,"PCTName":"Northern Escarpment Messmate Moist Grassy Forest","vegClass":"Northern Tableland Wet Sclerophyll Forests","vegForm":"Wet Sclerophyll Forests (Grassy sub-formation)"},"geometry":{"type":"Polygon","coordinates":[[[151.44443,-32.06364],[151.44384,-32.06335],[151.44331,-32.0635],[151.44318,-32.06301],[151.44234,-32.06309],[151.44195,-32.0627],[151.44307,-32.06284],[151.44358,-32.06246],[151.44419,-32.06293],[151.44443,-32.06364]]]}},{"type":"Feature","properties":{"OBJECTID":9263543,"PCTID":3379,"PCTName":"Barrington-Point Lookout Montane Grassy Forest","vegClass":"Subalpine Woodlands","vegForm":"Grassy Woodlands"},"geometry":{"type":"Polygon","coordinates":[[[151.50324,-32.06136],[151.50199,-32.06168],[151.50181,-32.06137],[151.50289,-32.06074],[151.50324,-32.06136]]]}},{"type":"Feature","properties":{"OBJECTID":9263561,"PCTID":3053,"PCTName":"Northern Escarpment Sassafras Rainforest","vegClass":"Cool Temperate Rainforests","vegForm":"Rainforests"},"geometry":{"type":"Polygon","coordinates":[[[151.43691,-32.06374],[151.43646,-32.06434],[151.43622,-32.06281],[151.43669,-32.06257],[151.43691,-32.06374]]]}},{"type":"Feature","properties":{"OBJECTID":9263569,"PCTID":3052,"PCTName":"Northern Escarpment Antarctic Beech Rainforest","vegClass":"Cool Temperate Rainforests","vegForm":"Rainforests"},"geometry":{"type":"Polygon","coordinates":[[[151.49956,-32.06195],[151.49986,-32.06153],[151.49999,-32.06207],[151.49956,-32.06195]]]}},{"type":"Feature","properties":{"OBJECTID":9263581,"PCTID":0,"PCTName":"Not classified","vegClass":"Not classified","vegForm":"Not classified"},"geometry":{"type":"Polygon","coordinates":[[[151.50646,-32.06201],[151.50563,-32.06037],[151.50573,-32.06028],[151.50646,-32.06201]]]}},{"type":"Feature","properties":{"OBJECTID":9263586,"PCTID":3033,"PCTName":"Northern Escarpment Sassafras-Prickly Ash Rainforest","vegClass":"Northern Warm Temperate Rainforests","vegForm":"Rainforests"},"geometry":{"type":"Polygon","coordinates":[[[151.42604,-32.06499],[151.42586,-32.06454],[151.42624,-32.06466],[151.42604,-32.06499]]]}},{"type":"Feature","properties":{"OBJECTID":9263602,"PCTID":3379,"PCTName":"Barrington-Point Lookout Montane Grassy Forest","vegClass":"Subalpine Woodlands","vegForm":"Grassy Woodlands"},"geometry":{"type":"Polygon","coordinates":[[[151.46301,-32.06279],[151.46362,-32.06232],[151.46402,-32.06284],[151.46318,-32.0631],[151.46337,-32.06363],[151.4629,-32.06388],[151.46236,-32.06358],[151.46188,-32.06247],[151.46136,-32.0628],[151.46098,-32.0625],[151.46224,-32.06232],[151.46301,-32.06279]]]}},{"type":"Feature","properties":{"OBJECTID":9263611,"PCTID":3053,"PCTName":"Northern Escarpment Sassafras Rainforest","vegClass":"Cool Temperate Rainforests","vegForm":"Rainforests"},"geometry":{"type":"Polygon","coordinates":[[[151.43598,-32.06422],[151.43642,-32.06461],[151.43628,-32.06502],[151.43574,-32.06482],[151.43598,-32.06422]]]}},{"type":"Feature","properties":{"OBJECTID":9263615,"PCTID":3053,"PCTName":"Northern Escarpment Sassafras Rainforest","vegClass":"Cool Temperate Rainforests","vegForm":"Rainforests"},"geometry":{"type":"Polygon","coordinates":[[[151.42596,-32.06544],[151.42573,-32.06504],[151.42615,-32.06498],[151.42596,-32.06544]]]}},{"type":"Feature","properties":{"OBJECTID":9263624,"PCTID":3052,"PCTName":"Northern Escarpment Antarctic Beech Rainforest","vegClass":"Cool Temperate Rainforests","vegForm":"Rainforests"},"geometry":{"type":"Polygon","coordinates":[[[151.42624,-32.06466],[151.42701,-32.06513],[151.42692,-32.0655],[151.42607,-32.06544],[151.42624,-32.06466]]]}},{"type":"Feature","properties":{"OBJECTID":9263636,"PCTID":3288,"PCTName":"Northern Escarpment Messmate Moist Grassy Forest","vegClass":"Northern Tableland Wet Sclerophyll Forests","vegForm":"Wet Sclerophyll Forests (Grassy sub-formation)"},"geometry":{"type":"Polygon","coordinates":[[[151.49344,-32.06254],[151.4934,-32.06294],[151.49278,-32.06324],[151.49275,-32.06261],[151.49306,-32.06241],[151.49344,-32.06254]]]}},{"type":"Feature","properties":{"OBJECTID":9263637,"PCTID":3288,"PCTName":"Northern Escarpment Messmate Moist Grassy Forest","vegClass":"Northern Tableland Wet Sclerophyll Forests","vegForm":"Wet Sclerophyll Forests (Grassy sub-formation)"},"geometry":{"type":"Polygon","coordinates":[[[151.46628,-32.06141],[151.46589,-32.0621],[151.46608,-32.06281],[151.46717,-32.06327],[151.46774,-32.0642],[151.46708,-32.06354],[151.46613,-32.06371],[151.46611,-32.06331],[151.46363,-32.06353],[151.46334,-32.06305],[151.46397,-32.06293],[151.46373,-32.0624],[151.46301,-32.06279],[151.46196,-32.06201],[151.46269,-32.06176],[151.46345,-32.06219],[151.46337,-32.06151],[151.4641,-32.06139],[151.46445,-32.06093],[151.46499,-32.06109],[151.46507,-32.06168],[151.46534,-32.06176],[151.46542,-32.06112],[151.46589,-32.06106],[151.46628,-32.06141]]]}},{"type":"Feature","properties":{"OBJECTID":9263645,"PCTID":3052,"PCTName":"Northern Escarpment Antarctic Beech Rainforest","vegClass":"Cool Temperate Rainforests","vegForm":"Rainforests"},"geometry":{"type":"Polygon","coordinates":[[[151.42873,-32.06566],[151.42831,-32.06581],[151.42846,-32.06549],[151.42873,-32.06566]]]}},{"type":"Feature","properties":{"OBJECTID":9263653,"PCTID":3287,"PCTName":"Northern Escarpment Messmate Cool Wet Forest","vegClass":"Northern Tableland Wet Sclerophyll Forests","vegForm":"Wet Sclerophyll Forests (Grassy sub-formation)"},"geometry":{"type":"Polygon","coordinates":[[[151.51831,-32.06252],[151.51756,-32.06237],[151.51848,-32.06171],[151.51831,-32.06252]]]}},{"type":"Feature","properties":{"OBJECTID":9263658,"PCTID":3052,"PCTName":"Northern Escarpment Antarctic Beech Rainforest","vegClass":"Cool Temperate Rainforests","vegForm":"Rainforests"},"geometry":{"type":"Polygon","coordinates":[[[151.46186,-32.05678],[151.46268,-32.05725],[151.46195,-32.0575],[151.46353,-32.05834],[151.46415,-32.05909],[151.4651,-32.0591],[151.46566,-32.05962],[151.46551,-32.05985],[151.46509,-32.05991],[151.4648,-32.05952],[151.46348,-32.05948],[151.46296,-32.05859],[151.46215,-32.05839],[151.46218,-32.05799],[151.46156,-32.05824],[151.4609,-32.0579],[151.46137,-32.05874],[151.46223,-32.05884],[151.4622,-32.05934],[151.46159,-32.05882],[151.46014,-32.05856],[151.46021,-32.05783],[151.45988,-32.05748],[151.45924,-32.05746],[151.45912,-32.05819],[151.45825,-32.05777],[151.45844,-32.05844],[151.45721,-32.05934],[151.45681,-32.05877],[151.45586,-32.0588],[151.45558,-32.05845],[151.45577,-32.05808],[151.45529,-32.05797],[151.45526,-32.05738],[151.45441,-32.05741],[151.45407,-32.05693],[151.45376,-32.05707],[151.45445,-32.05614],[151.45434,-32.05592],[151.45408,-32.05616],[151.45385,-32.05567],[151.45302,-32.05606],[151.45217,-32.05722],[151.45174,-32.05697],[151.45138,-32.05734],[151.4512,-32.05694],[151.4505,-32.05669],[151.45077,-32.05786],[151.44996,-32.05852],[151.45044,-32.05868],[151.45026,-32.05928],[151.44933,-32.05872],[151.44789,-32.0586],[151.44792,-32.05905],[151.44751,-32.05933],[151.44665,-32.05927],[151.44654,-32.06018],[151.44525,-32.05982],[151.44437,-32.0603],[151.44394,-32.06009],[151.44343,-32.06047],[151.44361,-32.06101],[151.44309,-32.06107],[151.44306,-32.06049],[151.44253,-32.06051],[151.44178,-32.06139],[151.44169,-32.06067],[151.44221,-32.06052],[151.44245,-32.05997],[151.44222,-32.05975],[151.44144,-32.05996],[151.44076,-32.05922],[151.44085,-32.0598],[151.44117,-32.05997],[151.44087,-32.0603],[151.44092,-32.06124],[151.44045,-32.0614],[151.44032,-32.0609],[151.43984,-32.06083],[151.43986,-32.06128],[151.43945,-32.06148],[151.43841,-32.06097],[151.43822,-32.06143],[151.43877,-32.06182],[151.43879,-32.06222],[151.43742,-32.06128],[151.43717,-32.0616],[151.43683,-32.06112],[151.43669,-32.06149],[151.43696,-32.0617],[151.43601,-32.06165],[151.43599,-32.06232],[151.43518,-32.06217],[151.43494,-32.06372],[151.43508,-32.06425],[151.43579,-32.06473],[151.43554,-32.06501],[151.435,-32.06475],[151.43551,-32.0655],[151.43499,-32.06579],[151.43374,-32.06516],[151.43247,-32.06516],[151.43159,-32.06456],[151.43015,-32.06439],[151.43014,-32.06412],[151.42913,-32.0642],[151.4288,-32.06389],[151.42887,-32.06317],[151.42983,-32.06223],[151.42949,-32.06184],[151.42918,-32.06194],[151.42916,-32.06144],[151.43011,-32.06032],[151.43055,-32.05954],[151.43042,-32.05918],[151.4316,-32.05842],[151.43148,-32.05811],[151.43184,-32.05778],[151.43251,-32.05748],[151.43305,-32.05773],[151.43293,-32.05729],[151.43351,-32.05731],[151.43386,-32.05694],[151.43455,-32.05691],[151.43488,-32.05722],[151.43484,-32.05627],[151.43661,-32.05557],[151.43848,-32.05587],[151.43973,-32.05659],[151.4406,-32.05592],[151.44209,-32.05596],[151.44269,-32.05422],[151.44255,-32.05351],[151.44416,-32.05286],[151.44337,-32.05293],[151.44298,-32.05263],[151.4429,-32.05205],[151.44366,-32.05247],[151.44491,-32.05197],[151.44688,-32.05213],[151.45077,-32.05045],[151.45121,-32.05062],[151.45122,-32.05098],[151.45169,-32.05078],[151.45188,-32.05141],[151.4526,-32.05192],[151.45341,-32.05117],[151.45425,-32.051],[151.45434,-32.05177],[151.45396,-32.0516],[151.45351,-32.05207],[151.45531,-32.05322],[151.4561,-32.0531],[151.45619,-32.05274],[151.4573,-32.05261],[151.45787,-32.05123],[151.45786,-32.05214],[151.4583,-32.05244],[151.46078,-32.05217],[151.46089,-32.05329],[151.4618,-32.05357],[151.46171,-32.05389],[151.46242,-32.05418],[151.46244,-32.05464],[151.4617,-32.05466],[151.46167,-32.05511],[151.46109,-32.05532],[151.46243,-32.05662],[151.46186,-32.05678]]]}},{"type":"Feature","properties":{"OBJECTID":9263663,"PCTID":3052,"PCTName":"Northern Escarpment Antarctic Beech Rainforest","vegClass":"Cool Temperate Rainforests","vegForm":"Rainforests"},"geometry":{"type":"Polygon","coordinates":[[[151.42933,-32.06604],[151.42895,-32.06583],[151.42909,-32.06555],[151.42933,-32.06604]]]}},{"type":"Feature","properties":{"OBJECTID":9263668,"PCTID":3288,"PCTName":"Northern Escarpment Messmate Moist Grassy Forest","vegClass":"Northern Tableland Wet Sclerophyll Forests","vegForm":"Wet Sclerophyll Forests (Grassy sub-formation)"},"geometry":{"type":"Polygon","coordinates":[[[151.49374,-32.0632],[151.49426,-32.06201],[151.49494,-32.06298],[151.49461,-32.06371],[151.49374,-32.0632]]]}},{"type":"Feature","properties":{"OBJECTID":9263674,"PCTID":0,"PCTName":"Not classified","vegClass":"Not classified","vegForm":"Not classified"},"geometry":{"type":"Polygon","coordinates":[[[151.51516,-32.06314],[151.50912,-32.06219],[151.50652,-32.06228],[151.50884,-32.06202],[151.51516,-32.06314]]]}},{"type":"Feature","properties":{"OBJECTID":9263679,"PCTID":3052,"PCTName":"Northern Escarpment Antarctic Beech Rainforest","vegClass":"Cool Temperate Rainforests","vegForm":"Rainforests"},"geometry":{"type":"Polygon","coordinates":[[[151.46798,-32.0646],[151.46778,-32.06392],[151.46706,-32.06318],[151.46669,-32.0632],[151.46671,-32.06252],[151.46757,-32.0628],[151.46765,-32.0633],[151.46857,-32.06376],[151.46997,-32.06303],[151.47014,-32.06334],[151.46968,-32.06372],[151.46986,-32.06398],[151.4696,-32.06427],[151.46994,-32.06466],[151.4698,-32.06489],[151.46798,-32.0646]]]}},{"type":"Feature","properties":{"OBJECTID":9263682,"PCTID":3033,"PCTName":"Northern Escarpment Sassafras-Prickly Ash Rainforest","vegClass":"Northern Warm Temperate Rainforests","vegForm":"Rainforests"},"geometry":{"type":"Polygon","coordinates":[[[151.43585,-32.0659],[151.43496,-32.0662],[151.43424,-32.0655],[151.43494,-32.06579],[151.43551,-32.0655],[151.43585,-32.0659]]]}},{"type":"Feature","properties":{"OBJECTID":9263683,"PCTID":0,"PCTName":"Not classified","vegClass":"Not classified","vegForm":"Not classified"},"geometry":{"type":"Polygon","coordinates":[[[151.51607,-32.06328],[151.51606,-32.06315],[151.51618,-32.06328],[151.51607,-32.06328]]]}},{"type":"Feature","properties":{"OBJECTID":9263686,"PCTID":0,"PCTName":"Not classified","vegClass":"Not classified","vegForm":"Not classified"},"geometry":{"type":"Polygon","coordinates":[[[151.5165,-32.06331],[151.51649,-32.06318],[151.51692,-32.0633],[151.5165,-32.06331]]]}},{"type":"Feature","properties":{"OBJECTID":9263688,"PCTID":0,"PCTName":"Not classified","vegClass":"Not classified","vegForm":"Not classified"},"geometry":{"type":"Polygon","coordinates":[[[151.51724,-32.06333],[151.51723,-32.0632],[151.51729,-32.06333],[151.51724,-32.06333]]]}},{"type":"Feature","properties":{"OBJECTID":9263698,"PCTID":3288,"PCTName":"Northern Escarpment Messmate Moist Grassy Forest","vegClass":"Northern Tableland Wet Sclerophyll Forests","vegForm":"Wet Sclerophyll Forests (Grassy sub-formation)"},"geometry":{"type":"Polygon","coordinates":[[[151.44316,-32.06477],[151.44263,-32.06479],[151.44255,-32.06516],[151.44282,-32.06537],[151.44263,-32.06579],[151.44302,-32.06609],[151.44245,-32.06634],[151.44206,-32.06603],[151.44237,-32.06489],[151.44198,-32.06437],[151.44313,-32.06414],[151.44316,-32.06477]]]}},{"type":"Feature","properties":{"OBJECTID":9263700,"PCTID":3053,"PCTName":"Northern Escarpment Sassafras Rainforest","vegClass":"Cool Temperate Rainforests","vegForm":"Rainforests"},"geometry":{"type":"Polygon","coordinates":[[[151.4353,-32.06664],[151.43516,-32.06592],[151.43585,-32.0659],[151.43545,-32.06537],[151.43566,-32.06523],[151.43637,-32.06574],[151.43551,-32.06659],[151.4353,-32.06664]]]}},{"type":"Feature","properties":{"OBJECTID":9263714,"PCTID":3379,"PCTName":"Barrington-Point Lookout Montane Grassy Forest","vegClass":"Subalpine Woodlands","vegForm":"Grassy Woodlands"},"geometry":{"type":"Polygon","coordinates":[[[151.43119,-32.06607],[151.43176,-32.06591],[151.43261,-32.06687],[151.43197,-32.06681],[151.43156,-32.06714],[151.43065,-32.0669],[151.43031,-32.06646],[151.43037,-32.06564],[151.43119,-32.06607]]]}},{"type":"Feature","properties":{"OBJECTID":9263752,"PCTID":3379,"PCTName":"Barrington-Point Lookout Montane Grassy Forest","vegClass":"Subalpine Woodlands","vegForm":"Grassy Woodlands"},"geometry":{"type":"Polygon","coordinates":[[[151.44277,-32.06434],[151.44202,-32.06423],[151.44205,-32.06477],[151.44237,-32.06485],[151.44208,-32.0654],[151.44219,-32.06648],[151.44143,-32.06719],[151.44145,-32.06764],[151.44091,-32.06739],[151.44113,-32.06656],[151.44064,-32.06622],[151.44061,-32.06568],[151.44115,-32.06471],[151.44171,-32.06438],[151.44167,-32.06356],[151.44203,-32.06324],[151.44251,-32.0634],[151.44244,-32.06308],[151.44275,-32.06294],[151.44324,-32.06306],[151.44331,-32.0635],[151.44384,-32.06335],[151.44433,-32.06365],[151.44277,-32.06434]]]}},{"type":"Feature","properties":{"OBJECTID":9263764,"PCTID":3053,"PCTName":"Northern Escarpment Sassafras Rainforest","vegClass":"Cool Temperate Rainforests","vegForm":"Rainforests"},"geometry":{"type":"Polygon","coordinates":[[[151.4369,-32.06785],[151.43675,-32.06699],[151.43605,-32.06675],[151.43592,-32.0663],[151.43684,-32.06658],[151.43742,-32.06774],[151.4369,-32.06785]]]}},{"type":"Feature","properties":{"OBJECTID":9263768,"PCTID":3379,"PCTName":"Barrington-Point Lookout Montane Grassy Forest","vegClass":"Subalpine Woodlands","vegForm":"Grassy Woodlands"},"geometry":{"type":"Polygon","coordinates":[[[151.44875,-32.06398],[151.44866,-32.06439],[151.44899,-32.0647],[151.4484,-32.06553],[151.44879,-32.06696],[151.44744,-32.0676],[151.44694,-32.06712],[151.44697,-32.06667],[151.44726,-32.06616],[151.44786,-32.06646],[151.44787,-32.06564],[151.44833,-32.06522],[151.44814,-32.0645],[151.4485,-32.06436],[151.44827,-32.064],[151.44875,-32.06398]]]}},{"type":"Feature","properties":{"OBJECTID":9263808,"PCTID":3379,"PCTName":"Barrington-Point Lookout Montane Grassy Forest","vegClass":"Subalpine Woodlands","vegForm":"Grassy Woodlands"},"geometry":{"type":"Polygon","coordinates":[[[151.50011,-32.06654],[151.50001,-32.06659],[151.50005,-32.06631],[151.50011,-32.06654]]]}},{"type":"Feature","properties":{"OBJECTID":9263820,"PCTID":3288,"PCTName":"Northern Escarpment Messmate Moist Grassy Forest","vegClass":"Northern Tableland Wet Sclerophyll Forests","vegForm":"Wet Sclerophyll Forests (Grassy sub-formation)"},"geometry":{"type":"Polygon","coordinates":[[[151.44854,-32.06724],[151.44819,-32.06775],[151.4484,-32.06865],[151.44718,-32.06865],[151.44719,-32.06784],[151.44663,-32.06736],[151.44654,-32.06659],[151.44745,-32.06561],[151.44729,-32.06462],[151.44779,-32.06402],[151.44849,-32.06413],[151.44814,-32.0645],[151.44833,-32.06522],[151.44787,-32.06564],[151.44786,-32.06646],[151.44726,-32.06616],[151.44697,-32.06667],[151.44694,-32.06712],[151.44744,-32.0676],[151.44879,-32.06696],[151.4484,-32.06553],[151.44901,-32.06497],[151.44866,-32.06439],[151.4488,-32.06407],[151.44832,-32.06391],[151.44818,-32.06333],[151.44753,-32.0629],[151.44711,-32.06301],[151.44745,-32.06241],[151.44712,-32.06219],[151.44715,-32.06174],[151.44779,-32.06185],[151.44819,-32.06143],[151.44778,-32.0605],[151.44811,-32.06076],[151.44921,-32.06049],[151.45014,-32.06104],[151.45039,-32.06076],[151.4506,-32.06189],[151.45093,-32.06205],[151.45071,-32.06297],[151.45007,-32.0629],[151.4501,-32.06339],[151.45087,-32.063],[151.45117,-32.06372],[151.45022,-32.06384],[151.45057,-32.06442],[151.45006,-32.06475],[151.44911,-32.06375],[151.44895,-32.06389],[151.44915,-32.06465],[151.44996,-32.06498],[151.44994,-32.06566],[151.45048,-32.06573],[151.45061,-32.06631],[151.45035,-32.06637],[151.45053,-32.06668],[151.44999,-32.0666],[151.44977,-32.06539],[151.44944,-32.06518],[151.44958,-32.06581],[151.44917,-32.06609],[151.45006,-32.06692],[151.44931,-32.06681],[151.44911,-32.06709],[151.44854,-32.06724]]]}},{"type":"Feature","properties":{"OBJECTID":9263826,"PCTID":3288,"PCTName":"Northern Escarpment Messmate Moist Grassy Forest","vegClass":"Northern Tableland Wet Sclerophyll Forests","vegForm":"Wet Sclerophyll Forests (Grassy sub-formation)"},"geometry":{"type":"Polygon","coordinates":[[[151.49698,-32.06643],[151.49601,-32.06628],[151.49494,-32.06709],[151.49442,-32.0662],[151.49384,-32.06631],[151.49407,-32.06554],[151.49379,-32.06528],[151.49414,-32.0649],[151.4938,-32.06446],[151.49469,-32.06425],[151.49488,-32.06379],[151.49631,-32.0637],[151.49653,-32.06391],[151.49631,-32.06482],[151.49679,-32.0649],[151.49714,-32.06443],[151.49785,-32.06481],[151.49725,-32.06565],[151.49698,-32.06643]]]}},{"type":"Feature","properties":{"OBJECTID":9263835,"PCTID":3379,"PCTName":"Barrington-Point Lookout Montane Grassy Forest","vegClass":"Subalpine Woodlands","vegForm":"Grassy Woodlands"},"geometry":{"type":"Polygon","coordinates":[[[151.44819,-32.06775],[151.44854,-32.06724],[151.44911,-32.06709],[151.44929,-32.06844],[151.44887,-32.06854],[151.44894,-32.0689],[151.4484,-32.06865],[151.44819,-32.06775]]]}},{"type":"Feature","properties":{"OBJECTID":9263847,"PCTID":3379,"PCTName":"Barrington-Point Lookout Montane Grassy Forest","vegClass":"Subalpine Woodlands","vegForm":"Grassy Woodlands"},"geometry":{"type":"Polygon","coordinates":[[[151.49928,-32.06688],[151.49855,-32.06718],[151.4981,-32.06657],[151.49786,-32.06716],[151.49711,-32.06705],[151.49655,-32.06631],[151.49698,-32.06643],[151.4971,-32.06574],[151.4977,-32.06599],[151.49794,-32.06549],[151.49851,-32.06637],[151.4998,-32.06659],[151.49946,-32.06728],[151.49928,-32.06688]]]}},{"type":"Feature","properties":{"OBJECTID":9263855,"PCTID":3379,"PCTName":"Barrington-Point Lookout Montane Grassy Forest","vegClass":"Subalpine Woodlands","vegForm":"Grassy Woodlands"},"geometry":{"type":"Polygon","coordinates":[[[151.49406,-32.0654],[151.49398,-32.0659],[151.49338,-32.06656],[151.49306,-32.06652],[151.49291,-32.06581],[151.49208,-32.06615],[151.49216,-32.06674],[151.49308,-32.06698],[151.49221,-32.06768],[151.49181,-32.06698],[151.49177,-32.06621],[151.49211,-32.06566],[151.49266,-32.06509],[151.49379,-32.06532],[151.49406,-32.0654]]]}},{"type":"Feature","properties":{"OBJECTID":9263870,"PCTID":3052,"PCTName":"Northern Escarpment Antarctic Beech Rainforest","vegClass":"Cool Temperate Rainforests","vegForm":"Rainforests"},"geometry":{"type":"Polygon","coordinates":[[[151.43192,-32.07015],[151.43103,-32.06932],[151.43177,-32.0693],[151.43239,-32.06991],[151.43192,-32.07015]]]}},{"type":"Feature","properties":{"OBJECTID":9263872,"PCTID":3052,"PCTName":"Northern Escarpment Antarctic Beech Rainforest","vegClass":"Cool Temperate Rainforests","vegForm":"Rainforests"},"geometry":{"type":"Polygon","coordinates":[[[151.43293,-32.0702],[151.43261,-32.06904],[151.43207,-32.06888],[151.43221,-32.06842],[151.43303,-32.06898],[151.43335,-32.07014],[151.43293,-32.0702]]]}},{"type":"Feature","properties":{"OBJECTID":9263875,"PCTID":3288,"PCTName":"Northern Escarpment Messmate Moist Grassy Forest","vegClass":"Northern Tableland Wet Sclerophyll Forests","vegForm":"Wet Sclerophyll Forests (Grassy sub-formation)"},"geometry":{"type":"Polygon","coordinates":[[[151.48815,-32.06806],[151.48779,-32.0683],[151.48714,-32.06814],[151.48766,-32.06785],[151.48815,-32.06806]]]}},{"type":"Feature","properties":{"OBJECTID":9263876,"PCTID":3288,"PCTName":"Northern Escarpment Messmate Moist Grassy Forest","vegClass":"Northern Tableland Wet Sclerophyll Forests","vegForm":"Wet Sclerophyll Forests (Grassy sub-formation)"},"geometry":{"type":"Polygon","coordinates":[[[151.49869,-32.0679],[151.49842,-32.06764],[151.49752,-32.06767],[151.49647,-32.06685],[151.49694,-32.0667],[151.49711,-32.06705],[151.49786,-32.06716],[151.4981,-32.06657],[151.49855,-32.06718],[151.49928,-32.06688],[151.49946,-32.06728],[151.49869,-32.0679]]]}},{"type":"Feature","properties":{"OBJECTID":9263879,"PCTID":3288,"PCTName":"Northern Escarpment Messmate Moist Grassy Forest","vegClass":"Northern Tableland Wet Sclerophyll Forests","vegForm":"Wet Sclerophyll Forests (Grassy sub-formation)"},"geometry":{"type":"Polygon","coordinates":[[[151.47107,-32.06801],[151.47155,-32.06812],[151.4714,-32.0684],[151.47168,-32.06862],[151.47164,-32.06893],[151.47122,-32.0689],[151.47107,-32.06801]]]}},{"type":"Feature","properties":{"OBJECTID":9263895,"PCTID":3288,"PCTName":"Northern Escarpment Messmate Moist Grassy Forest","vegClass":"Northern Tableland Wet Sclerophyll Forests","vegForm":"Wet Sclerophyll Forests (Grassy sub-formation)"},"geometry":{"type":"Polygon","coordinates":[[[151.48754,-32.06867],[151.48658,-32.06861],[151.48704,-32.06823],[151.48754,-32.06867]]]}},{"type":"Feature","properties":{"OBJECTID":9263897,"PCTID":3052,"PCTName":"Northern Escarpment Antarctic Beech Rainforest","vegClass":"Cool Temperate Rainforests","vegForm":"Rainforests"},"geometry":{"type":"Polygon","coordinates":[[[151.43117,-32.07004],[151.43216,-32.07068],[151.43147,-32.07066],[151.43117,-32.07004]]]}},{"type":"Feature","properties":{"OBJECTID":9263904,"PCTID":3033,"PCTName":"Northern Escarpment Sassafras-Prickly Ash Rainforest","vegClass":"Northern Warm Temperate Rainforests","vegForm":"Rainforests"},"geometry":{"type":"Polygon","coordinates":[[[151.4348,-32.07045],[151.435,-32.07013],[151.43537,-32.07021],[151.43525,-32.07084],[151.4348,-32.07045]]]}},{"type":"Feature","properties":{"OBJECTID":9263906,"PCTID":3033,"PCTName":"Northern Escarpment Sassafras-Prickly Ash Rainforest","vegClass":"Northern Warm Temperate Rainforests","vegForm":"Rainforests"},"geometry":{"type":"Polygon","coordinates":[[[151.43376,-32.07076],[151.4334,-32.071],[151.4327,-32.07084],[151.43299,-32.07034],[151.43235,-32.07018],[151.43259,-32.06976],[151.43198,-32.06924],[151.43196,-32.06884],[151.43261,-32.06904],[151.43293,-32.0702],[151.43335,-32.07014],[151.43376,-32.07076]]]}},{"type":"Feature","properties":{"OBJECTID":9263912,"PCTID":3033,"PCTName":"Northern Escarpment Sassafras-Prickly Ash Rainforest","vegClass":"Northern Warm Temperate Rainforests","vegForm":"Rainforests"},"geometry":{"type":"Polygon","coordinates":[[[151.43164,-32.07079],[151.43139,-32.07112],[151.4308,-32.07096],[151.4297,-32.07136],[151.42937,-32.07101],[151.42999,-32.07072],[151.43037,-32.07093],[151.43071,-32.07024],[151.4313,-32.07044],[151.43164,-32.07079]]]}},{"type":"Feature","properties":{"OBJECTID":9263918,"PCTID":3053,"PCTName":"Northern Escarpment Sassafras Rainforest","vegClass":"Cool Temperate Rainforests","vegForm":"Rainforests"},"geometry":{"type":"Polygon","coordinates":[[[151.43531,-32.07098],[151.43711,-32.071],[151.43548,-32.0712],[151.43409,-32.07097],[151.43354,-32.07068],[151.43346,-32.07018],[151.43396,-32.07057],[151.4348,-32.07045],[151.43531,-32.07098]]]}},{"type":"Feature","properties":{"OBJECTID":9263943,"PCTID":3288,"PCTName":"Northern Escarpment Messmate Moist Grassy Forest","vegClass":"Northern Tableland Wet Sclerophyll Forests","vegForm":"Wet Sclerophyll Forests (Grassy sub-formation)"},"geometry":{"type":"Polygon","coordinates":[[[151.44058,-32.07151],[151.44023,-32.07179],[151.43984,-32.0714],[151.44014,-32.07116],[151.44058,-32.07151]]]}},{"type":"Feature","properties":{"OBJECTID":9263957,"PCTID":3288,"PCTName":"Northern Escarpment Messmate Moist Grassy Forest","vegClass":"Northern Tableland Wet Sclerophyll Forests","vegForm":"Wet Sclerophyll Forests (Grassy sub-formation)"},"geometry":{"type":"Polygon","coordinates":[[[151.45703,-32.0705],[151.45723,-32.07126],[151.45793,-32.0716],[151.45709,-32.07172],[151.45632,-32.07125],[151.45527,-32.07129],[151.45541,-32.07092],[151.45665,-32.07029],[151.45703,-32.0705]]]}},{"type":"Feature","properties":{"OBJECTID":9263968,"PCTID":3379,"PCTName":"Barrington-Point Lookout Montane Grassy Forest","vegClass":"Subalpine Woodlands","vegForm":"Grassy Woodlands"},"geometry":{"type":"MultiPolygon","coordinates":[[[[151.48483,-32.01913],[151.48522,-32.01948],[151.4857,-32.0196],[151.48588,-32.01891],[151.48614,-32.0189],[151.48632,-32.01926],[151.48744,-32.01944],[151.48742,-32.02003],[151.48786,-32.02038],[151.4886,-32.02026],[151.48873,-32.0198],[151.48932,-32.01987],[151.48936,-32.0196],[151.48869,-32.01885],[151.48757,-32.01885],[151.48807,-32.01924],[151.48786,-32.01938],[151.48736,-32.01881],[151.48624,-32.01867],[151.48641,-32.01863],[151.4906,-32.01863],[151.49058,-32.01865],[151.4911,-32.01935],[151.49037,-32.01974],[151.48988,-32.0194],[151.48919,-32.02042],[151.48772,-32.02074],[151.48696,-32.02032],[151.48676,-32.01956],[151.4862,-32.01998],[151.48525,-32.02006],[151.48522,-32.02047],[151.48563,-32.02032],[151.48592,-32.02076],[151.48513,-32.023],[151.48563,-32.02348],[151.48448,-32.02375],[151.48467,-32.02429],[151.48389,-32.02463],[151.48446,-32.02646],[151.48423,-32.02728],[151.48465,-32.02813],[151.48519,-32.02842],[151.48645,-32.0282],[151.4868,-32.02868],[151.48645,-32.02919],[151.48714,-32.02912],[151.48731,-32.02943],[151.48707,-32.02998],[151.48655,-32.03004],[151.48657,-32.0304],[151.48715,-32.03038],[151.48738,-32.03074],[151.488,-32.03049],[151.48801,-32.03076],[151.48761,-32.03118],[151.48774,-32.03167],[151.48722,-32.03187],[151.48722,-32.03286],[151.48756,-32.03321],[151.48698,-32.03346],[151.4869,-32.03382],[151.48652,-32.03375],[151.4861,-32.0348],[151.48478,-32.0349],[151.48427,-32.03528],[151.48406,-32.03637],[151.48442,-32.0373],[151.48417,-32.03749],[151.48403,-32.03691],[151.48371,-32.03679],[151.48389,-32.03723],[151.48338,-32.03766],[151.48365,-32.03769],[151.48368,-32.03846],[151.4842,-32.03812],[151.48504,-32.04008],[151.48589,-32.04005],[151.48613,-32.03963],[151.48707,-32.03937],[151.48771,-32.03953],[151.48845,-32.04041],[151.48875,-32.04012],[151.48885,-32.04093],[151.48826,-32.04082],[151.48743,-32.04121],[151.48846,-32.04163],[151.48848,-32.04212],[151.48879,-32.04193],[151.48929,-32.04245],[151.48954,-32.04204],[151.48972,-32.04253],[151.49093,-32.0433],[151.48999,-32.04157],[151.48945,-32.04136],[151.48941,-32.04055],[151.48892,-32.04021],[151.48915,-32.03957],[151.48873,-32.03963],[151.4887,-32.03918],[151.48965,-32.03905],[151.49032,-32.03763],[151.48987,-32.03701],[151.49074,-32.03639],[151.49042,-32.03537],[151.49104,-32.03503],[151.49076,-32.03468],[151.49141,-32.03389],[151.49139,-32.03249],[151.4922,-32.03282],[151.49222,-32.03322],[151.49362,-32.03362],[151.49383,-32.03465],[151.49463,-32.03463],[151.49431,-32.03355],[151.4954,-32.03428],[151.49533,-32.03388],[151.4958,-32.03372],[151.49568,-32.03341],[151.49515,-32.03343],[151.49529,-32.03307],[151.49484,-32.03263],[151.49316,-32.03301],[151.49233,-32.03232],[151.49264,-32.03108],[151.49332,-32.03088],[151.49328,-32.02998],[151.49371,-32.0301],[151.49379,-32.03073],[151.49349,-32.03101],[151.49392,-32.03117],[151.49395,-32.03176],[151.49507,-32.03185],[151.49532,-32.0327],[151.49644,-32.03271],[151.49637,-32.03235],[151.49689,-32.03233],[151.49656,-32.03311],[151.49748,-32.03344],[151.49703,-32.034],[151.49765,-32.03465],[151.49698,-32.03513],[151.49722,-32.03552],[151.49704,-32.03616],[151.49798,-32.03694],[151.49751,-32.03718],[151.49711,-32.03657],[151.49647,-32.03654],[151.4958,-32.03689],[151.49597,-32.0372],[151.49671,-32.03712],[151.49728,-32.03783],[151.49687,-32.03811],[151.49711,-32.03869],[151.4965,-32.03921],[151.49786,-32.04083],[151.49667,-32.04155],[151.49674,-32.04191],[151.49711,-32.04181],[151.49771,-32.04219],[151.4971,-32.04275],[151.49739,-32.04414],[151.497,-32.04484],[151.49727,-32.04496],[151.49585,-32.04515],[151.49489,-32.04622],[151.49414,-32.04602],[151.49364,-32.04654],[151.49366,-32.04699],[151.49313,-32.04701],[151.49331,-32.04737],[151.49269,-32.04766],[151.49253,-32.04879],[151.49175,-32.049],[151.49184,-32.0499],[151.49133,-32.05024],[151.49036,-32.04991],[151.49032,-32.05014],[151.49079,-32.05012],[151.49146,-32.05068],[151.49198,-32.05048],[151.49186,-32.05017],[151.4923,-32.04957],[151.49374,-32.04956],[151.49381,-32.04988],[151.49323,-32.04999],[151.49324,-32.0503],[151.49394,-32.05037],[151.49429,-32.05103],[151.49264,-32.05087],[151.4926,-32.05128],[151.49343,-32.05192],[151.49293,-32.05257],[151.49379,-32.05263],[151.49434,-32.0532],[151.4955,-32.05302],[151.49595,-32.0535],[151.49659,-32.05361],[151.49739,-32.05462],[151.49801,-32.05442],[151.4992,-32.05478],[151.49921,-32.05397],[151.49953,-32.05504],[151.49999,-32.05471],[151.50001,-32.05502],[151.5006,-32.05518],[151.50138,-32.05606],[151.5011,-32.05679],[151.50167,-32.05745],[151.50094,-32.05774],[151.50199,-32.05752],[151.50314,-32.05821],[151.50388,-32.05822],[151.50424,-32.05898],[151.50358,-32.05851],[151.50419,-32.05916],[151.50357,-32.0595],[151.50365,-32.05999],[151.50408,-32.06002],[151.50424,-32.06115],[151.50463,-32.06154],[151.50416,-32.06165],[151.50371,-32.06117],[151.50362,-32.06045],[151.50313,-32.0601],[151.50221,-32.06095],[151.50131,-32.06098],[151.50089,-32.06199],[151.50005,-32.06211],[151.49986,-32.06153],[151.49956,-32.06195],[151.5,-32.06225],[151.49899,-32.06229],[151.49913,-32.06179],[151.49832,-32.06154],[151.49877,-32.06103],[151.49822,-32.06069],[151.49815,-32.0602],[151.4979,-32.06169],[151.4984,-32.06204],[151.49802,-32.06305],[151.49719,-32.06339],[151.49602,-32.06334],[151.49557,-32.06386],[151.49461,-32.06376],[151.49495,-32.06307],[151.49482,-32.06258],[151.49438,-32.06237],[151.49437,-32.062],[151.49375,-32.06248],[151.49351,-32.06195],[151.49386,-32.06148],[151.49358,-32.06118],[151.49322,-32.06132],[151.49285,-32.06043],[151.49315,-32.05997],[151.49273,-32.06008],[151.49238,-32.05946],[151.49174,-32.05939],[151.49146,-32.05904],[151.49145,-32.0599],[151.49109,-32.06014],[151.4912,-32.05923],[151.49088,-32.0592],[151.49051,-32.05822],[151.49173,-32.05804],[151.49197,-32.05771],[151.49088,-32.05698],[151.4905,-32.05578],[151.49089,-32.05509],[151.49179,-32.05514],[151.49149,-32.05448],[151.49089,-32.05418],[151.49119,-32.05381],[151.49063,-32.0532],[151.48985,-32.05345],[151.48876,-32.05286],[151.48864,-32.0516],[151.48928,-32.05153],[151.48926,-32.05126],[151.48655,-32.05217],[151.4848,-32.0521],[151.48501,-32.05313],[151.48438,-32.05433],[151.48357,-32.05404],[151.48348,-32.05436],[151.48295,-32.05438],[151.48298,-32.05389],[151.48184,-32.05438],[151.48128,-32.05395],[151.48137,-32.05349],[151.48094,-32.05351],[151.48069,-32.05275],[151.47946,-32.05243],[151.47921,-32.05271],[151.47961,-32.05338],[151.47944,-32.05429],[151.47872,-32.05472],[151.47837,-32.05514],[151.4785,-32.05545],[151.47769,-32.05634],[151.4767,-32.05673],[151.47726,-32.05717],[151.47765,-32.05665],[151.47863,-32.05707],[151.47872,-32.05774],[151.47829,-32.05776],[151.47801,-32.05845],[151.47928,-32.05831],[151.47994,-32.05878],[151.48035,-32.05859],[151.48021,-32.05783],[151.48056,-32.05741],[151.48123,-32.0582],[151.48209,-32.0574],[151.48323,-32.05785],[151.48346,-32.05721],[151.48404,-32.05714],[151.48467,-32.05802],[151.48575,-32.05835],[151.48625,-32.05887],[151.48605,-32.0591],[151.48632,-32.06022],[151.48687,-32.06065],[151.48636,-32.06094],[151.48458,-32.06051],[151.48451,-32.06119],[151.48325,-32.06137],[151.48322,-32.06074],[151.48216,-32.06074],[151.48217,-32.06001],[151.48126,-32.05977],[151.48154,-32.06121],[151.48113,-32.06244],[151.48075,-32.06228],[151.48051,-32.06274],[151.48003,-32.0628],[151.47922,-32.06247],[151.4786,-32.06281],[151.47804,-32.0622],[151.47785,-32.06256],[151.47878,-32.06312],[151.47909,-32.0641],[151.47979,-32.06434],[151.47971,-32.06588],[151.47894,-32.06641],[151.47901,-32.06668],[151.47878,-32.06628],[151.47755,-32.0661],[151.47758,-32.06569],[151.4768,-32.06495],[151.47601,-32.06516],[151.47593,-32.06557],[151.47519,-32.0656],[151.47445,-32.06468],[151.47454,-32.06431],[151.47542,-32.06387],[151.47498,-32.06353],[151.47496,-32.06321],[151.47538,-32.06306],[151.47535,-32.06243],[151.47496,-32.06222],[151.47548,-32.06193],[151.475,-32.0619],[151.47465,-32.06236],[151.47416,-32.06207],[151.47413,-32.06153],[151.47365,-32.06141],[151.47351,-32.06186],[151.47437,-32.06301],[151.474,-32.06311],[151.47436,-32.06391],[151.47401,-32.06424],[151.47426,-32.06504],[151.47387,-32.06574],[151.47555,-32.06649],[151.47623,-32.06737],[151.47534,-32.06753],[151.47506,-32.06827],[151.47447,-32.06815],[151.47418,-32.06884],[151.47371,-32.06899],[151.47383,-32.06926],[151.47344,-32.06977],[151.47427,-32.06947],[151.47462,-32.07018],[151.47437,-32.07037],[151.47445,-32.06996],[151.47381,-32.06989],[151.47366,-32.07112],[151.47264,-32.07075],[151.47209,-32.07145],[151.47122,-32.06895],[151.47164,-32.06893],[151.47168,-32.06862],[151.4714,-32.0684],[151.47155,-32.06812],[151.47107,-32.06801],[151.47102,-32.06701],[151.47224,-32.06611],[151.4719,-32.06463],[151.4701,-32.06253],[151.47089,-32.0635],[151.47097,-32.06403],[151.47169,-32.06455],[151.47201,-32.06576],[151.47203,-32.06616],[151.4709,-32.06684],[151.47073,-32.06775],[151.47044,-32.06717],[151.47124,-32.06619],[151.46989,-32.06575],[151.46994,-32.06466],[151.4696,-32.06427],[151.47008,-32.06312],[151.46965,-32.063],[151.46857,-32.06376],[151.46765,-32.0633],[151.46762,-32.06285],[151.46692,-32.06247],[151.46661,-32.06266],[151.46669,-32.0632],[151.46608,-32.06281],[151.46589,-32.0621],[151.46628,-32.06141],[151.46556,-32.0608],[151.46585,-32.06034],[151.46547,-32.06013],[151.46554,-32.05944],[151.46483,-32.05897],[151.46415,-32.05909],[151.46353,-32.05834],[151.46195,-32.0575],[151.46273,-32.0572],[151.46323,-32.05772],[151.46407,-32.05747],[151.46339,-32.05668],[151.46271,-32.05684],[151.4611,-32.05541],[151.46167,-32.05511],[151.4617,-32.05466],[151.46244,-32.05464],[151.46242,-32.05418],[151.46171,-32.05389],[151.4618,-32.05357],[151.46089,-32.05329],[151.46072,-32.05212],[151.4583,-32.05244],[151.45786,-32.05214],[151.45787,-32.05123],[151.4573,-32.05261],[151.45619,-32.05274],[151.4561,-32.0531],[151.45531,-32.05322],[151.45351,-32.05207],[151.45396,-32.0516],[151.45434,-32.05177],[151.45425,-32.051],[151.45341,-32.05117],[151.4526,-32.05192],[151.45188,-32.05141],[151.45169,-32.05078],[151.45122,-32.05098],[151.45121,-32.05062],[151.45077,-32.05045],[151.44688,-32.05213],[151.44491,-32.05197],[151.44366,-32.05247],[151.4429,-32.05205],[151.44298,-32.05263],[151.44337,-32.05293],[151.44416,-32.05286],[151.44255,-32.05351],[151.44269,-32.05422],[151.44209,-32.05596],[151.4406,-32.05592],[151.43973,-32.05659],[151.43848,-32.05587],[151.43661,-32.05557],[151.43484,-32.05627],[151.43488,-32.05722],[151.43455,-32.05691],[151.4335,-32.05718],[151.43298,-32.05634],[151.43231,-32.05654],[151.43234,-32.05609],[151.43391,-32.05581],[151.43389,-32.05531],[151.4344,-32.05488],[151.43277,-32.05526],[151.4327,-32.0549],[151.43307,-32.05484],[151.43286,-32.05485],[151.433,-32.05444],[151.43257,-32.05441],[151.43281,-32.05399],[151.43248,-32.0536],[151.43288,-32.05309],[151.43217,-32.0528],[151.43187,-32.05209],[151.43196,-32.05172],[151.43244,-32.05179],[151.43258,-32.05143],[151.43296,-32.0515],[151.43286,-32.05178],[151.4335,-32.0518],[151.43315,-32.05123],[151.43382,-32.05084],[151.43375,-32.05035],[151.43415,-32.04988],[151.43371,-32.04963],[151.4333,-32.04996],[151.43291,-32.04961],[151.43079,-32.04955],[151.42903,-32.04821],[151.42736,-32.04773],[151.42683,-32.0478],[151.42685,-32.04811],[151.42623,-32.0485],[151.42632,-32.04922],[151.42581,-32.04959],[151.42502,-32.04877],[151.42571,-32.04861],[151.42682,-32.04762],[151.42852,-32.0476],[151.43161,-32.04889],[151.43294,-32.04898],[151.4338,-32.0494],[151.43546,-32.05069],[151.43654,-32.05214],[151.4392,-32.05232],[151.44159,-32.05137],[151.43909,-32.05219],[151.43648,-32.05201],[151.43562,-32.05069],[151.43342,-32.04905],[151.43171,-32.04879],[151.42808,-32.04739],[151.42677,-32.04753],[151.42544,-32.04861],[151.42309,-32.0482],[151.42364,-32.04859],[151.42306,-32.04875],[151.4221,-32.0486],[151.42198,-32.04824],[151.42135,-32.04854],[151.42119,-32.04851],[151.42119,-32.04748],[151.42173,-32.04757],[151.42303,-32.0482],[151.42162,-32.0474],[151.42119,-32.04736],[151.42119,-32.02386],[151.42481,-32.02416],[151.4257,-32.02395],[151.42627,-32.02257],[151.42605,-32.02136],[151.42634,-32.01977],[151.4276,-32.01863],[151.43649,-32.01863],[151.43642,-32.01882],[151.43664,-32.01899],[151.43677,-32.01863],[151.44226,-32.01863],[151.44262,-32.01886],[151.44208,-32.0187],[151.44141,-32.01913],[151.44216,-32.02019],[151.44258,-32.02022],[151.44235,-32.01987],[151.44308,-32.01957],[151.44425,-32.01971],[151.44338,-32.02019],[151.44423,-32.02029],[151.44356,-32.02068],[151.44359,-32.02127],[151.44317,-32.02133],[151.44352,-32.02204],[151.44306,-32.02228],[151.44356,-32.02285],[151.44503,-32.02261],[151.44594,-32.02276],[151.44612,-32.02312],[151.4479,-32.02269],[151.44781,-32.02296],[151.44813,-32.02309],[151.44838,-32.02276],[151.44816,-32.02259],[151.44869,-32.02253],[151.44822,-32.02385],[151.44881,-32.02392],[151.44888,-32.02428],[151.44839,-32.02507],[151.44907,-32.02604],[151.44977,-32.02619],[151.44932,-32.02679],[151.44974,-32.02768],[151.44917,-32.02793],[151.44863,-32.02777],[151.44809,-32.0286],[151.44687,-32.02851],[151.44637,-32.02817],[151.44619,-32.02876],[151.44818,-32.02936],[151.44848,-32.03003],[151.4501,-32.02948],[151.45061,-32.03018],[151.45005,-32.0307],[151.45044,-32.03104],[151.45014,-32.03137],[151.45072,-32.03135],[151.451,-32.03166],[151.45117,-32.03287],[151.45172,-32.03226],[151.45225,-32.03233],[151.45234,-32.03192],[151.45298,-32.03208],[151.45318,-32.0318],[151.45304,-32.03118],[151.45158,-32.0306],[151.45142,-32.02952],[151.45214,-32.02909],[151.45164,-32.02865],[151.45205,-32.02828],[151.45158,-32.02834],[151.45139,-32.0278],[151.45181,-32.02765],[151.45193,-32.02805],[151.45219,-32.02795],[151.45251,-32.02681],[151.45329,-32.02651],[151.45285,-32.02617],[151.45286,-32.02545],[151.45245,-32.02469],[151.45289,-32.02386],[151.45333,-32.02412],[151.45379,-32.02379],[151.45428,-32.02408],[151.4548,-32.02389],[151.45536,-32.02441],[151.45533,-32.02504],[151.45497,-32.02519],[151.45475,-32.02601],[151.45426,-32.02576],[151.45412,-32.02612],[151.45546,-32.02761],[151.45578,-32.02755],[151.45614,-32.0284],[151.45584,-32.02882],[151.45508,-32.02848],[151.45462,-32.02872],[151.45474,-32.02904],[151.45842,-32.02953],[151.45829,-32.02895],[151.45897,-32.02888],[151.45927,-32.0295],[151.46057,-32.029],[151.46117,-32.02826],[151.46154,-32.02834],[151.46161,-32.0287],[151.46241,-32.02867],[151.46181,-32.02828],[151.4619,-32.02805],[151.46324,-32.02828],[151.46492,-32.02799],[151.46509,-32.02825],[151.4662,-32.02826],[151.46515,-32.02933],[151.46534,-32.03001],[151.46576,-32.02999],[151.46557,-32.03036],[151.46579,-32.03053],[151.46644,-32.02974],[151.46597,-32.02894],[151.46674,-32.02932],[151.46697,-32.02986],[151.46689,-32.02923],[151.46742,-32.02916],[151.46719,-32.02881],[151.46761,-32.0287],[151.46733,-32.02849],[151.46775,-32.02847],[151.46779,-32.02811],[151.46845,-32.0275],[151.46794,-32.02792],[151.46734,-32.02772],[151.46694,-32.02805],[151.46648,-32.02743],[151.46692,-32.0267],[151.4676,-32.02649],[151.46746,-32.02577],[151.46709,-32.02583],[151.46687,-32.02665],[151.4657,-32.02656],[151.46429,-32.02602],[151.46427,-32.02566],[151.46385,-32.02572],[151.46367,-32.02537],[151.46304,-32.02539],[151.46295,-32.02467],[151.46183,-32.02458],[151.46068,-32.02381],[151.45941,-32.02381],[151.45811,-32.02322],[151.45686,-32.02386],[151.45606,-32.02361],[151.45405,-32.02373],[151.45323,-32.02326],[151.45293,-32.02251],[151.45197,-32.02236],[151.45205,-32.022],[151.45172,-32.02178],[151.45083,-32.02186],[151.45044,-32.02151],[151.45051,-32.02088],[151.44947,-32.02024],[151.44799,-32.0202],[151.44785,-32.01949],[151.44708,-32.01897],[151.44706,-32.01863],[151.46779,-32.01863],[151.4678,-32.0189],[151.46862,-32.01936],[151.46836,-32.01955],[151.46926,-32.01938],[151.46945,-32.01897],[151.46927,-32.01863],[151.47294,-32.01863],[151.47301,-32.01925],[151.47335,-32.01951],[151.47414,-32.01957],[151.47439,-32.01915],[151.47401,-32.01863],[151.47502,-32.01863],[151.47518,-32.01917],[151.47554,-32.01888],[151.47535,-32.01863],[151.47602,-32.01863],[151.4761,-32.01941],[151.4754,-32.02024],[151.47559,-32.021],[151.47524,-32.02133],[151.47476,-32.02122],[151.47457,-32.02181],[151.47547,-32.02169],[151.47518,-32.02233],[151.47541,-32.02255],[151.47602,-32.02216],[151.47615,-32.02252],[151.47693,-32.02227],[151.47811,-32.02466],[151.47775,-32.02495],[151.47804,-32.0253],[151.47724,-32.02528],[151.47674,-32.02589],[151.47688,-32.02543],[151.47612,-32.0241],[151.47519,-32.0245],[151.47505,-32.02486],[151.47586,-32.0252],[151.4761,-32.02573],[151.47514,-32.02576],[151.47516,-32.02612],[151.47424,-32.02674],[151.47432,-32.02837],[151.4767,-32.02824],[151.47678,-32.02774],[151.47792,-32.02819],[151.47898,-32.02815],[151.47827,-32.02782],[151.47819,-32.02737],[151.47876,-32.02694],[151.47797,-32.02607],[151.47857,-32.02532],[151.47828,-32.02488],[151.47992,-32.02482],[151.47979,-32.02433],[151.48068,-32.02294],[151.48191,-32.02326],[151.48251,-32.02251],[151.48153,-32.02201],[151.48203,-32.02041],[151.48148,-32.01989],[151.48153,-32.01894],[151.481,-32.01886],[151.48055,-32.01947],[151.48006,-32.01917],[151.47963,-32.01863],[151.48485,-32.01863],[151.48483,-32.01913]],[[151.49911,-32.05831],[151.49911,-32.05835],[151.49917,-32.05835],[151.49911,-32.05831]],[[151.49791,-32.05664],[151.49866,-32.05778],[151.49782,-32.05578],[151.49791,-32.05664]],[[151.49759,-32.05556],[151.4976,-32.05561],[151.4977,-32.0556],[151.49759,-32.05556]],[[151.49736,-32.05521],[151.49737,-32.0553],[151.49747,-32.0553],[151.49736,-32.05521]],[[151.49719,-32.05499],[151.49696,-32.05468],[151.49614,-32.05413],[151.49719,-32.05499]],[[151.49598,-32.05404],[151.49512,-32.05376],[151.4956,-32.05392],[151.49598,-32.05404]],[[151.49373,-32.05354],[151.49501,-32.05372],[151.49388,-32.05344],[151.49373,-32.05354]],[[151.49306,-32.05297],[151.49344,-32.05323],[151.49322,-32.05292],[151.49306,-32.05297]],[[151.49036,-32.03722],[151.49075,-32.03766],[151.49316,-32.03807],[151.49249,-32.03746],[151.49292,-32.03753],[151.49285,-32.03731],[151.49072,-32.03707],[151.49036,-32.03722]],[[151.49069,-32.03965],[151.49062,-32.04033],[151.49129,-32.04003],[151.49137,-32.04048],[151.49245,-32.04094],[151.49219,-32.04],[151.49161,-32.03998],[151.49143,-32.03958],[151.49069,-32.03965]],[[151.49133,-32.05232],[151.49134,-32.05245],[151.4915,-32.05244],[151.49133,-32.05232]],[[151.48997,-32.05169],[151.49074,-32.05225],[151.49008,-32.05164],[151.48997,-32.05169]],[[151.48808,-32.04476],[151.48833,-32.04538],[151.48814,-32.04579],[151.48871,-32.04668],[151.48952,-32.04687],[151.48913,-32.04549],[151.48863,-32.0451],[151.48872,-32.04469],[151.48946,-32.04471],[151.49012,-32.04509],[151.49008,-32.04536],[151.49038,-32.04499],[151.49009,-32.04455],[151.48858,-32.04397],[151.48808,-32.04476]],[[151.48873,-32.05115],[151.48894,-32.05123],[151.48893,-32.05109],[151.48873,-32.05115]],[[151.48765,-32.05078],[151.48824,-32.05089],[151.48705,-32.05044],[151.48765,-32.05078]],[[151.48523,-32.04495],[151.48585,-32.0457],[151.48513,-32.045],[151.4845,-32.0452],[151.48441,-32.04557],[151.48404,-32.04549],[151.48379,-32.04577],[151.48407,-32.04721],[151.48379,-32.04798],[151.48408,-32.04843],[151.4856,-32.04909],[151.48615,-32.04849],[151.48577,-32.04832],[151.48619,-32.04817],[151.4856,-32.04711],[151.48514,-32.0473],[151.48494,-32.0465],[151.48526,-32.04653],[151.48539,-32.04702],[151.48682,-32.04706],[151.48699,-32.04611],[151.48616,-32.0455],[151.48614,-32.04505],[151.48539,-32.0449],[151.48532,-32.04454],[151.48523,-32.04495]],[[151.46176,-32.0506],[151.45766,-32.05029],[151.45627,-32.05111],[151.45684,-32.05195],[151.45659,-32.0511],[151.4574,-32.05048],[151.46155,-32.0506],[151.46301,-32.05222],[151.46331,-32.05411],[151.46393,-32.05472],[151.46573,-32.05479],[151.46817,-32.05574],[151.46847,-32.05753],[151.46917,-32.05882],[151.46903,-32.06121],[151.46954,-32.06192],[151.46924,-32.06125],[151.46939,-32.0589],[151.46876,-32.05793],[151.46832,-32.05555],[151.46866,-32.05491],[151.47162,-32.0538],[151.47152,-32.05272],[151.4713,-32.0526],[151.47126,-32.05386],[151.46875,-32.05472],[151.4693,-32.05398],[151.46912,-32.05362],[151.47101,-32.05315],[151.47153,-32.05187],[151.47309,-32.05122],[151.47327,-32.05076],[151.47289,-32.05055],[151.47298,-32.05023],[151.4739,-32.04957],[151.47389,-32.0492],[151.47584,-32.04904],[151.47592,-32.04954],[151.47717,-32.04913],[151.47752,-32.04758],[151.47789,-32.0477],[151.47874,-32.04668],[151.47851,-32.04628],[151.47876,-32.04591],[151.47832,-32.04557],[151.47921,-32.04431],[151.47898,-32.04405],[151.47935,-32.0439],[151.47952,-32.04317],[151.48037,-32.04314],[151.48051,-32.04273],[151.48083,-32.0429],[151.48098,-32.04267],[151.48158,-32.04292],[151.48144,-32.04233],[151.4817,-32.04232],[151.48368,-32.04257],[151.48382,-32.04333],[151.4842,-32.04345],[151.48467,-32.0433],[151.48465,-32.04285],[151.48496,-32.04266],[151.48602,-32.0428],[151.48668,-32.04205],[151.48613,-32.04185],[151.48691,-32.0415],[151.48558,-32.04137],[151.4849,-32.04162],[151.48452,-32.04127],[151.48494,-32.04031],[151.48392,-32.04003],[151.48171,-32.04029],[151.48088,-32.03965],[151.48078,-32.03861],[151.4811,-32.03769],[151.48082,-32.03748],[151.48107,-32.03711],[151.48083,-32.03658],[151.48106,-32.03593],[151.48035,-32.03537],[151.48008,-32.03425],[151.47907,-32.03429],[151.47915,-32.03474],[151.47968,-32.03477],[151.47967,-32.03567],[151.47887,-32.03556],[151.47969,-32.03608],[151.48071,-32.03622],[151.48038,-32.03709],[151.47998,-32.03656],[151.47892,-32.03651],[151.47807,-32.03546],[151.47663,-32.03528],[151.47623,-32.03571],[151.4749,-32.03562],[151.4739,-32.03475],[151.47296,-32.03497],[151.47341,-32.03445],[151.47333,-32.034],[151.47061,-32.03266],[151.4705,-32.03153],[151.47105,-32.03187],[151.47087,-32.03152],[151.47114,-32.03056],[151.47054,-32.03004],[151.46984,-32.02998],[151.47003,-32.02947],[151.46934,-32.02954],[151.4689,-32.02924],[151.46827,-32.02927],[151.46818,-32.02959],[151.46759,-32.02943],[151.46798,-32.02977],[151.46813,-32.03076],[151.4685,-32.0307],[151.46837,-32.0303],[151.4689,-32.03019],[151.46965,-32.03134],[151.46809,-32.03103],[151.46727,-32.03052],[151.46772,-32.03105],[151.47003,-32.03164],[151.47006,-32.03218],[151.47043,-32.03226],[151.47062,-32.03284],[151.47312,-32.03397],[151.47324,-32.03437],[151.47274,-32.03479],[151.47273,-32.03565],[151.4712,-32.03589],[151.47278,-32.03574],[151.4728,-32.03597],[151.47176,-32.03646],[151.47172,-32.03677],[151.47119,-32.0367],[151.4711,-32.03702],[151.47149,-32.03741],[151.47047,-32.03822],[151.47066,-32.03893],[151.47033,-32.03962],[151.46985,-32.03955],[151.46935,-32.0402],[151.46891,-32.03986],[151.4676,-32.04022],[151.46698,-32.04164],[151.46783,-32.04157],[151.46864,-32.04077],[151.46952,-32.04042],[151.47116,-32.04041],[151.47161,-32.04084],[151.47219,-32.03969],[151.47261,-32.03959],[151.47259,-32.03927],[151.47355,-32.03833],[151.47585,-32.03771],[151.47639,-32.03791],[151.47616,-32.03742],[151.47562,-32.03722],[151.47565,-32.03681],[151.47583,-32.03721],[151.47625,-32.03719],[151.47685,-32.03641],[151.47754,-32.03652],[151.47766,-32.0357],[151.47877,-32.03679],[151.47951,-32.03667],[151.47995,-32.03796],[151.47927,-32.03821],[151.47943,-32.03717],[151.47847,-32.03698],[151.47776,-32.03768],[151.47723,-32.03775],[151.47844,-32.03851],[151.47829,-32.03875],[151.47744,-32.03864],[151.47699,-32.03821],[151.47669,-32.03858],[151.47733,-32.03869],[151.47747,-32.03936],[151.47805,-32.0393],[151.47833,-32.0396],[151.4789,-32.03936],[151.47936,-32.04006],[151.48033,-32.04025],[151.48048,-32.04214],[151.47986,-32.04248],[151.47948,-32.04227],[151.47811,-32.04259],[151.4774,-32.04217],[151.47694,-32.04245],[151.47676,-32.04201],[151.47623,-32.04203],[151.47578,-32.04164],[151.47656,-32.0412],[151.47674,-32.04174],[151.47756,-32.04207],[151.47758,-32.04157],[151.47709,-32.04114],[151.47855,-32.04068],[151.47721,-32.0405],[151.47665,-32.03989],[151.47587,-32.04019],[151.47616,-32.04063],[151.47591,-32.04096],[151.47529,-32.04021],[151.47459,-32.03997],[151.47375,-32.04022],[151.47402,-32.04125],[151.47439,-32.04128],[151.47437,-32.04092],[151.47475,-32.04104],[151.47441,-32.04268],[151.47493,-32.04357],[151.47419,-32.04359],[151.474,-32.0441],[151.47363,-32.04407],[151.47271,-32.04482],[151.47197,-32.0448],[151.47178,-32.04535],[151.47091,-32.04597],[151.47068,-32.04657],[151.47101,-32.04687],[151.47093,-32.04642],[151.4712,-32.04637],[151.47131,-32.04749],[151.47063,-32.04765],[151.47061,-32.04833],[151.46984,-32.04899],[151.47034,-32.05033],[151.46971,-32.05058],[151.46964,-32.05135],[151.46913,-32.05173],[151.46624,-32.05228],[151.46528,-32.05309],[151.4645,-32.0514],[151.46469,-32.0508],[151.46547,-32.05055],[151.46526,-32.04961],[151.4645,-32.04919],[151.46436,-32.04964],[151.46394,-32.04966],[151.46333,-32.04909],[151.46286,-32.04925],[151.4625,-32.05052],[151.4633,-32.0518],[151.46406,-32.052],[151.46385,-32.05314],[151.46415,-32.05381],[151.46527,-32.05394],[151.46584,-32.0537],[151.46774,-32.05462],[151.46859,-32.05459],[151.46816,-32.05556],[151.4653,-32.05458],[151.46381,-32.05449],[151.46311,-32.05208],[151.46203,-32.05081],[151.46207,-32.0498],[151.46176,-32.0506]],[[151.46248,-32.04908],[151.46564,-32.04865],[151.46674,-32.04743],[151.46553,-32.04856],[151.46237,-32.04904],[151.46221,-32.04945],[151.46248,-32.04908]],[[151.48672,-32.05027],[151.48672,-32.05032],[151.48677,-32.05031],[151.48672,-32.05027]],[[151.4857,-32.05008],[151.48571,-32.05022],[151.48613,-32.0502],[151.4857,-32.05008]],[[151.48528,-32.05014],[151.48529,-32.05028],[151.48545,-32.05027],[151.48528,-32.05014]],[[151.48449,-32.01973],[151.48461,-32.02],[151.48514,-32.01998],[151.48483,-32.01922],[151.48449,-32.01973]],[[151.48427,-32.05004],[151.48443,-32.05008],[151.48432,-32.04995],[151.48427,-32.05004]],[[151.48336,-32.0499],[151.48337,-32.05003],[151.48405,-32.05001],[151.48336,-32.0499]],[[151.48096,-32.04971],[151.48213,-32.04967],[151.4818,-32.0495],[151.48096,-32.04971]],[[151.47997,-32.02893],[151.48022,-32.0296],[151.4799,-32.0297],[151.47972,-32.02921],[151.47852,-32.02853],[151.47725,-32.02862],[151.47777,-32.02951],[151.47715,-32.0298],[151.4773,-32.03074],[151.47628,-32.0315],[151.47643,-32.0324],[151.47781,-32.03244],[151.47783,-32.03271],[151.47858,-32.03295],[151.47885,-32.03412],[151.47915,-32.0337],[151.47948,-32.03396],[151.4799,-32.03376],[151.48038,-32.0328],[151.47974,-32.03169],[151.47976,-32.03106],[151.48003,-32.0311],[151.48033,-32.0319],[151.48103,-32.03002],[151.48174,-32.02941],[151.48154,-32.02851],[151.48116,-32.02839],[151.48143,-32.02748],[151.48097,-32.02672],[151.4806,-32.02678],[151.48044,-32.02778],[151.47985,-32.02767],[151.48023,-32.02887],[151.47997,-32.02893]],[[151.48097,-32.02573],[151.48065,-32.02561],[151.48068,-32.0261],[151.48131,-32.02603],[151.48123,-32.02545],[151.48097,-32.02573]],[[151.48023,-32.02458],[151.48047,-32.02521],[151.48094,-32.02496],[151.4809,-32.02424],[151.48023,-32.02458]],[[151.48028,-32.04987],[151.48029,-32.04996],[151.48039,-32.04996],[151.48028,-32.04987]],[[151.47915,-32.05055],[151.47889,-32.0506],[151.479,-32.05069],[151.47915,-32.05055]],[[151.47879,-32.0507],[151.47816,-32.0509],[151.47817,-32.05104],[151.47879,-32.0507]],[[151.4755,-32.05809],[151.47511,-32.05774],[151.47488,-32.05838],[151.47522,-32.05891],[151.4757,-32.05898],[151.47642,-32.05851],[151.47618,-32.05797],[151.47682,-32.05799],[151.47697,-32.0588],[151.4776,-32.05878],[151.47727,-32.05857],[151.47753,-32.05838],[151.47724,-32.05793],[151.47632,-32.05761],[151.4755,-32.05809]],[[151.46896,-32.05675],[151.46919,-32.05701],[151.46889,-32.05738],[151.47007,-32.05761],[151.46992,-32.05793],[151.47055,-32.05872],[151.47047,-32.05936],[151.47003,-32.05897],[151.47021,-32.06058],[151.47065,-32.06079],[151.47032,-32.06054],[151.47046,-32.06012],[151.47114,-32.06096],[151.47198,-32.06079],[151.47283,-32.06193],[151.47359,-32.06227],[151.47328,-32.06133],[151.47378,-32.06077],[151.47268,-32.05995],[151.47335,-32.05975],[151.47427,-32.06003],[151.47499,-32.05955],[151.47494,-32.05865],[151.47427,-32.058],[151.47403,-32.05832],[151.47344,-32.05834],[151.47343,-32.05798],[151.47129,-32.05657],[151.47087,-32.05668],[151.47116,-32.05721],[151.47068,-32.05727],[151.46959,-32.05659],[151.46896,-32.05675]],[[151.47423,-32.0529],[151.47424,-32.05303],[151.47466,-32.05302],[151.47423,-32.0529]],[[151.47266,-32.02061],[151.47237,-32.02112],[151.47287,-32.02165],[151.47328,-32.02127],[151.47408,-32.02156],[151.47318,-32.02051],[151.47266,-32.02061]],[[151.47349,-32.05288],[151.47349,-32.05301],[151.47392,-32.053],[151.47349,-32.05288]],[[151.47303,-32.02277],[151.47294,-32.02205],[151.47222,-32.0214],[151.47303,-32.02277]],[[151.47283,-32.02291],[151.47263,-32.02315],[151.47274,-32.02332],[151.47283,-32.02291]],[[151.47259,-32.02342],[151.47243,-32.02351],[151.47259,-32.02355],[151.47259,-32.02342]],[[151.47245,-32.05328],[151.47229,-32.05333],[151.47235,-32.05342],[151.47245,-32.05328]],[[151.47024,-32.01994],[151.47043,-32.0192],[151.47026,-32.01926],[151.47024,-32.01994]],[[151.47175,-32.02367],[151.47176,-32.02381],[151.47208,-32.0238],[151.47175,-32.02367]],[[151.47188,-32.05357],[151.47188,-32.05366],[151.47193,-32.05366],[151.47188,-32.05357]],[[151.47121,-32.05508],[151.47041,-32.05493],[151.47065,-32.05547],[151.46976,-32.05572],[151.47036,-32.05602],[151.4701,-32.05621],[151.47023,-32.05661],[151.47077,-32.05686],[151.47045,-32.05579],[151.47175,-32.05533],[151.47162,-32.05484],[151.47121,-32.05508]],[[151.47107,-32.02072],[151.47029,-32.01998],[151.47052,-32.0202],[151.47107,-32.02072]],[[151.47083,-32.03595],[151.47084,-32.03608],[151.47105,-32.03607],[151.47083,-32.03595]],[[151.46481,-32.03843],[151.46454,-32.03943],[151.46519,-32.04193],[151.46586,-32.0425],[151.46715,-32.0429],[151.46724,-32.04353],[151.46535,-32.04301],[151.46473,-32.04227],[151.46335,-32.04218],[151.46282,-32.04103],[151.46263,-32.04149],[151.4623,-32.04136],[151.46225,-32.04236],[151.46178,-32.04265],[151.46176,-32.04332],[151.46072,-32.04472],[151.46177,-32.04563],[151.46252,-32.04569],[151.46282,-32.04636],[151.4635,-32.0462],[151.4642,-32.04649],[151.46508,-32.04591],[151.46713,-32.04566],[151.46759,-32.04523],[151.468,-32.04395],[151.46749,-32.04334],[151.46775,-32.04315],[151.46857,-32.04375],[151.46863,-32.04488],[151.4682,-32.04589],[151.46723,-32.0466],[151.46699,-32.04715],[151.46851,-32.04565],[151.46879,-32.04393],[151.46801,-32.04314],[151.46535,-32.04193],[151.46472,-32.03888],[151.46527,-32.03815],[151.46481,-32.03843]],[[151.47062,-32.036],[151.46915,-32.03623],[151.46635,-32.03751],[151.46629,-32.03755],[151.47062,-32.036]],[[151.47026,-32.02454],[151.47,-32.02469],[151.47006,-32.02477],[151.47026,-32.02454]],[[151.46976,-32.06218],[151.4701,-32.06244],[151.46981,-32.06204],[151.46976,-32.06218]],[[151.46958,-32.02375],[151.47005,-32.02365],[151.46998,-32.02329],[151.46958,-32.02375]],[[151.46866,-32.02546],[151.46868,-32.02686],[151.46898,-32.02653],[151.46877,-32.0255],[151.4699,-32.02483],[151.46866,-32.02546]],[[151.46874,-32.02704],[151.46854,-32.02718],[151.46865,-32.02731],[151.46874,-32.02704]],[[151.45467,-32.03717],[151.45544,-32.03664],[151.45562,-32.03709],[151.45587,-32.03676],[151.45682,-32.03664],[151.45747,-32.03698],[151.45772,-32.03674],[151.45894,-32.03679],[151.45902,-32.0352],[151.45954,-32.03487],[151.45897,-32.03421],[151.45971,-32.03405],[151.46036,-32.03439],[151.46056,-32.03411],[151.46173,-32.03425],[151.46272,-32.03389],[151.46237,-32.03327],[151.46114,-32.03296],[151.46117,-32.03246],[151.45919,-32.03226],[151.4585,-32.03328],[151.45782,-32.03335],[151.45826,-32.0337],[151.45762,-32.03367],[151.45728,-32.03427],[151.4569,-32.03402],[151.45623,-32.03449],[151.45595,-32.03423],[151.45532,-32.03434],[151.45508,-32.03381],[151.45456,-32.03392],[151.45416,-32.03448],[151.45525,-32.03493],[151.45511,-32.03544],[151.45342,-32.0355],[151.45333,-32.03586],[151.4528,-32.03579],[151.45277,-32.03624],[151.45241,-32.03644],[151.45263,-32.03675],[151.45464,-32.03663],[151.45467,-32.03717]],[[151.45782,-32.04717],[151.45932,-32.04739],[151.45951,-32.04693],[151.45903,-32.0469],[151.45842,-32.04634],[151.45782,-32.04717]],[[151.45428,-32.03041],[151.45417,-32.03141],[151.45495,-32.0321],[151.45554,-32.0333],[151.45659,-32.03317],[151.45656,-32.03254],[151.4556,-32.03239],[151.45569,-32.03207],[151.45531,-32.03191],[151.45554,-32.03127],[151.45516,-32.03114],[151.45528,-32.03028],[151.45478,-32.0298],[151.45428,-32.03041]],[[151.45329,-32.05086],[151.45443,-32.05045],[151.4551,-32.05106],[151.45617,-32.05125],[151.45531,-32.05106],[151.45421,-32.05028],[151.45329,-32.05086]],[[151.45313,-32.01907],[151.45388,-32.01936],[151.45391,-32.01981],[151.45506,-32.01963],[151.45455,-32.01888],[151.45365,-32.01887],[151.45313,-32.01907]],[[151.44168,-32.02865],[151.44195,-32.02991],[151.44259,-32.03092],[151.44184,-32.02869],[151.44094,-32.02759],[151.44107,-32.02709],[151.44166,-32.0273],[151.4417,-32.02689],[151.44086,-32.02615],[151.44028,-32.02613],[151.43859,-32.02316],[151.43807,-32.02002],[151.43831,-32.02277],[151.44013,-32.02627],[151.43925,-32.02567],[151.43873,-32.02596],[151.4385,-32.02556],[151.437,-32.02521],[151.43572,-32.02394],[151.43576,-32.02277],[151.43518,-32.02279],[151.43373,-32.02135],[151.43177,-32.02124],[151.43045,-32.02138],[151.43004,-32.0218],[151.43008,-32.02243],[151.42952,-32.02299],[151.43004,-32.02383],[151.42972,-32.02389],[151.42949,-32.02345],[151.42929,-32.02373],[151.42986,-32.02456],[151.42968,-32.02507],[151.4291,-32.02522],[151.42955,-32.02579],[151.42907,-32.02563],[151.42919,-32.0259],[151.42878,-32.02623],[151.42818,-32.02584],[151.42723,-32.02714],[151.42631,-32.02672],[151.42462,-32.02683],[151.42413,-32.02644],[151.4236,-32.02651],[151.42342,-32.02611],[151.42246,-32.02609],[151.4222,-32.02723],[151.42148,-32.02753],[151.42165,-32.0278],[151.42129,-32.02799],[151.4224,-32.02912],[151.42282,-32.02893],[151.42233,-32.02863],[151.423,-32.02833],[151.42403,-32.02888],[151.42367,-32.02894],[151.42379,-32.02921],[151.42489,-32.02908],[151.42482,-32.02858],[151.42505,-32.02898],[151.42647,-32.02884],[151.42682,-32.02942],[151.42809,-32.02946],[151.42849,-32.02994],[151.42731,-32.02976],[151.42727,-32.03003],[151.42808,-32.03032],[151.42903,-32.03015],[151.42942,-32.03059],[151.42935,-32.03014],[151.42978,-32.03044],[151.43028,-32.03186],[151.42991,-32.03301],[151.43045,-32.03317],[151.43031,-32.03358],[151.43071,-32.03406],[151.43168,-32.03439],[151.43142,-32.03462],[151.43225,-32.03518],[151.43265,-32.03589],[151.43273,-32.03638],[151.43178,-32.03646],[151.43191,-32.03695],[151.43239,-32.03703],[151.43248,-32.03666],[151.43298,-32.03705],[151.43495,-32.03734],[151.43502,-32.03761],[151.4346,-32.03776],[151.43421,-32.03737],[151.43441,-32.03813],[151.43362,-32.03825],[151.43364,-32.0387],[151.43466,-32.03889],[151.43501,-32.03856],[151.43566,-32.03881],[151.43667,-32.03778],[151.43706,-32.03803],[151.43806,-32.03795],[151.43815,-32.03772],[151.43767,-32.0376],[151.43876,-32.03716],[151.43898,-32.03729],[151.43886,-32.03801],[151.4394,-32.03817],[151.43958,-32.03871],[151.44096,-32.03875],[151.44126,-32.03933],[151.44146,-32.03923],[151.44133,-32.03977],[151.44188,-32.04007],[151.44068,-32.04048],[151.44088,-32.04128],[151.44035,-32.04139],[151.43996,-32.04104],[151.44004,-32.04145],[151.44191,-32.04183],[151.44117,-32.04073],[151.44173,-32.04139],[151.44265,-32.04171],[151.44374,-32.04127],[151.44381,-32.04163],[151.44424,-32.04166],[151.44515,-32.04095],[151.44728,-32.04105],[151.44762,-32.04144],[151.44952,-32.04128],[151.4512,-32.04208],[151.45143,-32.0423],[151.45149,-32.04352],[151.45123,-32.04362],[151.45143,-32.04447],[151.45091,-32.04584],[151.45078,-32.04526],[151.45033,-32.04591],[151.44964,-32.04589],[151.44814,-32.04653],[151.44749,-32.04619],[151.44686,-32.04635],[151.44679,-32.04604],[151.44598,-32.04575],[151.44567,-32.04594],[151.44534,-32.04564],[151.44531,-32.04627],[151.44564,-32.04639],[151.4462,-32.04809],[151.44722,-32.04828],[151.44702,-32.04747],[151.44737,-32.04805],[151.44795,-32.04798],[151.44882,-32.04858],[151.44944,-32.04815],[151.45015,-32.04853],[151.45081,-32.04806],[151.45245,-32.048],[151.45287,-32.04676],[151.45258,-32.04632],[151.45306,-32.0463],[151.45352,-32.04502],[151.4529,-32.04202],[151.45165,-32.04148],[151.45097,-32.04055],[151.45039,-32.04062],[151.44924,-32.03998],[151.44884,-32.0405],[151.44748,-32.04082],[151.44528,-32.04017],[151.44537,-32.0399],[151.4458,-32.04015],[151.44584,-32.03988],[151.44503,-32.0396],[151.44485,-32.03911],[151.44531,-32.03882],[151.44513,-32.03833],[151.44581,-32.03808],[151.4453,-32.03751],[151.44482,-32.03753],[151.44497,-32.03725],[151.44451,-32.0365],[151.44457,-32.03772],[151.44502,-32.03829],[151.4446,-32.03826],[151.44463,-32.03789],[151.44414,-32.0376],[151.44399,-32.03561],[151.44364,-32.03508],[151.44406,-32.03389],[151.44351,-32.03346],[151.44298,-32.03353],[151.44291,-32.03321],[151.4426,-32.03323],[151.44263,-32.03277],[151.44193,-32.03271],[151.44163,-32.03191],[151.44183,-32.03172],[151.44134,-32.03142],[151.44148,-32.0311],[151.44116,-32.03106],[151.44109,-32.0317],[151.43975,-32.03152],[151.43957,-32.03112],[151.43994,-32.03111],[151.44012,-32.03047],[151.43926,-32.03113],[151.43766,-32.03002],[151.43785,-32.02951],[151.43761,-32.02902],[151.43874,-32.02826],[151.43862,-32.0279],[151.43973,-32.02777],[151.44011,-32.02812],[151.44089,-32.02782],[151.44168,-32.02865]],[[151.45067,-32.04942],[151.44992,-32.04931],[151.44534,-32.05002],[151.44375,-32.05098],[151.44228,-32.05139],[151.44412,-32.05096],[151.4453,-32.05015],[151.44993,-32.04944],[151.45313,-32.05082],[151.45166,-32.0501],[151.45067,-32.04942]],[[151.44601,-32.02515],[151.44501,-32.02541],[151.44554,-32.0263],[151.44545,-32.02666],[151.44513,-32.02663],[151.44487,-32.0256],[151.44437,-32.02517],[151.44418,-32.02572],[151.44441,-32.02598],[151.44259,-32.02568],[151.44267,-32.02618],[151.44199,-32.02634],[151.44201,-32.02688],[151.44302,-32.0268],[151.44394,-32.02726],[151.44457,-32.0271],[151.44459,-32.0285],[151.44586,-32.02846],[151.44646,-32.0278],[151.44689,-32.02797],[151.44692,-32.02747],[151.4466,-32.02748],[151.44658,-32.02698],[151.4461,-32.02691],[151.44602,-32.02642],[151.44697,-32.02629],[151.44726,-32.02569],[151.44676,-32.02535],[151.44693,-32.02453],[151.4456,-32.02449],[151.44567,-32.02476],[151.44609,-32.02461],[151.44601,-32.02515]],[[151.44324,-32.03135],[151.44371,-32.0321],[151.44527,-32.03155],[151.44525,-32.0311],[151.44437,-32.03054],[151.44324,-32.03135]],[[151.44308,-32.04924],[151.44191,-32.04919],[151.44153,-32.0502],[151.44038,-32.05042],[151.44024,-32.05074],[151.43912,-32.05069],[151.43894,-32.05129],[151.43985,-32.05148],[151.44005,-32.0512],[151.44069,-32.05127],[151.44088,-32.05086],[151.44147,-32.05111],[151.4423,-32.05058],[151.44371,-32.05026],[151.44415,-32.04952],[151.44388,-32.04944],[151.44403,-32.04912],[151.44354,-32.04895],[151.44308,-32.04924]],[[151.4418,-32.05132],[151.44181,-32.05146],[151.44207,-32.05145],[151.4418,-32.05132]],[[151.43614,-32.04615],[151.43615,-32.04651],[151.43648,-32.04663],[151.43656,-32.04713],[151.43752,-32.04736],[151.43775,-32.04659],[151.43668,-32.04636],[151.4365,-32.04605],[151.43614,-32.04615]],[[151.42695,-32.03953],[151.4261,-32.04046],[151.42477,-32.04055],[151.42447,-32.04075],[151.42454,-32.0411],[151.4239,-32.04117],[151.42493,-32.04272],[151.42455,-32.0435],[151.42451,-32.04476],[151.42393,-32.04497],[151.42428,-32.04545],[151.42501,-32.04524],[151.42571,-32.04228],[151.42613,-32.04218],[151.42615,-32.04258],[151.4268,-32.04175],[151.42798,-32.04215],[151.4285,-32.042],[151.42859,-32.04258],[151.42954,-32.04255],[151.42962,-32.04313],[151.43039,-32.04365],[151.4307,-32.04355],[151.43096,-32.0444],[151.43238,-32.04412],[151.43209,-32.04363],[151.43223,-32.04327],[151.43153,-32.04316],[151.43197,-32.04228],[151.43129,-32.04258],[151.43084,-32.0421],[151.43043,-32.04234],[151.42983,-32.042],[151.42969,-32.04236],[151.4293,-32.04206],[151.42921,-32.04121],[151.4288,-32.04054],[151.42849,-32.0406],[151.42805,-32.03922],[151.42695,-32.03953]],[[151.42907,-32.03322],[151.42965,-32.03311],[151.42974,-32.0327],[151.42907,-32.03322]]],[[[151.50289,-32.01869],[151.50274,-32.01906],[151.50329,-32.0194],[151.50401,-32.01888],[151.50501,-32.01979],[151.50559,-32.01968],[151.50544,-32.01991],[151.50572,-32.02017],[151.50664,-32.02054],[151.50965,-32.02034],[151.50963,-32.02003],[151.51062,-32.01972],[151.51064,-32.02004],[151.51117,-32.02006],[151.51184,-32.02067],[151.51147,-32.02082],[151.51155,-32.02131],[151.51321,-32.02053],[151.51399,-32.02131],[151.51406,-32.02172],[151.51345,-32.02206],[151.51373,-32.0225],[151.51332,-32.02278],[151.5135,-32.02314],[151.5119,-32.02288],[151.51125,-32.02363],[151.50987,-32.02368],[151.51004,-32.02394],[151.5097,-32.02445],[151.51024,-32.02479],[151.51011,-32.02525],[151.5089,-32.02552],[151.50943,-32.02645],[151.50837,-32.02649],[151.50792,-32.027],[151.50773,-32.02651],[151.50815,-32.02632],[151.50778,-32.02628],[151.5072,-32.02545],[151.50679,-32.02569],[151.50644,-32.02511],[151.50723,-32.0249],[151.50752,-32.0244],[151.5075,-32.0239],[151.50691,-32.02383],[151.50673,-32.02348],[151.5071,-32.02333],[151.50829,-32.02383],[151.50843,-32.0235],[151.50795,-32.02352],[151.50738,-32.02273],[151.50628,-32.02286],[151.50551,-32.02239],[151.50511,-32.02277],[151.50369,-32.02305],[151.50343,-32.02324],[151.50367,-32.02363],[151.50314,-32.02379],[151.50247,-32.02305],[151.50243,-32.02232],[151.50314,-32.02266],[151.50326,-32.02198],[151.50299,-32.02172],[151.50226,-32.02215],[151.50171,-32.02172],[151.50164,-32.02141],[151.50201,-32.02135],[151.50193,-32.02085],[151.50161,-32.02077],[151.50178,-32.02],[151.50109,-32.0198],[151.50077,-32.01873],[151.50002,-32.01866],[151.49999,-32.01916],[151.49941,-32.01923],[151.49896,-32.01974],[151.49879,-32.01952],[151.49791,-32.01983],[151.49813,-32.01905],[151.49758,-32.01871],[151.49678,-32.01964],[151.49658,-32.01875],[151.49479,-32.01908],[151.49458,-32.01863],[151.50284,-32.01863],[151.50289,-32.01869]],[[151.50996,-32.0202],[151.51009,-32.02064],[151.51045,-32.02049],[151.51032,-32.02],[151.50996,-32.0202]]],[[[151.49389,-32.01894],[151.49406,-32.01933],[151.49443,-32.01932],[151.49426,-32.02001],[151.49296,-32.01942],[151.4933,-32.01863],[151.49448,-32.01863],[151.49389,-32.01894]]],[[[151.49133,-32.01867],[151.49129,-32.01863],[151.49135,-32.01863],[151.49133,-32.01867]]],[[[151.44582,-32.01924],[151.4453,-32.01944],[151.44482,-32.01932],[151.44473,-32.01865],[151.44407,-32.01917],[151.44343,-32.01915],[151.443,-32.01907],[151.44266,-32.01863],[151.44598,-32.01863],[151.44582,-32.01924]]],[[[151.42623,-32.01968],[151.42589,-32.02136],[151.42603,-32.02308],[151.42569,-32.02381],[151.42464,-32.02398],[151.42119,-32.02365],[151.42119,-32.01863],[151.42729,-32.01863],[151.42623,-32.01968]]]]}},{"type":"Feature","properties":{"OBJECTID":9263974,"PCTID":3379,"PCTName":"Barrington-Point Lookout Montane Grassy Forest","vegClass":"Subalpine Woodlands","vegForm":"Grassy Woodlands"},"geometry":{"type":"Polygon","coordinates":[[[151.47064,-32.07118],[151.46992,-32.07062],[151.46997,-32.07039],[151.47076,-32.07046],[151.47099,-32.06968],[151.4706,-32.06929],[151.47094,-32.06869],[151.47199,-32.07159],[151.47064,-32.07118]]]}},{"type":"Feature","properties":{"OBJECTID":9263993,"PCTID":3288,"PCTName":"Northern Escarpment Messmate Moist Grassy Forest","vegClass":"Northern Tableland Wet Sclerophyll Forests","vegForm":"Wet Sclerophyll Forests (Grassy sub-formation)"},"geometry":{"type":"Polygon","coordinates":[[[151.49168,-32.07078],[151.49109,-32.07075],[151.49027,-32.07132],[151.48881,-32.07065],[151.4889,-32.07043],[151.48977,-32.0708],[151.49046,-32.07073],[151.4908,-32.07022],[151.49149,-32.07019],[151.49168,-32.07078]]]}},{"type":"Feature","properties":{"OBJECTID":9264041,"PCTID":3354,"PCTName":"Liverpool Range Box-Silvertop Stringybark Forest","vegClass":"New England Grassy Woodlands","vegForm":"Grassy Woodlands"},"geometry":{"type":"Polygon","coordinates":[[[151.42119,-32.07198],[151.42119,-32.07198],[151.42119,-32.07198],[151.42119,-32.07198]]]}},{"type":"Feature","properties":{"OBJECTID":9264042,"PCTID":3379,"PCTName":"Barrington-Point Lookout Montane Grassy Forest","vegClass":"Subalpine Woodlands","vegForm":"Grassy Woodlands"},"geometry":{"type":"Polygon","coordinates":[[[151.47016,-32.07224],[151.46955,-32.07262],[151.46918,-32.07164],[151.46975,-32.07144],[151.47053,-32.07205],[151.47108,-32.07139],[151.47173,-32.07277],[151.4711,-32.07297],[151.47044,-32.07241],[151.47016,-32.07224]]]}},{"type":"Feature","properties":{"OBJECTID":9264043,"PCTID":3033,"PCTName":"Northern Escarpment Sassafras-Prickly Ash Rainforest","vegClass":"Northern Warm Temperate Rainforests","vegForm":"Rainforests"},"geometry":{"type":"Polygon","coordinates":[[[151.51273,-32.07059],[151.51303,-32.07135],[151.51251,-32.07146],[151.51217,-32.07115],[151.51194,-32.07071],[151.51235,-32.07047],[151.51273,-32.07059]]]}},{"type":"Feature","properties":{"OBJECTID":9264068,"PCTID":3201,"PCTName":"Mid North Escarpment Blue Gum Moist Forest","vegClass":"Northern Escarpment Wet Sclerophyll Forests","vegForm":"Wet Sclerophyll Forests (Shrubby sub-formation)"},"geometry":{"type":"Polygon","coordinates":[[[151.42136,-32.07315],[151.42178,-32.07314],[151.42212,-32.07357],[151.4213,-32.07523],[151.42119,-32.07517],[151.42119,-32.07329],[151.42136,-32.07315]]]}},{"type":"Feature","properties":{"OBJECTID":9264074,"PCTID":3033,"PCTName":"Northern Escarpment Sassafras-Prickly Ash Rainforest","vegClass":"Northern Warm Temperate Rainforests","vegForm":"Rainforests"},"geometry":{"type":"Polygon","coordinates":[[[151.43339,-32.07412],[151.43358,-32.07465],[151.434,-32.07459],[151.43396,-32.07491],[151.43273,-32.07464],[151.43227,-32.07501],[151.4323,-32.07456],[151.43163,-32.07486],[151.4321,-32.07376],[151.43243,-32.07392],[151.433,-32.07359],[151.43328,-32.07389],[151.43368,-32.07347],[151.43395,-32.0736],[151.43339,-32.07412]]]}},{"type":"Feature","properties":{"OBJECTID":9264084,"PCTID":3287,"PCTName":"Northern Escarpment Messmate Cool Wet Forest","vegClass":"Northern Tableland Wet Sclerophyll Forests","vegForm":"Wet Sclerophyll Forests (Grassy sub-formation)"},"geometry":{"type":"Polygon","coordinates":[[[151.47893,-32.0726],[151.47929,-32.07227],[151.48003,-32.07229],[151.48007,-32.07197],[151.48102,-32.07193],[151.48115,-32.07233],[151.4818,-32.07258],[151.47977,-32.07347],[151.47902,-32.07318],[151.47893,-32.0726]]]}},{"type":"Feature","properties":{"OBJECTID":9264087,"PCTID":3052,"PCTName":"Northern Escarpment Antarctic Beech Rainforest","vegClass":"Cool Temperate Rainforests","vegForm":"Rainforests"},"geometry":{"type":"Polygon","coordinates":[[[151.47237,-32.07184],[151.47221,-32.0728],[151.47252,-32.07378],[151.47181,-32.07322],[151.47084,-32.07307],[151.47096,-32.07338],[151.4702,-32.07287],[151.47039,-32.07241],[151.4711,-32.07297],[151.47173,-32.07277],[151.47107,-32.07121],[151.47199,-32.07159],[151.47237,-32.07184]]]}},{"type":"Feature","properties":{"OBJECTID":9264093,"PCTID":3100,"PCTName":"Northern Hinterland Baloghia-Dendrocnide Subtropical Rainforest","vegClass":"Subtropical Rainforests","vegForm":"Rainforests"},"geometry":{"type":"Polygon","coordinates":[[[151.45473,-32.07438],[151.45493,-32.0741],[151.45459,-32.07371],[151.45512,-32.07364],[151.45545,-32.07277],[151.45727,-32.07221],[151.45679,-32.072],[151.45709,-32.07177],[151.45819,-32.0724],[151.45813,-32.07344],[151.45761,-32.0736],[151.45759,-32.07432],[151.45473,-32.07438]]]}},{"type":"Feature","properties":{"OBJECTID":9264108,"PCTID":3100,"PCTName":"Northern Hinterland Baloghia-Dendrocnide Subtropical Rainforest","vegClass":"Subtropical Rainforests","vegForm":"Rainforests"},"geometry":{"type":"Polygon","coordinates":[[[151.44581,-32.07317],[151.44671,-32.07318],[151.44685,-32.07282],[151.44728,-32.07285],[151.44704,-32.0734],[151.44754,-32.07374],[151.44714,-32.07425],[151.44791,-32.07481],[151.44667,-32.0744],[151.44631,-32.0746],[151.44618,-32.07523],[151.44528,-32.07518],[151.44555,-32.07435],[151.44553,-32.07399],[151.445,-32.07392],[151.44492,-32.07239],[151.44513,-32.07234],[151.44581,-32.07317]]]}},{"type":"Feature","properties":{"OBJECTID":9264115,"PCTID":3099,"PCTName":"Northern Escarpment Shatterwood Dry Rainforest","vegClass":"Dry Rainforests","vegForm":"Rainforests"},"geometry":{"type":"Polygon","coordinates":[[[151.43254,-32.07501],[151.43305,-32.07571],[151.43247,-32.07578],[151.43217,-32.07515],[151.43236,-32.07474],[151.43333,-32.07489],[151.43254,-32.07501]]]}},{"type":"Feature","properties":{"OBJECTID":9264116,"PCTID":3288,"PCTName":"Northern Escarpment Messmate Moist Grassy Forest","vegClass":"Northern Tableland Wet Sclerophyll Forests","vegForm":"Wet Sclerophyll Forests (Grassy sub-formation)"},"geometry":{"type":"Polygon","coordinates":[[[151.49281,-32.07218],[151.49323,-32.07207],[151.4933,-32.07248],[151.49199,-32.07275],[151.49187,-32.07352],[151.49119,-32.07364],[151.4909,-32.0732],[151.4912,-32.07278],[151.49115,-32.07192],[151.49212,-32.07225],[151.49237,-32.07179],[151.49281,-32.07218]]]}},{"type":"Feature","properties":{"OBJECTID":9264139,"PCTID":3379,"PCTName":"Barrington-Point Lookout Montane Grassy Forest","vegClass":"Subalpine Woodlands","vegForm":"Grassy Woodlands"},"geometry":{"type":"Polygon","coordinates":[[[151.47249,-32.0741],[151.47298,-32.07331],[151.47286,-32.07422],[151.47308,-32.07439],[151.47257,-32.07473],[151.47249,-32.0741]]]}},{"type":"Feature","properties":{"OBJECTID":9264147,"PCTID":3379,"PCTName":"Barrington-Point Lookout Montane Grassy Forest","vegClass":"Subalpine Woodlands","vegForm":"Grassy Woodlands"},"geometry":{"type":"Polygon","coordinates":[[[151.47152,-32.07494],[151.47098,-32.07469],[151.47101,-32.0742],[151.47074,-32.07416],[151.47089,-32.07497],[151.47046,-32.07498],[151.47038,-32.0744],[151.46995,-32.07437],[151.47058,-32.07313],[151.47102,-32.07338],[151.47084,-32.07307],[151.47127,-32.07306],[151.47262,-32.07368],[151.47152,-32.07494]]]}},{"type":"Feature","properties":{"OBJECTID":9264148,"PCTID":3379,"PCTName":"Barrington-Point Lookout Montane Grassy Forest","vegClass":"Subalpine Woodlands","vegForm":"Grassy Woodlands"},"geometry":{"type":"Polygon","coordinates":[[[151.47199,-32.07479],[151.47235,-32.07464],[151.47242,-32.07487],[151.47199,-32.07479]]]}},{"type":"Feature","properties":{"OBJECTID":9264149,"PCTID":3100,"PCTName":"Northern Hinterland Baloghia-Dendrocnide Subtropical Rainforest","vegClass":"Subtropical Rainforests","vegForm":"Rainforests"},"geometry":{"type":"Polygon","coordinates":[[[151.43325,-32.07557],[151.43318,-32.07629],[151.43239,-32.07623],[151.43213,-32.07543],[151.43247,-32.07578],[151.43295,-32.0758],[151.43304,-32.07553],[151.43325,-32.07557]]]}},{"type":"Feature","properties":{"OBJECTID":9264181,"PCTID":3100,"PCTName":"Northern Hinterland Baloghia-Dendrocnide Subtropical Rainforest","vegClass":"Subtropical Rainforests","vegForm":"Rainforests"},"geometry":{"type":"Polygon","coordinates":[[[151.44767,-32.07532],[151.44881,-32.07577],[151.44807,-32.07589],[151.4473,-32.0765],[151.44742,-32.07573],[151.44681,-32.07512],[151.44755,-32.07496],[151.44767,-32.07532]]]}},{"type":"Feature","properties":{"OBJECTID":9264183,"PCTID":3288,"PCTName":"Northern Escarpment Messmate Moist Grassy Forest","vegClass":"Northern Tableland Wet Sclerophyll Forests","vegForm":"Wet Sclerophyll Forests (Grassy sub-formation)"},"geometry":{"type":"Polygon","coordinates":[[[151.44377,-32.07591],[151.44343,-32.07637],[151.44381,-32.07663],[151.44259,-32.07658],[151.44236,-32.07623],[151.4421,-32.07638],[151.44227,-32.07659],[151.43946,-32.07665],[151.43924,-32.07643],[151.43916,-32.07603],[151.43965,-32.07619],[151.4399,-32.07596],[151.43923,-32.07521],[151.44099,-32.07542],[151.44184,-32.07444],[151.44377,-32.07591]]]}},{"type":"Feature","properties":{"OBJECTID":9264192,"PCTID":3287,"PCTName":"Northern Escarpment Messmate Cool Wet Forest","vegClass":"Northern Tableland Wet Sclerophyll Forests","vegForm":"Wet Sclerophyll Forests (Grassy sub-formation)"},"geometry":{"type":"Polygon","coordinates":[[[151.48111,-32.07464],[151.48114,-32.07523],[151.47993,-32.07559],[151.47833,-32.07524],[151.47868,-32.07491],[151.47869,-32.07401],[151.4795,-32.07434],[151.47979,-32.07487],[151.48021,-32.07467],[151.48019,-32.07436],[151.48111,-32.07464]]]}},{"type":"Feature","properties":{"OBJECTID":9264204,"PCTID":3052,"PCTName":"Northern Escarpment Antarctic Beech Rainforest","vegClass":"Cool Temperate Rainforests","vegForm":"Rainforests"},"geometry":{"type":"Polygon","coordinates":[[[151.47587,-32.07592],[151.47518,-32.07599],[151.47446,-32.07547],[151.47585,-32.07564],[151.47587,-32.07592]]]}},{"type":"Feature","properties":{"OBJECTID":9264208,"PCTID":3285,"PCTName":"Lower North Escarpment Blue Gum Grassy Forest","vegClass":"Northern Hinterland Wet Sclerophyll Forests","vegForm":"Wet Sclerophyll Forests (Grassy sub-formation)"},"geometry":{"type":"Polygon","coordinates":[[[151.42146,-32.07518],[151.42153,-32.07549],[151.42119,-32.07544],[151.42119,-32.07519],[151.42146,-32.07518]]]}},{"type":"Feature","properties":{"OBJECTID":9264209,"PCTID":3033,"PCTName":"Northern Escarpment Sassafras-Prickly Ash Rainforest","vegClass":"Northern Warm Temperate Rainforests","vegForm":"Rainforests"},"geometry":{"type":"Polygon","coordinates":[[[151.42153,-32.07549],[151.42129,-32.07496],[151.42185,-32.07449],[151.42192,-32.07372],[151.42269,-32.07337],[151.42176,-32.07277],[151.42182,-32.07187],[151.42224,-32.07163],[151.42267,-32.07066],[151.4229,-32.07106],[151.42331,-32.07078],[151.42303,-32.07043],[151.42347,-32.06982],[151.42306,-32.06997],[151.42298,-32.06957],[151.42344,-32.06924],[151.4235,-32.06815],[151.42412,-32.06799],[151.42374,-32.06774],[151.42372,-32.06728],[151.42408,-32.06709],[151.42379,-32.06669],[151.42432,-32.06659],[151.42413,-32.06605],[151.42465,-32.06572],[151.42473,-32.06526],[151.42533,-32.06551],[151.42514,-32.06592],[151.42553,-32.06632],[151.42519,-32.06705],[151.42548,-32.06745],[151.42591,-32.06766],[151.42653,-32.06732],[151.42829,-32.06865],[151.42798,-32.0688],[151.42816,-32.06911],[151.42731,-32.06905],[151.42696,-32.06961],[151.42607,-32.06973],[151.42603,-32.07009],[151.42536,-32.07034],[151.42498,-32.07022],[151.42395,-32.07098],[151.42437,-32.07182],[151.42422,-32.0721],[151.42521,-32.07175],[151.42574,-32.07268],[151.42587,-32.07213],[151.42666,-32.07201],[151.42758,-32.07234],[151.42691,-32.07178],[151.42792,-32.07174],[151.42794,-32.07224],[151.43012,-32.07238],[151.43045,-32.0726],[151.43056,-32.07359],[151.43108,-32.07443],[151.43088,-32.07475],[151.4303,-32.07481],[151.42969,-32.07429],[151.42814,-32.07413],[151.4286,-32.0747],[151.42902,-32.07468],[151.42909,-32.07513],[151.42985,-32.07546],[151.42976,-32.07565],[151.42726,-32.07556],[151.42692,-32.07507],[151.42619,-32.07532],[151.42552,-32.07476],[151.42498,-32.0755],[151.42418,-32.07544],[151.42358,-32.07619],[151.42179,-32.07657],[151.42187,-32.07706],[151.42119,-32.07731],[151.42119,-32.07732],[151.42119,-32.07544],[151.42153,-32.07549]]]}},{"type":"Feature","properties":{"OBJECTID":9264220,"PCTID":3379,"PCTName":"Barrington-Point Lookout Montane Grassy Forest","vegClass":"Subalpine Woodlands","vegForm":"Grassy Woodlands"},"geometry":{"type":"Polygon","coordinates":[[[151.47532,-32.07566],[151.47457,-32.07538],[151.47447,-32.0756],[151.47518,-32.07599],[151.47587,-32.07601],[151.47387,-32.0763],[151.47358,-32.07582],[151.47384,-32.07572],[151.4736,-32.07514],[151.47377,-32.07428],[151.47423,-32.07403],[151.47411,-32.0748],[151.4746,-32.07492],[151.47505,-32.07441],[151.47491,-32.07374],[151.47538,-32.07372],[151.47573,-32.07321],[151.47642,-32.07328],[151.47651,-32.07399],[151.47682,-32.0738],[151.47705,-32.07411],[151.47814,-32.07357],[151.47851,-32.07473],[151.47801,-32.07525],[151.47839,-32.07542],[151.47792,-32.07557],[151.47769,-32.07526],[151.47694,-32.0752],[151.47669,-32.07548],[151.47532,-32.07566]]]}},{"type":"Feature","properties":{"OBJECTID":9264223,"PCTID":3288,"PCTName":"Northern Escarpment Messmate Moist Grassy Forest","vegClass":"Northern Tableland Wet Sclerophyll Forests","vegForm":"Wet Sclerophyll Forests (Grassy sub-formation)"},"geometry":{"type":"Polygon","coordinates":[[[151.49129,-32.07562],[151.49066,-32.07578],[151.49053,-32.07542],[151.49001,-32.07549],[151.4913,-32.0749],[151.49129,-32.07562]]]}},{"type":"Feature","properties":{"OBJECTID":9264242,"PCTID":3033,"PCTName":"Northern Escarpment Sassafras-Prickly Ash Rainforest","vegClass":"Northern Warm Temperate Rainforests","vegForm":"Rainforests"},"geometry":{"type":"Polygon","coordinates":[[[151.4246,-32.07764],[151.42494,-32.07686],[151.42572,-32.07765],[151.42568,-32.07692],[151.42613,-32.07641],[151.42637,-32.07685],[151.4269,-32.07679],[151.42719,-32.07737],[151.42662,-32.0777],[151.42679,-32.07792],[151.42584,-32.07805],[151.42534,-32.07847],[151.4246,-32.07764]]]}},{"type":"Feature","properties":{"OBJECTID":9264247,"PCTID":3052,"PCTName":"Northern Escarpment Antarctic Beech Rainforest","vegClass":"Cool Temperate Rainforests","vegForm":"Rainforests"},"geometry":{"type":"Polygon","coordinates":[[[151.48035,-32.07643],[151.47982,-32.07649],[151.48043,-32.07597],[151.48035,-32.07643]]]}},{"type":"Feature","properties":{"OBJECTID":9264249,"PCTID":3033,"PCTName":"Northern Escarpment Sassafras-Prickly Ash Rainforest","vegClass":"Northern Warm Temperate Rainforests","vegForm":"Rainforests"},"geometry":{"type":"Polygon","coordinates":[[[151.43063,-32.07711],[151.43005,-32.07735],[151.42931,-32.07837],[151.42878,-32.07848],[151.42839,-32.07805],[151.42951,-32.07715],[151.43051,-32.07688],[151.43063,-32.07711]]]}},{"type":"Feature","properties":{"OBJECTID":9264252,"PCTID":3033,"PCTName":"Northern Escarpment Sassafras-Prickly Ash Rainforest","vegClass":"Northern Warm Temperate Rainforests","vegForm":"Rainforests"},"geometry":{"type":"Polygon","coordinates":[[[151.45708,-32.07678],[151.45757,-32.07608],[151.45755,-32.07554],[151.45835,-32.0756],[151.45879,-32.076],[151.45946,-32.07552],[151.46069,-32.07588],[151.45951,-32.07665],[151.45959,-32.07714],[151.45915,-32.07693],[151.45723,-32.07759],[151.45708,-32.07678]]]}},{"type":"Feature","properties":{"OBJECTID":9264277,"PCTID":3201,"PCTName":"Mid North Escarpment Blue Gum Moist Forest","vegClass":"Northern Escarpment Wet Sclerophyll Forests","vegForm":"Wet Sclerophyll Forests (Shrubby sub-formation)"},"geometry":{"type":"Polygon","coordinates":[[[151.42504,-32.07902],[151.42442,-32.07918],[151.42466,-32.07768],[151.42534,-32.07847],[151.42504,-32.07902]]]}},{"type":"Feature","properties":{"OBJECTID":9264278,"PCTID":3052,"PCTName":"Northern Escarpment Antarctic Beech Rainforest","vegClass":"Cool Temperate Rainforests","vegForm":"Rainforests"},"geometry":{"type":"Polygon","coordinates":[[[151.47588,-32.07727],[151.4753,-32.07729],[151.47544,-32.07701],[151.47588,-32.07727]]]}},{"type":"Feature","properties":{"OBJECTID":9264296,"PCTID":3099,"PCTName":"Northern Escarpment Shatterwood Dry Rainforest","vegClass":"Dry Rainforests","vegForm":"Rainforests"},"geometry":{"type":"Polygon","coordinates":[[[151.49238,-32.07725],[151.49193,-32.07677],[151.4933,-32.07659],[151.49238,-32.07725]]]}},{"type":"Feature","properties":{"OBJECTID":9264302,"PCTID":3285,"PCTName":"Lower North Escarpment Blue Gum Grassy Forest","vegClass":"Northern Hinterland Wet Sclerophyll Forests","vegForm":"Wet Sclerophyll Forests (Grassy sub-formation)"},"geometry":{"type":"Polygon","coordinates":[[[151.42119,-32.07731],[151.42187,-32.07706],[151.42179,-32.07657],[151.42358,-32.07619],[151.42418,-32.07544],[151.42498,-32.0755],[151.42536,-32.07585],[151.4254,-32.07666],[151.42469,-32.07723],[151.42465,-32.07863],[151.4243,-32.07892],[151.42447,-32.07923],[151.42514,-32.07889],[151.42547,-32.07905],[151.4249,-32.07926],[151.42477,-32.0798],[151.42417,-32.07964],[151.42431,-32.07923],[151.42403,-32.07897],[151.42307,-32.07887],[151.42305,-32.07946],[151.42269,-32.07965],[151.42191,-32.07891],[151.42124,-32.0793],[151.42119,-32.07927],[151.42119,-32.07732],[151.42119,-32.07731]]]}},{"type":"Feature","properties":{"OBJECTID":9264304,"PCTID":3287,"PCTName":"Northern Escarpment Messmate Cool Wet Forest","vegClass":"Northern Tableland Wet Sclerophyll Forests","vegForm":"Wet Sclerophyll Forests (Grassy sub-formation)"},"geometry":{"type":"Polygon","coordinates":[[[151.47742,-32.07622],[151.47853,-32.07618],[151.47796,-32.07647],[151.47829,-32.07668],[151.47821,-32.07709],[151.47766,-32.07684],[151.47807,-32.07746],[151.47744,-32.07766],[151.47735,-32.07807],[151.47531,-32.07756],[151.47378,-32.07775],[151.47424,-32.07742],[151.47416,-32.07679],[151.4748,-32.07677],[151.47387,-32.0763],[151.47434,-32.07606],[151.47556,-32.07615],[151.47595,-32.07551],[151.47669,-32.07548],[151.47742,-32.07622]],[[151.4753,-32.07729],[151.47588,-32.07727],[151.47544,-32.07701],[151.4753,-32.07729]]]}},{"type":"Feature","properties":{"OBJECTID":9264310,"PCTID":3033,"PCTName":"Northern Escarpment Sassafras-Prickly Ash Rainforest","vegClass":"Northern Warm Temperate Rainforests","vegForm":"Rainforests"},"geometry":{"type":"Polygon","coordinates":[[[151.42949,-32.07882],[151.42935,-32.07909],[151.4297,-32.07976],[151.42912,-32.07987],[151.42855,-32.07903],[151.42812,-32.079],[151.42821,-32.07868],[151.42884,-32.07853],[151.42949,-32.07882]]]}},{"type":"Feature","properties":{"OBJECTID":9264311,"PCTID":3033,"PCTName":"Northern Escarpment Sassafras-Prickly Ash Rainforest","vegClass":"Northern Warm Temperate Rainforests","vegForm":"Rainforests"},"geometry":{"type":"Polygon","coordinates":[[[151.43408,-32.07929],[151.43358,-32.07885],[151.43256,-32.07866],[151.43284,-32.07797],[151.43243,-32.07718],[151.43305,-32.07675],[151.43379,-32.07677],[151.43381,-32.07717],[151.43468,-32.0775],[151.43448,-32.07792],[151.43343,-32.07809],[151.43435,-32.07833],[151.43487,-32.07813],[151.43442,-32.07878],[151.43395,-32.07879],[151.43429,-32.07932],[151.43399,-32.07974],[151.43408,-32.07929]]]}},{"type":"Feature","properties":{"OBJECTID":9264316,"PCTID":3288,"PCTName":"Northern Escarpment Messmate Moist Grassy Forest","vegClass":"Northern Tableland Wet Sclerophyll Forests","vegForm":"Wet Sclerophyll Forests (Grassy sub-formation)"},"geometry":{"type":"Polygon","coordinates":[[[151.44475,-32.07732],[151.44459,-32.07841],[151.44311,-32.07846],[151.44272,-32.07811],[151.44221,-32.07849],[151.4412,-32.07853],[151.4414,-32.07929],[151.44046,-32.07964],[151.44002,-32.07939],[151.4394,-32.07968],[151.43914,-32.0787],[151.43857,-32.0789],[151.43828,-32.07859],[151.43858,-32.07822],[151.43901,-32.07825],[151.44006,-32.07902],[151.43975,-32.07827],[151.44026,-32.0778],[151.4427,-32.07771],[151.44294,-32.07725],[151.44412,-32.07761],[151.44405,-32.07725],[151.44437,-32.0772],[151.44475,-32.07732]]]}},{"type":"Feature","properties":{"OBJECTID":9264322,"PCTID":3099,"PCTName":"Northern Escarpment Shatterwood Dry Rainforest","vegClass":"Dry Rainforests","vegForm":"Rainforests"},"geometry":{"type":"Polygon","coordinates":[[[151.49641,-32.07724],[151.49677,-32.077],[151.497,-32.07731],[151.49665,-32.07773],[151.49641,-32.07724]]]}},{"type":"Feature","properties":{"OBJECTID":9264327,"PCTID":3288,"PCTName":"Northern Escarpment Messmate Moist Grassy Forest","vegClass":"Northern Tableland Wet Sclerophyll Forests","vegForm":"Wet Sclerophyll Forests (Grassy sub-formation)"},"geometry":{"type":"Polygon","coordinates":[[[151.49703,-32.07383],[151.49722,-32.0745],[151.49655,-32.0748],[151.49664,-32.07452],[151.49632,-32.0744],[151.49609,-32.07508],[151.49652,-32.07516],[151.49426,-32.07673],[151.49429,-32.07723],[151.49393,-32.07756],[151.49257,-32.07792],[151.49192,-32.07759],[151.49366,-32.07644],[151.49389,-32.07566],[151.49455,-32.07514],[151.49548,-32.07452],[151.49616,-32.07449],[151.49727,-32.07324],[151.49754,-32.07341],[151.49703,-32.07383]]]}},{"type":"Feature","properties":{"OBJECTID":9264334,"PCTID":3288,"PCTName":"Northern Escarpment Messmate Moist Grassy Forest","vegClass":"Northern Tableland Wet Sclerophyll Forests","vegForm":"Wet Sclerophyll Forests (Grassy sub-formation)"},"geometry":{"type":"Polygon","coordinates":[[[151.44392,-32.07992],[151.44374,-32.07939],[151.44332,-32.07949],[151.44344,-32.07994],[151.44275,-32.07983],[151.44335,-32.07908],[151.44458,-32.07927],[151.44392,-32.07992]]]}},{"type":"Feature","properties":{"OBJECTID":9264340,"PCTID":3288,"PCTName":"Northern Escarpment Messmate Moist Grassy Forest","vegClass":"Northern Tableland Wet Sclerophyll Forests","vegForm":"Wet Sclerophyll Forests (Grassy sub-formation)"},"geometry":{"type":"Polygon","coordinates":[[[151.44647,-32.07997],[151.44589,-32.07904],[151.44631,-32.07884],[151.44746,-32.07952],[151.44747,-32.07979],[151.44647,-32.07997]]]}},{"type":"Feature","properties":{"OBJECTID":9264350,"PCTID":3287,"PCTName":"Northern Escarpment Messmate Cool Wet Forest","vegClass":"Northern Tableland Wet Sclerophyll Forests","vegForm":"Wet Sclerophyll Forests (Grassy sub-formation)"},"geometry":{"type":"Polygon","coordinates":[[[151.44277,-32.08028],[151.44251,-32.08038],[151.44247,-32.07957],[151.44279,-32.0796],[151.44277,-32.08028]]]}},{"type":"Feature","properties":{"OBJECTID":9264351,"PCTID":3207,"PCTName":"Northern Escarpment Layered Blackbutt Fern Forest","vegClass":"Northern Escarpment Wet Sclerophyll Forests","vegForm":"Wet Sclerophyll Forests (Shrubby sub-formation)"},"geometry":{"type":"Polygon","coordinates":[[[151.44463,-32.0803],[151.44514,-32.07988],[151.44557,-32.08004],[151.44463,-32.0803]]]}},{"type":"Feature","properties":{"OBJECTID":9264355,"PCTID":3099,"PCTName":"Northern Escarpment Shatterwood Dry Rainforest","vegClass":"Dry Rainforests","vegForm":"Rainforests"},"geometry":{"type":"Polygon","coordinates":[[[151.49536,-32.07845],[151.49488,-32.07847],[151.49543,-32.07786],[151.49617,-32.0777],[151.49536,-32.07845]]]}},{"type":"Feature","properties":{"OBJECTID":9264359,"PCTID":3288,"PCTName":"Northern Escarpment Messmate Moist Grassy Forest","vegClass":"Northern Tableland Wet Sclerophyll Forests","vegForm":"Wet Sclerophyll Forests (Grassy sub-formation)"},"geometry":{"type":"Polygon","coordinates":[[[151.49123,-32.07874],[151.49194,-32.07804],[151.49179,-32.07827],[151.49123,-32.07874]]]}},{"type":"Feature","properties":{"OBJECTID":9264361,"PCTID":3032,"PCTName":"Northern Escarpment Sassafras-Booyong-Corkwood Rainforest","vegClass":"Northern Warm Temperate Rainforests","vegForm":"Rainforests"},"geometry":{"type":"Polygon","coordinates":[[[151.50081,-32.07609],[151.50097,-32.07721],[151.50043,-32.078],[151.50055,-32.0784],[151.49996,-32.07824],[151.5004,-32.0775],[151.49948,-32.07713],[151.49955,-32.07636],[151.49886,-32.07643],[151.49893,-32.07683],[151.49815,-32.07713],[151.4975,-32.07567],[151.49827,-32.07523],[151.49813,-32.07564],[151.49865,-32.0754],[151.49888,-32.07575],[151.49857,-32.07594],[151.49869,-32.07621],[151.49963,-32.07586],[151.50081,-32.07609]]]}},{"type":"Feature","properties":{"OBJECTID":9264362,"PCTID":3288,"PCTName":"Northern Escarpment Messmate Moist Grassy Forest","vegClass":"Northern Tableland Wet Sclerophyll Forests","vegForm":"Wet Sclerophyll Forests (Grassy sub-formation)"},"geometry":{"type":"Polygon","coordinates":[[[151.47384,-32.07572],[151.47358,-32.07582],[151.47387,-32.07635],[151.4748,-32.07677],[151.47416,-32.07679],[151.47424,-32.07742],[151.47378,-32.07775],[151.47531,-32.07756],[151.47538,-32.07787],[151.4763,-32.07825],[151.47622,-32.07879],[151.47656,-32.07919],[151.47588,-32.07935],[151.47373,-32.0787],[151.47337,-32.07899],[151.47292,-32.0786],[151.47279,-32.07914],[151.47217,-32.07939],[151.47236,-32.07573],[151.47276,-32.07535],[151.47257,-32.07473],[151.47308,-32.07439],[151.47286,-32.07417],[151.47312,-32.07303],[151.47386,-32.07296],[151.47405,-32.07363],[151.47329,-32.0742],[151.47367,-32.0745],[151.47364,-32.07487],[151.47384,-32.07572]]]}},{"type":"Feature","properties":{"OBJECTID":9264366,"PCTID":3201,"PCTName":"Mid North Escarpment Blue Gum Moist Forest","vegClass":"Northern Escarpment Wet Sclerophyll Forests","vegForm":"Wet Sclerophyll Forests (Shrubby sub-formation)"},"geometry":{"type":"Polygon","coordinates":[[[151.42124,-32.0793],[151.42191,-32.07891],[151.42226,-32.07949],[151.42124,-32.08034],[151.42119,-32.08034],[151.42119,-32.07927],[151.42124,-32.0793]]]}},{"type":"Feature","properties":{"OBJECTID":9264371,"PCTID":3033,"PCTName":"Northern Escarpment Sassafras-Prickly Ash Rainforest","vegClass":"Northern Warm Temperate Rainforests","vegForm":"Rainforests"},"geometry":{"type":"Polygon","coordinates":[[[151.47196,-32.07954],[151.47207,-32.07949],[151.47213,-32.07962],[151.47196,-32.07954]]]}},{"type":"Feature","properties":{"OBJECTID":9264387,"PCTID":3033,"PCTName":"Northern Escarpment Sassafras-Prickly Ash Rainforest","vegClass":"Northern Warm Temperate Rainforests","vegForm":"Rainforests"},"geometry":{"type":"Polygon","coordinates":[[[151.47217,-32.07939],[151.47264,-32.07928],[151.47288,-32.07982],[151.47235,-32.07988],[151.47217,-32.07939]]]}},{"type":"Feature","properties":{"OBJECTID":9264392,"PCTID":3207,"PCTName":"Northern Escarpment Layered Blackbutt Fern Forest","vegClass":"Northern Escarpment Wet Sclerophyll Forests","vegForm":"Wet Sclerophyll Forests (Shrubby sub-formation)"},"geometry":{"type":"Polygon","coordinates":[[[151.44424,-32.08095],[151.44337,-32.08066],[151.44313,-32.08117],[151.44287,-32.08113],[151.44284,-32.08055],[151.44315,-32.08036],[151.44401,-32.0806],[151.44424,-32.08095]]]}},{"type":"Feature","properties":{"OBJECTID":9264408,"PCTID":3033,"PCTName":"Northern Escarpment Sassafras-Prickly Ash Rainforest","vegClass":"Northern Warm Temperate Rainforests","vegForm":"Rainforests"},"geometry":{"type":"Polygon","coordinates":[[[151.45861,-32.08097],[151.45873,-32.08002],[151.4575,-32.07993],[151.45738,-32.07952],[151.45775,-32.07951],[151.45745,-32.07893],[151.45833,-32.07854],[151.45922,-32.07923],[151.45981,-32.07844],[151.46222,-32.07772],[151.46203,-32.07719],[151.46261,-32.07708],[151.46285,-32.07666],[151.46343,-32.07646],[151.46397,-32.07666],[151.46415,-32.07607],[151.46489,-32.076],[151.46477,-32.07564],[151.46573,-32.07583],[151.46671,-32.07521],[151.46678,-32.07561],[151.46687,-32.07529],[151.46729,-32.07523],[151.46765,-32.074],[151.46868,-32.07442],[151.46828,-32.07479],[151.46847,-32.07537],[151.46811,-32.0757],[151.46909,-32.07612],[151.46858,-32.07668],[151.46882,-32.07712],[151.46813,-32.07719],[151.46789,-32.07666],[151.46736,-32.0765],[151.46685,-32.0771],[151.46595,-32.07709],[151.46607,-32.0774],[151.46498,-32.07771],[151.46469,-32.07831],[151.46416,-32.07833],[151.46449,-32.07863],[151.46511,-32.07834],[151.46614,-32.07871],[151.4661,-32.07898],[151.46541,-32.07887],[151.4656,-32.0795],[151.46686,-32.07922],[151.46762,-32.0796],[151.46875,-32.07884],[151.46842,-32.07863],[151.4691,-32.07851],[151.46913,-32.07806],[151.46855,-32.07812],[151.46854,-32.07785],[151.4697,-32.07768],[151.47024,-32.07797],[151.47016,-32.07838],[151.46952,-32.0784],[151.46977,-32.07921],[151.46884,-32.07974],[151.46866,-32.0802],[151.46793,-32.08054],[151.46729,-32.08038],[151.46704,-32.08075],[151.46532,-32.08041],[151.46374,-32.0806],[151.46409,-32.08009],[151.46331,-32.08048],[151.46109,-32.08052],[151.45861,-32.08097]]]}},{"type":"Feature","properties":{"OBJECTID":9264409,"PCTID":3288,"PCTName":"Northern Escarpment Messmate Moist Grassy Forest","vegClass":"Northern Tableland Wet Sclerophyll Forests","vegForm":"Wet Sclerophyll Forests (Grassy sub-formation)"},"geometry":{"type":"Polygon","coordinates":[[[151.49769,-32.0795],[151.4975,-32.07883],[151.49687,-32.07894],[151.49679,-32.07858],[151.49618,-32.07892],[151.49584,-32.07862],[151.49646,-32.07832],[151.497,-32.07731],[151.49676,-32.07682],[151.49736,-32.07608],[151.49763,-32.07616],[151.49744,-32.07666],[151.49784,-32.07728],[151.49716,-32.07744],[151.49742,-32.07833],[151.49712,-32.07871],[151.49765,-32.07864],[151.49807,-32.07957],[151.49769,-32.0795]]]}},{"type":"Feature","properties":{"OBJECTID":9264413,"PCTID":3285,"PCTName":"Lower North Escarpment Blue Gum Grassy Forest","vegClass":"Northern Hinterland Wet Sclerophyll Forests","vegForm":"Wet Sclerophyll Forests (Grassy sub-formation)"},"geometry":{"type":"Polygon","coordinates":[[[151.4532,-32.07986],[151.4525,-32.08074],[151.4514,-32.08092],[151.45074,-32.08153],[151.45151,-32.07992],[151.45314,-32.07963],[151.45337,-32.07895],[151.4552,-32.07942],[151.4532,-32.07986]]]}},{"type":"Feature","properties":{"OBJECTID":9264415,"PCTID":3031,"PCTName":"Northern Escarpment Coachwood-Beech Rainforest","vegClass":"Northern Warm Temperate Rainforests","vegForm":"Rainforests"},"geometry":{"type":"Polygon","coordinates":[[[151.49506,-32.07987],[151.49472,-32.07952],[151.49583,-32.07943],[151.49601,-32.07983],[151.4958,-32.07993],[151.49506,-32.07987]]]}},{"type":"Feature","properties":{"OBJECTID":9264417,"PCTID":3285,"PCTName":"Lower North Escarpment Blue Gum Grassy Forest","vegClass":"Northern Hinterland Wet Sclerophyll Forests","vegForm":"Wet Sclerophyll Forests (Grassy sub-formation)"},"geometry":{"type":"Polygon","coordinates":[[[151.48253,-32.07978],[151.48298,-32.07927],[151.48281,-32.079],[151.48412,-32.07972],[151.48294,-32.08044],[151.48129,-32.08032],[151.48253,-32.07978]]]}},{"type":"Feature","properties":{"OBJECTID":9264419,"PCTID":3287,"PCTName":"Northern Escarpment Messmate Cool Wet Forest","vegClass":"Northern Tableland Wet Sclerophyll Forests","vegForm":"Wet Sclerophyll Forests (Grassy sub-formation)"},"geometry":{"type":"Polygon","coordinates":[[[151.48045,-32.08054],[151.48014,-32.08064],[151.47979,-32.08006],[151.48043,-32.08017],[151.48045,-32.08054]]]}},{"type":"Feature","properties":{"OBJECTID":9264422,"PCTID":3032,"PCTName":"Northern Escarpment Sassafras-Booyong-Corkwood Rainforest","vegClass":"Northern Warm Temperate Rainforests","vegForm":"Rainforests"},"geometry":{"type":"Polygon","coordinates":[[[151.51348,-32.07702],[151.51356,-32.07756],[151.51411,-32.0779],[151.51353,-32.0781],[151.51361,-32.07851],[151.51296,-32.07821],[151.51325,-32.07884],[151.51284,-32.07912],[151.5121,-32.07906],[151.5118,-32.07957],[151.51138,-32.0785],[151.51033,-32.07872],[151.51026,-32.0784],[151.51082,-32.07793],[151.51157,-32.07799],[151.51095,-32.07738],[151.51104,-32.07697],[151.51066,-32.07681],[151.51107,-32.07652],[151.51099,-32.07607],[151.51267,-32.07682],[151.51348,-32.07702]]]}},{"type":"Feature","properties":{"OBJECTID":9264424,"PCTID":3052,"PCTName":"Northern Escarpment Antarctic Beech Rainforest","vegClass":"Cool Temperate Rainforests","vegForm":"Rainforests"},"geometry":{"type":"Polygon","coordinates":[[[151.43596,-32.07443],[151.43582,-32.07493],[151.43651,-32.07482],[151.43627,-32.0755],[151.43696,-32.07543],[151.43742,-32.07605],[151.43728,-32.07646],[151.43648,-32.07635],[151.4366,-32.07666],[151.43629,-32.07686],[151.43702,-32.07769],[151.4364,-32.07812],[151.43773,-32.07816],[151.43745,-32.07894],[151.43672,-32.0791],[151.43679,-32.07937],[151.43773,-32.07924],[151.43791,-32.07955],[151.4386,-32.07966],[151.43874,-32.0793],[151.43902,-32.07942],[151.43899,-32.08001],[151.43931,-32.08009],[151.43919,-32.08073],[151.43881,-32.08056],[151.43784,-32.08127],[151.4395,-32.08162],[151.4391,-32.08226],[151.43718,-32.08188],[151.43607,-32.08201],[151.43589,-32.08161],[151.43526,-32.08173],[151.43498,-32.08142],[151.43469,-32.08193],[151.43441,-32.0818],[151.43454,-32.08121],[151.43497,-32.08129],[151.43563,-32.08076],[151.434,-32.07997],[151.43428,-32.07919],[151.4339,-32.07889],[151.43442,-32.07878],[151.43487,-32.07813],[151.43344,-32.07827],[151.43358,-32.07795],[151.43448,-32.07792],[151.43468,-32.0775],[151.43381,-32.07717],[151.43379,-32.07677],[151.4331,-32.07679],[151.43325,-32.07557],[151.43254,-32.07501],[151.43401,-32.07486],[151.43339,-32.07412],[151.434,-32.07355],[151.43491,-32.07361],[151.43535,-32.07395],[151.43596,-32.07443]]]}},{"type":"Feature","properties":{"OBJECTID":9264428,"PCTID":3052,"PCTName":"Northern Escarpment Antarctic Beech Rainforest","vegClass":"Cool Temperate Rainforests","vegForm":"Rainforests"},"geometry":{"type":"Polygon","coordinates":[[[151.43314,-32.08171],[151.43275,-32.08254],[151.43277,-32.08173],[151.43231,-32.0812],[151.43357,-32.08079],[151.43412,-32.08123],[151.43405,-32.08186],[151.43314,-32.08171]]]}},{"type":"Feature","properties":{"OBJECTID":9264435,"PCTID":3033,"PCTName":"Northern Escarpment Sassafras-Prickly Ash Rainforest","vegClass":"Northern Warm Temperate Rainforests","vegForm":"Rainforests"},"geometry":{"type":"Polygon","coordinates":[[[151.4982,-32.08016],[151.49709,-32.08015],[151.49717,-32.07979],[151.49801,-32.07962],[151.4982,-32.08016]]]}},{"type":"Feature","properties":{"OBJECTID":9264437,"PCTID":3099,"PCTName":"Northern Escarpment Shatterwood Dry Rainforest","vegClass":"Dry Rainforests","vegForm":"Rainforests"},"geometry":{"type":"Polygon","coordinates":[[[151.49625,-32.08041],[151.49593,-32.08033],[151.49589,-32.07947],[151.49551,-32.07931],[151.49615,-32.07946],[151.49602,-32.07902],[151.49685,-32.07858],[151.49687,-32.07894],[151.49772,-32.079],[151.4978,-32.07958],[151.49625,-32.08041]]]}},{"type":"Feature","properties":{"OBJECTID":9264442,"PCTID":3033,"PCTName":"Northern Escarpment Sassafras-Prickly Ash Rainforest","vegClass":"Northern Warm Temperate Rainforests","vegForm":"Rainforests"},"geometry":{"type":"Polygon","coordinates":[[[151.44929,-32.08226],[151.44865,-32.08214],[151.44863,-32.08187],[151.449,-32.08182],[151.44929,-32.08226]]]}},{"type":"Feature","properties":{"OBJECTID":9264443,"PCTID":3288,"PCTName":"Northern Escarpment Messmate Moist Grassy Forest","vegClass":"Northern Tableland Wet Sclerophyll Forests","vegForm":"Wet Sclerophyll Forests (Grassy sub-formation)"},"geometry":{"type":"Polygon","coordinates":[[[151.48999,-32.08037],[151.49003,-32.08009],[151.49062,-32.0803],[151.49098,-32.08001],[151.49142,-32.08036],[151.49118,-32.08082],[151.49054,-32.08071],[151.48999,-32.08037]]]}},{"type":"Feature","properties":{"OBJECTID":9264450,"PCTID":3033,"PCTName":"Northern Escarpment Sassafras-Prickly Ash Rainforest","vegClass":"Northern Warm Temperate Rainforests","vegForm":"Rainforests"},"geometry":{"type":"Polygon","coordinates":[[[151.45246,-32.05771],[151.45209,-32.05777],[151.45229,-32.05844],[151.45168,-32.05909],[151.45294,-32.05977],[151.45335,-32.05962],[151.45301,-32.05909],[151.45338,-32.05898],[151.45382,-32.05937],[151.45364,-32.05897],[151.45415,-32.0585],[151.45365,-32.05821],[151.45368,-32.05757],[151.45429,-32.05705],[151.45441,-32.05741],[151.45531,-32.05742],[151.45529,-32.05797],[151.45577,-32.05808],[151.45558,-32.05845],[151.45586,-32.0588],[151.45681,-32.05877],[151.45721,-32.05934],[151.45844,-32.05844],[151.45825,-32.05777],[151.45912,-32.05819],[151.45924,-32.05746],[151.45988,-32.05748],[151.46021,-32.05783],[151.46009,-32.05851],[151.46159,-32.05882],[151.46204,-32.05935],[151.46223,-32.05884],[151.46137,-32.05874],[151.4609,-32.0579],[151.46156,-32.05824],[151.46224,-32.05803],[151.46215,-32.05839],[151.46269,-32.05856],[151.4624,-32.05915],[151.46294,-32.05936],[151.46275,-32.05977],[151.46303,-32.06003],[151.46541,-32.05986],[151.46585,-32.06029],[151.46556,-32.0608],[151.46589,-32.06106],[151.46542,-32.06112],[151.46534,-32.06176],[151.46507,-32.06168],[151.46499,-32.06109],[151.46445,-32.06093],[151.4641,-32.06139],[151.46337,-32.06151],[151.46345,-32.06219],[151.46258,-32.06177],[151.46196,-32.06192],[151.46224,-32.06237],[151.46098,-32.0625],[151.46136,-32.0628],[151.46188,-32.06247],[151.46236,-32.06358],[151.4629,-32.06388],[151.46337,-32.06363],[151.46318,-32.0631],[151.46395,-32.06357],[151.46611,-32.06331],[151.46613,-32.06371],[151.46708,-32.06354],[151.46798,-32.0646],[151.46921,-32.06482],[151.46892,-32.06542],[151.46849,-32.06525],[151.46823,-32.06549],[151.46838,-32.06625],[151.46876,-32.06651],[151.46869,-32.06723],[151.46924,-32.06762],[151.46939,-32.06847],[151.46852,-32.0681],[151.46763,-32.06818],[151.4693,-32.06884],[151.46878,-32.06895],[151.469,-32.06912],[151.46875,-32.0694],[151.46848,-32.06941],[151.46857,-32.06909],[151.46816,-32.06924],[151.46851,-32.07],[151.46803,-32.06979],[151.46745,-32.06999],[151.46744,-32.07085],[151.46707,-32.07091],[151.46695,-32.07055],[151.46554,-32.06988],[151.46528,-32.07011],[151.46462,-32.06964],[151.46298,-32.0697],[151.46093,-32.06887],[151.45984,-32.06941],[151.45913,-32.06898],[151.45665,-32.06925],[151.45672,-32.06957],[151.45752,-32.06972],[151.45819,-32.07042],[151.46094,-32.07131],[151.46182,-32.07092],[151.46206,-32.07131],[151.46251,-32.07094],[151.46347,-32.0709],[151.46467,-32.07163],[151.46556,-32.07146],[151.46601,-32.07189],[151.46522,-32.0721],[151.46562,-32.07263],[151.46537,-32.07287],[151.4655,-32.07336],[151.46481,-32.07343],[151.46494,-32.07491],[151.46364,-32.07442],[151.4638,-32.07541],[151.46359,-32.0755],[151.46299,-32.07521],[151.46294,-32.07413],[151.46211,-32.07456],[151.46134,-32.07405],[151.45999,-32.07451],[151.45965,-32.0752],[151.45876,-32.07437],[151.45759,-32.07437],[151.45746,-32.07388],[151.45776,-32.07341],[151.45813,-32.07344],[151.45819,-32.0724],[151.45677,-32.07178],[151.45732,-32.07216],[151.45545,-32.07277],[151.45512,-32.07364],[151.45459,-32.07371],[151.45493,-32.07415],[151.45357,-32.07456],[151.45375,-32.07487],[151.45328,-32.07507],[151.45237,-32.07704],[151.4521,-32.07701],[151.45224,-32.07659],[151.45191,-32.07629],[151.45146,-32.0768],[151.45174,-32.07715],[151.44957,-32.07615],[151.44888,-32.07622],[151.44886,-32.0769],[151.44794,-32.07652],[151.44827,-32.07773],[151.44871,-32.07808],[151.4494,-32.07805],[151.44933,-32.07774],[151.44982,-32.07795],[151.44984,-32.07835],[151.44922,-32.07874],[151.44976,-32.07899],[151.44964,-32.07859],[151.45012,-32.07861],[151.44982,-32.07917],[151.44912,-32.07883],[151.44854,-32.07903],[151.44987,-32.07998],[151.44941,-32.08045],[151.44965,-32.08098],[151.44821,-32.08076],[151.44823,-32.08013],[151.44753,-32.07993],[151.44746,-32.07952],[151.44631,-32.07884],[151.44589,-32.07904],[151.44597,-32.07949],[151.44564,-32.07923],[151.44421,-32.07937],[151.44345,-32.07908],[151.44247,-32.07957],[151.4424,-32.08029],[151.44295,-32.08064],[151.44287,-32.08113],[151.44313,-32.08117],[151.44337,-32.08066],[151.44424,-32.08095],[151.444,-32.08051],[151.44557,-32.08004],[151.44592,-32.08057],[151.44638,-32.08038],[151.44742,-32.08101],[151.44756,-32.08155],[151.44671,-32.08158],[151.44631,-32.08214],[151.44517,-32.08259],[151.44385,-32.08282],[151.44281,-32.08218],[151.44246,-32.08151],[151.44163,-32.08181],[151.43991,-32.08138],[151.43795,-32.0814],[151.43881,-32.08056],[151.43919,-32.08073],[151.43931,-32.08009],[151.43899,-32.08001],[151.4389,-32.07929],[151.4386,-32.07966],[151.43791,-32.07955],[151.43773,-32.07924],[151.43679,-32.07937],[151.43672,-32.0791],[151.43745,-32.07894],[151.43773,-32.07816],[151.4364,-32.07812],[151.43702,-32.07769],[151.43629,-32.07686],[151.4366,-32.07666],[151.43648,-32.07635],[151.43728,-32.07646],[151.43742,-32.07605],[151.43696,-32.07543],[151.43627,-32.0755],[151.43651,-32.07482],[151.43582,-32.07493],[151.43596,-32.07443],[151.4353,-32.07409],[151.43571,-32.07376],[151.43552,-32.07318],[151.43636,-32.07288],[151.43675,-32.07228],[151.43697,-32.07254],[151.4366,-32.07355],[151.43688,-32.07376],[151.43739,-32.07338],[151.43794,-32.07391],[151.43797,-32.07336],[151.43898,-32.07333],[151.43918,-32.0721],[151.43976,-32.07199],[151.43948,-32.07164],[151.43961,-32.07105],[151.43922,-32.07074],[151.43834,-32.07114],[151.43716,-32.071],[151.43707,-32.07132],[151.43517,-32.07148],[151.43495,-32.07126],[151.43711,-32.071],[151.43605,-32.07095],[151.43569,-32.07024],[151.43649,-32.07035],[151.43678,-32.0707],[151.43712,-32.07019],[151.43761,-32.07044],[151.43817,-32.06997],[151.43951,-32.0701],[151.43942,-32.06938],[151.43892,-32.06895],[151.43937,-32.06839],[151.43749,-32.06796],[151.43684,-32.06658],[151.43624,-32.06629],[151.43592,-32.0663],[151.43593,-32.06657],[151.43664,-32.06682],[151.43671,-32.06727],[151.43587,-32.06743],[151.43559,-32.06713],[151.4355,-32.06641],[151.43637,-32.0657],[151.43518,-32.0652],[151.435,-32.06475],[151.43628,-32.06502],[151.43642,-32.06461],[151.4361,-32.06458],[151.43603,-32.06422],[151.43563,-32.06464],[151.43508,-32.06425],[151.43496,-32.0629],[151.43523,-32.06208],[151.43599,-32.06232],[151.43601,-32.06165],[151.43702,-32.06166],[151.43669,-32.06149],[151.43683,-32.06112],[151.43717,-32.0616],[151.43742,-32.06128],[151.43863,-32.06223],[151.43877,-32.06182],[151.43822,-32.06143],[151.43841,-32.06097],[151.4396,-32.06147],[151.43996,-32.0611],[151.43984,-32.06083],[151.44021,-32.06082],[151.44039,-32.06135],[151.44077,-32.06143],[151.44087,-32.0603],[151.44118,-32.06001],[151.44076,-32.05922],[151.44144,-32.05996],[151.44222,-32.05975],[151.44245,-32.05997],[151.44206,-32.06066],[151.44148,-32.06077],[151.44191,-32.06193],[151.44274,-32.06054],[151.44306,-32.06049],[151.44297,-32.06099],[151.44335,-32.06111],[151.44378,-32.06015],[151.44443,-32.0603],[151.44461,-32.06179],[151.44425,-32.06203],[151.44465,-32.06264],[151.44408,-32.06293],[151.44358,-32.06246],[151.44307,-32.06284],[151.44195,-32.0627],[151.44256,-32.06335],[151.44203,-32.06324],[151.44167,-32.06356],[151.44171,-32.06438],[151.44066,-32.06554],[151.44064,-32.06622],[151.44113,-32.06656],[151.44091,-32.06739],[151.44145,-32.06764],[151.44143,-32.06719],[151.44184,-32.06699],[151.44207,-32.06626],[151.44302,-32.06609],[151.44263,-32.06579],[151.44282,-32.06537],[151.44255,-32.06516],[151.44263,-32.06479],[151.44316,-32.06477],[151.44318,-32.0641],[151.44496,-32.06358],[151.4451,-32.06321],[151.44537,-32.0632],[151.44538,-32.06356],[151.44596,-32.0635],[151.44604,-32.06295],[151.44631,-32.06303],[151.44671,-32.06248],[151.44709,-32.06265],[151.44711,-32.06301],[151.44753,-32.0629],[151.44818,-32.06333],[151.44842,-32.06382],[151.44779,-32.06402],[151.44729,-32.06462],[151.44745,-32.06561],[151.44654,-32.06659],[151.44663,-32.06736],[151.44719,-32.06784],[151.44723,-32.06869],[151.44894,-32.0689],[151.44887,-32.06854],[151.44929,-32.06844],[151.44932,-32.06812],[151.44916,-32.06691],[151.45006,-32.06692],[151.44917,-32.06609],[151.44958,-32.06581],[151.44944,-32.06518],[151.44977,-32.06539],[151.44999,-32.0666],[151.45053,-32.06668],[151.45035,-32.06637],[151.45061,-32.06631],[151.45048,-32.06573],[151.44994,-32.06566],[151.44996,-32.06498],[151.44915,-32.06465],[151.44891,-32.06402],[151.44911,-32.06375],[151.45006,-32.06475],[151.45057,-32.06442],[151.45022,-32.06384],[151.45117,-32.06372],[151.45087,-32.063],[151.4501,-32.06339],[151.45007,-32.0629],[151.45071,-32.06297],[151.45093,-32.06205],[151.4506,-32.06189],[151.45039,-32.06076],[151.45014,-32.06104],[151.44921,-32.06049],[151.44811,-32.06076],[151.44737,-32.05979],[151.44693,-32.06048],[151.44655,-32.06032],[151.44641,-32.05969],[151.44665,-32.05927],[151.44787,-32.05909],[151.44789,-32.0586],[151.44933,-32.05872],[151.45026,-32.05928],[151.45044,-32.05868],[151.44996,-32.05852],[151.45077,-32.05786],[151.4505,-32.05669],[151.4512,-32.05694],[151.45138,-32.05734],[151.45174,-32.05697],[151.45222,-32.05717],[151.45246,-32.05771]],[[151.43622,-32.06281],[151.43646,-32.06434],[151.43691,-32.06374],[151.43669,-32.06257],[151.43622,-32.06281]],[[151.43719,-32.06201],[151.43753,-32.0624],[151.43684,-32.06247],[151.43686,-32.0627],[151.43798,-32.06284],[151.43739,-32.06169],[151.43719,-32.06201]],[[151.45541,-32.07092],[151.45527,-32.07129],[151.45632,-32.07125],[151.45709,-32.07172],[151.45793,-32.0716],[151.45723,-32.07126],[151.45703,-32.0705],[151.45665,-32.07029],[151.45541,-32.07092]],[[151.43984,-32.0714],[151.44023,-32.07179],[151.44058,-32.07151],[151.44014,-32.07116],[151.43984,-32.0714]],[[151.44492,-32.07239],[151.445,-32.07392],[151.44553,-32.07399],[151.44555,-32.07435],[151.44528,-32.07518],[151.44618,-32.07523],[151.44631,-32.0746],[151.44667,-32.0744],[151.44791,-32.07481],[151.44714,-32.07425],[151.44754,-32.07374],[151.44704,-32.0734],[151.44728,-32.07285],[151.44685,-32.07282],[151.44671,-32.07318],[151.44581,-32.07317],[151.44513,-32.07234],[151.44492,-32.07239]],[[151.44681,-32.07512],[151.44742,-32.07573],[151.4473,-32.0765],[151.44807,-32.07589],[151.44881,-32.07577],[151.44767,-32.07532],[151.44755,-32.07496],[151.44681,-32.07512]],[[151.44099,-32.07542],[151.43923,-32.07521],[151.4399,-32.07596],[151.43965,-32.07619],[151.43916,-32.07603],[151.43924,-32.07643],[151.43946,-32.07665],[151.44227,-32.07659],[151.4421,-32.07638],[151.44236,-32.07623],[151.44259,-32.07658],[151.44381,-32.07663],[151.44343,-32.07637],[151.44377,-32.07591],[151.44184,-32.07444],[151.44099,-32.07542]],[[151.44405,-32.07725],[151.44412,-32.07761],[151.44294,-32.07725],[151.4427,-32.07771],[151.44026,-32.0778],[151.43975,-32.07827],[151.44006,-32.07902],[151.43901,-32.07825],[151.43858,-32.07822],[151.43828,-32.07859],[151.43857,-32.0789],[151.43914,-32.0787],[151.4394,-32.07968],[151.44002,-32.07939],[151.44046,-32.07964],[151.4414,-32.07929],[151.4412,-32.07853],[151.44221,-32.07849],[151.44272,-32.07811],[151.44311,-32.07846],[151.44459,-32.07841],[151.44475,-32.07732],[151.44437,-32.0772],[151.44405,-32.07725]]]}},{"type":"Feature","properties":{"OBJECTID":9264451,"PCTID":3207,"PCTName":"Northern Escarpment Layered Blackbutt Fern Forest","vegClass":"Northern Escarpment Wet Sclerophyll Forests","vegForm":"Wet Sclerophyll Forests (Shrubby sub-formation)"},"geometry":{"type":"Polygon","coordinates":[[[151.48298,-32.07927],[151.48253,-32.07978],[151.48102,-32.08033],[151.48129,-32.08141],[151.48014,-32.08082],[151.48053,-32.08013],[151.48031,-32.07991],[151.48133,-32.08005],[151.48158,-32.07991],[151.48155,-32.07919],[151.48213,-32.07916],[151.48259,-32.07874],[151.48286,-32.079],[151.48298,-32.07927]]]}},{"type":"Feature","properties":{"OBJECTID":9264453,"PCTID":3100,"PCTName":"Northern Hinterland Baloghia-Dendrocnide Subtropical Rainforest","vegClass":"Subtropical Rainforests","vegForm":"Rainforests"},"geometry":{"type":"Polygon","coordinates":[[[151.5121,-32.07906],[151.51284,-32.07912],[151.51325,-32.07884],[151.51296,-32.07821],[151.51361,-32.07851],[151.51369,-32.07801],[151.51467,-32.07851],[151.51501,-32.07791],[151.51502,-32.07818],[151.51561,-32.0783],[151.51587,-32.07915],[151.51462,-32.07869],[151.51466,-32.07946],[151.51408,-32.07953],[151.51401,-32.08016],[151.51317,-32.08033],[151.51244,-32.07959],[151.51191,-32.07952],[151.5121,-32.07906]]]}},{"type":"Feature","properties":{"OBJECTID":9264458,"PCTID":3287,"PCTName":"Northern Escarpment Messmate Cool Wet Forest","vegClass":"Northern Tableland Wet Sclerophyll Forests","vegForm":"Wet Sclerophyll Forests (Grassy sub-formation)"},"geometry":{"type":"Polygon","coordinates":[[[151.44233,-32.08201],[151.44175,-32.08217],[151.44205,-32.08279],[151.44084,-32.08306],[151.44061,-32.08271],[151.44014,-32.08281],[151.44033,-32.08236],[151.44001,-32.08228],[151.44035,-32.08168],[151.43934,-32.08162],[151.43927,-32.0814],[151.44194,-32.08176],[151.44233,-32.08201]]]}},{"type":"Feature","properties":{"OBJECTID":9264459,"PCTID":3032,"PCTName":"Northern Escarpment Sassafras-Booyong-Corkwood Rainforest","vegClass":"Northern Warm Temperate Rainforests","vegForm":"Rainforests"},"geometry":{"type":"Polygon","coordinates":[[[151.48886,-32.08109],[151.48845,-32.08137],[151.48828,-32.08111],[151.48863,-32.08073],[151.48886,-32.08109]]]}},{"type":"Feature","properties":{"OBJECTID":9264461,"PCTID":3031,"PCTName":"Northern Escarpment Coachwood-Beech Rainforest","vegClass":"Northern Warm Temperate Rainforests","vegForm":"Rainforests"},"geometry":{"type":"Polygon","coordinates":[[[151.47912,-32.08144],[151.47892,-32.08181],[151.47807,-32.08076],[151.47878,-32.08118],[151.47912,-32.08144]]]}},{"type":"Feature","properties":{"OBJECTID":9264463,"PCTID":3032,"PCTName":"Northern Escarpment Sassafras-Booyong-Corkwood Rainforest","vegClass":"Northern Warm Temperate Rainforests","vegForm":"Rainforests"},"geometry":{"type":"Polygon","coordinates":[[[151.5003,-32.07981],[151.49964,-32.08028],[151.50005,-32.08108],[151.49939,-32.08056],[151.49958,-32.08011],[151.49915,-32.08003],[151.49907,-32.07954],[151.49855,-32.07965],[151.49846,-32.08006],[151.49803,-32.07989],[151.49801,-32.07958],[151.49884,-32.07923],[151.49944,-32.07943],[151.49941,-32.07885],[151.49977,-32.07861],[151.50035,-32.07868],[151.5003,-32.07981]]]}},{"type":"Feature","properties":{"OBJECTID":9264469,"PCTID":3379,"PCTName":"Barrington-Point Lookout Montane Grassy Forest","vegClass":"Subalpine Woodlands","vegForm":"Grassy Woodlands"},"geometry":{"type":"Polygon","coordinates":[[[151.47404,-32.08172],[151.47405,-32.08208],[151.47363,-32.08205],[151.47365,-32.08151],[151.47408,-32.08154],[151.4734,-32.0807],[151.47427,-32.08112],[151.47526,-32.08072],[151.47591,-32.08093],[151.47576,-32.0812],[151.47533,-32.08108],[151.4753,-32.08154],[151.47476,-32.08138],[151.47452,-32.08179],[151.47404,-32.08172]]]}},{"type":"Feature","properties":{"OBJECTID":9264484,"PCTID":3285,"PCTName":"Lower North Escarpment Blue Gum Grassy Forest","vegClass":"Northern Hinterland Wet Sclerophyll Forests","vegForm":"Wet Sclerophyll Forests (Grassy sub-formation)"},"geometry":{"type":"Polygon","coordinates":[[[151.44647,-32.07997],[151.44731,-32.07975],[151.44823,-32.08013],[151.44803,-32.0805],[151.44864,-32.08084],[151.44873,-32.0816],[151.44938,-32.08185],[151.44968,-32.0826],[151.44847,-32.08292],[151.44861,-32.08242],[151.44801,-32.08221],[151.44804,-32.0828],[151.44724,-32.08265],[151.44705,-32.08302],[151.44548,-32.08352],[151.44319,-32.08329],[151.44268,-32.08376],[151.44225,-32.08364],[151.44242,-32.08287],[151.44194,-32.0827],[151.44176,-32.08226],[151.44233,-32.08215],[151.44199,-32.08157],[151.44246,-32.08151],[151.44281,-32.08218],[151.44385,-32.08282],[151.44631,-32.08214],[151.44671,-32.08158],[151.44761,-32.0815],[151.44731,-32.08093],[151.44638,-32.08038],[151.44592,-32.08057],[151.4454,-32.07987],[151.44396,-32.08064],[151.4432,-32.08035],[151.44273,-32.08051],[151.44275,-32.07987],[151.44344,-32.07994],[151.44352,-32.07939],[151.44379,-32.07943],[151.44387,-32.07992],[151.44473,-32.07922],[151.44602,-32.07944],[151.44647,-32.07997]],[[151.44863,-32.08187],[151.44865,-32.08214],[151.44929,-32.08226],[151.449,-32.08182],[151.44863,-32.08187]]]}},{"type":"Feature","properties":{"OBJECTID":9264486,"PCTID":3033,"PCTName":"Northern Escarpment Sassafras-Prickly Ash Rainforest","vegClass":"Northern Warm Temperate Rainforests","vegForm":"Rainforests"},"geometry":{"type":"Polygon","coordinates":[[[151.49175,-32.08057],[151.49342,-32.08101],[151.49338,-32.08133],[151.49215,-32.08119],[151.49245,-32.08181],[151.49204,-32.08205],[151.49155,-32.0818],[151.49076,-32.08201],[151.48961,-32.08124],[151.49008,-32.08113],[151.49047,-32.08143],[151.49018,-32.08099],[151.49061,-32.08111],[151.49054,-32.08071],[151.49102,-32.08087],[151.49143,-32.08045],[151.49076,-32.07984],[151.49129,-32.07996],[151.49175,-32.08057]]]}},{"type":"Feature","properties":{"OBJECTID":9264491,"PCTID":3033,"PCTName":"Northern Escarpment Sassafras-Prickly Ash Rainforest","vegClass":"Northern Warm Temperate Rainforests","vegForm":"Rainforests"},"geometry":{"type":"Polygon","coordinates":[[[151.42235,-32.08463],[151.42144,-32.08448],[151.42138,-32.08421],[151.42174,-32.08407],[151.42235,-32.08463]]]}},{"type":"Feature","properties":{"OBJECTID":9264497,"PCTID":3052,"PCTName":"Northern Escarpment Antarctic Beech Rainforest","vegClass":"Cool Temperate Rainforests","vegForm":"Rainforests"},"geometry":{"type":"Polygon","coordinates":[[[151.43636,-32.08358],[151.43696,-32.08383],[151.43792,-32.08294],[151.43968,-32.08319],[151.43932,-32.08334],[151.43934,-32.08388],[151.43848,-32.0836],[151.43861,-32.08409],[151.43698,-32.08442],[151.43636,-32.08358]]]}},{"type":"Feature","properties":{"OBJECTID":9264500,"PCTID":3287,"PCTName":"Northern Escarpment Messmate Cool Wet Forest","vegClass":"Northern Tableland Wet Sclerophyll Forests","vegForm":"Wet Sclerophyll Forests (Grassy sub-formation)"},"geometry":{"type":"Polygon","coordinates":[[[151.48125,-32.08177],[151.48051,-32.0818],[151.48033,-32.08248],[151.47967,-32.08291],[151.47924,-32.08279],[151.47915,-32.08311],[151.47823,-32.08283],[151.47788,-32.08316],[151.477,-32.08265],[151.47704,-32.08238],[151.47768,-32.08244],[151.47775,-32.08167],[151.47836,-32.08115],[151.47887,-32.08181],[151.47912,-32.08153],[151.47889,-32.08113],[151.48108,-32.08142],[151.48125,-32.08177]]]}},{"type":"Feature","properties":{"OBJECTID":9264502,"PCTID":3285,"PCTName":"Lower North Escarpment Blue Gum Grassy Forest","vegClass":"Northern Hinterland Wet Sclerophyll Forests","vegForm":"Wet Sclerophyll Forests (Grassy sub-formation)"},"geometry":{"type":"Polygon","coordinates":[[[151.48431,-32.08234],[151.48433,-32.08288],[151.48306,-32.08288],[151.48299,-32.08261],[151.48372,-32.08227],[151.48431,-32.08234]]]}},{"type":"Feature","properties":{"OBJECTID":9264504,"PCTID":3033,"PCTName":"Northern Escarpment Sassafras-Prickly Ash Rainforest","vegClass":"Northern Warm Temperate Rainforests","vegForm":"Rainforests"},"geometry":{"type":"Polygon","coordinates":[[[151.47924,-32.08279],[151.47967,-32.08291],[151.48012,-32.08249],[151.48071,-32.08247],[151.47984,-32.08322],[151.47925,-32.08302],[151.47924,-32.08279]]]}},{"type":"Feature","properties":{"OBJECTID":9264511,"PCTID":3033,"PCTName":"Northern Escarpment Sassafras-Prickly Ash Rainforest","vegClass":"Northern Warm Temperate Rainforests","vegForm":"Rainforests"},"geometry":{"type":"Polygon","coordinates":[[[151.46899,-32.08362],[151.46897,-32.08321],[151.46926,-32.08374],[151.46899,-32.08362]]]}},{"type":"Feature","properties":{"OBJECTID":9264514,"PCTID":3285,"PCTName":"Lower North Escarpment Blue Gum Grassy Forest","vegClass":"Northern Hinterland Wet Sclerophyll Forests","vegForm":"Wet Sclerophyll Forests (Grassy sub-formation)"},"geometry":{"type":"Polygon","coordinates":[[[151.45627,-32.08187],[151.45586,-32.08215],[151.45485,-32.08215],[151.45561,-32.08239],[151.45562,-32.0827],[151.45376,-32.08259],[151.45367,-32.08287],[151.45405,-32.08312],[151.45357,-32.083],[151.45327,-32.08333],[151.45349,-32.08359],[151.45327,-32.08451],[151.45306,-32.08438],[151.45324,-32.08378],[151.45248,-32.08354],[151.45258,-32.08327],[151.45175,-32.08262],[151.45214,-32.08197],[151.45347,-32.08197],[151.45387,-32.08159],[151.45425,-32.08176],[151.45411,-32.08217],[151.45495,-32.08187],[151.45509,-32.08146],[151.45624,-32.08128],[151.45627,-32.08187]]]}},{"type":"Feature","properties":{"OBJECTID":9264520,"PCTID":3285,"PCTName":"Lower North Escarpment Blue Gum Grassy Forest","vegClass":"Northern Hinterland Wet Sclerophyll Forests","vegForm":"Wet Sclerophyll Forests (Grassy sub-formation)"},"geometry":{"type":"Polygon","coordinates":[[[151.48146,-32.08271],[151.48279,-32.0818],[151.4839,-32.08167],[151.48261,-32.08231],[151.48264,-32.08303],[151.4832,-32.08355],[151.48278,-32.08357],[151.4827,-32.08316],[151.48153,-32.08312],[151.48146,-32.08271]]]}},{"type":"Feature","properties":{"OBJECTID":9264522,"PCTID":3207,"PCTName":"Northern Escarpment Layered Blackbutt Fern Forest","vegClass":"Northern Escarpment Wet Sclerophyll Forests","vegForm":"Wet Sclerophyll Forests (Shrubby sub-formation)"},"geometry":{"type":"Polygon","coordinates":[[[151.48146,-32.08271],[151.48166,-32.08361],[151.47927,-32.08356],[151.47907,-32.08379],[151.47869,-32.08349],[151.47893,-32.08307],[151.47984,-32.08322],[151.48014,-32.0828],[151.48041,-32.08289],[151.48071,-32.0826],[151.48028,-32.08244],[151.48051,-32.0818],[151.48158,-32.08198],[151.48203,-32.08147],[151.48243,-32.08204],[151.48146,-32.08271]]]}},{"type":"Feature","properties":{"OBJECTID":9264527,"PCTID":3033,"PCTName":"Northern Escarpment Sassafras-Prickly Ash Rainforest","vegClass":"Northern Warm Temperate Rainforests","vegForm":"Rainforests"},"geometry":{"type":"Polygon","coordinates":[[[151.42124,-32.08034],[151.4222,-32.07949],[151.42279,-32.07965],[151.42307,-32.07887],[151.42414,-32.07901],[151.42417,-32.07964],[151.42477,-32.0798],[151.42518,-32.07956],[151.42556,-32.07973],[151.42632,-32.07911],[151.42681,-32.07941],[151.42738,-32.07903],[151.42751,-32.07853],[151.42783,-32.07856],[151.42746,-32.07952],[151.42802,-32.0791],[151.42884,-32.07965],[151.42805,-32.07964],[151.42811,-32.07986],[151.42953,-32.08062],[151.42885,-32.08087],[151.42739,-32.08029],[151.42714,-32.08062],[151.42765,-32.08119],[151.42593,-32.08089],[151.42586,-32.08148],[151.42634,-32.08169],[151.42606,-32.08228],[151.42676,-32.08258],[151.42656,-32.0829],[151.42581,-32.08265],[151.42536,-32.0833],[151.42539,-32.08389],[151.42486,-32.08382],[151.42529,-32.08493],[151.4242,-32.08547],[151.42468,-32.08559],[151.42443,-32.08587],[151.42237,-32.08499],[151.42255,-32.08431],[151.42222,-32.08414],[151.42231,-32.08368],[151.42193,-32.08356],[151.42194,-32.08275],[151.42293,-32.0824],[151.42264,-32.08178],[151.42292,-32.08118],[151.42176,-32.08131],[151.42165,-32.08109],[151.42216,-32.08066],[151.42164,-32.08091],[151.42135,-32.08042],[151.42119,-32.08049],[151.42119,-32.08035],[151.42124,-32.08034]]]}},{"type":"Feature","properties":{"OBJECTID":9264530,"PCTID":3287,"PCTName":"Northern Escarpment Messmate Cool Wet Forest","vegClass":"Northern Tableland Wet Sclerophyll Forests","vegForm":"Wet Sclerophyll Forests (Grassy sub-formation)"},"geometry":{"type":"Polygon","coordinates":[[[151.50111,-32.08321],[151.50063,-32.08305],[151.50016,-32.08329],[151.49997,-32.08253],[151.50027,-32.08229],[151.50072,-32.08277],[151.50124,-32.08253],[151.5013,-32.08275],[151.50111,-32.08321]]]}},{"type":"Feature","properties":{"OBJECTID":9264536,"PCTID":3033,"PCTName":"Northern Escarpment Sassafras-Prickly Ash Rainforest","vegClass":"Northern Warm Temperate Rainforests","vegForm":"Rainforests"},"geometry":{"type":"Polygon","coordinates":[[[151.50027,-32.08229],[151.49968,-32.08222],[151.4995,-32.08282],[151.50001,-32.08334],[151.49959,-32.08345],[151.49891,-32.0827],[151.49906,-32.08238],[151.49845,-32.08195],[151.4988,-32.08158],[151.49848,-32.08146],[151.49834,-32.08087],[151.499,-32.08017],[151.49846,-32.08006],[151.49855,-32.07965],[151.49913,-32.07958],[151.49915,-32.08003],[151.49958,-32.08011],[151.49939,-32.08056],[151.50005,-32.08108],[151.50027,-32.08229]]]}},{"type":"Feature","properties":{"OBJECTID":9264537,"PCTID":3032,"PCTName":"Northern Escarpment Sassafras-Booyong-Corkwood Rainforest","vegClass":"Northern Warm Temperate Rainforests","vegForm":"Rainforests"},"geometry":{"type":"Polygon","coordinates":[[[151.50016,-32.08329],[151.50064,-32.08336],[151.50017,-32.08347],[151.4995,-32.08282],[151.49974,-32.08218],[151.5,-32.08212],[151.50001,-32.08244],[151.50016,-32.08329]]]}},{"type":"Feature","properties":{"OBJECTID":9264541,"PCTID":3033,"PCTName":"Northern Escarpment Sassafras-Prickly Ash Rainforest","vegClass":"Northern Warm Temperate Rainforests","vegForm":"Rainforests"},"geometry":{"type":"Polygon","coordinates":[[[151.50214,-32.08349],[151.50043,-32.08324],[151.50122,-32.08316],[151.5013,-32.08275],[151.50178,-32.08269],[151.50176,-32.08233],[151.50235,-32.08253],[151.50231,-32.08281],[151.50194,-32.08273],[151.50202,-32.08322],[151.50264,-32.08306],[151.50214,-32.08349]]]}},{"type":"Feature","properties":{"OBJECTID":9264543,"PCTID":3032,"PCTName":"Northern Escarpment Sassafras-Booyong-Corkwood Rainforest","vegClass":"Northern Warm Temperate Rainforests","vegForm":"Rainforests"},"geometry":{"type":"Polygon","coordinates":[[[151.51123,-32.08284],[151.51163,-32.08246],[151.51244,-32.08275],[151.51188,-32.08318],[151.51145,-32.08306],[151.51123,-32.08284]]]}},{"type":"Feature","properties":{"OBJECTID":9264546,"PCTID":3033,"PCTName":"Northern Escarpment Sassafras-Prickly Ash Rainforest","vegClass":"Northern Warm Temperate Rainforests","vegForm":"Rainforests"},"geometry":{"type":"Polygon","coordinates":[[[151.50002,-32.08366],[151.50001,-32.08339],[151.50017,-32.08347],[151.50002,-32.08366]]]}},{"type":"Feature","properties":{"OBJECTID":9264548,"PCTID":3285,"PCTName":"Lower North Escarpment Blue Gum Grassy Forest","vegClass":"Northern Hinterland Wet Sclerophyll Forests","vegForm":"Wet Sclerophyll Forests (Grassy sub-formation)"},"geometry":{"type":"Polygon","coordinates":[[[151.45114,-32.08422],[151.45105,-32.08459],[151.45153,-32.0847],[151.4514,-32.08521],[151.44977,-32.08549],[151.44944,-32.08528],[151.44971,-32.08536],[151.4498,-32.08504],[151.44937,-32.08501],[151.44929,-32.08537],[151.44877,-32.08557],[151.44875,-32.08535],[151.44698,-32.08496],[151.4489,-32.08503],[151.44936,-32.08469],[151.44601,-32.08463],[151.44624,-32.08386],[151.44731,-32.08395],[151.44912,-32.08308],[151.4491,-32.08281],[151.45013,-32.08317],[151.45114,-32.08422]]]}},{"type":"Feature","properties":{"OBJECTID":9264556,"PCTID":3100,"PCTName":"Northern Hinterland Baloghia-Dendrocnide Subtropical Rainforest","vegClass":"Subtropical Rainforests","vegForm":"Rainforests"},"geometry":{"type":"Polygon","coordinates":[[[151.51294,-32.08305],[151.51279,-32.08337],[151.51242,-32.08329],[151.51251,-32.08293],[151.51294,-32.08305]]]}},{"type":"Feature","properties":{"OBJECTID":9264558,"PCTID":3354,"PCTName":"Liverpool Range Box-Silvertop Stringybark Forest","vegClass":"New England Grassy Woodlands","vegForm":"Grassy Woodlands"},"geometry":{"type":"Polygon","coordinates":[[[151.45797,-32.08406],[151.45774,-32.08475],[151.45694,-32.08469],[151.45645,-32.08538],[151.45501,-32.08535],[151.455,-32.08508],[151.45623,-32.08413],[151.45739,-32.08404],[151.45864,-32.0835],[151.45965,-32.08369],[151.45797,-32.08406]]]}},{"type":"Feature","properties":{"OBJECTID":9264563,"PCTID":3201,"PCTName":"Mid North Escarpment Blue Gum Moist Forest","vegClass":"Northern Escarpment Wet Sclerophyll Forests","vegForm":"Wet Sclerophyll Forests (Shrubby sub-formation)"},"geometry":{"type":"Polygon","coordinates":[[[151.45063,-32.08564],[151.4504,-32.08533],[151.45124,-32.08521],[151.45158,-32.0857],[151.45063,-32.08564]]]}},{"type":"Feature","properties":{"OBJECTID":9264570,"PCTID":3031,"PCTName":"Northern Escarpment Coachwood-Beech Rainforest","vegClass":"Northern Warm Temperate Rainforests","vegForm":"Rainforests"},"geometry":{"type":"Polygon","coordinates":[[[151.49516,-32.08393],[151.49527,-32.08419],[151.49284,-32.08424],[151.49335,-32.08386],[151.49516,-32.08393]]]}},{"type":"Feature","properties":{"OBJECTID":9264577,"PCTID":3052,"PCTName":"Northern Escarpment Antarctic Beech Rainforest","vegClass":"Cool Temperate Rainforests","vegForm":"Rainforests"},"geometry":{"type":"Polygon","coordinates":[[[151.48928,-32.05153],[151.4886,-32.05178],[151.48876,-32.05286],[151.48985,-32.05345],[151.49063,-32.0532],[151.49119,-32.05381],[151.49089,-32.05418],[151.49166,-32.05474],[151.49174,-32.05528],[151.49089,-32.05509],[151.4905,-32.05582],[151.49088,-32.05698],[151.49198,-32.05776],[151.49051,-32.05822],[151.49088,-32.0592],[151.4912,-32.05923],[151.49113,-32.06086],[151.48986,-32.06095],[151.48961,-32.06128],[151.49008,-32.06126],[151.49097,-32.0619],[151.49133,-32.06081],[151.49285,-32.06034],[151.49322,-32.06132],[151.49358,-32.06118],[151.49386,-32.06148],[151.49351,-32.06195],[151.49402,-32.06247],[151.4938,-32.06338],[151.49488,-32.06379],[151.49474,-32.0642],[151.4938,-32.06446],[151.49414,-32.0649],[151.49379,-32.06532],[151.49266,-32.06509],[151.49221,-32.06552],[151.49211,-32.06457],[151.49167,-32.06427],[151.49075,-32.06507],[151.49082,-32.06539],[151.49046,-32.06545],[151.49027,-32.06487],[151.4894,-32.06454],[151.48966,-32.06435],[151.48946,-32.06363],[151.48843,-32.06322],[151.48781,-32.06355],[151.48702,-32.0625],[151.48715,-32.06191],[151.48639,-32.06162],[151.48683,-32.06187],[151.48697,-32.0625],[151.48644,-32.06266],[151.48651,-32.06302],[151.48577,-32.06309],[151.48574,-32.06354],[151.48474,-32.06362],[151.48519,-32.06419],[151.48495,-32.06452],[151.48399,-32.06451],[151.48455,-32.06503],[151.48589,-32.0653],[151.48538,-32.06572],[151.48466,-32.06521],[151.4847,-32.06597],[151.48422,-32.06594],[151.48456,-32.06638],[151.48427,-32.06685],[151.48474,-32.06787],[151.48397,-32.06731],[151.48417,-32.06694],[151.48262,-32.06682],[151.48319,-32.06765],[151.48373,-32.06781],[151.48353,-32.06809],[151.48262,-32.06781],[151.48237,-32.06818],[151.48219,-32.06769],[151.48132,-32.06732],[151.481,-32.06823],[151.48134,-32.06876],[151.48033,-32.0688],[151.48073,-32.06919],[151.48041,-32.06934],[151.48049,-32.06974],[151.47936,-32.06937],[151.4797,-32.06986],[151.48023,-32.06993],[151.48014,-32.07029],[151.47982,-32.07022],[151.4797,-32.0709],[151.4803,-32.07128],[151.47872,-32.07143],[151.47885,-32.07188],[151.47939,-32.07213],[151.47893,-32.0726],[151.47917,-32.07308],[151.4785,-32.07347],[151.4801,-32.07355],[151.47991,-32.07405],[151.48021,-32.07467],[151.47979,-32.07487],[151.4795,-32.07434],[151.47869,-32.07401],[151.47868,-32.07491],[151.47833,-32.07524],[151.48063,-32.0757],[151.47959,-32.0761],[151.47961,-32.07646],[151.47855,-32.07645],[151.47901,-32.07725],[151.47873,-32.07793],[151.47891,-32.07833],[151.47947,-32.078],[151.4797,-32.07839],[151.47908,-32.0786],[151.47795,-32.07832],[151.47775,-32.07969],[151.47692,-32.07994],[151.47757,-32.08023],[151.47761,-32.08105],[151.47831,-32.0812],[151.47775,-32.08167],[151.47768,-32.08244],[151.477,-32.08256],[151.47771,-32.08303],[151.47719,-32.08323],[151.47802,-32.08401],[151.47786,-32.08497],[151.47604,-32.08472],[151.47565,-32.08423],[151.4749,-32.08413],[151.47415,-32.08289],[151.47357,-32.08309],[151.47354,-32.08341],[151.47367,-32.08399],[151.47427,-32.08424],[151.47429,-32.08469],[151.47333,-32.08459],[151.47346,-32.08404],[151.47244,-32.08381],[151.47243,-32.08358],[151.47307,-32.08351],[151.47328,-32.08251],[151.47449,-32.08224],[151.47476,-32.08138],[151.4753,-32.08154],[151.47533,-32.08108],[151.47576,-32.0812],[151.47591,-32.08093],[151.47526,-32.08072],[151.47427,-32.08112],[151.47243,-32.08033],[151.47235,-32.07988],[151.47288,-32.07982],[151.47259,-32.07929],[151.47273,-32.07888],[151.47298,-32.07859],[151.47337,-32.07899],[151.47373,-32.0787],[151.47625,-32.07938],[151.47656,-32.07919],[151.47622,-32.07879],[151.4763,-32.07825],[151.47532,-32.07765],[151.47735,-32.07807],[151.47744,-32.07766],[151.47807,-32.07746],[151.47766,-32.07684],[151.47821,-32.07709],[151.47829,-32.07668],[151.47796,-32.07647],[151.47854,-32.07631],[151.47821,-32.07606],[151.47742,-32.07622],[151.47665,-32.07571],[151.47694,-32.0752],[151.47769,-32.07526],[151.47792,-32.07557],[151.47839,-32.07542],[151.47801,-32.07525],[151.47851,-32.07473],[151.47814,-32.07357],[151.47705,-32.07411],[151.47682,-32.0738],[151.47651,-32.07399],[151.47642,-32.07328],[151.47573,-32.07321],[151.47538,-32.07372],[151.47491,-32.07374],[151.47505,-32.07441],[151.4748,-32.07478],[151.47411,-32.0748],[151.4743,-32.07421],[151.47407,-32.07399],[151.47348,-32.07487],[151.47367,-32.0745],[151.47333,-32.07402],[151.47401,-32.07372],[151.47397,-32.07305],[151.47312,-32.07303],[151.47277,-32.0735],[151.47242,-32.07283],[151.47259,-32.07197],[151.47209,-32.07145],[151.47243,-32.07094],[151.47279,-32.07074],[151.47366,-32.07112],[151.47366,-32.07003],[151.4744,-32.06992],[151.47437,-32.07037],[151.47462,-32.07018],[151.47427,-32.06947],[151.47344,-32.06977],[151.47383,-32.06926],[151.47371,-32.06899],[151.47418,-32.06884],[151.47447,-32.06815],[151.47506,-32.06827],[151.47534,-32.06753],[151.47623,-32.06737],[151.47555,-32.06649],[151.47387,-32.06574],[151.47426,-32.06504],[151.47401,-32.06424],[151.47436,-32.06391],[151.474,-32.06311],[151.47436,-32.06278],[151.47351,-32.06186],[151.4736,-32.06145],[151.47413,-32.06153],[151.47416,-32.06207],[151.47465,-32.06236],[151.475,-32.0619],[151.47548,-32.06193],[151.47496,-32.06222],[151.47535,-32.06243],[151.47538,-32.06306],[151.47496,-32.06321],[151.47498,-32.06353],[151.47542,-32.06387],[151.47454,-32.06431],[151.47445,-32.06468],[151.47519,-32.0656],[151.47593,-32.06557],[151.47601,-32.06516],[151.4768,-32.06495],[151.47758,-32.06569],[151.47755,-32.0661],[151.47878,-32.06628],[151.47901,-32.06668],[151.47894,-32.06641],[151.47971,-32.06588],[151.47979,-32.06434],[151.47909,-32.0641],[151.47878,-32.06312],[151.47785,-32.06256],[151.47804,-32.0622],[151.4786,-32.06281],[151.47922,-32.06247],[151.48003,-32.0628],[151.48051,-32.06274],[151.48075,-32.06228],[151.48113,-32.06244],[151.48154,-32.06121],[151.48126,-32.05977],[151.48217,-32.06001],[151.48216,-32.06074],[151.48322,-32.06074],[151.48325,-32.06137],[151.48451,-32.06119],[151.48458,-32.06051],[151.48636,-32.06094],[151.48687,-32.06065],[151.48632,-32.06022],[151.48605,-32.0591],[151.48625,-32.05887],[151.48575,-32.05835],[151.48467,-32.05802],[151.48404,-32.05714],[151.48346,-32.05721],[151.48323,-32.05785],[151.48209,-32.0574],[151.48123,-32.0582],[151.48056,-32.05741],[151.48021,-32.05783],[151.48035,-32.05859],[151.47994,-32.05878],[151.47928,-32.05831],[151.47801,-32.05845],[151.47829,-32.05776],[151.47872,-32.05774],[151.47863,-32.05707],[151.47765,-32.05665],[151.47726,-32.05717],[151.4767,-32.05673],[151.47769,-32.05634],[151.4785,-32.05545],[151.47837,-32.05514],[151.47872,-32.05472],[151.47944,-32.05429],[151.47961,-32.05338],[151.47925,-32.05258],[151.48053,-32.05262],[151.48184,-32.05438],[151.48298,-32.05389],[151.48295,-32.05438],[151.48348,-32.05436],[151.48357,-32.05404],[151.48438,-32.05433],[151.48501,-32.05313],[151.4848,-32.0521],[151.48655,-32.05217],[151.48738,-32.05174],[151.48781,-32.05186],[151.4879,-32.05154],[151.48873,-32.05124],[151.48911,-32.05136],[151.48928,-32.05153]],[[151.49275,-32.06261],[151.49278,-32.06324],[151.4934,-32.06294],[151.49344,-32.06254],[151.49306,-32.06241],[151.49275,-32.06261]]]}},{"type":"Feature","properties":{"OBJECTID":9264582,"PCTID":3100,"PCTName":"Northern Hinterland Baloghia-Dendrocnide Subtropical Rainforest","vegClass":"Subtropical Rainforests","vegForm":"Rainforests"},"geometry":{"type":"Polygon","coordinates":[[[151.51146,-32.08319],[151.51112,-32.08393],[151.50996,-32.08397],[151.50882,-32.08351],[151.50841,-32.08272],[151.50899,-32.08261],[151.50962,-32.08358],[151.5102,-32.08342],[151.51006,-32.08284],[151.51128,-32.08275],[151.51146,-32.08319]]]}},{"type":"Feature","properties":{"OBJECTID":9264583,"PCTID":0,"PCTName":"Not classified","vegClass":"Not classified","vegForm":"Not classified"},"geometry":{"type":"MultiPolygon","coordinates":[[[[151.47186,-32.07114],[151.47259,-32.07197],[151.47242,-32.07283],[151.47283,-32.07363],[151.47249,-32.0741],[151.47276,-32.07535],[151.47236,-32.07573],[151.47229,-32.07668],[151.47215,-32.07582],[151.47256,-32.07549],[151.47233,-32.0741],[151.47262,-32.0735],[151.47221,-32.0728],[151.47237,-32.07184],[151.47182,-32.07137],[151.4708,-32.06806],[151.4708,-32.06702],[151.47111,-32.0668],[151.47107,-32.06801],[151.47186,-32.07114]]],[[[151.47213,-32.07872],[151.47239,-32.0806],[151.47098,-32.08215],[151.46897,-32.08321],[151.46899,-32.08362],[151.47012,-32.08407],[151.4707,-32.08509],[151.47141,-32.08538],[151.47109,-32.08544],[151.47055,-32.08514],[151.47019,-32.0843],[151.46888,-32.08371],[151.46876,-32.08331],[151.47108,-32.08192],[151.47218,-32.0807],[151.47193,-32.07886],[151.47226,-32.07697],[151.47213,-32.07872]]],[[[151.47203,-32.06616],[151.47201,-32.06576],[151.47169,-32.06455],[151.47097,-32.06403],[151.47089,-32.0635],[151.4701,-32.06253],[151.4719,-32.06463],[151.47224,-32.06602],[151.47198,-32.06619],[151.47203,-32.06616]]]]}},{"type":"Feature","properties":{"OBJECTID":9264586,"PCTID":3285,"PCTName":"Lower North Escarpment Blue Gum Grassy Forest","vegClass":"Northern Hinterland Wet Sclerophyll Forests","vegForm":"Wet Sclerophyll Forests (Grassy sub-formation)"},"geometry":{"type":"Polygon","coordinates":[[[151.44986,-32.08626],[151.44906,-32.0861],[151.44914,-32.08569],[151.44978,-32.08576],[151.44986,-32.08626]]]}},{"type":"Feature","properties":{"OBJECTID":9264595,"PCTID":3033,"PCTName":"Northern Escarpment Sassafras-Prickly Ash Rainforest","vegClass":"Northern Warm Temperate Rainforests","vegForm":"Rainforests"},"geometry":{"type":"Polygon","coordinates":[[[151.4668,-32.08546],[151.46665,-32.08578],[151.46642,-32.08525],[151.4668,-32.08546]]]}},{"type":"Feature","properties":{"OBJECTID":9264599,"PCTID":3354,"PCTName":"Liverpool Range Box-Silvertop Stringybark Forest","vegClass":"New England Grassy Woodlands","vegForm":"Grassy Woodlands"},"geometry":{"type":"Polygon","coordinates":[[[151.42466,-32.08631],[151.42416,-32.08673],[151.42458,-32.08681],[151.42449,-32.08708],[151.42356,-32.08752],[151.42268,-32.08701],[151.42255,-32.08643],[151.42337,-32.0859],[151.42341,-32.08554],[151.42399,-32.08548],[151.42395,-32.08584],[151.42443,-32.08587],[151.42466,-32.08631]]]}},{"type":"Feature","properties":{"OBJECTID":9264604,"PCTID":3287,"PCTName":"Northern Escarpment Messmate Cool Wet Forest","vegClass":"Northern Tableland Wet Sclerophyll Forests","vegForm":"Wet Sclerophyll Forests (Grassy sub-formation)"},"geometry":{"type":"Polygon","coordinates":[[[151.47627,-32.08507],[151.47591,-32.08517],[151.4763,-32.08561],[151.47583,-32.08572],[151.47548,-32.08519],[151.47424,-32.08478],[151.47427,-32.08424],[151.47367,-32.08399],[151.47352,-32.08314],[151.47415,-32.08289],[151.47468,-32.08395],[151.47565,-32.08423],[151.4761,-32.08471],[151.47627,-32.08507]]]}},{"type":"Feature","properties":{"OBJECTID":9264606,"PCTID":3033,"PCTName":"Northern Escarpment Sassafras-Prickly Ash Rainforest","vegClass":"Northern Warm Temperate Rainforests","vegForm":"Rainforests"},"geometry":{"type":"Polygon","coordinates":[[[151.4491,-32.08281],[151.44912,-32.08308],[151.44731,-32.08395],[151.44624,-32.08386],[151.44601,-32.08459],[151.44931,-32.08488],[151.44397,-32.08516],[151.44357,-32.08554],[151.44225,-32.08572],[151.44223,-32.0864],[151.44059,-32.08646],[151.44066,-32.08677],[151.44131,-32.08702],[151.43896,-32.08688],[151.43947,-32.08636],[151.4393,-32.08614],[151.43683,-32.08664],[151.43664,-32.08601],[151.4361,-32.0859],[151.43548,-32.08506],[151.436,-32.08491],[151.43581,-32.08437],[151.43773,-32.08444],[151.43787,-32.08412],[151.43866,-32.08404],[151.43848,-32.0836],[151.43934,-32.08388],[151.43932,-32.08334],[151.43968,-32.08319],[151.43808,-32.08293],[151.43696,-32.08383],[151.43636,-32.08358],[151.4365,-32.08421],[151.43558,-32.08397],[151.43611,-32.08382],[151.43644,-32.08304],[151.43692,-32.08316],[151.43801,-32.08262],[151.43829,-32.08293],[151.43924,-32.08289],[151.43954,-32.08238],[151.43915,-32.08213],[151.4396,-32.08157],[151.44035,-32.08168],[151.44001,-32.08228],[151.44033,-32.08236],[151.44007,-32.0825],[151.4402,-32.08286],[151.44061,-32.08271],[151.44084,-32.08306],[151.44132,-32.08309],[151.44231,-32.08278],[151.4425,-32.08341],[151.44225,-32.08364],[151.44268,-32.08376],[151.44319,-32.08329],[151.44548,-32.08352],[151.44705,-32.08302],[151.44724,-32.08265],[151.44804,-32.0828],[151.44801,-32.08221],[151.44861,-32.08242],[151.44847,-32.08292],[151.44878,-32.08264],[151.44963,-32.08265],[151.44938,-32.08185],[151.44884,-32.08173],[151.44854,-32.08111],[151.44928,-32.08099],[151.4493,-32.08135],[151.45018,-32.08195],[151.45039,-32.08298],[151.45013,-32.08317],[151.4491,-32.08281]]]}},{"type":"Feature","properties":{"OBJECTID":9264607,"PCTID":3031,"PCTName":"Northern Escarpment Coachwood-Beech Rainforest","vegClass":"Northern Warm Temperate Rainforests","vegForm":"Rainforests"},"geometry":{"type":"Polygon","coordinates":[[[151.49508,-32.08461],[151.4941,-32.08509],[151.49401,-32.08433],[151.49508,-32.08461]]]}},{"type":"Feature","properties":{"OBJECTID":9264615,"PCTID":3033,"PCTName":"Northern Escarpment Sassafras-Prickly Ash Rainforest","vegClass":"Northern Warm Temperate Rainforests","vegForm":"Rainforests"},"geometry":{"type":"Polygon","coordinates":[[[151.46888,-32.08371],[151.46948,-32.08392],[151.46909,-32.08465],[151.46861,-32.08454],[151.46857,-32.08481],[151.469,-32.08497],[151.46817,-32.08523],[151.46794,-32.0861],[151.46656,-32.08606],[151.46722,-32.0854],[151.46709,-32.08504],[151.46646,-32.08502],[151.46639,-32.08475],[151.46724,-32.08468],[151.46787,-32.08357],[151.46736,-32.08295],[151.46881,-32.08322],[151.46888,-32.08371]]]}},{"type":"Feature","properties":{"OBJECTID":9264617,"PCTID":3033,"PCTName":"Northern Escarpment Sassafras-Prickly Ash Rainforest","vegClass":"Northern Warm Temperate Rainforests","vegForm":"Rainforests"},"geometry":{"type":"Polygon","coordinates":[[[151.47691,-32.08514],[151.47689,-32.08577],[151.47632,-32.08597],[151.47623,-32.08525],[151.47591,-32.08513],[151.47627,-32.08507],[151.4762,-32.08457],[151.47658,-32.08479],[151.47691,-32.08514]]]}},{"type":"Feature","properties":{"OBJECTID":9264620,"PCTID":3100,"PCTName":"Northern Hinterland Baloghia-Dendrocnide Subtropical Rainforest","vegClass":"Subtropical Rainforests","vegForm":"Rainforests"},"geometry":{"type":"Polygon","coordinates":[[[151.46351,-32.08648],[151.46297,-32.08641],[151.46325,-32.08568],[151.46323,-32.08622],[151.46365,-32.08616],[151.46351,-32.08648]]]}},{"type":"Feature","properties":{"OBJECTID":9264622,"PCTID":3354,"PCTName":"Liverpool Range Box-Silvertop Stringybark Forest","vegClass":"New England Grassy Woodlands","vegForm":"Grassy Woodlands"},"geometry":{"type":"Polygon","coordinates":[[[151.45015,-32.08575],[151.44909,-32.08574],[151.44863,-32.08707],[151.44808,-32.08677],[151.44937,-32.08501],[151.4498,-32.08504],[151.44945,-32.08541],[151.4503,-32.08552],[151.45015,-32.08575]]]}},{"type":"Feature","properties":{"OBJECTID":9264623,"PCTID":3052,"PCTName":"Northern Escarpment Antarctic Beech Rainforest","vegClass":"Cool Temperate Rainforests","vegForm":"Rainforests"},"geometry":{"type":"Polygon","coordinates":[[[151.51772,-32.03003],[151.51788,-32.03106],[151.5175,-32.03098],[151.5172,-32.03131],[151.51684,-32.03038],[151.51571,-32.03006],[151.51585,-32.03068],[151.51558,-32.03069],[151.51397,-32.02926],[151.51376,-32.02936],[151.51459,-32.03005],[151.51467,-32.03055],[151.51352,-32.02982],[151.51198,-32.02979],[151.51174,-32.03025],[151.51007,-32.02968],[151.50934,-32.02993],[151.50877,-32.02909],[151.50851,-32.02928],[151.50891,-32.02981],[151.50871,-32.03],[151.50809,-32.0293],[151.5069,-32.02885],[151.50699,-32.02857],[151.50638,-32.02805],[151.5055,-32.0284],[151.50456,-32.02771],[151.50354,-32.02847],[151.50341,-32.02915],[151.50424,-32.02971],[151.50454,-32.02934],[151.50498,-32.02964],[151.50506,-32.03027],[151.50538,-32.03035],[151.50529,-32.03067],[151.50497,-32.03059],[151.50522,-32.03135],[151.50591,-32.03137],[151.5062,-32.03068],[151.50665,-32.0312],[151.50712,-32.03105],[151.50796,-32.03192],[151.50893,-32.03134],[151.50885,-32.03171],[151.50916,-32.0317],[151.50941,-32.03237],[151.50993,-32.03226],[151.51054,-32.03264],[151.51147,-32.03229],[151.5112,-32.03311],[151.51241,-32.03302],[151.51414,-32.03355],[151.51448,-32.03408],[151.51511,-32.03396],[151.51677,-32.03431],[151.51754,-32.03487],[151.51881,-32.03504],[151.51881,-32.04785],[151.51846,-32.04775],[151.51701,-32.04844],[151.51548,-32.04849],[151.51529,-32.049],[151.51496,-32.04878],[151.51526,-32.04836],[151.5144,-32.04826],[151.5143,-32.04926],[151.51549,-32.04976],[151.51421,-32.04971],[151.51315,-32.05075],[151.51349,-32.05119],[151.51332,-32.05191],[151.51404,-32.05266],[151.51483,-32.05245],[151.51556,-32.05323],[151.51678,-32.05319],[151.51789,-32.05418],[151.51869,-32.05434],[151.51881,-32.0545],[151.51881,-32.07056],[151.51824,-32.07052],[151.51694,-32.06885],[151.5168,-32.06931],[151.51617,-32.06942],[151.51614,-32.06997],[151.51533,-32.06959],[151.5151,-32.06824],[151.51478,-32.06821],[151.51464,-32.06754],[151.51409,-32.06715],[151.51433,-32.06768],[151.51376,-32.06798],[151.51381,-32.06888],[151.5135,-32.06903],[151.51283,-32.06846],[151.51242,-32.06861],[151.51267,-32.06937],[151.51337,-32.06966],[151.51286,-32.07009],[151.51361,-32.07119],[151.51407,-32.0709],[151.51484,-32.07146],[151.51453,-32.07165],[151.51472,-32.07223],[151.51419,-32.07216],[151.51396,-32.07285],[151.51346,-32.0725],[151.51345,-32.07323],[151.51278,-32.07361],[151.51301,-32.0741],[151.51185,-32.07428],[151.51263,-32.07502],[151.51247,-32.07593],[151.51277,-32.07664],[151.51236,-32.07684],[151.51099,-32.07607],[151.51107,-32.07652],[151.51066,-32.07681],[151.51104,-32.07697],[151.51095,-32.07738],[151.51157,-32.07799],[151.51082,-32.07793],[151.51026,-32.0784],[151.51052,-32.07925],[151.50924,-32.07925],[151.50906,-32.07872],[151.50835,-32.07847],[151.50858,-32.07978],[151.50934,-32.08015],[151.50936,-32.08056],[151.50842,-32.08073],[151.50781,-32.08035],[151.50708,-32.08046],[151.50715,-32.08091],[151.50822,-32.08205],[151.50744,-32.08235],[151.50694,-32.082],[151.50697,-32.08254],[151.50788,-32.08278],[151.50776,-32.08351],[151.5074,-32.08379],[151.50801,-32.08427],[151.50709,-32.08493],[151.50648,-32.0845],[151.50701,-32.08345],[151.50586,-32.08376],[151.50542,-32.08441],[151.50499,-32.08329],[151.50343,-32.08285],[151.50328,-32.08313],[151.50202,-32.08322],[151.50194,-32.08273],[151.50236,-32.08276],[151.50208,-32.08232],[151.50171,-32.08238],[151.50173,-32.08274],[151.50061,-32.08269],[151.49964,-32.08028],[151.5003,-32.07981],[151.50035,-32.07854],[151.50065,-32.07821],[151.50043,-32.078],[151.50097,-32.07721],[151.50081,-32.07609],[151.49924,-32.0756],[151.49942,-32.07487],[151.49881,-32.07431],[151.49816,-32.0742],[151.49808,-32.07357],[151.49727,-32.07324],[151.49665,-32.07362],[151.49741,-32.07291],[151.4953,-32.07317],[151.49547,-32.07226],[151.49499,-32.07219],[151.49492,-32.07188],[151.49439,-32.07203],[151.49425,-32.07136],[151.49372,-32.07129],[151.49451,-32.07126],[151.49455,-32.0709],[151.49496,-32.0707],[151.49428,-32.06978],[151.49512,-32.06857],[151.49517,-32.06753],[151.49544,-32.06752],[151.49516,-32.06717],[151.49529,-32.06658],[151.49655,-32.0664],[151.49683,-32.0667],[151.49647,-32.0669],[151.4968,-32.06725],[151.49869,-32.0679],[151.49972,-32.06718],[151.4998,-32.06659],[151.49851,-32.06637],[151.49794,-32.06549],[151.4977,-32.06599],[151.49737,-32.06582],[151.49725,-32.06556],[151.49785,-32.06481],[151.49714,-32.06443],[151.49679,-32.0649],[151.49631,-32.06482],[151.49653,-32.06387],[151.49578,-32.06367],[151.49602,-32.06334],[151.49719,-32.06339],[151.49802,-32.06305],[151.4984,-32.06204],[151.4979,-32.06169],[151.49815,-32.0602],[151.49822,-32.06069],[151.49877,-32.06103],[151.49832,-32.06154],[151.49913,-32.06179],[151.49899,-32.06229],[151.50089,-32.06199],[151.50131,-32.06098],[151.50221,-32.06095],[151.50313,-32.0601],[151.50362,-32.06045],[151.50371,-32.06117],[151.50416,-32.06165],[151.50468,-32.06145],[151.50424,-32.06115],[151.50408,-32.06002],[151.50365,-32.05999],[151.50357,-32.0595],[151.50441,-32.0592],[151.50388,-32.05822],[151.50314,-32.05821],[151.50129,-32.05728],[151.50109,-32.05647],[151.50138,-32.05606],[151.5006,-32.05518],[151.50001,-32.05502],[151.49999,-32.05471],[151.49953,-32.05504],[151.49921,-32.05397],[151.4992,-32.05478],[151.49801,-32.05442],[151.49739,-32.05462],[151.49659,-32.05361],[151.49595,-32.0535],[151.4955,-32.05302],[151.49434,-32.0532],[151.49379,-32.05263],[151.49293,-32.05257],[151.49343,-32.05192],[151.4926,-32.05128],[151.49264,-32.05087],[151.49429,-32.05103],[151.49394,-32.05037],[151.49324,-32.0503],[151.49323,-32.04999],[151.49381,-32.04988],[151.49374,-32.04956],[151.4923,-32.04957],[151.49186,-32.05017],[151.49198,-32.05048],[151.49146,-32.05068],[151.49079,-32.05012],[151.49032,-32.05014],[151.49036,-32.04991],[151.49133,-32.05024],[151.49184,-32.0499],[151.49175,-32.049],[151.49253,-32.04879],[151.49269,-32.04766],[151.49331,-32.04737],[151.49313,-32.04701],[151.49366,-32.04699],[151.49364,-32.04654],[151.49414,-32.04602],[151.49489,-32.04622],[151.49585,-32.04515],[151.49727,-32.04496],[151.497,-32.04484],[151.49739,-32.04414],[151.4971,-32.04275],[151.49771,-32.04219],[151.49711,-32.04181],[151.49674,-32.04191],[151.49667,-32.04155],[151.49786,-32.04083],[151.4965,-32.03921],[151.49711,-32.03869],[151.49687,-32.03811],[151.49728,-32.03783],[151.49671,-32.03712],[151.49597,-32.0372],[151.4958,-32.03689],[151.49647,-32.03654],[151.49711,-32.03657],[151.49751,-32.03718],[151.49798,-32.03694],[151.49704,-32.03616],[151.49722,-32.03552],[151.49698,-32.03513],[151.49765,-32.03465],[151.49703,-32.03395],[151.49748,-32.03344],[151.49656,-32.03311],[151.49689,-32.03233],[151.49637,-32.03235],[151.49644,-32.03271],[151.49532,-32.0327],[151.49512,-32.0319],[151.49401,-32.0318],[151.49386,-32.03109],[151.49666,-32.03076],[151.49541,-32.03022],[151.4949,-32.0296],[151.49443,-32.02962],[151.49428,-32.02994],[151.49358,-32.02974],[151.49313,-32.0303],[151.49332,-32.03088],[151.49264,-32.03108],[151.49245,-32.0315],[151.49233,-32.03232],[151.49316,-32.03301],[151.49501,-32.03276],[151.49529,-32.03307],[151.49515,-32.03343],[151.49573,-32.03346],[151.4958,-32.03372],[151.49533,-32.03388],[151.49546,-32.03428],[151.49441,-32.03355],[151.49405,-32.03374],[151.49376,-32.0333],[151.49139,-32.03249],[151.49141,-32.03389],[151.49076,-32.03468],[151.49104,-32.03503],[151.49042,-32.03537],[151.49074,-32.03639],[151.48987,-32.03701],[151.49032,-32.03763],[151.48965,-32.03905],[151.4887,-32.03918],[151.48873,-32.03963],[151.48915,-32.03957],[151.48892,-32.04021],[151.48941,-32.04055],[151.48945,-32.04136],[151.48999,-32.04157],[151.49035,-32.04246],[151.49085,-32.0428],[151.49072,-32.04339],[151.48954,-32.04204],[151.48919,-32.04246],[151.48879,-32.04193],[151.48837,-32.04204],[151.4884,-32.04158],[151.48743,-32.04126],[151.48826,-32.04082],[151.48885,-32.04093],[151.4887,-32.04008],[151.48845,-32.04041],[151.48771,-32.03953],[151.48707,-32.03937],[151.48613,-32.03963],[151.48589,-32.04005],[151.48504,-32.04008],[151.4842,-32.03812],[151.48357,-32.03833],[151.48365,-32.03769],[151.48337,-32.03757],[151.48389,-32.03723],[151.48366,-32.03683],[151.48403,-32.03691],[151.48417,-32.03749],[151.48442,-32.0373],[151.48406,-32.03637],[151.48427,-32.03528],[151.48478,-32.0349],[151.4861,-32.0348],[151.48652,-32.03375],[151.4869,-32.03382],[151.48698,-32.03346],[151.48756,-32.03321],[151.48722,-32.03286],[151.48722,-32.03187],[151.48774,-32.03167],[151.48761,-32.03118],[151.48801,-32.03076],[151.488,-32.03049],[151.48738,-32.03074],[151.48715,-32.03038],[151.48657,-32.0304],[151.48655,-32.03004],[151.48707,-32.02998],[151.48731,-32.02943],[151.48714,-32.02912],[151.48645,-32.02919],[151.4868,-32.02868],[151.48645,-32.0282],[151.48519,-32.02842],[151.48465,-32.02813],[151.48423,-32.02728],[151.48446,-32.02646],[151.48389,-32.02463],[151.48467,-32.02429],[151.48448,-32.02375],[151.48563,-32.02348],[151.48513,-32.023],[151.48592,-32.02076],[151.48563,-32.02032],[151.48522,-32.02047],[151.48525,-32.02006],[151.4862,-32.01998],[151.48676,-32.01956],[151.48696,-32.02032],[151.48788,-32.02074],[151.48919,-32.02042],[151.48988,-32.0194],[151.49022,-32.01975],[151.49084,-32.01959],[151.49109,-32.01917],[151.49059,-32.01878],[151.49062,-32.01863],[151.49124,-32.01863],[151.49133,-32.01867],[151.49135,-32.01863],[151.49326,-32.01863],[151.49294,-32.0192],[151.49351,-32.01981],[151.4942,-32.02001],[151.49443,-32.01932],[151.49406,-32.01933],[151.49389,-32.01894],[151.49435,-32.01863],[151.49443,-32.01863],[151.49479,-32.01908],[151.49658,-32.01875],[151.49668,-32.01965],[151.49742,-32.01962],[151.49798,-32.01919],[151.49791,-32.01983],[151.49938,-32.01955],[151.49941,-32.01923],[151.49999,-32.01916],[151.50002,-32.01866],[151.50077,-32.01873],[151.50109,-32.0198],[151.50178,-32.02],[151.50161,-32.02077],[151.50193,-32.02085],[151.50201,-32.02135],[151.50164,-32.02141],[151.50171,-32.02172],[151.50226,-32.02215],[151.50299,-32.02172],[151.50326,-32.02198],[151.50314,-32.02266],[151.50243,-32.02232],[151.50247,-32.02305],[151.50314,-32.02379],[151.50367,-32.02363],[151.50343,-32.02324],[151.50369,-32.02305],[151.50511,-32.02277],[151.50551,-32.02239],[151.50628,-32.02286],[151.50738,-32.02273],[151.50844,-32.02373],[151.50786,-32.0238],[151.5071,-32.02333],[151.50673,-32.02348],[151.50691,-32.02383],[151.5075,-32.0239],[151.50752,-32.0244],[151.50723,-32.0249],[151.50665,-32.02492],[151.50645,-32.02525],[151.50679,-32.02569],[151.5072,-32.02545],[151.50778,-32.02628],[151.50815,-32.02632],[151.50773,-32.02651],[151.50776,-32.02701],[151.50837,-32.02649],[151.50943,-32.02645],[151.5089,-32.02552],[151.51011,-32.02525],[151.51024,-32.02479],[151.5097,-32.02445],[151.50997,-32.02358],[151.51184,-32.02374],[151.51218,-32.02332],[151.51336,-32.02341],[151.51396,-32.02384],[151.51469,-32.02368],[151.51578,-32.02414],[151.51645,-32.02389],[151.51663,-32.0232],[151.51723,-32.02354],[151.51752,-32.02303],[151.51842,-32.02296],[151.51881,-32.02255],[151.51881,-32.03032],[151.51772,-32.03003]],[[151.51756,-32.06237],[151.51831,-32.06252],[151.51848,-32.06171],[151.51756,-32.06237]],[[151.51723,-32.0632],[151.51724,-32.06333],[151.51729,-32.06333],[151.51723,-32.0632]],[[151.51649,-32.06318],[151.5165,-32.06331],[151.51692,-32.0633],[151.51649,-32.06318]],[[151.51606,-32.06315],[151.51607,-32.06328],[151.51618,-32.06328],[151.51606,-32.06315]],[[151.50652,-32.06228],[151.50912,-32.06219],[151.51516,-32.06314],[151.50884,-32.06202],[151.50652,-32.06228]],[[151.51194,-32.07071],[151.51217,-32.07115],[151.51251,-32.07146],[151.51303,-32.07135],[151.51273,-32.07059],[151.51235,-32.07047],[151.51194,-32.07071]],[[151.505,-32.05199],[151.50532,-32.05216],[151.50537,-32.05315],[151.50592,-32.05341],[151.50604,-32.05385],[151.5077,-32.05415],[151.50796,-32.05401],[151.50793,-32.05342],[151.50857,-32.05344],[151.50807,-32.05306],[151.50708,-32.05332],[151.50573,-32.05287],[151.50628,-32.05226],[151.50615,-32.05168],[151.505,-32.05199]],[[151.49816,-32.04782],[151.49839,-32.04831],[151.49998,-32.04929],[151.5,-32.04965],[151.50086,-32.04998],[151.50172,-32.05117],[151.50226,-32.05146],[151.50305,-32.05134],[151.50394,-32.05203],[151.50434,-32.05161],[151.50373,-32.05114],[151.50371,-32.05069],[151.50435,-32.05075],[151.50447,-32.05107],[151.50574,-32.05097],[151.50612,-32.05123],[151.50618,-32.05032],[151.50714,-32.05029],[151.50619,-32.04947],[151.50606,-32.04897],[151.50517,-32.0491],[151.50414,-32.04977],[151.503,-32.04931],[151.50283,-32.04896],[151.50189,-32.04931],[151.50155,-32.04891],[151.50203,-32.04994],[151.50188,-32.05021],[151.50149,-32.04977],[151.5008,-32.04975],[151.5005,-32.04918],[151.49852,-32.04763],[151.49816,-32.04782]],[[151.50563,-32.06037],[151.50646,-32.06201],[151.50573,-32.06028],[151.50563,-32.06037]],[[151.50514,-32.0538],[151.50589,-32.0539],[151.50539,-32.05347],[151.50514,-32.0538]],[[151.50469,-32.0595],[151.5049,-32.05959],[151.50479,-32.05941],[151.50469,-32.0595]],[[151.50097,-32.03317],[151.50153,-32.03374],[151.50149,-32.03415],[151.50286,-32.03505],[151.50263,-32.03469],[151.50327,-32.03458],[151.50278,-32.03451],[151.50265,-32.03401],[151.50314,-32.03422],[151.50355,-32.03385],[151.50275,-32.03379],[151.50224,-32.03317],[151.50166,-32.03315],[151.50141,-32.03243],[151.50097,-32.03317]],[[151.50181,-32.06137],[151.50199,-32.06168],[151.50324,-32.06136],[151.50289,-32.06074],[151.50181,-32.06137]],[[151.50208,-32.02794],[151.50244,-32.02878],[151.50252,-32.02828],[151.50315,-32.02812],[151.50292,-32.02777],[151.50208,-32.02794]],[[151.50269,-32.05777],[151.50269,-32.05786],[151.50275,-32.05786],[151.50269,-32.05777]],[[151.50124,-32.03118],[151.50143,-32.0318],[151.50072,-32.03147],[151.50054,-32.03197],[151.50145,-32.03221],[151.5019,-32.03174],[151.50145,-32.03112],[151.50124,-32.03118]],[[151.50015,-32.03063],[151.50056,-32.03143],[151.50135,-32.03031],[151.5009,-32.02979],[151.50015,-32.03063]],[[151.49957,-32.02753],[151.49999,-32.02747],[151.50065,-32.02795],[151.50066,-32.02718],[151.50007,-32.02702],[151.49957,-32.02753]],[[151.50001,-32.06659],[151.50011,-32.06654],[151.50005,-32.06631],[151.50001,-32.06659]],[[151.494,-32.02119],[151.49391,-32.0216],[151.4947,-32.02139],[151.49541,-32.02181],[151.49625,-32.02174],[151.49617,-32.02219],[151.49764,-32.02291],[151.49724,-32.02351],[151.49655,-32.02344],[151.49675,-32.02425],[151.49982,-32.02509],[151.4993,-32.02438],[151.49877,-32.02436],[151.49885,-32.02381],[151.49804,-32.02352],[151.49818,-32.0232],[151.49871,-32.02318],[151.49859,-32.02287],[151.49948,-32.02167],[151.49888,-32.02133],[151.49852,-32.02147],[151.49794,-32.02258],[151.49729,-32.02229],[151.49616,-32.02093],[151.49521,-32.02105],[151.49503,-32.0207],[151.494,-32.02119]],[[151.49669,-32.04611],[151.49688,-32.04678],[151.49628,-32.04739],[151.49687,-32.04755],[151.49777,-32.04851],[151.49721,-32.04898],[151.49733,-32.04925],[151.498,-32.04891],[151.49773,-32.04784],[151.49862,-32.04649],[151.49834,-32.04619],[151.49734,-32.04645],[151.49716,-32.04591],[151.49701,-32.04606],[151.49669,-32.04611]],[[151.49745,-32.02653],[151.49836,-32.02663],[151.49785,-32.02602],[151.49745,-32.02653]],[[151.49769,-32.05009],[151.49695,-32.05026],[151.49734,-32.0506],[151.49725,-32.05097],[151.49813,-32.05143],[151.49831,-32.05079],[151.49794,-32.05081],[151.49812,-32.05026],[151.49783,-32.04977],[151.49769,-32.05009]],[[151.48825,-32.02077],[151.48821,-32.02104],[151.48876,-32.02134],[151.48933,-32.02113],[151.48883,-32.0207],[151.48825,-32.02077]]]}},{"type":"Feature","properties":{"OBJECTID":9264626,"PCTID":3207,"PCTName":"Northern Escarpment Layered Blackbutt Fern Forest","vegClass":"Northern Escarpment Wet Sclerophyll Forests","vegForm":"Wet Sclerophyll Forests (Shrubby sub-formation)"},"geometry":{"type":"Polygon","coordinates":[[[151.48031,-32.08506],[151.48062,-32.08595],[151.4791,-32.08542],[151.47897,-32.08497],[151.47808,-32.08505],[151.47812,-32.08482],[151.47955,-32.08481],[151.47996,-32.08444],[151.48066,-32.08464],[151.48031,-32.08506]]]}},{"type":"Feature","properties":{"OBJECTID":9264630,"PCTID":3033,"PCTName":"Northern Escarpment Sassafras-Prickly Ash Rainforest","vegClass":"Northern Warm Temperate Rainforests","vegForm":"Rainforests"},"geometry":{"type":"Polygon","coordinates":[[[151.46323,-32.08622],[151.46336,-32.08572],[151.46315,-32.08573],[151.46297,-32.08641],[151.46357,-32.08662],[151.46288,-32.08678],[151.46261,-32.08652],[151.46283,-32.08565],[151.46214,-32.08572],[151.46081,-32.08446],[151.46039,-32.08461],[151.46038,-32.08434],[151.45968,-32.08432],[151.4596,-32.08369],[151.46128,-32.08327],[151.46187,-32.08356],[151.46229,-32.08332],[151.46274,-32.0838],[151.46329,-32.08328],[151.46379,-32.08367],[151.46441,-32.08342],[151.4649,-32.08255],[151.46623,-32.08259],[151.46587,-32.08292],[151.4663,-32.08304],[151.4662,-32.08404],[151.46511,-32.08466],[151.46531,-32.08533],[151.46489,-32.08553],[151.46487,-32.08503],[151.46427,-32.08478],[151.46381,-32.08521],[151.46396,-32.08606],[151.46365,-32.08616],[151.46323,-32.08622]]]}},{"type":"Feature","properties":{"OBJECTID":9264636,"PCTID":3032,"PCTName":"Northern Escarpment Sassafras-Booyong-Corkwood Rainforest","vegClass":"Northern Warm Temperate Rainforests","vegForm":"Rainforests"},"geometry":{"type":"Polygon","coordinates":[[[151.47632,-32.08597],[151.47695,-32.08577],[151.47682,-32.0864],[151.47613,-32.08647],[151.4759,-32.08599],[151.475,-32.08611],[151.47556,-32.08555],[151.4763,-32.08561],[151.47632,-32.08597]]]}},{"type":"Feature","properties":{"OBJECTID":9264639,"PCTID":3033,"PCTName":"Northern Escarpment Sassafras-Prickly Ash Rainforest","vegClass":"Northern Warm Temperate Rainforests","vegForm":"Rainforests"},"geometry":{"type":"Polygon","coordinates":[[[151.4774,-32.08643],[151.47709,-32.08644],[151.47702,-32.08613],[151.47728,-32.08612],[151.4774,-32.08643]]]}},{"type":"Feature","properties":{"OBJECTID":9264641,"PCTID":3033,"PCTName":"Northern Escarpment Sassafras-Prickly Ash Rainforest","vegClass":"Northern Warm Temperate Rainforests","vegForm":"Rainforests"},"geometry":{"type":"Polygon","coordinates":[[[151.45344,-32.08671],[151.45276,-32.08696],[151.45305,-32.0874],[151.45196,-32.0869],[151.45101,-32.08698],[151.45076,-32.08731],[151.45027,-32.0871],[151.45049,-32.0861],[151.45008,-32.08629],[151.44978,-32.08576],[151.45046,-32.08551],[151.45202,-32.08591],[151.45221,-32.08545],[151.45229,-32.08599],[151.45185,-32.08668],[151.45295,-32.08655],[151.45344,-32.08671]]]}},{"type":"Feature","properties":{"OBJECTID":9264655,"PCTID":3033,"PCTName":"Northern Escarpment Sassafras-Prickly Ash Rainforest","vegClass":"Northern Warm Temperate Rainforests","vegForm":"Rainforests"},"geometry":{"type":"Polygon","coordinates":[[[151.46535,-32.08614],[151.46571,-32.086],[151.46673,-32.08632],[151.46626,-32.08647],[151.46625,-32.08715],[151.46582,-32.08721],[151.46527,-32.08673],[151.46535,-32.08614]]]}},{"type":"Feature","properties":{"OBJECTID":9264657,"PCTID":3251,"PCTName":"Northern Gorges Diverse Grassy Forest","vegClass":"Northern Hinterland Wet Sclerophyll Forests","vegForm":"Wet Sclerophyll Forests (Grassy sub-formation)"},"geometry":{"type":"Polygon","coordinates":[[[151.43979,-32.08748],[151.43945,-32.08803],[151.43835,-32.0883],[151.43843,-32.08793],[151.43816,-32.08776],[151.43936,-32.0874],[151.43945,-32.08699],[151.43979,-32.08748]]]}},{"type":"Feature","properties":{"OBJECTID":9264663,"PCTID":3207,"PCTName":"Northern Escarpment Layered Blackbutt Fern Forest","vegClass":"Northern Escarpment Wet Sclerophyll Forests","vegForm":"Wet Sclerophyll Forests (Shrubby sub-formation)"},"geometry":{"type":"Polygon","coordinates":[[[151.4782,-32.08635],[151.47849,-32.08594],[151.47932,-32.08658],[151.47913,-32.08691],[151.4782,-32.08635]]]}},{"type":"Feature","properties":{"OBJECTID":9264664,"PCTID":3285,"PCTName":"Lower North Escarpment Blue Gum Grassy Forest","vegClass":"Northern Hinterland Wet Sclerophyll Forests","vegForm":"Wet Sclerophyll Forests (Grassy sub-formation)"},"geometry":{"type":"Polygon","coordinates":[[[151.45344,-32.08671],[151.45295,-32.08651],[151.45363,-32.08634],[151.45325,-32.08604],[151.4535,-32.08576],[151.45306,-32.0856],[151.45318,-32.08483],[151.45336,-32.08518],[151.45388,-32.08498],[151.45398,-32.08579],[151.4561,-32.0858],[151.45622,-32.08612],[151.45679,-32.08578],[151.45832,-32.08572],[151.45706,-32.08703],[151.45583,-32.08681],[151.45474,-32.08725],[151.45482,-32.08784],[151.45399,-32.0871],[151.45308,-32.08695],[151.45344,-32.08671]]]}},{"type":"Feature","properties":{"OBJECTID":9264665,"PCTID":3285,"PCTName":"Lower North Escarpment Blue Gum Grassy Forest","vegClass":"Northern Hinterland Wet Sclerophyll Forests","vegForm":"Wet Sclerophyll Forests (Grassy sub-formation)"},"geometry":{"type":"Polygon","coordinates":[[[151.48071,-32.08581],[151.48031,-32.08524],[151.48066,-32.08464],[151.48196,-32.08531],[151.48216,-32.08508],[151.48192,-32.08455],[151.48145,-32.08456],[151.48217,-32.08409],[151.48275,-32.08411],[151.48226,-32.08481],[151.48317,-32.08513],[151.48449,-32.08486],[151.48433,-32.08599],[151.48477,-32.08625],[151.48434,-32.08626],[151.48458,-32.08675],[151.48378,-32.08656],[151.48287,-32.08541],[151.48261,-32.08547],[151.48295,-32.086],[151.48271,-32.08646],[151.48136,-32.08606],[151.47999,-32.08611],[151.48035,-32.08587],[151.48071,-32.08581]]]}},{"type":"Feature","properties":{"OBJECTID":9264673,"PCTID":3032,"PCTName":"Northern Escarpment Sassafras-Booyong-Corkwood Rainforest","vegClass":"Northern Warm Temperate Rainforests","vegForm":"Rainforests"},"geometry":{"type":"Polygon","coordinates":[[[151.50874,-32.08505],[151.50896,-32.08527],[151.50877,-32.08559],[151.50812,-32.08539],[151.50809,-32.0858],[151.50757,-32.08595],[151.50787,-32.08563],[151.50774,-32.08523],[151.508,-32.08517],[151.50754,-32.08447],[151.508,-32.08413],[151.5074,-32.08375],[151.50776,-32.08351],[151.50788,-32.08278],[151.50696,-32.08241],[151.50825,-32.08272],[151.50782,-32.08355],[151.50804,-32.08386],[151.50866,-32.08352],[151.50889,-32.08383],[151.50897,-32.08432],[151.50849,-32.08439],[151.5082,-32.08485],[151.50838,-32.08529],[151.50864,-32.08524],[151.50846,-32.08479],[151.50935,-32.08449],[151.50874,-32.08505]]]}},{"type":"Feature","properties":{"OBJECTID":9264675,"PCTID":3287,"PCTName":"Northern Escarpment Messmate Cool Wet Forest","vegClass":"Northern Tableland Wet Sclerophyll Forests","vegForm":"Wet Sclerophyll Forests (Grassy sub-formation)"},"geometry":{"type":"Polygon","coordinates":[[[151.51046,-32.08553],[151.50965,-32.08511],[151.50924,-32.08544],[151.50937,-32.08589],[151.50884,-32.08591],[151.50896,-32.08518],[151.50874,-32.08505],[151.50945,-32.08435],[151.51028,-32.08409],[151.51026,-32.08473],[151.51054,-32.0849],[151.51046,-32.08553]]]}},{"type":"Feature","properties":{"OBJECTID":9264690,"PCTID":3033,"PCTName":"Northern Escarpment Sassafras-Prickly Ash Rainforest","vegClass":"Northern Warm Temperate Rainforests","vegForm":"Rainforests"},"geometry":{"type":"Polygon","coordinates":[[[151.4971,-32.0867],[151.4963,-32.08655],[151.49681,-32.08626],[151.4971,-32.0867]]]}},{"type":"Feature","properties":{"OBJECTID":9264692,"PCTID":3032,"PCTName":"Northern Escarpment Sassafras-Booyong-Corkwood Rainforest","vegClass":"Northern Warm Temperate Rainforests","vegForm":"Rainforests"},"geometry":{"type":"Polygon","coordinates":[[[151.46308,-32.08758],[151.4629,-32.08809],[151.462,-32.08812],[151.46282,-32.08755],[151.46308,-32.08758]]]}},{"type":"Feature","properties":{"OBJECTID":9264695,"PCTID":3032,"PCTName":"Northern Escarpment Sassafras-Booyong-Corkwood Rainforest","vegClass":"Northern Warm Temperate Rainforests","vegForm":"Rainforests"},"geometry":{"type":"Polygon","coordinates":[[[151.51379,-32.08627],[151.51327,-32.08547],[151.51237,-32.08551],[151.51203,-32.08511],[151.51446,-32.08489],[151.51483,-32.08474],[151.51454,-32.0843],[151.51485,-32.0842],[151.5153,-32.08468],[151.515,-32.08505],[151.51504,-32.08577],[151.51379,-32.08627]]]}},{"type":"Feature","properties":{"OBJECTID":9264708,"PCTID":3033,"PCTName":"Northern Escarpment Sassafras-Prickly Ash Rainforest","vegClass":"Northern Warm Temperate Rainforests","vegForm":"Rainforests"},"geometry":{"type":"Polygon","coordinates":[[[151.45333,-32.08884],[151.45329,-32.08798],[151.4539,-32.08846],[151.45366,-32.08896],[151.45333,-32.08884]]]}},{"type":"Feature","properties":{"OBJECTID":9264714,"PCTID":3100,"PCTName":"Northern Hinterland Baloghia-Dendrocnide Subtropical Rainforest","vegClass":"Subtropical Rainforests","vegForm":"Rainforests"},"geometry":{"type":"Polygon","coordinates":[[[151.45806,-32.08889],[151.45825,-32.08844],[151.45856,-32.08842],[151.45806,-32.08889]]]}},{"type":"Feature","properties":{"OBJECTID":9264719,"PCTID":3032,"PCTName":"Northern Escarpment Sassafras-Booyong-Corkwood Rainforest","vegClass":"Northern Warm Temperate Rainforests","vegForm":"Rainforests"},"geometry":{"type":"Polygon","coordinates":[[[151.46166,-32.08876],[151.46055,-32.0888],[151.46089,-32.08829],[151.46173,-32.08817],[151.46166,-32.08876]]]}},{"type":"Feature","properties":{"OBJECTID":9264734,"PCTID":3032,"PCTName":"Northern Escarpment Sassafras-Booyong-Corkwood Rainforest","vegClass":"Northern Warm Temperate Rainforests","vegForm":"Rainforests"},"geometry":{"type":"Polygon","coordinates":[[[151.51581,-32.08646],[151.51721,-32.08677],[151.51595,-32.08709],[151.51567,-32.08674],[151.51581,-32.08646]]]}},{"type":"Feature","properties":{"OBJECTID":9264740,"PCTID":3032,"PCTName":"Northern Escarpment Sassafras-Booyong-Corkwood Rainforest","vegClass":"Northern Warm Temperate Rainforests","vegForm":"Rainforests"},"geometry":{"type":"Polygon","coordinates":[[[151.47863,-32.08751],[151.47949,-32.08789],[151.47831,-32.08856],[151.47816,-32.08771],[151.47851,-32.08743],[151.47844,-32.08707],[151.47809,-32.08744],[151.47776,-32.08714],[151.47826,-32.08667],[151.47913,-32.08691],[151.47863,-32.08751]]]}},{"type":"Feature","properties":{"OBJECTID":9264744,"PCTID":3100,"PCTName":"Northern Hinterland Baloghia-Dendrocnide Subtropical Rainforest","vegClass":"Subtropical Rainforests","vegForm":"Rainforests"},"geometry":{"type":"Polygon","coordinates":[[[151.45718,-32.08938],[151.45675,-32.0893],[151.45716,-32.08906],[151.45718,-32.08938]]]}},{"type":"Feature","properties":{"OBJECTID":9264763,"PCTID":3031,"PCTName":"Northern Escarpment Coachwood-Beech Rainforest","vegClass":"Northern Warm Temperate Rainforests","vegForm":"Rainforests"},"geometry":{"type":"Polygon","coordinates":[[[151.44234,-32.0896],[151.44208,-32.08979],[151.44226,-32.09023],[151.44263,-32.09013],[151.44254,-32.09041],[151.44172,-32.09003],[151.44168,-32.08931],[151.44205,-32.08911],[151.44234,-32.0896]]]}},{"type":"Feature","properties":{"OBJECTID":9264767,"PCTID":3287,"PCTName":"Northern Escarpment Messmate Cool Wet Forest","vegClass":"Northern Tableland Wet Sclerophyll Forests","vegForm":"Wet Sclerophyll Forests (Grassy sub-formation)"},"geometry":{"type":"Polygon","coordinates":[[[151.50473,-32.08759],[151.50354,-32.08818],[151.50317,-32.08815],[151.5032,-32.08783],[151.50268,-32.0879],[151.50249,-32.08831],[151.50215,-32.08796],[151.50136,-32.08799],[151.50155,-32.08762],[151.50104,-32.08701],[151.50045,-32.08694],[151.5,-32.08741],[151.49957,-32.08724],[151.50014,-32.08596],[151.50027,-32.08428],[151.5008,-32.08431],[151.50098,-32.0848],[151.50145,-32.0846],[151.50195,-32.08499],[151.50284,-32.08491],[151.50292,-32.0854],[151.50323,-32.08526],[151.50306,-32.0849],[151.50389,-32.08451],[151.50466,-32.08511],[151.50544,-32.0849],[151.50719,-32.08583],[151.50704,-32.08715],[151.50635,-32.08713],[151.50702,-32.08769],[151.50656,-32.08807],[151.50565,-32.08801],[151.50473,-32.08759]]]}},{"type":"Feature","properties":{"OBJECTID":9264768,"PCTID":3354,"PCTName":"Liverpool Range Box-Silvertop Stringybark Forest","vegClass":"New England Grassy Woodlands","vegForm":"Grassy Woodlands"},"geometry":{"type":"Polygon","coordinates":[[[151.42169,-32.08628],[151.42183,-32.08695],[151.42258,-32.08706],[151.42276,-32.08742],[151.42251,-32.08774],[151.42288,-32.08777],[151.42284,-32.08809],[151.42248,-32.08815],[151.42242,-32.08924],[151.42221,-32.08929],[151.42255,-32.08968],[151.42231,-32.0901],[151.42187,-32.08993],[151.42152,-32.09026],[151.42185,-32.09043],[151.42176,-32.09089],[151.42119,-32.09105],[151.42119,-32.0903],[151.42136,-32.09022],[151.42175,-32.08949],[151.4214,-32.089],[151.42119,-32.08894],[151.42119,-32.08773],[151.42167,-32.08795],[151.42178,-32.08705],[151.42119,-32.08662],[151.42119,-32.08662],[151.42169,-32.08628]]]}},{"type":"Feature","properties":{"OBJECTID":9264769,"PCTID":3033,"PCTName":"Northern Escarpment Sassafras-Prickly Ash Rainforest","vegClass":"Northern Warm Temperate Rainforests","vegForm":"Rainforests"},"geometry":{"type":"Polygon","coordinates":[[[151.48023,-32.08876],[151.47998,-32.08918],[151.47956,-32.08915],[151.48023,-32.08876]]]}},{"type":"Feature","properties":{"OBJECTID":9264773,"PCTID":3288,"PCTName":"Northern Escarpment Messmate Moist Grassy Forest","vegClass":"Northern Tableland Wet Sclerophyll Forests","vegForm":"Wet Sclerophyll Forests (Grassy sub-formation)"},"geometry":{"type":"Polygon","coordinates":[[[151.47408,-32.08154],[151.47365,-32.08151],[151.47363,-32.08205],[151.47405,-32.08208],[151.47404,-32.08172],[151.47463,-32.08201],[151.47328,-32.08251],[151.47307,-32.08351],[151.47212,-32.08377],[151.47256,-32.08403],[151.47249,-32.08466],[151.47287,-32.08497],[151.47383,-32.08507],[151.47377,-32.08584],[151.4742,-32.08609],[151.47329,-32.08689],[151.47364,-32.08747],[151.47428,-32.08767],[151.47446,-32.08812],[151.47421,-32.08826],[151.47469,-32.08833],[151.47379,-32.0895],[151.47297,-32.08785],[151.47322,-32.08658],[151.47298,-32.08596],[151.47159,-32.08483],[151.47076,-32.08513],[151.47012,-32.08407],[151.46909,-32.08361],[151.46901,-32.08312],[151.47098,-32.08215],[151.47234,-32.08074],[151.47237,-32.08029],[151.4734,-32.08075],[151.47408,-32.08154]]]}},{"type":"Feature","properties":{"OBJECTID":9264774,"PCTID":3207,"PCTName":"Northern Escarpment Layered Blackbutt Fern Forest","vegClass":"Northern Escarpment Wet Sclerophyll Forests","vegForm":"Wet Sclerophyll Forests (Shrubby sub-formation)"},"geometry":{"type":"Polygon","coordinates":[[[151.50475,-32.08796],[151.50403,-32.08839],[151.50395,-32.08789],[151.50494,-32.08759],[151.50565,-32.08801],[151.50475,-32.08796]]]}},{"type":"Feature","properties":{"OBJECTID":9264776,"PCTID":3031,"PCTName":"Northern Escarpment Coachwood-Beech Rainforest","vegClass":"Northern Warm Temperate Rainforests","vegForm":"Rainforests"},"geometry":{"type":"Polygon","coordinates":[[[151.48031,-32.08826],[151.47958,-32.08852],[151.47951,-32.0892],[151.47912,-32.08889],[151.47824,-32.08933],[151.47883,-32.0885],[151.4804,-32.08794],[151.48031,-32.08826]]]}},{"type":"Feature","properties":{"OBJECTID":9264777,"PCTID":3207,"PCTName":"Northern Escarpment Layered Blackbutt Fern Forest","vegClass":"Northern Escarpment Wet Sclerophyll Forests","vegForm":"Wet Sclerophyll Forests (Shrubby sub-formation)"},"geometry":{"type":"Polygon","coordinates":[[[151.48325,-32.08865],[151.48326,-32.08901],[151.48269,-32.08913],[151.48249,-32.0885],[151.48325,-32.08865]]]}},{"type":"Feature","properties":{"OBJECTID":9264781,"PCTID":3285,"PCTName":"Lower North Escarpment Blue Gum Grassy Forest","vegClass":"Northern Hinterland Wet Sclerophyll Forests","vegForm":"Wet Sclerophyll Forests (Grassy sub-formation)"},"geometry":{"type":"Polygon","coordinates":[[[151.45944,-32.08681],[151.45905,-32.08759],[151.45942,-32.08758],[151.45966,-32.08798],[151.45989,-32.08743],[151.46007,-32.08778],[151.45982,-32.08815],[151.45955,-32.08803],[151.4595,-32.08907],[151.45897,-32.08909],[151.45865,-32.09014],[151.458,-32.0898],[151.45685,-32.09011],[151.45619,-32.08968],[151.45578,-32.08902],[151.45602,-32.08847],[151.45564,-32.08821],[151.45617,-32.08833],[151.45641,-32.08773],[151.45685,-32.08812],[151.45761,-32.08742],[151.4581,-32.08758],[151.45845,-32.08712],[151.45832,-32.08676],[151.4589,-32.08665],[151.45867,-32.0863],[151.45909,-32.08624],[151.45944,-32.08681]],[[151.45825,-32.08844],[151.45806,-32.08889],[151.45856,-32.08842],[151.45825,-32.08844]],[[151.45675,-32.0893],[151.45718,-32.08938],[151.45716,-32.08906],[151.45675,-32.0893]]]}},{"type":"Feature","properties":{"OBJECTID":9264792,"PCTID":3287,"PCTName":"Northern Escarpment Messmate Cool Wet Forest","vegClass":"Northern Tableland Wet Sclerophyll Forests","vegForm":"Wet Sclerophyll Forests (Grassy sub-formation)"},"geometry":{"type":"Polygon","coordinates":[[[151.47712,-32.08499],[151.47722,-32.08598],[151.47865,-32.08593],[151.47819,-32.08631],[151.47848,-32.08666],[151.47776,-32.08714],[151.47809,-32.08744],[151.47839,-32.08702],[151.47851,-32.08743],[151.47816,-32.08771],[151.478,-32.08875],[151.47757,-32.08872],[151.47735,-32.08964],[151.4768,-32.0892],[151.47628,-32.08936],[151.47618,-32.08855],[151.47669,-32.08812],[151.47594,-32.08689],[151.4769,-32.08703],[151.4764,-32.08655],[151.47696,-32.08608],[151.47691,-32.08514],[151.47658,-32.08474],[151.47765,-32.08497],[151.47712,-32.08499]],[[151.47702,-32.08613],[151.47709,-32.08644],[151.4774,-32.08643],[151.47728,-32.08612],[151.47702,-32.08613]]]}},{"type":"Feature","properties":{"OBJECTID":9264794,"PCTID":3052,"PCTName":"Northern Escarpment Antarctic Beech Rainforest","vegClass":"Cool Temperate Rainforests","vegForm":"Rainforests"},"geometry":{"type":"Polygon","coordinates":[[[151.44082,-32.09002],[151.44052,-32.09048],[151.44103,-32.091],[151.44049,-32.09089],[151.4402,-32.09044],[151.43962,-32.09042],[151.44017,-32.08977],[151.44082,-32.09002]]]}},{"type":"Feature","properties":{"OBJECTID":9264795,"PCTID":3052,"PCTName":"Northern Escarpment Antarctic Beech Rainforest","vegClass":"Cool Temperate Rainforests","vegForm":"Rainforests"},"geometry":{"type":"Polygon","coordinates":[[[151.51321,-32.08642],[151.51425,-32.08693],[151.51363,-32.08722],[151.51375,-32.08753],[151.51349,-32.08768],[151.51414,-32.08802],[151.51405,-32.08825],[151.5133,-32.08809],[151.51268,-32.08839],[151.51196,-32.08792],[151.51194,-32.08747],[151.51125,-32.0874],[151.51141,-32.08645],[151.51176,-32.08594],[151.51213,-32.08597],[151.51215,-32.08524],[151.51237,-32.08551],[151.51327,-32.08547],[151.51345,-32.08583],[151.51321,-32.08642]]]}},{"type":"Feature","properties":{"OBJECTID":9264799,"PCTID":3285,"PCTName":"Lower North Escarpment Blue Gum Grassy Forest","vegClass":"Northern Hinterland Wet Sclerophyll Forests","vegForm":"Wet Sclerophyll Forests (Grassy sub-formation)"},"geometry":{"type":"Polygon","coordinates":[[[151.45363,-32.08942],[151.45083,-32.08965],[151.44948,-32.09029],[151.44895,-32.09022],[151.44881,-32.09067],[151.44818,-32.09083],[151.4473,-32.09028],[151.44753,-32.08946],[151.44855,-32.08969],[151.44869,-32.08928],[151.44941,-32.08898],[151.45002,-32.08937],[151.45074,-32.08898],[151.44882,-32.08869],[151.44842,-32.08929],[151.44804,-32.08908],[151.44779,-32.08931],[151.44714,-32.08915],[151.4468,-32.08863],[151.44683,-32.08831],[151.44736,-32.08824],[151.44734,-32.08784],[151.45038,-32.08809],[151.45057,-32.08772],[151.44921,-32.08705],[151.44966,-32.08653],[151.45025,-32.0866],[151.45038,-32.08606],[151.45061,-32.08645],[151.45027,-32.0871],[151.45087,-32.0873],[151.45101,-32.08698],[151.45196,-32.0869],[151.4531,-32.08736],[151.45363,-32.08942]]]}},{"type":"Feature","properties":{"OBJECTID":9264807,"PCTID":3033,"PCTName":"Northern Escarpment Sassafras-Prickly Ash Rainforest","vegClass":"Northern Warm Temperate Rainforests","vegForm":"Rainforests"},"geometry":{"type":"Polygon","coordinates":[[[151.46656,-32.09026],[151.4668,-32.08966],[151.46719,-32.09005],[151.46656,-32.09026]]]}},{"type":"Feature","properties":{"OBJECTID":9264808,"PCTID":3207,"PCTName":"Northern Escarpment Layered Blackbutt Fern Forest","vegClass":"Northern Escarpment Wet Sclerophyll Forests","vegForm":"Wet Sclerophyll Forests (Shrubby sub-formation)"},"geometry":{"type":"Polygon","coordinates":[[[151.50371,-32.0884],[151.50314,-32.0886],[151.50326,-32.08891],[151.50252,-32.08894],[151.50252,-32.08795],[151.50369,-32.08808],[151.50371,-32.0884]]]}},{"type":"Feature","properties":{"OBJECTID":9264818,"PCTID":3354,"PCTName":"Liverpool Range Box-Silvertop Stringybark Forest","vegClass":"New England Grassy Woodlands","vegForm":"Grassy Woodlands"},"geometry":{"type":"Polygon","coordinates":[[[151.4627,-32.09053],[151.46243,-32.08928],[151.46113,-32.08978],[151.46042,-32.08953],[151.46023,-32.08994],[151.45948,-32.08979],[151.46071,-32.08898],[151.46157,-32.08908],[151.46182,-32.08876],[151.46361,-32.0886],[151.46361,-32.08955],[151.46414,-32.08967],[151.46432,-32.09007],[151.46365,-32.09041],[151.4627,-32.09053]]]}},{"type":"Feature","properties":{"OBJECTID":9264819,"PCTID":3207,"PCTName":"Northern Escarpment Layered Blackbutt Fern Forest","vegClass":"Northern Escarpment Wet Sclerophyll Forests","vegForm":"Wet Sclerophyll Forests (Shrubby sub-formation)"},"geometry":{"type":"Polygon","coordinates":[[[151.48204,-32.08992],[151.48132,-32.08945],[151.48169,-32.0893],[151.4825,-32.08963],[151.48204,-32.08992]]]}},{"type":"Feature","properties":{"OBJECTID":9264831,"PCTID":3288,"PCTName":"Northern Escarpment Messmate Moist Grassy Forest","vegClass":"Northern Tableland Wet Sclerophyll Forests","vegForm":"Wet Sclerophyll Forests (Grassy sub-formation)"},"geometry":{"type":"Polygon","coordinates":[[[151.48954,-32.08928],[151.48841,-32.09],[151.48784,-32.08925],[151.48912,-32.08934],[151.48713,-32.08883],[151.48789,-32.08821],[151.48954,-32.08838],[151.48994,-32.08778],[151.49043,-32.08807],[151.49092,-32.08733],[151.49135,-32.08745],[151.49233,-32.08679],[151.49307,-32.08676],[151.4934,-32.08598],[151.49383,-32.08605],[151.49449,-32.08544],[151.49565,-32.08526],[151.4952,-32.08483],[151.4954,-32.0845],[151.49702,-32.08521],[151.49711,-32.08489],[151.49759,-32.08488],[151.49746,-32.08434],[151.49781,-32.08392],[151.49894,-32.08424],[151.49886,-32.08474],[151.4992,-32.08522],[151.49802,-32.08504],[151.49742,-32.08574],[151.49764,-32.087],[151.49734,-32.08723],[151.49741,-32.08768],[151.49604,-32.08769],[151.49638,-32.08709],[151.49573,-32.08684],[151.49537,-32.086],[151.49505,-32.08596],[151.49459,-32.08643],[151.4954,-32.08663],[151.49537,-32.08717],[151.49475,-32.08751],[151.49508,-32.08768],[151.49493,-32.08791],[151.49415,-32.08821],[151.49429,-32.08893],[151.49344,-32.08873],[151.49304,-32.08825],[151.49157,-32.08848],[151.49137,-32.08885],[151.49002,-32.08931],[151.48954,-32.08928]],[[151.4963,-32.08655],[151.4971,-32.0867],[151.49681,-32.08626],[151.4963,-32.08655]]]}},{"type":"Feature","properties":{"OBJECTID":9264833,"PCTID":3052,"PCTName":"Northern Escarpment Antarctic Beech Rainforest","vegClass":"Cool Temperate Rainforests","vegForm":"Rainforests"},"geometry":{"type":"Polygon","coordinates":[[[151.44031,-32.09148],[151.43932,-32.09183],[151.4392,-32.09152],[151.43975,-32.091],[151.44031,-32.09148]]]}},{"type":"Feature","properties":{"OBJECTID":9264834,"PCTID":3288,"PCTName":"Northern Escarpment Messmate Moist Grassy Forest","vegClass":"Northern Tableland Wet Sclerophyll Forests","vegForm":"Wet Sclerophyll Forests (Grassy sub-formation)"},"geometry":{"type":"Polygon","coordinates":[[[151.47,-32.06588],[151.47069,-32.06581],[151.47124,-32.06619],[151.47044,-32.06717],[151.47092,-32.06833],[151.47061,-32.06956],[151.471,-32.06977],[151.47072,-32.07055],[151.46991,-32.07044],[151.47107,-32.07126],[151.47053,-32.07205],[151.46975,-32.07144],[151.46918,-32.07169],[151.46955,-32.07262],[151.47044,-32.07236],[151.4702,-32.07287],[151.47058,-32.07317],[151.46995,-32.07428],[151.47038,-32.0744],[151.47041,-32.07494],[151.47099,-32.07487],[151.47074,-32.07416],[151.47112,-32.07428],[151.4712,-32.07496],[151.47193,-32.0747],[151.47233,-32.07419],[151.47235,-32.07464],[151.47199,-32.07479],[151.47247,-32.07486],[151.47256,-32.07549],[151.47215,-32.07582],[151.4723,-32.07677],[151.47193,-32.07886],[151.47218,-32.0807],[151.47108,-32.08192],[151.46886,-32.08322],[151.46785,-32.08321],[151.46741,-32.08291],[151.46743,-32.08331],[151.46787,-32.08348],[151.46758,-32.08417],[151.46724,-32.08468],[151.46639,-32.08475],[151.46646,-32.08502],[151.46709,-32.08504],[151.46722,-32.0854],[151.46656,-32.08606],[151.46726,-32.08621],[151.46741,-32.08598],[151.46794,-32.0861],[151.46817,-32.08523],[151.469,-32.08497],[151.46857,-32.08481],[151.46861,-32.08454],[151.46909,-32.08465],[151.46948,-32.08396],[151.47019,-32.0843],[151.47066,-32.08518],[151.46981,-32.08625],[151.46968,-32.08694],[151.4686,-32.08747],[151.46861,-32.08783],[151.4683,-32.08793],[151.46847,-32.08815],[151.46807,-32.08862],[151.46806,-32.08943],[151.46746,-32.09013],[151.46759,-32.09071],[151.46716,-32.09055],[151.46723,-32.08982],[151.4668,-32.08966],[151.46655,-32.08994],[151.46642,-32.08958],[151.46595,-32.08965],[151.46576,-32.0901],[151.46506,-32.09004],[151.46568,-32.09074],[151.46548,-32.09088],[151.4646,-32.09028],[151.46398,-32.09067],[151.46365,-32.09036],[151.46431,-32.08989],[151.46361,-32.08955],[151.46372,-32.08869],[151.46313,-32.08857],[151.46514,-32.08828],[151.4655,-32.08718],[151.46464,-32.08689],[151.46538,-32.08673],[151.46582,-32.08721],[151.46625,-32.08715],[151.46626,-32.08647],[151.46673,-32.08632],[151.46571,-32.086],[151.4651,-32.08656],[151.46452,-32.08658],[151.46407,-32.08718],[151.4633,-32.08667],[151.46396,-32.08606],[151.46381,-32.08521],[151.46427,-32.08478],[151.46487,-32.08503],[151.46489,-32.08553],[151.46531,-32.08533],[151.46511,-32.08466],[151.4662,-32.08404],[151.4663,-32.08304],[151.46587,-32.08292],[151.46623,-32.08259],[151.4649,-32.08255],[151.46436,-32.08347],[151.46358,-32.08368],[151.46308,-32.08329],[151.46284,-32.0838],[151.46229,-32.08332],[151.46187,-32.08356],[151.46128,-32.08327],[151.46066,-32.08361],[151.45795,-32.08361],[151.45791,-32.08389],[151.45592,-32.08432],[151.45521,-32.08403],[151.45428,-32.08442],[151.45431,-32.08406],[151.45653,-32.08272],[151.45748,-32.08259],[151.45785,-32.08154],[151.45875,-32.08151],[151.45894,-32.08114],[151.45985,-32.08124],[151.46089,-32.08084],[151.46119,-32.08042],[151.46331,-32.08048],[151.46409,-32.08009],[151.46374,-32.0806],[151.46532,-32.08041],[151.46688,-32.08076],[151.46729,-32.08038],[151.46793,-32.08054],[151.46866,-32.0802],[151.46884,-32.07974],[151.46977,-32.07921],[151.46952,-32.0784],[151.47016,-32.07838],[151.47024,-32.07797],[151.4697,-32.07768],[151.46854,-32.07785],[151.46855,-32.07812],[151.46913,-32.07806],[151.4691,-32.07851],[151.46842,-32.07863],[151.46875,-32.07884],[151.46762,-32.0796],[151.46686,-32.07922],[151.4656,-32.0795],[151.46541,-32.07887],[151.4661,-32.07898],[151.46614,-32.07871],[151.46511,-32.07834],[151.46449,-32.07863],[151.46416,-32.07833],[151.46469,-32.07831],[151.46498,-32.07771],[151.46607,-32.0774],[151.46595,-32.07709],[151.46685,-32.0771],[151.46736,-32.0765],[151.46789,-32.07666],[151.46813,-32.07719],[151.46882,-32.07712],[151.46858,-32.07668],[151.46909,-32.07612],[151.46811,-32.0757],[151.46847,-32.07537],[151.46828,-32.07479],[151.46868,-32.07442],[151.46765,-32.074],[151.46729,-32.07523],[151.46687,-32.07529],[151.46678,-32.07561],[151.46671,-32.07521],[151.46573,-32.07583],[151.46477,-32.07564],[151.46489,-32.076],[151.46415,-32.07607],[151.46397,-32.07666],[151.46343,-32.07646],[151.46285,-32.07666],[151.46261,-32.07708],[151.46203,-32.07719],[151.46222,-32.07772],[151.45981,-32.07844],[151.45922,-32.07923],[151.45844,-32.07858],[151.45764,-32.07848],[151.45719,-32.07795],[151.45688,-32.0781],[151.45748,-32.07835],[151.4575,-32.07875],[151.45698,-32.07895],[151.45684,-32.07936],[151.4556,-32.07909],[151.45525,-32.07947],[151.45389,-32.07875],[151.45441,-32.07864],[151.45465,-32.07908],[151.45507,-32.07907],[151.45542,-32.0786],[151.45615,-32.07844],[151.4568,-32.07756],[151.45754,-32.07758],[151.45915,-32.07693],[151.45959,-32.07714],[151.45951,-32.07665],[151.46064,-32.07584],[151.46022,-32.07594],[151.45988,-32.0755],[151.45946,-32.07552],[151.45879,-32.076],[151.45765,-32.07549],[151.45738,-32.07641],[151.45703,-32.07588],[151.45635,-32.07599],[151.45657,-32.07617],[151.45603,-32.077],[151.45527,-32.07667],[151.45573,-32.07638],[151.45581,-32.07588],[151.45397,-32.07622],[151.45419,-32.07526],[151.45373,-32.0755],[151.45379,-32.07577],[151.4533,-32.07556],[151.45362,-32.07546],[151.45357,-32.07456],[151.45446,-32.07421],[151.45876,-32.07437],[151.45965,-32.0752],[151.46014,-32.07441],[151.46145,-32.07405],[151.46152,-32.07436],[151.46217,-32.07456],[151.46294,-32.07413],[151.46299,-32.07521],[151.46359,-32.0755],[151.4638,-32.07541],[151.46364,-32.07442],[151.46424,-32.07476],[151.46477,-32.07465],[151.46489,-32.07496],[151.46481,-32.07343],[151.4655,-32.07336],[151.46537,-32.07287],[151.46562,-32.07263],[151.46522,-32.0721],[151.46601,-32.07189],[151.46556,-32.07146],[151.46467,-32.07163],[151.46347,-32.0709],[151.46251,-32.07094],[151.46206,-32.07131],[151.46182,-32.07092],[151.46094,-32.07131],[151.45819,-32.07042],[151.45752,-32.06972],[151.45672,-32.06957],[151.45665,-32.06925],[151.45913,-32.06898],[151.45984,-32.06941],[151.46093,-32.06887],[151.46298,-32.0697],[151.46462,-32.06964],[151.46528,-32.07011],[151.46554,-32.06988],[151.46739,-32.07089],[151.46745,-32.06999],[151.46803,-32.06979],[151.46846,-32.07004],[151.46816,-32.06924],[151.46857,-32.06909],[151.46848,-32.06941],[151.46875,-32.0694],[151.469,-32.06912],[151.46878,-32.06895],[151.4693,-32.06884],[151.46785,-32.06839],[151.46767,-32.06804],[151.46939,-32.06847],[151.46924,-32.06762],[151.46869,-32.06723],[151.46876,-32.06651],[151.46838,-32.06625],[151.46823,-32.0654],[151.46892,-32.06542],[151.46926,-32.06477],[151.4698,-32.06489],[151.47,-32.06588]],[[151.46665,-32.08578],[151.4668,-32.08546],[151.46642,-32.08525],[151.46665,-32.08578]]]}},{"type":"Feature","properties":{"OBJECTID":9264835,"PCTID":3288,"PCTName":"Northern Escarpment Messmate Moist Grassy Forest","vegClass":"Northern Tableland Wet Sclerophyll Forests","vegForm":"Wet Sclerophyll Forests (Grassy sub-formation)"},"geometry":{"type":"Polygon","coordinates":[[[151.47075,-32.09024],[151.47023,-32.09039],[151.47024,-32.09071],[151.46975,-32.09046],[151.46892,-32.09071],[151.46915,-32.09012],[151.47046,-32.08971],[151.47075,-32.09024]]]}},{"type":"Feature","properties":{"OBJECTID":9264845,"PCTID":3032,"PCTName":"Northern Escarpment Sassafras-Booyong-Corkwood Rainforest","vegClass":"Northern Warm Temperate Rainforests","vegForm":"Rainforests"},"geometry":{"type":"Polygon","coordinates":[[[151.51611,-32.08916],[151.51561,-32.08878],[151.51515,-32.08906],[151.5147,-32.08863],[151.51496,-32.08848],[151.51473,-32.088],[151.51497,-32.08762],[151.51577,-32.08764],[151.51645,-32.08847],[151.51611,-32.08916]]]}},{"type":"Feature","properties":{"OBJECTID":9264846,"PCTID":3288,"PCTName":"Northern Escarpment Messmate Moist Grassy Forest","vegClass":"Northern Tableland Wet Sclerophyll Forests","vegForm":"Wet Sclerophyll Forests (Grassy sub-formation)"},"geometry":{"type":"Polygon","coordinates":[[[151.42124,-32.08892],[151.42174,-32.08931],[151.4217,-32.08967],[151.42131,-32.09027],[151.42119,-32.09032],[151.42119,-32.08892],[151.42124,-32.08892]]]}},{"type":"Feature","properties":{"OBJECTID":9264848,"PCTID":3285,"PCTName":"Lower North Escarpment Blue Gum Grassy Forest","vegClass":"Northern Hinterland Wet Sclerophyll Forests","vegForm":"Wet Sclerophyll Forests (Grassy sub-formation)"},"geometry":{"type":"Polygon","coordinates":[[[151.48153,-32.0893],[151.48133,-32.08954],[151.48284,-32.09002],[151.48145,-32.08989],[151.48168,-32.0902],[151.48042,-32.09056],[151.4794,-32.09024],[151.47949,-32.08987],[151.4791,-32.08957],[151.48023,-32.0889],[151.4796,-32.08892],[151.47953,-32.08865],[151.4804,-32.08794],[151.48096,-32.0886],[151.4811,-32.08828],[151.48179,-32.08816],[151.48238,-32.08837],[151.4823,-32.08783],[151.48344,-32.08833],[151.48443,-32.08793],[151.4842,-32.08862],[151.48373,-32.08873],[151.48406,-32.08894],[151.48373,-32.08976],[151.48402,-32.0903],[151.4825,-32.08963],[151.48153,-32.0893]],[[151.48269,-32.08913],[151.48326,-32.08901],[151.48325,-32.08865],[151.48249,-32.0885],[151.48269,-32.08913]]]}},{"type":"Feature","properties":{"OBJECTID":9264849,"PCTID":3207,"PCTName":"Northern Escarpment Layered Blackbutt Fern Forest","vegClass":"Northern Escarpment Wet Sclerophyll Forests","vegForm":"Wet Sclerophyll Forests (Shrubby sub-formation)"},"geometry":{"type":"Polygon","coordinates":[[[151.49991,-32.08985],[151.50003,-32.08908],[151.50032,-32.08952],[151.49991,-32.08985]]]}},{"type":"Feature","properties":{"OBJECTID":9264852,"PCTID":3207,"PCTName":"Northern Escarpment Layered Blackbutt Fern Forest","vegClass":"Northern Escarpment Wet Sclerophyll Forests","vegForm":"Wet Sclerophyll Forests (Shrubby sub-formation)"},"geometry":{"type":"Polygon","coordinates":[[[151.47911,-32.0898],[151.47949,-32.08987],[151.4794,-32.09024],[151.47995,-32.09063],[151.47841,-32.09059],[151.47796,-32.09002],[151.47694,-32.08983],[151.47703,-32.08956],[151.47815,-32.08961],[151.4787,-32.08895],[151.47928,-32.08889],[151.47935,-32.0892],[151.47911,-32.0898]]]}},{"type":"Feature","properties":{"OBJECTID":9264859,"PCTID":3201,"PCTName":"Mid North Escarpment Blue Gum Moist Forest","vegClass":"Northern Escarpment Wet Sclerophyll Forests","vegForm":"Wet Sclerophyll Forests (Shrubby sub-formation)"},"geometry":{"type":"Polygon","coordinates":[[[151.5041,-32.08983],[151.50325,-32.08977],[151.50377,-32.08953],[151.5041,-32.08983]]]}},{"type":"Feature","properties":{"OBJECTID":9264863,"PCTID":3288,"PCTName":"Northern Escarpment Messmate Moist Grassy Forest","vegClass":"Northern Tableland Wet Sclerophyll Forests","vegForm":"Wet Sclerophyll Forests (Grassy sub-formation)"},"geometry":{"type":"Polygon","coordinates":[[[151.42211,-32.05835],[151.42308,-32.05764],[151.423,-32.05715],[151.42515,-32.05657],[151.42539,-32.05607],[151.42637,-32.05549],[151.42707,-32.05583],[151.428,-32.0553],[151.42886,-32.05545],[151.42964,-32.05515],[151.4305,-32.05543],[151.43152,-32.05576],[151.42985,-32.05613],[151.42981,-32.05645],[151.42944,-32.05651],[151.42824,-32.05578],[151.42848,-32.05632],[151.42804,-32.05706],[151.42745,-32.05699],[151.42679,-32.05755],[151.4255,-32.05719],[151.42514,-32.05757],[151.42613,-32.05825],[151.42723,-32.05799],[151.42788,-32.05824],[151.42764,-32.05874],[151.42787,-32.059],[151.42827,-32.05863],[151.42923,-32.05859],[151.42951,-32.05908],[151.42983,-32.05893],[151.42975,-32.05858],[151.43062,-32.05891],[151.43021,-32.0591],[151.43055,-32.05954],[151.43011,-32.06032],[151.42916,-32.06144],[151.42918,-32.06194],[151.42949,-32.06184],[151.42983,-32.06223],[151.42887,-32.06317],[151.42886,-32.06398],[151.43159,-32.06456],[151.43247,-32.06516],[151.43374,-32.06516],[151.43534,-32.06628],[151.4353,-32.06664],[151.43573,-32.06667],[151.43559,-32.06713],[151.43587,-32.06743],[151.43666,-32.06731],[151.43701,-32.06793],[151.43742,-32.06774],[151.43937,-32.06839],[151.43892,-32.06895],[151.43942,-32.06938],[151.43951,-32.0701],[151.43817,-32.06997],[151.43761,-32.07044],[151.43712,-32.07019],[151.43678,-32.0707],[151.43649,-32.07035],[151.43569,-32.07024],[151.43604,-32.07077],[151.43536,-32.07097],[151.43532,-32.07012],[151.43439,-32.0706],[151.43336,-32.07019],[151.43295,-32.06939],[151.43309,-32.06907],[151.43231,-32.06842],[151.43198,-32.06924],[151.43254,-32.06986],[151.43177,-32.0693],[151.43103,-32.06932],[151.43192,-32.07015],[151.43299,-32.07034],[151.43276,-32.07089],[151.43499,-32.07094],[151.43517,-32.07148],[151.43707,-32.07132],[151.43716,-32.071],[151.43834,-32.07114],[151.43922,-32.07074],[151.43961,-32.07105],[151.43948,-32.07164],[151.43976,-32.07199],[151.43918,-32.0721],[151.43898,-32.07333],[151.43797,-32.07336],[151.43794,-32.07391],[151.43739,-32.07338],[151.43698,-32.07376],[151.43666,-32.07364],[151.43697,-32.07254],[151.43675,-32.07228],[151.43636,-32.07288],[151.43552,-32.07318],[151.43571,-32.07376],[151.43545,-32.07395],[151.43373,-32.07347],[151.43312,-32.0739],[151.43289,-32.07359],[151.43243,-32.07392],[151.4321,-32.07376],[151.43162,-32.07468],[151.43184,-32.07489],[151.4323,-32.07456],[151.43221,-32.07592],[151.43309,-32.07661],[151.43285,-32.07712],[151.43243,-32.07718],[151.43284,-32.07797],[151.43256,-32.07866],[151.43358,-32.07885],[151.43408,-32.07929],[151.43412,-32.0801],[151.43563,-32.08076],[151.43497,-32.08129],[151.43454,-32.08121],[151.43441,-32.0818],[151.43469,-32.08193],[151.43498,-32.08142],[151.43526,-32.08173],[151.43589,-32.08161],[151.43607,-32.08201],[151.43718,-32.08188],[151.43954,-32.08238],[151.43924,-32.08289],[151.43829,-32.08293],[151.43801,-32.08262],[151.43692,-32.08316],[151.43633,-32.08309],[151.43611,-32.08382],[151.43559,-32.08402],[151.43698,-32.08442],[151.43581,-32.08437],[151.436,-32.08491],[151.43552,-32.08492],[151.43554,-32.08524],[151.43616,-32.08594],[151.43664,-32.08601],[151.43683,-32.08664],[151.4393,-32.08614],[151.43947,-32.08636],[151.43896,-32.08688],[151.43965,-32.08681],[151.43982,-32.08707],[151.44023,-32.08683],[151.44131,-32.08702],[151.44066,-32.08677],[151.44059,-32.08646],[151.44223,-32.0864],[151.44225,-32.08572],[151.44357,-32.08554],[151.44397,-32.08516],[151.44467,-32.08527],[151.44476,-32.08495],[151.44875,-32.08535],[151.44878,-32.0858],[151.44808,-32.08664],[151.44852,-32.08707],[151.449,-32.08606],[151.45002,-32.0862],[151.45025,-32.08651],[151.44966,-32.08653],[151.44921,-32.08705],[151.44981,-32.08734],[151.44881,-32.08751],[151.44821,-32.08717],[151.44743,-32.08747],[151.44719,-32.08689],[151.4463,-32.0872],[151.4465,-32.08687],[151.44627,-32.08652],[151.44588,-32.08717],[151.44543,-32.08682],[151.44448,-32.0869],[151.44445,-32.08736],[151.44323,-32.08735],[151.44332,-32.08798],[151.44243,-32.08829],[151.44251,-32.08874],[151.44112,-32.0887],[151.43989,-32.08946],[151.4393,-32.09039],[151.43759,-32.09117],[151.43768,-32.09207],[151.437,-32.09214],[151.4368,-32.09246],[151.43663,-32.09211],[151.43579,-32.09232],[151.43545,-32.09202],[151.43554,-32.09161],[151.43606,-32.09132],[151.43472,-32.09123],[151.43412,-32.09071],[151.43472,-32.09001],[151.43437,-32.08953],[151.43506,-32.08937],[151.43445,-32.08898],[151.43489,-32.08815],[151.43434,-32.08772],[151.43387,-32.08792],[151.43264,-32.08765],[151.43465,-32.08649],[151.4345,-32.08573],[151.43497,-32.08553],[151.43351,-32.08387],[151.43401,-32.08326],[151.43427,-32.08203],[151.43398,-32.08159],[151.43412,-32.08123],[151.43357,-32.08079],[151.43256,-32.08079],[151.43196,-32.08148],[151.43148,-32.08146],[151.43145,-32.08186],[151.43058,-32.08253],[151.42994,-32.08255],[151.42991,-32.08296],[151.42885,-32.08304],[151.4283,-32.0836],[151.42756,-32.08368],[151.42737,-32.08413],[151.42689,-32.08415],[151.42654,-32.08457],[151.42635,-32.08503],[151.42664,-32.08547],[151.42568,-32.08541],[151.42477,-32.08631],[151.42443,-32.08591],[151.42468,-32.08559],[151.4242,-32.08551],[151.42529,-32.08493],[151.42481,-32.08391],[151.42539,-32.08389],[151.42555,-32.08284],[151.42602,-32.0826],[151.42656,-32.0829],[151.42676,-32.08258],[151.42606,-32.08228],[151.42635,-32.08182],[151.42623,-32.08147],[151.42586,-32.08148],[151.42603,-32.0808],[151.42669,-32.08122],[151.42731,-32.08093],[151.42765,-32.08119],[151.42714,-32.08062],[151.42739,-32.08029],[151.42885,-32.08087],[151.42953,-32.08062],[151.42811,-32.07986],[151.42805,-32.07964],[151.42884,-32.07965],[151.42802,-32.0791],[151.42746,-32.07952],[151.42786,-32.07901],[151.42773,-32.07852],[151.42681,-32.07941],[151.42632,-32.07911],[151.42556,-32.07973],[151.42481,-32.07966],[151.4249,-32.07926],[151.42547,-32.07905],[151.42514,-32.07889],[151.42534,-32.07847],[151.42626,-32.0779],[151.42674,-32.07797],[151.42672,-32.07756],[151.42719,-32.07737],[151.4269,-32.07679],[151.42637,-32.07685],[151.42613,-32.07641],[151.42568,-32.07692],[151.42561,-32.07765],[151.42504,-32.07686],[151.4254,-32.07666],[151.42543,-32.07607],[151.42498,-32.07555],[151.42507,-32.07518],[151.42544,-32.07517],[151.42552,-32.07476],[151.42619,-32.07532],[151.42692,-32.07507],[151.42726,-32.07556],[151.42976,-32.07565],[151.42985,-32.07546],[151.42909,-32.07513],[151.42902,-32.07468],[151.4286,-32.0747],[151.42814,-32.07413],[151.42969,-32.07429],[151.4303,-32.07481],[151.43088,-32.07475],[151.43108,-32.07443],[151.43056,-32.07359],[151.43045,-32.0726],[151.43012,-32.07238],[151.42794,-32.07224],[151.42792,-32.07174],[151.42691,-32.07178],[151.42758,-32.07234],[151.42666,-32.07201],[151.42587,-32.07213],[151.42574,-32.07268],[151.42521,-32.07175],[151.42422,-32.0721],[151.42437,-32.07182],[151.42395,-32.07098],[151.42498,-32.07022],[151.42536,-32.07034],[151.42603,-32.07009],[151.42607,-32.06973],[151.42696,-32.06961],[151.42731,-32.06905],[151.42816,-32.06911],[151.42798,-32.0688],[151.42829,-32.06852],[151.42653,-32.06732],[151.42591,-32.06766],[151.42548,-32.06745],[151.42519,-32.06705],[151.42553,-32.06632],[151.42514,-32.06592],[151.42533,-32.06551],[151.42463,-32.06526],[151.42465,-32.06572],[151.42413,-32.06605],[151.42432,-32.06659],[151.42379,-32.06669],[151.42408,-32.06709],[151.42372,-32.06728],[151.42374,-32.06774],[151.42412,-32.06799],[151.4235,-32.06815],[151.42344,-32.06924],[151.42298,-32.06957],[151.42306,-32.06997],[151.42347,-32.06982],[151.42303,-32.07043],[151.42331,-32.07078],[151.4229,-32.07106],[151.42267,-32.07066],[151.42224,-32.07163],[151.42182,-32.07187],[151.42176,-32.07277],[151.42269,-32.07337],[151.42207,-32.07358],[151.42178,-32.07314],[151.42136,-32.07315],[151.42119,-32.07329],[151.42119,-32.07198],[151.42119,-32.07198],[151.42119,-32.07198],[151.42119,-32.06386],[151.42182,-32.06424],[151.42189,-32.0636],[151.42143,-32.06389],[151.42125,-32.06344],[151.42119,-32.06348],[151.42119,-32.05828],[151.42211,-32.05835]],[[151.42582,-32.05628],[151.42595,-32.05673],[151.42678,-32.05633],[151.42665,-32.05593],[151.42582,-32.05628]],[[151.42758,-32.05635],[151.42801,-32.05661],[151.4282,-32.05615],[151.42758,-32.05635]],[[151.42527,-32.05901],[151.42542,-32.05995],[151.42464,-32.0603],[151.42422,-32.06022],[151.42463,-32.06007],[151.42459,-32.05926],[151.42298,-32.0599],[151.42212,-32.05966],[151.42158,-32.06059],[151.42312,-32.06157],[151.42363,-32.06241],[151.42406,-32.06239],[151.42409,-32.0619],[151.42457,-32.06197],[151.42478,-32.063],[151.42403,-32.06294],[151.42501,-32.06331],[151.42526,-32.06316],[151.42537,-32.06203],[151.42504,-32.06182],[151.42584,-32.06201],[151.4261,-32.06178],[151.42482,-32.06074],[151.42387,-32.06082],[151.42466,-32.06066],[151.42485,-32.06029],[151.42529,-32.06045],[151.42553,-32.06103],[151.42684,-32.0608],[151.42712,-32.06102],[151.42736,-32.0606],[151.42698,-32.0603],[151.42712,-32.06007],[151.42782,-32.06018],[151.42785,-32.05968],[151.42728,-32.05898],[151.42655,-32.05914],[151.42527,-32.05901]],[[151.42622,-32.06205],[151.42618,-32.06245],[151.42695,-32.06292],[151.42757,-32.06258],[151.42827,-32.06278],[151.42818,-32.06206],[151.42755,-32.06231],[151.42722,-32.06192],[151.42622,-32.06205]],[[151.42573,-32.06504],[151.42596,-32.06544],[151.42697,-32.06545],[151.42701,-32.06513],[151.42647,-32.06502],[151.4265,-32.06465],[151.42602,-32.06445],[151.42599,-32.06494],[151.42573,-32.06504]],[[151.42831,-32.06581],[151.42873,-32.06566],[151.42846,-32.06549],[151.42831,-32.06581]],[[151.42895,-32.06583],[151.42933,-32.06604],[151.42909,-32.06555],[151.42895,-32.06583]],[[151.43031,-32.06646],[151.43065,-32.0669],[151.43156,-32.06714],[151.43197,-32.06681],[151.43261,-32.06687],[151.43176,-32.06591],[151.43119,-32.06607],[151.43037,-32.06564],[151.43031,-32.06646]],[[151.43071,-32.07024],[151.43037,-32.07093],[151.42999,-32.07072],[151.42937,-32.07101],[151.42981,-32.07136],[151.4308,-32.07096],[151.43139,-32.07112],[151.43164,-32.07093],[151.43147,-32.07066],[151.43216,-32.07068],[151.43117,-32.07004],[151.4313,-32.07044],[151.43071,-32.07024]],[[151.42951,-32.07715],[151.42839,-32.07805],[151.42878,-32.07848],[151.42931,-32.07837],[151.43005,-32.07735],[151.43063,-32.07711],[151.43051,-32.07688],[151.42951,-32.07715]],[[151.42821,-32.07868],[151.42812,-32.079],[151.42855,-32.07903],[151.42912,-32.07987],[151.4297,-32.07976],[151.42935,-32.07909],[151.42949,-32.07882],[151.42884,-32.07853],[151.42821,-32.07868]],[[151.43936,-32.0874],[151.43816,-32.08776],[151.43843,-32.08793],[151.43835,-32.0883],[151.43945,-32.08803],[151.43979,-32.08748],[151.43945,-32.08699],[151.43936,-32.0874]]]}},{"type":"Feature","properties":{"OBJECTID":9264865,"PCTID":3053,"PCTName":"Northern Escarpment Sassafras Rainforest","vegClass":"Cool Temperate Rainforests","vegForm":"Rainforests"},"geometry":{"type":"Polygon","coordinates":[[[151.51719,-32.08949],[151.51693,-32.08959],[151.51496,-32.08939],[151.51556,-32.08878],[151.51611,-32.08916],[151.51645,-32.08847],[151.51716,-32.08885],[151.51719,-32.08949]]]}},{"type":"Feature","properties":{"OBJECTID":9264868,"PCTID":3031,"PCTName":"Northern Escarpment Coachwood-Beech Rainforest","vegClass":"Northern Warm Temperate Rainforests","vegForm":"Rainforests"},"geometry":{"type":"Polygon","coordinates":[[[151.47641,-32.09094],[151.47698,-32.09073],[151.47679,-32.09106],[151.47641,-32.09094]]]}},{"type":"Feature","properties":{"OBJECTID":9264872,"PCTID":3033,"PCTName":"Northern Escarpment Sassafras-Prickly Ash Rainforest","vegClass":"Northern Warm Temperate Rainforests","vegForm":"Rainforests"},"geometry":{"type":"Polygon","coordinates":[[[151.46661,-32.09129],[151.46572,-32.09155],[151.46565,-32.09115],[151.46612,-32.0909],[151.46661,-32.09129]]]}},{"type":"Feature","properties":{"OBJECTID":9264880,"PCTID":3033,"PCTName":"Northern Escarpment Sassafras-Prickly Ash Rainforest","vegClass":"Northern Warm Temperate Rainforests","vegForm":"Rainforests"},"geometry":{"type":"Polygon","coordinates":[[[151.47638,-32.09139],[151.47595,-32.09131],[151.47549,-32.09047],[151.47602,-32.0905],[151.47641,-32.09103],[151.47638,-32.09139]]]}},{"type":"Feature","properties":{"OBJECTID":9264881,"PCTID":3052,"PCTName":"Northern Escarpment Antarctic Beech Rainforest","vegClass":"Cool Temperate Rainforests","vegForm":"Rainforests"},"geometry":{"type":"Polygon","coordinates":[[[151.51118,-32.0893],[151.51202,-32.08904],[151.51231,-32.08845],[151.51357,-32.08935],[151.51339,-32.08981],[151.51271,-32.09006],[151.51184,-32.08977],[151.51118,-32.0893]]]}},{"type":"Feature","properties":{"OBJECTID":9264898,"PCTID":3207,"PCTName":"Northern Escarpment Layered Blackbutt Fern Forest","vegClass":"Northern Escarpment Wet Sclerophyll Forests","vegForm":"Wet Sclerophyll Forests (Shrubby sub-formation)"},"geometry":{"type":"Polygon","coordinates":[[[151.50143,-32.09043],[151.50207,-32.09054],[151.50198,-32.09081],[151.50165,-32.09073],[151.50143,-32.09043]]]}},{"type":"Feature","properties":{"OBJECTID":9264911,"PCTID":3031,"PCTName":"Northern Escarpment Coachwood-Beech Rainforest","vegClass":"Northern Warm Temperate Rainforests","vegForm":"Rainforests"},"geometry":{"type":"MultiPolygon","coordinates":[[[[151.51864,-32.08568],[151.51858,-32.08668],[151.51802,-32.08593],[151.5177,-32.0859],[151.51756,-32.08631],[151.51711,-32.08592],[151.5172,-32.08551],[151.5166,-32.08526],[151.51606,-32.08406],[151.51648,-32.08382],[151.51743,-32.08487],[151.51791,-32.0849],[151.51713,-32.08407],[151.51806,-32.08372],[151.51794,-32.08345],[151.5184,-32.08312],[151.51822,-32.08272],[151.51859,-32.08252],[151.51829,-32.08195],[151.51881,-32.08202],[151.51881,-32.08564],[151.51864,-32.08568]]],[[[151.51863,-32.08139],[151.51881,-32.08134],[151.51881,-32.08197],[151.51863,-32.08139]]]]}},{"type":"Feature","properties":{"OBJECTID":9264921,"PCTID":3288,"PCTName":"Northern Escarpment Messmate Moist Grassy Forest","vegClass":"Northern Tableland Wet Sclerophyll Forests","vegForm":"Wet Sclerophyll Forests (Grassy sub-formation)"},"geometry":{"type":"Polygon","coordinates":[[[151.46191,-32.09164],[151.46188,-32.09219],[151.46087,-32.09218],[151.46079,-32.09254],[151.46032,-32.0927],[151.45978,-32.09258],[151.45969,-32.09186],[151.45917,-32.09202],[151.45915,-32.09165],[151.45993,-32.09131],[151.45965,-32.091],[151.45999,-32.0904],[151.45944,-32.08997],[151.46023,-32.08994],[151.46042,-32.08953],[151.46113,-32.08978],[151.46243,-32.08928],[151.46281,-32.09062],[151.46191,-32.09164]]]}},{"type":"Feature","properties":{"OBJECTID":9264927,"PCTID":3031,"PCTName":"Northern Escarpment Coachwood-Beech Rainforest","vegClass":"Northern Warm Temperate Rainforests","vegForm":"Rainforests"},"geometry":{"type":"Polygon","coordinates":[[[151.47684,-32.09209],[151.47655,-32.09165],[151.47698,-32.09164],[151.47737,-32.09212],[151.47684,-32.09209]]]}},{"type":"Feature","properties":{"OBJECTID":9264939,"PCTID":3288,"PCTName":"Northern Escarpment Messmate Moist Grassy Forest","vegClass":"Northern Tableland Wet Sclerophyll Forests","vegForm":"Wet Sclerophyll Forests (Grassy sub-formation)"},"geometry":{"type":"Polygon","coordinates":[[[151.46879,-32.09248],[151.46647,-32.09265],[151.46778,-32.09224],[151.46723,-32.09195],[151.46775,-32.09179],[151.46779,-32.09139],[151.4686,-32.09181],[151.46884,-32.0913],[151.46922,-32.09147],[151.46979,-32.09118],[151.46981,-32.09149],[151.47028,-32.09147],[151.47069,-32.09114],[151.47098,-32.09154],[151.47041,-32.09183],[151.46879,-32.09248]]]}},{"type":"Feature","properties":{"OBJECTID":9264945,"PCTID":3285,"PCTName":"Lower North Escarpment Blue Gum Grassy Forest","vegClass":"Northern Hinterland Wet Sclerophyll Forests","vegForm":"Wet Sclerophyll Forests (Grassy sub-formation)"},"geometry":{"type":"Polygon","coordinates":[[[151.45966,-32.09114],[151.45993,-32.09131],[151.45915,-32.09165],[151.45917,-32.09202],[151.45969,-32.09186],[151.45978,-32.09258],[151.46032,-32.0927],[151.45975,-32.09312],[151.4592,-32.09269],[151.45805,-32.093],[151.45819,-32.09268],[151.45756,-32.09271],[151.45737,-32.09204],[151.45782,-32.09166],[151.45765,-32.09135],[151.45835,-32.09146],[151.45841,-32.09064],[151.45893,-32.0904],[151.45989,-32.0905],[151.45966,-32.09114]]]}},{"type":"Feature","properties":{"OBJECTID":9264948,"PCTID":3031,"PCTName":"Northern Escarpment Coachwood-Beech Rainforest","vegClass":"Northern Warm Temperate Rainforests","vegForm":"Rainforests"},"geometry":{"type":"Polygon","coordinates":[[[151.47867,-32.09252],[151.47818,-32.09236],[151.47792,-32.09147],[151.47708,-32.09163],[151.47707,-32.09141],[151.47802,-32.09137],[151.47865,-32.0923],[151.47867,-32.09252]]]}},{"type":"Feature","properties":{"OBJECTID":9264950,"PCTID":3288,"PCTName":"Northern Escarpment Messmate Moist Grassy Forest","vegClass":"Northern Tableland Wet Sclerophyll Forests","vegForm":"Wet Sclerophyll Forests (Grassy sub-formation)"},"geometry":{"type":"Polygon","coordinates":[[[151.42658,-32.09392],[151.42656,-32.09446],[151.42617,-32.09407],[151.42401,-32.09451],[151.42324,-32.09395],[151.42288,-32.09414],[151.42158,-32.09365],[151.42233,-32.09371],[151.42272,-32.09311],[151.42306,-32.09346],[151.42396,-32.09338],[151.42392,-32.09365],[151.42451,-32.09386],[151.42626,-32.09384],[151.42658,-32.09392]]]}},{"type":"Feature","properties":{"OBJECTID":9264959,"PCTID":3032,"PCTName":"Northern Escarpment Sassafras-Booyong-Corkwood Rainforest","vegClass":"Northern Warm Temperate Rainforests","vegForm":"Rainforests"},"geometry":{"type":"Polygon","coordinates":[[[151.46866,-32.09302],[151.4677,-32.09288],[151.46831,-32.09231],[151.46879,-32.09248],[151.46866,-32.09302]]]}},{"type":"Feature","properties":{"OBJECTID":9264961,"PCTID":3032,"PCTName":"Northern Escarpment Sassafras-Booyong-Corkwood Rainforest","vegClass":"Northern Warm Temperate Rainforests","vegForm":"Rainforests"},"geometry":{"type":"Polygon","coordinates":[[[151.46636,-32.09266],[151.46628,-32.0932],[151.46584,-32.09286],[151.46608,-32.09235],[151.46636,-32.09266]]]}},{"type":"Feature","properties":{"OBJECTID":9264966,"PCTID":3100,"PCTName":"Northern Hinterland Baloghia-Dendrocnide Subtropical Rainforest","vegClass":"Subtropical Rainforests","vegForm":"Rainforests"},"geometry":{"type":"Polygon","coordinates":[[[151.45364,-32.09384],[151.45352,-32.09367],[151.45389,-32.0937],[151.45364,-32.09384]]]}},{"type":"Feature","properties":{"OBJECTID":9264968,"PCTID":3287,"PCTName":"Northern Escarpment Messmate Cool Wet Forest","vegClass":"Northern Tableland Wet Sclerophyll Forests","vegForm":"Wet Sclerophyll Forests (Grassy sub-formation)"},"geometry":{"type":"Polygon","coordinates":[[[151.51036,-32.09181],[151.51029,-32.0915],[151.51072,-32.09162],[151.51036,-32.09181]]]}},{"type":"Feature","properties":{"OBJECTID":9264975,"PCTID":3287,"PCTName":"Northern Escarpment Messmate Cool Wet Forest","vegClass":"Northern Tableland Wet Sclerophyll Forests","vegForm":"Wet Sclerophyll Forests (Grassy sub-formation)"},"geometry":{"type":"Polygon","coordinates":[[[151.50983,-32.09197],[151.50808,-32.09095],[151.5079,-32.0915],[151.50773,-32.09119],[151.50698,-32.09108],[151.50679,-32.09059],[151.5071,-32.09031],[151.50768,-32.09038],[151.50763,-32.08929],[151.50888,-32.08893],[151.50934,-32.08964],[151.50934,-32.09068],[151.50969,-32.09017],[151.51045,-32.09046],[151.50977,-32.09071],[151.50954,-32.09139],[151.51051,-32.09068],[151.51089,-32.09089],[151.51029,-32.0915],[151.50983,-32.09197]]]}},{"type":"Feature","properties":{"OBJECTID":9264979,"PCTID":3032,"PCTName":"Northern Escarpment Sassafras-Booyong-Corkwood Rainforest","vegClass":"Northern Warm Temperate Rainforests","vegForm":"Rainforests"},"geometry":{"type":"Polygon","coordinates":[[[151.487,-32.09254],[151.48906,-32.09246],[151.48812,-32.09277],[151.48763,-32.09256],[151.48749,-32.09283],[151.487,-32.09254]]]}},{"type":"Feature","properties":{"OBJECTID":9264983,"PCTID":3033,"PCTName":"Northern Escarpment Sassafras-Prickly Ash Rainforest","vegClass":"Northern Warm Temperate Rainforests","vegForm":"Rainforests"},"geometry":{"type":"Polygon","coordinates":[[[151.45267,-32.0937],[151.45254,-32.09415],[151.45131,-32.09393],[151.45094,-32.0929],[151.45162,-32.0927],[151.45186,-32.09327],[151.45256,-32.09356],[151.45281,-32.09324],[151.45324,-32.09331],[151.45336,-32.09363],[151.45305,-32.09377],[151.45267,-32.0937]]]}},{"type":"Feature","properties":{"OBJECTID":9264984,"PCTID":3032,"PCTName":"Northern Escarpment Sassafras-Booyong-Corkwood Rainforest","vegClass":"Northern Warm Temperate Rainforests","vegForm":"Rainforests"},"geometry":{"type":"Polygon","coordinates":[[[151.45562,-32.09327],[151.45649,-32.09365],[151.45608,-32.09398],[151.45562,-32.09327]]]}},{"type":"Feature","properties":{"OBJECTID":9264989,"PCTID":3201,"PCTName":"Mid North Escarpment Blue Gum Moist Forest","vegClass":"Northern Escarpment Wet Sclerophyll Forests","vegForm":"Wet Sclerophyll Forests (Shrubby sub-formation)"},"geometry":{"type":"Polygon","coordinates":[[[151.49919,-32.09231],[151.49803,-32.09258],[151.49812,-32.09222],[151.49869,-32.09202],[151.49815,-32.09172],[151.49829,-32.09135],[151.49987,-32.09121],[151.49919,-32.09231]]]}},{"type":"Feature","properties":{"OBJECTID":9264997,"PCTID":3285,"PCTName":"Lower North Escarpment Blue Gum Grassy Forest","vegClass":"Northern Hinterland Wet Sclerophyll Forests","vegForm":"Wet Sclerophyll Forests (Grassy sub-formation)"},"geometry":{"type":"Polygon","coordinates":[[[151.49969,-32.09275],[151.49926,-32.09263],[151.49998,-32.09233],[151.49969,-32.09275]]]}},{"type":"Feature","properties":{"OBJECTID":9265002,"PCTID":3033,"PCTName":"Northern Escarpment Sassafras-Prickly Ash Rainforest","vegClass":"Northern Warm Temperate Rainforests","vegForm":"Rainforests"},"geometry":{"type":"Polygon","coordinates":[[[151.51802,-32.09221],[151.51738,-32.09219],[151.51809,-32.09157],[151.51827,-32.09188],[151.51802,-32.09221]]]}},{"type":"Feature","properties":{"OBJECTID":9265005,"PCTID":3201,"PCTName":"Mid North Escarpment Blue Gum Moist Forest","vegClass":"Northern Escarpment Wet Sclerophyll Forests","vegForm":"Wet Sclerophyll Forests (Shrubby sub-formation)"},"geometry":{"type":"Polygon","coordinates":[[[151.45286,-32.09419],[151.45299,-32.09468],[151.45205,-32.09399],[151.45254,-32.09415],[151.45286,-32.09419]]]}},{"type":"Feature","properties":{"OBJECTID":9265009,"PCTID":3288,"PCTName":"Northern Escarpment Messmate Moist Grassy Forest","vegClass":"Northern Tableland Wet Sclerophyll Forests","vegForm":"Wet Sclerophyll Forests (Grassy sub-formation)"},"geometry":{"type":"Polygon","coordinates":[[[151.47631,-32.09107],[151.47602,-32.0905],[151.47549,-32.09047],[151.47595,-32.09131],[151.47684,-32.0911],[151.47687,-32.0916],[151.47655,-32.09165],[151.47684,-32.09209],[151.47784,-32.09201],[151.47756,-32.0927],[151.47797,-32.09246],[151.47795,-32.09196],[151.47731,-32.09185],[151.47719,-32.09158],[151.47745,-32.09148],[151.47798,-32.09151],[151.47801,-32.0921],[151.47851,-32.09253],[151.47876,-32.0922],[151.48003,-32.0922],[151.48126,-32.09135],[151.48185,-32.09146],[151.48252,-32.09107],[151.48289,-32.09101],[151.4834,-32.09163],[151.48236,-32.09216],[151.4825,-32.09279],[151.48136,-32.09234],[151.48033,-32.09287],[151.48045,-32.09323],[151.47936,-32.09358],[151.47718,-32.09357],[151.47666,-32.09386],[151.47514,-32.09202],[151.47379,-32.08954],[151.4748,-32.08959],[151.47488,-32.09],[151.47514,-32.0899],[151.47548,-32.09029],[151.47584,-32.09014],[151.47646,-32.09084],[151.47631,-32.09107]]]}},{"type":"Feature","properties":{"OBJECTID":9265011,"PCTID":0,"PCTName":"Not classified","vegClass":"Not classified","vegForm":"Not classified"},"geometry":{"type":"MultiPolygon","coordinates":[[[[151.47226,-32.08559],[151.47146,-32.08538],[151.47205,-32.08545],[151.47226,-32.08559]]],[[[151.47309,-32.08613],[151.47297,-32.08785],[151.47347,-32.08847],[151.4738,-32.08977],[151.47667,-32.09395],[151.47498,-32.09198],[151.47382,-32.09004],[151.47331,-32.08843],[151.47275,-32.08773],[151.47299,-32.08623],[151.47272,-32.08589],[151.47309,-32.08613]]]]}},{"type":"Feature","properties":{"OBJECTID":9265015,"PCTID":3032,"PCTName":"Northern Escarpment Sassafras-Booyong-Corkwood Rainforest","vegClass":"Northern Warm Temperate Rainforests","vegForm":"Rainforests"},"geometry":{"type":"Polygon","coordinates":[[[151.46481,-32.09443],[151.46426,-32.09404],[151.46474,-32.09412],[151.46481,-32.09443]]]}},{"type":"Feature","properties":{"OBJECTID":9265019,"PCTID":3100,"PCTName":"Northern Hinterland Baloghia-Dendrocnide Subtropical Rainforest","vegClass":"Subtropical Rainforests","vegForm":"Rainforests"},"geometry":{"type":"Polygon","coordinates":[[[151.44917,-32.09477],[151.4499,-32.09452],[151.45035,-32.09495],[151.44917,-32.09477]]]}},{"type":"Feature","properties":{"OBJECTID":9265027,"PCTID":3032,"PCTName":"Northern Escarpment Sassafras-Booyong-Corkwood Rainforest","vegClass":"Northern Warm Temperate Rainforests","vegForm":"Rainforests"},"geometry":{"type":"Polygon","coordinates":[[[151.4634,-32.0938],[151.4632,-32.09413],[151.46303,-32.09382],[151.46203,-32.09403],[151.46191,-32.09481],[151.46102,-32.09403],[151.46132,-32.09365],[151.46206,-32.09354],[151.46266,-32.09383],[151.46295,-32.09341],[151.46344,-32.09353],[151.46411,-32.09319],[151.46492,-32.09352],[151.46408,-32.09369],[151.4634,-32.0938]]]}},{"type":"Feature","properties":{"OBJECTID":9265030,"PCTID":3207,"PCTName":"Northern Escarpment Layered Blackbutt Fern Forest","vegClass":"Northern Escarpment Wet Sclerophyll Forests","vegForm":"Wet Sclerophyll Forests (Shrubby sub-formation)"},"geometry":{"type":"Polygon","coordinates":[[[151.50745,-32.09305],[151.50672,-32.09326],[151.50614,-32.09238],[151.50656,-32.09227],[151.50663,-32.09258],[151.50726,-32.09238],[151.50642,-32.09164],[151.507,-32.09153],[151.50756,-32.09205],[151.50745,-32.09305]]]}},{"type":"Feature","properties":{"OBJECTID":9265033,"PCTID":3207,"PCTName":"Northern Escarpment Layered Blackbutt Fern Forest","vegClass":"Northern Escarpment Wet Sclerophyll Forests","vegForm":"Wet Sclerophyll Forests (Shrubby sub-formation)"},"geometry":{"type":"Polygon","coordinates":[[[151.47811,-32.09408],[151.47829,-32.09353],[151.47936,-32.09358],[151.48045,-32.09314],[151.48078,-32.0934],[151.47988,-32.09347],[151.47991,-32.09406],[151.47865,-32.09424],[151.47811,-32.09408]]]}},{"type":"Feature","properties":{"OBJECTID":9265036,"PCTID":3052,"PCTName":"Northern Escarpment Antarctic Beech Rainforest","vegClass":"Cool Temperate Rainforests","vegForm":"Rainforests"},"geometry":{"type":"Polygon","coordinates":[[[151.51632,-32.09119],[151.51661,-32.09176],[151.51587,-32.09175],[151.51587,-32.09279],[151.51477,-32.0931],[151.51479,-32.09237],[151.5154,-32.09181],[151.51436,-32.09131],[151.51418,-32.09077],[151.51556,-32.08986],[151.51549,-32.08946],[151.51688,-32.08959],[151.51632,-32.09119]]]}},{"type":"Feature","properties":{"OBJECTID":9265039,"PCTID":3033,"PCTName":"Northern Escarpment Sassafras-Prickly Ash Rainforest","vegClass":"Northern Warm Temperate Rainforests","vegForm":"Rainforests"},"geometry":{"type":"Polygon","coordinates":[[[151.47146,-32.08538],[151.4725,-32.08602],[151.472,-32.08667],[151.47223,-32.08698],[151.47189,-32.08762],[151.47085,-32.08802],[151.46954,-32.08929],[151.47013,-32.08945],[151.47217,-32.08888],[151.47217,-32.08996],[151.47286,-32.08994],[151.4733,-32.09033],[151.47345,-32.09213],[151.47388,-32.09238],[151.47414,-32.09332],[151.47377,-32.09333],[151.4737,-32.09397],[151.47325,-32.09353],[151.47276,-32.09432],[151.47193,-32.09471],[151.47122,-32.09438],[151.47115,-32.09388],[151.47084,-32.09416],[151.47072,-32.09376],[151.47018,-32.09369],[151.4707,-32.09336],[151.4702,-32.09306],[151.47035,-32.09283],[151.46972,-32.09299],[151.47112,-32.09221],[151.47099,-32.09186],[151.47041,-32.09192],[151.47097,-32.09136],[151.47053,-32.09115],[151.46981,-32.09149],[151.46979,-32.09118],[151.46937,-32.09128],[151.4694,-32.09087],[151.46899,-32.09103],[151.46849,-32.09059],[151.46807,-32.09079],[151.46799,-32.0902],[151.46746,-32.09013],[151.46806,-32.08943],[151.46807,-32.08862],[151.4686,-32.08747],[151.46968,-32.08694],[151.4705,-32.08528],[151.47141,-32.08543],[151.4708,-32.08495],[151.47159,-32.08483],[151.47205,-32.08545],[151.47146,-32.08538]],[[151.46915,-32.09012],[151.46892,-32.09071],[151.46975,-32.09046],[151.47024,-32.09071],[151.47023,-32.09039],[151.47075,-32.09024],[151.47046,-32.08971],[151.46915,-32.09012]]]}},{"type":"Feature","properties":{"OBJECTID":9265040,"PCTID":3033,"PCTName":"Northern Escarpment Sassafras-Prickly Ash Rainforest","vegClass":"Northern Warm Temperate Rainforests","vegForm":"Rainforests"},"geometry":{"type":"Polygon","coordinates":[[[151.50014,-32.08596],[151.49924,-32.08807],[151.49962,-32.08823],[151.49965,-32.08783],[151.50002,-32.08781],[151.50029,-32.08902],[151.50003,-32.08908],[151.49991,-32.08985],[151.50095,-32.08949],[151.50108,-32.0899],[151.50066,-32.08996],[151.50074,-32.09045],[151.50118,-32.09084],[151.50138,-32.09047],[151.50165,-32.09073],[151.50106,-32.09161],[151.50137,-32.09251],[151.5005,-32.09195],[151.50073,-32.09126],[151.50012,-32.09079],[151.49993,-32.0912],[151.49829,-32.09135],[151.49805,-32.09181],[151.49721,-32.09194],[151.49691,-32.0924],[151.49596,-32.09248],[151.49562,-32.09317],[151.4952,-32.09327],[151.49528,-32.09381],[151.49491,-32.09383],[151.4948,-32.09266],[151.49458,-32.09253],[151.49424,-32.09313],[151.49342,-32.09253],[151.49329,-32.09316],[151.49296,-32.09187],[151.49438,-32.09059],[151.49514,-32.09102],[151.49527,-32.09034],[151.49618,-32.09048],[151.49616,-32.09021],[151.49525,-32.08998],[151.49512,-32.08944],[151.4944,-32.08897],[151.49447,-32.09023],[151.49403,-32.08993],[151.49412,-32.08966],[151.49364,-32.08954],[151.49335,-32.09018],[151.4926,-32.09012],[151.49147,-32.08966],[151.49155,-32.08921],[151.49128,-32.08908],[151.49041,-32.08966],[151.49002,-32.08944],[151.49037,-32.08902],[151.49137,-32.08885],[151.49157,-32.08848],[151.49304,-32.08825],[151.49344,-32.08873],[151.49429,-32.08893],[151.49415,-32.08821],[151.49493,-32.08791],[151.49508,-32.08768],[151.49475,-32.08751],[151.49537,-32.08717],[151.4954,-32.08663],[151.49459,-32.08643],[151.49505,-32.08596],[151.49537,-32.086],[151.49573,-32.08684],[151.49638,-32.08709],[151.49604,-32.08769],[151.49741,-32.08768],[151.49766,-32.08523],[151.4986,-32.08493],[151.49894,-32.08532],[151.4992,-32.08522],[151.49886,-32.08474],[151.49894,-32.08424],[151.49809,-32.08418],[151.49791,-32.08392],[151.49746,-32.08434],[151.49759,-32.08488],[151.49711,-32.08489],[151.49702,-32.08521],[151.4954,-32.0845],[151.4952,-32.08483],[151.49565,-32.08526],[151.49449,-32.08544],[151.49383,-32.08605],[151.4934,-32.08598],[151.49307,-32.08676],[151.49233,-32.08679],[151.4913,-32.08745],[151.49098,-32.08729],[151.49216,-32.08657],[151.4914,-32.08619],[151.49072,-32.08648],[151.49085,-32.08589],[151.49026,-32.08569],[151.4912,-32.08547],[151.49123,-32.08493],[151.4907,-32.08499],[151.49074,-32.08472],[151.49015,-32.0847],[151.49025,-32.08447],[151.48987,-32.08426],[151.49071,-32.08418],[151.49063,-32.08364],[151.49163,-32.08351],[151.49153,-32.0846],[151.4918,-32.08477],[151.49231,-32.08435],[151.49227,-32.08358],[151.49338,-32.08349],[151.49336,-32.08304],[151.49374,-32.08321],[151.49361,-32.08276],[151.49525,-32.08257],[151.49617,-32.08294],[151.49645,-32.08225],[151.49719,-32.08227],[151.49802,-32.08278],[151.49793,-32.08319],[151.49847,-32.08335],[151.49871,-32.08384],[151.49952,-32.08413],[151.50019,-32.08379],[151.50001,-32.08443],[151.50027,-32.08433],[151.50014,-32.08596]],[[151.49284,-32.08424],[151.49527,-32.08419],[151.49516,-32.08393],[151.49335,-32.08386],[151.49284,-32.08424]],[[151.4941,-32.08509],[151.49508,-32.08461],[151.49401,-32.08433],[151.4941,-32.08509]]]}},{"type":"Feature","properties":{"OBJECTID":9265045,"PCTID":3032,"PCTName":"Northern Escarpment Sassafras-Booyong-Corkwood Rainforest","vegClass":"Northern Warm Temperate Rainforests","vegForm":"Rainforests"},"geometry":{"type":"Polygon","coordinates":[[[151.51869,-32.09291],[151.51767,-32.09272],[151.51764,-32.09218],[151.51802,-32.09221],[151.51816,-32.09189],[151.5187,-32.09209],[151.51881,-32.09199],[151.51881,-32.09286],[151.51869,-32.09291]]]}},{"type":"Feature","properties":{"OBJECTID":9265052,"PCTID":3099,"PCTName":"Northern Escarpment Shatterwood Dry Rainforest","vegClass":"Dry Rainforests","vegForm":"Rainforests"},"geometry":{"type":"Polygon","coordinates":[[[151.51871,-32.09322],[151.51878,-32.09268],[151.51881,-32.09268],[151.51881,-32.09316],[151.51871,-32.09322]]]}},{"type":"Feature","properties":{"OBJECTID":9265056,"PCTID":3207,"PCTName":"Northern Escarpment Layered Blackbutt Fern Forest","vegClass":"Northern Escarpment Wet Sclerophyll Forests","vegForm":"Wet Sclerophyll Forests (Shrubby sub-formation)"},"geometry":{"type":"Polygon","coordinates":[[[151.47877,-32.09464],[151.47886,-32.09437],[151.4791,-32.09477],[151.47877,-32.09464]]]}},{"type":"Feature","properties":{"OBJECTID":9265057,"PCTID":3100,"PCTName":"Northern Hinterland Baloghia-Dendrocnide Subtropical Rainforest","vegClass":"Subtropical Rainforests","vegForm":"Rainforests"},"geometry":{"type":"Polygon","coordinates":[[[151.4958,-32.09343],[151.49548,-32.09358],[151.49566,-32.09389],[151.49534,-32.09386],[151.49541,-32.09417],[151.4952,-32.09327],[151.49557,-32.09322],[151.4958,-32.09343]]]}},{"type":"Feature","properties":{"OBJECTID":9265058,"PCTID":3285,"PCTName":"Lower North Escarpment Blue Gum Grassy Forest","vegClass":"Northern Hinterland Wet Sclerophyll Forests","vegForm":"Wet Sclerophyll Forests (Grassy sub-formation)"},"geometry":{"type":"Polygon","coordinates":[[[151.49755,-32.09359],[151.49698,-32.09371],[151.497,-32.09411],[151.49668,-32.09412],[151.49643,-32.09341],[151.49562,-32.09312],[151.49596,-32.09248],[151.49649,-32.09255],[151.49721,-32.09194],[151.49831,-32.09167],[151.49869,-32.09202],[151.49812,-32.09222],[151.49803,-32.09258],[151.49755,-32.09359]]]}},{"type":"Feature","properties":{"OBJECTID":9265062,"PCTID":3033,"PCTName":"Northern Escarpment Sassafras-Prickly Ash Rainforest","vegClass":"Northern Warm Temperate Rainforests","vegForm":"Rainforests"},"geometry":{"type":"Polygon","coordinates":[[[151.49318,-32.09416],[151.49327,-32.09393],[151.4937,-32.09405],[151.49318,-32.09416]]]}},{"type":"Feature","properties":{"OBJECTID":9265063,"PCTID":3201,"PCTName":"Mid North Escarpment Blue Gum Moist Forest","vegClass":"Northern Escarpment Wet Sclerophyll Forests","vegForm":"Wet Sclerophyll Forests (Shrubby sub-formation)"},"geometry":{"type":"Polygon","coordinates":[[[151.5096,-32.09365],[151.50941,-32.09302],[151.5088,-32.09345],[151.5086,-32.09278],[151.50786,-32.09272],[151.5081,-32.09226],[151.50673,-32.0915],[151.5066,-32.09105],[151.50771,-32.092],[151.50867,-32.09206],[151.5088,-32.09255],[151.50938,-32.09244],[151.50888,-32.09196],[151.51002,-32.0925],[151.51055,-32.09357],[151.5096,-32.09365]]]}},{"type":"Feature","properties":{"OBJECTID":9265079,"PCTID":3032,"PCTName":"Northern Escarpment Sassafras-Booyong-Corkwood Rainforest","vegClass":"Northern Warm Temperate Rainforests","vegForm":"Rainforests"},"geometry":{"type":"Polygon","coordinates":[[[151.45141,-32.09605],[151.45118,-32.09565],[151.45178,-32.09594],[151.45141,-32.09605]]]}},{"type":"Feature","properties":{"OBJECTID":9265080,"PCTID":3168,"PCTName":"Northern Hinterland Brush Box-Quince Wet Forest","vegClass":"North Coast Wet Sclerophyll Forests","vegForm":"Wet Sclerophyll Forests (Shrubby sub-formation)"},"geometry":{"type":"Polygon","coordinates":[[[151.51039,-32.09357],[151.51107,-32.09341],[151.51136,-32.09381],[151.51039,-32.09357]]]}},{"type":"Feature","properties":{"OBJECTID":9265081,"PCTID":3100,"PCTName":"Northern Hinterland Baloghia-Dendrocnide Subtropical Rainforest","vegClass":"Subtropical Rainforests","vegForm":"Rainforests"},"geometry":{"type":"Polygon","coordinates":[[[151.44934,-32.09603],[151.44861,-32.09615],[151.44798,-32.09522],[151.44934,-32.09603]]]}},{"type":"Feature","properties":{"OBJECTID":9265091,"PCTID":3285,"PCTName":"Lower North Escarpment Blue Gum Grassy Forest","vegClass":"Northern Hinterland Wet Sclerophyll Forests","vegForm":"Wet Sclerophyll Forests (Grassy sub-formation)"},"geometry":{"type":"Polygon","coordinates":[[[151.44526,-32.09609],[151.44557,-32.09599],[151.44592,-32.09652],[151.44526,-32.09609]]]}},{"type":"Feature","properties":{"OBJECTID":9265096,"PCTID":3287,"PCTName":"Northern Escarpment Messmate Cool Wet Forest","vegClass":"Northern Tableland Wet Sclerophyll Forests","vegForm":"Wet Sclerophyll Forests (Grassy sub-formation)"},"geometry":{"type":"Polygon","coordinates":[[[151.4419,-32.09671],[151.44129,-32.09632],[151.44204,-32.09643],[151.4419,-32.09671]]]}},{"type":"Feature","properties":{"OBJECTID":9265101,"PCTID":3032,"PCTName":"Northern Escarpment Sassafras-Booyong-Corkwood Rainforest","vegClass":"Northern Warm Temperate Rainforests","vegForm":"Rainforests"},"geometry":{"type":"Polygon","coordinates":[[[151.49009,-32.095],[151.4894,-32.09498],[151.48942,-32.09434],[151.49012,-32.09445],[151.49009,-32.095]]]}},{"type":"Feature","properties":{"OBJECTID":9265103,"PCTID":3033,"PCTName":"Northern Escarpment Sassafras-Prickly Ash Rainforest","vegClass":"Northern Warm Temperate Rainforests","vegForm":"Rainforests"},"geometry":{"type":"Polygon","coordinates":[[[151.44428,-32.09671],[151.44343,-32.09665],[151.44305,-32.09531],[151.4441,-32.09518],[151.44436,-32.094],[151.4455,-32.09341],[151.44605,-32.0938],[151.44609,-32.09461],[151.44589,-32.09494],[151.44504,-32.09488],[151.44508,-32.09564],[151.44478,-32.09597],[151.44522,-32.09627],[151.44428,-32.09671]]]}},{"type":"Feature","properties":{"OBJECTID":9265109,"PCTID":3285,"PCTName":"Lower North Escarpment Blue Gum Grassy Forest","vegClass":"Northern Hinterland Wet Sclerophyll Forests","vegForm":"Wet Sclerophyll Forests (Grassy sub-formation)"},"geometry":{"type":"Polygon","coordinates":[[[151.44238,-32.09687],[151.44204,-32.09634],[151.44316,-32.09653],[151.44238,-32.09687]]]}},{"type":"Feature","properties":{"OBJECTID":9265115,"PCTID":3032,"PCTName":"Northern Escarpment Sassafras-Booyong-Corkwood Rainforest","vegClass":"Northern Warm Temperate Rainforests","vegForm":"Rainforests"},"geometry":{"type":"Polygon","coordinates":[[[151.45542,-32.0945],[151.45525,-32.09428],[151.4549,-32.0947],[151.45539,-32.09491],[151.45499,-32.09551],[151.45554,-32.09585],[151.45404,-32.09654],[151.45304,-32.09563],[151.45327,-32.09498],[151.45289,-32.09486],[151.45352,-32.09475],[151.45386,-32.0951],[151.45449,-32.0949],[151.45414,-32.09437],[151.45254,-32.0942],[151.45252,-32.09384],[151.45374,-32.09384],[151.4553,-32.09315],[151.45584,-32.0943],[151.45542,-32.0945]]]}},{"type":"Feature","properties":{"OBJECTID":9265116,"PCTID":3288,"PCTName":"Northern Escarpment Messmate Moist Grassy Forest","vegClass":"Northern Tableland Wet Sclerophyll Forests","vegForm":"Wet Sclerophyll Forests (Grassy sub-formation)"},"geometry":{"type":"Polygon","coordinates":[[[151.46601,-32.09615],[151.46536,-32.0959],[151.46604,-32.09565],[151.46601,-32.09615]]]}},{"type":"Feature","properties":{"OBJECTID":9265119,"PCTID":3288,"PCTName":"Northern Escarpment Messmate Moist Grassy Forest","vegClass":"Northern Tableland Wet Sclerophyll Forests","vegForm":"Wet Sclerophyll Forests (Grassy sub-formation)"},"geometry":{"type":"Polygon","coordinates":[[[151.47533,-32.09373],[151.47544,-32.09273],[151.47478,-32.0923],[151.47475,-32.09267],[151.47519,-32.09297],[151.47512,-32.09369],[151.47466,-32.09416],[151.47434,-32.09408],[151.47405,-32.09468],[151.47368,-32.0946],[151.47297,-32.0954],[151.4724,-32.09551],[151.47241,-32.09578],[151.47076,-32.0957],[151.4704,-32.09599],[151.47001,-32.09555],[151.46956,-32.09606],[151.46959,-32.0957],[151.46883,-32.09528],[151.46713,-32.0952],[151.46694,-32.09453],[151.46675,-32.09513],[151.46608,-32.09547],[151.46575,-32.09525],[151.46466,-32.09579],[151.46317,-32.09562],[151.46307,-32.09472],[151.46261,-32.09406],[151.46303,-32.09382],[151.4632,-32.09413],[151.46403,-32.09364],[151.46411,-32.09427],[151.46455,-32.09466],[151.46453,-32.0953],[151.46504,-32.09483],[151.46474,-32.09412],[151.46537,-32.09405],[151.46551,-32.09359],[151.4661,-32.09375],[151.46629,-32.09334],[151.46668,-32.09359],[151.4673,-32.09335],[151.46747,-32.09361],[151.46848,-32.09357],[151.47035,-32.09283],[151.4702,-32.09306],[151.4707,-32.09336],[151.47018,-32.09369],[151.47072,-32.09376],[151.47084,-32.09416],[151.47115,-32.09388],[151.47122,-32.09438],[151.47193,-32.09471],[151.47276,-32.09432],[151.47325,-32.09353],[151.4737,-32.09397],[151.47412,-32.09283],[151.47345,-32.09213],[151.47319,-32.0901],[151.47217,-32.08996],[151.47217,-32.08888],[151.46954,-32.08938],[151.46988,-32.08873],[151.47026,-32.08881],[151.47085,-32.08802],[151.47179,-32.08776],[151.47223,-32.08698],[151.472,-32.08667],[151.47251,-32.08611],[151.47232,-32.08562],[151.47299,-32.08623],[151.47275,-32.08773],[151.47331,-32.08843],[151.47382,-32.09004],[151.47651,-32.09391],[151.47533,-32.09373]]]}},{"type":"Feature","properties":{"OBJECTID":9265122,"PCTID":3157,"PCTName":"Lower North Escarpment Blue Gum Wet Forest","vegClass":"North Coast Wet Sclerophyll Forests","vegForm":"Wet Sclerophyll Forests (Shrubby sub-formation)"},"geometry":{"type":"Polygon","coordinates":[[[151.46161,-32.09635],[151.46082,-32.09647],[151.46053,-32.09585],[151.45979,-32.09597],[151.45967,-32.09575],[151.46007,-32.09519],[151.46097,-32.0952],[151.46173,-32.09544],[151.46207,-32.09593],[151.46161,-32.09635]]]}},{"type":"Feature","properties":{"OBJECTID":9265124,"PCTID":3285,"PCTName":"Lower North Escarpment Blue Gum Grassy Forest","vegClass":"Northern Hinterland Wet Sclerophyll Forests","vegForm":"Wet Sclerophyll Forests (Grassy sub-formation)"},"geometry":{"type":"Polygon","coordinates":[[[151.47818,-32.09557],[151.47762,-32.0959],[151.47749,-32.0955],[151.47818,-32.09557]]]}},{"type":"Feature","properties":{"OBJECTID":9265127,"PCTID":3100,"PCTName":"Northern Hinterland Baloghia-Dendrocnide Subtropical Rainforest","vegClass":"Subtropical Rainforests","vegForm":"Rainforests"},"geometry":{"type":"Polygon","coordinates":[[[151.44816,-32.09675],[151.44847,-32.09665],[151.44886,-32.09704],[151.44816,-32.09675]]]}},{"type":"Feature","properties":{"OBJECTID":9265128,"PCTID":3032,"PCTName":"Northern Escarpment Sassafras-Booyong-Corkwood Rainforest","vegClass":"Northern Warm Temperate Rainforests","vegForm":"Rainforests"},"geometry":{"type":"Polygon","coordinates":[[[151.49195,-32.09506],[151.49065,-32.09552],[151.49025,-32.09508],[151.49088,-32.09488],[151.49059,-32.09439],[151.49096,-32.09424],[151.49195,-32.09506]]]}},{"type":"Feature","properties":{"OBJECTID":9265129,"PCTID":3100,"PCTName":"Northern Hinterland Baloghia-Dendrocnide Subtropical Rainforest","vegClass":"Subtropical Rainforests","vegForm":"Rainforests"},"geometry":{"type":"Polygon","coordinates":[[[151.50478,-32.09491],[151.50449,-32.09442],[151.50491,-32.09418],[151.50557,-32.09479],[151.50478,-32.09491]]]}},{"type":"Feature","properties":{"OBJECTID":9265130,"PCTID":3033,"PCTName":"Northern Escarpment Sassafras-Prickly Ash Rainforest","vegClass":"Northern Warm Temperate Rainforests","vegForm":"Rainforests"},"geometry":{"type":"Polygon","coordinates":[[[151.44759,-32.09713],[151.44742,-32.09682],[151.4479,-32.09685],[151.44759,-32.09713]]]}},{"type":"Feature","properties":{"OBJECTID":9265140,"PCTID":3288,"PCTName":"Northern Escarpment Messmate Moist Grassy Forest","vegClass":"Northern Tableland Wet Sclerophyll Forests","vegForm":"Wet Sclerophyll Forests (Grassy sub-formation)"},"geometry":{"type":"Polygon","coordinates":[[[151.49264,-32.09287],[151.49246,-32.09252],[151.49193,-32.09258],[151.49202,-32.09335],[151.4908,-32.09321],[151.49056,-32.09372],[151.49002,-32.09351],[151.48993,-32.09396],[151.49027,-32.0944],[151.48899,-32.09418],[151.48848,-32.09469],[151.48856,-32.09519],[151.48789,-32.09553],[151.48725,-32.09542],[151.48711,-32.09587],[151.48677,-32.09539],[151.48647,-32.09576],[151.48608,-32.0955],[151.48685,-32.09493],[151.48621,-32.09482],[151.48614,-32.09455],[151.48656,-32.0944],[151.48627,-32.09392],[151.48651,-32.09337],[151.48744,-32.09302],[151.48763,-32.09256],[151.48807,-32.09277],[151.48901,-32.09255],[151.48784,-32.0925],[151.48778,-32.09224],[151.48882,-32.09179],[151.48936,-32.09105],[151.49105,-32.09085],[151.49244,-32.08999],[151.49335,-32.09018],[151.49353,-32.08954],[151.49412,-32.08966],[151.49403,-32.08993],[151.49447,-32.09023],[151.49424,-32.08897],[151.49512,-32.08944],[151.49558,-32.09019],[151.49616,-32.09021],[151.49618,-32.09048],[151.49527,-32.09034],[151.49514,-32.09102],[151.49448,-32.09059],[151.49391,-32.09084],[151.49296,-32.09187],[151.49325,-32.09244],[151.49305,-32.09272],[151.49264,-32.09287]]]}},{"type":"Feature","properties":{"OBJECTID":9265143,"PCTID":3287,"PCTName":"Northern Escarpment Messmate Cool Wet Forest","vegClass":"Northern Tableland Wet Sclerophyll Forests","vegForm":"Wet Sclerophyll Forests (Grassy sub-formation)"},"geometry":{"type":"Polygon","coordinates":[[[151.44095,-32.09692],[151.44016,-32.09695],[151.4395,-32.09765],[151.43927,-32.09734],[151.43958,-32.09702],[151.43904,-32.09681],[151.43905,-32.09708],[151.43857,-32.0971],[151.43839,-32.09661],[151.43858,-32.09628],[151.43949,-32.0963],[151.43942,-32.09594],[151.43992,-32.09655],[151.44104,-32.09651],[151.44095,-32.09692]]]}},{"type":"Feature","properties":{"OBJECTID":9265144,"PCTID":3100,"PCTName":"Northern Hinterland Baloghia-Dendrocnide Subtropical Rainforest","vegClass":"Subtropical Rainforests","vegForm":"Rainforests"},"geometry":{"type":"Polygon","coordinates":[[[151.44653,-32.09699],[151.44726,-32.09683],[151.44665,-32.09739],[151.44653,-32.09699]]]}},{"type":"Feature","properties":{"OBJECTID":9265145,"PCTID":3288,"PCTName":"Northern Escarpment Messmate Moist Grassy Forest","vegClass":"Northern Tableland Wet Sclerophyll Forests","vegForm":"Wet Sclerophyll Forests (Grassy sub-formation)"},"geometry":{"type":"Polygon","coordinates":[[[151.49832,-32.09515],[151.49831,-32.09483],[151.49872,-32.09468],[151.49928,-32.09516],[151.49924,-32.09547],[151.49832,-32.09515]]]}},{"type":"Feature","properties":{"OBJECTID":9265146,"PCTID":3033,"PCTName":"Northern Escarpment Sassafras-Prickly Ash Rainforest","vegClass":"Northern Warm Temperate Rainforests","vegForm":"Rainforests"},"geometry":{"type":"Polygon","coordinates":[[[151.44909,-32.09735],[151.44903,-32.09717],[151.4493,-32.09725],[151.44909,-32.09735]]]}},{"type":"Feature","properties":{"OBJECTID":9265147,"PCTID":3100,"PCTName":"Northern Hinterland Baloghia-Dendrocnide Subtropical Rainforest","vegClass":"Subtropical Rainforests","vegForm":"Rainforests"},"geometry":{"type":"Polygon","coordinates":[[[151.45217,-32.09633],[151.45159,-32.09649],[151.45183,-32.09702],[151.45147,-32.09726],[151.45044,-32.0968],[151.44998,-32.09718],[151.44935,-32.09716],[151.45088,-32.09602],[151.45178,-32.09594],[151.45217,-32.09633]]]}},{"type":"Feature","properties":{"OBJECTID":9265148,"PCTID":3052,"PCTName":"Northern Escarpment Antarctic Beech Rainforest","vegClass":"Cool Temperate Rainforests","vegForm":"Rainforests"},"geometry":{"type":"Polygon","coordinates":[[[151.51854,-32.09409],[151.51861,-32.09449],[151.51783,-32.09484],[151.51732,-32.09409],[151.51781,-32.09335],[151.51747,-32.09295],[151.51869,-32.09291],[151.51871,-32.09322],[151.51881,-32.09316],[151.51881,-32.09386],[151.51854,-32.09409]]]}},{"type":"Feature","properties":{"OBJECTID":9265152,"PCTID":3032,"PCTName":"Northern Escarpment Sassafras-Booyong-Corkwood Rainforest","vegClass":"Northern Warm Temperate Rainforests","vegForm":"Rainforests"},"geometry":{"type":"Polygon","coordinates":[[[151.46308,-32.09693],[151.46257,-32.09636],[151.46317,-32.09666],[151.46455,-32.09661],[151.46413,-32.09685],[151.46308,-32.09693]]]}},{"type":"Feature","properties":{"OBJECTID":9265154,"PCTID":3033,"PCTName":"Northern Escarpment Sassafras-Prickly Ash Rainforest","vegClass":"Northern Warm Temperate Rainforests","vegForm":"Rainforests"},"geometry":{"type":"Polygon","coordinates":[[[151.44623,-32.09754],[151.44637,-32.09713],[151.44665,-32.09739],[151.44623,-32.09754]]]}},{"type":"Feature","properties":{"OBJECTID":9265158,"PCTID":3285,"PCTName":"Lower North Escarpment Blue Gum Grassy Forest","vegClass":"Northern Hinterland Wet Sclerophyll Forests","vegForm":"Wet Sclerophyll Forests (Grassy sub-formation)"},"geometry":{"type":"Polygon","coordinates":[[[151.44539,-32.09766],[151.44389,-32.09731],[151.44337,-32.09751],[151.44281,-32.09694],[151.44327,-32.09652],[151.44428,-32.09671],[151.44527,-32.09627],[151.44615,-32.09682],[151.44539,-32.09766]]]}},{"type":"Feature","properties":{"OBJECTID":9265160,"PCTID":3285,"PCTName":"Lower North Escarpment Blue Gum Grassy Forest","vegClass":"Northern Hinterland Wet Sclerophyll Forests","vegForm":"Wet Sclerophyll Forests (Grassy sub-formation)"},"geometry":{"type":"Polygon","coordinates":[[[151.44973,-32.09737],[151.44989,-32.09741],[151.44984,-32.09755],[151.44973,-32.09737]]]}},{"type":"Feature","properties":{"OBJECTID":9265167,"PCTID":3285,"PCTName":"Lower North Escarpment Blue Gum Grassy Forest","vegClass":"Northern Hinterland Wet Sclerophyll Forests","vegForm":"Wet Sclerophyll Forests (Grassy sub-formation)"},"geometry":{"type":"Polygon","coordinates":[[[151.47545,-32.09607],[151.47579,-32.09656],[151.47532,-32.09671],[151.47545,-32.09607]]]}},{"type":"Feature","properties":{"OBJECTID":9265168,"PCTID":3033,"PCTName":"Northern Escarpment Sassafras-Prickly Ash Rainforest","vegClass":"Northern Warm Temperate Rainforests","vegForm":"Rainforests"},"geometry":{"type":"Polygon","coordinates":[[[151.50623,-32.09526],[151.50732,-32.09468],[151.50752,-32.09341],[151.50799,-32.09326],[151.50848,-32.09355],[151.50851,-32.09414],[151.50783,-32.09426],[151.50817,-32.09479],[151.5076,-32.09494],[151.5072,-32.0955],[151.50623,-32.09526]]]}},{"type":"Feature","properties":{"OBJECTID":9265173,"PCTID":3207,"PCTName":"Northern Escarpment Layered Blackbutt Fern Forest","vegClass":"Northern Escarpment Wet Sclerophyll Forests","vegForm":"Wet Sclerophyll Forests (Shrubby sub-formation)"},"geometry":{"type":"Polygon","coordinates":[[[151.44262,-32.09736],[151.4429,-32.09771],[151.44254,-32.09799],[151.4423,-32.09746],[151.44276,-32.09695],[151.44308,-32.09712],[151.44262,-32.09736]]]}},{"type":"Feature","properties":{"OBJECTID":9265179,"PCTID":3032,"PCTName":"Northern Escarpment Sassafras-Booyong-Corkwood Rainforest","vegClass":"Northern Warm Temperate Rainforests","vegForm":"Rainforests"},"geometry":{"type":"Polygon","coordinates":[[[151.45992,-32.0975],[151.45975,-32.09719],[151.45928,-32.09739],[151.45927,-32.09712],[151.45989,-32.09687],[151.46034,-32.09739],[151.45992,-32.0975]]]}},{"type":"Feature","properties":{"OBJECTID":9265184,"PCTID":3100,"PCTName":"Northern Hinterland Baloghia-Dendrocnide Subtropical Rainforest","vegClass":"Subtropical Rainforests","vegForm":"Rainforests"},"geometry":{"type":"Polygon","coordinates":[[[151.50579,-32.09587],[151.50526,-32.09584],[151.50579,-32.09496],[151.50623,-32.09526],[151.50579,-32.09587]]]}},{"type":"Feature","properties":{"OBJECTID":9265188,"PCTID":3285,"PCTName":"Lower North Escarpment Blue Gum Grassy Forest","vegClass":"Northern Hinterland Wet Sclerophyll Forests","vegForm":"Wet Sclerophyll Forests (Grassy sub-formation)"},"geometry":{"type":"Polygon","coordinates":[[[151.47706,-32.09547],[151.47735,-32.09596],[151.47655,-32.09685],[151.47539,-32.09702],[151.476,-32.09651],[151.47544,-32.0958],[151.4763,-32.09604],[151.4769,-32.09548],[151.47679,-32.09526],[151.47749,-32.0955],[151.47706,-32.09547]]]}},{"type":"Feature","properties":{"OBJECTID":9265195,"PCTID":3288,"PCTName":"Northern Escarpment Messmate Moist Grassy Forest","vegClass":"Northern Tableland Wet Sclerophyll Forests","vegForm":"Wet Sclerophyll Forests (Grassy sub-formation)"},"geometry":{"type":"Polygon","coordinates":[[[151.4993,-32.0924],[151.49907,-32.09309],[151.49815,-32.09375],[151.49864,-32.09414],[151.49845,-32.09451],[151.49802,-32.09448],[151.49789,-32.09494],[151.49888,-32.09562],[151.49859,-32.09622],[151.49841,-32.09573],[151.49787,-32.09566],[151.4978,-32.09539],[151.49733,-32.09541],[151.49724,-32.09573],[151.49581,-32.09574],[151.49577,-32.09614],[151.49511,-32.09563],[151.49579,-32.09551],[151.49496,-32.09482],[151.49559,-32.09461],[151.49534,-32.09386],[151.49566,-32.09389],[151.49562,-32.09312],[151.49643,-32.09341],[151.49668,-32.09412],[151.497,-32.09411],[151.49698,-32.09371],[151.49755,-32.09359],[151.49798,-32.09258],[151.49934,-32.09217],[151.50012,-32.09079],[151.50066,-32.09109],[151.50079,-32.09158],[151.50044,-32.09186],[151.50105,-32.09238],[151.4993,-32.0924]]]}},{"type":"Feature","properties":{"OBJECTID":9265208,"PCTID":3288,"PCTName":"Northern Escarpment Messmate Moist Grassy Forest","vegClass":"Northern Tableland Wet Sclerophyll Forests","vegForm":"Wet Sclerophyll Forests (Grassy sub-formation)"},"geometry":{"type":"Polygon","coordinates":[[[151.5185,-32.09549],[151.51758,-32.09512],[151.51827,-32.09514],[151.51847,-32.09477],[151.51881,-32.09494],[151.51881,-32.09527],[151.5185,-32.09549]]]}},{"type":"Feature","properties":{"OBJECTID":9265218,"PCTID":3100,"PCTName":"Northern Hinterland Baloghia-Dendrocnide Subtropical Rainforest","vegClass":"Subtropical Rainforests","vegForm":"Rainforests"},"geometry":{"type":"Polygon","coordinates":[[[151.50767,-32.09629],[151.50714,-32.09631],[151.50674,-32.09574],[151.5072,-32.0955],[151.5077,-32.09598],[151.50767,-32.09629]]]}},{"type":"Feature","properties":{"OBJECTID":9265221,"PCTID":3288,"PCTName":"Northern Escarpment Messmate Moist Grassy Forest","vegClass":"Northern Tableland Wet Sclerophyll Forests","vegForm":"Wet Sclerophyll Forests (Grassy sub-formation)"},"geometry":{"type":"Polygon","coordinates":[[[151.46771,-32.09726],[151.46772,-32.09758],[151.4681,-32.09765],[151.46748,-32.0979],[151.46686,-32.09734],[151.46618,-32.09736],[151.46589,-32.09692],[151.46737,-32.09687],[151.46813,-32.09729],[151.46771,-32.09726]]]}},{"type":"Feature","properties":{"OBJECTID":9265225,"PCTID":3207,"PCTName":"Northern Escarpment Layered Blackbutt Fern Forest","vegClass":"Northern Escarpment Wet Sclerophyll Forests","vegForm":"Wet Sclerophyll Forests (Shrubby sub-formation)"},"geometry":{"type":"Polygon","coordinates":[[[151.44265,-32.09691],[151.44195,-32.09779],[151.44158,-32.09789],[151.44109,-32.0975],[151.44017,-32.09821],[151.4392,-32.09789],[151.4393,-32.09897],[151.43845,-32.09895],[151.43763,-32.09835],[151.43833,-32.09765],[151.4395,-32.09765],[151.44016,-32.09695],[151.44095,-32.09692],[151.44104,-32.09651],[151.4421,-32.09656],[151.44265,-32.09691]]]}},{"type":"Feature","properties":{"OBJECTID":9265229,"PCTID":3285,"PCTName":"Lower North Escarpment Blue Gum Grassy Forest","vegClass":"Northern Hinterland Wet Sclerophyll Forests","vegForm":"Wet Sclerophyll Forests (Grassy sub-formation)"},"geometry":{"type":"Polygon","coordinates":[[[151.4819,-32.09679],[151.48123,-32.09609],[151.48142,-32.09658],[151.48115,-32.09659],[151.48108,-32.09623],[151.48001,-32.096],[151.47858,-32.0951],[151.47915,-32.09472],[151.47864,-32.0942],[151.48001,-32.09401],[151.47988,-32.09347],[151.48079,-32.09353],[151.48034,-32.0931],[151.48064,-32.09277],[151.48139,-32.09292],[151.48116,-32.09356],[151.48345,-32.0937],[151.48406,-32.09431],[151.48294,-32.09408],[151.48231,-32.09424],[151.48333,-32.09448],[151.48291,-32.09458],[151.48267,-32.09509],[151.48196,-32.09466],[151.48134,-32.095],[151.48135,-32.09527],[151.48242,-32.09541],[151.48284,-32.09648],[151.48344,-32.09678],[151.48341,-32.09727],[151.4819,-32.09679]]]}},{"type":"Feature","properties":{"OBJECTID":9265230,"PCTID":3033,"PCTName":"Northern Escarpment Sassafras-Prickly Ash Rainforest","vegClass":"Northern Warm Temperate Rainforests","vegForm":"Rainforests"},"geometry":{"type":"Polygon","coordinates":[[[151.49177,-32.06621],[151.49221,-32.06768],[151.49308,-32.06702],[151.49216,-32.06674],[151.49208,-32.06615],[151.49254,-32.06578],[151.49297,-32.06585],[151.49317,-32.06661],[151.49347,-32.06624],[151.49395,-32.06645],[151.49442,-32.0662],[151.49476,-32.06664],[151.49461,-32.06692],[151.49544,-32.06748],[151.49517,-32.06753],[151.49488,-32.06908],[151.49428,-32.06978],[151.49496,-32.0707],[151.49455,-32.0709],[151.49451,-32.07126],[151.49372,-32.07129],[151.49425,-32.07136],[151.49439,-32.07203],[151.49492,-32.07188],[151.49499,-32.07219],[151.49547,-32.07226],[151.4953,-32.07317],[151.49688,-32.07284],[151.49741,-32.073],[151.49689,-32.07316],[151.49677,-32.07384],[151.49616,-32.07449],[151.49548,-32.07452],[151.49394,-32.07562],[151.49381,-32.0763],[151.49341,-32.07663],[151.49203,-32.07659],[151.49222,-32.0773],[151.49192,-32.07759],[151.49257,-32.07792],[151.49393,-32.07756],[151.49429,-32.07723],[151.49426,-32.07673],[151.49652,-32.07516],[151.49609,-32.07508],[151.49632,-32.0744],[151.49664,-32.07452],[151.49655,-32.0748],[151.49722,-32.0745],[151.49703,-32.07383],[151.49759,-32.0734],[151.4983,-32.07378],[151.49816,-32.0742],[151.49881,-32.07431],[151.49942,-32.07487],[151.49924,-32.0756],[151.49963,-32.07586],[151.49869,-32.07621],[151.49857,-32.07594],[151.49888,-32.0758],[151.49865,-32.0754],[151.49829,-32.07564],[151.49807,-32.07555],[151.49827,-32.07523],[151.4977,-32.07548],[151.4975,-32.07571],[151.49819,-32.07672],[151.49804,-32.077],[151.49863,-32.07711],[151.49886,-32.07643],[151.49949,-32.07632],[151.49948,-32.07713],[151.5004,-32.0775],[151.50037,-32.07791],[151.49995,-32.07801],[151.5004,-32.07863],[151.49946,-32.0788],[151.49944,-32.07943],[151.49895,-32.07923],[151.49795,-32.07949],[151.49765,-32.07864],[151.49712,-32.07871],[151.49742,-32.07833],[151.49716,-32.07744],[151.49784,-32.07728],[151.49744,-32.07666],[151.49763,-32.07616],[151.49736,-32.07608],[151.49641,-32.07724],[151.49665,-32.07791],[151.49646,-32.07832],[151.49583,-32.07848],[151.49617,-32.07879],[151.49615,-32.07946],[151.49561,-32.07926],[151.49472,-32.07956],[151.49181,-32.07962],[151.49055,-32.0789],[151.48933,-32.07881],[151.49086,-32.07763],[151.48965,-32.0769],[151.48936,-32.07623],[151.48846,-32.07636],[151.48787,-32.07719],[151.48818,-32.07813],[151.48811,-32.07881],[151.48769,-32.07896],[151.48766,-32.07932],[151.48804,-32.07967],[151.48769,-32.08004],[151.48799,-32.08062],[151.48647,-32.08113],[151.48723,-32.08142],[151.48732,-32.08214],[151.48697,-32.0826],[151.48746,-32.08272],[151.48698,-32.08373],[151.48663,-32.08324],[151.48622,-32.0834],[151.48629,-32.08484],[151.48662,-32.08514],[151.48594,-32.0853],[151.48607,-32.08467],[151.48536,-32.08424],[151.48506,-32.0847],[151.48545,-32.08505],[151.48545,-32.08604],[151.48661,-32.08695],[151.48644,-32.08777],[151.48502,-32.08904],[151.48595,-32.08973],[151.48573,-32.0905],[151.48591,-32.09104],[151.4855,-32.09124],[151.4864,-32.09229],[151.48597,-32.09226],[151.48584,-32.09271],[151.48477,-32.09266],[151.48498,-32.09365],[151.48479,-32.09397],[151.4844,-32.09376],[151.48405,-32.09517],[151.48363,-32.09532],[151.4835,-32.09578],[151.48393,-32.09585],[151.484,-32.09526],[151.48473,-32.09488],[151.48513,-32.09549],[151.48394,-32.09603],[151.48408,-32.09671],[151.48457,-32.09701],[151.48414,-32.09689],[151.48369,-32.0974],[151.48238,-32.09578],[151.48242,-32.09541],[151.48135,-32.09527],[151.48134,-32.095],[151.48196,-32.09466],[151.48267,-32.09509],[151.48291,-32.09458],[151.48333,-32.09457],[151.48231,-32.09424],[151.48406,-32.09422],[151.48328,-32.09362],[151.48116,-32.09356],[151.48139,-32.09292],[151.48064,-32.09277],[151.48179,-32.09232],[151.4825,-32.09279],[151.48226,-32.0923],[151.4834,-32.09163],[151.48327,-32.09127],[151.48289,-32.09101],[151.48185,-32.09146],[151.48126,-32.09135],[151.48003,-32.0922],[151.47855,-32.0923],[151.47802,-32.09137],[151.47722,-32.09127],[151.47731,-32.09185],[151.47795,-32.09196],[151.47797,-32.09246],[151.47756,-32.0927],[151.47784,-32.09201],[151.47737,-32.09212],[151.47687,-32.09164],[151.47698,-32.09073],[151.47651,-32.09089],[151.47584,-32.09014],[151.47548,-32.09029],[151.47514,-32.0899],[151.47488,-32.09],[151.4748,-32.08959],[151.47379,-32.08954],[151.47469,-32.08833],[151.47421,-32.08826],[151.47446,-32.08812],[151.47428,-32.08767],[151.47364,-32.08747],[151.47329,-32.08689],[151.4742,-32.08609],[151.47377,-32.08584],[151.47383,-32.08507],[151.47287,-32.08497],[151.47249,-32.08466],[151.47256,-32.08403],[151.47212,-32.08377],[151.47346,-32.08404],[151.47333,-32.08459],[151.47559,-32.08527],[151.47556,-32.08568],[151.47504,-32.08579],[151.475,-32.08611],[151.4759,-32.08599],[151.4769,-32.08694],[151.47664,-32.08713],[151.47594,-32.08689],[151.47669,-32.08812],[151.47618,-32.08855],[151.47628,-32.08936],[151.4768,-32.0892],[151.47713,-32.08946],[151.477,-32.08992],[151.47779,-32.08994],[151.47819,-32.09051],[151.47889,-32.09071],[151.4809,-32.0905],[151.48168,-32.0902],[151.48145,-32.08989],[151.48284,-32.09002],[151.48239,-32.08963],[151.4833,-32.08978],[151.48343,-32.09023],[151.48402,-32.0903],[151.48373,-32.08976],[151.48406,-32.08894],[151.48373,-32.08873],[151.4842,-32.08862],[151.48443,-32.08793],[151.48344,-32.08833],[151.4823,-32.08783],[151.48238,-32.08837],[151.48179,-32.08816],[151.4811,-32.08828],[151.48096,-32.0886],[151.48061,-32.08794],[151.48018,-32.08786],[151.47957,-32.08843],[151.47883,-32.0885],[151.47815,-32.08961],[151.47745,-32.08945],[151.47762,-32.08868],[151.47795,-32.0888],[151.47814,-32.08848],[151.47852,-32.08855],[151.4785,-32.08824],[151.47949,-32.08789],[151.47863,-32.08751],[151.47938,-32.08676],[151.47898,-32.0861],[151.47859,-32.0858],[151.47722,-32.08598],[151.47712,-32.08499],[151.4776,-32.08511],[151.47805,-32.08455],[151.4779,-32.08374],[151.47731,-32.08359],[151.47719,-32.08318],[151.47844,-32.08282],[151.47907,-32.08379],[151.47927,-32.08356],[151.48151,-32.08366],[151.48172,-32.08356],[151.48148,-32.08316],[151.48195,-32.08305],[151.4832,-32.08355],[151.48264,-32.08303],[151.48261,-32.08231],[151.4839,-32.08167],[151.48238,-32.08205],[151.48198,-32.08147],[151.48153,-32.08199],[151.48114,-32.08164],[151.48133,-32.08109],[151.48102,-32.08033],[151.48294,-32.08044],[151.4836,-32.07983],[151.48412,-32.07977],[151.48259,-32.07874],[151.48213,-32.07916],[151.48155,-32.07919],[151.48158,-32.07991],[151.48133,-32.08005],[151.47984,-32.08002],[151.48014,-32.08082],[151.48107,-32.08119],[151.48077,-32.08156],[151.48022,-32.08122],[151.47873,-32.08119],[151.47818,-32.08071],[151.47788,-32.08113],[151.47761,-32.08105],[151.47757,-32.08023],[151.47692,-32.08003],[151.47775,-32.07969],[151.47795,-32.07832],[151.47908,-32.0786],[151.4797,-32.07839],[151.47947,-32.078],[151.47891,-32.07833],[151.47873,-32.07793],[151.47901,-32.07725],[151.47855,-32.07645],[151.47961,-32.07646],[151.47959,-32.0761],[151.48017,-32.07607],[151.48063,-32.0757],[151.48056,-32.07538],[151.48114,-32.07523],[151.48111,-32.07464],[151.47997,-32.07418],[151.4801,-32.07355],[151.47872,-32.0736],[151.47855,-32.07329],[151.47977,-32.07347],[151.4818,-32.07263],[151.48115,-32.07233],[151.48102,-32.07193],[151.48007,-32.07197],[151.48003,-32.07229],[151.47961,-32.07239],[151.47929,-32.07227],[151.47938,-32.0719],[151.47912,-32.07205],[151.47868,-32.0717],[151.47872,-32.07143],[151.4803,-32.07128],[151.4797,-32.0709],[151.47982,-32.07022],[151.48014,-32.07029],[151.48023,-32.06993],[151.4797,-32.06986],[151.47936,-32.06937],[151.48049,-32.06974],[151.48041,-32.06934],[151.48073,-32.06919],[151.48033,-32.0688],[151.48134,-32.06876],[151.481,-32.06823],[151.48132,-32.06732],[151.48219,-32.06769],[151.48237,-32.06818],[151.48262,-32.06781],[151.48353,-32.06809],[151.48373,-32.06781],[151.48319,-32.06765],[151.48262,-32.06682],[151.48417,-32.06694],[151.48397,-32.06731],[151.48474,-32.06787],[151.48427,-32.06685],[151.48456,-32.06638],[151.48422,-32.06594],[151.4847,-32.06597],[151.48466,-32.06521],[151.48538,-32.06572],[151.48589,-32.0653],[151.48455,-32.06503],[151.48399,-32.06451],[151.48495,-32.06452],[151.48519,-32.06419],[151.48474,-32.06362],[151.48574,-32.06354],[151.48577,-32.06309],[151.48651,-32.06302],[151.48644,-32.06266],[151.48697,-32.0625],[151.48644,-32.06157],[151.48715,-32.06191],[151.48702,-32.0625],[151.48781,-32.06355],[151.48843,-32.06322],[151.48946,-32.06363],[151.48966,-32.06435],[151.4894,-32.06454],[151.49027,-32.06487],[151.49046,-32.06545],[151.49082,-32.06539],[151.49075,-32.06507],[151.49172,-32.06427],[151.49211,-32.06457],[151.49221,-32.06552],[151.49177,-32.06621]],[[151.48714,-32.06814],[151.48779,-32.0683],[151.48815,-32.06806],[151.48766,-32.06785],[151.48714,-32.06814]],[[151.48658,-32.06861],[151.48754,-32.06867],[151.48704,-32.06823],[151.48658,-32.06861]],[[151.4908,-32.07022],[151.49046,-32.07073],[151.48977,-32.0708],[151.4889,-32.07043],[151.48881,-32.07065],[151.49027,-32.07132],[151.49109,-32.07075],[151.49168,-32.07078],[151.49149,-32.07019],[151.4908,-32.07022]],[[151.49212,-32.07225],[151.49115,-32.07192],[151.4912,-32.07278],[151.4909,-32.0732],[151.49119,-32.07364],[151.49187,-32.07352],[151.49199,-32.07275],[151.4933,-32.07248],[151.49323,-32.07207],[151.49281,-32.07218],[151.49237,-32.07179],[151.49212,-32.07225]],[[151.49001,-32.07549],[151.49053,-32.07542],[151.49066,-32.07578],[151.49129,-32.07562],[151.4913,-32.0749],[151.49001,-32.07549]],[[151.47982,-32.07649],[151.48035,-32.07643],[151.48043,-32.07597],[151.47982,-32.07649]],[[151.48299,-32.08261],[151.48306,-32.08288],[151.48433,-32.08288],[151.48431,-32.08234],[151.48372,-32.08227],[151.48299,-32.08261]],[[151.47996,-32.08444],[151.47955,-32.08481],[151.47812,-32.08482],[151.47808,-32.08505],[151.47897,-32.08497],[151.4791,-32.08542],[151.48034,-32.08578],[151.47999,-32.08611],[151.4819,-32.08613],[151.48197,-32.08644],[151.48276,-32.08641],[151.48295,-32.086],[151.48261,-32.08547],[151.48287,-32.08541],[151.48361,-32.08647],[151.48468,-32.08666],[151.48435,-32.0864],[151.48477,-32.08625],[151.48433,-32.08599],[151.48449,-32.08486],[151.48317,-32.08513],[151.48237,-32.08489],[151.48225,-32.08467],[151.48275,-32.08411],[151.48217,-32.08409],[151.48145,-32.08456],[151.48192,-32.08455],[151.48216,-32.08508],[151.48196,-32.08531],[151.48066,-32.08464],[151.47996,-32.08444]],[[151.49543,-32.07786],[151.49488,-32.07847],[151.49536,-32.07845],[151.49617,-32.0777],[151.49543,-32.07786]],[[151.49194,-32.07804],[151.49123,-32.07874],[151.49179,-32.07827],[151.49194,-32.07804]]]}},{"type":"Feature","properties":{"OBJECTID":9265232,"PCTID":3354,"PCTName":"Liverpool Range Box-Silvertop Stringybark Forest","vegClass":"New England Grassy Woodlands","vegForm":"Grassy Woodlands"},"geometry":{"type":"Polygon","coordinates":[[[151.46156,-32.09744],[151.46132,-32.09781],[151.46026,-32.09794],[151.4598,-32.09832],[151.45932,-32.09815],[151.46025,-32.09771],[151.45913,-32.09766],[151.45917,-32.0973],[151.45975,-32.09719],[151.46008,-32.09749],[151.46112,-32.09705],[151.46156,-32.09744]]]}},{"type":"Feature","properties":{"OBJECTID":9265241,"PCTID":3032,"PCTName":"Northern Escarpment Sassafras-Booyong-Corkwood Rainforest","vegClass":"Northern Warm Temperate Rainforests","vegForm":"Rainforests"},"geometry":{"type":"Polygon","coordinates":[[[151.45316,-32.09702],[151.45308,-32.09757],[151.45335,-32.0976],[151.45332,-32.0981],[151.45283,-32.09794],[151.45264,-32.09826],[151.45287,-32.09875],[151.45237,-32.09822],[151.45292,-32.09762],[151.45234,-32.09755],[151.45214,-32.09683],[151.45218,-32.09656],[151.45266,-32.09654],[151.45316,-32.09702]]]}},{"type":"Feature","properties":{"OBJECTID":9265243,"PCTID":3354,"PCTName":"Liverpool Range Box-Silvertop Stringybark Forest","vegClass":"New England Grassy Woodlands","vegForm":"Grassy Woodlands"},"geometry":{"type":"Polygon","coordinates":[[[151.46352,-32.09841],[151.46289,-32.09843],[151.46266,-32.09808],[151.46076,-32.09833],[151.46263,-32.09753],[151.46366,-32.0979],[151.46428,-32.09761],[151.46431,-32.09725],[151.46454,-32.09756],[151.46522,-32.09731],[151.46528,-32.09753],[151.46352,-32.09841]]]}},{"type":"Feature","properties":{"OBJECTID":9265244,"PCTID":3033,"PCTName":"Northern Escarpment Sassafras-Prickly Ash Rainforest","vegClass":"Northern Warm Temperate Rainforests","vegForm":"Rainforests"},"geometry":{"type":"Polygon","coordinates":[[[151.50775,-32.09588],[151.50886,-32.09584],[151.51012,-32.09666],[151.50772,-32.09625],[151.50775,-32.09588]]]}},{"type":"Feature","properties":{"OBJECTID":9265246,"PCTID":3170,"PCTName":"Northern Hinterland White Mahogany Moist Grassy Forest","vegClass":"Northern Hinterland Wet Sclerophyll Forests","vegForm":"Wet Sclerophyll Forests (Grassy sub-formation)"},"geometry":{"type":"Polygon","coordinates":[[[151.45826,-32.09824],[151.45857,-32.09809],[151.45923,-32.09847],[151.45826,-32.09824]]]}},{"type":"Feature","properties":{"OBJECTID":9265255,"PCTID":3285,"PCTName":"Lower North Escarpment Blue Gum Grassy Forest","vegClass":"Northern Hinterland Wet Sclerophyll Forests","vegForm":"Wet Sclerophyll Forests (Grassy sub-formation)"},"geometry":{"type":"Polygon","coordinates":[[[151.51348,-32.09685],[151.51294,-32.09678],[151.51258,-32.09593],[151.51367,-32.09643],[151.51348,-32.09685]]]}},{"type":"Feature","properties":{"OBJECTID":9265260,"PCTID":3100,"PCTName":"Northern Hinterland Baloghia-Dendrocnide Subtropical Rainforest","vegClass":"Subtropical Rainforests","vegForm":"Rainforests"},"geometry":{"type":"Polygon","coordinates":[[[151.46993,-32.09808],[151.47063,-32.09837],[151.46994,-32.09831],[151.46955,-32.09792],[151.46964,-32.0976],[151.46993,-32.09808]]]}},{"type":"Feature","properties":{"OBJECTID":9265261,"PCTID":3288,"PCTName":"Northern Escarpment Messmate Moist Grassy Forest","vegClass":"Northern Tableland Wet Sclerophyll Forests","vegForm":"Wet Sclerophyll Forests (Grassy sub-formation)"},"geometry":{"type":"Polygon","coordinates":[[[151.4212,-32.09764],[151.42119,-32.09763],[151.42119,-32.0953],[151.42124,-32.09533],[151.42127,-32.09596],[151.42189,-32.09549],[151.42259,-32.09691],[151.42322,-32.09679],[151.42373,-32.09727],[151.42423,-32.0968],[151.42481,-32.09678],[151.42592,-32.0976],[151.42666,-32.09766],[151.42701,-32.09815],[151.42779,-32.09798],[151.4282,-32.09869],[151.42757,-32.09876],[151.42597,-32.09981],[151.42431,-32.09933],[151.42358,-32.09963],[151.42351,-32.09927],[151.42308,-32.09924],[151.42354,-32.09999],[151.42329,-32.10022],[151.42252,-32.09976],[151.42266,-32.09934],[151.42119,-32.09907],[151.42119,-32.09764],[151.4212,-32.09764]]]}},{"type":"Feature","properties":{"OBJECTID":9265265,"PCTID":3032,"PCTName":"Northern Escarpment Sassafras-Booyong-Corkwood Rainforest","vegClass":"Northern Warm Temperate Rainforests","vegForm":"Rainforests"},"geometry":{"type":"Polygon","coordinates":[[[151.45172,-32.09897],[151.45234,-32.09877],[151.45295,-32.09915],[151.45172,-32.09897]]]}},{"type":"Feature","properties":{"OBJECTID":9265267,"PCTID":3285,"PCTName":"Lower North Escarpment Blue Gum Grassy Forest","vegClass":"Northern Hinterland Wet Sclerophyll Forests","vegForm":"Wet Sclerophyll Forests (Grassy sub-formation)"},"geometry":{"type":"Polygon","coordinates":[[[151.50313,-32.0896],[151.5047,-32.08913],[151.50519,-32.08938],[151.50481,-32.09026],[151.50406,-32.09001],[151.5038,-32.0902],[151.50439,-32.09032],[151.50425,-32.09068],[151.5033,-32.09072],[151.50328,-32.09135],[151.50375,-32.09133],[151.50378,-32.09088],[151.50438,-32.09109],[151.50543,-32.09082],[151.50566,-32.09117],[151.50607,-32.09098],[151.50684,-32.09154],[151.50642,-32.09164],[151.50671,-32.09213],[151.50726,-32.09238],[151.50663,-32.09258],[151.50656,-32.09227],[151.50614,-32.09238],[151.50672,-32.09326],[151.50745,-32.09305],[151.5075,-32.09205],[151.50799,-32.09217],[151.50786,-32.09272],[151.50833,-32.09257],[151.5088,-32.09345],[151.50941,-32.09302],[151.5096,-32.09365],[151.51141,-32.09381],[151.51159,-32.09421],[151.51129,-32.09458],[151.50998,-32.0949],[151.51147,-32.09489],[151.51196,-32.09519],[151.51182,-32.09564],[151.51231,-32.0959],[151.51137,-32.09616],[151.51134,-32.09648],[151.51004,-32.09716],[151.50816,-32.09659],[151.50759,-32.09693],[151.50752,-32.09653],[151.50687,-32.09623],[151.50617,-32.09617],[151.50519,-32.09661],[151.50491,-32.09635],[151.50505,-32.09607],[151.50468,-32.09591],[151.50519,-32.09562],[151.50526,-32.09494],[151.50629,-32.09436],[151.50566,-32.09434],[151.50559,-32.09402],[151.5059,-32.09392],[151.50562,-32.09357],[151.50576,-32.09316],[151.50489,-32.09278],[151.50479,-32.09401],[151.50396,-32.09426],[151.50356,-32.09486],[151.50319,-32.09479],[151.50336,-32.09514],[151.50373,-32.09513],[151.50389,-32.09603],[151.50359,-32.0964],[151.50299,-32.09624],[151.50285,-32.09661],[151.50243,-32.09658],[151.50124,-32.09504],[151.50171,-32.09498],[151.50147,-32.09449],[151.50183,-32.09416],[151.50089,-32.09352],[151.50152,-32.09336],[151.50052,-32.0924],[151.50142,-32.09246],[151.50106,-32.09161],[151.50207,-32.09054],[151.50143,-32.09043],[151.50118,-32.09084],[151.50074,-32.09045],[151.50066,-32.08996],[151.50103,-32.08994],[151.50107,-32.08958],[151.50032,-32.08956],[151.50021,-32.08839],[151.50122,-32.08849],[151.50081,-32.08878],[151.50095,-32.08931],[151.50141,-32.08907],[151.50213,-32.08959],[151.50286,-32.08938],[151.50313,-32.0896]],[[151.50325,-32.08977],[151.5041,-32.08983],[151.50377,-32.08953],[151.50325,-32.08977]],[[151.50579,-32.09496],[151.50526,-32.09584],[151.50693,-32.09537],[151.50674,-32.09583],[151.50714,-32.09631],[151.51012,-32.09666],[151.50979,-32.09626],[151.50936,-32.09628],[151.50935,-32.09596],[151.50765,-32.09598],[151.50727,-32.09572],[151.5076,-32.09494],[151.50817,-32.09479],[151.50783,-32.09426],[151.50841,-32.09423],[151.5086,-32.09387],[151.50799,-32.09326],[151.50752,-32.09341],[151.50732,-32.09468],[151.50623,-32.09526],[151.50579,-32.09496]]]}},{"type":"Feature","properties":{"OBJECTID":9265273,"PCTID":3100,"PCTName":"Northern Hinterland Baloghia-Dendrocnide Subtropical Rainforest","vegClass":"Subtropical Rainforests","vegForm":"Rainforests"},"geometry":{"type":"Polygon","coordinates":[[[151.50519,-32.09562],[151.50468,-32.09591],[151.50505,-32.09607],[151.50491,-32.09635],[151.50519,-32.09661],[151.50623,-32.09617],[151.50753,-32.09666],[151.50706,-32.09686],[151.50688,-32.0965],[151.50581,-32.09636],[151.50578,-32.09672],[151.50466,-32.09668],[151.50473,-32.09694],[151.50385,-32.09752],[151.50346,-32.09704],[151.50391,-32.09657],[151.50434,-32.0966],[151.50443,-32.09519],[151.50522,-32.09521],[151.50519,-32.09562]]]}},{"type":"Feature","properties":{"OBJECTID":9265277,"PCTID":3100,"PCTName":"Northern Hinterland Baloghia-Dendrocnide Subtropical Rainforest","vegClass":"Subtropical Rainforests","vegForm":"Rainforests"},"geometry":{"type":"Polygon","coordinates":[[[151.42266,-32.09934],[151.42258,-32.0998],[151.42276,-32.1002],[151.42245,-32.10035],[151.42184,-32.09996],[151.42145,-32.10061],[151.42119,-32.10057],[151.42119,-32.09897],[151.42266,-32.09934]]]}},{"type":"Feature","properties":{"OBJECTID":9265278,"PCTID":3288,"PCTName":"Northern Escarpment Messmate Moist Grassy Forest","vegClass":"Northern Tableland Wet Sclerophyll Forests","vegForm":"Wet Sclerophyll Forests (Grassy sub-formation)"},"geometry":{"type":"Polygon","coordinates":[[[151.4366,-32.09586],[151.43536,-32.09767],[151.43494,-32.09768],[151.43501,-32.09804],[151.43418,-32.09848],[151.43457,-32.09977],[151.43368,-32.10017],[151.43298,-32.09983],[151.43262,-32.10016],[151.43252,-32.09921],[151.43338,-32.09941],[151.43358,-32.09909],[151.43309,-32.09892],[151.43288,-32.09794],[151.43346,-32.09778],[151.43344,-32.09737],[151.43437,-32.09693],[151.43471,-32.09615],[151.43549,-32.09594],[151.43624,-32.0951],[151.43635,-32.09411],[151.43584,-32.09331],[151.43661,-32.09292],[151.4366,-32.09586]]]}},{"type":"Feature","properties":{"OBJECTID":9265279,"PCTID":3032,"PCTName":"Northern Escarpment Sassafras-Booyong-Corkwood Rainforest","vegClass":"Northern Warm Temperate Rainforests","vegForm":"Rainforests"},"geometry":{"type":"Polygon","coordinates":[[[151.46654,-32.09834],[151.46732,-32.09804],[151.4675,-32.09831],[151.46703,-32.0985],[151.46695,-32.09896],[151.46636,-32.09889],[151.46634,-32.09862],[151.46586,-32.09855],[151.4661,-32.09791],[151.46654,-32.09834]]]}},{"type":"Feature","properties":{"OBJECTID":9265280,"PCTID":3207,"PCTName":"Northern Escarpment Layered Blackbutt Fern Forest","vegClass":"Northern Escarpment Wet Sclerophyll Forests","vegForm":"Wet Sclerophyll Forests (Shrubby sub-formation)"},"geometry":{"type":"Polygon","coordinates":[[[151.50679,-32.09059],[151.50731,-32.09129],[151.50773,-32.09119],[151.50801,-32.09149],[151.50808,-32.09095],[151.50983,-32.09197],[151.51018,-32.0915],[151.51036,-32.09181],[151.51077,-32.09162],[151.51139,-32.09227],[151.51136,-32.09268],[151.51162,-32.09263],[151.51159,-32.09303],[151.51233,-32.09305],[151.51241,-32.09355],[151.5129,-32.09393],[151.51296,-32.09506],[151.51346,-32.09545],[151.51328,-32.09609],[151.51382,-32.09634],[151.51297,-32.09628],[151.51269,-32.09588],[151.51284,-32.09674],[151.5122,-32.0968],[151.51175,-32.09732],[151.51041,-32.09714],[151.51025,-32.09697],[151.51134,-32.09648],[151.51137,-32.09616],[151.51231,-32.0959],[151.51182,-32.09564],[151.51196,-32.09519],[151.51147,-32.09489],[151.50998,-32.0949],[151.51134,-32.09453],[151.51159,-32.09412],[151.51124,-32.0935],[151.51055,-32.09357],[151.51002,-32.0925],[151.50898,-32.09196],[151.50938,-32.09239],[151.50907,-32.09258],[151.50867,-32.09206],[151.50771,-32.092],[151.50676,-32.091],[151.50683,-32.09136],[151.50657,-32.09141],[151.50607,-32.09098],[151.50549,-32.09113],[151.50543,-32.09082],[151.50438,-32.09109],[151.50378,-32.09088],[151.50375,-32.09133],[151.50328,-32.09135],[151.5033,-32.09072],[151.50425,-32.09068],[151.50439,-32.09032],[151.5038,-32.0902],[151.50406,-32.09001],[151.50481,-32.09026],[151.50519,-32.08938],[151.5047,-32.08913],[151.50313,-32.0896],[151.50286,-32.08938],[151.50369,-32.08899],[151.50361,-32.08858],[151.50462,-32.08846],[151.50499,-32.08858],[151.50518,-32.0892],[151.50593,-32.08922],[151.50729,-32.08989],[151.50731,-32.0903],[151.50679,-32.09059]]]}},{"type":"Feature","properties":{"OBJECTID":9265292,"PCTID":3100,"PCTName":"Northern Hinterland Baloghia-Dendrocnide Subtropical Rainforest","vegClass":"Subtropical Rainforests","vegForm":"Rainforests"},"geometry":{"type":"Polygon","coordinates":[[[151.45763,-32.09934],[151.45715,-32.09941],[151.45687,-32.09901],[151.45754,-32.09862],[151.45763,-32.09934]]]}},{"type":"Feature","properties":{"OBJECTID":9265293,"PCTID":3288,"PCTName":"Northern Escarpment Messmate Moist Grassy Forest","vegClass":"Northern Tableland Wet Sclerophyll Forests","vegForm":"Wet Sclerophyll Forests (Grassy sub-formation)"},"geometry":{"type":"Polygon","coordinates":[[[151.47488,-32.09853],[151.47504,-32.09844],[151.47495,-32.0988],[151.47488,-32.09853]]]}},{"type":"Feature","properties":{"OBJECTID":9265294,"PCTID":3287,"PCTName":"Northern Escarpment Messmate Cool Wet Forest","vegClass":"Northern Tableland Wet Sclerophyll Forests","vegForm":"Wet Sclerophyll Forests (Grassy sub-formation)"},"geometry":{"type":"Polygon","coordinates":[[[151.51195,-32.09713],[151.51236,-32.09675],[151.51368,-32.09671],[151.51382,-32.09629],[151.51328,-32.09609],[151.51346,-32.09545],[151.51289,-32.0947],[151.51374,-32.09476],[151.51339,-32.09514],[151.51371,-32.09517],[151.5138,-32.09598],[151.51447,-32.09659],[151.51444,-32.09704],[151.51422,-32.09687],[151.51371,-32.09729],[151.51195,-32.09713]]]}},{"type":"Feature","properties":{"OBJECTID":9265301,"PCTID":3287,"PCTName":"Northern Escarpment Messmate Cool Wet Forest","vegClass":"Northern Tableland Wet Sclerophyll Forests","vegForm":"Wet Sclerophyll Forests (Grassy sub-formation)"},"geometry":{"type":"Polygon","coordinates":[[[151.43762,-32.09831],[151.43845,-32.09882],[151.43809,-32.09919],[151.43822,-32.09959],[151.43657,-32.09952],[151.43649,-32.10002],[151.43677,-32.10023],[151.43656,-32.10029],[151.43626,-32.09958],[151.43569,-32.09987],[151.43566,-32.09942],[151.43523,-32.0993],[151.43584,-32.09869],[151.43566,-32.09829],[151.43618,-32.09809],[151.43657,-32.09834],[151.4366,-32.09794],[151.43696,-32.09779],[151.43678,-32.09725],[151.43742,-32.09737],[151.43767,-32.09704],[151.43801,-32.09752],[151.43859,-32.09741],[151.43844,-32.09764],[151.43762,-32.09831]]]}},{"type":"Feature","properties":{"OBJECTID":9265304,"PCTID":3032,"PCTName":"Northern Escarpment Sassafras-Booyong-Corkwood Rainforest","vegClass":"Northern Warm Temperate Rainforests","vegForm":"Rainforests"},"geometry":{"type":"Polygon","coordinates":[[[151.46504,-32.09898],[151.46436,-32.09932],[151.46356,-32.09913],[151.46465,-32.09864],[151.46445,-32.09783],[151.46524,-32.09776],[151.46504,-32.09898]]]}},{"type":"Feature","properties":{"OBJECTID":9265305,"PCTID":3033,"PCTName":"Northern Escarpment Sassafras-Prickly Ash Rainforest","vegClass":"Northern Warm Temperate Rainforests","vegForm":"Rainforests"},"geometry":{"type":"Polygon","coordinates":[[[151.47912,-32.09847],[151.47845,-32.09881],[151.47833,-32.09841],[151.4788,-32.09826],[151.47912,-32.09847]]]}},{"type":"Feature","properties":{"OBJECTID":9265306,"PCTID":3033,"PCTName":"Northern Escarpment Sassafras-Prickly Ash Rainforest","vegClass":"Northern Warm Temperate Rainforests","vegForm":"Rainforests"},"geometry":{"type":"Polygon","coordinates":[[[151.47486,-32.09808],[151.47549,-32.09797],[151.47524,-32.09829],[151.47552,-32.0986],[151.47522,-32.09897],[151.47495,-32.09885],[151.47486,-32.09808]]]}},{"type":"Feature","properties":{"OBJECTID":9265307,"PCTID":3033,"PCTName":"Northern Escarpment Sassafras-Prickly Ash Rainforest","vegClass":"Northern Warm Temperate Rainforests","vegForm":"Rainforests"},"geometry":{"type":"Polygon","coordinates":[[[151.48134,-32.0983],[151.48204,-32.09841],[151.48168,-32.09874],[151.48135,-32.09834],[151.48025,-32.09874],[151.47955,-32.09859],[151.48039,-32.09833],[151.48062,-32.0976],[151.4816,-32.09811],[151.48134,-32.0983]]]}},{"type":"Feature","properties":{"OBJECTID":9265308,"PCTID":3033,"PCTName":"Northern Escarpment Sassafras-Prickly Ash Rainforest","vegClass":"Northern Warm Temperate Rainforests","vegForm":"Rainforests"},"geometry":{"type":"Polygon","coordinates":[[[151.49387,-32.09829],[151.49385,-32.09798],[151.49464,-32.09781],[151.49465,-32.09813],[151.49428,-32.09814],[151.49387,-32.09829]]]}},{"type":"Feature","properties":{"OBJECTID":9265311,"PCTID":3032,"PCTName":"Northern Escarpment Sassafras-Booyong-Corkwood Rainforest","vegClass":"Northern Warm Temperate Rainforests","vegForm":"Rainforests"},"geometry":{"type":"Polygon","coordinates":[[[151.46659,-32.09933],[151.46516,-32.09925],[151.46599,-32.0989],[151.46659,-32.09933]]]}},{"type":"Feature","properties":{"OBJECTID":9265323,"PCTID":3285,"PCTName":"Lower North Escarpment Blue Gum Grassy Forest","vegClass":"Northern Hinterland Wet Sclerophyll Forests","vegForm":"Wet Sclerophyll Forests (Grassy sub-formation)"},"geometry":{"type":"Polygon","coordinates":[[[151.45536,-32.09224],[151.45488,-32.09226],[151.45454,-32.09286],[151.45565,-32.09282],[151.45546,-32.09314],[151.45608,-32.09389],[151.45594,-32.0943],[151.4553,-32.09315],[151.45416,-32.09373],[151.45362,-32.09357],[151.45311,-32.09386],[151.45324,-32.09331],[151.45281,-32.09324],[151.45256,-32.09356],[151.45186,-32.09327],[151.45162,-32.0927],[151.45094,-32.0929],[151.45131,-32.09393],[151.452,-32.09395],[151.45272,-32.09469],[151.45304,-32.09459],[151.45286,-32.09419],[151.45308,-32.09445],[151.45328,-32.09417],[151.45414,-32.09437],[151.45449,-32.0949],[151.45386,-32.0951],[151.45352,-32.09475],[151.45289,-32.09486],[151.45327,-32.09498],[151.45304,-32.09563],[151.45369,-32.09605],[151.45355,-32.09633],[151.45401,-32.09699],[151.45487,-32.09718],[151.45522,-32.09785],[151.45513,-32.09817],[151.45451,-32.09747],[151.45403,-32.09753],[151.45459,-32.09796],[151.45436,-32.09869],[151.4547,-32.09909],[151.45502,-32.09912],[151.45521,-32.09875],[151.45559,-32.09901],[151.45535,-32.09943],[151.45497,-32.09935],[151.4541,-32.09992],[151.45251,-32.09881],[151.45092,-32.09886],[151.45057,-32.0982],[151.45019,-32.09821],[151.4505,-32.09798],[151.45131,-32.09822],[151.45143,-32.09853],[151.45217,-32.09846],[151.452,-32.09819],[151.45125,-32.09817],[151.45035,-32.09712],[151.4501,-32.09745],[151.44977,-32.09719],[151.45044,-32.0968],[151.45147,-32.09726],[151.45183,-32.09702],[151.45159,-32.09649],[151.45216,-32.0962],[151.45047,-32.09527],[151.44962,-32.09417],[151.4496,-32.09372],[151.44984,-32.0933],[151.44992,-32.0938],[151.45079,-32.09413],[151.45089,-32.09304],[151.45028,-32.09252],[151.45098,-32.09267],[151.45275,-32.09202],[151.45278,-32.09152],[151.45251,-32.0914],[151.45135,-32.09158],[151.45203,-32.09133],[151.45196,-32.09106],[151.45237,-32.09082],[151.45494,-32.09127],[151.45536,-32.09224]],[[151.45218,-32.09656],[151.45214,-32.09683],[151.45234,-32.09755],[151.45292,-32.09762],[151.45237,-32.09822],[151.45287,-32.09875],[151.45264,-32.09826],[151.45283,-32.09794],[151.45332,-32.0981],[151.45335,-32.0976],[151.45308,-32.09757],[151.45316,-32.09702],[151.45266,-32.09654],[151.45218,-32.09656]]]}},{"type":"Feature","properties":{"OBJECTID":9265327,"PCTID":3201,"PCTName":"Mid North Escarpment Blue Gum Moist Forest","vegClass":"Northern Escarpment Wet Sclerophyll Forests","vegForm":"Wet Sclerophyll Forests (Shrubby sub-formation)"},"geometry":{"type":"Polygon","coordinates":[[[151.4532,-32.1],[151.45295,-32.0992],[151.45389,-32.09988],[151.4532,-32.1]]]}},{"type":"Feature","properties":{"OBJECTID":9265334,"PCTID":3033,"PCTName":"Northern Escarpment Sassafras-Prickly Ash Rainforest","vegClass":"Northern Warm Temperate Rainforests","vegForm":"Rainforests"},"geometry":{"type":"Polygon","coordinates":[[[151.44929,-32.10019],[151.449,-32.09984],[151.44933,-32.09793],[151.44952,-32.09851],[151.45022,-32.0988],[151.44975,-32.09895],[151.45044,-32.09996],[151.45014,-32.10025],[151.44929,-32.10019]]]}},{"type":"Feature","properties":{"OBJECTID":9265336,"PCTID":3285,"PCTName":"Lower North Escarpment Blue Gum Grassy Forest","vegClass":"Northern Hinterland Wet Sclerophyll Forests","vegForm":"Wet Sclerophyll Forests (Grassy sub-formation)"},"geometry":{"type":"Polygon","coordinates":[[[151.46191,-32.09481],[151.46203,-32.09403],[151.46266,-32.09397],[151.46317,-32.09562],[151.46243,-32.0956],[151.46223,-32.09601],[151.46173,-32.09544],[151.46007,-32.09519],[151.45968,-32.09584],[151.46053,-32.09585],[151.46082,-32.09643],[151.46002,-32.09623],[151.45834,-32.09665],[151.45927,-32.09716],[151.45913,-32.09766],[151.46025,-32.09771],[151.46021,-32.09794],[151.45957,-32.09783],[151.45937,-32.0982],[151.4598,-32.09832],[151.46026,-32.09794],[151.46132,-32.09781],[151.46156,-32.09744],[151.46112,-32.09705],[151.46183,-32.09743],[151.46248,-32.09677],[151.46499,-32.09704],[151.46541,-32.09685],[151.46549,-32.09748],[151.46506,-32.09731],[151.4647,-32.09759],[151.46431,-32.09725],[151.46428,-32.09761],[151.46366,-32.0979],[151.46263,-32.09753],[151.46165,-32.09811],[151.4608,-32.0981],[151.4605,-32.09847],[151.45923,-32.09847],[151.45852,-32.09809],[151.45802,-32.09865],[151.45828,-32.09968],[151.45681,-32.10005],[151.4559,-32.0999],[151.45623,-32.09894],[151.45569,-32.09887],[151.45615,-32.0984],[151.45606,-32.09768],[151.4565,-32.09807],[151.45696,-32.09779],[151.45692,-32.09697],[151.45728,-32.09674],[151.45708,-32.09588],[151.4576,-32.09559],[151.45742,-32.09524],[151.45788,-32.09486],[151.45781,-32.09455],[151.45874,-32.09397],[151.4596,-32.0943],[151.46108,-32.09407],[151.46191,-32.09481]],[[151.45687,-32.09901],[151.45715,-32.09941],[151.45763,-32.09934],[151.45754,-32.09862],[151.45687,-32.09901]]]}},{"type":"Feature","properties":{"OBJECTID":9265337,"PCTID":3033,"PCTName":"Northern Escarpment Sassafras-Prickly Ash Rainforest","vegClass":"Northern Warm Temperate Rainforests","vegForm":"Rainforests"},"geometry":{"type":"Polygon","coordinates":[[[151.50268,-32.09837],[151.50252,-32.09834],[151.50261,-32.09811],[151.50268,-32.09837]]]}},{"type":"Feature","properties":{"OBJECTID":9265351,"PCTID":3100,"PCTName":"Northern Hinterland Baloghia-Dendrocnide Subtropical Rainforest","vegClass":"Subtropical Rainforests","vegForm":"Rainforests"},"geometry":{"type":"Polygon","coordinates":[[[151.4711,-32.0993],[151.47102,-32.09971],[151.46993,-32.09921],[151.47001,-32.09871],[151.47071,-32.09882],[151.4711,-32.0993]]]}},{"type":"Feature","properties":{"OBJECTID":9265352,"PCTID":3033,"PCTName":"Northern Escarpment Sassafras-Prickly Ash Rainforest","vegClass":"Northern Warm Temperate Rainforests","vegForm":"Rainforests"},"geometry":{"type":"Polygon","coordinates":[[[151.48506,-32.09825],[151.48474,-32.09835],[151.48488,-32.09903],[151.48436,-32.09918],[151.48465,-32.09854],[151.48447,-32.09818],[151.48473,-32.09813],[151.48506,-32.09825]]]}},{"type":"Feature","properties":{"OBJECTID":9265355,"PCTID":3100,"PCTName":"Northern Hinterland Baloghia-Dendrocnide Subtropical Rainforest","vegClass":"Subtropical Rainforests","vegForm":"Rainforests"},"geometry":{"type":"Polygon","coordinates":[[[151.45295,-32.09924],[151.45106,-32.09958],[151.45073,-32.10045],[151.45041,-32.10046],[151.45013,-32.10016],[151.45044,-32.09996],[151.44976,-32.09904],[151.45023,-32.09884],[151.45016,-32.09862],[151.44952,-32.09851],[151.44933,-32.09784],[151.44991,-32.09773],[151.45035,-32.09712],[151.45125,-32.09817],[151.452,-32.09819],[151.45217,-32.09846],[151.45143,-32.09853],[151.45131,-32.09822],[151.4505,-32.09798],[151.45019,-32.09821],[151.45057,-32.0982],[151.45092,-32.09886],[151.45172,-32.09897],[151.45295,-32.09924]]]}},{"type":"Feature","properties":{"OBJECTID":9265357,"PCTID":3033,"PCTName":"Northern Escarpment Sassafras-Prickly Ash Rainforest","vegClass":"Northern Warm Temperate Rainforests","vegForm":"Rainforests"},"geometry":{"type":"Polygon","coordinates":[[[151.4486,-32.10026],[151.44891,-32.10002],[151.44883,-32.10061],[151.4486,-32.10026]]]}},{"type":"Feature","properties":{"OBJECTID":9265358,"PCTID":3032,"PCTName":"Northern Escarpment Sassafras-Booyong-Corkwood Rainforest","vegClass":"Northern Warm Temperate Rainforests","vegForm":"Rainforests"},"geometry":{"type":"Polygon","coordinates":[[[151.46814,-32.09955],[151.46784,-32.09983],[151.46708,-32.09954],[151.46604,-32.09998],[151.46497,-32.09975],[151.46655,-32.09951],[151.46727,-32.09904],[151.46797,-32.09924],[151.46814,-32.09955]]]}},{"type":"Feature","properties":{"OBJECTID":9265359,"PCTID":3033,"PCTName":"Northern Escarpment Sassafras-Prickly Ash Rainforest","vegClass":"Northern Warm Temperate Rainforests","vegForm":"Rainforests"},"geometry":{"type":"Polygon","coordinates":[[[151.49926,-32.09796],[151.49909,-32.09878],[151.49877,-32.09865],[151.49907,-32.09828],[151.49872,-32.09784],[151.49887,-32.09761],[151.49926,-32.09796]]]}},{"type":"Feature","properties":{"OBJECTID":9265367,"PCTID":3032,"PCTName":"Northern Escarpment Sassafras-Booyong-Corkwood Rainforest","vegClass":"Northern Warm Temperate Rainforests","vegForm":"Rainforests"},"geometry":{"type":"Polygon","coordinates":[[[151.48784,-32.09671],[151.48724,-32.0974],[151.48706,-32.09899],[151.48655,-32.09937],[151.48643,-32.09816],[151.48679,-32.09801],[151.4863,-32.09672],[151.4866,-32.0963],[151.48631,-32.09577],[151.48677,-32.09539],[151.48711,-32.09587],[151.48784,-32.09671]]]}},{"type":"Feature","properties":{"OBJECTID":9265378,"PCTID":3032,"PCTName":"Northern Escarpment Sassafras-Booyong-Corkwood Rainforest","vegClass":"Northern Warm Temperate Rainforests","vegForm":"Rainforests"},"geometry":{"type":"Polygon","coordinates":[[[151.45255,-32.10084],[151.45253,-32.10043],[151.45222,-32.10053],[151.45219,-32.0999],[151.45293,-32.09987],[151.45287,-32.10083],[151.45255,-32.10084]]]}},{"type":"Feature","properties":{"OBJECTID":9265379,"PCTID":3100,"PCTName":"Northern Hinterland Baloghia-Dendrocnide Subtropical Rainforest","vegClass":"Subtropical Rainforests","vegForm":"Rainforests"},"geometry":{"type":"Polygon","coordinates":[[[151.46837,-32.09556],[151.46902,-32.09599],[151.46884,-32.09645],[151.46906,-32.09676],[151.46872,-32.09731],[151.46737,-32.09687],[151.46589,-32.09696],[151.46618,-32.09736],[151.46686,-32.09734],[151.4677,-32.09812],[151.46827,-32.09796],[151.46794,-32.0987],[151.46958,-32.09864],[151.46944,-32.099],[151.46786,-32.09924],[151.46727,-32.09904],[151.46655,-32.09951],[151.46496,-32.09957],[151.46404,-32.10019],[151.4629,-32.09974],[151.46271,-32.10024],[151.46219,-32.10049],[151.46117,-32.10025],[151.46114,-32.09953],[151.46177,-32.09951],[151.46227,-32.09877],[151.46052,-32.09879],[151.46007,-32.09844],[151.46266,-32.09808],[151.46289,-32.09843],[151.46352,-32.09841],[151.46435,-32.09797],[151.46465,-32.09864],[151.46355,-32.09899],[151.46436,-32.09932],[151.46504,-32.09898],[151.46552,-32.09693],[151.4643,-32.09698],[151.46413,-32.09685],[151.46449,-32.09656],[151.46317,-32.09666],[151.46257,-32.09636],[151.46297,-32.09689],[151.46248,-32.09677],[151.46183,-32.09743],[151.46106,-32.097],[151.46034,-32.09744],[151.45989,-32.09687],[151.45921,-32.09716],[151.45835,-32.09679],[151.46002,-32.09623],[151.46062,-32.09652],[151.46161,-32.09635],[151.46181,-32.09598],[151.46229,-32.09601],[151.46243,-32.0956],[151.46456,-32.09579],[151.46575,-32.09525],[151.46608,-32.09547],[151.46675,-32.09513],[151.46683,-32.09454],[151.46713,-32.0952],[151.46883,-32.09532],[151.46837,-32.09556]],[[151.46536,-32.0959],[151.46601,-32.09615],[151.46604,-32.09565],[151.46536,-32.0959]],[[151.46586,-32.09855],[151.46634,-32.09862],[151.46636,-32.09889],[151.46695,-32.09896],[151.46703,-32.0985],[151.4675,-32.09831],[151.46732,-32.09804],[151.46654,-32.09834],[151.4661,-32.09791],[151.46586,-32.09855]],[[151.46516,-32.09925],[151.46659,-32.09933],[151.46599,-32.0989],[151.46516,-32.09925]]]}},{"type":"Feature","properties":{"OBJECTID":9265380,"PCTID":3033,"PCTName":"Northern Escarpment Sassafras-Prickly Ash Rainforest","vegClass":"Northern Warm Temperate Rainforests","vegForm":"Rainforests"},"geometry":{"type":"Polygon","coordinates":[[[151.49769,-32.09634],[151.4978,-32.09747],[151.49812,-32.09741],[151.49836,-32.0979],[151.49829,-32.09872],[151.49751,-32.09893],[151.49747,-32.0992],[151.49589,-32.09853],[151.49684,-32.09836],[151.49628,-32.09771],[151.49586,-32.09777],[151.49592,-32.09695],[151.49549,-32.09674],[151.49588,-32.09618],[151.49699,-32.09605],[151.49769,-32.09634]]]}},{"type":"Feature","properties":{"OBJECTID":9265381,"PCTID":3100,"PCTName":"Northern Hinterland Baloghia-Dendrocnide Subtropical Rainforest","vegClass":"Subtropical Rainforests","vegForm":"Rainforests"},"geometry":{"type":"Polygon","coordinates":[[[151.50625,-32.09865],[151.50552,-32.0989],[151.50485,-32.09838],[151.50326,-32.09826],[151.50308,-32.09795],[151.50322,-32.09763],[151.50444,-32.09763],[151.50625,-32.09865]]]}},{"type":"Feature","properties":{"OBJECTID":9265383,"PCTID":3100,"PCTName":"Northern Hinterland Baloghia-Dendrocnide Subtropical Rainforest","vegClass":"Subtropical Rainforests","vegForm":"Rainforests"},"geometry":{"type":"Polygon","coordinates":[[[151.49127,-32.09947],[151.49077,-32.09904],[151.49146,-32.09906],[151.49159,-32.09937],[151.49127,-32.09947]]]}},{"type":"Feature","properties":{"OBJECTID":9265384,"PCTID":3032,"PCTName":"Northern Escarpment Sassafras-Booyong-Corkwood Rainforest","vegClass":"Northern Warm Temperate Rainforests","vegForm":"Rainforests"},"geometry":{"type":"Polygon","coordinates":[[[151.49413,-32.09937],[151.49399,-32.09874],[151.49455,-32.09926],[151.49413,-32.09937]]]}},{"type":"Feature","properties":{"OBJECTID":9265387,"PCTID":3100,"PCTName":"Northern Hinterland Baloghia-Dendrocnide Subtropical Rainforest","vegClass":"Subtropical Rainforests","vegForm":"Rainforests"},"geometry":{"type":"Polygon","coordinates":[[[151.49635,-32.09924],[151.49604,-32.09934],[151.49624,-32.09902],[151.49635,-32.09924]]]}},{"type":"Feature","properties":{"OBJECTID":9265391,"PCTID":3100,"PCTName":"Northern Hinterland Baloghia-Dendrocnide Subtropical Rainforest","vegClass":"Subtropical Rainforests","vegForm":"Rainforests"},"geometry":{"type":"Polygon","coordinates":[[[151.45376,-32.10048],[151.4546,-32.10031],[151.45471,-32.10053],[151.45383,-32.10079],[151.45328,-32.10049],[151.45299,-32.10096],[151.45293,-32.09987],[151.45198,-32.1],[151.45239,-32.09962],[151.45297,-32.09965],[151.45376,-32.10048]]]}},{"type":"Feature","properties":{"OBJECTID":9265393,"PCTID":3379,"PCTName":"Barrington-Point Lookout Montane Grassy Forest","vegClass":"Subalpine Woodlands","vegForm":"Grassy Woodlands"},"geometry":{"type":"Polygon","coordinates":[[[151.51389,-32.0976],[151.51452,-32.09758],[151.51416,-32.09877],[151.51293,-32.09854],[151.51377,-32.09837],[151.51374,-32.09779],[151.51327,-32.09789],[151.51293,-32.0975],[151.51154,-32.09733],[151.51371,-32.09729],[151.51389,-32.0976]]]}},{"type":"Feature","properties":{"OBJECTID":9265394,"PCTID":3100,"PCTName":"Northern Hinterland Baloghia-Dendrocnide Subtropical Rainforest","vegClass":"Subtropical Rainforests","vegForm":"Rainforests"},"geometry":{"type":"Polygon","coordinates":[[[151.49059,-32.09963],[151.49057,-32.09922],[151.49101,-32.09962],[151.49059,-32.09963]]]}},{"type":"Feature","properties":{"OBJECTID":9265398,"PCTID":3100,"PCTName":"Northern Hinterland Baloghia-Dendrocnide Subtropical Rainforest","vegClass":"Subtropical Rainforests","vegForm":"Rainforests"},"geometry":{"type":"Polygon","coordinates":[[[151.44995,-32.1008],[151.44926,-32.10073],[151.44949,-32.10104],[151.44907,-32.10119],[151.44895,-32.09984],[151.44993,-32.10025],[151.44995,-32.1008]]]}},{"type":"Feature","properties":{"OBJECTID":9265403,"PCTID":3100,"PCTName":"Northern Hinterland Baloghia-Dendrocnide Subtropical Rainforest","vegClass":"Subtropical Rainforests","vegForm":"Rainforests"},"geometry":{"type":"Polygon","coordinates":[[[151.49345,-32.09316],[151.49342,-32.09253],[151.49363,-32.09252],[151.49429,-32.09313],[151.49464,-32.09253],[151.49506,-32.09351],[151.4937,-32.09405],[151.49327,-32.09393],[151.49325,-32.09452],[151.49254,-32.09509],[151.49236,-32.09573],[151.4915,-32.09553],[151.48874,-32.09663],[151.4885,-32.09704],[151.48878,-32.09735],[151.48826,-32.09768],[151.48819,-32.09827],[151.48914,-32.09919],[151.48889,-32.09951],[151.488,-32.09991],[151.48847,-32.09862],[151.48794,-32.09855],[151.48808,-32.09828],[151.48778,-32.09851],[151.48806,-32.09891],[151.48771,-32.09937],[151.48701,-32.09913],[151.48724,-32.0974],[151.48784,-32.09671],[151.48711,-32.09587],[151.48725,-32.09542],[151.48789,-32.09553],[151.48856,-32.09519],[151.48848,-32.09469],[151.48899,-32.09418],[151.48948,-32.09443],[151.4894,-32.09498],[151.49009,-32.095],[151.49027,-32.0944],[151.48993,-32.09396],[151.49002,-32.09351],[151.49056,-32.09372],[151.4908,-32.09321],[151.49202,-32.09335],[151.49193,-32.09258],[151.49246,-32.09252],[151.49264,-32.09287],[151.49305,-32.09272],[151.49345,-32.09316]],[[151.49059,-32.09439],[151.49088,-32.09488],[151.49025,-32.09508],[151.49065,-32.09552],[151.49195,-32.09506],[151.49096,-32.09424],[151.49059,-32.09439]]]}},{"type":"Feature","properties":{"OBJECTID":9265406,"PCTID":3201,"PCTName":"Mid North Escarpment Blue Gum Moist Forest","vegClass":"Northern Escarpment Wet Sclerophyll Forests","vegForm":"Wet Sclerophyll Forests (Shrubby sub-formation)"},"geometry":{"type":"Polygon","coordinates":[[[151.45772,-32.1002],[151.45712,-32.10081],[151.45647,-32.10065],[151.45686,-32.10091],[151.4566,-32.1011],[151.45621,-32.10079],[151.45606,-32.0999],[151.45681,-32.10005],[151.45749,-32.0998],[151.45772,-32.1002]]]}},{"type":"Feature","properties":{"OBJECTID":9265407,"PCTID":3032,"PCTName":"Northern Escarpment Sassafras-Booyong-Corkwood Rainforest","vegClass":"Northern Warm Temperate Rainforests","vegForm":"Rainforests"},"geometry":{"type":"Polygon","coordinates":[[[151.49203,-32.09976],[151.49124,-32.09979],[151.49062,-32.09918],[151.49159,-32.09937],[151.49203,-32.09976]]]}},{"type":"Feature","properties":{"OBJECTID":9265411,"PCTID":3033,"PCTName":"Northern Escarpment Sassafras-Prickly Ash Rainforest","vegClass":"Northern Warm Temperate Rainforests","vegForm":"Rainforests"},"geometry":{"type":"Polygon","coordinates":[[[151.48253,-32.0997],[151.48235,-32.09939],[151.48339,-32.09895],[151.48215,-32.09845],[151.48413,-32.09874],[151.48409,-32.09915],[151.48448,-32.09945],[151.48389,-32.09929],[151.4838,-32.09965],[151.48419,-32.1],[151.48253,-32.0997]]]}},{"type":"Feature","properties":{"OBJECTID":9265412,"PCTID":3033,"PCTName":"Northern Escarpment Sassafras-Prickly Ash Rainforest","vegClass":"Northern Warm Temperate Rainforests","vegForm":"Rainforests"},"geometry":{"type":"Polygon","coordinates":[[[151.50584,-32.09898],[151.50625,-32.09865],[151.50597,-32.09834],[151.50648,-32.0981],[151.50835,-32.09821],[151.50722,-32.09898],[151.50838,-32.09889],[151.5087,-32.09897],[151.50861,-32.0992],[151.50713,-32.09925],[151.50584,-32.09898]]]}},{"type":"Feature","properties":{"OBJECTID":9265416,"PCTID":3285,"PCTName":"Lower North Escarpment Blue Gum Grassy Forest","vegClass":"Northern Hinterland Wet Sclerophyll Forests","vegForm":"Wet Sclerophyll Forests (Grassy sub-formation)"},"geometry":{"type":"Polygon","coordinates":[[[151.45146,-32.10115],[151.45208,-32.10099],[151.45205,-32.10137],[151.45198,-32.10137],[151.45146,-32.10115]]]}},{"type":"Feature","properties":{"OBJECTID":9265417,"PCTID":3285,"PCTName":"Lower North Escarpment Blue Gum Grassy Forest","vegClass":"Northern Hinterland Wet Sclerophyll Forests","vegForm":"Wet Sclerophyll Forests (Grassy sub-formation)"},"geometry":{"type":"Polygon","coordinates":[[[151.50293,-32.09913],[151.50147,-32.09959],[151.50203,-32.09917],[151.50206,-32.09876],[151.50285,-32.09864],[151.50293,-32.09913]]]}},{"type":"Feature","properties":{"OBJECTID":9265422,"PCTID":3100,"PCTName":"Northern Hinterland Baloghia-Dendrocnide Subtropical Rainforest","vegClass":"Subtropical Rainforests","vegForm":"Rainforests"},"geometry":{"type":"Polygon","coordinates":[[[151.44519,-32.10097],[151.44472,-32.10117],[151.4448,-32.10067],[151.44617,-32.10039],[151.44583,-32.10013],[151.44589,-32.09918],[151.44551,-32.09892],[151.44575,-32.09837],[151.44617,-32.09831],[151.44668,-32.09902],[151.44735,-32.09854],[151.44699,-32.09779],[151.44735,-32.0975],[151.44707,-32.0972],[151.44737,-32.09687],[151.44759,-32.09713],[151.44795,-32.09685],[151.44903,-32.09717],[151.44978,-32.09732],[151.44985,-32.09759],[151.44905,-32.09767],[151.44907,-32.09803],[151.44829,-32.09842],[151.44855,-32.09918],[151.44757,-32.0988],[151.44748,-32.09917],[151.44863,-32.09989],[151.44802,-32.10028],[151.44808,-32.10055],[151.44742,-32.10111],[151.44753,-32.10137],[151.4464,-32.10137],[151.44637,-32.10133],[151.44668,-32.1011],[151.44635,-32.10097],[151.44568,-32.10137],[151.44531,-32.10137],[151.44519,-32.10097]]]}},{"type":"Feature","properties":{"OBJECTID":9265423,"PCTID":3100,"PCTName":"Northern Hinterland Baloghia-Dendrocnide Subtropical Rainforest","vegClass":"Subtropical Rainforests","vegForm":"Rainforests"},"geometry":{"type":"Polygon","coordinates":[[[151.49241,-32.09997],[151.49166,-32.09873],[151.49252,-32.09888],[151.49266,-32.09955],[151.49241,-32.09997]]]}},{"type":"Feature","properties":{"OBJECTID":9265430,"PCTID":3170,"PCTName":"Northern Hinterland White Mahogany Moist Grassy Forest","vegClass":"Northern Hinterland Wet Sclerophyll Forests","vegForm":"Wet Sclerophyll Forests (Grassy sub-formation)"},"geometry":{"type":"Polygon","coordinates":[[[151.45831,-32.10126],[151.45821,-32.10036],[151.45868,-32.10025],[151.45772,-32.10011],[151.45749,-32.0998],[151.45833,-32.09968],[151.45914,-32.09996],[151.45932,-32.10036],[151.45897,-32.10078],[151.45831,-32.10126]]]}},{"type":"Feature","properties":{"OBJECTID":9265431,"PCTID":3100,"PCTName":"Northern Hinterland Baloghia-Dendrocnide Subtropical Rainforest","vegClass":"Subtropical Rainforests","vegForm":"Rainforests"},"geometry":{"type":"Polygon","coordinates":[[[151.4914,-32.07991],[151.49076,-32.07984],[151.49062,-32.0803],[151.48998,-32.08019],[151.49059,-32.0808],[151.49061,-32.08111],[151.49018,-32.08099],[151.49052,-32.08139],[151.4896,-32.08115],[151.49075,-32.08178],[151.49099,-32.08232],[151.49015,-32.08244],[151.48981,-32.08204],[151.48934,-32.08229],[151.48905,-32.08176],[151.48886,-32.08208],[151.48868,-32.08168],[151.48809,-32.0817],[151.48844,-32.08232],[151.48792,-32.08257],[151.48811,-32.08315],[151.48791,-32.08324],[151.48824,-32.08346],[151.48814,-32.08373],[151.48919,-32.08342],[151.48935,-32.08459],[151.48978,-32.08349],[151.49074,-32.08377],[151.49071,-32.08418],[151.48987,-32.08426],[151.49025,-32.08447],[151.49015,-32.0847],[151.49074,-32.08472],[151.4907,-32.08499],[151.49123,-32.08493],[151.4912,-32.08547],[151.49026,-32.08569],[151.49085,-32.08589],[151.49072,-32.08648],[151.4914,-32.08619],[151.49211,-32.08675],[151.49077,-32.08743],[151.49043,-32.08807],[151.48994,-32.08778],[151.48954,-32.08838],[151.48789,-32.08821],[151.48713,-32.08887],[151.48912,-32.08934],[151.48784,-32.08925],[151.48841,-32.09],[151.48954,-32.08928],[151.49041,-32.08966],[151.49128,-32.08908],[151.49155,-32.08921],[151.49147,-32.08966],[151.49244,-32.09008],[151.49197,-32.0901],[151.49167,-32.0906],[151.49105,-32.09085],[151.48936,-32.09105],[151.48882,-32.09179],[151.487,-32.09254],[151.4875,-32.09297],[151.48631,-32.09369],[151.48656,-32.0944],[151.48614,-32.09446],[151.48621,-32.09482],[151.48685,-32.09493],[151.48608,-32.09546],[151.4866,-32.09625],[151.4863,-32.09672],[151.48679,-32.09801],[151.48643,-32.09816],[151.48666,-32.09846],[151.48641,-32.09884],[151.48666,-32.09946],[151.48635,-32.0997],[151.48658,-32.10009],[151.48627,-32.10024],[151.48605,-32.09894],[151.48582,-32.09976],[151.48535,-32.09991],[151.48475,-32.09948],[151.48483,-32.10002],[151.48447,-32.10026],[151.4838,-32.09965],[151.48389,-32.09929],[151.48448,-32.09945],[151.48409,-32.09915],[151.48424,-32.09882],[151.4814,-32.09834],[151.48191,-32.09801],[151.48125,-32.09758],[151.48107,-32.09704],[151.48144,-32.09712],[151.48185,-32.09787],[151.48306,-32.09769],[151.48341,-32.09727],[151.48379,-32.0974],[151.48414,-32.09689],[151.48452,-32.09705],[151.48408,-32.09671],[151.48394,-32.09603],[151.48508,-32.09554],[151.48505,-32.09505],[151.48436,-32.09498],[151.48377,-32.09595],[151.4835,-32.09578],[151.48363,-32.09532],[151.48405,-32.09517],[151.4844,-32.09376],[151.48479,-32.09397],[151.48498,-32.09365],[151.48477,-32.09266],[151.48584,-32.09271],[151.48597,-32.09226],[151.4864,-32.09229],[151.4855,-32.09124],[151.48591,-32.09104],[151.48573,-32.0905],[151.48595,-32.08973],[151.48502,-32.08904],[151.48644,-32.08777],[151.48661,-32.08695],[151.48545,-32.08604],[151.48545,-32.08505],[151.48506,-32.0847],[151.48536,-32.08424],[151.48607,-32.08467],[151.48594,-32.0853],[151.48662,-32.08514],[151.48629,-32.08484],[151.48622,-32.0834],[151.48663,-32.08324],[151.48698,-32.08373],[151.48746,-32.08272],[151.48697,-32.0826],[151.48732,-32.08214],[151.48723,-32.08142],[151.48647,-32.08113],[151.48799,-32.08062],[151.48769,-32.08004],[151.48804,-32.07967],[151.48766,-32.07932],[151.48769,-32.07896],[151.48811,-32.07881],[151.48818,-32.07813],[151.48787,-32.07719],[151.48861,-32.07622],[151.48936,-32.07623],[151.48965,-32.0769],[151.49086,-32.07763],[151.48933,-32.07881],[151.4912,-32.07924],[151.4914,-32.07991]],[[151.48828,-32.08111],[151.48845,-32.08137],[151.48886,-32.08109],[151.48863,-32.08073],[151.48828,-32.08111]],[[151.48447,-32.09818],[151.48465,-32.09854],[151.48436,-32.09918],[151.48488,-32.09903],[151.48474,-32.09835],[151.48506,-32.09825],[151.48473,-32.09813],[151.48447,-32.09818]]]}},{"type":"Feature","properties":{"OBJECTID":9265432,"PCTID":3033,"PCTName":"Northern Escarpment Sassafras-Prickly Ash Rainforest","vegClass":"Northern Warm Temperate Rainforests","vegForm":"Rainforests"},"geometry":{"type":"Polygon","coordinates":[[[151.50491,-32.09418],[151.50449,-32.09442],[151.50522,-32.09521],[151.50443,-32.09519],[151.50434,-32.0966],[151.50391,-32.09657],[151.50346,-32.09704],[151.50397,-32.09765],[151.50322,-32.09763],[151.50311,-32.09858],[151.50285,-32.09868],[151.50292,-32.09796],[151.50255,-32.09788],[151.5022,-32.09839],[151.50146,-32.09851],[151.50081,-32.09826],[151.50117,-32.09793],[151.50074,-32.09786],[151.50044,-32.09814],[151.50061,-32.0985],[151.50169,-32.09868],[151.50089,-32.0997],[151.49946,-32.09872],[151.49959,-32.09808],[151.49913,-32.09756],[151.49971,-32.09749],[151.49969,-32.0969],[151.5,-32.0968],[151.49928,-32.09624],[151.50017,-32.09607],[151.50006,-32.09585],[151.49937,-32.09601],[151.49928,-32.09516],[151.49873,-32.09491],[151.49908,-32.09431],[151.49852,-32.09374],[151.49894,-32.09363],[151.49915,-32.09263],[151.49969,-32.09275],[151.49998,-32.09233],[151.50051,-32.09227],[151.50112,-32.09283],[151.50152,-32.0934],[151.5009,-32.09365],[151.50133,-32.09368],[151.50183,-32.0943],[151.50147,-32.09449],[151.50171,-32.09498],[151.50124,-32.09504],[151.50264,-32.09666],[151.50299,-32.09624],[151.50338,-32.09645],[151.50389,-32.09603],[151.50373,-32.09513],[151.50336,-32.09514],[151.50319,-32.09479],[151.50356,-32.09486],[151.50396,-32.09426],[151.50479,-32.09401],[151.50489,-32.09278],[151.50576,-32.09316],[151.50562,-32.09357],[151.5059,-32.09392],[151.50559,-32.09402],[151.50566,-32.09434],[151.50629,-32.09436],[151.50557,-32.09479],[151.50491,-32.09418]]]}},{"type":"Feature","properties":{"OBJECTID":9265433,"PCTID":3100,"PCTName":"Northern Hinterland Baloghia-Dendrocnide Subtropical Rainforest","vegClass":"Subtropical Rainforests","vegForm":"Rainforests"},"geometry":{"type":"Polygon","coordinates":[[[151.50237,-32.09857],[151.50188,-32.09931],[151.50094,-32.0997],[151.50169,-32.09868],[151.50061,-32.0985],[151.50044,-32.09814],[151.5009,-32.09781],[151.50117,-32.09802],[151.50081,-32.09826],[151.50162,-32.0985],[151.5022,-32.09839],[151.50265,-32.09788],[151.50309,-32.09813],[151.50285,-32.09864],[151.50237,-32.09857]],[[151.50252,-32.09834],[151.50268,-32.09837],[151.50261,-32.09811],[151.50252,-32.09834]]]}},{"type":"Feature","properties":{"OBJECTID":9265437,"PCTID":3201,"PCTName":"Mid North Escarpment Blue Gum Moist Forest","vegClass":"Northern Escarpment Wet Sclerophyll Forests","vegForm":"Wet Sclerophyll Forests (Shrubby sub-formation)"},"geometry":{"type":"Polygon","coordinates":[[[151.45294,-32.10118],[151.45374,-32.10111],[151.45375,-32.10134],[151.45357,-32.10137],[151.45302,-32.10137],[151.45294,-32.10118]]]}},{"type":"Feature","properties":{"OBJECTID":9265445,"PCTID":3100,"PCTName":"Northern Hinterland Baloghia-Dendrocnide Subtropical Rainforest","vegClass":"Subtropical Rainforests","vegForm":"Rainforests"},"geometry":{"type":"Polygon","coordinates":[[[151.49677,-32.10004],[151.4959,-32.09971],[151.49667,-32.09927],[151.49706,-32.09957],[151.49677,-32.10004]]]}},{"type":"Feature","properties":{"OBJECTID":9265448,"PCTID":3285,"PCTName":"Lower North Escarpment Blue Gum Grassy Forest","vegClass":"Northern Hinterland Wet Sclerophyll Forests","vegForm":"Wet Sclerophyll Forests (Grassy sub-formation)"},"geometry":{"type":"Polygon","coordinates":[[[151.48192,-32.0981],[151.48062,-32.0976],[151.48039,-32.09833],[151.47955,-32.09859],[151.48025,-32.09874],[151.48135,-32.09834],[151.48163,-32.09874],[151.4829,-32.0986],[151.4834,-32.09899],[151.48231,-32.09948],[151.48313,-32.09999],[151.48424,-32.1],[151.48436,-32.10031],[151.48128,-32.1002],[151.48104,-32.10061],[151.48051,-32.10068],[151.48047,-32.09987],[151.48084,-32.0999],[151.48077,-32.09958],[151.48179,-32.09968],[151.48192,-32.09918],[151.47868,-32.09907],[151.47885,-32.09943],[151.47855,-32.09962],[151.47831,-32.09918],[151.4775,-32.09893],[151.47748,-32.09857],[151.47842,-32.09813],[151.47835,-32.09786],[151.47899,-32.09798],[151.47897,-32.09757],[151.47982,-32.09754],[151.47984,-32.09691],[151.48113,-32.09727],[151.48192,-32.0981]],[[151.47833,-32.09841],[151.47845,-32.09881],[151.47912,-32.09847],[151.4788,-32.09826],[151.47833,-32.09841]]]}},{"type":"Feature","properties":{"OBJECTID":9265449,"PCTID":3033,"PCTName":"Northern Escarpment Sassafras-Prickly Ash Rainforest","vegClass":"Northern Warm Temperate Rainforests","vegForm":"Rainforests"},"geometry":{"type":"Polygon","coordinates":[[[151.50939,-32.09881],[151.50985,-32.09852],[151.51045,-32.09881],[151.51035,-32.099],[151.51097,-32.0987],[151.51141,-32.09905],[151.5108,-32.09957],[151.50968,-32.09943],[151.50939,-32.09881]]]}},{"type":"Feature","properties":{"OBJECTID":9265451,"PCTID":3285,"PCTName":"Lower North Escarpment Blue Gum Grassy Forest","vegClass":"Northern Hinterland Wet Sclerophyll Forests","vegForm":"Wet Sclerophyll Forests (Grassy sub-formation)"},"geometry":{"type":"Polygon","coordinates":[[[151.45241,-32.10116],[151.45202,-32.10081],[151.45123,-32.10093],[151.4513,-32.10025],[151.45096,-32.09981],[151.45295,-32.09924],[151.45297,-32.09965],[151.45239,-32.09962],[151.45198,-32.1],[151.45222,-32.10053],[151.45264,-32.10052],[151.45255,-32.10084],[151.45304,-32.10095],[151.45328,-32.10049],[151.4542,-32.10078],[151.45471,-32.1004],[151.45376,-32.10048],[151.45336,-32.09999],[151.45362,-32.09985],[151.45417,-32.10024],[151.45531,-32.09961],[151.4553,-32.10051],[151.45498,-32.10052],[151.45533,-32.10114],[151.45387,-32.10137],[151.4538,-32.10137],[151.45374,-32.10111],[151.4531,-32.10113],[151.45295,-32.10132],[151.45302,-32.10137],[151.45226,-32.10137],[151.45241,-32.10116]]]}},{"type":"Feature","properties":{"OBJECTID":9265452,"PCTID":3100,"PCTName":"Northern Hinterland Baloghia-Dendrocnide Subtropical Rainforest","vegClass":"Subtropical Rainforests","vegForm":"Rainforests"},"geometry":{"type":"Polygon","coordinates":[[[151.49387,-32.09829],[151.49423,-32.0981],[151.49491,-32.09898],[151.49582,-32.09912],[151.49538,-32.09986],[151.49505,-32.09974],[151.49509,-32.09942],[151.49463,-32.09975],[151.4941,-32.09869],[151.49433,-32.10013],[151.49396,-32.10014],[151.49322,-32.09818],[151.4939,-32.09793],[151.49387,-32.09829]]]}},{"type":"Feature","properties":{"OBJECTID":9265453,"PCTID":3032,"PCTName":"Northern Escarpment Sassafras-Booyong-Corkwood Rainforest","vegClass":"Northern Warm Temperate Rainforests","vegForm":"Rainforests"},"geometry":{"type":"Polygon","coordinates":[[[151.49676,-32.09995],[151.49727,-32.09957],[151.49709,-32.10007],[151.49676,-32.09995]]]}},{"type":"Feature","properties":{"OBJECTID":9265460,"PCTID":3100,"PCTName":"Northern Hinterland Baloghia-Dendrocnide Subtropical Rainforest","vegClass":"Subtropical Rainforests","vegForm":"Rainforests"},"geometry":{"type":"Polygon","coordinates":[[[151.48241,-32.10056],[151.48161,-32.10046],[151.48131,-32.10083],[151.48098,-32.10052],[151.48128,-32.1002],[151.48261,-32.10033],[151.48241,-32.10056]]]}},{"type":"Feature","properties":{"OBJECTID":9265461,"PCTID":3287,"PCTName":"Northern Escarpment Messmate Cool Wet Forest","vegClass":"Northern Tableland Wet Sclerophyll Forests","vegForm":"Wet Sclerophyll Forests (Grassy sub-formation)"},"geometry":{"type":"Polygon","coordinates":[[[151.51466,-32.09929],[151.51468,-32.09861],[151.51524,-32.09913],[151.5151,-32.09959],[151.51466,-32.09929]]]}},{"type":"Feature","properties":{"OBJECTID":9265468,"PCTID":3032,"PCTName":"Northern Escarpment Sassafras-Booyong-Corkwood Rainforest","vegClass":"Northern Warm Temperate Rainforests","vegForm":"Rainforests"},"geometry":{"type":"Polygon","coordinates":[[[151.45925,-32.101],[151.45891,-32.10065],[151.45932,-32.10023],[151.45828,-32.09968],[151.45798,-32.09892],[151.45822,-32.09842],[151.45923,-32.09847],[151.46227,-32.09877],[151.46177,-32.09951],[151.46114,-32.09953],[151.46117,-32.10025],[151.46253,-32.10084],[151.46169,-32.10105],[151.46153,-32.10137],[151.46139,-32.10137],[151.46138,-32.10124],[151.46107,-32.10137],[151.459,-32.10137],[151.45925,-32.101]]]}},{"type":"Feature","properties":{"OBJECTID":9265469,"PCTID":3285,"PCTName":"Lower North Escarpment Blue Gum Grassy Forest","vegClass":"Northern Hinterland Wet Sclerophyll Forests","vegForm":"Wet Sclerophyll Forests (Grassy sub-formation)"},"geometry":{"type":"Polygon","coordinates":[[[151.50702,-32.09934],[151.50608,-32.0996],[151.50553,-32.09913],[151.50496,-32.09937],[151.50393,-32.09896],[151.504,-32.09932],[151.50475,-32.09956],[151.50414,-32.10008],[151.50347,-32.09821],[151.50458,-32.0983],[151.50578,-32.09889],[151.50702,-32.09934]]]}},{"type":"Feature","properties":{"OBJECTID":9265482,"PCTID":3285,"PCTName":"Lower North Escarpment Blue Gum Grassy Forest","vegClass":"Northern Hinterland Wet Sclerophyll Forests","vegForm":"Wet Sclerophyll Forests (Grassy sub-formation)"},"geometry":{"type":"Polygon","coordinates":[[[151.45613,-32.10116],[151.45686,-32.101],[151.45647,-32.10065],[151.45712,-32.10081],[151.45819,-32.1],[151.45868,-32.10025],[151.45821,-32.10036],[151.45831,-32.10126],[151.45783,-32.10119],[151.45774,-32.10137],[151.45661,-32.10137],[151.45613,-32.10116]]]}},{"type":"Feature","properties":{"OBJECTID":9265483,"PCTID":0,"PCTName":"Not classified","vegClass":"Not classified","vegForm":"Not classified"},"geometry":{"type":"Polygon","coordinates":[[[151.46313,-32.10127],[151.46297,-32.10137],[151.46293,-32.10137],[151.46313,-32.10127]]]}},{"type":"Feature","properties":{"OBJECTID":9265485,"PCTID":3100,"PCTName":"Northern Hinterland Baloghia-Dendrocnide Subtropical Rainforest","vegClass":"Subtropical Rainforests","vegForm":"Rainforests"},"geometry":{"type":"Polygon","coordinates":[[[151.50039,-32.10027],[151.49917,-32.10035],[151.49899,-32.1],[151.49846,-32.10002],[151.49806,-32.10044],[151.49762,-32.10005],[151.49832,-32.09926],[151.4989,-32.09915],[151.49955,-32.09944],[151.50001,-32.09906],[151.50078,-32.09971],[151.50039,-32.10027]]]}},{"type":"Feature","properties":{"OBJECTID":9265487,"PCTID":3285,"PCTName":"Lower North Escarpment Blue Gum Grassy Forest","vegClass":"Northern Hinterland Wet Sclerophyll Forests","vegForm":"Wet Sclerophyll Forests (Grassy sub-formation)"},"geometry":{"type":"Polygon","coordinates":[[[151.4796,-32.10057],[151.47998,-32.10079],[151.47937,-32.10117],[151.47772,-32.10109],[151.4791,-32.10014],[151.4799,-32.10025],[151.4796,-32.10057]]]}},{"type":"Feature","properties":{"OBJECTID":9265492,"PCTID":3100,"PCTName":"Northern Hinterland Baloghia-Dendrocnide Subtropical Rainforest","vegClass":"Subtropical Rainforests","vegForm":"Rainforests"},"geometry":{"type":"Polygon","coordinates":[[[151.48153,-32.10096],[151.48178,-32.10068],[151.48217,-32.10098],[151.48191,-32.10117],[151.48153,-32.10096]]]}},{"type":"Feature","properties":{"OBJECTID":9265493,"PCTID":3287,"PCTName":"Northern Escarpment Messmate Cool Wet Forest","vegClass":"Northern Tableland Wet Sclerophyll Forests","vegForm":"Wet Sclerophyll Forests (Grassy sub-formation)"},"geometry":{"type":"Polygon","coordinates":[[[151.51805,-32.09799],[151.51715,-32.0982],[151.51712,-32.09848],[151.51766,-32.09877],[151.5175,-32.09982],[151.51699,-32.09916],[151.51613,-32.09901],[151.51607,-32.0987],[151.51564,-32.09862],[151.51544,-32.0989],[151.51524,-32.09805],[151.51554,-32.09786],[151.51587,-32.09807],[151.5162,-32.0972],[151.51574,-32.09649],[151.51501,-32.09679],[151.51514,-32.09611],[151.51589,-32.09622],[151.51506,-32.09566],[151.51565,-32.09469],[151.51472,-32.09423],[151.5141,-32.09439],[151.51423,-32.09384],[151.51466,-32.09396],[151.51473,-32.09328],[151.51377,-32.09318],[151.51359,-32.09273],[151.51294,-32.09253],[151.513,-32.09163],[151.51208,-32.09121],[151.51214,-32.0903],[151.51175,-32.08996],[151.5119,-32.08977],[151.51271,-32.09006],[151.51339,-32.08981],[151.51357,-32.08935],[151.51236,-32.08844],[151.51202,-32.08904],[151.51128,-32.08916],[151.51114,-32.08953],[151.51038,-32.08906],[151.511,-32.08885],[151.51087,-32.08841],[151.51151,-32.08838],[151.51144,-32.08812],[151.51191,-32.08792],[151.51268,-32.08839],[151.51415,-32.08815],[151.5135,-32.08786],[151.51363,-32.08722],[151.51425,-32.08697],[151.51321,-32.08642],[151.51345,-32.08583],[151.51389,-32.08626],[151.51426,-32.08616],[151.51419,-32.08589],[151.51504,-32.08577],[151.51576,-32.08647],[151.51475,-32.08745],[151.51496,-32.08848],[151.5147,-32.08863],[151.51509,-32.08884],[151.51501,-32.08943],[151.51564,-32.08927],[151.51592,-32.08953],[151.51549,-32.08946],[151.51556,-32.08986],[151.51418,-32.09077],[151.51436,-32.09131],[151.5154,-32.09181],[151.51479,-32.09237],[151.51477,-32.0931],[151.51587,-32.09279],[151.51587,-32.09175],[151.51661,-32.09176],[151.51632,-32.09119],[151.51681,-32.09031],[151.51668,-32.08987],[151.51719,-32.08949],[151.51709,-32.08868],[151.51761,-32.0883],[151.51758,-32.08784],[151.51781,-32.08806],[151.51768,-32.08662],[151.51794,-32.08657],[151.51802,-32.08593],[151.5186,-32.0869],[151.51881,-32.08687],[151.51881,-32.09195],[151.51865,-32.0921],[151.51809,-32.09157],[151.51742,-32.09196],[151.51784,-32.09285],[151.51747,-32.09295],[151.51781,-32.09335],[151.51731,-32.094],[151.51744,-32.09444],[151.51783,-32.09484],[151.51856,-32.09454],[151.51854,-32.09409],[151.51881,-32.09386],[151.51881,-32.09494],[151.51847,-32.09477],[151.51827,-32.09514],[151.51758,-32.09512],[151.5185,-32.09549],[151.51881,-32.09527],[151.51881,-32.09834],[151.51805,-32.09799]]]}},{"type":"Feature","properties":{"OBJECTID":9265496,"PCTID":3032,"PCTName":"Northern Escarpment Sassafras-Booyong-Corkwood Rainforest","vegClass":"Northern Warm Temperate Rainforests","vegForm":"Rainforests"},"geometry":{"type":"Polygon","coordinates":[[[151.46789,-32.10096],[151.46827,-32.10108],[151.46819,-32.10137],[151.468,-32.10137],[151.46789,-32.10096]]]}},{"type":"Feature","properties":{"OBJECTID":9265502,"PCTID":3288,"PCTName":"Northern Escarpment Messmate Moist Grassy Forest","vegClass":"Northern Tableland Wet Sclerophyll Forests","vegForm":"Wet Sclerophyll Forests (Grassy sub-formation)"},"geometry":{"type":"Polygon","coordinates":[[[151.47528,-32.10001],[151.47495,-32.09885],[151.47522,-32.09897],[151.47552,-32.0986],[151.47524,-32.09829],[151.47549,-32.09797],[151.47492,-32.09813],[151.47484,-32.09772],[151.47536,-32.09757],[151.47608,-32.09799],[151.47584,-32.09854],[151.47673,-32.09824],[151.47671,-32.09892],[151.47749,-32.09862],[151.4775,-32.09893],[151.47831,-32.09918],[151.47855,-32.09962],[151.47885,-32.09943],[151.47868,-32.09907],[151.48192,-32.09923],[151.48179,-32.09968],[151.48077,-32.09958],[151.48089,-32.09985],[151.48047,-32.09987],[151.48044,-32.10036],[151.47942,-32.10008],[151.47791,-32.10073],[151.47756,-32.10115],[151.47769,-32.10137],[151.47684,-32.10137],[151.47528,-32.10001]]]}},{"type":"Feature","properties":{"OBJECTID":9265503,"PCTID":3207,"PCTName":"Northern Escarpment Layered Blackbutt Fern Forest","vegClass":"Northern Escarpment Wet Sclerophyll Forests","vegForm":"Wet Sclerophyll Forests (Shrubby sub-formation)"},"geometry":{"type":"Polygon","coordinates":[[[151.50831,-32.09961],[151.50872,-32.09937],[151.51083,-32.10011],[151.5102,-32.10031],[151.5096,-32.09984],[151.5087,-32.09987],[151.50831,-32.09961]]]}},{"type":"Feature","properties":{"OBJECTID":9265510,"PCTID":3354,"PCTName":"Liverpool Range Box-Silvertop Stringybark Forest","vegClass":"New England Grassy Woodlands","vegForm":"Grassy Woodlands"},"geometry":{"type":"Polygon","coordinates":[[[151.46169,-32.10105],[151.46253,-32.10084],[151.46214,-32.10049],[151.46286,-32.09992],[151.46308,-32.10009],[151.46297,-32.10123],[151.46271,-32.10137],[151.46171,-32.10137],[151.46169,-32.10105]]]}},{"type":"Feature","properties":{"OBJECTID":9265534,"PCTID":3100,"PCTName":"Northern Hinterland Baloghia-Dendrocnide Subtropical Rainforest","vegClass":"Subtropical Rainforests","vegForm":"Rainforests"},"geometry":{"type":"Polygon","coordinates":[[[151.47299,-32.09996],[151.47345,-32.10066],[151.47388,-32.10137],[151.47346,-32.10137],[151.47299,-32.09996]]]}},{"type":"Feature","properties":{"OBJECTID":9265535,"PCTID":4111,"PCTName":"Lower North Grey Myrtle Riparian Dry Rainforest","vegClass":"Dry Rainforests","vegForm":"Rainforests"},"geometry":{"type":"Polygon","coordinates":[[[151.48429,-32.10095],[151.48431,-32.10126],[151.48404,-32.10127],[151.48385,-32.1006],[151.48324,-32.10116],[151.48187,-32.10135],[151.48218,-32.10111],[151.48199,-32.10062],[151.48282,-32.10014],[151.48421,-32.10041],[151.48483,-32.10002],[151.48475,-32.09948],[151.48567,-32.09986],[151.48605,-32.09894],[151.48638,-32.10024],[151.48674,-32.099],[151.48771,-32.09937],[151.48806,-32.09891],[151.48778,-32.09851],[151.48808,-32.09828],[151.48794,-32.09855],[151.48847,-32.09862],[151.488,-32.09991],[151.48809,-32.10063],[151.48763,-32.10096],[151.4873,-32.10074],[151.48749,-32.10024],[151.48678,-32.10081],[151.48617,-32.10038],[151.48599,-32.10102],[151.48456,-32.10103],[151.4847,-32.10137],[151.48459,-32.10137],[151.48429,-32.10095]]]}},{"type":"Feature","properties":{"OBJECTID":9265537,"PCTID":3100,"PCTName":"Northern Hinterland Baloghia-Dendrocnide Subtropical Rainforest","vegClass":"Subtropical Rainforests","vegForm":"Rainforests"},"geometry":{"type":"Polygon","coordinates":[[[151.49009,-32.10118],[151.49078,-32.10134],[151.4907,-32.10137],[151.4901,-32.10137],[151.49009,-32.10118]]]}},{"type":"Feature","properties":{"OBJECTID":9265543,"PCTID":3288,"PCTName":"Northern Escarpment Messmate Moist Grassy Forest","vegClass":"Northern Tableland Wet Sclerophyll Forests","vegForm":"Wet Sclerophyll Forests (Grassy sub-formation)"},"geometry":{"type":"Polygon","coordinates":[[[151.49506,-32.07987],[151.49558,-32.07976],[151.49625,-32.08041],[151.49687,-32.08011],[151.49784,-32.08031],[151.49825,-32.08002],[151.49899,-32.08008],[151.49834,-32.08087],[151.49848,-32.08146],[151.4988,-32.08158],[151.49845,-32.08195],[151.49906,-32.08238],[151.49891,-32.0827],[151.49959,-32.08345],[151.50001,-32.08334],[151.50002,-32.08366],[151.50064,-32.08327],[151.5024,-32.08343],[151.50264,-32.08306],[151.50328,-32.08313],[151.50343,-32.08285],[151.50505,-32.08334],[151.50542,-32.08441],[151.50586,-32.08376],[151.50701,-32.08345],[151.50648,-32.0845],[151.50709,-32.08493],[151.50734,-32.0847],[151.50799,-32.08486],[151.50768,-32.08604],[151.50823,-32.08539],[151.50921,-32.08603],[151.50924,-32.08544],[151.50965,-32.08511],[151.51046,-32.08553],[151.51063,-32.08467],[151.51111,-32.08461],[151.51206,-32.08362],[151.51279,-32.08445],[151.51311,-32.0844],[151.51313,-32.08381],[151.51346,-32.08398],[151.51364,-32.08438],[151.51317,-32.08453],[151.51357,-32.08501],[151.51203,-32.08511],[151.51213,-32.08597],[151.51176,-32.08594],[151.51141,-32.08645],[151.51125,-32.0874],[151.51194,-32.08747],[151.51211,-32.08777],[151.51144,-32.08812],[151.51151,-32.08838],[151.51087,-32.08841],[151.511,-32.08885],[151.51047,-32.08883],[151.51038,-32.08919],[151.51088,-32.08954],[151.51173,-32.08955],[151.51227,-32.09089],[151.51208,-32.09121],[151.513,-32.09163],[151.51294,-32.09253],[151.51359,-32.09273],[151.51377,-32.09318],[151.51473,-32.09328],[151.51466,-32.09396],[151.51423,-32.09384],[151.5141,-32.09439],[151.51472,-32.09423],[151.51565,-32.09469],[151.51506,-32.09566],[151.51589,-32.09622],[151.51514,-32.09611],[151.51501,-32.09679],[151.51574,-32.09649],[151.5162,-32.0972],[151.51595,-32.09748],[151.51536,-32.09737],[151.51514,-32.09828],[151.51463,-32.09866],[151.51466,-32.09929],[151.51522,-32.09981],[151.51422,-32.09998],[151.51391,-32.09918],[151.51369,-32.1],[151.51416,-32.1008],[151.51389,-32.10085],[151.51329,-32.10051],[151.51353,-32.10001],[151.5131,-32.09984],[151.51308,-32.09953],[151.51135,-32.09995],[151.50974,-32.09956],[151.50999,-32.09928],[151.5108,-32.09957],[151.51141,-32.09905],[151.51097,-32.0987],[151.51035,-32.099],[151.5099,-32.09852],[151.50923,-32.09895],[151.50878,-32.09829],[151.50957,-32.09826],[151.5095,-32.09799],[151.50397,-32.09769],[151.50473,-32.09694],[151.50466,-32.09668],[151.50578,-32.09672],[151.50592,-32.09636],[151.50688,-32.0965],[151.50706,-32.09686],[151.50786,-32.09692],[151.50816,-32.09659],[151.50928,-32.09673],[151.50989,-32.09716],[151.51137,-32.09715],[151.51224,-32.09762],[151.51293,-32.0975],[151.51316,-32.09785],[151.5139,-32.09792],[151.51377,-32.09837],[151.51292,-32.0984],[151.51347,-32.09879],[151.51416,-32.09877],[151.51452,-32.09762],[151.51372,-32.09747],[151.51386,-32.09706],[151.51449,-32.09699],[151.51447,-32.09659],[151.5138,-32.09598],[151.51371,-32.09517],[151.51339,-32.09514],[151.51374,-32.09476],[151.513,-32.0947],[151.51284,-32.09376],[151.51241,-32.09355],[151.51233,-32.09305],[151.51184,-32.09284],[151.51164,-32.09308],[151.51139,-32.09227],[151.51029,-32.0915],[151.5109,-32.09107],[151.51078,-32.09076],[151.50954,-32.09139],[151.50977,-32.09071],[151.51045,-32.09046],[151.50969,-32.09017],[151.50934,-32.09068],[151.50934,-32.08964],[151.50888,-32.08893],[151.50758,-32.08934],[151.5078,-32.08956],[151.50768,-32.09038],[151.50737,-32.09048],[151.50729,-32.08989],[151.50593,-32.08922],[151.50518,-32.0892],[151.50494,-32.08854],[151.50361,-32.08858],[151.50369,-32.08899],[151.50213,-32.08959],[151.50141,-32.08907],[151.50095,-32.08931],[151.50081,-32.08878],[151.50122,-32.08849],[151.50037,-32.08848],[151.49997,-32.08777],[151.49965,-32.08783],[151.49962,-32.08823],[151.49924,-32.08807],[151.49953,-32.0876],[151.49936,-32.08734],[151.49988,-32.08719],[151.5,-32.08741],[151.49999,-32.08714],[151.50026,-32.08731],[151.50056,-32.08693],[151.50126,-32.08718],[151.50122,-32.0875],[151.50155,-32.08762],[151.50136,-32.08799],[151.50215,-32.08796],[151.50248,-32.08826],[151.50257,-32.08898],[151.50326,-32.08891],[151.50314,-32.0886],[151.50371,-32.0884],[151.50369,-32.08799],[151.50407,-32.08807],[151.50403,-32.08839],[151.50475,-32.08796],[151.50656,-32.08807],[151.50701,-32.0876],[151.50635,-32.08713],[151.50704,-32.08715],[151.50697,-32.0867],[151.50731,-32.08624],[151.50724,-32.08588],[151.50649,-32.08568],[151.50604,-32.08511],[151.50518,-32.08487],[151.50466,-32.08511],[151.50373,-32.08452],[151.50306,-32.0849],[151.50323,-32.08526],[151.50292,-32.0854],[151.50284,-32.08491],[151.50195,-32.08499],[151.50145,-32.0846],[151.50082,-32.08476],[151.5008,-32.08431],[151.50001,-32.08443],[151.50019,-32.08379],[151.49952,-32.08413],[151.49871,-32.08384],[151.49847,-32.08335],[151.49793,-32.08319],[151.49802,-32.08278],[151.49719,-32.08227],[151.49645,-32.08225],[151.49617,-32.08294],[151.49525,-32.08257],[151.49361,-32.08276],[151.49374,-32.08321],[151.49336,-32.08304],[151.49338,-32.08349],[151.49227,-32.08358],[151.49231,-32.08435],[151.4918,-32.08477],[151.49153,-32.0846],[151.49147,-32.08343],[151.49058,-32.08369],[151.48978,-32.08349],[151.48941,-32.08459],[151.48913,-32.08338],[151.48814,-32.08373],[151.48792,-32.08257],[151.48844,-32.08232],[151.48809,-32.0817],[151.48868,-32.08168],[151.48886,-32.08208],[151.48905,-32.08176],[151.48934,-32.08229],[151.48981,-32.08204],[151.49015,-32.08244],[151.49078,-32.08246],[151.49087,-32.08201],[151.49235,-32.08195],[151.49215,-32.08119],[151.49338,-32.08133],[151.49342,-32.08101],[151.49136,-32.08027],[151.4912,-32.07924],[151.49261,-32.07973],[151.49472,-32.07956],[151.49506,-32.07987]]]}},{"type":"Feature","properties":{"OBJECTID":9265546,"PCTID":3201,"PCTName":"Mid North Escarpment Blue Gum Moist Forest","vegClass":"Northern Escarpment Wet Sclerophyll Forests","vegForm":"Wet Sclerophyll Forests (Shrubby sub-formation)"},"geometry":{"type":"Polygon","coordinates":[[[151.48344,-32.10093],[151.48333,-32.10137],[151.4821,-32.10137],[151.48344,-32.10093]]]}},{"type":"Feature","properties":{"OBJECTID":9265547,"PCTID":3032,"PCTName":"Northern Escarpment Sassafras-Booyong-Corkwood Rainforest","vegClass":"Northern Warm Temperate Rainforests","vegForm":"Rainforests"},"geometry":{"type":"MultiPolygon","coordinates":[[[[151.49078,-32.10134],[151.49024,-32.10109],[151.49021,-32.10055],[151.49112,-32.10056],[151.49162,-32.10137],[151.49151,-32.10137],[151.49098,-32.10102],[151.49083,-32.10137],[151.49072,-32.10137],[151.49078,-32.10134]]],[[[151.48963,-32.10066],[151.49006,-32.10064],[151.49005,-32.10137],[151.4898,-32.10137],[151.48963,-32.10066]]]]}},{"type":"Feature","properties":{"OBJECTID":9265550,"PCTID":3032,"PCTName":"Northern Escarpment Sassafras-Booyong-Corkwood Rainforest","vegClass":"Northern Warm Temperate Rainforests","vegForm":"Rainforests"},"geometry":{"type":"Polygon","coordinates":[[[151.4636,-32.10111],[151.46364,-32.10137],[151.46351,-32.10137],[151.4636,-32.10111]]]}},{"type":"Feature","properties":{"OBJECTID":9265551,"PCTID":4111,"PCTName":"Lower North Grey Myrtle Riparian Dry Rainforest","vegClass":"Dry Rainforests","vegForm":"Rainforests"},"geometry":{"type":"Polygon","coordinates":[[[151.49351,-32.10065],[151.4922,-32.10111],[151.49197,-32.10066],[151.49021,-32.10055],[151.49039,-32.09995],[151.49014,-32.0992],[151.49057,-32.09922],[151.49059,-32.09963],[151.49187,-32.09981],[151.49229,-32.09957],[151.49241,-32.09997],[151.49266,-32.09955],[151.49314,-32.09958],[151.49381,-32.10042],[151.49429,-32.10031],[151.49409,-32.0995],[151.49455,-32.09926],[151.49463,-32.09975],[151.49509,-32.09942],[151.49505,-32.09974],[151.49555,-32.10013],[151.49595,-32.09971],[151.49806,-32.10044],[151.49846,-32.10002],[151.49899,-32.1],[151.49917,-32.10035],[151.49996,-32.10015],[151.50002,-32.10046],[151.49905,-32.10117],[151.49867,-32.10087],[151.49863,-32.10119],[151.49817,-32.10137],[151.49699,-32.10137],[151.49608,-32.10124],[151.49601,-32.10137],[151.49553,-32.10137],[151.4949,-32.10096],[151.49451,-32.10137],[151.49448,-32.10137],[151.49351,-32.10065]]]}},{"type":"Feature","properties":{"OBJECTID":9265556,"PCTID":3285,"PCTName":"Lower North Escarpment Blue Gum Grassy Forest","vegClass":"Northern Hinterland Wet Sclerophyll Forests","vegForm":"Wet Sclerophyll Forests (Grassy sub-formation)"},"geometry":{"type":"Polygon","coordinates":[[[151.48369,-32.10061],[151.4842,-32.10131],[151.48426,-32.10137],[151.48334,-32.10137],[151.48369,-32.10061]]]}},{"type":"Feature","properties":{"OBJECTID":9265560,"PCTID":3033,"PCTName":"Northern Escarpment Sassafras-Prickly Ash Rainforest","vegClass":"Northern Warm Temperate Rainforests","vegForm":"Rainforests"},"geometry":{"type":"Polygon","coordinates":[[[151.46938,-32.10086],[151.46942,-32.09959],[151.46914,-32.09929],[151.46835,-32.09945],[151.46797,-32.09919],[151.46944,-32.099],[151.46964,-32.09872],[151.46794,-32.0987],[151.46827,-32.09796],[151.46758,-32.09794],[151.4681,-32.09765],[151.46772,-32.09758],[151.46771,-32.09726],[151.46872,-32.09731],[151.46906,-32.09676],[151.46884,-32.09645],[151.46902,-32.09599],[151.46837,-32.09556],[151.46894,-32.09532],[151.46959,-32.0957],[151.46956,-32.09606],[151.47001,-32.09555],[151.4704,-32.09599],[151.47076,-32.0957],[151.47241,-32.09578],[151.4724,-32.09551],[151.47297,-32.0954],[151.47368,-32.0946],[151.47405,-32.09468],[151.47434,-32.09408],[151.47466,-32.09416],[151.47512,-32.09369],[151.47519,-32.09297],[151.47475,-32.09267],[151.47478,-32.0923],[151.47544,-32.09273],[151.47533,-32.09373],[151.47651,-32.09391],[151.47718,-32.09357],[151.47819,-32.09367],[151.47811,-32.09408],[151.47844,-32.09438],[151.47875,-32.09424],[151.47877,-32.09464],[151.4791,-32.09477],[151.47858,-32.0951],[151.48001,-32.096],[151.48108,-32.09623],[151.48115,-32.09659],[151.48142,-32.09658],[151.48123,-32.09609],[151.4819,-32.09679],[151.48314,-32.09706],[151.48327,-32.09755],[151.48185,-32.09787],[151.48128,-32.09699],[151.48103,-32.09732],[151.47984,-32.09691],[151.47962,-32.09768],[151.47897,-32.09757],[151.47899,-32.09798],[151.47835,-32.09786],[151.47842,-32.09813],[151.47697,-32.09891],[151.47671,-32.09892],[151.47673,-32.09824],[151.47584,-32.09854],[151.47582,-32.09823],[151.47619,-32.09812],[151.47536,-32.09757],[151.4749,-32.09772],[151.47497,-32.09709],[151.47655,-32.09685],[151.47735,-32.09596],[151.47706,-32.09547],[151.47777,-32.0959],[151.47818,-32.09543],[151.47679,-32.09526],[151.4765,-32.09595],[151.47598,-32.09605],[151.47581,-32.09579],[151.4733,-32.09552],[151.47534,-32.09499],[151.47651,-32.094],[151.47554,-32.09476],[151.47314,-32.09553],[151.47342,-32.09583],[151.47512,-32.09586],[151.47551,-32.09625],[151.47481,-32.09714],[151.47466,-32.09841],[151.47299,-32.09788],[151.47301,-32.0982],[151.4737,-32.09826],[151.4741,-32.09874],[151.47378,-32.09884],[151.47342,-32.09999],[151.47382,-32.10051],[151.47335,-32.10067],[151.47315,-32.10004],[151.47289,-32.10014],[151.4732,-32.10099],[151.47347,-32.10098],[151.47355,-32.10137],[151.4726,-32.10137],[151.47252,-32.10119],[151.47164,-32.10046],[151.47188,-32.10004],[151.47246,-32.09993],[151.4714,-32.09893],[151.4707,-32.09869],[151.47001,-32.09871],[151.46993,-32.09921],[151.47079,-32.09945],[151.47086,-32.09972],[151.47038,-32.09983],[151.46961,-32.10121],[151.46888,-32.10137],[151.46887,-32.10137],[151.46938,-32.10086]],[[151.46955,-32.09792],[151.46994,-32.09831],[151.47063,-32.09837],[151.46993,-32.09808],[151.46964,-32.0976],[151.46955,-32.09792]]]}},{"type":"Feature","properties":{"OBJECTID":9265561,"PCTID":3033,"PCTName":"Northern Escarpment Sassafras-Prickly Ash Rainforest","vegClass":"Northern Warm Temperate Rainforests","vegForm":"Rainforests"},"geometry":{"type":"MultiPolygon","coordinates":[[[[151.47766,-32.10105],[151.47937,-32.10117],[151.47998,-32.10079],[151.4796,-32.10044],[151.48039,-32.10037],[151.48051,-32.10068],[151.48114,-32.10061],[151.48121,-32.10083],[151.48161,-32.10046],[151.48204,-32.10062],[151.48153,-32.10087],[151.48176,-32.10126],[151.48132,-32.10137],[151.47809,-32.10137],[151.4781,-32.10135],[151.47808,-32.10137],[151.47772,-32.10137],[151.47766,-32.10105]]],[[[151.47693,-32.10135],[151.47707,-32.10137],[151.47693,-32.10137],[151.47693,-32.10135]]]]}},{"type":"Feature","properties":{"OBJECTID":9265576,"PCTID":3032,"PCTName":"Northern Escarpment Sassafras-Booyong-Corkwood Rainforest","vegClass":"Northern Warm Temperate Rainforests","vegForm":"Rainforests"},"geometry":{"type":"Polygon","coordinates":[[[151.51845,-32.10064],[151.51853,-32.10028],[151.51881,-32.1003],[151.51881,-32.10085],[151.51845,-32.10064]]]}},{"type":"Feature","properties":{"OBJECTID":9265586,"PCTID":3100,"PCTName":"Northern Hinterland Baloghia-Dendrocnide Subtropical Rainforest","vegClass":"Subtropical Rainforests","vegForm":"Rainforests"},"geometry":{"type":"Polygon","coordinates":[[[151.4781,-32.10135],[151.47809,-32.10137],[151.47808,-32.10137],[151.4781,-32.10135]]]}},{"type":"Feature","properties":{"OBJECTID":9265611,"PCTID":3354,"PCTName":"Liverpool Range Box-Silvertop Stringybark Forest","vegClass":"New England Grassy Woodlands","vegForm":"Grassy Woodlands"},"geometry":{"type":"Polygon","coordinates":[[[151.46138,-32.10124],[151.46135,-32.10137],[151.46107,-32.10137],[151.46138,-32.10124]]]}},{"type":"Feature","properties":{"OBJECTID":9265616,"PCTID":3207,"PCTName":"Northern Escarpment Layered Blackbutt Fern Forest","vegClass":"Northern Escarpment Wet Sclerophyll Forests","vegForm":"Wet Sclerophyll Forests (Shrubby sub-formation)"},"geometry":{"type":"Polygon","coordinates":[[[151.51226,-32.10114],[151.51125,-32.101],[151.51154,-32.10049],[151.51092,-32.09979],[151.51162,-32.09994],[151.51308,-32.09953],[151.5131,-32.09984],[151.51353,-32.10001],[151.51329,-32.10051],[151.51389,-32.10085],[151.51444,-32.10124],[151.51441,-32.10137],[151.51232,-32.10137],[151.51226,-32.10114]]]}},{"type":"Feature","properties":{"OBJECTID":9265629,"PCTID":3100,"PCTName":"Northern Hinterland Baloghia-Dendrocnide Subtropical Rainforest","vegClass":"Subtropical Rainforests","vegForm":"Rainforests"},"geometry":{"type":"Polygon","coordinates":[[[151.44885,-32.10111],[151.44919,-32.10137],[151.44841,-32.10137],[151.44885,-32.10111]]]}},{"type":"Feature","properties":{"OBJECTID":9265639,"PCTID":3100,"PCTName":"Northern Hinterland Baloghia-Dendrocnide Subtropical Rainforest","vegClass":"Subtropical Rainforests","vegForm":"Rainforests"},"geometry":{"type":"Polygon","coordinates":[[[151.47171,-32.10091],[151.4718,-32.10059],[151.47252,-32.10119],[151.4726,-32.10137],[151.47206,-32.10137],[151.47171,-32.10091]]]}},{"type":"Feature","properties":{"OBJECTID":9265643,"PCTID":3288,"PCTName":"Northern Escarpment Messmate Moist Grassy Forest","vegClass":"Northern Tableland Wet Sclerophyll Forests","vegForm":"Wet Sclerophyll Forests (Grassy sub-formation)"},"geometry":{"type":"Polygon","coordinates":[[[151.48149,-32.10118],[151.4819,-32.10137],[151.48116,-32.10137],[151.48149,-32.10118]]]}},{"type":"Feature","properties":{"OBJECTID":9265651,"PCTID":3285,"PCTName":"Lower North Escarpment Blue Gum Grassy Forest","vegClass":"Northern Hinterland Wet Sclerophyll Forests","vegForm":"Wet Sclerophyll Forests (Grassy sub-formation)"},"geometry":{"type":"Polygon","coordinates":[[[151.48763,-32.10091],[151.48809,-32.10063],[151.48795,-32.09991],[151.48914,-32.09928],[151.48818,-32.09818],[151.48826,-32.09768],[151.48878,-32.09735],[151.48849,-32.097],[151.48905,-32.09634],[151.48953,-32.09642],[151.4915,-32.09553],[151.49236,-32.09573],[151.49329,-32.09425],[151.49459,-32.0937],[151.49551,-32.09417],[151.49559,-32.09461],[151.49496,-32.09482],[151.49579,-32.09538],[151.49511,-32.09558],[151.49561,-32.09615],[151.49581,-32.09574],[151.49724,-32.09573],[151.49733,-32.09541],[151.4978,-32.09539],[151.49787,-32.09566],[151.49841,-32.09573],[151.49859,-32.09622],[151.49888,-32.09562],[151.49834,-32.09546],[151.49788,-32.09476],[151.49813,-32.09439],[151.49855,-32.09442],[151.49864,-32.0941],[151.49815,-32.09375],[151.49886,-32.09323],[151.49894,-32.09363],[151.49852,-32.09383],[151.49878,-32.09377],[151.49908,-32.09435],[151.49872,-32.09468],[151.49831,-32.09483],[151.49832,-32.09515],[151.49924,-32.09543],[151.49937,-32.09601],[151.50017,-32.09603],[151.49928,-32.09624],[151.5,-32.0968],[151.49969,-32.0969],[151.49971,-32.09749],[151.49913,-32.09756],[151.49985,-32.09911],[151.49955,-32.09944],[151.49906,-32.09914],[151.49832,-32.09926],[151.49752,-32.10023],[151.49709,-32.10012],[151.49733,-32.09961],[151.49667,-32.09927],[151.49595,-32.09957],[151.49555,-32.10013],[151.49537,-32.09964],[151.49582,-32.09912],[151.49491,-32.09898],[151.49456,-32.09845],[151.4943,-32.0985],[151.49428,-32.0981],[151.4947,-32.09794],[151.49416,-32.09778],[151.49322,-32.09818],[151.49418,-32.1004],[151.49249,-32.09943],[151.49263,-32.09901],[151.49235,-32.09875],[151.49176,-32.09864],[151.49213,-32.09966],[151.49109,-32.09893],[151.49014,-32.0992],[151.4903,-32.10113],[151.49009,-32.10118],[151.49,-32.1006],[151.48953,-32.10075],[151.48986,-32.10092],[151.48989,-32.10137],[151.48774,-32.10137],[151.48763,-32.10091]],[[151.49588,-32.09618],[151.49549,-32.09674],[151.49592,-32.09695],[151.49586,-32.09777],[151.49628,-32.09771],[151.49684,-32.09836],[151.49589,-32.09853],[151.49747,-32.0992],[151.49751,-32.09893],[151.49829,-32.09872],[151.49836,-32.0979],[151.49812,-32.09741],[151.4978,-32.09747],[151.49769,-32.09634],[151.49699,-32.09605],[151.49588,-32.09618]],[[151.49872,-32.09784],[151.49907,-32.09828],[151.49877,-32.09865],[151.49909,-32.09878],[151.49926,-32.09796],[151.49887,-32.09761],[151.49872,-32.09784]],[[151.49604,-32.09934],[151.49635,-32.09924],[151.49624,-32.09902],[151.49604,-32.09934]]]}},{"type":"Feature","properties":{"OBJECTID":9265652,"PCTID":3354,"PCTName":"Liverpool Range Box-Silvertop Stringybark Forest","vegClass":"New England Grassy Woodlands","vegForm":"Grassy Woodlands"},"geometry":{"type":"Polygon","coordinates":[[[151.42151,-32.10065],[151.42127,-32.1012],[151.42154,-32.10137],[151.42119,-32.10137],[151.42119,-32.10059],[151.42151,-32.10065]]]}},{"type":"Feature","properties":{"OBJECTID":9265653,"PCTID":3032,"PCTName":"Northern Escarpment Sassafras-Booyong-Corkwood Rainforest","vegClass":"Northern Warm Temperate Rainforests","vegForm":"Rainforests"},"geometry":{"type":"Polygon","coordinates":[[[151.45003,-32.10133],[151.44913,-32.10128],[151.44949,-32.10104],[151.44926,-32.10073],[151.4499,-32.10084],[151.44993,-32.10025],[151.45068,-32.1005],[151.45096,-32.09981],[151.45145,-32.10101],[151.4503,-32.10133],[151.45188,-32.10113],[151.4521,-32.10135],[151.45207,-32.10137],[151.44976,-32.10137],[151.45003,-32.10133]]]}},{"type":"Feature","properties":{"OBJECTID":9265660,"PCTID":4111,"PCTName":"Lower North Grey Myrtle Riparian Dry Rainforest","vegClass":"Dry Rainforests","vegForm":"Rainforests"},"geometry":{"type":"MultiPolygon","coordinates":[[[[151.51764,-32.10053],[151.51778,-32.10017],[151.51881,-32.10114],[151.51881,-32.10137],[151.51838,-32.10137],[151.51764,-32.10053]]],[[[151.51667,-32.10111],[151.51776,-32.10076],[151.51838,-32.10137],[151.51722,-32.10137],[151.51667,-32.10111]]]]}},{"type":"Feature","properties":{"OBJECTID":9265687,"PCTID":3288,"PCTName":"Northern Escarpment Messmate Moist Grassy Forest","vegClass":"Northern Tableland Wet Sclerophyll Forests","vegForm":"Wet Sclerophyll Forests (Grassy sub-formation)"},"geometry":{"type":"Polygon","coordinates":[[[151.46976,-32.10107],[151.47038,-32.09983],[151.47107,-32.09967],[151.47071,-32.09882],[151.4714,-32.09893],[151.47246,-32.09993],[151.47178,-32.10014],[151.4718,-32.10059],[151.47171,-32.10091],[151.47206,-32.10137],[151.46916,-32.10137],[151.46976,-32.10107]]]}},{"type":"Feature","properties":{"OBJECTID":9265745,"PCTID":3100,"PCTName":"Northern Hinterland Baloghia-Dendrocnide Subtropical Rainforest","vegClass":"Subtropical Rainforests","vegForm":"Rainforests"},"geometry":{"type":"Polygon","coordinates":[[[151.46846,-32.10066],[151.46826,-32.09972],[151.4689,-32.09984],[151.46892,-32.10029],[151.4693,-32.10041],[151.46923,-32.10113],[151.46886,-32.10124],[151.46893,-32.10137],[151.46831,-32.10137],[151.46846,-32.10066]]]}},{"type":"Feature","properties":{"OBJECTID":9265793,"PCTID":3288,"PCTName":"Northern Escarpment Messmate Moist Grassy Forest","vegClass":"Northern Tableland Wet Sclerophyll Forests","vegForm":"Wet Sclerophyll Forests (Grassy sub-formation)"},"geometry":{"type":"Polygon","coordinates":[[[151.50055,-32.10039],[151.50108,-32.10033],[151.50141,-32.0996],[151.50293,-32.09913],[151.50331,-32.09826],[151.50414,-32.10008],[151.50475,-32.09956],[151.504,-32.09932],[151.50393,-32.09896],[151.50496,-32.09937],[151.50553,-32.09913],[151.50608,-32.0996],[151.50702,-32.09925],[151.50787,-32.09931],[151.5087,-32.09996],[151.50801,-32.09994],[151.50808,-32.10034],[151.50702,-32.10029],[151.50667,-32.10067],[151.50539,-32.10067],[151.50528,-32.10045],[151.50407,-32.10067],[151.50381,-32.10137],[151.50357,-32.10137],[151.50336,-32.10133],[151.50333,-32.10137],[151.49928,-32.10137],[151.50055,-32.10039]]]}},{"type":"Feature","properties":{"OBJECTID":9265924,"PCTID":3288,"PCTName":"Northern Escarpment Messmate Moist Grassy Forest","vegClass":"Northern Tableland Wet Sclerophyll Forests","vegForm":"Wet Sclerophyll Forests (Grassy sub-formation)"},"geometry":{"type":"Polygon","coordinates":[[[151.46314,-32.10131],[151.46285,-32.10096],[151.4629,-32.09974],[151.46404,-32.10019],[151.46486,-32.09971],[151.46604,-32.09998],[151.46708,-32.09954],[151.46784,-32.09983],[151.46813,-32.09932],[151.46914,-32.09929],[151.46942,-32.09959],[151.4693,-32.10041],[151.46892,-32.10029],[151.4689,-32.09984],[151.46826,-32.09972],[151.46846,-32.10066],[151.46833,-32.10108],[151.46789,-32.10096],[151.46791,-32.10137],[151.46364,-32.10137],[151.4636,-32.10111],[151.46348,-32.10137],[151.46304,-32.10137],[151.46314,-32.10131]]]}},{"type":"Feature","properties":{"OBJECTID":9265992,"PCTID":0,"PCTName":"Not classified","vegClass":"Not classified","vegForm":"Not classified"},"geometry":{"type":"MultiPolygon","coordinates":[[[[151.476,-32.09651],[151.47488,-32.09736],[151.47503,-32.09939],[151.47528,-32.10001],[151.47661,-32.10118],[151.47512,-32.10002],[151.47481,-32.09917],[151.47481,-32.09714],[151.47574,-32.09661],[151.47578,-32.09629],[151.47512,-32.09586],[151.47342,-32.09583],[151.47314,-32.09553],[151.47554,-32.09476],[151.47656,-32.094],[151.47534,-32.09499],[151.4733,-32.09552],[151.47544,-32.09589],[151.476,-32.09651]]],[[[151.47682,-32.10137],[151.47677,-32.10137],[151.47677,-32.10133],[151.47682,-32.10137]]]]}},{"type":"Feature","properties":{"OBJECTID":9266010,"PCTID":3285,"PCTName":"Lower North Escarpment Blue Gum Grassy Forest","vegClass":"Northern Hinterland Wet Sclerophyll Forests","vegForm":"Wet Sclerophyll Forests (Grassy sub-formation)"},"geometry":{"type":"Polygon","coordinates":[[[151.49863,-32.10119],[151.49867,-32.10087],[151.49905,-32.10117],[151.50001,-32.10023],[151.50075,-32.10007],[151.50078,-32.09971],[151.50141,-32.0996],[151.50108,-32.10033],[151.50055,-32.10039],[151.49928,-32.10137],[151.49823,-32.10137],[151.49863,-32.10119]]]}},{"type":"Feature","properties":{"OBJECTID":9266027,"PCTID":0,"PCTName":"Not classified","vegClass":"Not classified","vegForm":"Not classified"},"geometry":{"type":"MultiPolygon","coordinates":[[[[151.44133,-32.09817],[151.44125,-32.09867],[151.43973,-32.10008],[151.43843,-32.10063],[151.43776,-32.10137],[151.43758,-32.10137],[151.43822,-32.10063],[151.43962,-32.1],[151.44114,-32.09859],[151.44117,-32.09809],[151.44178,-32.09785],[151.44133,-32.09817]]],[[[151.44249,-32.097],[151.44316,-32.09666],[151.44318,-32.09684],[151.44214,-32.09759],[151.44249,-32.097]]],[[[151.44284,-32.09536],[151.44409,-32.09505],[151.4444,-32.09377],[151.44502,-32.09356],[151.44436,-32.094],[151.4441,-32.09518],[151.44305,-32.09531],[151.44316,-32.09663],[151.44284,-32.09536]]],[[[151.44576,-32.09331],[151.44587,-32.09354],[151.44536,-32.09344],[151.44576,-32.09331]]],[[[151.44629,-32.09442],[151.44769,-32.09374],[151.446,-32.09498],[151.4452,-32.09496],[151.44508,-32.09558],[151.44504,-32.09488],[151.44589,-32.09494],[151.44609,-32.09461],[151.44589,-32.09358],[151.44629,-32.09442]]],[[[151.44499,-32.09601],[151.44526,-32.09613],[151.4463,-32.09673],[151.44629,-32.09759],[151.44762,-32.09663],[151.45005,-32.09736],[151.44991,-32.09773],[151.44933,-32.09784],[151.449,-32.09984],[151.4486,-32.10026],[151.44927,-32.10137],[151.44913,-32.10137],[151.44839,-32.10027],[151.4488,-32.09998],[151.44921,-32.09771],[151.44989,-32.09741],[151.44742,-32.09682],[151.44651,-32.09767],[151.44608,-32.09764],[151.4462,-32.09682],[151.44478,-32.09597],[151.44506,-32.09566],[151.44499,-32.09601]]],[[[151.45003,-32.10133],[151.44978,-32.10137],[151.44967,-32.10137],[151.45003,-32.10133]]]]}},{"type":"Feature","properties":{"OBJECTID":9266036,"PCTID":3033,"PCTName":"Northern Escarpment Sassafras-Prickly Ash Rainforest","vegClass":"Northern Warm Temperate Rainforests","vegForm":"Rainforests"},"geometry":{"type":"MultiPolygon","coordinates":[[[[151.51829,-32.08195],[151.51858,-32.08248],[151.51822,-32.08272],[151.5184,-32.08312],[151.51794,-32.08345],[151.51801,-32.08376],[151.51713,-32.08407],[151.51786,-32.08494],[151.5171,-32.08461],[151.51675,-32.08395],[151.51606,-32.08406],[151.5166,-32.08526],[151.5172,-32.08551],[151.51711,-32.08592],[151.51756,-32.08631],[151.51785,-32.08589],[151.51781,-32.08806],[151.51753,-32.08789],[151.51761,-32.0883],[151.51711,-32.0889],[151.51584,-32.08804],[151.51577,-32.08764],[151.51476,-32.08754],[151.51541,-32.08675],[151.51595,-32.08709],[151.51721,-32.08677],[151.51587,-32.08655],[151.5151,-32.08595],[151.515,-32.08505],[151.5153,-32.08468],[151.51485,-32.0842],[151.51454,-32.0843],[151.51477,-32.08479],[151.51383,-32.08505],[151.51317,-32.08453],[151.51364,-32.08438],[151.51346,-32.08398],[151.51313,-32.08381],[151.51311,-32.0844],[151.51279,-32.08445],[151.51206,-32.08362],[151.51054,-32.0849],[151.51018,-32.0841],[151.50846,-32.08479],[151.50854,-32.08533],[151.50827,-32.08516],[151.5082,-32.08485],[151.50849,-32.08439],[151.50897,-32.08432],[151.50895,-32.08396],[151.50866,-32.08352],[151.50799,-32.08382],[151.50782,-32.08355],[151.50825,-32.08272],[151.50717,-32.0824],[151.50694,-32.082],[151.50744,-32.08235],[151.50822,-32.08205],[151.50715,-32.08091],[151.50713,-32.08042],[151.50761,-32.08058],[151.50781,-32.08035],[151.50842,-32.08073],[151.50936,-32.08056],[151.50934,-32.08015],[151.50858,-32.07978],[151.50835,-32.07847],[151.50906,-32.07872],[151.50924,-32.07925],[151.50992,-32.07909],[151.51015,-32.07945],[151.51052,-32.07925],[151.51049,-32.07871],[151.51138,-32.0785],[151.51159,-32.07944],[151.51244,-32.07959],[151.51306,-32.08033],[151.51406,-32.08012],[151.51408,-32.07953],[151.51466,-32.07946],[151.51462,-32.07869],[151.51587,-32.07919],[151.5155,-32.07821],[151.51485,-32.07792],[151.51467,-32.07851],[151.51424,-32.07844],[151.51399,-32.07768],[151.5135,-32.07747],[151.51353,-32.07706],[151.51267,-32.07682],[151.51263,-32.07502],[151.51245,-32.07457],[151.51214,-32.07472],[151.51186,-32.07433],[151.51306,-32.07405],[151.51278,-32.07361],[151.51345,-32.07323],[151.51346,-32.0725],[151.51396,-32.07285],[151.51419,-32.07216],[151.51472,-32.07223],[151.51453,-32.07165],[151.51485,-32.07155],[151.51407,-32.0709],[151.51361,-32.07119],[151.51286,-32.07009],[151.51337,-32.06966],[151.51267,-32.06937],[151.51241,-32.06852],[151.51283,-32.06846],[151.5135,-32.06903],[151.51381,-32.06888],[151.51376,-32.06798],[151.51428,-32.06778],[151.514,-32.06743],[151.51425,-32.06715],[151.51478,-32.06821],[151.5151,-32.06824],[151.51527,-32.06955],[151.51609,-32.06997],[151.51617,-32.06942],[151.5168,-32.06931],[151.51694,-32.06885],[151.51824,-32.07052],[151.51881,-32.07056],[151.51881,-32.08137],[151.51863,-32.08139],[151.51881,-32.08167],[151.51881,-32.08185],[151.51829,-32.08195]],[[151.51188,-32.08318],[151.51244,-32.08275],[151.51169,-32.08246],[151.51138,-32.08274],[151.51006,-32.08284],[151.5102,-32.08342],[151.50962,-32.08358],[151.50899,-32.08261],[151.50841,-32.08272],[151.50882,-32.08351],[151.50996,-32.08397],[151.51112,-32.08393],[151.51145,-32.08306],[151.51188,-32.08318]],[[151.51242,-32.08329],[151.51279,-32.08337],[151.51294,-32.08305],[151.51251,-32.08293],[151.51242,-32.08329]]],[[[151.5186,-32.0869],[151.51854,-32.08578],[151.51881,-32.08569],[151.51881,-32.08687],[151.5186,-32.0869]]]]}},{"type":"Feature","properties":{"OBJECTID":9266043,"PCTID":3288,"PCTName":"Northern Escarpment Messmate Moist Grassy Forest","vegClass":"Northern Tableland Wet Sclerophyll Forests","vegForm":"Wet Sclerophyll Forests (Grassy sub-formation)"},"geometry":{"type":"Polygon","coordinates":[[[151.47346,-32.1008],[151.47382,-32.10051],[151.47342,-32.09999],[151.47378,-32.09884],[151.4741,-32.0987],[151.4737,-32.09826],[151.47301,-32.0982],[151.47299,-32.09788],[151.47466,-32.09841],[151.47512,-32.10002],[151.47677,-32.10131],[151.47677,-32.10137],[151.4744,-32.10137],[151.47439,-32.10135],[151.47424,-32.10137],[151.47388,-32.10137],[151.47346,-32.1008]]]}},{"type":"Feature","properties":{"OBJECTID":9266048,"PCTID":0,"PCTName":"Not classified","vegClass":"Not classified","vegForm":"Not classified"},"geometry":{"type":"Polygon","coordinates":[[[151.4522,-32.10108],[151.45166,-32.101],[151.45101,-32.10137],[151.45072,-32.10137],[151.45029,-32.10119],[151.45099,-32.1013],[151.45202,-32.10081],[151.45242,-32.10125],[151.45227,-32.10137],[151.45194,-32.10137],[151.4522,-32.10108]]]}},{"type":"Feature","properties":{"OBJECTID":9266076,"PCTID":3285,"PCTName":"Lower North Escarpment Blue Gum Grassy Forest","vegClass":"Northern Hinterland Wet Sclerophyll Forests","vegForm":"Wet Sclerophyll Forests (Grassy sub-formation)"},"geometry":{"type":"MultiPolygon","coordinates":[[[[151.50407,-32.10067],[151.50528,-32.10045],[151.50539,-32.10067],[151.50667,-32.10067],[151.50702,-32.10029],[151.50808,-32.10034],[151.50801,-32.09994],[151.50885,-32.09982],[151.5096,-32.09984],[151.5102,-32.10031],[151.51083,-32.10011],[151.50937,-32.09948],[151.50713,-32.09929],[151.50866,-32.09915],[151.50811,-32.09885],[151.50722,-32.09898],[151.50829,-32.09817],[151.50648,-32.0981],[151.50576,-32.09844],[151.50444,-32.09763],[151.5095,-32.09799],[151.50957,-32.09826],[151.50878,-32.09829],[151.50879,-32.09865],[151.50939,-32.0989],[151.50974,-32.09956],[151.51119,-32.09996],[151.51154,-32.10053],[151.51125,-32.101],[151.51226,-32.10114],[151.51232,-32.10137],[151.505,-32.10137],[151.50462,-32.10115],[151.50434,-32.10137],[151.50381,-32.10137],[151.50407,-32.10067]]],[[[151.50336,-32.10133],[151.50357,-32.10137],[151.50333,-32.10137],[151.50336,-32.10133]]]]}},{"type":"Feature","properties":{"OBJECTID":9266084,"PCTID":3033,"PCTName":"Northern Escarpment Sassafras-Prickly Ash Rainforest","vegClass":"Northern Warm Temperate Rainforests","vegForm":"Rainforests"},"geometry":{"type":"MultiPolygon","coordinates":[[[[151.43843,-32.10063],[151.43973,-32.10008],[151.44125,-32.09867],[151.44143,-32.09808],[151.44226,-32.0976],[151.44276,-32.09799],[151.44282,-32.09712],[151.44337,-32.09751],[151.44389,-32.09731],[151.44544,-32.09766],[151.4462,-32.09682],[151.44619,-32.09773],[151.44707,-32.09724],[151.44734,-32.09741],[151.44699,-32.09779],[151.44735,-32.09854],[151.44668,-32.09902],[151.44617,-32.09831],[151.44575,-32.09837],[151.44551,-32.09892],[151.44589,-32.09918],[151.44583,-32.10013],[151.44617,-32.10039],[151.4448,-32.10067],[151.44472,-32.10117],[151.44519,-32.10097],[151.44535,-32.10137],[151.43778,-32.10137],[151.43843,-32.10063]]],[[[151.44802,-32.10028],[151.44863,-32.09989],[151.44748,-32.09917],[151.44757,-32.0988],[151.44855,-32.09918],[151.44864,-32.09886],[151.44825,-32.09851],[151.44921,-32.09766],[151.4488,-32.09998],[151.44839,-32.10027],[151.44885,-32.10111],[151.44841,-32.10137],[151.44752,-32.10137],[151.44802,-32.10028]]],[[[151.44641,-32.10097],[151.44668,-32.1011],[151.44637,-32.10133],[151.4464,-32.10137],[151.44574,-32.10137],[151.44641,-32.10097]]]]}},{"type":"Feature","properties":{"OBJECTID":9266097,"PCTID":3100,"PCTName":"Northern Hinterland Baloghia-Dendrocnide Subtropical Rainforest","vegClass":"Subtropical Rainforests","vegForm":"Rainforests"},"geometry":{"type":"MultiPolygon","coordinates":[[[[151.45375,-32.10134],[151.45533,-32.10114],[151.45498,-32.10052],[151.4553,-32.10051],[151.45536,-32.09965],[151.45417,-32.10024],[151.45389,-32.09988],[151.45457,-32.09981],[151.4556,-32.09906],[151.45537,-32.09875],[151.45502,-32.09912],[151.45447,-32.09887],[151.45459,-32.09796],[151.45403,-32.09753],[151.45451,-32.09747],[151.45513,-32.09817],[151.45522,-32.09785],[151.45492,-32.09723],[151.45401,-32.09699],[151.45354,-32.09624],[151.45441,-32.09657],[151.45471,-32.09611],[151.45539,-32.09599],[151.45554,-32.09581],[151.45498,-32.09533],[151.45539,-32.09491],[151.4549,-32.0947],[151.45525,-32.09428],[151.45579,-32.09449],[151.45587,-32.09403],[151.45649,-32.09365],[151.45557,-32.09327],[151.45554,-32.09273],[151.45454,-32.09286],[151.45488,-32.09226],[151.45536,-32.09224],[151.45495,-32.0914],[151.45509,-32.09112],[151.45417,-32.09066],[151.45404,-32.09017],[151.45355,-32.08992],[151.4539,-32.08846],[151.45276,-32.08696],[151.45399,-32.0871],[151.45482,-32.08784],[151.45474,-32.08725],[151.45583,-32.08681],[151.45706,-32.08703],[151.45832,-32.08572],[151.45679,-32.08578],[151.45622,-32.08612],[151.4561,-32.0858],[151.45398,-32.08579],[151.45388,-32.08498],[151.45336,-32.08518],[151.45318,-32.08483],[151.45306,-32.0856],[151.4535,-32.08576],[151.45325,-32.08604],[151.45359,-32.08648],[151.45185,-32.08668],[151.45232,-32.08553],[151.45175,-32.08592],[151.45124,-32.08526],[151.45153,-32.0847],[151.45105,-32.08459],[151.45074,-32.0836],[151.4502,-32.08344],[151.45018,-32.08195],[151.4493,-32.08135],[151.44928,-32.08099],[151.44864,-32.08093],[151.44878,-32.08065],[151.44965,-32.08098],[151.44941,-32.08045],[151.44987,-32.08002],[151.44854,-32.07903],[151.44912,-32.07883],[151.44982,-32.07917],[151.45012,-32.07861],[151.44964,-32.07859],[151.44976,-32.07899],[151.44922,-32.07874],[151.44984,-32.07835],[151.44982,-32.07795],[151.44933,-32.07774],[151.4494,-32.07805],[151.44871,-32.07808],[151.44827,-32.07773],[151.44835,-32.07732],[151.4479,-32.07671],[151.44815,-32.07647],[151.44886,-32.0769],[151.44888,-32.07622],[151.44957,-32.07615],[151.45174,-32.07715],[151.45146,-32.0768],[151.45191,-32.07629],[151.45224,-32.07659],[151.4521,-32.07701],[151.45237,-32.07704],[151.45348,-32.07492],[151.45362,-32.07546],[151.45337,-32.07574],[151.45379,-32.07577],[151.45403,-32.07526],[151.45431,-32.07548],[151.45397,-32.07622],[151.45581,-32.07588],[151.45573,-32.07638],[151.45527,-32.07667],[151.45603,-32.077],[151.45657,-32.07617],[151.45635,-32.07599],[151.45703,-32.07588],[151.45722,-32.07637],[151.45723,-32.07759],[151.4568,-32.07756],[151.45615,-32.07844],[151.45542,-32.0786],[151.45507,-32.07907],[151.45465,-32.07908],[151.45441,-32.07864],[151.45389,-32.07875],[151.4538,-32.07907],[151.45337,-32.07895],[151.45314,-32.07963],[151.45156,-32.07987],[151.45074,-32.08153],[151.4514,-32.08092],[151.4525,-32.08074],[151.4532,-32.07986],[151.45505,-32.07965],[151.4556,-32.07909],[151.45684,-32.07936],[151.45698,-32.07895],[151.4575,-32.07875],[151.45748,-32.07835],[151.45688,-32.07805],[151.45746,-32.07803],[151.45753,-32.07839],[151.45813,-32.07864],[151.45745,-32.07893],[151.45775,-32.07951],[151.45738,-32.0797],[151.45756,-32.07997],[151.45873,-32.08002],[151.45861,-32.08097],[151.45997,-32.08056],[151.4603,-32.08082],[151.46114,-32.08061],[151.45985,-32.08124],[151.45894,-32.08114],[151.45875,-32.08151],[151.45785,-32.08154],[151.45748,-32.08259],[151.45653,-32.08272],[151.45467,-32.08373],[151.45484,-32.08395],[151.45431,-32.08406],[151.45428,-32.08442],[151.45521,-32.08403],[151.45575,-32.08419],[151.45567,-32.08469],[151.455,-32.08508],[151.45501,-32.08535],[151.45645,-32.08538],[151.45694,-32.08469],[151.45774,-32.08475],[151.45797,-32.08406],[151.45961,-32.08382],[151.45968,-32.08432],[151.46038,-32.08434],[151.46039,-32.08461],[151.46081,-32.08446],[151.46214,-32.08572],[151.46283,-32.08565],[151.46261,-32.08652],[151.46288,-32.08678],[151.4633,-32.08667],[151.46407,-32.08718],[151.46452,-32.08658],[151.46526,-32.08646],[151.46522,-32.08683],[151.46465,-32.08703],[151.46551,-32.08731],[151.46514,-32.08828],[151.46182,-32.08876],[151.46157,-32.08908],[151.46071,-32.08898],[151.45948,-32.08979],[151.45999,-32.09045],[151.45893,-32.0904],[151.45841,-32.09064],[151.45835,-32.09146],[151.45765,-32.09135],[151.45782,-32.09166],[151.45737,-32.09204],[151.45756,-32.09271],[151.45819,-32.09268],[151.45805,-32.093],[151.4592,-32.09269],[151.45981,-32.09312],[151.46079,-32.09254],[151.46087,-32.09218],[151.46188,-32.09219],[151.46191,-32.09164],[151.46286,-32.09057],[151.46386,-32.0904],[151.46409,-32.09066],[151.4646,-32.09028],[151.46548,-32.09088],[151.46568,-32.09074],[151.46506,-32.09004],[151.46576,-32.0901],[151.46595,-32.08965],[151.46642,-32.08958],[151.46662,-32.0903],[151.46724,-32.09005],[151.46733,-32.09068],[151.46794,-32.09016],[151.46807,-32.09079],[151.46849,-32.09059],[151.46899,-32.09103],[151.46946,-32.09096],[151.4686,-32.09181],[151.46779,-32.09139],[151.46775,-32.09179],[151.46723,-32.09195],[151.46778,-32.09224],[151.46656,-32.09242],[151.46652,-32.0927],[151.46779,-32.09256],[151.4677,-32.09288],[151.46814,-32.09309],[151.46882,-32.09288],[151.469,-32.09224],[151.47014,-32.09184],[151.47099,-32.09186],[151.47112,-32.09221],[151.46976,-32.09276],[151.46895,-32.09347],[151.46747,-32.09361],[151.46725,-32.09335],[151.46668,-32.09359],[151.46629,-32.09334],[151.4661,-32.09375],[151.4654,-32.09364],[151.46537,-32.09405],[151.46441,-32.0939],[151.46426,-32.09413],[151.46504,-32.09474],[151.46459,-32.0953],[151.46408,-32.09369],[151.46492,-32.09352],[151.46432,-32.09318],[151.46295,-32.09341],[151.46266,-32.09383],[151.46206,-32.09354],[151.46132,-32.09365],[151.46061,-32.09427],[151.45874,-32.09397],[151.45781,-32.09455],[151.45788,-32.09486],[151.45742,-32.09524],[151.4576,-32.09559],[151.45708,-32.09588],[151.45728,-32.09674],[151.45692,-32.09697],[151.45696,-32.09779],[151.4565,-32.09807],[151.45606,-32.09768],[151.45615,-32.0984],[151.45573,-32.09864],[151.4557,-32.09896],[151.45623,-32.09894],[151.45589,-32.09968],[151.45643,-32.10088],[151.45613,-32.10125],[151.4566,-32.10137],[151.45374,-32.10137],[151.45375,-32.10134]],[[151.45509,-32.08146],[151.45495,-32.08187],[151.45411,-32.08217],[151.45425,-32.08176],[151.45387,-32.08159],[151.45347,-32.08197],[151.45214,-32.08197],[151.45175,-32.08262],[151.45258,-32.08327],[151.45248,-32.08354],[151.45324,-32.08378],[151.45306,-32.08438],[151.45327,-32.08451],[151.45349,-32.08359],[151.45327,-32.08333],[151.45357,-32.083],[151.45405,-32.08312],[151.45367,-32.08287],[151.45376,-32.08259],[151.45562,-32.0827],[151.45561,-32.08239],[151.45485,-32.08215],[151.45586,-32.08215],[151.45627,-32.08187],[151.45624,-32.08128],[151.45509,-32.08146]],[[151.45867,-32.0863],[151.4589,-32.08665],[151.45832,-32.08676],[151.45845,-32.08712],[151.4581,-32.08758],[151.45761,-32.08742],[151.45685,-32.08812],[151.45641,-32.08773],[151.45617,-32.08833],[151.45564,-32.08821],[151.45602,-32.08847],[151.45578,-32.08902],[151.45619,-32.08968],[151.45685,-32.09011],[151.458,-32.0898],[151.45865,-32.09014],[151.45897,-32.08909],[151.4595,-32.08907],[151.45955,-32.08803],[151.45982,-32.08815],[151.46007,-32.08778],[151.45989,-32.08743],[151.45966,-32.08798],[151.45942,-32.08758],[151.45905,-32.08759],[151.45944,-32.08681],[151.45909,-32.08624],[151.45867,-32.0863]],[[151.462,-32.08812],[151.4629,-32.08809],[151.46308,-32.08758],[151.46282,-32.08755],[151.462,-32.08812]],[[151.46089,-32.08829],[151.46055,-32.0888],[151.46166,-32.08876],[151.46173,-32.08817],[151.46089,-32.08829]],[[151.46584,-32.09286],[151.46628,-32.0932],[151.46636,-32.09266],[151.46608,-32.09235],[151.46584,-32.09286]],[[151.46565,-32.09115],[151.46572,-32.09155],[151.46661,-32.09129],[151.46612,-32.0909],[151.46565,-32.09115]]],[[[151.45783,-32.10119],[151.45862,-32.10125],[151.45897,-32.10078],[151.45925,-32.101],[151.45899,-32.10137],[151.45774,-32.10137],[151.45783,-32.10119]]]]}},{"type":"Feature","properties":{"OBJECTID":9266190,"PCTID":3033,"PCTName":"Northern Escarpment Sassafras-Prickly Ash Rainforest","vegClass":"Northern Warm Temperate Rainforests","vegForm":"Rainforests"},"geometry":{"type":"Polygon","coordinates":[[[151.5139,-32.10103],[151.51415,-32.10062],[151.51367,-32.09955],[151.51397,-32.09918],[151.51422,-32.09998],[151.51517,-32.09986],[151.51524,-32.09913],[151.51478,-32.09852],[151.51538,-32.09782],[151.51536,-32.09737],[151.51595,-32.09748],[151.51587,-32.09807],[151.51554,-32.09786],[151.51524,-32.09805],[151.51538,-32.09881],[151.5158,-32.09861],[151.51646,-32.09922],[151.51699,-32.09916],[151.51723,-32.09978],[151.51774,-32.09936],[151.51715,-32.0982],[151.51805,-32.09799],[151.51881,-32.09834],[151.51881,-32.1003],[151.51853,-32.10028],[151.51845,-32.10064],[151.51881,-32.10085],[151.51881,-32.10107],[151.51773,-32.10017],[151.51764,-32.10053],[151.51843,-32.10132],[151.51776,-32.10076],[151.51667,-32.1012],[151.51718,-32.10137],[151.51452,-32.10137],[151.5139,-32.10103]]]}},{"type":"Feature","properties":{"OBJECTID":9266392,"PCTID":3288,"PCTName":"Northern Escarpment Messmate Moist Grassy Forest","vegClass":"Northern Tableland Wet Sclerophyll Forests","vegForm":"Wet Sclerophyll Forests (Grassy sub-formation)"},"geometry":{"type":"Polygon","coordinates":[[[151.42997,-32.10116],[151.43034,-32.10114],[151.43022,-32.10088],[151.43067,-32.10041],[151.43011,-32.09984],[151.43048,-32.09978],[151.4311,-32.10048],[151.4314,-32.10011],[151.43241,-32.10008],[151.43217,-32.10067],[151.43283,-32.10119],[151.43274,-32.10137],[151.43005,-32.10137],[151.42997,-32.10116]]]}},{"type":"Feature","properties":{"OBJECTID":9266549,"PCTID":3100,"PCTName":"Northern Hinterland Baloghia-Dendrocnide Subtropical Rainforest","vegClass":"Subtropical Rainforests","vegForm":"Rainforests"},"geometry":{"type":"MultiPolygon","coordinates":[[[[151.48489,-32.10133],[151.48451,-32.10107],[151.48599,-32.10102],[151.48617,-32.10038],[151.48678,-32.10081],[151.48749,-32.10024],[151.4873,-32.10074],[151.48763,-32.10096],[151.48774,-32.10137],[151.48489,-32.10137],[151.48489,-32.10133]]],[[[151.48419,-32.10099],[151.48453,-32.10137],[151.48417,-32.10137],[151.48419,-32.10099]]],[[[151.49619,-32.10123],[151.49663,-32.10137],[151.49608,-32.10137],[151.49619,-32.10123]]],[[[151.4949,-32.10096],[151.49553,-32.10137],[151.49451,-32.10137],[151.4949,-32.10096]]],[[[151.49131,-32.10119],[151.49112,-32.10056],[151.49197,-32.10066],[151.4922,-32.10111],[151.49351,-32.10065],[151.49448,-32.10137],[151.49174,-32.10137],[151.49131,-32.10119]]],[[[151.49087,-32.10102],[151.49174,-32.10137],[151.49086,-32.10137],[151.49087,-32.10102]]]]}},{"type":"Feature","properties":{"OBJECTID":9267130,"PCTID":3033,"PCTName":"Northern Escarpment Sassafras-Prickly Ash Rainforest","vegClass":"Northern Warm Temperate Rainforests","vegForm":"Rainforests"},"geometry":{"type":"Polygon","coordinates":[[[151.4212,-32.05301],[151.42206,-32.05307],[151.42256,-32.05369],[151.42247,-32.05288],[151.42285,-32.05295],[151.42314,-32.05358],[151.42342,-32.05275],[151.42421,-32.05272],[151.42532,-32.05359],[151.42533,-32.0539],[151.42665,-32.05381],[151.42624,-32.0541],[151.42617,-32.05478],[151.42689,-32.05425],[151.42765,-32.05459],[151.42713,-32.05488],[151.42696,-32.0557],[151.42637,-32.05549],[151.42539,-32.05607],[151.42515,-32.05657],[151.423,-32.05715],[151.42308,-32.05764],[151.42211,-32.05835],[151.42119,-32.05828],[151.42119,-32.05304],[151.4212,-32.05301]]]}},{"type":"Feature","properties":{"OBJECTID":9268048,"PCTID":3033,"PCTName":"Northern Escarpment Sassafras-Prickly Ash Rainforest","vegClass":"Northern Warm Temperate Rainforests","vegForm":"Rainforests"},"geometry":{"type":"MultiPolygon","coordinates":[[[[151.42467,-32.09494],[151.42471,-32.09471],[151.42508,-32.0948],[151.42467,-32.09494]]],[[[151.42584,-32.09498],[151.42661,-32.09441],[151.42658,-32.09392],[151.42581,-32.09336],[151.42639,-32.09334],[151.42673,-32.09265],[151.42571,-32.09237],[151.42563,-32.09178],[151.42689,-32.09264],[151.42691,-32.09201],[151.42804,-32.0912],[151.42747,-32.09036],[151.42686,-32.09088],[151.42703,-32.09011],[151.42625,-32.08932],[151.4255,-32.08917],[151.42548,-32.08885],[151.42585,-32.08875],[151.42568,-32.08849],[151.42499,-32.08955],[151.4247,-32.0892],[151.42387,-32.0895],[151.42374,-32.08905],[151.42314,-32.08876],[151.42293,-32.08877],[151.42316,-32.08916],[151.42296,-32.08944],[151.42242,-32.08924],[151.42248,-32.08815],[151.42284,-32.08809],[151.42288,-32.08777],[151.42251,-32.08774],[151.42276,-32.08742],[151.42258,-32.08706],[151.42183,-32.08695],[151.42173,-32.08601],[151.42259,-32.08616],[151.42268,-32.08701],[151.42366,-32.08752],[151.42459,-32.08699],[151.42414,-32.08651],[151.42493,-32.0863],[151.42517,-32.08575],[151.42568,-32.08541],[151.42674,-32.08538],[151.42635,-32.08498],[151.42689,-32.08415],[151.42742,-32.08409],[151.42735,-32.08382],[151.4283,-32.0836],[151.4287,-32.08309],[151.42991,-32.08296],[151.42994,-32.08255],[151.43058,-32.08253],[151.43145,-32.08186],[151.43148,-32.08146],[151.43196,-32.08148],[151.43277,-32.08069],[151.43315,-32.0809],[151.43231,-32.0812],[151.43277,-32.08173],[151.4327,-32.08245],[151.43291,-32.08249],[151.43314,-32.08171],[151.43372,-32.08165],[151.43426,-32.08199],[151.43401,-32.08326],[151.43351,-32.08387],[151.43497,-32.08553],[151.4345,-32.08573],[151.43465,-32.08649],[151.43264,-32.08765],[151.43387,-32.08792],[151.43434,-32.08772],[151.43489,-32.08815],[151.43445,-32.08898],[151.43506,-32.08937],[151.43437,-32.08953],[151.43472,-32.09001],[151.43412,-32.09071],[151.43472,-32.09123],[151.43606,-32.09132],[151.43544,-32.09179],[151.43579,-32.09232],[151.43663,-32.09211],[151.4368,-32.09246],[151.437,-32.09214],[151.43758,-32.09217],[151.43759,-32.09117],[151.4393,-32.09039],[151.43989,-32.08946],[151.44112,-32.0887],[151.44251,-32.08874],[151.44243,-32.08829],[151.44332,-32.08798],[151.44323,-32.08735],[151.44445,-32.08736],[151.44448,-32.0869],[151.44543,-32.08682],[151.44588,-32.08717],[151.44611,-32.08653],[151.44649,-32.08683],[151.44641,-32.08724],[151.44719,-32.08689],[151.44743,-32.08747],[151.44821,-32.08717],[151.44876,-32.08752],[151.44975,-32.0873],[151.45057,-32.08772],[151.45017,-32.08814],[151.44734,-32.08784],[151.44731,-32.08829],[151.44683,-32.08831],[151.44698,-32.08903],[151.44779,-32.08931],[151.44804,-32.08908],[151.44842,-32.08929],[151.44882,-32.08869],[151.45073,-32.0888],[151.45018,-32.08936],[151.44941,-32.08898],[151.44869,-32.08928],[151.44855,-32.08969],[151.44742,-32.08951],[151.44756,-32.09009],[151.4473,-32.09028],[151.44802,-32.09084],[151.44881,-32.09067],[151.44895,-32.09022],[151.44948,-32.09029],[151.45083,-32.08965],[151.452,-32.0897],[151.45246,-32.08937],[151.45247,-32.08968],[151.45274,-32.08967],[151.45283,-32.0894],[151.45347,-32.08938],[151.45417,-32.09066],[151.45509,-32.09117],[151.45237,-32.09082],[151.45196,-32.09106],[151.45203,-32.09133],[151.45135,-32.09158],[151.45251,-32.0914],[151.45278,-32.09152],[151.45275,-32.09202],[151.45098,-32.09267],[151.45028,-32.09252],[151.45089,-32.09304],[151.45079,-32.09413],[151.4502,-32.09401],[151.44968,-32.09331],[151.44962,-32.09417],[151.4499,-32.09452],[151.44927,-32.09459],[151.44918,-32.09486],[151.4504,-32.09495],[151.4513,-32.09587],[151.44976,-32.09701],[151.44762,-32.09663],[151.44643,-32.09713],[151.44557,-32.09599],[151.44499,-32.09601],[151.44525,-32.09491],[151.44579,-32.09508],[151.44707,-32.09399],[151.44769,-32.09383],[151.44711,-32.09381],[151.44629,-32.09442],[151.44592,-32.0934],[151.44523,-32.09329],[151.44425,-32.09391],[151.44404,-32.09509],[151.44288,-32.09527],[151.44316,-32.09653],[151.44251,-32.09628],[151.43992,-32.09655],[151.43942,-32.09594],[151.43949,-32.0963],[151.43858,-32.09628],[151.43839,-32.09661],[151.43857,-32.0971],[151.43905,-32.09708],[151.43904,-32.09681],[151.43958,-32.09702],[151.43919,-32.09771],[151.43844,-32.09769],[151.43842,-32.09733],[151.43801,-32.09752],[151.43767,-32.09704],[151.43742,-32.09737],[151.43678,-32.09725],[151.43696,-32.09779],[151.4366,-32.09794],[151.43657,-32.09834],[151.43597,-32.0981],[151.43566,-32.09829],[151.43584,-32.09869],[151.43528,-32.09907],[151.43569,-32.09987],[151.43626,-32.09958],[151.43634,-32.1002],[151.43672,-32.10028],[151.43657,-32.09952],[151.43822,-32.09959],[151.43809,-32.09919],[151.4384,-32.09896],[151.43935,-32.09892],[151.4392,-32.09789],[151.44017,-32.09821],[151.44135,-32.09749],[151.44158,-32.09785],[151.43962,-32.1],[151.43822,-32.10063],[151.43758,-32.10137],[151.43278,-32.10137],[151.43284,-32.10128],[151.43217,-32.10067],[151.43246,-32.10012],[151.4314,-32.10011],[151.4311,-32.10048],[151.43016,-32.0998],[151.43067,-32.10041],[151.43022,-32.10088],[151.43034,-32.10114],[151.42997,-32.10116],[151.43005,-32.10137],[151.42154,-32.10137],[151.42127,-32.1012],[151.42152,-32.10101],[151.42149,-32.10033],[151.42184,-32.09996],[151.42239,-32.10035],[151.42276,-32.1002],[151.42258,-32.0998],[151.42345,-32.10022],[151.42309,-32.09946],[151.42329,-32.09919],[151.42358,-32.09963],[151.42431,-32.09933],[151.42597,-32.09981],[151.42757,-32.09876],[151.4282,-32.09869],[151.42779,-32.09798],[151.42701,-32.09815],[151.42666,-32.09766],[151.42592,-32.0976],[151.42481,-32.09678],[151.42398,-32.09708],[151.42299,-32.09626],[151.42329,-32.09602],[151.42358,-32.09656],[151.42421,-32.0964],[151.42425,-32.09608],[151.42381,-32.09582],[151.424,-32.09528],[151.42454,-32.09548],[151.42531,-32.095],[151.42517,-32.09482],[151.42584,-32.09498]],[[151.44861,-32.09615],[151.44934,-32.09603],[151.44798,-32.09522],[151.44861,-32.09615]],[[151.44168,-32.08931],[151.44172,-32.09003],[151.44254,-32.09041],[151.44263,-32.09013],[151.44226,-32.09023],[151.44208,-32.08979],[151.44234,-32.0896],[151.44205,-32.08911],[151.44168,-32.08931]],[[151.43962,-32.09042],[151.4402,-32.09044],[151.44049,-32.09089],[151.44103,-32.091],[151.44052,-32.09048],[151.44082,-32.09002],[151.44017,-32.08977],[151.43962,-32.09042]],[[151.4392,-32.09152],[151.43932,-32.09183],[151.44031,-32.09148],[151.43975,-32.091],[151.4392,-32.09152]],[[151.43584,-32.09331],[151.43635,-32.09411],[151.43624,-32.0951],[151.43549,-32.09594],[151.43471,-32.09615],[151.43437,-32.09693],[151.43344,-32.09737],[151.43346,-32.09778],[151.43288,-32.09794],[151.43309,-32.09892],[151.43358,-32.09909],[151.43338,-32.09941],[151.43252,-32.09921],[151.43262,-32.10016],[151.43298,-32.09983],[151.43368,-32.10017],[151.43457,-32.09977],[151.43418,-32.09848],[151.43501,-32.09804],[151.43494,-32.09768],[151.43536,-32.09767],[151.4366,-32.09586],[151.43661,-32.09292],[151.43584,-32.09331]]]]}},{"type":"Feature","properties":{"OBJECTID":9271745,"PCTID":3100,"PCTName":"Northern Hinterland Baloghia-Dendrocnide Subtropical Rainforest","vegClass":"Subtropical Rainforests","vegForm":"Rainforests"},"geometry":{"type":"MultiPolygon","coordinates":[[[[151.42135,-32.08042],[151.42164,-32.08091],[151.42216,-32.08066],[151.42165,-32.08109],[151.42176,-32.08131],[151.42281,-32.08109],[151.4229,-32.08168],[151.42264,-32.08187],[151.42293,-32.0824],[151.42194,-32.08275],[151.42193,-32.08356],[151.42231,-32.08368],[151.42222,-32.08414],[151.42255,-32.08431],[151.42237,-32.08499],[151.42346,-32.08554],[151.42332,-32.08595],[151.4227,-32.08624],[151.42173,-32.08601],[151.42123,-32.08652],[151.42178,-32.08705],[151.42181,-32.08763],[151.42162,-32.088],[151.42123,-32.0877],[151.42119,-32.08771],[151.42119,-32.08049],[151.42135,-32.08042]],[[151.42138,-32.08421],[151.42144,-32.08448],[151.42235,-32.08463],[151.42174,-32.08407],[151.42138,-32.08421]]],[[[151.42176,-32.09089],[151.42185,-32.09043],[151.42152,-32.09026],[151.42187,-32.08993],[151.42231,-32.0901],[151.42255,-32.08973],[151.42226,-32.08924],[151.42301,-32.08939],[151.42293,-32.08877],[151.42374,-32.08905],[151.42387,-32.0895],[151.4247,-32.0892],[151.42499,-32.08955],[151.42568,-32.08849],[151.42585,-32.08875],[151.42548,-32.08885],[151.4255,-32.08917],[151.42625,-32.08932],[151.42703,-32.09011],[151.42686,-32.09088],[151.42747,-32.09036],[151.42797,-32.0908],[151.42805,-32.09134],[151.42691,-32.09201],[151.42689,-32.09264],[151.42563,-32.09178],[151.42571,-32.09237],[151.42673,-32.09265],[151.42639,-32.09334],[151.42581,-32.09336],[151.42631,-32.09379],[151.42584,-32.09399],[151.42397,-32.0937],[151.42396,-32.09338],[151.42306,-32.09346],[151.42272,-32.09311],[151.42233,-32.09371],[151.42158,-32.09365],[151.42288,-32.09414],[151.42324,-32.09395],[151.42401,-32.09451],[151.42601,-32.09407],[151.42645,-32.09437],[151.42584,-32.09498],[151.42517,-32.09482],[151.42531,-32.095],[151.42454,-32.09548],[151.424,-32.09528],[151.42381,-32.09582],[151.42425,-32.09608],[151.42421,-32.0964],[151.42358,-32.09656],[151.4234,-32.09611],[151.42303,-32.09608],[151.42392,-32.09695],[151.42373,-32.09727],[151.42322,-32.09679],[151.42259,-32.09691],[151.42189,-32.09549],[151.42119,-32.09512],[151.42119,-32.09366],[151.42148,-32.09374],[151.42182,-32.09314],[151.42155,-32.09302],[151.42119,-32.09312],[151.42119,-32.09108],[151.42176,-32.09089]],[[151.42471,-32.09471],[151.42467,-32.09494],[151.42508,-32.0948],[151.42471,-32.09471]]]]}},{"type":"Feature","properties":{"OBJECTID":9353667,"PCTID":3379,"PCTName":"Barrington-Point Lookout Montane Grassy Forest","vegClass":"Subalpine Woodlands","vegForm":"Grassy Woodlands"},"geometry":{"type":"Polygon","coordinates":[[[151.50489,-32.01957],[151.50494,-32.01948],[151.505,-32.0197],[151.50489,-32.01957]]]}},{"type":"Feature","properties":{"OBJECTID":9353668,"PCTID":3947,"PCTName":"Northern Escarpment Montane Swamp Forest","vegClass":"Montane Bogs and Fens","vegForm":"Freshwater Wetlands"},"geometry":{"type":"Polygon","coordinates":[[[151.51045,-32.02049],[151.51009,-32.02064],[151.50996,-32.0202],[151.51032,-32.02],[151.51045,-32.02049]]]}},{"type":"Feature","properties":{"OBJECTID":9353669,"PCTID":3947,"PCTName":"Northern Escarpment Montane Swamp Forest","vegClass":"Montane Bogs and Fens","vegForm":"Freshwater Wetlands"},"geometry":{"type":"Polygon","coordinates":[[[151.50585,-32.01976],[151.50698,-32.01994],[151.50723,-32.01971],[151.5071,-32.01926],[151.50652,-32.01928],[151.50639,-32.01888],[151.50647,-32.01863],[151.50871,-32.01863],[151.50871,-32.01866],[151.50951,-32.01863],[151.50983,-32.01863],[151.50992,-32.01938],[151.51017,-32.01919],[151.51201,-32.0198],[151.51336,-32.01926],[151.51359,-32.02079],[151.51321,-32.02053],[151.51253,-32.02064],[151.51155,-32.02131],[151.51147,-32.02082],[151.51184,-32.02067],[151.51117,-32.02006],[151.51064,-32.02004],[151.51062,-32.01972],[151.50963,-32.02003],[151.50965,-32.02034],[151.5068,-32.02058],[151.50572,-32.02017],[151.50544,-32.01991],[151.50559,-32.01968],[151.50501,-32.01979],[151.50499,-32.01948],[151.50384,-32.0188],[151.50443,-32.01863],[151.50488,-32.01863],[151.50585,-32.01976]]]}},{"type":"Feature","properties":{"OBJECTID":9353670,"PCTID":3926,"PCTName":"Barrington Granodiorite Subalpine Swamp Woodland","vegClass":"Montane Bogs and Fens","vegForm":"Freshwater Wetlands"},"geometry":{"type":"Polygon","coordinates":[[[151.45831,-32.02416],[151.45879,-32.02424],[151.45886,-32.0246],[151.45831,-32.02416]]]}},{"type":"Feature","properties":{"OBJECTID":9353671,"PCTID":3927,"PCTName":"Barrington Subalpine Swamp Meadow","vegClass":"Montane Bogs and Fens","vegForm":"Freshwater Wetlands"},"geometry":{"type":"Polygon","coordinates":[[[151.45647,-32.0255],[151.45608,-32.0251],[151.45637,-32.02451],[151.45665,-32.02481],[151.45647,-32.0255]]]}},{"type":"Feature","properties":{"OBJECTID":9353672,"PCTID":3927,"PCTName":"Barrington Subalpine Swamp Meadow","vegClass":"Montane Bogs and Fens","vegForm":"Freshwater Wetlands"},"geometry":{"type":"Polygon","coordinates":[[[151.45725,-32.02529],[151.45746,-32.02519],[151.45732,-32.02546],[151.45725,-32.02529]]]}},{"type":"Feature","properties":{"OBJECTID":9353673,"PCTID":3926,"PCTName":"Barrington Granodiorite Subalpine Swamp Woodland","vegClass":"Montane Bogs and Fens","vegForm":"Freshwater Wetlands"},"geometry":{"type":"Polygon","coordinates":[[[151.45711,-32.02565],[151.4565,-32.02504],[151.4573,-32.02515],[151.45711,-32.02565]]]}},{"type":"Feature","properties":{"OBJECTID":9353674,"PCTID":3927,"PCTName":"Barrington Subalpine Swamp Meadow","vegClass":"Montane Bogs and Fens","vegForm":"Freshwater Wetlands"},"geometry":{"type":"Polygon","coordinates":[[[151.45993,-32.02569],[151.45981,-32.02542],[151.46024,-32.02567],[151.45993,-32.02569]]]}},{"type":"Feature","properties":{"OBJECTID":9353675,"PCTID":3927,"PCTName":"Barrington Subalpine Swamp Meadow","vegClass":"Montane Bogs and Fens","vegForm":"Freshwater Wetlands"},"geometry":{"type":"Polygon","coordinates":[[[151.45687,-32.02598],[151.45655,-32.02603],[151.45649,-32.02595],[151.45687,-32.02598]]]}},{"type":"Feature","properties":{"OBJECTID":9353676,"PCTID":3926,"PCTName":"Barrington Granodiorite Subalpine Swamp Woodland","vegClass":"Montane Bogs and Fens","vegForm":"Freshwater Wetlands"},"geometry":{"type":"Polygon","coordinates":[[[151.46074,-32.02611],[151.46051,-32.02575],[151.46084,-32.02592],[151.46074,-32.02611]]]}},{"type":"Feature","properties":{"OBJECTID":9353677,"PCTID":3926,"PCTName":"Barrington Granodiorite Subalpine Swamp Woodland","vegClass":"Montane Bogs and Fens","vegForm":"Freshwater Wetlands"},"geometry":{"type":"Polygon","coordinates":[[[151.45482,-32.02641],[151.45446,-32.02661],[151.45434,-32.02625],[151.45482,-32.02641]]]}},{"type":"Feature","properties":{"OBJECTID":9353678,"PCTID":3926,"PCTName":"Barrington Granodiorite Subalpine Swamp Woodland","vegClass":"Montane Bogs and Fens","vegForm":"Freshwater Wetlands"},"geometry":{"type":"Polygon","coordinates":[[[151.45521,-32.02672],[151.45545,-32.02639],[151.45552,-32.02666],[151.45521,-32.02672]]]}},{"type":"Feature","properties":{"OBJECTID":9353679,"PCTID":3926,"PCTName":"Barrington Granodiorite Subalpine Swamp Woodland","vegClass":"Montane Bogs and Fens","vegForm":"Freshwater Wetlands"},"geometry":{"type":"Polygon","coordinates":[[[151.45518,-32.0273],[151.45506,-32.02695],[151.45539,-32.0273],[151.45518,-32.0273]]]}},{"type":"Feature","properties":{"OBJECTID":9353680,"PCTID":3927,"PCTName":"Barrington Subalpine Swamp Meadow","vegClass":"Montane Bogs and Fens","vegForm":"Freshwater Wetlands"},"geometry":{"type":"Polygon","coordinates":[[[151.4666,-32.02671],[151.46717,-32.02628],[151.46709,-32.02583],[151.46746,-32.02577],[151.4676,-32.02649],[151.46683,-32.02692],[151.4666,-32.02671]]]}},{"type":"Feature","properties":{"OBJECTID":9353681,"PCTID":3926,"PCTName":"Barrington Granodiorite Subalpine Swamp Woodland","vegClass":"Montane Bogs and Fens","vegForm":"Freshwater Wetlands"},"geometry":{"type":"Polygon","coordinates":[[[151.45583,-32.02755],[151.45594,-32.02768],[151.45579,-32.02778],[151.45583,-32.02755]]]}},{"type":"Feature","properties":{"OBJECTID":9353682,"PCTID":3926,"PCTName":"Barrington Granodiorite Subalpine Swamp Woodland","vegClass":"Montane Bogs and Fens","vegForm":"Freshwater Wetlands"},"geometry":{"type":"Polygon","coordinates":[[[151.46429,-32.02819],[151.46344,-32.02804],[151.46324,-32.02828],[151.4625,-32.0274],[151.46329,-32.02728],[151.46438,-32.02774],[151.46452,-32.02742],[151.46375,-32.0269],[151.46385,-32.02667],[151.46471,-32.027],[151.46505,-32.02753],[151.46429,-32.02819]]]}},{"type":"Feature","properties":{"OBJECTID":9353683,"PCTID":0,"PCTName":"Not classified","vegClass":"Not classified","vegForm":"Not classified"},"geometry":{"type":"Polygon","coordinates":[[[151.46758,-32.02812],[151.46767,-32.02798],[151.46779,-32.02806],[151.46758,-32.02812]]]}},{"type":"Feature","properties":{"OBJECTID":9353684,"PCTID":3927,"PCTName":"Barrington Subalpine Swamp Meadow","vegClass":"Montane Bogs and Fens","vegForm":"Freshwater Wetlands"},"geometry":{"type":"Polygon","coordinates":[[[151.46641,-32.02924],[151.46564,-32.02873],[151.4662,-32.02826],[151.46509,-32.02825],[151.4647,-32.02777],[151.46648,-32.02739],[151.46688,-32.02801],[151.46641,-32.02924]]]}},{"type":"Feature","properties":{"OBJECTID":9353685,"PCTID":3379,"PCTName":"Barrington-Point Lookout Montane Grassy Forest","vegClass":"Subalpine Woodlands","vegForm":"Grassy Woodlands"},"geometry":{"type":"Polygon","coordinates":[[[151.4678,-32.02842],[151.46719,-32.02881],[151.46742,-32.02916],[151.46689,-32.02923],[151.46747,-32.02817],[151.46657,-32.02928],[151.46672,-32.02801],[151.46761,-32.02771],[151.46773,-32.02798],[151.4678,-32.02842]]]}},{"type":"Feature","properties":{"OBJECTID":9353686,"PCTID":0,"PCTName":"Not classified","vegClass":"Not classified","vegForm":"Not classified"},"geometry":{"type":"Polygon","coordinates":[[[151.46716,-32.02831],[151.46747,-32.02817],[151.46689,-32.02923],[151.46716,-32.02831]]]}},{"type":"Feature","properties":{"OBJECTID":9353688,"PCTID":3927,"PCTName":"Barrington Subalpine Swamp Meadow","vegClass":"Montane Bogs and Fens","vegForm":"Freshwater Wetlands"},"geometry":{"type":"Polygon","coordinates":[[[151.51809,-32.05079],[151.5179,-32.05016],[151.5165,-32.04981],[151.51608,-32.04996],[151.5157,-32.0507],[151.51509,-32.05036],[151.51518,-32.04986],[151.51716,-32.04933],[151.51773,-32.04995],[151.51863,-32.05],[151.51881,-32.04959],[151.51881,-32.05076],[151.51809,-32.05079]]]}},{"type":"Feature","properties":{"OBJECTID":9353689,"PCTID":3927,"PCTName":"Barrington Subalpine Swamp Meadow","vegClass":"Montane Bogs and Fens","vegForm":"Freshwater Wetlands"},"geometry":{"type":"Polygon","coordinates":[[[151.50589,-32.0539],[151.50514,-32.0538],[151.50539,-32.05347],[151.50589,-32.0539]]]}}]}