{"type":"FeatureCollection","features":[{"type":"Feature","id":7280,"geometry":{"type":"Polygon","coordinates":[[[149.024629,-31.287327],[149.027275,-31.287285],[149.029586,-31.288259],[149.030976,-31.288453],[149.032102,-31.288065],[149.032898,-31.287945],[149.033993,-31.288081],[149.034012,-31.288477],[149.033714,-31.28924],[149.034822,-31.289015],[149.036136,-31.288561],[149.037605,-31.287518],[149.038246,-31.287544],[149.039145,-31.287322],[149.040355,-31.287411],[149.040329,-31.287186],[149.040534,-31.286471],[149.042104,-31.284254],[149.043446,-31.28269],[149.043726,-31.280584],[149.043173,-31.279276],[149.0417,-31.278677],[149.04083,-31.278745],[149.039124,-31.279538],[149.036322,-31.282559],[149.03462,-31.283516],[149.032129,-31.283898],[149.027294,-31.284263],[149.025732,-31.284892],[149.024583,-31.285677],[149.024272,-31.286331],[149.024629,-31.287327]]]},"properties":{"OBJECTID":7280,"FireType":1,"FireName":"","FireNo":"0","FireYear":196768,"Label":"1967-68 Wildfire","StartDate":null,"EndDate":null,"Intensity":null,"AreaHa":99.27401686,"PerimeterM":4998.92190507,"OFHObjMet":null,"ObjNotMet":null,"NPWSBranch":"NTHI","NPWSArea":"CAST","VerDate":1788739200000,"Shape.STArea()":9.403270690846671e-05,"Shape.STLength()":0.04992162091318374}},{"type":"Feature","id":7290,"geometry":{"type":"Polygon","coordinates":[[[148.998285,-31.256863],[148.99878,-31.256458],[149.000731,-31.255869],[149.003466,-31.255592],[149.005035,-31.255305],[149.006702,-31.255667],[149.009165,-31.256486],[149.010658,-31.257563],[149.011944,-31.258291],[149.013377,-31.259983],[149.013964,-31.260461],[149.015115,-31.260758],[149.017219,-31.260933],[149.01917,-31.261335],[149.023214,-31.262354],[149.02594,-31.26269],[149.028905,-31.262841],[149.031495,-31.262692],[149.035342,-31.262839],[149.03857,-31.262571],[149.04255,-31.262075],[149.046503,-31.261318],[149.049248,-31.26103],[149.052791,-31.259801],[149.054655,-31.259059],[149.058043,-31.257922],[149.060362,-31.25738],[149.062922,-31.256338],[149.06567,-31.254742],[149.067154,-31.254439],[149.06975,-31.255524],[149.071891,-31.255959],[149.076704,-31.256603],[149.080714,-31.257043],[149.082858,-31.257604],[149.084784,-31.258745],[149.087145,-31.259636],[149.089842,-31.260034],[149.093423,-31.260084],[149.09563,-31.259687],[149.097823,-31.259128],[149.099848,-31.258103],[149.100508,-31.257091],[149.100789,-31.255571],[149.101268,-31.254427],[149.102778,-31.252463],[149.104124,-31.251151],[149.106287,-31.250195],[149.108927,-31.249953],[149.111148,-31.250179],[149.11411,-31.250716],[149.116654,-31.251342],[149.119176,-31.252852],[149.120735,-31.254468],[149.122293,-31.255587],[149.124244,-31.255997],[149.126433,-31.255753],[149.130826,-31.254517],[149.13181,-31.253455],[149.132094,-31.252052],[149.131931,-31.250882],[149.131276,-31.248845],[149.127514,-31.246337],[149.125563,-31.245494],[149.12398,-31.244654],[149.123496,-31.243183],[149.122849,-31.242427],[149.120909,-31.240646],[149.119191,-31.239394],[149.118277,-31.237514],[149.11829,-31.235746],[149.117983,-31.232802],[149.117858,-31.227203],[149.117196,-31.222451],[149.115974,-31.219882],[149.114975,-31.218419],[149.113946,-31.216515],[149.11329,-31.213901],[149.112136,-31.212973],[149.106525,-31.211252],[149.104726,-31.210587],[149.102756,-31.210231],[149.099439,-31.210204],[149.095644,-31.208958],[149.09276,-31.209059],[149.080364,-31.211849],[149.078763,-31.212064],[149.076767,-31.212963],[149.074822,-31.214239],[149.072327,-31.215307],[149.059349,-31.220369],[149.055696,-31.221347],[149.052791,-31.221475],[149.050707,-31.221183],[149.04865,-31.220729],[149.04635,-31.22063],[149.044583,-31.219513],[149.043477,-31.21834],[149.042144,-31.217387],[149.040854,-31.216911],[149.039063,-31.216615],[149.036002,-31.216762],[149.032605,-31.217448],[149.030609,-31.218345],[149.027256,-31.219607],[149.021629,-31.221508],[149.018755,-31.222068],[149.015734,-31.222178],[149.010904,-31.2221],[149.006625,-31.221247],[149.003735,-31.219624],[149.002529,-31.218163],[149.002252,-31.217978],[149.001328,-31.216964],[149.001002,-31.21641],[149.000533,-31.216074],[148.998926,-31.215522],[148.997216,-31.215061],[148.995321,-31.214297],[148.993928,-31.213913],[148.992126,-31.214067],[148.99006,-31.213675],[148.988611,-31.213607],[148.983444,-31.214995],[148.981744,-31.215012],[148.980031,-31.214876],[148.978367,-31.214622],[148.976594,-31.214162],[148.974517,-31.213166],[148.973595,-31.21226],[148.972498,-31.21096],[148.971426,-31.209389],[148.96993,-31.207598],[148.969209,-31.206238],[148.966016,-31.204582],[148.963899,-31.204236],[148.960486,-31.204089],[148.957821,-31.204139],[148.955683,-31.204794],[148.953508,-31.205657],[148.95167,-31.206091],[148.94981,-31.204982],[148.949027,-31.204164],[148.947739,-31.20275],[148.94669,-31.20125],[148.94577,-31.200389],[148.943417,-31.197186],[148.942177,-31.196095],[148.940872,-31.195384],[148.939183,-31.194905],[148.93741,-31.194895],[148.935755,-31.194532],[148.934709,-31.194187],[148.933557,-31.194286],[148.932843,-31.194802],[148.932104,-31.195598],[148.931581,-31.197238],[148.931548,-31.1987],[148.931726,-31.200258],[148.932002,-31.201435],[148.933415,-31.204346],[148.934618,-31.206195],[148.936349,-31.208217],[148.937963,-31.209176],[148.940738,-31.21037],[148.941608,-31.211367],[148.94315,-31.213382],[148.944446,-31.2167],[148.944452,-31.218008],[148.945371,-31.220375],[148.945524,-31.221663],[148.945817,-31.223156],[148.946493,-31.224382],[148.947034,-31.226746],[148.947746,-31.228683],[148.948318,-31.229468],[148.949645,-31.230657],[148.95054,-31.231338],[148.951396,-31.231605],[148.952682,-31.231856],[148.953709,-31.231777],[148.960744,-31.232383],[148.962289,-31.232936],[148.963859,-31.23376],[148.96561,-31.236169],[148.966473,-31.237806],[148.967811,-31.23904],[148.969201,-31.240787],[148.970538,-31.24147],[148.972041,-31.241537],[148.974038,-31.241127],[148.977863,-31.239815],[148.980889,-31.240409],[148.982271,-31.241226],[148.983514,-31.242461],[148.984288,-31.243829],[148.984435,-31.244837],[148.984852,-31.246671],[148.985813,-31.249479],[148.986236,-31.251114],[148.987357,-31.253009],[148.988288,-31.254835],[148.988216,-31.260907],[148.988878,-31.262448],[148.98927,-31.2631],[148.989635,-31.263465],[148.990281,-31.263752],[148.991301,-31.263791],[148.993373,-31.262451],[148.99401,-31.261791],[148.99559,-31.259548],[148.996122,-31.258367],[148.99721,-31.257673],[148.998285,-31.256863]]]},"properties":{"OBJECTID":7290,"FireType":1,"FireName":"","FireNo":"0","FireYear":195152,"Label":"1951-52 Wildfire","StartDate":null,"EndDate":null,"Intensity":null,"AreaHa":7385.45083867,"PerimeterM":50636.21061373,"OFHObjMet":null,"ObjNotMet":null,"NPWSBranch":"NTHI","NPWSArea":"CAST","VerDate":1788739200000,"Shape.STArea()":0.006991854127654213,"Shape.STLength()":0.5062963718106482}},{"type":"Feature","id":7291,"geometry":{"type":"Polygon","coordinates":[[[148.942618,-31.304271],[148.940912,-31.306128],[148.939845,-31.308895],[148.940406,-31.312702],[148.941487,-31.315698],[148.942455,-31.317813],[148.943538,-31.319907],[148.945548,-31.32518],[148.946346,-31.327703],[148.946571,-31.330956],[148.947502,-31.333332],[148.949062,-31.336096],[148.95097,-31.337889],[148.952754,-31.339287],[148.953166,-31.341455],[148.952364,-31.344858],[148.950213,-31.350105],[148.949776,-31.353368],[148.95042,-31.355045],[148.952417,-31.356034],[148.953629,-31.355167],[148.954415,-31.355561],[148.953809,-31.357293],[148.953672,-31.358279],[148.955179,-31.358481],[148.955483,-31.359442],[148.95532,-31.361708],[148.9559,-31.362845],[148.955196,-31.363334],[148.953809,-31.362868],[148.953,-31.362366],[148.951693,-31.361709],[148.950983,-31.362451],[148.946312,-31.361232],[148.943713,-31.360099],[148.941216,-31.359334],[148.938804,-31.359073],[148.937941,-31.359537],[148.937417,-31.361141],[148.937132,-31.362634],[148.937245,-31.363525],[148.936122,-31.367231],[148.935144,-31.367697],[148.933949,-31.367887],[148.933293,-31.368203],[148.933072,-31.369199],[148.931814,-31.370904],[148.932058,-31.372064],[148.933279,-31.37367],[148.934336,-31.375467],[148.934558,-31.37706],[148.93458,-31.378665],[148.935732,-31.380479],[148.936996,-31.382156],[148.937842,-31.382901],[148.939121,-31.382187],[148.940313,-31.381357],[148.941201,-31.381605],[148.942341,-31.382318],[148.943329,-31.383305],[148.94472,-31.383978],[148.94668,-31.383182],[148.948679,-31.382754],[148.95003,-31.38194],[148.951467,-31.380773],[148.953538,-31.379758],[148.954324,-31.3786],[148.955885,-31.377837],[148.95719,-31.378394],[148.958323,-31.378296],[148.96039,-31.379581],[148.962207,-31.379499],[148.963799,-31.3797],[148.965533,-31.38017],[148.965374,-31.381652],[148.96621,-31.382424],[148.9666,-31.383455],[148.969335,-31.382511],[148.970977,-31.382098],[148.972432,-31.3813],[148.973161,-31.379954],[148.97425,-31.37972],[148.975427,-31.380189],[148.976814,-31.38015],[148.978632,-31.380609],[148.981933,-31.379602],[148.983486,-31.380462],[148.984546,-31.381871],[148.98582,-31.382446],[148.986747,-31.38254],[148.988546,-31.383604],[148.991934,-31.382694],[148.995003,-31.380671],[148.996255,-31.378216],[148.99632,-31.375834],[148.996512,-31.373467],[148.998635,-31.370954],[149.001605,-31.369194],[149.003611,-31.36716],[149.005513,-31.363657],[149.007511,-31.360235],[149.008685,-31.357095],[149.010478,-31.354397],[149.010421,-31.35272],[149.009711,-31.349971],[149.009833,-31.347814],[149.011338,-31.347411],[149.013728,-31.348591],[149.015197,-31.350445],[149.014867,-31.352723],[149.014613,-31.35362],[149.015653,-31.355101],[149.017634,-31.356783],[149.019631,-31.357771],[149.02246,-31.357844],[149.027146,-31.355786],[149.029682,-31.353472],[149.03066,-31.352483],[149.030104,-31.350597],[149.029997,-31.3505],[149.02997,-31.349743],[149.029723,-31.348051],[149.028889,-31.345917],[149.02848,-31.343984],[149.029119,-31.342892],[149.030635,-31.342552],[149.033871,-31.34297],[149.03789,-31.343673],[149.041418,-31.344014],[149.044128,-31.343943],[149.046408,-31.34342],[149.047688,-31.342335],[149.048719,-31.339956],[149.04858,-31.33745],[149.047908,-31.335522],[149.04758,-31.333966],[149.047323,-31.333727],[149.046274,-31.333825],[149.045577,-31.333214],[149.044187,-31.332568],[149.042447,-31.332289],[149.041995,-31.331322],[149.041847,-31.330305],[149.042004,-31.329284],[149.041006,-31.32929],[149.040341,-31.329157],[149.040211,-31.328509],[149.040287,-31.328129],[149.040144,-31.327347],[149.03724,-31.326184],[149.035783,-31.325359],[149.032338,-31.325432],[149.030162,-31.324934],[149.029586,-31.324501],[149.027834,-31.32369],[149.026404,-31.322648],[149.025948,-31.32197],[149.025987,-31.321311],[149.025644,-31.320514],[149.024481,-31.319206],[149.024157,-31.3183],[149.02394,-31.316518],[149.024178,-31.315828],[149.025048,-31.315237],[149.024557,-31.313928],[149.023594,-31.313104],[149.023014,-31.312022],[149.022777,-31.310781],[149.021948,-31.309811],[149.021664,-31.308832],[149.020727,-31.308225],[149.018555,-31.308349],[149.016976,-31.308717],[149.01672,-31.309523],[149.015726,-31.310206],[149.014496,-31.310145],[149.014446,-31.309315],[149.014667,-31.308311],[149.014157,-31.308048],[149.013472,-31.307942],[149.013753,-31.307315],[149.015396,-31.306035],[149.014796,-31.302031],[149.014547,-31.301205],[149.013012,-31.300183],[149.010147,-31.298793],[149.00809,-31.297905],[149.00545,-31.297261],[149.002458,-31.296361],[148.998817,-31.296066],[148.995035,-31.29552],[148.995111,-31.294635],[148.996327,-31.293037],[148.996638,-31.291328],[148.996242,-31.288502],[148.99516,-31.288004],[148.993076,-31.286287],[148.991274,-31.281543],[148.987838,-31.279927],[148.985155,-31.27821],[148.983056,-31.277304],[148.980913,-31.27777],[148.977992,-31.279222],[148.976524,-31.279849],[148.974708,-31.27939],[148.973749,-31.277727],[148.972723,-31.277346],[148.971867,-31.278099],[148.970389,-31.278744],[148.968886,-31.278208],[148.968427,-31.276808],[148.967509,-31.276109],[148.965284,-31.275665],[148.962691,-31.27473],[148.961716,-31.273275],[148.960734,-31.272],[148.959171,-31.271068],[148.957643,-31.269287],[148.954565,-31.269226],[148.951538,-31.270156],[148.949634,-31.2705],[148.948744,-31.271668],[148.947665,-31.271757],[148.947089,-31.271333],[148.946693,-31.269977],[148.945687,-31.270082],[148.944978,-31.271329],[148.945187,-31.272805],[148.945787,-31.274934],[148.9459,-31.275825],[148.944087,-31.277052],[148.941452,-31.278661],[148.940047,-31.278268],[148.938668,-31.278586],[148.938285,-31.280405],[148.9383,-31.283192],[148.93944,-31.28607],[148.941084,-31.288346],[148.942905,-31.291124],[148.945258,-31.295724],[148.945332,-31.298285],[148.944355,-31.301385],[148.942618,-31.304271]]]},"properties":{"OBJECTID":7291,"FireType":1,"FireName":"","FireNo":"0","FireYear":196768,"Label":"1967-68 Wildfire","StartDate":null,"EndDate":null,"Intensity":null,"AreaHa":8027.65997446,"PerimeterM":50091.06022685,"OFHObjMet":null,"ObjNotMet":null,"NPWSBranch":"NTHI","NPWSArea":"CAST","VerDate":1788739200000,"Shape.STArea()":0.007607402110731162,"Shape.STLength()":0.4858009339415978}},{"type":"Feature","id":7296,"geometry":{"type":"Polygon","coordinates":[[[148.972701,-31.24803],[148.974255,-31.249576],[148.97513,-31.251213],[148.974882,-31.251948],[148.973804,-31.252623],[148.975655,-31.25576],[148.977856,-31.258099],[148.978699,-31.259746],[148.975145,-31.263553],[148.974288,-31.264748],[148.972255,-31.265455],[148.970136,-31.267103],[148.967821,-31.269384],[148.964708,-31.270704],[148.965851,-31.271615],[148.967182,-31.273534],[148.966999,-31.274809],[148.968541,-31.275245],[148.969335,-31.276027],[148.968669,-31.277345],[148.969261,-31.27804],[148.970162,-31.277927],[148.971323,-31.277187],[148.973314,-31.277012],[148.974447,-31.278429],[148.975679,-31.278609],[148.979729,-31.277906],[148.981262,-31.277377],[148.982327,-31.276585],[148.983722,-31.276473],[148.986565,-31.277827],[148.98805,-31.277543],[148.990192,-31.276995],[148.991466,-31.276182],[148.994481,-31.275224],[148.995815,-31.273724],[148.996422,-31.272623],[148.996554,-31.270429],[148.996217,-31.268378],[148.995061,-31.265861],[148.994634,-31.263991],[148.994936,-31.260911],[148.994107,-31.25893],[148.994782,-31.258072],[148.995632,-31.256543],[148.995311,-31.255773],[148.994518,-31.254486],[148.99267,-31.252521],[148.991401,-31.250078],[148.991347,-31.249024],[148.991505,-31.248038],[148.989885,-31.244888],[148.989423,-31.24338],[148.987902,-31.241419],[148.987257,-31.239715],[148.986111,-31.239137],[148.985572,-31.240463],[148.984925,-31.241167],[148.983421,-31.240532],[148.982749,-31.240506],[148.98213,-31.239514],[148.980423,-31.237719],[148.979942,-31.238321],[148.979697,-31.239155],[148.97923,-31.23992],[148.977071,-31.240097],[148.976224,-31.240246],[148.97619,-31.241644],[148.976278,-31.242338],[148.976553,-31.242956],[148.976047,-31.243333],[148.973945,-31.243212],[148.973689,-31.24355],[148.974465,-31.24453],[148.974237,-31.245138],[148.973066,-31.245409],[148.971067,-31.245683],[148.970526,-31.246458],[148.971568,-31.247588],[148.972701,-31.24803]]]},"properties":{"OBJECTID":7296,"FireType":1,"FireName":"","FireNo":"0","FireYear":199091,"Label":"1990-91 Wildfire","StartDate":null,"EndDate":null,"Intensity":null,"AreaHa":814.86553241,"PerimeterM":14466.81621862,"OFHObjMet":null,"ObjNotMet":null,"NPWSBranch":"NTHI","NPWSArea":"CAST","VerDate":1788739200000,"Shape.STArea()":0.0007716541212184829,"Shape.STLength()":0.14001286023510137}},{"type":"Feature","id":7297,"geometry":{"type":"Polygon","coordinates":[[[149.020778,-31.242178],[149.020355,-31.242545],[149.020321,-31.243394],[149.020575,-31.243994],[149.021003,-31.244366],[149.020834,-31.244802],[149.021709,-31.24496],[149.022896,-31.244986],[149.02351,-31.244733],[149.024139,-31.244705],[149.024216,-31.244397],[149.024893,-31.24362],[149.024411,-31.243167],[149.023717,-31.243611],[149.023588,-31.243983],[149.023071,-31.243847],[149.022594,-31.243133],[149.021233,-31.24236],[149.020778,-31.242178]]]},"properties":{"OBJECTID":7297,"FireType":1,"FireName":"","FireNo":"0","FireYear":199596,"Label":"1995-96 Wildfire","StartDate":null,"EndDate":null,"Intensity":null,"AreaHa":7.50439747,"PerimeterM":1336.28617566,"OFHObjMet":null,"ObjNotMet":null,"NPWSBranch":"NTHI","NPWSArea":"CAST","VerDate":1788739200000,"Shape.STArea()":7.105179524519905e-06,"Shape.STLength()":0.01314048380544995}},{"type":"Feature","id":8544,"geometry":{"type":"Polygon","coordinates":[[[149.059208,-31.236643],[149.060405,-31.239564],[149.061347,-31.239883],[149.062167,-31.239464],[149.062585,-31.240332],[149.063123,-31.239963],[149.063752,-31.239926],[149.064373,-31.24052],[149.064889,-31.241522],[149.064332,-31.241513],[149.064021,-31.242167],[149.064662,-31.242689],[149.067357,-31.244468],[149.068138,-31.245114],[149.068449,-31.24593],[149.068655,-31.246233],[149.067858,-31.246246],[149.067307,-31.246431],[149.066676,-31.247411],[149.067521,-31.24718],[149.067615,-31.248117],[149.067585,-31.248783],[149.068464,-31.249971],[149.068317,-31.25046],[149.068711,-31.250733],[149.06918,-31.25151],[149.069835,-31.252167],[149.070511,-31.251868],[149.071428,-31.253008],[149.070246,-31.253207],[149.069956,-31.253374],[149.069379,-31.254394],[149.069436,-31.255078],[149.070183,-31.25466],[149.070832,-31.2541],[149.071419,-31.254045],[149.07263,-31.254684],[149.074661,-31.254426],[149.074948,-31.254078],[149.074653,-31.253542],[149.073996,-31.253273],[149.073626,-31.252711],[149.073126,-31.252403],[149.073416,-31.25174],[149.074263,-31.251588],[149.07451,-31.251084],[149.074347,-31.250615],[149.073295,-31.250055],[149.072687,-31.249596],[149.070831,-31.249689],[149.069496,-31.249113],[149.069605,-31.248196],[149.068963,-31.247356],[149.069314,-31.246676],[149.069277,-31.246322],[149.069685,-31.246289],[149.07029,-31.246577],[149.073251,-31.246583],[149.074393,-31.247422],[149.075568,-31.247767],[149.078587,-31.247651],[149.079199,-31.248742],[149.079659,-31.248653],[149.079862,-31.247865],[149.080319,-31.247669],[149.080236,-31.24721],[149.079957,-31.246926],[149.079738,-31.246541],[149.078871,-31.246267],[149.077734,-31.245627],[149.077182,-31.245825],[149.076716,-31.246121],[149.075882,-31.245909],[149.075255,-31.245568],[149.074787,-31.245746],[149.074335,-31.245763],[149.073667,-31.245918],[149.073439,-31.24557],[149.073384,-31.244984],[149.07305,-31.244602],[149.072867,-31.243405],[149.07245,-31.242591],[149.07228,-31.242007],[149.072377,-31.241158],[149.071958,-31.240759],[149.071877,-31.240417],[149.071901,-31.240074],[149.072125,-31.239737],[149.072774,-31.239636],[149.073599,-31.23993],[149.074031,-31.239986],[149.074455,-31.240186],[149.074878,-31.239855],[149.075238,-31.240002],[149.075796,-31.240526],[149.075469,-31.240955],[149.075717,-31.241257],[149.075713,-31.241528],[149.074776,-31.24093],[149.073814,-31.240648],[149.073365,-31.240763],[149.072744,-31.241143],[149.072735,-31.241693],[149.07287,-31.242133],[149.072819,-31.242684],[149.074015,-31.243576],[149.074536,-31.243874],[149.07529,-31.243799],[149.075365,-31.243392],[149.075762,-31.242817],[149.075822,-31.242212],[149.076159,-31.242748],[149.076459,-31.243004],[149.076734,-31.243117],[149.077467,-31.243006],[149.077713,-31.24321],[149.077593,-31.243996],[149.07837,-31.244471],[149.078458,-31.244659],[149.078336,-31.244823],[149.078404,-31.245075],[149.080244,-31.245649],[149.080891,-31.245963],[149.080957,-31.246594],[149.081891,-31.247021],[149.082677,-31.24699],[149.082819,-31.246762],[149.08283,-31.246293],[149.082408,-31.24574],[149.082068,-31.245557],[149.081278,-31.245425],[149.081073,-31.245167],[149.081081,-31.244589],[149.081341,-31.244459],[149.081708,-31.244453],[149.081868,-31.24409],[149.081684,-31.24384],[149.081561,-31.243463],[149.081914,-31.24233],[149.082543,-31.242302],[149.082875,-31.242125],[149.082637,-31.241804],[149.082055,-31.241579],[149.081551,-31.241605],[149.081159,-31.241909],[149.080606,-31.241088],[149.080718,-31.240924],[149.081218,-31.240772],[149.082025,-31.240704],[149.082248,-31.2408],[149.08235,-31.241168],[149.082795,-31.24135],[149.083087,-31.241265],[149.083308,-31.241297],[149.083401,-31.241701],[149.083723,-31.242039],[149.084454,-31.241829],[149.084707,-31.241879],[149.085206,-31.24215],[149.084705,-31.242763],[149.084423,-31.242821],[149.084311,-31.242968],[149.084361,-31.243328],[149.08488,-31.243572],[149.084734,-31.244088],[149.084914,-31.244139],[149.085076,-31.244326],[149.085129,-31.244867],[149.085698,-31.24492],[149.086651,-31.244842],[149.08745,-31.24344],[149.087371,-31.242747],[149.087108,-31.242237],[149.086028,-31.241334],[149.085935,-31.24093],[149.085999,-31.240469],[149.085863,-31.240029],[149.085605,-31.239744],[149.085317,-31.239569],[149.084759,-31.239957],[149.083935,-31.240195],[149.08341,-31.240673],[149.082728,-31.240702],[149.082164,-31.24035],[149.08237,-31.240185],[149.083943,-31.240087],[149.084565,-31.239743],[149.084726,-31.238911],[149.084702,-31.238334],[149.084602,-31.238065],[149.084109,-31.238091],[149.083812,-31.23796],[149.083818,-31.237753],[149.08415,-31.237576],[149.084414,-31.237644],[149.08458,-31.237533],[149.084793,-31.236231],[149.08462,-31.235043],[149.085192,-31.234817],[149.085354,-31.234066],[149.085676,-31.23342],[149.085764,-31.232661],[149.08562,-31.23233],[149.085438,-31.232179],[149.084913,-31.232134],[149.084474,-31.232258],[149.084134,-31.232525],[149.083893,-31.232529],[149.083757,-31.232098],[149.083595,-31.231866],[149.083036,-31.231767],[149.082143,-31.231268],[149.081715,-31.23086],[149.081513,-31.230764],[149.081051,-31.230753],[149.079965,-31.230554],[149.079075,-31.230172],[149.078313,-31.230355],[149.077796,-31.230246],[149.077252,-31.230336],[149.077186,-31.230671],[149.077572,-31.231504],[149.077537,-31.231829],[149.07728,-31.232095],[149.077413,-31.232408],[149.078349,-31.232484],[149.078605,-31.232651],[149.078756,-31.232865],[149.078644,-31.23302],[149.078311,-31.233161],[149.078213,-31.23346],[149.078163,-31.234056],[149.078337,-31.234324],[149.078172,-31.234931],[149.078398,-31.235207],[149.078182,-31.235418],[149.077627,-31.235472],[149.077447,-31.235872],[149.077463,-31.236106],[149.076731,-31.236244],[149.076483,-31.236419],[149.076521,-31.236725],[149.077319,-31.237218],[149.076633,-31.237553],[149.076195,-31.238138],[149.075777,-31.238253],[149.075385,-31.238539],[149.075171,-31.238831],[149.074932,-31.238943],[149.074005,-31.238814],[149.073676,-31.23863],[149.073587,-31.238432],[149.073084,-31.23845],[149.07237,-31.237965],[149.072078,-31.238069],[149.071812,-31.23792],[149.071668,-31.23757],[149.071938,-31.237431],[149.07167,-31.237165],[149.071665,-31.236921],[149.071258,-31.236567],[149.070785,-31.236529],[149.070643,-31.236279],[149.070142,-31.235944],[149.069991,-31.235748],[149.069924,-31.235551],[149.070211,-31.235231],[149.070237,-31.235005],[149.069669,-31.234942],[149.069469,-31.235396],[149.069286,-31.2352],[149.06914,-31.234743],[149.068619,-31.234472],[149.068136,-31.234434],[149.067876,-31.234565],[149.067851,-31.234845],[149.067612,-31.234966],[149.067791,-31.235486],[149.067542,-31.235607],[149.067278,-31.235539],[149.066429,-31.23558],[149.065644,-31.235205],[149.065117,-31.235132],[149.065249,-31.235383],[149.064923,-31.235839],[149.064569,-31.235998],[149.06447,-31.23627],[149.063735,-31.236751],[149.063017,-31.236068],[149.062501,-31.236473],[149.062415,-31.236889],[149.062215,-31.237317],[149.061925,-31.237511],[149.061153,-31.237748],[149.061005,-31.237688],[149.060991,-31.237535],[149.061158,-31.236504],[149.061438,-31.236364],[149.061567,-31.236019],[149.061551,-31.23574],[149.061385,-31.235363],[149.061008,-31.235397],[149.060984,-31.23574],[149.060767,-31.235915],[149.0604,-31.235911],[149.060187,-31.235807],[149.059917,-31.23545],[149.059698,-31.235499],[149.059547,-31.235799],[149.059543,-31.236124],[149.059208,-31.236643]]]},"properties":{"OBJECTID":8544,"FireType":2,"FireName":"beyond wedding cake hr 140507","FireNo":"","FireYear":200607,"Label":"2006-07 Prescribed Burn","StartDate":null,"EndDate":null,"Intensity":null,"AreaHa":270.52591948,"PerimeterM":20158.16467578,"OFHObjMet":null,"ObjNotMet":null,"NPWSBranch":"NTHI","NPWSArea":"CAST","VerDate":1788739200000,"Shape.STArea()":0.0002561266596043228,"Shape.STLength()":0.1972488739211532}},{"type":"Feature","id":8545,"geometry":{"type":"MultiPolygon","coordinates":[[[[149.062608,-31.289489],[149.062923,-31.288994],[149.062836,-31.288851],[149.06222,-31.288765],[149.062112,-31.288959],[149.061613,-31.289135],[149.060859,-31.289099],[149.060463,-31.288866],[149.060103,-31.289015],[149.059963,-31.288993],[149.059478,-31.288522],[149.059088,-31.288576],[149.05872,-31.288342],[149.05845,-31.28873],[149.058453,-31.288874],[149.058316,-31.288996],[149.057788,-31.289124],[149.057266,-31.289492],[149.05707,-31.289495],[149.056214,-31.289917],[149.055849,-31.289851],[149.055799,-31.290115],[149.055887,-31.290282],[149.055777,-31.290355],[149.0551,-31.29003],[149.055016,-31.290032],[149.054825,-31.290251],[149.054461,-31.290185],[149.054299,-31.290475],[149.0547,-31.2909],[149.054339,-31.291026],[149.05417,-31.290956],[149.053782,-31.291083],[149.053557,-31.291014],[149.053635,-31.290749],[149.053385,-31.290801],[149.052738,-31.290572],[149.052797,-31.290715],[149.052715,-31.290788],[149.052459,-31.2906],[149.052428,-31.290457],[149.052286,-31.290339],[149.052091,-31.290366],[149.052094,-31.290486],[149.052323,-31.290722],[149.051596,-31.290686],[149.051369,-31.290546],[149.050671,-31.290509],[149.05036,-31.290346],[149.050139,-31.290445],[149.04944,-31.290409],[149.049128,-31.290198],[149.049126,-31.290078],[149.048878,-31.29025],[149.048943,-31.29068],[149.048608,-31.290686],[149.048576,-31.290494],[149.048439,-31.290616],[149.048216,-31.29062],[149.04813,-31.290525],[149.047513,-31.290391],[149.046921,-31.290137],[149.046667,-31.289997],[149.046522,-31.28976],[149.046156,-31.289598],[149.045907,-31.289722],[149.044949,-31.289329],[149.044055,-31.289272],[149.044048,-31.28896],[149.043765,-31.288797],[149.043402,-31.288802],[149.042738,-31.289077],[149.042374,-31.289035],[149.042503,-31.288529],[149.043229,-31.288518],[149.043643,-31.288319],[149.043755,-31.288341],[149.043956,-31.288578],[149.044061,-31.288264],[149.043304,-31.288133],[149.041965,-31.288154],[149.041737,-31.287966],[149.041706,-31.287822],[149.04274,-31.287878],[149.042682,-31.287759],[149.041925,-31.287603],[149.042007,-31.28753],[149.042003,-31.287338],[149.041669,-31.287415],[149.041163,-31.287232],[149.040799,-31.287189],[149.040791,-31.286806],[149.040871,-31.286661],[149.04101,-31.286611],[149.041318,-31.286678],[149.041563,-31.286386],[149.04156,-31.286242],[149.041981,-31.286332],[149.042341,-31.286182],[149.042726,-31.285912],[149.043107,-31.285474],[149.042909,-31.285358],[149.042544,-31.285268],[149.041142,-31.286273],[149.040759,-31.286639],[149.040365,-31.286477],[149.040177,-31.286816],[149.040516,-31.287002],[149.040495,-31.287314],[149.041194,-31.287375],[149.041179,-31.287975],[149.040599,-31.288272],[149.040438,-31.288586],[149.040417,-31.288874],[149.040504,-31.289064],[149.040891,-31.28889],[149.041171,-31.288886],[149.042431,-31.289058],[149.044758,-31.289524],[149.046727,-31.290212],[149.047406,-31.290585],[149.047827,-31.290722],[149.048975,-31.290848],[149.050282,-31.290635],[149.052296,-31.290771],[149.053758,-31.291251],[149.054037,-31.291246],[149.054622,-31.291165],[149.054893,-31.290801],[149.055278,-31.290555],[149.056332,-31.290203],[149.057382,-31.289706],[149.059463,-31.289121],[149.061203,-31.289525],[149.062209,-31.289581],[149.062608,-31.289489]]],[[[149.062599,-31.289503],[149.062654,-31.289478],[149.062608,-31.289489],[149.062599,-31.289503]]]]},"properties":{"OBJECTID":8545,"FireType":2,"FireName":"hells hole burn 190608","FireNo":"","FireYear":200708,"Label":"2007-08 Prescribed Burn","StartDate":null,"EndDate":null,"Intensity":null,"AreaHa":11.98918324,"PerimeterM":6960.25299147,"OFHObjMet":null,"ObjNotMet":null,"NPWSBranch":"NTHI","NPWSArea":"CAST","VerDate":1788739200000,"Shape.STArea()":1.1356697951200621e-05,"Shape.STLength()":0.07035010856031679}},{"type":"Feature","id":8984,"geometry":{"type":"Polygon","coordinates":[[[149.071902,-31.278129],[149.071129,-31.276124],[149.070851,-31.275758],[149.069631,-31.275522],[149.069139,-31.275229],[149.067828,-31.275783],[149.06821,-31.277215],[149.067065,-31.277929],[149.067268,-31.278598],[149.068782,-31.27869],[149.071153,-31.278443],[149.071902,-31.278129]]]},"properties":{"OBJECTID":8984,"FireType":2,"FireName":"\"Moppra\" Siding Springs","FireNo":"HR05052311463","FireYear":200405,"Label":"2004-05 Prescribed Burn","StartDate":1119830400000,"EndDate":null,"Intensity":null,"AreaHa":11.87222967,"PerimeterM":1423.71661433,"OFHObjMet":null,"ObjNotMet":null,"NPWSBranch":"NTHI","NPWSArea":"CAST","VerDate":1788739200000,"Shape.STArea()":1.124454889577189e-05,"Shape.STLength()":0.014092549156432167}},{"type":"Feature","id":9173,"geometry":{"type":"Polygon","coordinates":[[[149.042365,-31.253273],[149.041968,-31.25351],[149.042175,-31.253794],[149.042997,-31.254616],[149.043239,-31.254958],[149.043579,-31.255154],[149.043814,-31.255179],[149.044213,-31.255057],[149.044641,-31.254676],[149.045699,-31.254026],[149.045793,-31.253708],[149.046483,-31.253092],[149.046808,-31.252627],[149.047369,-31.252215],[149.048072,-31.252146],[149.049314,-31.252241],[149.05035,-31.252109],[149.050538,-31.251531],[149.051168,-31.251233],[149.052003,-31.251075],[149.052334,-31.250897],[149.052662,-31.250547],[149.052852,-31.250054],[149.053321,-31.250047],[149.053463,-31.250419],[149.053443,-31.251024],[149.053681,-31.251193],[149.053623,-31.251597],[149.053892,-31.25165],[149.053997,-31.25185],[149.054233,-31.251932],[149.054434,-31.2519],[149.054496,-31.251669],[149.054762,-31.251607],[149.054956,-31.251259],[149.055321,-31.25108],[149.055648,-31.2507],[149.055808,-31.250381],[149.055868,-31.250035],[149.055593,-31.249751],[149.055887,-31.249372],[149.05598,-31.249054],[149.056529,-31.248095],[149.056455,-31.24778],[149.05682,-31.247572],[149.05698,-31.247253],[149.058086,-31.247264],[149.059276,-31.248051],[149.05952,-31.24845],[149.059861,-31.248733],[149.060232,-31.248842],[149.060699,-31.248748],[149.061161,-31.248424],[149.061148,-31.247849],[149.061509,-31.247468],[149.061839,-31.247233],[149.062207,-31.247227],[149.062838,-31.246929],[149.063166,-31.246607],[149.06319,-31.246175],[149.062981,-31.245833],[149.062644,-31.245752],[149.062278,-31.245873],[149.061916,-31.246166],[149.061648,-31.246171],[149.061476,-31.245972],[149.061471,-31.245742],[149.062113,-31.244407],[149.062172,-31.244061],[149.0619,-31.243892],[149.061164,-31.243933],[149.061004,-31.244281],[149.06084,-31.244427],[149.060779,-31.244745],[149.060481,-31.244894],[149.059914,-31.244989],[149.058863,-31.24443],[149.058528,-31.244464],[149.057864,-31.244734],[149.057424,-31.24454],[149.057283,-31.244225],[149.05691,-31.24403],[149.056575,-31.244035],[149.056237,-31.243868],[149.055886,-31.243154],[149.055147,-31.24305],[149.054581,-31.243232],[149.054057,-31.243787],[149.053282,-31.245124],[149.052532,-31.246086],[149.050318,-31.247561],[149.049168,-31.250142],[149.046946,-31.251242],[149.045508,-31.252935],[149.044893,-31.253953],[149.044404,-31.254594],[149.044042,-31.254887],[149.043772,-31.254777],[149.042365,-31.253273]]]},"properties":{"OBJECTID":9173,"FireType":2,"FireName":"burn 2003 - honeymoon ck","FireNo":"","FireYear":200304,"Label":"2003-04 Prescribed Burn","StartDate":null,"EndDate":null,"Intensity":null,"AreaHa":70.77665391,"PerimeterM":6520.67096643,"OFHObjMet":null,"ObjNotMet":null,"NPWSBranch":"NTHI","NPWSArea":"CAST","VerDate":1788739200000,"Shape.STArea()":6.701440951436502e-05,"Shape.STLength()":0.0636965719606643}},{"type":"Feature","id":9174,"geometry":{"type":"Polygon","coordinates":[[[149.06598,-31.277327],[149.066156,-31.27688],[149.06622,-31.276233],[149.066572,-31.275373],[149.065855,-31.274697],[149.06538,-31.274429],[149.065588,-31.27409],[149.06582,-31.274011],[149.065006,-31.273789],[149.064797,-31.273633],[149.064478,-31.273739],[149.064222,-31.273668],[149.064219,-31.273509],[149.064053,-31.273495],[149.06397,-31.273705],[149.063826,-31.273817],[149.063036,-31.273821],[149.062319,-31.27364],[149.061151,-31.272846],[149.060892,-31.273068],[149.060741,-31.274193],[149.060722,-31.27509],[149.060892,-31.275753],[149.061267,-31.276324],[149.061896,-31.276714],[149.062938,-31.277053],[149.063312,-31.27758],[149.064094,-31.277878],[149.065435,-31.277679],[149.065746,-31.277719],[149.06598,-31.277327]]]},"properties":{"OBJECTID":9174,"FireType":2,"FireName":"burn 2003 - siding spring","FireNo":"","FireYear":200304,"Label":"2003-04 Prescribed Burn","StartDate":null,"EndDate":null,"Intensity":null,"AreaHa":20.27684585,"PerimeterM":1925.54763761,"OFHObjMet":null,"ObjNotMet":null,"NPWSBranch":"NTHI","NPWSArea":"CAST","VerDate":1788739200000,"Shape.STArea()":1.920447237360946e-05,"Shape.STLength()":0.01881561942120349}},{"type":"Feature","id":9229,"geometry":{"type":"Polygon","coordinates":[[[149.01312,-31.261472],[149.013665,-31.261864],[149.014483,-31.261852],[149.015071,-31.262043],[149.017131,-31.262292],[149.017782,-31.262141],[149.018546,-31.261828],[149.019176,-31.261798],[149.019512,-31.262234],[149.019547,-31.262795],[149.018865,-31.263669],[149.018575,-31.264275],[149.018957,-31.26469],[149.019573,-31.265082],[149.020668,-31.264964],[149.021027,-31.264257],[149.021064,-31.263815],[149.023052,-31.262881],[149.023364,-31.262173],[149.023188,-31.261554],[149.023094,-31.261556],[149.022708,-31.262083],[149.022578,-31.262547],[149.021981,-31.263038],[149.020544,-31.263542],[149.020097,-31.263388],[149.020181,-31.262946],[149.020501,-31.2626],[149.020466,-31.262079],[149.020128,-31.261542],[149.019607,-31.261209],[149.018578,-31.261125],[149.017762,-31.261218],[149.017091,-31.26153],[149.015995,-31.261567],[149.014519,-31.26139],[149.014306,-31.261212],[149.014648,-31.260846],[149.015207,-31.260757],[149.015294,-31.260455],[149.013527,-31.260863],[149.013161,-31.26119],[149.01312,-31.261472]]]},"properties":{"OBJECTID":9229,"FireType":2,"FireName":"Iona Trail","FireNo":"","FireYear":200203,"Label":"2002-03 Prescribed Burn","StartDate":null,"EndDate":null,"Intensity":null,"AreaHa":11.941846,"PerimeterM":3271.75923961,"OFHObjMet":null,"ObjNotMet":null,"NPWSBranch":"NTHI","NPWSArea":"CAST","VerDate":1788739200000,"Shape.STArea()":1.1308768930448349e-05,"Shape.STLength()":0.03257684529185445}},{"type":"Feature","id":9230,"geometry":{"type":"Polygon","coordinates":[[[149.023523,-31.260867],[149.024422,-31.261394],[149.025786,-31.261834],[149.026148,-31.261267],[149.02611,-31.259522],[149.02596,-31.259043],[149.026141,-31.258759],[149.026695,-31.25845],[149.0271,-31.258844],[149.027487,-31.25948],[149.027476,-31.260062],[149.027351,-31.260746],[149.027882,-31.261561],[149.028612,-31.26185],[149.028865,-31.261665],[149.029106,-31.260899],[149.029186,-31.260276],[149.028987,-31.259697],[149.028829,-31.259961],[149.028705,-31.260725],[149.028216,-31.260813],[149.02781,-31.260398],[149.02787,-31.259916],[149.027765,-31.259376],[149.027569,-31.258957],[149.026714,-31.258269],[149.026271,-31.258316],[149.025702,-31.258987],[149.025739,-31.259648],[149.025895,-31.260368],[149.025858,-31.26085],[149.025447,-31.261278],[149.025167,-31.261282],[149.024461,-31.261033],[149.023867,-31.260581],[149.023518,-31.260626],[149.023523,-31.260867]]]},"properties":{"OBJECTID":9230,"FireType":2,"FireName":"Iona Trail","FireNo":"","FireYear":200203,"Label":"2002-03 Prescribed Burn","StartDate":null,"EndDate":null,"Intensity":null,"AreaHa":4.8348841,"PerimeterM":2519.63731471,"OFHObjMet":null,"ObjNotMet":null,"NPWSBranch":"NTHI","NPWSArea":"CAST","VerDate":1788739200000,"Shape.STArea()":4.578470760167891e-06,"Shape.STLength()":0.024004766022837857}},{"type":"Feature","id":9231,"geometry":{"type":"MultiPolygon","coordinates":[[[[149.019655,-31.319439],[149.01968,-31.319741],[149.019493,-31.319947],[149.019499,-31.320254],[149.019164,-31.320764],[149.019152,-31.32126],[149.019831,-31.321745],[149.019811,-31.322428],[149.020142,-31.32276],[149.020322,-31.323104],[149.020326,-31.323282],[149.020668,-31.323614],[149.020656,-31.323928],[149.020828,-31.324097],[149.020808,-31.324265],[149.021327,-31.324772],[149.02133,-31.324934],[149.021664,-31.325431],[149.021654,-31.32659],[149.021827,-31.327102],[149.021811,-31.32743],[149.022011,-31.327615],[149.022006,-31.327942],[149.022331,-31.328602],[149.022659,-31.328764],[149.022824,-31.328939],[149.023167,-31.328775],[149.023825,-31.328775],[149.024509,-31.328417],[149.024977,-31.327598],[149.025004,-31.32726],[149.025325,-31.326602],[149.025656,-31.326438],[149.02599,-31.326432],[149.026479,-31.326603],[149.026817,-31.326756],[149.027159,-31.327098],[149.028324,-31.327099],[149.028988,-31.326768],[149.029646,-31.32577],[149.029656,-31.325426],[149.029817,-31.325114],[149.030163,-31.324593],[149.030585,-31.324339],[149.030071,-31.32404],[149.027919,-31.323806],[149.026487,-31.32269],[149.024676,-31.321725],[149.023605,-31.320214],[149.023218,-31.319456],[149.022889,-31.317933],[149.023019,-31.317104],[149.022722,-31.316607],[149.022141,-31.316408],[149.02166,-31.316584],[149.021151,-31.317097],[149.021151,-31.317622],[149.021473,-31.318103],[149.021318,-31.318402],[149.02066,-31.318423],[149.020472,-31.318247],[149.019815,-31.318267],[149.019672,-31.318607],[149.019655,-31.319439]]],[[[149.031315,-31.324634],[149.031419,-31.324756],[149.031999,-31.324934],[149.03233,-31.325263],[149.032633,-31.325429],[149.032661,-31.325769],[149.03232,-31.326266],[149.032322,-31.327275],[149.0325,-31.327626],[149.032993,-31.328119],[149.033328,-31.328269],[149.034002,-31.328767],[149.033818,-31.329098],[149.033172,-31.329428],[149.032473,-31.330103],[149.032162,-31.330608],[149.032288,-31.330836],[149.032999,-31.331624],[149.033305,-31.331759],[149.033472,-31.331957],[149.033821,-31.331911],[149.03414,-31.331606],[149.035504,-31.331105],[149.036296,-31.331072],[149.036696,-31.331254],[149.037162,-31.331238],[149.037985,-31.331605],[149.0385,-31.332777],[149.038467,-31.333398],[149.038548,-31.333957],[149.038772,-31.334613],[149.039191,-31.335433],[149.039124,-31.335788],[149.039658,-31.336759],[149.040318,-31.337109],[149.040667,-31.337103],[149.041348,-31.336272],[149.041995,-31.334942],[149.041996,-31.333929],[149.042106,-31.33358],[149.043145,-31.333143],[149.0433,-31.332761],[149.043526,-31.332457],[149.043332,-31.33208],[149.043096,-31.331944],[149.042819,-31.332068],[149.042307,-31.332097],[149.041984,-31.332282],[149.041148,-31.332415],[149.040818,-31.33224],[149.040697,-31.332002],[149.040692,-31.331782],[149.04098,-31.331078],[149.041326,-31.330932],[149.042015,-31.330379],[149.041592,-31.330379],[149.041491,-31.3302],[149.04126,-31.33014],[149.040807,-31.330316],[149.040843,-31.329776],[149.040758,-31.329529],[149.040275,-31.329225],[149.040036,-31.328853],[149.03948,-31.32834],[149.039306,-31.328031],[149.039009,-31.327813],[149.038606,-31.327342],[149.037873,-31.327202],[149.037101,-31.327349],[149.036689,-31.327204],[149.0364,-31.327511],[149.035657,-31.326808],[149.034949,-31.326339],[149.034811,-31.326113],[149.03449,-31.325965],[149.033599,-31.32496],[149.033325,-31.324887],[149.032947,-31.325152],[149.032251,-31.324802],[149.031757,-31.324827],[149.031315,-31.324634]]],[[[149.031307,-31.324614],[149.031358,-31.324602],[149.031223,-31.324424],[149.031307,-31.324614]]]]},"properties":{"OBJECTID":9231,"FireType":2,"FireName":"Strathmore Trail","FireNo":"","FireYear":200203,"Label":"2002-03 Prescribed Burn","StartDate":null,"EndDate":null,"Intensity":null,"AreaHa":120.33069966,"PerimeterM":9134.08321683,"OFHObjMet":null,"ObjNotMet":null,"NPWSBranch":"NTHI","NPWSArea":"CAST","VerDate":1788739200000,"Shape.STArea()":0.00011402768548685861,"Shape.STLength()":0.08849507807236272}},{"type":"Feature","id":9233,"geometry":{"type":"Polygon","coordinates":[[[149.019186,-31.312611],[149.019615,-31.312683],[149.020258,-31.312554],[149.020531,-31.312342],[149.020663,-31.312072],[149.020614,-31.311905],[149.020322,-31.311761],[149.019861,-31.311778],[149.019552,-31.311921],[149.019029,-31.312256],[149.018997,-31.312415],[149.019186,-31.312611]]]},"properties":{"OBJECTID":9233,"FireType":2,"FireName":"Strathmore Trail","FireNo":"","FireYear":200203,"Label":"2002-03 Prescribed Burn","StartDate":null,"EndDate":null,"Intensity":null,"AreaHa":1.13630359,"PerimeterM":409.51896901,"OFHObjMet":null,"ObjNotMet":null,"NPWSBranch":"NTHI","NPWSArea":"CAST","VerDate":1788739200000,"Shape.STArea()":1.0766198487327885e-06,"Shape.STLength()":0.00410152447200934}},{"type":"Feature","id":9234,"geometry":{"type":"Polygon","coordinates":[[[149.003369,-31.256991],[149.003612,-31.25752],[149.003861,-31.258869],[149.003704,-31.260396],[149.003148,-31.262407],[149.00249,-31.263563],[149.0024,-31.264268],[149.00252,-31.264996],[149.00286,-31.265677],[149.002918,-31.266451],[149.002419,-31.267163],[149.002871,-31.267192],[149.003116,-31.267377],[149.00367,-31.267242],[149.004099,-31.266658],[149.004619,-31.265433],[149.004973,-31.264309],[149.004967,-31.263533],[149.00478,-31.263139],[149.004837,-31.262822],[149.004673,-31.262536],[149.004754,-31.261877],[149.004621,-31.261554],[149.005064,-31.26014],[149.005306,-31.258197],[149.005228,-31.256493],[149.004998,-31.255035],[149.004761,-31.254778],[149.004201,-31.254624],[149.003243,-31.253998],[149.002907,-31.254004],[149.002689,-31.254124],[149.002743,-31.25517],[149.003369,-31.256991]]]},"properties":{"OBJECTID":9234,"FireType":2,"FireName":"Burn 1969","FireNo":"","FireYear":196970,"Label":"1969-70 Prescribed Burn","StartDate":null,"EndDate":null,"Intensity":null,"AreaHa":23.93369563,"PerimeterM":3295.19019096,"OFHObjMet":null,"ObjNotMet":null,"NPWSBranch":"NTHI","NPWSArea":"CAST","VerDate":1788739200000,"Shape.STArea()":2.2664439692895122e-05,"Shape.STLength()":0.030479758321509533}},{"type":"Feature","id":9235,"geometry":{"type":"Polygon","coordinates":[[[148.993983,-31.302455],[148.995249,-31.301181],[148.99554,-31.300527],[148.995719,-31.299596],[148.995597,-31.298759],[148.994219,-31.297174],[148.993774,-31.296009],[148.993645,-31.294847],[148.993718,-31.293836],[148.995343,-31.291222],[148.995641,-31.289882],[148.99167,-31.287382],[148.991027,-31.286778],[148.990567,-31.285847],[148.989875,-31.282927],[148.989349,-31.282385],[148.988228,-31.282014],[148.987297,-31.281217],[148.986673,-31.280487],[148.985676,-31.279537],[148.98479,-31.27882],[148.983745,-31.278574],[148.982581,-31.278692],[148.981341,-31.279162],[148.980443,-31.279906],[148.980115,-31.280308],[148.980137,-31.280858],[148.980518,-31.281493],[148.980764,-31.28221],[148.980878,-31.283129],[148.980716,-31.285422],[148.980386,-31.287205],[148.980287,-31.289542],[148.980041,-31.291819],[148.980276,-31.29251],[148.980925,-31.293393],[148.981599,-31.295493],[148.981679,-31.296295],[148.982134,-31.296974],[148.98267,-31.29747],[148.983074,-31.298195],[148.983998,-31.299218],[148.984253,-31.299827],[148.984177,-31.300703],[148.984305,-31.301324],[148.984303,-31.30274],[148.984417,-31.303135],[148.984922,-31.30366],[148.985468,-31.303678],[148.986724,-31.303451],[148.987799,-31.302632],[148.988685,-31.302284],[148.989704,-31.302287],[148.992161,-31.3027],[148.992641,-31.302566],[148.99322,-31.302115],[148.993983,-31.302455]]]},"properties":{"OBJECTID":9235,"FireType":2,"FireName":"Burn 1970","FireNo":"","FireYear":197071,"Label":"1970-71 Prescribed Burn","StartDate":null,"EndDate":null,"Intensity":null,"AreaHa":280.01577541,"PerimeterM":7409.98176426,"OFHObjMet":null,"ObjNotMet":null,"NPWSBranch":"NTHI","NPWSArea":"CAST","VerDate":1788739200000,"Shape.STArea()":0.0002652514967746307,"Shape.STLength()":0.07056116201457656}},{"type":"Feature","id":9241,"geometry":{"type":"Polygon","coordinates":[[[148.987024,-31.299721],[148.986104,-31.29942],[148.98574,-31.299128],[148.985467,-31.298591],[148.985647,-31.297686],[148.985551,-31.297119],[148.985216,-31.296664],[148.98479,-31.296373],[148.984085,-31.296348],[148.982863,-31.296683],[148.982495,-31.29713],[148.982305,-31.297629],[148.982334,-31.298468],[148.982565,-31.29998],[148.982463,-31.300153],[148.982128,-31.300185],[148.981622,-31.300084],[148.98108,-31.299813],[148.980205,-31.29915],[148.97956,-31.298953],[148.979062,-31.299249],[148.978778,-31.299722],[148.978246,-31.299929],[148.977502,-31.300022],[148.976902,-31.300473],[148.976642,-31.301099],[148.976583,-31.301777],[148.976779,-31.302613],[148.976785,-31.303424],[148.976609,-31.304013],[148.97555,-31.305121],[148.974553,-31.305678],[148.973154,-31.306114],[148.972839,-31.306606],[148.972821,-31.307274],[148.972968,-31.307768],[148.974552,-31.310161],[148.97464,-31.310881],[148.973826,-31.312156],[148.973239,-31.312689],[148.973086,-31.313431],[148.973255,-31.313996],[148.973608,-31.314289],[148.974211,-31.314469],[148.97487,-31.314341],[148.975689,-31.313787],[148.976158,-31.313645],[148.976521,-31.313387],[148.977493,-31.311144],[148.978027,-31.31054],[148.979574,-31.309172],[148.980688,-31.308704],[148.981973,-31.308324],[148.982602,-31.307791],[148.982873,-31.307164],[148.982708,-31.306806],[148.981777,-31.306495],[148.981578,-31.306038],[148.981892,-31.305456],[148.982679,-31.304948],[148.983576,-31.3046],[148.98457,-31.304423],[148.985224,-31.304061],[148.985686,-31.303531],[148.98583,-31.302915],[148.985791,-31.302519],[148.985912,-31.301804],[148.986268,-31.301248],[148.986796,-31.300852],[148.98737,-31.300699],[148.988945,-31.300657],[148.989115,-31.300257],[148.988859,-31.300054],[148.987531,-31.299867],[148.987024,-31.299721]]]},"properties":{"OBJECTID":9241,"FireType":2,"FireName":"Burn 1997","FireNo":"","FireYear":199798,"Label":"1997-98 Prescribed Burn","StartDate":null,"EndDate":null,"Intensity":null,"AreaHa":119.29514572,"PerimeterM":6320.13615078,"OFHObjMet":null,"ObjNotMet":null,"NPWSBranch":"NTHI","NPWSArea":"CAST","VerDate":1788739200000,"Shape.STArea()":0.00011302048086339318,"Shape.STLength()":0.061348125526139455}},{"type":"Feature","id":9262,"geometry":{"type":"Polygon","coordinates":[[[149.067665,-31.270409],[149.067314,-31.269767],[149.066997,-31.269602],[149.066143,-31.268768],[149.065648,-31.268427],[149.064998,-31.268438],[149.064816,-31.268101],[149.064144,-31.267604],[149.063842,-31.267598],[149.063467,-31.267435],[149.063301,-31.267268],[149.063184,-31.26727],[149.062983,-31.267104],[149.062798,-31.267107],[149.062338,-31.266775],[149.061962,-31.265225],[149.06215,-31.264646],[149.061972,-31.264131],[149.06206,-31.263553],[149.061404,-31.2627],[149.06056,-31.262397],[149.060317,-31.262027],[149.059842,-31.261746],[149.058607,-31.261968],[149.05783,-31.261721],[149.05705,-31.261302],[149.055601,-31.259396],[149.055448,-31.259006],[149.055013,-31.258542],[149.055094,-31.257648],[149.054773,-31.256732],[149.054755,-31.255926],[149.054206,-31.255301],[149.053923,-31.254615],[149.052974,-31.25414],[149.051861,-31.253813],[149.051184,-31.253507],[149.050383,-31.253635],[149.049487,-31.254052],[149.048959,-31.254464],[149.047722,-31.256124],[149.047476,-31.257165],[149.04752,-31.257654],[149.048373,-31.25836],[149.049355,-31.258805],[149.050667,-31.259043],[149.053097,-31.259839],[149.053673,-31.260118],[149.054627,-31.260822],[149.055849,-31.261522],[149.056227,-31.261948],[149.055901,-31.262414],[149.054635,-31.262751],[149.053958,-31.262445],[149.053429,-31.26277],[149.053082,-31.263755],[149.052995,-31.264389],[149.052615,-31.265403],[149.052662,-31.266065],[149.051739,-31.268296],[149.051783,-31.268785],[149.051958,-31.269156],[149.052334,-31.269467],[149.053484,-31.269967],[149.054962,-31.270087],[149.055984,-31.270417],[149.056492,-31.270778],[149.056959,-31.27092],[149.057841,-31.271415],[149.058642,-31.271422],[149.058982,-31.271596],[149.059331,-31.27159],[149.059648,-31.271755],[149.060124,-31.271767],[149.060314,-31.271934],[149.060646,-31.271759],[149.060995,-31.271763],[149.061172,-31.27191],[149.06168,-31.271253],[149.062305,-31.271124],[149.062619,-31.271159],[149.062856,-31.271404],[149.062889,-31.271832],[149.063187,-31.272167],[149.063421,-31.272283],[149.063861,-31.271667],[149.065452,-31.271711],[149.067927,-31.271253],[149.068319,-31.271097],[149.068001,-31.270932],[149.067646,-31.270609],[149.067665,-31.270409]]]},"properties":{"OBJECTID":9262,"FireType":2,"FireName":"burn 2003 - honeymoon ck","FireNo":"","FireYear":200304,"Label":"2003-04 Prescribed Burn","StartDate":null,"EndDate":null,"Intensity":null,"AreaHa":149.1008332,"PerimeterM":7367.46375228,"OFHObjMet":null,"ObjNotMet":null,"NPWSBranch":"NTHI","NPWSArea":"CAST","VerDate":1788739200000,"Shape.STArea()":0.00014119921932696572,"Shape.STLength()":0.07235858293146415}},{"type":"Feature","id":9263,"geometry":{"type":"Polygon","coordinates":[[[149.068962,-31.273147],[149.070109,-31.272501],[149.069098,-31.271705],[149.068643,-31.271106],[149.068322,-31.271096],[149.067897,-31.271271],[149.065458,-31.271712],[149.063867,-31.271671],[149.063687,-31.271908],[149.064236,-31.272042],[149.064341,-31.272845],[149.064462,-31.27301],[149.064658,-31.273066],[149.064684,-31.273367],[149.065024,-31.273747],[149.06572,-31.273878],[149.066412,-31.274303],[149.066637,-31.274358],[149.067166,-31.274425],[149.067161,-31.274216],[149.067266,-31.274016],[149.067603,-31.273882],[149.067648,-31.273722],[149.068432,-31.273458],[149.068962,-31.273147]]]},"properties":{"OBJECTID":9263,"FireType":2,"FireName":"burn 2003 - siding spring","FireNo":"","FireYear":200304,"Label":"2003-04 Prescribed Burn","StartDate":null,"EndDate":null,"Intensity":null,"AreaHa":12.49115511,"PerimeterM":1574.43616344,"OFHObjMet":null,"ObjNotMet":null,"NPWSBranch":"NTHI","NPWSArea":"CAST","VerDate":1788739200000,"Shape.STArea()":1.1830201774013681e-05,"Shape.STLength()":0.01580804653615991}},{"type":"Feature","id":9283,"geometry":{"type":"Polygon","coordinates":[[[148.963725,-31.268373],[148.962666,-31.268417],[148.96226,-31.26863],[148.96229,-31.269036],[148.962966,-31.269729],[148.963699,-31.270142],[148.964372,-31.270718],[148.965132,-31.270905],[148.965568,-31.270654],[148.966205,-31.270464],[148.9669,-31.270544],[148.967818,-31.270773],[148.968388,-31.271387],[148.968665,-31.272113],[148.968429,-31.272875],[148.96837,-31.273579],[148.968972,-31.274255],[148.969764,-31.274478],[148.97034,-31.274893],[148.970249,-31.275544],[148.969872,-31.276136],[148.969905,-31.276686],[148.970374,-31.277003],[148.973057,-31.276267],[148.97463,-31.276622],[148.975202,-31.277353],[148.975449,-31.278152],[148.97594,-31.278523],[148.976763,-31.278718],[148.977496,-31.278599],[148.979466,-31.277874],[148.981482,-31.277337],[148.981865,-31.277106],[148.98234,-31.276675],[148.982957,-31.276557],[148.98329,-31.276408],[148.983326,-31.276136],[148.982849,-31.275945],[148.982243,-31.276054],[148.980585,-31.276648],[148.979624,-31.276906],[148.978785,-31.276973],[148.978006,-31.276841],[148.976821,-31.276444],[148.974775,-31.275537],[148.973967,-31.275568],[148.972952,-31.275755],[148.971777,-31.275782],[148.971254,-31.27542],[148.971118,-31.274917],[148.971146,-31.27424],[148.970865,-31.273875],[148.969551,-31.273281],[148.969428,-31.272444],[148.969802,-31.271212],[148.969421,-31.270559],[148.96864,-31.269913],[148.96792,-31.269599],[148.96669,-31.269555],[148.965718,-31.269759],[148.964782,-31.269719],[148.964197,-31.269358],[148.963851,-31.268841],[148.963725,-31.268373]]]},"properties":{"OBJECTID":9283,"FireType":2,"FireName":"Burn 1970","FireNo":"","FireYear":197071,"Label":"1970-71 Prescribed Burn","StartDate":null,"EndDate":null,"Intensity":null,"AreaHa":31.55356229,"PerimeterM":5662.75129114,"OFHObjMet":null,"ObjNotMet":null,"NPWSBranch":"NTHI","NPWSArea":"CAST","VerDate":1788739200000,"Shape.STArea()":2.988445779014929e-05,"Shape.STLength()":0.056564817334162916}},{"type":"Feature","id":9284,"geometry":{"type":"Polygon","coordinates":[[[148.994582,-31.28749],[148.994758,-31.286883],[148.993377,-31.285651],[148.992911,-31.284431],[148.992554,-31.283949],[148.99241,-31.283095],[148.992429,-31.282517],[148.99209,-31.281891],[148.991383,-31.281234],[148.990638,-31.280741],[148.989726,-31.280322],[148.988529,-31.279339],[148.987918,-31.279232],[148.987167,-31.278503],[148.986229,-31.27786],[148.985289,-31.277612],[148.986818,-31.278888],[148.98723,-31.279486],[148.988317,-31.280272],[148.989146,-31.280728],[148.990606,-31.281201],[148.991137,-31.281987],[148.991619,-31.285434],[148.991806,-31.285855],[148.992106,-31.286112],[148.994582,-31.28749]]]},"properties":{"OBJECTID":9284,"FireType":2,"FireName":"Burn 1970","FireNo":"","FireYear":197071,"Label":"1970-71 Prescribed Burn","StartDate":null,"EndDate":null,"Intensity":null,"AreaHa":12.14076729,"PerimeterM":3037.49398399,"OFHObjMet":null,"ObjNotMet":null,"NPWSBranch":"NTHI","NPWSArea":"CAST","VerDate":1788739200000,"Shape.STArea()":1.1499574435547257e-05,"Shape.STLength()":0.02940772562345346}},{"type":"Feature","id":9285,"geometry":{"type":"Polygon","coordinates":[[[149.000993,-31.274248],[149.001489,-31.272851],[149.00196,-31.272302],[149.002115,-31.271696],[149.00199,-31.271247],[149.001505,-31.270641],[149.00008,-31.269292],[148.999539,-31.268037],[148.998648,-31.266644],[148.998342,-31.265567],[148.99758,-31.264776],[148.997266,-31.264826],[148.997027,-31.264947],[148.996712,-31.265962],[148.996842,-31.267123],[148.997564,-31.268528],[148.999528,-31.270491],[148.999948,-31.271017],[149.000508,-31.272163],[149.000419,-31.272444],[148.999936,-31.272947],[148.999301,-31.274202],[148.998468,-31.275505],[148.998398,-31.276173],[148.998565,-31.276658],[148.998886,-31.276896],[149.001277,-31.277256],[149.002564,-31.277029],[149.003299,-31.277017],[149.004908,-31.276622],[149.006232,-31.276638],[149.006964,-31.276509],[149.008395,-31.276631],[149.010453,-31.27659],[149.011064,-31.276679],[149.011807,-31.276587],[149.012324,-31.276687],[149.013056,-31.27654],[149.013816,-31.276239],[149.0149,-31.276304],[149.015088,-31.276761],[149.014414,-31.278187],[149.015115,-31.279006],[149.015615,-31.279341],[149.015785,-31.279934],[149.015451,-31.28048],[149.013791,-31.281462],[149.013365,-31.282191],[149.013401,-31.282894],[149.01327,-31.283626],[149.013221,-31.285774],[149.013597,-31.286165],[149.014818,-31.286308],[149.017453,-31.287223],[149.018538,-31.287377],[149.019831,-31.287429],[149.021308,-31.287731],[149.022297,-31.287796],[149.025707,-31.287643],[149.026845,-31.287779],[149.028485,-31.288366],[149.029433,-31.288505],[149.030369,-31.288526],[149.032866,-31.287918],[149.03354,-31.288007],[149.033714,-31.288292],[149.033333,-31.289128],[149.033445,-31.289424],[149.034063,-31.289369],[149.03524,-31.288413],[149.037063,-31.287707],[149.03855,-31.287512],[149.039266,-31.287591],[149.039879,-31.287771],[149.040309,-31.287737],[149.040502,-31.287409],[149.040261,-31.286953],[149.039211,-31.286473],[149.03812,-31.286545],[149.037245,-31.286884],[149.036238,-31.287459],[149.034884,-31.287994],[149.034511,-31.287703],[149.034301,-31.287219],[149.033991,-31.286998],[149.032918,-31.286889],[149.03154,-31.287317],[149.030817,-31.287364],[149.028811,-31.2869],[149.027309,-31.286905],[149.02587,-31.286414],[149.025133,-31.286335],[149.022938,-31.286361],[149.022149,-31.286292],[149.020841,-31.286015],[149.019914,-31.285912],[149.019069,-31.285691],[149.018557,-31.285817],[149.016978,-31.285634],[149.016029,-31.285432],[149.01519,-31.285012],[149.014712,-31.284271],[149.014753,-31.283729],[149.015488,-31.282735],[149.015544,-31.2824],[149.015432,-31.282086],[149.015445,-31.281698],[149.015763,-31.281323],[149.016355,-31.281025],[149.017611,-31.280816],[149.018129,-31.280483],[149.018537,-31.279909],[149.018614,-31.279114],[149.018395,-31.278675],[149.017977,-31.278294],[149.017382,-31.277987],[149.016994,-31.277497],[149.016773,-31.276969],[149.016658,-31.276529],[149.017406,-31.27566],[149.017327,-31.2754],[149.017437,-31.275145],[149.017169,-31.274879],[149.016647,-31.274526],[149.01592,-31.27442],[149.014853,-31.274599],[149.013718,-31.275059],[149.01271,-31.27558],[149.011536,-31.27568],[149.010526,-31.275569],[149.009897,-31.275137],[149.008582,-31.274562],[149.00808,-31.274137],[149.007235,-31.273916],[149.006572,-31.273845],[149.006154,-31.273978],[149.005472,-31.273989],[149.004508,-31.274572],[149.003036,-31.27501],[149.002218,-31.275077],[149.001331,-31.274838],[149.000993,-31.274248]]]},"properties":{"OBJECTID":9285,"FireType":2,"FireName":"Burn 1973","FireNo":"","FireYear":197374,"Label":"1973-74 Prescribed Burn","StartDate":null,"EndDate":null,"Intensity":null,"AreaHa":113.18996107,"PerimeterM":14238.73135252,"OFHObjMet":null,"ObjNotMet":null,"NPWSBranch":"NTHI","NPWSArea":"CAST","VerDate":1788739200000,"Shape.STArea()":0.00010720788379877065,"Shape.STLength()":0.1420617776005861}},{"type":"Feature","id":9286,"geometry":{"type":"Polygon","coordinates":[[[148.985631,-31.306454],[148.986,-31.306493],[148.986468,-31.306252],[148.987962,-31.304875],[148.988938,-31.304319],[148.990003,-31.303996],[148.991458,-31.303775],[148.992691,-31.303945],[148.992863,-31.30415],[148.99274,-31.305794],[148.992279,-31.306829],[148.992053,-31.307563],[148.992277,-31.308218],[148.992846,-31.309301],[148.993204,-31.31036],[148.994398,-31.313137],[148.994296,-31.313815],[148.994457,-31.314471],[148.995068,-31.315526],[148.995124,-31.31622],[148.995022,-31.316835],[148.995349,-31.317389],[148.996206,-31.317664],[148.99695,-31.318086],[148.997539,-31.318618],[148.99804,-31.319467],[148.998844,-31.321213],[148.999275,-31.321685],[148.999686,-31.321787],[149.000037,-31.321474],[149.000301,-31.321019],[149.000289,-31.320487],[148.99958,-31.318739],[148.998689,-31.317842],[148.998166,-31.317472],[148.997233,-31.317044],[148.996656,-31.316611],[148.996164,-31.31569],[148.996095,-31.314924],[148.996319,-31.314091],[148.996013,-31.313004],[148.995558,-31.312371],[148.99515,-31.311457],[148.993805,-31.30897],[148.993559,-31.308252],[148.993439,-31.307515],[148.993506,-31.306711],[148.993751,-31.305886],[148.99454,-31.304422],[148.994702,-31.303652],[148.994359,-31.302855],[148.993327,-31.30223],[148.992868,-31.302382],[148.992277,-31.302761],[148.990666,-31.30256],[148.989557,-31.302262],[148.988497,-31.30235],[148.987749,-31.302732],[148.986599,-31.303489],[148.985931,-31.303707],[148.985344,-31.303779],[148.984594,-31.303556],[148.984366,-31.302721],[148.984456,-31.302007],[148.984262,-31.301252],[148.984142,-31.299531],[148.983867,-31.298976],[148.983153,-31.297968],[148.981842,-31.296563],[148.981341,-31.294713],[148.980686,-31.293532],[148.98032,-31.292591],[148.980235,-31.291573],[148.980074,-31.290872],[148.980869,-31.283715],[148.980849,-31.282741],[148.98016,-31.280434],[148.980331,-31.280061],[148.98077,-31.279486],[148.981319,-31.27909],[148.982165,-31.278851],[148.983967,-31.278652],[148.984853,-31.278837],[148.985631,-31.279375],[148.986698,-31.280667],[148.987875,-31.281731],[148.989297,-31.28243],[148.989896,-31.282908],[148.990153,-31.283653],[148.990693,-31.286342],[148.991201,-31.287064],[148.992095,-31.287619],[148.992764,-31.287924],[148.995693,-31.289845],[148.996505,-31.2905],[148.997363,-31.290865],[148.998578,-31.291189],[149.000335,-31.291811],[149.001717,-31.292088],[149.003123,-31.292526],[149.004082,-31.292691],[149.005516,-31.293426],[149.006157,-31.293922],[149.006983,-31.295244],[149.008875,-31.296802],[149.010376,-31.298708],[149.010973,-31.299619],[149.011839,-31.300327],[149.01368,-31.301453],[149.015537,-31.301839],[149.016985,-31.301762],[149.019048,-31.30191],[149.020818,-31.30365],[149.021805,-31.30413],[149.022511,-31.304715],[149.023186,-31.305805],[149.023918,-31.306127],[149.027157,-31.30631],[149.028195,-31.306195],[149.028892,-31.305859],[149.029225,-31.305258],[149.029322,-31.304851],[149.029751,-31.304294],[149.030822,-31.303799],[149.031351,-31.303457],[149.033543,-31.302827],[149.03431,-31.302814],[149.035146,-31.302621],[149.036707,-31.302425],[149.037289,-31.302127],[149.03758,-31.301482],[149.037742,-31.300694],[149.037903,-31.300403],[149.037962,-31.29969],[149.037604,-31.299199],[149.037021,-31.298929],[149.03626,-31.298716],[149.035641,-31.298283],[149.035273,-31.297784],[149.035382,-31.297485],[149.035683,-31.297281],[149.035819,-31.296765],[149.036013,-31.2965],[149.037043,-31.296051],[149.037516,-31.295602],[149.038085,-31.294673],[149.039861,-31.291307],[149.040883,-31.290479],[149.042055,-31.290298],[149.043328,-31.29035],[149.045505,-31.290974],[149.046189,-31.291531],[149.047631,-31.29213],[149.048603,-31.292404],[149.049012,-31.292397],[149.049202,-31.290951],[149.048258,-31.29102],[149.047341,-31.290863],[149.045633,-31.290106],[149.042787,-31.28915],[149.040879,-31.288837],[149.040281,-31.288856],[149.039941,-31.289177],[149.039694,-31.289875],[149.039028,-31.291167],[149.036863,-31.294539],[149.036301,-31.295242],[149.035632,-31.295902],[149.033695,-31.296682],[149.033207,-31.296951],[149.032927,-31.298074],[149.032983,-31.298749],[149.032803,-31.299149],[149.032979,-31.299552],[149.033605,-31.29984],[149.034736,-31.299678],[149.03566,-31.299654],[149.03635,-31.299977],[149.036436,-31.300535],[149.035752,-31.30097],[149.035209,-31.301619],[149.03428,-31.301922],[149.033506,-31.302042],[149.031269,-31.302087],[149.030298,-31.302851],[149.029856,-31.303318],[149.028059,-31.304735],[149.027219,-31.305272],[149.02627,-31.305594],[149.025071,-31.305513],[149.024087,-31.305222],[149.023326,-31.304503],[149.022957,-31.303959],[149.022668,-31.303188],[149.022533,-31.302306],[149.022211,-31.301463],[149.020654,-31.300892],[149.017026,-31.300706],[149.013778,-31.300116],[149.01295,-31.299732],[149.012319,-31.299165],[149.011004,-31.29712],[149.010025,-31.296017],[149.009565,-31.295167],[149.0094,-31.294313],[149.008733,-31.293575],[149.005778,-31.291898],[149.003775,-31.290576],[149.002796,-31.290474],[149.001779,-31.290571],[149.00132,-31.290732],[149.000789,-31.290451],[148.999245,-31.290457],[148.998306,-31.290246],[148.997127,-31.289624],[148.995407,-31.288253],[148.992252,-31.28657],[148.991666,-31.286164],[148.991348,-31.28552],[148.991156,-31.28389],[148.991174,-31.28324],[148.991029,-31.282377],[148.990799,-31.281893],[148.990487,-31.281573],[148.988059,-31.280474],[148.986437,-31.279227],[148.985328,-31.277928],[148.984751,-31.277476],[148.984055,-31.277325],[148.983278,-31.277337],[148.982315,-31.277505],[148.981679,-31.277713],[148.980942,-31.278131],[148.979994,-31.278515],[148.979051,-31.278638],[148.978872,-31.279597],[148.979273,-31.280195],[148.979507,-31.280823],[148.979672,-31.281686],[148.979609,-31.282228],[148.979331,-31.28299],[148.979537,-31.284277],[148.979432,-31.285803],[148.979108,-31.286358],[148.978883,-31.28767],[148.978275,-31.289267],[148.978051,-31.290109],[148.978257,-31.2909],[148.97866,-31.291597],[148.97894,-31.292432],[148.978987,-31.293179],[148.979302,-31.29414],[148.97972,-31.295035],[148.980151,-31.295552],[148.98027,-31.296732],[148.981119,-31.298144],[148.981857,-31.298773],[148.982591,-31.30071],[148.982838,-31.302014],[148.983315,-31.303215],[148.984293,-31.305266],[148.985134,-31.306299],[148.985631,-31.306454]]]},"properties":{"OBJECTID":9286,"FireType":2,"FireName":"Burn 1974","FireNo":"","FireYear":197475,"Label":"1974-75 Prescribed Burn","StartDate":null,"EndDate":null,"Intensity":null,"AreaHa":215.55030132,"PerimeterM":32147.79666281,"OFHObjMet":null,"ObjNotMet":null,"NPWSBranch":"NTHI","NPWSArea":"CAST","VerDate":1788739200000,"Shape.STArea()":0.00020419692234212075,"Shape.STLength()":0.31248470559006586}},{"type":"Feature","id":9287,"geometry":{"type":"Polygon","coordinates":[[[148.968262,-31.251697],[148.967733,-31.251985],[148.966358,-31.252502],[148.965292,-31.252771],[148.962736,-31.253036],[148.96176,-31.253069],[148.961464,-31.252965],[148.960855,-31.252983],[148.958876,-31.253735],[148.957862,-31.254472],[148.957268,-31.254707],[148.956285,-31.254893],[148.955528,-31.254842],[148.954986,-31.254507],[148.953409,-31.253909],[148.953037,-31.25423],[148.951607,-31.254604],[148.951114,-31.255152],[148.950651,-31.256142],[148.949942,-31.256893],[148.949033,-31.257619],[148.948305,-31.257955],[148.947172,-31.257999],[148.945523,-31.258511],[148.944309,-31.25871],[148.943437,-31.259183],[148.942747,-31.25932],[148.942071,-31.25915],[148.941147,-31.259137],[148.940505,-31.259562],[148.939651,-31.261974],[148.939919,-31.262222],[148.940544,-31.262529],[148.942728,-31.263001],[148.943533,-31.263331],[148.944609,-31.263568],[148.945276,-31.263846],[148.947851,-31.264466],[148.948733,-31.264984],[148.949622,-31.266829],[148.950407,-31.267259],[148.951658,-31.267312],[148.952515,-31.267101],[148.95388,-31.267594],[148.955129,-31.267584],[148.956623,-31.267201],[148.960079,-31.265714],[148.960721,-31.265812],[148.961277,-31.266291],[148.961632,-31.267206],[148.961998,-31.267606],[148.962605,-31.268012],[148.963394,-31.26809],[148.96512,-31.266241],[148.965748,-31.26514],[148.965867,-31.264281],[148.965813,-31.263705],[148.966566,-31.260527],[148.966704,-31.259587],[148.967108,-31.258805],[148.968591,-31.25641],[148.969031,-31.255339],[148.969428,-31.254747],[148.97007,-31.254313],[148.970925,-31.25402],[148.971859,-31.253988],[148.972641,-31.253732],[148.973076,-31.253446],[148.974238,-31.253275],[148.97505,-31.253452],[148.97695,-31.25344],[148.977615,-31.253069],[148.977805,-31.252615],[148.977936,-31.251865],[148.977537,-31.250834],[148.977101,-31.250092],[148.976496,-31.249776],[148.975361,-31.249703],[148.973787,-31.249773],[148.972468,-31.249946],[148.971121,-31.250301],[148.969903,-31.250833],[148.968262,-31.251697]]]},"properties":{"OBJECTID":9287,"FireType":2,"FireName":"Burn 1975","FireNo":"","FireYear":197576,"Label":"1975-76 Prescribed Burn","StartDate":null,"EndDate":null,"Intensity":null,"AreaHa":329.80018796,"PerimeterM":9676.16591681,"OFHObjMet":null,"ObjNotMet":null,"NPWSBranch":"NTHI","NPWSArea":"CAST","VerDate":1788739200000,"Shape.STArea()":0.0003123061205871007,"Shape.STLength()":0.0966376197602726}},{"type":"Feature","id":9288,"geometry":{"type":"Polygon","coordinates":[[[148.978239,-31.278966],[148.977823,-31.279162],[148.976778,-31.279403],[148.97545,-31.278675],[148.975139,-31.278373],[148.974637,-31.277488],[148.974316,-31.277213],[148.973829,-31.276995],[148.973227,-31.276851],[148.972724,-31.276904],[148.971844,-31.277522],[148.971187,-31.277739],[148.970333,-31.277572],[148.969898,-31.27738],[148.969339,-31.27673],[148.969244,-31.276227],[148.969014,-31.275752],[148.968429,-31.2754],[148.966657,-31.275031],[148.964554,-31.274404],[148.964025,-31.274205],[148.963311,-31.273702],[148.962666,-31.27198],[148.962353,-31.271579],[148.960848,-31.270934],[148.960221,-31.270556],[148.959892,-31.269884],[148.959126,-31.268886],[148.957821,-31.268274],[148.955664,-31.268568],[148.955017,-31.26875],[148.954499,-31.2691],[148.954479,-31.269642],[148.955288,-31.270712],[148.955833,-31.271155],[148.956171,-31.271772],[148.95666,-31.273587],[148.957061,-31.274681],[148.957191,-31.275392],[148.957147,-31.276285],[148.956916,-31.277326],[148.955942,-31.279479],[148.955851,-31.280184],[148.95591,-31.280977],[148.955699,-31.281936],[148.954573,-31.284398],[148.954388,-31.285627],[148.954442,-31.286213],[148.954853,-31.286793],[148.955224,-31.286941],[148.95567,-31.286672],[148.955923,-31.286181],[148.956052,-31.285331],[148.956032,-31.283843],[148.956574,-31.282094],[148.956791,-31.280936],[148.957166,-31.280245],[148.957584,-31.279679],[148.95786,-31.278773],[148.958163,-31.277199],[148.95808,-31.275685],[148.958187,-31.27479],[148.957835,-31.274002],[148.957683,-31.273282],[148.957259,-31.272558],[148.957018,-31.271588],[148.956702,-31.271024],[148.956523,-31.270477],[148.956579,-31.27016],[148.95688,-31.269957],[148.9585,-31.270609],[148.959181,-31.272087],[148.959973,-31.272778],[148.960605,-31.273878],[148.961103,-31.274096],[148.961509,-31.27446],[148.962263,-31.274863],[148.962983,-31.275619],[148.966427,-31.277109],[148.968454,-31.278142],[148.969254,-31.278698],[148.970748,-31.279352],[148.972189,-31.279943],[148.973244,-31.280206],[148.974409,-31.280125],[148.977716,-31.281103],[148.979155,-31.281099],[148.979051,-31.280658],[148.978231,-31.279074],[148.978239,-31.278966]]]},"properties":{"OBJECTID":9288,"FireType":2,"FireName":"Burn 1975","FireNo":"","FireYear":197576,"Label":"1975-76 Prescribed Burn","StartDate":null,"EndDate":null,"Intensity":null,"AreaHa":78.65301704,"PerimeterM":9885.94649289,"OFHObjMet":null,"ObjNotMet":null,"NPWSBranch":"NTHI","NPWSArea":"CAST","VerDate":1788739200000,"Shape.STArea()":7.449394800760243e-05,"Shape.STLength()":0.09552270348332882}},{"type":"Feature","id":9289,"geometry":{"type":"Polygon","coordinates":[[[149.049312,-31.290706],[149.048666,-31.293855],[149.047909,-31.296744],[149.0476,-31.297516],[149.047399,-31.298439],[149.04745,-31.299331],[149.047681,-31.299788],[149.047939,-31.30009],[149.048628,-31.300341],[149.048993,-31.300218],[149.049254,-31.299699],[149.049465,-31.298758],[149.05044,-31.29674],[149.051401,-31.295976],[149.052995,-31.294886],[149.056137,-31.293519],[149.057367,-31.293048],[149.058581,-31.292857],[149.059457,-31.292546],[149.060471,-31.291871],[149.061472,-31.291025],[149.062102,-31.29005],[149.062975,-31.288196],[149.063344,-31.287306],[149.063381,-31.286584],[149.063105,-31.285975],[149.062793,-31.285619],[149.060684,-31.284733],[149.060147,-31.284705],[149.058592,-31.285154],[149.056668,-31.285528],[149.053734,-31.285845],[149.052756,-31.285825],[149.051712,-31.286094],[149.050869,-31.286477],[149.049926,-31.287512],[149.049594,-31.288717],[149.049312,-31.290706]]]},"properties":{"OBJECTID":9289,"FireType":2,"FireName":"Burn 1975","FireNo":"","FireYear":197576,"Label":"1975-76 Prescribed Burn","StartDate":null,"EndDate":null,"Intensity":null,"AreaHa":125.49693749,"PerimeterM":5186.56813737,"OFHObjMet":null,"ObjNotMet":null,"NPWSBranch":"NTHI","NPWSArea":"CAST","VerDate":1788739200000,"Shape.STArea()":0.00011887843181535956,"Shape.STLength()":0.050329130659426444}},{"type":"Feature","id":9294,"geometry":{"type":"Polygon","coordinates":[[[149.038988,-31.29124],[149.038392,-31.292359],[149.035846,-31.296548],[149.036475,-31.29652],[149.038997,-31.296083],[149.043202,-31.296215],[149.04551,-31.297071],[149.04728,-31.29873],[149.047776,-31.301265],[149.047834,-31.307344],[149.047398,-31.309561],[149.046621,-31.312496],[149.046544,-31.31523],[149.046357,-31.317299],[149.043459,-31.318337],[149.038575,-31.318884],[149.034485,-31.318308],[149.029293,-31.320185],[149.028365,-31.321959],[149.029143,-31.32394],[149.030639,-31.324142],[149.035437,-31.324436],[149.038885,-31.325491],[149.041935,-31.32758],[149.043893,-31.32965],[149.046468,-31.331152],[149.047809,-31.332429],[149.047512,-31.333751],[149.046058,-31.335524],[149.045679,-31.336928],[149.046402,-31.337314],[149.051418,-31.337937],[149.0525,-31.338921],[149.053408,-31.341035],[149.054901,-31.341047],[149.055892,-31.33976],[149.055307,-31.338001],[149.05566,-31.336832],[149.056964,-31.335431],[149.056085,-31.334137],[149.054876,-31.333164],[149.053476,-31.331572],[149.052,-31.32944],[149.050355,-31.32915],[149.048241,-31.329572],[149.046391,-31.329051],[149.046287,-31.327628],[149.047224,-31.32626],[149.048402,-31.325348],[149.050305,-31.32493],[149.052178,-31.324088],[149.052931,-31.32247],[149.052721,-31.320986],[149.052179,-31.318766],[149.050785,-31.316506],[149.05,-31.314742],[149.050246,-31.312997],[149.051205,-31.31217],[149.053581,-31.311248],[149.055618,-31.309727],[149.056964,-31.307379],[149.057564,-31.305015],[149.056717,-31.304234],[149.054267,-31.303651],[149.051993,-31.302966],[149.051428,-31.302073],[149.051417,-31.300125],[149.051796,-31.297711],[149.053105,-31.295624],[149.055548,-31.293943],[149.05834,-31.292401],[149.06145,-31.29098],[149.062076,-31.289852],[149.061699,-31.289425],[149.060814,-31.289295],[149.058996,-31.289225],[149.057367,-31.289657],[149.055783,-31.290277],[149.054286,-31.290987],[149.051971,-31.290798],[149.050206,-31.290763],[149.048233,-31.290849],[149.043441,-31.289284],[149.042125,-31.28916],[149.040631,-31.2895],[149.039595,-31.290184],[149.038988,-31.29124]]]},"properties":{"OBJECTID":9294,"FireType":2,"FireName":"Burn 1991","FireNo":"","FireYear":199192,"Label":"1991-92 Prescribed Burn","StartDate":null,"EndDate":null,"Intensity":null,"AreaHa":530.28648284,"PerimeterM":20220.50694205,"OFHObjMet":null,"ObjNotMet":null,"NPWSBranch":"NTHI","NPWSArea":"CAST","VerDate":1788739200000,"Shape.STArea()":0.0005024386370102321,"Shape.STLength()":0.19828915566242816}},{"type":"Feature","id":9296,"geometry":{"type":"Polygon","coordinates":[[[149.059729,-31.270785],[149.059679,-31.271859],[149.05979,-31.272597],[149.06,-31.273117],[149.060453,-31.273642],[149.06172,-31.274433],[149.063353,-31.275147],[149.064365,-31.276294],[149.06494,-31.277151],[149.065445,-31.278153],[149.065942,-31.278316],[149.066324,-31.278021],[149.066535,-31.277549],[149.066611,-31.277178],[149.066558,-31.276701],[149.066391,-31.276252],[149.065294,-31.275539],[149.064364,-31.274797],[149.063024,-31.274033],[149.062601,-31.273436],[149.061061,-31.272622],[149.060495,-31.271738],[149.060489,-31.270962],[149.061064,-31.270376],[149.062247,-31.269716],[149.063106,-31.269621],[149.063516,-31.270093],[149.06373,-31.270793],[149.063855,-31.271675],[149.064605,-31.272853],[149.06501,-31.273109],[149.066785,-31.273639],[149.067771,-31.273587],[149.068667,-31.273239],[149.06942,-31.272623],[149.070747,-31.271329],[149.071706,-31.270538],[149.072013,-31.270172],[149.072057,-31.269775],[149.071761,-31.269707],[149.071322,-31.269796],[149.071074,-31.269962],[149.070674,-31.270393],[149.070298,-31.271003],[149.069652,-31.271681],[149.06878,-31.272173],[149.068042,-31.272519],[149.066284,-31.272808],[149.065574,-31.272504],[149.065028,-31.272008],[149.064777,-31.271615],[149.064593,-31.270878],[149.063839,-31.26951],[149.063276,-31.269204],[149.062683,-31.269006],[149.06148,-31.269196],[149.061101,-31.269166],[149.06014,-31.269894],[149.059917,-31.270241],[149.059729,-31.270785]]]},"properties":{"OBJECTID":9296,"FireType":2,"FireName":"Burn 1994","FireNo":"","FireYear":199495,"Label":"1994-95 Prescribed Burn","StartDate":null,"EndDate":null,"Intensity":null,"AreaHa":24.63213743,"PerimeterM":5472.5392012,"OFHObjMet":null,"ObjNotMet":null,"NPWSBranch":"NTHI","NPWSArea":"CAST","VerDate":1788739200000,"Shape.STArea()":2.3328829470164416e-05,"Shape.STLength()":0.05341962331892674}},{"type":"Feature","id":9496,"geometry":{"type":"Polygon","coordinates":[[[149.058995,-31.28767],[149.055981,-31.287151],[149.052759,-31.287151],[149.050368,-31.286943],[149.048185,-31.286423],[149.045586,-31.284968],[149.045275,-31.283305],[149.043819,-31.282057],[149.042052,-31.281746],[149.040909,-31.282889],[149.042052,-31.285176],[149.043508,-31.287047],[149.046106,-31.288606],[149.049744,-31.289541],[149.054006,-31.290269],[149.058995,-31.28767]]]},"properties":{"OBJECTID":9496,"FireType":2,"FireName":"Hells Hole","FireNo":"HR08042129589","FireYear":200809,"Label":"2008-09 Prescribed Burn","StartDate":1239494400000,"EndDate":null,"Intensity":null,"AreaHa":53.84400467,"PerimeterM":4219.01798794,"OFHObjMet":null,"ObjNotMet":null,"NPWSBranch":"NTHI","NPWSArea":"CAST","VerDate":1788739200000,"Shape.STArea()":5.1002212710092925e-05,"Shape.STLength()":0.04258587339677241}},{"type":"Feature","id":27047,"geometry":{"type":"Polygon","coordinates":[[[149.012773,-31.24286],[149.013992,-31.240668],[149.015392,-31.237562],[149.016123,-31.235552],[149.016245,-31.233725],[149.015636,-31.231289],[149.014661,-31.230314],[149.013504,-31.231106],[149.012104,-31.233542],[149.011373,-31.236526],[149.007414,-31.23878],[149.004673,-31.23878],[148.99974,-31.23951],[148.995843,-31.239023],[148.993285,-31.23951],[148.992919,-31.241155],[148.993102,-31.24219],[148.993407,-31.242799],[148.996208,-31.243347],[149.001933,-31.244078],[149.003212,-31.244626],[149.006135,-31.245174],[149.007597,-31.245844],[149.009485,-31.246027],[149.010703,-31.245722],[149.011921,-31.245113],[149.012773,-31.24286]]]},"properties":{"OBJECTID":27047,"FireType":2,"FireName":"Junction Mountain","FireNo":"HR10121347976","FireYear":201011,"Label":"2010-11 Prescribed Burn","StartDate":1305676800000,"EndDate":1305936000000,"Intensity":9999,"AreaHa":153.07938139,"PerimeterM":6567.53644602,"OFHObjMet":null,"ObjNotMet":null,"NPWSBranch":"NTHI","NPWSArea":"CAST","VerDate":1788739200000,"Shape.STArea()":0.00014493053080677715,"Shape.STLength()":0.06481537176309532}},{"type":"Feature","id":27054,"geometry":{"type":"Polygon","coordinates":[[[149.066743,-31.275507],[149.066844,-31.275073],[149.065919,-31.274972],[149.065572,-31.274683],[149.06563,-31.274105],[149.064936,-31.273917],[149.064705,-31.273657],[149.064604,-31.273209],[149.064474,-31.273238],[149.064402,-31.273585],[149.063939,-31.273671],[149.063621,-31.27357],[149.063347,-31.27331],[149.062566,-31.273223],[149.062407,-31.273035],[149.062552,-31.272703],[149.062364,-31.272573],[149.061786,-31.272761],[149.061309,-31.272573],[149.061208,-31.272443],[149.061005,-31.272486],[149.060904,-31.272298],[149.060933,-31.271836],[149.061092,-31.271605],[149.061497,-31.271503],[149.061612,-31.271402],[149.061728,-31.271099],[149.06248,-31.270737],[149.062639,-31.270998],[149.063058,-31.271344],[149.063087,-31.271605],[149.062913,-31.27185],[149.062884,-31.272125],[149.062754,-31.27224],[149.062378,-31.272298],[149.062292,-31.272385],[149.06274,-31.272732],[149.063043,-31.272819],[149.063361,-31.272616],[149.063535,-31.27279],[149.063462,-31.27292],[149.063665,-31.272992],[149.063997,-31.27305],[149.064633,-31.27292],[149.064763,-31.273454],[149.064922,-31.273729],[149.066078,-31.274047],[149.066598,-31.274061],[149.067379,-31.273801],[149.067827,-31.273483],[149.068304,-31.273339],[149.068752,-31.273426],[149.069417,-31.272674],[149.070139,-31.272067],[149.072813,-31.270766],[149.07264,-31.270665],[149.070125,-31.27172],[149.067205,-31.272009],[149.066714,-31.272183],[149.066281,-31.27211],[149.06602,-31.27198],[149.065688,-31.271662],[149.065254,-31.271431],[149.063751,-31.271417],[149.063188,-31.271012],[149.063246,-31.270607],[149.063188,-31.270275],[149.063404,-31.269841],[149.063853,-31.269408],[149.06378,-31.269046],[149.063419,-31.268844],[149.062263,-31.268888],[149.061208,-31.269119],[149.060659,-31.269393],[149.060283,-31.269682],[149.059849,-31.270362],[149.05982,-31.271316],[149.060182,-31.271532],[149.060355,-31.27211],[149.060254,-31.272775],[149.061425,-31.27344],[149.061237,-31.274177],[149.060528,-31.275001],[149.060254,-31.275536],[149.0605,-31.275796],[149.061092,-31.275767],[149.061482,-31.275478],[149.062219,-31.274249],[149.06248,-31.273975],[149.062928,-31.273772],[149.063925,-31.273975],[149.064647,-31.274466],[149.064777,-31.274668],[149.066078,-31.275478],[149.066743,-31.275507]]]},"properties":{"OBJECTID":27054,"FireType":2,"FireName":"Siding Spring","FireNo":"HR10121347974","FireYear":201011,"Label":"2010-11 Prescribed Burn","StartDate":1304640000000,"EndDate":1305763200000,"Intensity":9999,"AreaHa":28.96347071,"PerimeterM":5873.91504612,"OFHObjMet":null,"ObjNotMet":null,"NPWSBranch":"NTHI","NPWSArea":"CAST","VerDate":1788739200000,"Shape.STArea()":2.7430775026102096e-05,"Shape.STLength()":0.05824241731561125}},{"type":"Feature","id":27289,"geometry":{"type":"Polygon","coordinates":[[[149.064924,-31.136865],[149.064276,-31.136856],[149.063811,-31.136936],[149.06367,-31.137053],[149.063045,-31.137252],[149.062513,-31.137208],[149.062459,-31.137272],[149.062666,-31.137417],[149.062504,-31.13781],[149.062619,-31.137981],[149.06286,-31.13808],[149.062905,-31.138412],[149.062859,-31.138689],[149.06259,-31.138649],[149.062243,-31.138808],[149.062244,-31.139161],[149.062497,-31.139483],[149.06248,-31.139702],[149.062201,-31.139892],[149.06219,-31.140078],[149.062328,-31.140236],[149.062057,-31.14042],[149.062584,-31.140649],[149.062986,-31.140962],[149.0632,-31.140888],[149.063225,-31.140971],[149.062992,-31.141212],[149.062983,-31.141469],[149.062659,-31.141346],[149.062486,-31.141586],[149.061655,-31.141741],[149.063077,-31.142647],[149.064285,-31.143017],[149.064889,-31.143353],[149.065075,-31.143644],[149.065203,-31.144121],[149.066248,-31.145131],[149.067075,-31.145],[149.067202,-31.145131],[149.06735,-31.145118],[149.067426,-31.144903],[149.067874,-31.144736],[149.068019,-31.144845],[149.06886,-31.145071],[149.069666,-31.14567],[149.069545,-31.14606],[149.06919,-31.146503],[149.068903,-31.148819],[149.068915,-31.149336],[149.068705,-31.149648],[149.068622,-31.150619],[149.068513,-31.150738],[149.067729,-31.150826],[149.067586,-31.149971],[149.067344,-31.14941],[149.066843,-31.149179],[149.066764,-31.148973],[149.066118,-31.148356],[149.064677,-31.148172],[149.064322,-31.148338],[149.064036,-31.148295],[149.063481,-31.1484],[149.063608,-31.147988],[149.063259,-31.147888],[149.061115,-31.148361],[149.061272,-31.148747],[149.060836,-31.148919],[149.059971,-31.148998],[149.059044,-31.148795],[149.057739,-31.149941],[149.055852,-31.149478],[149.054034,-31.150126],[149.053467,-31.150258],[149.053413,-31.149796],[149.053825,-31.149123],[149.053898,-31.14852],[149.054818,-31.147045],[149.055847,-31.146565],[149.056684,-31.146353],[149.05681,-31.145899],[149.05671,-31.145288],[149.056232,-31.144731],[149.056238,-31.144438],[149.054583,-31.144088],[149.05334,-31.144418],[149.05202,-31.145213],[149.051332,-31.145959],[149.050984,-31.146737],[149.050557,-31.147309],[149.050363,-31.147211],[149.049151,-31.147013],[149.048681,-31.145935],[149.048396,-31.145956],[149.04819,-31.146966],[149.048286,-31.147369],[149.048254,-31.147854],[149.047977,-31.148183],[149.046825,-31.149023],[149.046531,-31.149438],[149.046274,-31.150108],[149.046183,-31.150722],[149.04593,-31.151035],[149.045456,-31.151171],[149.044998,-31.151434],[149.044822,-31.151624],[149.044886,-31.151708],[149.045163,-31.151607],[149.045227,-31.151702],[149.04586,-31.151793],[149.046287,-31.151754],[149.046482,-31.151878],[149.046497,-31.152027],[149.046641,-31.152073],[149.046929,-31.15195],[149.047216,-31.152036],[149.047149,-31.152096],[149.047238,-31.15218],[149.047662,-31.152023],[149.04759,-31.151886],[149.048708,-31.151755],[149.04954,-31.151843],[149.049835,-31.151763],[149.050047,-31.151802],[149.050006,-31.15192],[149.049536,-31.152231],[149.049142,-31.152323],[149.049074,-31.152873],[149.049142,-31.153106],[149.049014,-31.153215],[149.049053,-31.153289],[149.049347,-31.153151],[149.04949,-31.153185],[149.049537,-31.153318],[149.050113,-31.153361],[149.050575,-31.153497],[149.051473,-31.153519],[149.05152,-31.153684],[149.050871,-31.154281],[149.050832,-31.154446],[149.050134,-31.15482],[149.050147,-31.154559],[149.049993,-31.154583],[149.049884,-31.154702],[149.049624,-31.154706],[149.049541,-31.154601],[149.049002,-31.154573],[149.049123,-31.155024],[149.04881,-31.155397],[149.0488,-31.155509],[149.049104,-31.155551],[149.049703,-31.15544],[149.050273,-31.15575],[149.050535,-31.156081],[149.051858,-31.156266],[149.05279,-31.156671],[149.053082,-31.156965],[149.052982,-31.157206],[149.051894,-31.157555],[149.051819,-31.157806],[149.050095,-31.157968],[149.049425,-31.157948],[149.049137,-31.158049],[149.049135,-31.158188],[149.049629,-31.158762],[149.050307,-31.159192],[149.050339,-31.159295],[149.050096,-31.159561],[149.049692,-31.159573],[149.048568,-31.159151],[149.048496,-31.159076],[149.048634,-31.158716],[149.048583,-31.158659],[149.048169,-31.159296],[149.047453,-31.15977],[149.047115,-31.159712],[149.047298,-31.159382],[149.047408,-31.158933],[149.047115,-31.159236],[149.046947,-31.159561],[149.04677,-31.15966],[149.04668,-31.159576],[149.046685,-31.159649],[149.046255,-31.15956],[149.046241,-31.159331],[149.046136,-31.159502],[149.045893,-31.159498],[149.045467,-31.158933],[149.045443,-31.158787],[149.04498,-31.159428],[149.044528,-31.159448],[149.044409,-31.159357],[149.044458,-31.159195],[149.044354,-31.159136],[149.044201,-31.159353],[149.043465,-31.159345],[149.043441,-31.159207],[149.043672,-31.158921],[149.043247,-31.1592],[149.042934,-31.159195],[149.042748,-31.159156],[149.042742,-31.158878],[149.042566,-31.158765],[149.042557,-31.158637],[149.04234,-31.158615],[149.042136,-31.158694],[149.042359,-31.158814],[149.041961,-31.158702],[149.041942,-31.159033],[149.042462,-31.159344],[149.042658,-31.159341],[149.042694,-31.159504],[149.042926,-31.159495],[149.043262,-31.15983],[149.043578,-31.159964],[149.044683,-31.15994],[149.044621,-31.160148],[149.044962,-31.160066],[149.045066,-31.159881],[149.045535,-31.159986],[149.045094,-31.160223],[149.045339,-31.160267],[149.045451,-31.160537],[149.045986,-31.160497],[149.045746,-31.161592],[149.046433,-31.161455],[149.046957,-31.16125],[149.047609,-31.161536],[149.047773,-31.161975],[149.047423,-31.162391],[149.047424,-31.162757],[149.048353,-31.162962],[149.049514,-31.163365],[149.050818,-31.163627],[149.052356,-31.163184],[149.053045,-31.162826],[149.053451,-31.162283],[149.054366,-31.162526],[149.054675,-31.161927],[149.054577,-31.161481],[149.054076,-31.161073],[149.054076,-31.160733],[149.054375,-31.160343],[149.05413,-31.159577],[149.054827,-31.158304],[149.055557,-31.157477],[149.056458,-31.156781],[149.057287,-31.156805],[149.057897,-31.157173],[149.058688,-31.15808],[149.058006,-31.158079],[149.058212,-31.158435],[149.058874,-31.158834],[149.059817,-31.160257],[149.059796,-31.160957],[149.059019,-31.16128],[149.058927,-31.161767],[149.059293,-31.162695],[149.059137,-31.16324],[149.058416,-31.163473],[149.057126,-31.163211],[149.056064,-31.163935],[149.056071,-31.16456],[149.055859,-31.164923],[149.055269,-31.165122],[149.054368,-31.164841],[149.053622,-31.164929],[149.053839,-31.165456],[149.054488,-31.165918],[149.054746,-31.16628],[149.054509,-31.166517],[149.054682,-31.167687],[149.053404,-31.168554],[149.052691,-31.168503],[149.051188,-31.16793],[149.049957,-31.167994],[149.048161,-31.167728],[149.048227,-31.167431],[149.047307,-31.166639],[149.047178,-31.166445],[149.047666,-31.166323],[149.047553,-31.166155],[149.047042,-31.166073],[149.046799,-31.166177],[149.04664,-31.166157],[149.046291,-31.165872],[149.045704,-31.165828],[149.044899,-31.165808],[149.044902,-31.165945],[149.045154,-31.166248],[149.045541,-31.166369],[149.045897,-31.16662],[149.045709,-31.167258],[149.045669,-31.167185],[149.045687,-31.167485],[149.04578,-31.167654],[149.04534,-31.167448],[149.045134,-31.167441],[149.04509,-31.167021],[149.044582,-31.167063],[149.044651,-31.167222],[149.044296,-31.167151],[149.044298,-31.167225],[149.043734,-31.167385],[149.043713,-31.167482],[149.043785,-31.167538],[149.043536,-31.167715],[149.043594,-31.167892],[149.043356,-31.168006],[149.04328,-31.16792],[149.043279,-31.1677],[149.043156,-31.167565],[149.042766,-31.167511],[149.042767,-31.167388],[149.043009,-31.16728],[149.042946,-31.167071],[149.042776,-31.167087],[149.042587,-31.166973],[149.042628,-31.166899],[149.042522,-31.166864],[149.042436,-31.166682],[149.04225,-31.166675],[149.042195,-31.167153],[149.042347,-31.167204],[149.042234,-31.16735],[149.042113,-31.167332],[149.042009,-31.167023],[149.041737,-31.166847],[149.040665,-31.166695],[149.040631,-31.166552],[149.040887,-31.166567],[149.040905,-31.16632],[149.040866,-31.166287],[149.040848,-31.166378],[149.040573,-31.166252],[149.040649,-31.165983],[149.040542,-31.165895],[149.040479,-31.166016],[149.040333,-31.165919],[149.040767,-31.165383],[149.04069,-31.165231],[149.040332,-31.165214],[149.040023,-31.165112],[149.039982,-31.165012],[149.038213,-31.164785],[149.038048,-31.164353],[149.037849,-31.16416],[149.037883,-31.164299],[149.037653,-31.164403],[149.037442,-31.16418],[149.037222,-31.16409],[149.037373,-31.163733],[149.037146,-31.163994],[149.037062,-31.163882],[149.037117,-31.163751],[149.036934,-31.163731],[149.036909,-31.163658],[149.036556,-31.16368],[149.036453,-31.163565],[149.036364,-31.163777],[149.036552,-31.163844],[149.036617,-31.163983],[149.036408,-31.164003],[149.035999,-31.164284],[149.035752,-31.164362],[149.035762,-31.164124],[149.036151,-31.163446],[149.03664,-31.16293],[149.036566,-31.162898],[149.036261,-31.163181],[149.035636,-31.164063],[149.035577,-31.164027],[149.035912,-31.163557],[149.035835,-31.163395],[149.035916,-31.163377],[149.036057,-31.16292],[149.036184,-31.162841],[149.03602,-31.162814],[149.035791,-31.162821],[149.035381,-31.163613],[149.035273,-31.163652],[149.035261,-31.163792],[149.035382,-31.1638],[149.035412,-31.163913],[149.035307,-31.163932],[149.035667,-31.164332],[149.035668,-31.16448],[149.034506,-31.164358],[149.034257,-31.16479],[149.034244,-31.164907],[149.03443,-31.164932],[149.034419,-31.165287],[149.034307,-31.165118],[149.034166,-31.165213],[149.034299,-31.165264],[149.034423,-31.165534],[149.034391,-31.166003],[149.034613,-31.167154],[149.034559,-31.165988],[149.034635,-31.165876],[149.034842,-31.166049],[149.034813,-31.166157],[149.034925,-31.166101],[149.034959,-31.166366],[149.034872,-31.1665],[149.03496,-31.166678],[149.034966,-31.166501],[149.035098,-31.166447],[149.035051,-31.166178],[149.035302,-31.165949],[149.03558,-31.165945],[149.035665,-31.165821],[149.035948,-31.165899],[149.035999,-31.165812],[149.03617,-31.165806],[149.036014,-31.166158],[149.036229,-31.166343],[149.036295,-31.166265],[149.036472,-31.166266],[149.036498,-31.16603],[149.036913,-31.166151],[149.0369,-31.166468],[149.036975,-31.166482],[149.037055,-31.166241],[149.037545,-31.166404],[149.036979,-31.166596],[149.036386,-31.166548],[149.035635,-31.166622],[149.035125,-31.167063],[149.035092,-31.166949],[149.035208,-31.166812],[149.034981,-31.166837],[149.034911,-31.166988],[149.035005,-31.167106],[149.034194,-31.167468],[149.034161,-31.167713],[149.034313,-31.167848],[149.03435,-31.168034],[149.034384,-31.16797],[149.034676,-31.168417],[149.035321,-31.168681],[149.035336,-31.168886],[149.03511,-31.16882],[149.034868,-31.168537],[149.034605,-31.168425],[149.034641,-31.168548],[149.034456,-31.168414],[149.034151,-31.168445],[149.034313,-31.16867],[149.034275,-31.169507],[149.034216,-31.169526],[149.034166,-31.169345],[149.034009,-31.169353],[149.034083,-31.169633],[149.034045,-31.169762],[149.033928,-31.169824],[149.034173,-31.169913],[149.034103,-31.170168],[149.034159,-31.170504],[149.033941,-31.17018],[149.033914,-31.169931],[149.0337,-31.169557],[149.033594,-31.169557],[149.033527,-31.169372],[149.032958,-31.169223],[149.032894,-31.169603],[149.031608,-31.168309],[149.0319,-31.168151],[149.032149,-31.167334],[149.032097,-31.167298],[149.031777,-31.168132],[149.031621,-31.168186],[149.031322,-31.167879],[149.031153,-31.167809],[149.031075,-31.167848],[149.0311,-31.16798],[149.031173,-31.167979],[149.030889,-31.168135],[149.030789,-31.167883],[149.030836,-31.167824],[149.030539,-31.167596],[149.030085,-31.166698],[149.030152,-31.166646],[149.030002,-31.166359],[149.029899,-31.166394],[149.029835,-31.166644],[149.029675,-31.166754],[149.029372,-31.166789],[149.029415,-31.167112],[149.029625,-31.167441],[149.029176,-31.167456],[149.028908,-31.167337],[149.028752,-31.167149],[149.028736,-31.166807],[149.028254,-31.166901],[149.027754,-31.166839],[149.027556,-31.166934],[149.027563,-31.167136],[149.027671,-31.167251],[149.028278,-31.167599],[149.028542,-31.168149],[149.028421,-31.168172],[149.028631,-31.16824],[149.028677,-31.168384],[149.028609,-31.168504],[149.028782,-31.168953],[149.028756,-31.169104],[149.02864,-31.169025],[149.028663,-31.169178],[149.028606,-31.169193],[149.028377,-31.168878],[149.028419,-31.168593],[149.02838,-31.168659],[149.028223,-31.168427],[149.028129,-31.168472],[149.028235,-31.168703],[149.028048,-31.168688],[149.028369,-31.168908],[149.028373,-31.169167],[149.028481,-31.169163],[149.028515,-31.169348],[149.028712,-31.16945],[149.028562,-31.169508],[149.02854,-31.16997],[149.027708,-31.170088],[149.027501,-31.169766],[149.027569,-31.169541],[149.027283,-31.169136],[149.027281,-31.169013],[149.027237,-31.169104],[149.027121,-31.168906],[149.027093,-31.168511],[149.026939,-31.168413],[149.026842,-31.168519],[149.026921,-31.168688],[149.026861,-31.168677],[149.026881,-31.168803],[149.027512,-31.169908],[149.027469,-31.170062],[149.02757,-31.170202],[149.027498,-31.170231],[149.028164,-31.170721],[149.02778,-31.170986],[149.027936,-31.171528],[149.02795,-31.171887],[149.02747,-31.171791],[149.027018,-31.171821],[149.026851,-31.171712],[149.026705,-31.171781],[149.026261,-31.171774],[149.02612,-31.171701],[149.025869,-31.17175],[149.026706,-31.171848],[149.026839,-31.171943],[149.026676,-31.17359],[149.026548,-31.173712],[149.026897,-31.174932],[149.026861,-31.175635],[149.027006,-31.176671],[149.02584,-31.176616],[149.02522,-31.176469],[149.022198,-31.176213],[149.022075,-31.17576],[149.020965,-31.173947],[149.020935,-31.173783],[149.020764,-31.173935],[149.020803,-31.174122],[149.020674,-31.174183],[149.020438,-31.173335],[149.020565,-31.173184],[149.020588,-31.173049],[149.020507,-31.172946],[149.02026,-31.172778],[149.020042,-31.172729],[149.019939,-31.172783],[149.019728,-31.172667],[149.019418,-31.172807],[149.019446,-31.172889],[149.019646,-31.172885],[149.019716,-31.173684],[149.019851,-31.173891],[149.019692,-31.173781],[149.019615,-31.173827],[149.019635,-31.173969],[149.019721,-31.174282],[149.019929,-31.174278],[149.020137,-31.174633],[149.020066,-31.174948],[149.020107,-31.175224],[149.020532,-31.175568],[149.020689,-31.175611],[149.020596,-31.175702],[149.019975,-31.175555],[149.019427,-31.175161],[149.01914,-31.175121],[149.019264,-31.175246],[149.019385,-31.175229],[149.019828,-31.175595],[149.019869,-31.175841],[149.020333,-31.176028],[149.021275,-31.176132],[149.021722,-31.176296],[149.02184,-31.176944],[149.021874,-31.17805],[149.022078,-31.178248],[149.022362,-31.178871],[149.023304,-31.180178],[149.022841,-31.181613],[149.022256,-31.18459],[149.022615,-31.184696],[149.022614,-31.185055],[149.022502,-31.185072],[149.022498,-31.185281],[149.022376,-31.185291],[149.022055,-31.184922],[149.02189,-31.184955],[149.021859,-31.185083],[149.021549,-31.185222],[149.021417,-31.185538],[149.021462,-31.186397],[149.021633,-31.187403],[149.020794,-31.187596],[149.020287,-31.18747],[149.020189,-31.187367],[149.020259,-31.186649],[149.020211,-31.186418],[149.019827,-31.185602],[149.019548,-31.184755],[149.01984,-31.18463],[149.020118,-31.184626],[149.017944,-31.181501],[149.017899,-31.181008],[149.018016,-31.180827],[149.018723,-31.180539],[149.018695,-31.180494],[149.017531,-31.180917],[149.017373,-31.18083],[149.016898,-31.180195],[149.016999,-31.180059],[149.016451,-31.179276],[149.016421,-31.179089],[149.016877,-31.178492],[149.016727,-31.177216],[149.017186,-31.177126],[149.016624,-31.176911],[149.016518,-31.176801],[149.016848,-31.17563],[149.016691,-31.17561],[149.01579,-31.178831],[149.013552,-31.17981],[149.012943,-31.180993],[149.011987,-31.181345],[149.011663,-31.182031],[149.010761,-31.182524],[149.009495,-31.182276],[149.009559,-31.180085],[149.009348,-31.177652],[149.00927,-31.177639],[149.009492,-31.179825],[149.009333,-31.182428],[149.009395,-31.182846],[149.009564,-31.183037],[149.009692,-31.183685],[149.009977,-31.185945],[149.010202,-31.185874],[149.010272,-31.186284],[149.010484,-31.186437],[149.010663,-31.186703],[149.010717,-31.187166],[149.011244,-31.187381],[149.011141,-31.187458],[149.010862,-31.187432],[149.010519,-31.187259],[149.010277,-31.1873],[149.009955,-31.186879],[149.010606,-31.188782],[149.010786,-31.189855],[149.010995,-31.189859],[149.010869,-31.190855],[149.010695,-31.190813],[149.010514,-31.190898],[149.010416,-31.191558],[149.011794,-31.19214],[149.012873,-31.192219],[149.012858,-31.192324],[149.014473,-31.192611],[149.015552,-31.192631],[149.014989,-31.19273],[149.015131,-31.192862],[149.015718,-31.192681],[149.016379,-31.192699],[149.016378,-31.19264],[149.017247,-31.192655],[149.017433,-31.192772],[149.017035,-31.192883],[149.016947,-31.192802],[149.016617,-31.192852],[149.016691,-31.193053],[149.016368,-31.192991],[149.016102,-31.192756],[149.016031,-31.193071],[149.016358,-31.19332],[149.015915,-31.193731],[149.01599,-31.193947],[149.015557,-31.194028],[149.0155,-31.193798],[149.015037,-31.194097],[149.014768,-31.194146],[149.014772,-31.194296],[149.013656,-31.194538],[149.013228,-31.194859],[149.012872,-31.195261],[149.012432,-31.196195],[149.012249,-31.196161],[149.012025,-31.196239],[149.012047,-31.196448],[149.011816,-31.196646],[149.011301,-31.196535],[149.011356,-31.196288],[149.011721,-31.195901],[149.011063,-31.195613],[149.010997,-31.195367],[149.011645,-31.194437],[149.011004,-31.194522],[149.011032,-31.193087],[149.010906,-31.192865],[149.010778,-31.192972],[149.010606,-31.194208],[149.010293,-31.19425],[149.010082,-31.195292],[149.010611,-31.195598],[149.010823,-31.196162],[149.010857,-31.196498],[149.010784,-31.196753],[149.010583,-31.196719],[149.010223,-31.19733],[149.009915,-31.197545],[149.010227,-31.196718],[149.010468,-31.196594],[149.010429,-31.1964],[149.010203,-31.196426],[149.010187,-31.196121],[149.010036,-31.196137],[149.009997,-31.196902],[149.009724,-31.197514],[149.009612,-31.197488],[149.009599,-31.197249],[149.00952,-31.197264],[149.009392,-31.197566],[149.009256,-31.197548],[149.00929,-31.197261],[149.009086,-31.197387],[149.008983,-31.197],[149.008321,-31.196846],[149.008007,-31.196667],[149.00782,-31.196813],[149.0072,-31.196761],[149.007258,-31.196528],[149.006899,-31.196807],[149.006822,-31.196569],[149.006933,-31.196151],[149.006726,-31.196155],[149.006565,-31.196034],[149.00645,-31.196207],[149.006175,-31.196347],[149.005889,-31.196325],[149.004865,-31.195972],[149.005014,-31.195137],[149.005611,-31.194439],[149.00526,-31.194356],[149.00506,-31.194666],[149.0047,-31.194903],[149.004446,-31.195303],[149.004229,-31.195907],[149.004242,-31.196166],[149.004465,-31.196565],[149.004252,-31.19665],[149.003347,-31.197381],[149.003153,-31.197623],[149.003202,-31.198032],[149.003007,-31.198969],[149.003182,-31.199362],[149.002985,-31.199427],[149.003007,-31.1997],[149.002385,-31.199982],[149.002147,-31.200354],[149.002088,-31.200942],[149.002372,-31.201586],[149.001937,-31.202794],[149.001308,-31.203083],[149.00107,-31.203121],[149.001219,-31.202641],[149.001223,-31.202068],[149.001091,-31.201463],[149.000212,-31.202343],[148.999768,-31.202336],[149.000057,-31.201752],[149.000359,-31.201399],[149.000331,-31.201208],[149.000712,-31.200807],[149.000724,-31.200622],[149.000675,-31.200562],[149.000134,-31.200884],[148.999978,-31.200654],[148.999926,-31.200819],[148.999663,-31.200768],[148.999483,-31.200867],[148.999497,-31.200423],[148.999684,-31.199867],[148.999586,-31.199002],[148.99998,-31.198068],[149.000138,-31.198059],[149.000166,-31.197888],[149.00003,-31.197808],[148.99971,-31.198079],[148.99991,-31.197394],[148.999651,-31.19679],[148.999188,-31.197023],[148.998651,-31.197161],[148.997941,-31.197001],[148.997895,-31.196708],[148.997659,-31.196808],[148.997759,-31.197038],[148.997733,-31.197305],[148.997314,-31.197775],[148.997379,-31.198607],[148.996255,-31.199424],[148.995747,-31.199058],[148.995769,-31.199152],[148.996237,-31.19955],[148.996121,-31.199622],[148.996101,-31.199822],[148.99561,-31.199896],[148.995419,-31.199692],[148.995239,-31.199643],[148.995381,-31.199826],[148.99533,-31.19991],[148.994752,-31.199881],[148.994659,-31.199694],[148.994575,-31.199765],[148.994668,-31.199358],[148.99515,-31.198872],[148.995071,-31.199184],[148.994983,-31.199252],[148.995025,-31.199297],[148.995327,-31.198971],[148.995178,-31.198669],[148.995258,-31.198409],[148.995646,-31.198305],[148.995634,-31.19812],[148.995097,-31.197891],[148.995227,-31.197711],[148.9953,-31.19772],[148.995401,-31.197495],[148.995187,-31.197149],[148.995263,-31.197102],[148.995249,-31.197026],[148.995168,-31.197031],[148.995177,-31.196667],[148.99534,-31.196689],[148.995401,-31.196513],[148.995673,-31.196673],[148.996016,-31.196577],[148.995988,-31.196385],[148.996148,-31.196289],[148.996066,-31.196262],[148.996114,-31.196003],[148.995906,-31.19596],[148.995843,-31.196258],[148.995672,-31.196254],[148.995789,-31.196385],[148.99548,-31.196208],[148.995549,-31.195833],[148.99566,-31.195863],[148.995578,-31.195738],[148.995823,-31.195689],[148.995759,-31.195654],[148.994821,-31.195566],[148.99494,-31.195721],[148.994911,-31.195866],[148.994718,-31.195869],[148.994621,-31.195965],[148.9941,-31.195609],[148.993544,-31.195533],[148.993485,-31.195467],[148.993449,-31.194788],[148.993346,-31.194606],[148.993659,-31.194564],[148.993078,-31.194322],[148.992938,-31.194361],[148.993051,-31.194538],[148.993057,-31.194768],[148.992961,-31.194963],[148.9932,-31.195354],[148.993128,-31.195414],[148.993195,-31.195575],[148.993324,-31.19573],[148.993196,-31.195849],[148.993583,-31.196584],[148.993487,-31.196734],[148.993051,-31.196863],[148.993026,-31.19671],[148.992698,-31.196271],[148.992252,-31.195986],[148.991764,-31.195935],[148.99118,-31.196233],[148.991005,-31.196146],[148.990993,-31.19606],[148.991295,-31.195979],[148.991197,-31.195837],[148.99073,-31.195759],[148.990708,-31.196173],[148.990969,-31.196411],[148.991008,-31.196977],[148.990811,-31.197988],[148.990716,-31.198196],[148.990281,-31.198131],[148.990276,-31.198383],[148.989603,-31.198462],[148.98964,-31.198744],[148.989546,-31.198971],[148.990026,-31.200347],[148.989929,-31.200448],[148.990013,-31.200667],[148.989976,-31.20091],[148.990159,-31.201137],[148.99017,-31.20142],[148.990008,-31.201634],[148.989904,-31.201658],[148.989729,-31.201548],[148.989452,-31.201584],[148.989472,-31.201764],[148.98925,-31.202154],[148.988785,-31.201923],[148.988953,-31.201705],[148.988901,-31.201508],[148.989037,-31.201506],[148.989062,-31.20142],[148.988928,-31.201062],[148.988955,-31.200846],[148.988739,-31.200773],[148.988695,-31.200437],[148.989045,-31.20044],[148.988892,-31.199898],[148.988754,-31.199824],[148.988778,-31.200197],[148.9883,-31.200331],[148.988224,-31.200229],[148.988109,-31.200222],[148.988043,-31.200299],[148.988073,-31.200456],[148.987895,-31.200486],[148.98769,-31.200404],[148.987771,-31.200065],[148.987553,-31.200136],[148.987508,-31.199989],[148.987687,-31.199563],[148.987871,-31.199403],[148.988101,-31.199376],[148.98808,-31.1989],[148.988298,-31.198582],[148.988459,-31.19853],[148.988436,-31.198427],[148.988191,-31.198246],[148.988341,-31.197929],[148.988245,-31.197872],[148.988149,-31.198018],[148.987722,-31.19811],[148.987531,-31.198437],[148.987295,-31.198414],[148.986933,-31.198586],[148.986941,-31.198968],[148.986712,-31.199012],[148.986135,-31.198932],[148.985559,-31.198667],[148.985425,-31.198525],[148.985206,-31.198538],[148.985264,-31.198802],[148.98513,-31.198912],[148.985082,-31.199093],[148.985265,-31.199113],[148.985156,-31.199353],[148.985165,-31.199559],[148.985062,-31.199633],[148.98495,-31.199298],[148.98452,-31.199219],[148.984433,-31.198856],[148.984536,-31.198279],[148.984748,-31.198177],[148.984777,-31.198082],[148.98473,-31.197844],[148.984549,-31.19769],[148.984788,-31.197628],[148.984754,-31.197291],[148.984858,-31.197226],[148.984955,-31.196897],[148.986338,-31.196528],[148.986581,-31.196416],[148.986699,-31.196284],[148.986721,-31.196117],[148.986903,-31.196073],[148.986994,-31.196166],[148.988342,-31.19587],[148.988616,-31.19596],[148.989002,-31.195895],[148.989286,-31.195733],[148.989012,-31.195639],[148.989308,-31.195544],[148.98956,-31.195589],[148.989791,-31.19541],[148.989773,-31.195298],[148.989452,-31.195213],[148.989043,-31.194928],[148.98885,-31.194949],[148.988796,-31.194878],[148.988678,-31.194947],[148.988592,-31.194845],[148.98859,-31.194764],[148.988689,-31.194754],[148.98863,-31.194701],[148.987576,-31.194107],[148.98705,-31.19443],[148.986825,-31.194416],[148.986687,-31.194548],[148.986493,-31.194551],[148.986578,-31.194357],[148.986412,-31.194202],[148.986114,-31.194184],[148.986038,-31.194325],[148.985766,-31.194294],[148.985668,-31.194367],[148.985575,-31.194211],[148.985126,-31.19421],[148.984872,-31.194785],[148.984795,-31.194624],[148.984729,-31.193074],[148.984128,-31.192598],[148.983959,-31.192291],[148.984217,-31.191446],[148.9844,-31.191173],[148.984504,-31.191387],[148.984821,-31.191553],[148.984879,-31.191826],[148.984964,-31.191883],[148.985305,-31.191666],[148.985599,-31.192215],[148.986567,-31.192923],[148.986554,-31.193044],[148.985364,-31.193154],[148.985373,-31.193792],[148.986751,-31.193459],[148.986802,-31.193625],[148.987541,-31.193941],[148.987863,-31.193828],[148.988215,-31.193903],[148.988839,-31.194185],[148.988995,-31.194412],[148.989576,-31.194429],[148.989507,-31.194862],[148.989804,-31.195041],[148.98986,-31.194982],[148.99013,-31.195117],[148.990188,-31.19535],[148.990802,-31.195686],[148.990948,-31.195474],[148.991242,-31.195537],[148.991379,-31.195481],[148.99144,-31.195386],[148.991383,-31.195261],[148.991073,-31.195259],[148.991912,-31.19403],[148.991744,-31.194004],[148.991802,-31.1936],[148.991968,-31.193543],[148.991747,-31.193191],[148.992049,-31.19247],[148.992136,-31.192044],[148.99237,-31.19203],[148.992517,-31.191891],[148.992141,-31.19171],[148.991647,-31.191708],[148.991644,-31.191578],[148.991252,-31.191507],[148.990984,-31.191341],[148.991059,-31.190962],[148.991379,-31.190745],[148.99135,-31.189686],[148.990963,-31.187701],[148.990496,-31.186163],[148.990345,-31.185881],[148.990431,-31.185125],[148.991002,-31.185121],[148.99125,-31.185706],[148.992331,-31.18619],[148.992472,-31.185784],[148.992822,-31.185298],[148.993643,-31.184597],[148.994557,-31.184359],[148.994976,-31.184539],[148.995983,-31.184357],[148.996375,-31.183874],[148.996887,-31.182822],[148.997289,-31.182241],[148.997158,-31.181752],[148.996746,-31.181847],[148.995481,-31.182803],[148.99476,-31.182964],[148.994392,-31.182729],[148.994174,-31.182938],[148.993914,-31.183386],[148.993528,-31.183365],[148.993503,-31.183637],[148.992791,-31.183875],[148.992704,-31.184244],[148.99243,-31.184226],[148.991981,-31.183975],[148.991731,-31.183643],[148.991601,-31.182771],[148.991181,-31.182369],[148.991113,-31.182185],[148.991505,-31.18153],[148.991981,-31.181114],[148.991262,-31.180826],[148.990929,-31.180524],[148.991041,-31.180109],[148.990867,-31.179894],[148.990587,-31.17984],[148.990068,-31.180252],[148.989703,-31.180421],[148.988821,-31.180372],[148.988803,-31.180268],[148.988963,-31.180089],[148.988791,-31.179724],[148.988567,-31.179624],[148.988427,-31.17973],[148.988153,-31.180193],[148.987436,-31.180213],[148.987013,-31.18042],[148.986984,-31.179822],[148.986791,-31.179662],[148.98656,-31.179693],[148.986303,-31.180486],[148.985751,-31.180336],[148.985885,-31.179949],[148.985765,-31.179756],[148.985486,-31.179547],[148.985291,-31.179559],[148.985165,-31.179122],[148.985329,-31.179133],[148.98537,-31.179059],[148.989711,-31.17917],[148.989912,-31.177755],[148.99013,-31.177178],[148.990045,-31.176758],[148.989887,-31.176532],[148.990172,-31.17607],[148.990082,-31.174863],[148.989936,-31.174647],[148.990017,-31.174306],[148.9895,-31.173857],[148.989579,-31.173511],[148.989411,-31.173495],[148.989606,-31.173232],[148.987933,-31.172621],[148.98729,-31.172152],[148.987348,-31.1721],[148.987249,-31.172017],[148.987303,-31.171993],[148.98763,-31.172132],[148.987948,-31.172076],[148.988127,-31.171832],[148.988278,-31.171834],[148.988207,-31.171533],[148.98837,-31.171558],[148.988312,-31.171368],[148.988441,-31.171311],[148.988055,-31.170698],[148.986653,-31.17039],[148.986775,-31.170044],[148.986927,-31.17006],[148.986843,-31.169917],[148.986754,-31.1693],[148.986925,-31.169172],[148.986605,-31.169116],[148.986721,-31.168998],[148.986593,-31.168819],[148.986354,-31.168752],[148.98627,-31.168117],[148.986161,-31.168086],[148.986201,-31.167936],[148.986134,-31.16783],[148.98618,-31.167718],[148.986107,-31.16731],[148.985882,-31.167402],[148.985798,-31.167268],[148.985981,-31.167242],[148.986129,-31.167068],[148.986044,-31.16686],[148.986107,-31.16678],[148.986207,-31.166927],[148.986321,-31.166921],[148.986223,-31.166629],[148.986231,-31.166229],[148.986106,-31.166203],[148.986025,-31.165446],[148.985763,-31.165585],[148.98567,-31.165308],[148.985363,-31.165331],[148.985408,-31.165149],[148.985171,-31.164939],[148.985146,-31.165041],[148.98499,-31.165109],[148.985091,-31.165293],[148.985038,-31.165308],[148.984832,-31.165279],[148.984886,-31.165055],[148.984684,-31.164965],[148.984532,-31.165172],[148.984524,-31.165321],[148.98425,-31.165162],[148.983884,-31.165237],[148.98393,-31.165107],[148.983741,-31.164616],[148.983613,-31.164665],[148.98343,-31.164477],[148.983383,-31.164524],[148.983176,-31.164216],[148.983241,-31.16421],[148.982993,-31.163982],[148.982677,-31.164168],[148.982654,-31.164084],[148.982443,-31.164078],[148.982445,-31.164157],[148.982654,-31.164336],[148.98281,-31.16431],[148.982889,-31.164439],[148.983137,-31.164435],[148.983226,-31.164513],[148.983189,-31.164588],[148.983309,-31.164646],[148.9832,-31.164834],[148.983569,-31.164912],[148.983718,-31.165054],[148.983747,-31.165119],[148.98366,-31.165134],[148.983356,-31.165074],[148.983547,-31.165164],[148.983716,-31.165459],[148.984152,-31.165364],[148.98425,-31.165404],[148.98438,-31.16569],[148.984815,-31.16579],[148.984857,-31.165962],[148.984614,-31.166008],[148.984671,-31.166128],[148.984292,-31.16611],[148.983285,-31.165828],[148.983358,-31.166204],[148.983331,-31.166711],[148.983057,-31.166822],[148.983016,-31.167176],[148.983813,-31.167513],[148.984326,-31.167482],[148.984844,-31.167711],[148.984698,-31.16796],[148.983393,-31.167901],[148.983532,-31.168982],[148.983472,-31.169407],[148.983375,-31.16975],[148.98292,-31.170129],[148.982936,-31.170256],[148.983676,-31.170274],[148.983774,-31.169994],[148.983994,-31.169741],[148.984331,-31.169717],[148.984457,-31.169972],[148.98443,-31.170344],[148.984132,-31.170561],[148.983979,-31.170906],[148.984055,-31.171243],[148.984939,-31.171694],[148.984718,-31.171876],[148.984046,-31.172058],[148.98385,-31.172766],[148.984153,-31.173119],[148.984473,-31.172923],[148.984646,-31.17308],[148.98461,-31.173317],[148.984434,-31.1734],[148.984599,-31.173544],[148.983826,-31.174098],[148.983485,-31.174465],[148.983716,-31.174677],[148.984252,-31.174745],[148.984328,-31.174894],[148.984774,-31.174779],[148.98478,-31.174695],[148.984932,-31.174794],[148.984971,-31.174727],[148.985202,-31.174731],[148.985326,-31.174875],[148.985754,-31.175042],[148.985715,-31.175102],[148.986431,-31.17549],[148.986433,-31.175577],[148.986345,-31.175607],[148.986512,-31.175893],[148.987172,-31.1759],[148.987036,-31.176003],[148.987058,-31.176069],[148.987434,-31.17608],[148.987141,-31.176185],[148.986455,-31.176241],[148.986459,-31.17605],[148.986184,-31.176068],[148.985538,-31.175897],[148.985502,-31.17692],[148.985356,-31.177281],[148.983962,-31.178512],[148.983817,-31.178897],[148.983424,-31.179466],[148.983241,-31.179991],[148.983307,-31.180254],[148.983382,-31.18017],[148.983459,-31.180561],[148.983396,-31.180851],[148.983596,-31.181696],[148.984155,-31.181566],[148.984556,-31.181793],[148.984532,-31.181574],[148.984765,-31.181511],[148.98474,-31.181658],[148.98492,-31.181596],[148.984995,-31.181477],[148.985272,-31.181761],[148.984981,-31.181793],[148.984566,-31.182043],[148.984651,-31.182233],[148.984271,-31.182441],[148.984333,-31.18253],[148.984393,-31.182487],[148.984428,-31.182595],[148.98423,-31.182626],[148.984172,-31.182731],[148.984251,-31.182848],[148.984088,-31.183003],[148.984602,-31.183416],[148.984651,-31.183781],[148.98452,-31.183918],[148.983941,-31.184077],[148.983907,-31.183792],[148.983129,-31.183571],[148.983012,-31.183375],[148.983091,-31.18329],[148.983023,-31.183148],[148.983102,-31.182838],[148.983326,-31.182733],[148.983471,-31.182884],[148.983748,-31.182803],[148.983683,-31.182582],[148.98329,-31.182372],[148.982888,-31.182271],[148.982609,-31.182296],[148.982336,-31.182571],[148.982357,-31.182821],[148.982077,-31.183146],[148.98194,-31.183196],[148.981952,-31.183363],[148.981777,-31.18331],[148.981642,-31.183437],[148.981497,-31.183273],[148.981275,-31.18329],[148.981261,-31.183182],[148.981405,-31.183111],[148.981271,-31.183113],[148.981391,-31.182854],[148.981017,-31.182953],[148.980967,-31.182888],[148.98125,-31.182678],[148.981235,-31.1826],[148.981012,-31.182551],[148.980885,-31.182399],[148.980888,-31.181927],[148.981326,-31.181628],[148.981303,-31.181416],[148.981152,-31.18127],[148.979817,-31.181455],[148.979683,-31.181574],[148.978256,-31.181495],[148.977813,-31.181873],[148.978044,-31.182002],[148.978335,-31.18204],[148.978418,-31.182172],[148.978322,-31.182295],[148.977994,-31.182279],[148.977713,-31.182411],[148.97754,-31.182705],[148.977602,-31.182985],[148.97728,-31.182948],[148.976999,-31.182485],[148.976777,-31.182483],[148.976628,-31.18273],[148.976633,-31.182395],[148.976522,-31.1821],[148.976271,-31.181902],[148.97594,-31.182019],[148.975809,-31.182228],[148.975502,-31.182322],[148.975353,-31.182272],[148.975138,-31.182625],[148.974662,-31.182574],[148.97466,-31.182192],[148.974838,-31.182163],[148.974768,-31.182068],[148.974324,-31.181762],[148.973472,-31.181733],[148.973343,-31.181507],[148.973113,-31.181717],[148.97313,-31.181903],[148.973224,-31.181991],[148.973145,-31.182035],[148.972792,-31.181993],[148.972437,-31.181834],[148.972315,-31.181931],[148.97243,-31.182078],[148.972023,-31.182095],[148.971748,-31.18194],[148.97172,-31.181776],[148.971613,-31.181692],[148.971517,-31.181837],[148.9715,-31.182177],[148.970807,-31.182108],[148.970701,-31.18324],[148.970493,-31.183317],[148.970527,-31.183486],[148.97064,-31.183554],[148.970378,-31.183733],[148.970441,-31.183817],[148.970752,-31.183902],[148.970644,-31.184074],[148.970573,-31.18451],[148.970426,-31.184576],[148.970477,-31.184665],[148.970745,-31.184767],[148.970998,-31.184753],[148.971066,-31.184455],[148.971233,-31.184516],[148.971416,-31.184386],[148.971431,-31.184529],[148.971597,-31.184499],[148.972039,-31.184668],[148.971788,-31.184772],[148.971153,-31.184809],[148.971121,-31.185064],[148.971233,-31.18511],[148.971235,-31.1852],[148.97092,-31.185194],[148.970889,-31.185465],[148.970643,-31.185501],[148.970707,-31.185325],[148.970568,-31.185163],[148.970525,-31.18545],[148.970272,-31.185496],[148.970237,-31.185571],[148.970333,-31.185745],[148.970468,-31.185711],[148.970434,-31.185839],[148.970713,-31.185919],[148.970599,-31.186048],[148.96978,-31.185843],[148.969939,-31.186074],[148.970104,-31.186029],[148.970447,-31.186173],[148.970396,-31.186704],[148.970552,-31.18676],[148.970493,-31.186909],[148.970588,-31.187014],[148.969696,-31.18715],[148.969303,-31.18758],[148.969418,-31.187732],[148.969244,-31.187995],[148.969379,-31.188264],[148.96946,-31.188305],[148.969552,-31.18824],[148.969669,-31.188535],[148.97019,-31.18866],[148.970028,-31.190095],[148.969826,-31.190151],[148.969976,-31.190568],[148.969751,-31.190418],[148.969538,-31.190861],[148.969931,-31.191083],[148.969855,-31.191567],[148.969398,-31.19184],[148.968972,-31.191549],[148.968731,-31.191558],[148.968511,-31.191344],[148.96854,-31.191232],[148.968689,-31.191272],[148.968786,-31.191207],[148.968745,-31.191022],[148.968611,-31.190828],[148.968484,-31.19092],[148.968383,-31.190805],[148.968002,-31.19003],[148.967865,-31.189969],[148.967839,-31.190203],[148.967662,-31.190264],[148.967467,-31.190113],[148.967523,-31.189841],[148.967779,-31.189673],[148.967622,-31.189559],[148.967489,-31.189667],[148.967319,-31.189531],[148.966981,-31.1896],[148.966861,-31.189454],[148.967033,-31.189138],[148.967198,-31.188435],[148.967221,-31.187766],[148.967113,-31.187593],[148.966938,-31.187489],[148.96671,-31.187816],[148.965503,-31.188243],[148.965398,-31.187932],[148.964832,-31.187723],[148.964954,-31.187663],[148.96489,-31.187547],[148.964627,-31.187371],[148.964722,-31.187221],[148.964451,-31.186906],[148.965069,-31.186685],[148.96539,-31.186664],[148.965411,-31.186515],[148.966202,-31.186524],[148.966631,-31.186395],[148.966629,-31.186289],[148.96649,-31.186164],[148.96676,-31.18608],[148.967243,-31.186142],[148.967132,-31.185857],[148.966104,-31.185979],[148.965678,-31.185667],[148.966529,-31.185357],[148.9666,-31.185181],[148.966358,-31.18511],[148.966193,-31.185192],[148.965896,-31.185197],[148.965767,-31.184881],[148.966134,-31.184753],[148.965915,-31.184279],[148.965388,-31.184181],[148.965089,-31.183464],[148.964832,-31.183276],[148.963475,-31.183318],[148.963244,-31.182887],[148.963942,-31.182584],[148.964043,-31.18271],[148.964428,-31.182529],[148.964338,-31.182361],[148.964645,-31.182282],[148.964774,-31.181945],[148.964764,-31.181781],[148.964205,-31.180994],[148.964232,-31.180808],[148.96391,-31.180155],[148.963587,-31.179777],[148.963628,-31.179655],[148.963056,-31.179467],[148.963098,-31.179408],[148.962929,-31.179273],[148.96298,-31.179033],[148.963483,-31.178909],[148.963442,-31.178724],[148.963079,-31.178772],[148.963037,-31.178215],[148.963446,-31.178023],[148.96353,-31.177873],[148.963704,-31.17794],[148.963688,-31.177765],[148.963835,-31.177715],[148.963876,-31.177619],[148.963522,-31.177529],[148.963359,-31.177383],[148.963762,-31.177164],[148.963535,-31.176934],[148.963098,-31.17701],[148.962874,-31.176918],[148.961874,-31.176875],[148.96142,-31.176733],[148.961268,-31.17682],[148.961215,-31.176964],[148.960885,-31.177102],[148.960874,-31.176879],[148.960952,-31.176777],[148.960884,-31.176778],[148.960863,-31.176651],[148.960405,-31.176573],[148.959805,-31.176811],[148.958876,-31.176957],[148.958682,-31.177114],[148.957674,-31.177321],[148.957321,-31.177278],[148.957174,-31.177047],[148.957344,-31.176572],[148.957032,-31.17671],[148.957006,-31.176652],[148.957268,-31.176494],[148.957259,-31.176351],[148.9574,-31.176311],[148.95741,-31.176216],[148.957212,-31.176166],[148.957166,-31.17606],[148.957338,-31.17601],[148.95743,-31.175648],[148.957241,-31.175475],[148.957124,-31.175509],[148.956941,-31.175278],[148.956726,-31.175351],[148.95671,-31.175483],[148.956861,-31.175603],[148.956617,-31.175771],[148.956573,-31.176021],[148.956319,-31.175956],[148.956094,-31.176119],[148.956253,-31.176334],[148.95623,-31.176754],[148.955889,-31.177236],[148.954601,-31.175871],[148.954086,-31.17572],[148.953686,-31.17545],[148.953163,-31.175548],[148.953173,-31.175113],[148.952937,-31.175053],[148.952264,-31.175328],[148.952127,-31.175893],[148.951967,-31.176208],[148.951938,-31.176898],[148.952092,-31.177204],[148.95259,-31.177674],[148.952432,-31.17783],[148.95166,-31.17781],[148.951422,-31.177596],[148.950819,-31.178019],[148.950221,-31.178039],[148.949648,-31.178382],[148.948171,-31.178579],[148.947927,-31.178413],[148.947205,-31.178408],[148.946787,-31.178197],[148.946409,-31.177836],[148.945354,-31.17903],[148.944807,-31.179155],[148.944149,-31.178964],[148.943827,-31.179207],[148.94527,-31.17978],[148.945158,-31.180036],[148.942825,-31.179127],[148.942404,-31.17934],[148.942507,-31.179572],[148.94311,-31.179781],[148.943846,-31.180167],[148.94436,-31.180552],[148.943682,-31.180584],[148.942202,-31.180346],[148.942476,-31.180777],[148.942544,-31.181079],[148.9436,-31.181121],[148.944396,-31.181064],[148.944847,-31.181281],[148.94556,-31.181365],[148.945859,-31.181731],[148.946834,-31.181658],[148.947063,-31.181893],[148.946436,-31.182286],[148.946338,-31.182535],[148.946789,-31.182783],[148.946843,-31.183108],[148.946809,-31.183757],[148.946573,-31.184299],[148.946664,-31.184893],[148.947001,-31.185398],[148.947293,-31.185665],[148.947741,-31.18582],[148.947744,-31.185964],[148.948406,-31.185963],[148.948424,-31.186362],[148.948023,-31.186563],[148.9479,-31.186863],[148.947981,-31.187405],[148.948272,-31.188115],[148.948184,-31.188496],[148.947654,-31.188831],[148.948178,-31.189416],[148.948843,-31.189765],[148.948269,-31.191715],[148.94787,-31.191699],[148.94607,-31.193978],[148.942012,-31.19511],[148.941437,-31.193896],[148.941136,-31.193726],[148.940417,-31.193791],[148.939997,-31.194298],[148.939749,-31.194889],[148.939079,-31.19491],[148.939026,-31.194476],[148.938836,-31.194179],[148.93835,-31.193904],[148.937835,-31.193787],[148.937279,-31.193806],[148.936883,-31.193926],[148.936463,-31.194139],[148.936178,-31.19534],[148.936213,-31.195823],[148.936643,-31.196121],[148.937011,-31.196513],[148.936924,-31.197172],[148.936157,-31.196809],[148.936068,-31.197104],[148.935291,-31.19686],[148.935285,-31.196528],[148.935108,-31.196253],[148.935227,-31.195566],[148.935464,-31.195383],[148.935373,-31.19464],[148.935415,-31.194231],[148.935249,-31.193765],[148.934933,-31.193327],[148.934426,-31.193193],[148.933531,-31.193433],[148.932905,-31.193923],[148.932413,-31.194553],[148.932642,-31.19504],[148.932789,-31.195782],[148.932251,-31.195753],[148.932264,-31.195847],[148.931974,-31.196162],[148.93128,-31.196559],[148.930309,-31.1968],[148.929505,-31.19717],[148.92879,-31.197059],[148.9285,-31.196846],[148.927181,-31.196687],[148.926659,-31.196893],[148.926368,-31.197133],[148.926246,-31.197615],[148.925542,-31.198078],[148.925383,-31.198354],[148.925316,-31.199364],[148.92492,-31.199851],[148.925104,-31.200282],[148.925014,-31.200698],[148.925042,-31.20098],[148.925659,-31.201122],[148.926106,-31.201568],[148.927033,-31.202921],[148.927377,-31.203563],[148.927148,-31.203681],[148.927245,-31.204274],[148.927787,-31.204642],[148.928181,-31.204302],[148.92925,-31.204307],[148.928684,-31.20513],[148.928163,-31.206412],[148.927403,-31.207853],[148.927507,-31.210003],[148.928222,-31.212289],[148.92907,-31.213999],[148.929406,-31.214986],[148.929537,-31.216059],[148.928357,-31.216537],[148.927573,-31.217425],[148.927254,-31.218453],[148.927302,-31.219027],[148.92603,-31.219234],[148.926004,-31.219735],[148.926489,-31.220877],[148.926938,-31.221444],[148.927148,-31.222245],[148.927624,-31.222332],[148.928311,-31.22205],[148.928491,-31.22376],[148.928909,-31.224452],[148.928217,-31.224674],[148.927836,-31.22467],[148.927593,-31.224799],[148.926956,-31.224894],[148.925983,-31.225432],[148.925675,-31.2267],[148.925708,-31.227454],[148.925847,-31.227668],[148.925836,-31.227955],[148.925974,-31.228431],[148.92534,-31.230071],[148.924865,-31.230914],[148.923555,-31.231567],[148.923507,-31.231805],[148.923189,-31.232031],[148.922554,-31.233072],[148.920938,-31.234797],[148.920707,-31.234967],[148.919788,-31.235282],[148.918158,-31.236041],[148.916395,-31.237804],[148.91607,-31.238246],[148.915149,-31.238723],[148.914756,-31.239564],[148.914571,-31.240297],[148.913893,-31.241786],[148.913983,-31.242494],[148.914211,-31.242753],[148.914356,-31.243264],[148.914039,-31.244109],[148.91384,-31.244414],[148.913743,-31.244798],[148.913398,-31.245422],[148.913524,-31.245591],[148.913879,-31.245727],[148.914036,-31.245961],[148.914494,-31.246326],[148.91489,-31.246507],[148.9157,-31.247169],[148.916929,-31.248001],[148.917235,-31.248651],[148.917778,-31.249116],[148.918663,-31.249732],[148.919981,-31.250336],[148.922326,-31.252168],[148.92592,-31.252894],[148.926198,-31.253036],[148.926432,-31.253002],[148.92765,-31.253266],[148.927801,-31.253495],[148.928494,-31.253615],[148.92882,-31.253807],[148.930691,-31.254488],[148.930777,-31.25497],[148.931074,-31.255428],[148.932251,-31.256301],[148.932039,-31.256803],[148.932173,-31.257057],[148.93232,-31.257085],[148.932514,-31.256861],[148.933351,-31.256511],[148.933766,-31.25648],[148.934566,-31.256624],[148.933679,-31.257659],[148.934424,-31.258588],[148.931605,-31.260235],[148.931486,-31.259748],[148.931292,-31.259681],[148.931121,-31.260019],[148.930981,-31.259892],[148.930739,-31.260089],[148.929707,-31.261583],[148.929509,-31.261651],[148.927342,-31.260918],[148.926916,-31.260883],[148.926681,-31.26078],[148.926285,-31.260851],[148.925348,-31.261307],[148.924719,-31.261387],[148.92459,-31.261789],[148.926275,-31.262053],[148.926356,-31.261998],[148.926949,-31.262166],[148.926863,-31.262285],[148.927324,-31.262402],[148.927266,-31.26225],[148.92797,-31.262451],[148.927796,-31.262707],[148.927647,-31.262774],[148.927541,-31.263635],[148.928146,-31.263703],[148.928004,-31.264129],[148.927729,-31.264121],[148.927849,-31.264278],[148.928231,-31.26555],[148.928232,-31.266269],[148.928075,-31.266954],[148.928024,-31.267143],[148.927582,-31.267686],[148.926896,-31.267967],[148.926397,-31.268369],[148.926481,-31.26948],[148.927004,-31.27128],[148.927218,-31.271666],[148.927305,-31.272271],[148.927313,-31.272659],[148.927104,-31.273151],[148.927159,-31.274169],[148.926704,-31.274718],[148.926063,-31.275216],[148.92575,-31.275668],[148.925078,-31.275678],[148.92471,-31.275784],[148.924203,-31.27747],[148.924022,-31.277708],[148.923353,-31.278177],[148.922752,-31.278286],[148.922225,-31.278677],[148.921917,-31.279382],[148.921392,-31.279849],[148.92106,-31.280378],[148.919874,-31.281085],[148.919476,-31.281709],[148.919239,-31.281884],[148.918765,-31.281844],[148.918534,-31.281924],[148.918378,-31.282326],[148.918074,-31.282596],[148.918241,-31.283353],[148.918601,-31.284237],[148.919225,-31.285223],[148.920481,-31.28664],[148.920353,-31.286742],[148.918517,-31.284797],[148.918204,-31.284596],[148.917438,-31.284325],[148.917338,-31.284138],[148.917242,-31.284139],[148.917273,-31.284327],[148.916781,-31.284058],[148.916526,-31.284356],[148.916302,-31.284442],[148.916411,-31.284776],[148.916243,-31.28492],[148.915827,-31.285032],[148.914994,-31.284208],[148.914739,-31.283782],[148.914126,-31.283668],[148.913393,-31.283673],[148.912908,-31.283762],[148.912921,-31.284062],[148.913085,-31.284407],[148.91272,-31.284648],[148.913175,-31.285083],[148.91322,-31.285306],[148.913119,-31.285708],[148.912652,-31.285697],[148.912498,-31.285853],[148.912475,-31.2861],[148.912262,-31.286433],[148.911879,-31.286451],[148.911938,-31.287003],[148.911871,-31.287063],[148.911606,-31.286543],[148.911106,-31.285874],[148.910969,-31.285534],[148.911015,-31.285098],[148.910325,-31.284896],[148.910217,-31.284956],[148.910168,-31.285275],[148.90987,-31.285421],[148.909685,-31.285441],[148.909594,-31.285343],[148.909563,-31.285178],[148.910044,-31.284877],[148.910025,-31.284635],[148.910263,-31.284532],[148.910373,-31.284206],[148.910596,-31.284038],[148.911,-31.284032],[148.911037,-31.283802],[148.910772,-31.283606],[148.910273,-31.283666],[148.910121,-31.283604],[148.909904,-31.283713],[148.909656,-31.283663],[148.909641,-31.283964],[148.909499,-31.284025],[148.909382,-31.284003],[148.909385,-31.283821],[148.909096,-31.283778],[148.908581,-31.284074],[148.908168,-31.285688],[148.907558,-31.28605],[148.907367,-31.286801],[148.907126,-31.287087],[148.906779,-31.287186],[148.906515,-31.287738],[148.906468,-31.288121],[148.906204,-31.288296],[148.905983,-31.288187],[148.905609,-31.287675],[148.904929,-31.28762],[148.904739,-31.287693],[148.904413,-31.287527],[148.903955,-31.287575],[148.903861,-31.287683],[148.903974,-31.287852],[148.903534,-31.287811],[148.903419,-31.287866],[148.903495,-31.287906],[148.903394,-31.288008],[148.902974,-31.287884],[148.902803,-31.287946],[148.902948,-31.287997],[148.902691,-31.288171],[148.90241,-31.288158],[148.902112,-31.288327],[148.901586,-31.288429],[148.90141,-31.288538],[148.901079,-31.288448],[148.900777,-31.28847],[148.899255,-31.288122],[148.899056,-31.288131],[148.899137,-31.288383],[148.898794,-31.2884],[148.898153,-31.288185],[148.898116,-31.288757],[148.898213,-31.288803],[148.898344,-31.289166],[148.899065,-31.289927],[148.899123,-31.290067],[148.899036,-31.290186],[148.899154,-31.290279],[148.89911,-31.290444],[148.899685,-31.290765],[148.900083,-31.291113],[148.900064,-31.291172],[148.900429,-31.291261],[148.90057,-31.291453],[148.900301,-31.291398],[148.900304,-31.291516],[148.900686,-31.291758],[148.900468,-31.291837],[148.900828,-31.292026],[148.900616,-31.292024],[148.90079,-31.292145],[148.900646,-31.292147],[148.900697,-31.292311],[148.900822,-31.292403],[148.900476,-31.292567],[148.900519,-31.292655],[148.900374,-31.292952],[148.900242,-31.292871],[148.900085,-31.292891],[148.900517,-31.293267],[148.900816,-31.294123],[148.901003,-31.294238],[148.901146,-31.294171],[148.901373,-31.294244],[148.901437,-31.294343],[148.901349,-31.294409],[148.901487,-31.294766],[148.901286,-31.294657],[148.901373,-31.294886],[148.901139,-31.294877],[148.90099,-31.294609],[148.900844,-31.29454],[148.900787,-31.294759],[148.901162,-31.294977],[148.901369,-31.295369],[148.901102,-31.29542],[148.900572,-31.29531],[148.90064,-31.295262],[148.900411,-31.295159],[148.900519,-31.295063],[148.900381,-31.295006],[148.900343,-31.294842],[148.899106,-31.294684],[148.899193,-31.29493],[148.899035,-31.294909],[148.898958,-31.294821],[148.898903,-31.294858],[148.898839,-31.294711],[148.89894,-31.294645],[148.898965,-31.294486],[148.898671,-31.294555],[148.898217,-31.294844],[148.897711,-31.295582],[148.895773,-31.297418],[148.895687,-31.297602],[148.895325,-31.297295],[148.89493,-31.297089],[148.895012,-31.297453],[148.895103,-31.297546],[148.895219,-31.297497],[148.895606,-31.297968],[148.895569,-31.298216],[148.895907,-31.298635],[148.895827,-31.299072],[148.896225,-31.299107],[148.896494,-31.298838],[148.896992,-31.298725],[148.897809,-31.299425],[148.896594,-31.300415],[148.895025,-31.300839],[148.894393,-31.300777],[148.894311,-31.301803],[148.893284,-31.304279],[148.893247,-31.304851],[148.893662,-31.30604],[148.894631,-31.306839],[148.895461,-31.307174],[148.895446,-31.307569],[148.895071,-31.308161],[148.894673,-31.308272],[148.894522,-31.308244],[148.894441,-31.308125],[148.894549,-31.308017],[148.894533,-31.307915],[148.89438,-31.30794],[148.894106,-31.308349],[148.893748,-31.308702],[148.893348,-31.309369],[148.893035,-31.309574],[148.892755,-31.309903],[148.892286,-31.309982],[148.891968,-31.31013],[148.890878,-31.310887],[148.890541,-31.311651],[148.890088,-31.312338],[148.890275,-31.313065],[148.89016,-31.31352],[148.889805,-31.313808],[148.889746,-31.313941],[148.890126,-31.314454],[148.890618,-31.314594],[148.89197,-31.315522],[148.89208,-31.315729],[148.891998,-31.316251],[148.892117,-31.316626],[148.892875,-31.317353],[148.893098,-31.317642],[148.893103,-31.317859],[148.892832,-31.317959],[148.891554,-31.31808],[148.890783,-31.318496],[148.889657,-31.318551],[148.889506,-31.318431],[148.889059,-31.318347],[148.888422,-31.318368],[148.888252,-31.318519],[148.888072,-31.318538],[148.887353,-31.318443],[148.887205,-31.318498],[148.887087,-31.319047],[148.885531,-31.31955],[148.885166,-31.319821],[148.884688,-31.319781],[148.884198,-31.32032],[148.883796,-31.320347],[148.883392,-31.320545],[148.883113,-31.320517],[148.882398,-31.321235],[148.882479,-31.321584],[148.882198,-31.32203],[148.882366,-31.322697],[148.88236,-31.323271],[148.881994,-31.323515],[148.882001,-31.323861],[148.882172,-31.324357],[148.88206,-31.324614],[148.881363,-31.325024],[148.881194,-31.325228],[148.880884,-31.326407],[148.881154,-31.326855],[148.88111,-31.327403],[148.880909,-31.327852],[148.881212,-31.32814],[148.881201,-31.328512],[148.88157,-31.328703],[148.881998,-31.328754],[148.882429,-31.32862],[148.882715,-31.328387],[148.88309,-31.328259],[148.883434,-31.328419],[148.883656,-31.328665],[148.883863,-31.329725],[148.884281,-31.330138],[148.885172,-31.330709],[148.886501,-31.330932],[148.887776,-31.331508],[148.890202,-31.330902],[148.890829,-31.33095],[148.891023,-31.331378],[148.890917,-31.331905],[148.890946,-31.33241],[148.891346,-31.333158],[148.892888,-31.3329],[148.893313,-31.332527],[148.893367,-31.331256],[148.891967,-31.329455],[148.890678,-31.329369],[148.887286,-31.329422],[148.886105,-31.328893],[148.882823,-31.325424],[148.882941,-31.32377],[148.883152,-31.322016],[148.883479,-31.321258],[148.884661,-31.320372],[148.886964,-31.319322],[148.88896,-31.319062],[148.89155,-31.318924],[148.893542,-31.318484],[148.893911,-31.317938],[148.893436,-31.317078],[148.892808,-31.316253],[148.892057,-31.314956],[148.891158,-31.313906],[148.891628,-31.313588],[148.893234,-31.312941],[148.895062,-31.312847],[148.896089,-31.313649],[148.897354,-31.314906],[148.897479,-31.316311],[148.897134,-31.317135],[148.898767,-31.317715],[148.900223,-31.318068],[148.901145,-31.31843],[148.902187,-31.31812],[148.903151,-31.318612],[148.90367,-31.319716],[148.903709,-31.320648],[148.903917,-31.32148],[148.904732,-31.322187],[148.904573,-31.322762],[148.904361,-31.325351],[148.904117,-31.326418],[148.90404,-31.328187],[148.904293,-31.329312],[148.905338,-31.330065],[148.906764,-31.330795],[148.908243,-31.331312],[148.910803,-31.331582],[148.911756,-31.332467],[148.911668,-31.334563],[148.912353,-31.336287],[148.912841,-31.336836],[148.913924,-31.337555],[148.915171,-31.338682],[148.916785,-31.338634],[148.920963,-31.337151],[148.921913,-31.337806],[148.920906,-31.339537],[148.921081,-31.34085],[148.921858,-31.341106],[148.921612,-31.341415],[148.922897,-31.342143],[148.924121,-31.342313],[148.924875,-31.342264],[148.925464,-31.342419],[148.9258,-31.342771],[148.926298,-31.342783],[148.927274,-31.342312],[148.927613,-31.342833],[148.928035,-31.342592],[148.927937,-31.342363],[148.927029,-31.341607],[148.926966,-31.341185],[148.927122,-31.340797],[148.927929,-31.340381],[148.928318,-31.34037],[148.928578,-31.340531],[148.928777,-31.340862],[148.929149,-31.341138],[148.930271,-31.341689],[148.930295,-31.342037],[148.930803,-31.342518],[148.932843,-31.343271],[148.933226,-31.343524],[148.933733,-31.3437],[148.933404,-31.34417],[148.934423,-31.343971],[148.934787,-31.344092],[148.93476,-31.344361],[148.934356,-31.3447],[148.933671,-31.345739],[148.933341,-31.346717],[148.933393,-31.347115],[148.933333,-31.347666],[148.933175,-31.347978],[148.932812,-31.348162],[148.932365,-31.348268],[148.932163,-31.348266],[148.931928,-31.348002],[148.931157,-31.34806],[148.93049,-31.347586],[148.930266,-31.347317],[148.929845,-31.347361],[148.929537,-31.347281],[148.929351,-31.346735],[148.930327,-31.346292],[148.930288,-31.345973],[148.930047,-31.345686],[148.92975,-31.345589],[148.929243,-31.345736],[148.928281,-31.345368],[148.927898,-31.345438],[148.927528,-31.346131],[148.928106,-31.346985],[148.928093,-31.349316],[148.927463,-31.349974],[148.927532,-31.350426],[148.92784,-31.350735],[148.929058,-31.350709],[148.929779,-31.350623],[148.93023,-31.350461],[148.930327,-31.350245],[148.930244,-31.350023],[148.929795,-31.349807],[148.929778,-31.349438],[148.929892,-31.349376],[148.930208,-31.349396],[148.930574,-31.349609],[148.931014,-31.349642],[148.931202,-31.3495],[148.932388,-31.349959],[148.932551,-31.350207],[148.932712,-31.350173],[148.93274,-31.350403],[148.932911,-31.350369],[148.933376,-31.350036],[148.933021,-31.349854],[148.93315,-31.349602],[148.93336,-31.349475],[148.933392,-31.349216],[148.933483,-31.349112],[148.933561,-31.349106],[148.933679,-31.349399],[148.933797,-31.349322],[148.93409,-31.349333],[148.934335,-31.349119],[148.934664,-31.349316],[148.934782,-31.349223],[148.934838,-31.349016],[148.935246,-31.348799],[148.935179,-31.348684],[148.935353,-31.348562],[148.936034,-31.348779],[148.9361,-31.348861],[148.935783,-31.348973],[148.93577,-31.349037],[148.935488,-31.349069],[148.935654,-31.349258],[148.936117,-31.349247],[148.936411,-31.349111],[148.936666,-31.349131],[148.937099,-31.348993],[148.937364,-31.349479],[148.937553,-31.34942],[148.938036,-31.349504],[148.938727,-31.349287],[148.938834,-31.348852],[148.938823,-31.348562],[148.938743,-31.348471],[148.938342,-31.348378],[148.938353,-31.348239],[148.938162,-31.347955],[148.938383,-31.347868],[148.938561,-31.347993],[148.938663,-31.347956],[148.938618,-31.347817],[148.938814,-31.347679],[148.938934,-31.347848],[148.939085,-31.347786],[148.939471,-31.348063],[148.93978,-31.347975],[148.940136,-31.348156],[148.940321,-31.348141],[148.941321,-31.347673],[148.941857,-31.346909],[148.942287,-31.346445],[148.942265,-31.346008],[148.943165,-31.345172],[148.94366,-31.344226],[148.943665,-31.344043],[148.943477,-31.34368],[148.943247,-31.343524],[148.943036,-31.343181],[148.942424,-31.342721],[148.942102,-31.341931],[148.942506,-31.340871],[148.942858,-31.340376],[148.943149,-31.338559],[148.943618,-31.33815],[148.944176,-31.337807],[148.944396,-31.33743],[148.94401,-31.336786],[148.943777,-31.336584],[148.943722,-31.336363],[148.943954,-31.336103],[148.943909,-31.335076],[148.942553,-31.334584],[148.943326,-31.334382],[148.943632,-31.334157],[148.943788,-31.334144],[148.94398,-31.334187],[148.944192,-31.334636],[148.943879,-31.33481],[148.944078,-31.334879],[148.944428,-31.334771],[148.94476,-31.334617],[148.944976,-31.334372],[148.945754,-31.333242],[148.94611,-31.333077],[148.946356,-31.33312],[148.94697,-31.333639],[148.946985,-31.333757],[148.946801,-31.334109],[148.946807,-31.334427],[148.947099,-31.334966],[148.947303,-31.335579],[148.948341,-31.336015],[148.948668,-31.336503],[148.948773,-31.336968],[148.948993,-31.33718],[148.949076,-31.337734],[148.949354,-31.337868],[148.949898,-31.337854],[148.950234,-31.338209],[148.950809,-31.339129],[148.951081,-31.338971],[148.951482,-31.339278],[148.951708,-31.33951],[148.952098,-31.340182],[148.952094,-31.340285],[148.951552,-31.340955],[148.95133,-31.341497],[148.950902,-31.341884],[148.951154,-31.342804],[148.951884,-31.343408],[148.951964,-31.34411],[148.95254,-31.344789],[148.952446,-31.34571],[148.952019,-31.347328],[148.951981,-31.348098],[148.951864,-31.348223],[148.951587,-31.348145],[148.951373,-31.3482],[148.950675,-31.348585],[148.94971,-31.349318],[148.948873,-31.350209],[148.947581,-31.351963],[148.948023,-31.352516],[148.948343,-31.353255],[148.949579,-31.354863],[148.949307,-31.355334],[148.950636,-31.355951],[148.950655,-31.356294],[148.949929,-31.356198],[148.949087,-31.356821],[148.948932,-31.356839],[148.948101,-31.356579],[148.947818,-31.356794],[148.947448,-31.356512],[148.946397,-31.356595],[148.946023,-31.356452],[148.945792,-31.356866],[148.945545,-31.356783],[148.944709,-31.357432],[148.94459,-31.357418],[148.944372,-31.357026],[148.944283,-31.357079],[148.944371,-31.357534],[148.94409,-31.357836],[148.943854,-31.357696],[148.943951,-31.357484],[148.943562,-31.357177],[148.943228,-31.357239],[148.942641,-31.35717],[148.942327,-31.357919],[148.940846,-31.358332],[148.941211,-31.358932],[148.941807,-31.35924],[148.941699,-31.359773],[148.940757,-31.359467],[148.939364,-31.35925],[148.937424,-31.358633],[148.936329,-31.358663],[148.934399,-31.35778],[148.934226,-31.357851],[148.934994,-31.358935],[148.935168,-31.35928],[148.935182,-31.359572],[148.935346,-31.359821],[148.935917,-31.360215],[148.936301,-31.36074],[148.936555,-31.361178],[148.936808,-31.36191],[148.936986,-31.362077],[148.937359,-31.362841],[148.937382,-31.363167],[148.937024,-31.365065],[148.93691,-31.366108],[148.936312,-31.367077],[148.935675,-31.367761],[148.93551,-31.367838],[148.935224,-31.367808],[148.93503,-31.367662],[148.934776,-31.367631],[148.933735,-31.36794],[148.933563,-31.368058],[148.933293,-31.368457],[148.933354,-31.36911],[148.933059,-31.3694],[148.932539,-31.369571],[148.932336,-31.369738],[148.93215,-31.369986],[148.931936,-31.370772],[148.932089,-31.371273],[148.932642,-31.371898],[148.932533,-31.372424],[148.932647,-31.372926],[148.933866,-31.374344],[148.934155,-31.374898],[148.934285,-31.375406],[148.934589,-31.37596],[148.934649,-31.376156],[148.934493,-31.376696],[148.934945,-31.37897],[148.935704,-31.379612],[148.935933,-31.379942],[148.936021,-31.380751],[148.936221,-31.381252],[148.936931,-31.38182],[148.937541,-31.382525],[148.938617,-31.382386],[148.940911,-31.38357],[148.943905,-31.383682],[148.944348,-31.384022],[148.945001,-31.384128],[148.94552,-31.383882],[148.945965,-31.383916],[148.946362,-31.383542],[148.946711,-31.38353],[148.948469,-31.38221],[148.951286,-31.381091],[148.9529,-31.37929],[148.953264,-31.379244],[148.954995,-31.378155],[148.955881,-31.378033],[148.957024,-31.378084],[148.95802,-31.378266],[148.958321,-31.378227],[148.958665,-31.378392],[148.959454,-31.378557],[148.959721,-31.378791],[148.960788,-31.379347],[148.961607,-31.379457],[148.962062,-31.379611],[148.964639,-31.379872],[148.965491,-31.38016],[148.965628,-31.380315],[148.965646,-31.380484],[148.965462,-31.380777],[148.965411,-31.381044],[148.965976,-31.381742],[148.966181,-31.382114],[148.966499,-31.382435],[148.966626,-31.38311],[148.966581,-31.383322],[148.966291,-31.383574],[148.967144,-31.383591],[148.967733,-31.383473],[148.968172,-31.383248],[148.968523,-31.38288],[148.969339,-31.382492],[148.970136,-31.382521],[148.970674,-31.382331],[148.972148,-31.381111],[148.972594,-31.380886],[148.973397,-31.380909],[148.973912,-31.380629],[148.974346,-31.380495],[148.974551,-31.380509],[148.974968,-31.380267],[148.975591,-31.380384],[148.975968,-31.380245],[148.976238,-31.380017],[148.976478,-31.380055],[148.977467,-31.380498],[148.978395,-31.380719],[148.979555,-31.380634],[148.980139,-31.380274],[148.980717,-31.380301],[148.981329,-31.379602],[148.98156,-31.379519],[148.98216,-31.379588],[148.983992,-31.380882],[148.984059,-31.381672],[148.984353,-31.381915],[148.98513,-31.381993],[148.987359,-31.382773],[148.987579,-31.383144],[148.987989,-31.383548],[148.98865,-31.38445],[148.988773,-31.385524],[148.988935,-31.385848],[148.988788,-31.386207],[148.988725,-31.387157],[148.989317,-31.387183],[148.989244,-31.387654],[148.989,-31.388138],[148.989311,-31.388572],[148.989554,-31.388662],[148.989409,-31.388841],[148.989417,-31.38922],[148.989336,-31.389337],[148.988887,-31.3896],[148.988601,-31.389923],[148.988146,-31.38996],[148.98772,-31.389877],[148.98751,-31.390259],[148.987346,-31.390378],[148.987218,-31.390744],[148.987793,-31.391054],[148.987702,-31.391903],[148.987529,-31.392442],[148.987536,-31.393377],[148.987693,-31.393764],[148.987774,-31.394506],[148.988464,-31.395265],[148.988662,-31.395948],[148.989264,-31.396276],[148.989792,-31.397045],[148.990094,-31.397247],[148.990265,-31.397278],[148.991589,-31.396803],[148.992767,-31.39707],[148.993335,-31.398483],[148.993522,-31.398623],[148.99378,-31.398638],[148.993959,-31.398609],[148.994031,-31.398506],[148.994258,-31.398499],[148.994719,-31.398976],[148.994694,-31.399261],[148.994443,-31.399397],[148.994579,-31.399796],[148.994725,-31.399906],[148.995516,-31.39962],[148.996518,-31.399466],[148.996462,-31.399088],[148.997205,-31.398618],[148.997406,-31.398818],[148.997796,-31.398838],[148.999266,-31.399273],[148.999808,-31.399652],[149.000699,-31.400673],[149.001133,-31.400631],[149.001653,-31.400419],[149.002815,-31.400302],[149.003107,-31.400136],[149.00358,-31.400044],[149.003803,-31.400089],[149.004403,-31.40091],[149.004603,-31.401069],[149.005307,-31.401023],[149.006863,-31.400548],[149.006381,-31.401372],[149.006203,-31.403414],[149.006088,-31.403803],[149.006251,-31.404933],[149.005643,-31.407165],[149.005818,-31.408091],[149.005732,-31.409056],[149.005978,-31.409798],[149.006493,-31.410486],[149.006444,-31.410902],[149.006315,-31.411017],[149.00612,-31.411491],[149.006197,-31.411638],[149.006998,-31.412286],[149.007469,-31.41242],[149.008187,-31.413407],[149.009086,-31.41442],[149.009713,-31.414966],[149.009529,-31.415954],[149.009713,-31.416134],[149.009662,-31.41643],[149.009918,-31.416482],[149.010143,-31.416647],[149.012709,-31.417733],[149.012978,-31.417679],[149.013906,-31.416954],[149.014496,-31.416931],[149.014786,-31.417074],[149.014892,-31.417445],[149.01544,-31.417331],[149.015944,-31.417499],[149.016701,-31.417993],[149.017638,-31.418872],[149.01775,-31.419496],[149.018263,-31.419706],[149.018617,-31.420165],[149.018937,-31.420139],[149.019141,-31.420473],[149.019591,-31.420825],[149.020179,-31.421069],[149.02163,-31.4222],[149.022291,-31.422414],[149.022913,-31.423101],[149.023765,-31.423439],[149.024822,-31.424161],[149.025094,-31.424945],[149.025515,-31.425451],[149.025703,-31.426187],[149.02578,-31.427128],[149.026155,-31.427756],[149.027055,-31.428016],[149.027737,-31.42581],[149.027661,-31.424939],[149.027749,-31.424459],[149.027499,-31.423887],[149.026986,-31.423698],[149.026852,-31.423925],[149.026566,-31.423986],[149.026202,-31.423844],[149.025927,-31.423271],[149.025633,-31.422959],[149.02398,-31.422352],[149.023775,-31.421976],[149.023367,-31.421687],[149.023485,-31.421101],[149.022649,-31.420735],[149.022338,-31.420416],[149.022593,-31.419652],[149.023272,-31.419599],[149.023874,-31.420124],[149.024213,-31.419866],[149.024455,-31.419285],[149.024356,-31.418865],[149.023663,-31.418313],[149.023192,-31.41851],[149.019729,-31.417285],[149.018992,-31.41584],[149.018195,-31.415761],[149.017957,-31.41512],[149.018324,-31.414645],[149.018496,-31.414229],[149.018446,-31.413522],[149.018314,-31.41307],[149.017937,-31.412568],[149.017546,-31.412245],[149.016502,-31.412361],[149.016203,-31.41251],[149.015785,-31.412512],[149.015423,-31.412737],[149.015082,-31.412797],[149.015101,-31.412617],[149.014964,-31.412475],[149.014668,-31.41249],[149.014538,-31.412651],[149.014746,-31.412877],[149.014309,-31.413078],[149.014184,-31.412961],[149.014122,-31.413032],[149.013935,-31.412995],[149.013608,-31.413174],[149.013527,-31.412941],[149.013317,-31.412905],[149.013246,-31.413389],[149.012906,-31.413529],[149.012852,-31.413725],[149.012941,-31.413823],[149.012852,-31.413984],[149.012489,-31.41388],[149.012604,-31.413808],[149.012356,-31.413628],[149.012766,-31.413516],[149.01282,-31.413301],[149.012764,-31.413138],[149.012556,-31.412917],[149.012232,-31.412732],[149.011551,-31.412693],[149.011794,-31.41236],[149.012462,-31.412335],[149.01257,-31.412199],[149.01272,-31.412191],[149.012631,-31.412357],[149.012619,-31.412631],[149.012813,-31.412713],[149.01331,-31.412561],[149.013352,-31.412386],[149.014349,-31.412225],[149.014829,-31.411869],[149.014833,-31.411744],[149.014671,-31.411547],[149.014212,-31.411814],[149.013711,-31.411757],[149.014183,-31.41153],[149.014686,-31.411422],[149.014273,-31.411389],[149.014172,-31.411286],[149.014506,-31.411171],[149.014384,-31.410899],[149.015321,-31.41064],[149.015362,-31.410425],[149.015652,-31.410375],[149.015627,-31.410022],[149.016287,-31.409877],[149.016079,-31.409401],[149.015806,-31.409137],[149.015297,-31.409249],[149.015486,-31.408872],[149.015681,-31.40873],[149.015829,-31.408314],[149.015622,-31.407883],[149.015791,-31.407083],[149.015669,-31.406556],[149.016257,-31.406029],[149.016546,-31.406243],[149.016864,-31.405904],[149.016969,-31.405634],[149.016942,-31.405455],[149.01661,-31.40544],[149.017191,-31.404608],[149.017286,-31.404681],[149.017594,-31.404682],[149.017655,-31.404546],[149.017967,-31.404476],[149.01894,-31.404571],[149.018881,-31.404801],[149.019084,-31.405067],[149.019281,-31.405049],[149.019399,-31.405127],[149.019692,-31.405486],[149.019805,-31.405345],[149.020197,-31.405742],[149.020781,-31.405613],[149.021117,-31.405289],[149.021228,-31.405043],[149.022266,-31.405196],[149.02233,-31.405464],[149.023016,-31.405453],[149.023467,-31.405636],[149.023495,-31.40583],[149.024681,-31.406693],[149.02505,-31.406787],[149.025213,-31.407338],[149.025547,-31.407507],[149.025931,-31.407516],[149.026294,-31.407346],[149.026324,-31.407141],[149.026485,-31.407024],[149.026728,-31.406995],[149.026828,-31.40651],[149.026641,-31.406204],[149.027134,-31.4064],[149.027463,-31.406315],[149.027382,-31.406048],[149.02763,-31.406238],[149.027764,-31.406236],[149.027935,-31.406089],[149.028493,-31.40611],[149.028671,-31.406237],[149.029079,-31.406315],[149.029239,-31.406193],[149.029664,-31.406196],[149.030445,-31.406338],[149.030533,-31.406611],[149.030404,-31.406837],[149.030491,-31.40712],[149.030443,-31.40732],[149.030205,-31.407583],[149.030481,-31.408003],[149.030771,-31.407948],[149.030773,-31.408332],[149.031187,-31.408669],[149.031328,-31.408996],[149.031694,-31.409264],[149.031893,-31.409575],[149.031687,-31.410017],[149.031982,-31.41076],[149.031928,-31.411225],[149.032106,-31.411367],[149.032034,-31.411547],[149.032866,-31.411858],[149.032857,-31.411978],[149.033071,-31.412184],[149.033164,-31.412447],[149.033056,-31.412568],[149.033078,-31.412802],[149.033213,-31.412865],[149.03331,-31.412778],[149.03331,-31.412469],[149.033407,-31.412403],[149.033484,-31.412467],[149.033496,-31.412755],[149.034106,-31.412756],[149.034259,-31.412838],[149.034304,-31.413022],[149.03422,-31.413173],[149.033931,-31.412968],[149.033709,-31.412927],[149.03345,-31.41307],[149.033498,-31.413408],[149.03358,-31.413427],[149.033421,-31.413843],[149.033189,-31.413902],[149.032961,-31.413846],[149.032969,-31.41393],[149.033192,-31.414022],[149.034326,-31.414866],[149.034447,-31.414814],[149.033923,-31.414508],[149.034176,-31.414365],[149.034046,-31.414252],[149.034387,-31.413923],[149.034658,-31.413809],[149.035064,-31.414057],[149.035456,-31.414175],[149.035663,-31.414331],[149.035821,-31.414653],[149.036102,-31.414972],[149.036213,-31.41527],[149.03614,-31.4154],[149.037358,-31.416301],[149.037834,-31.416386],[149.037799,-31.416105],[149.038063,-31.415404],[149.037579,-31.414971],[149.037377,-31.414945],[149.037019,-31.414648],[149.036429,-31.41386],[149.036166,-31.413948],[149.035838,-31.413693],[149.035615,-31.413781],[149.03559,-31.413559],[149.035916,-31.413469],[149.035587,-31.41295],[149.035419,-31.413129],[149.035109,-31.412798],[149.035042,-31.4129],[149.034678,-31.413002],[149.034613,-31.412751],[149.034836,-31.412647],[149.034712,-31.412347],[149.034814,-31.412286],[149.034453,-31.411679],[149.03412,-31.411449],[149.034016,-31.411594],[149.033558,-31.411013],[149.034164,-31.410739],[149.034293,-31.410817],[149.03429,-31.411144],[149.03445,-31.411322],[149.034747,-31.411469],[149.034769,-31.411133],[149.035101,-31.41132],[149.035203,-31.41194],[149.035401,-31.412063],[149.035778,-31.41204],[149.035994,-31.412767],[149.036458,-31.412953],[149.036695,-31.41326],[149.037527,-31.413956],[149.037737,-31.414599],[149.037907,-31.414764],[149.038172,-31.414781],[149.038839,-31.415551],[149.039773,-31.415918],[149.039735,-31.41644],[149.039955,-31.416889],[149.040242,-31.417023],[149.040411,-31.416677],[149.042229,-31.417907],[149.043668,-31.417674],[149.042932,-31.416699],[149.042639,-31.416049],[149.042126,-31.415873],[149.041952,-31.415304],[149.041951,-31.415032],[149.04174,-31.414779],[149.041573,-31.414765],[149.04128,-31.414564],[149.04098,-31.413792],[149.040763,-31.413951],[149.039784,-31.412623],[149.039851,-31.41229],[149.039723,-31.41225],[149.039597,-31.412311],[149.03959,-31.412454],[149.039455,-31.412313],[149.039696,-31.411944],[149.039716,-31.411255],[149.039249,-31.411183],[149.039128,-31.411244],[149.03936,-31.411568],[149.039255,-31.411678],[149.039062,-31.411581],[149.038939,-31.411322],[149.03871,-31.411158],[149.038112,-31.41113],[149.038102,-31.411323],[149.03792,-31.411083],[149.037753,-31.411035],[149.037514,-31.410602],[149.037075,-31.41045],[149.036299,-31.409685],[149.035683,-31.409477],[149.036183,-31.409507],[149.036579,-31.409693],[149.036671,-31.409671],[149.036059,-31.409198],[149.035909,-31.40928],[149.035208,-31.409241],[149.034866,-31.409469],[149.034374,-31.409157],[149.034188,-31.408921],[149.034005,-31.408374],[149.034523,-31.408122],[149.033934,-31.408048],[149.033755,-31.407929],[149.033677,-31.407682],[149.033696,-31.406763],[149.034127,-31.406567],[149.034601,-31.40653],[149.035269,-31.40662],[149.035396,-31.40682],[149.035706,-31.406706],[149.036152,-31.406724],[149.036376,-31.406905],[149.036427,-31.40674],[149.037527,-31.406899],[149.037587,-31.407217],[149.037767,-31.407361],[149.038046,-31.407164],[149.038263,-31.407253],[149.038578,-31.407537],[149.039069,-31.407362],[149.039079,-31.407634],[149.03932,-31.407668],[149.039377,-31.40784],[149.039008,-31.407971],[149.039166,-31.408464],[149.039114,-31.408566],[149.03852,-31.408726],[149.038518,-31.408831],[149.038819,-31.408961],[149.038756,-31.409197],[149.039133,-31.409422],[149.039134,-31.409691],[149.039573,-31.409868],[149.039361,-31.410468],[149.039468,-31.410437],[149.039596,-31.410241],[149.04027,-31.409949],[149.040337,-31.409655],[149.040485,-31.409484],[149.040815,-31.409336],[149.041178,-31.408953],[149.041359,-31.408912],[149.041656,-31.409323],[149.042044,-31.409623],[149.042341,-31.409547],[149.042408,-31.409706],[149.042763,-31.409335],[149.042842,-31.40938],[149.043404,-31.410223],[149.043042,-31.410493],[149.043104,-31.410626],[149.043303,-31.410552],[149.043436,-31.410613],[149.043525,-31.410846],[149.043458,-31.410927],[149.043781,-31.41114],[149.043693,-31.411364],[149.043492,-31.41138],[149.0435,-31.411502],[149.043669,-31.411637],[149.044452,-31.412771],[149.044627,-31.412911],[149.045205,-31.412944],[149.045096,-31.413126],[149.045172,-31.413209],[149.04501,-31.413182],[149.044647,-31.413389],[149.044754,-31.413572],[149.04461,-31.413705],[149.044815,-31.413894],[149.044894,-31.414187],[149.045035,-31.414122],[149.045065,-31.414377],[149.045316,-31.414667],[149.045754,-31.414786],[149.046277,-31.414518],[149.046392,-31.414612],[149.046303,-31.414824],[149.046431,-31.415065],[149.046596,-31.415218],[149.047112,-31.415314],[149.047178,-31.415431],[149.047027,-31.415475],[149.046765,-31.415362],[149.04653,-31.415362],[149.046368,-31.41554],[149.046224,-31.415471],[149.046224,-31.415702],[149.046067,-31.41568],[149.046012,-31.415861],[149.046019,-31.416159],[149.046187,-31.416249],[149.047102,-31.416234],[149.047267,-31.416135],[149.04702,-31.415597],[149.047241,-31.415623],[149.047709,-31.416199],[149.047575,-31.416382],[149.047597,-31.416465],[149.047759,-31.41648],[149.047649,-31.416632],[149.047765,-31.416782],[149.047603,-31.416961],[149.047649,-31.417283],[149.047772,-31.417298],[149.047863,-31.417208],[149.048038,-31.41739],[149.047941,-31.417421],[149.048023,-31.417617],[149.048367,-31.417435],[149.048418,-31.417531],[149.048326,-31.417591],[149.048525,-31.417714],[149.048486,-31.417282],[149.048369,-31.416852],[149.048224,-31.416732],[149.048226,-31.416577],[149.048313,-31.416517],[149.048342,-31.41673],[149.04841,-31.416696],[149.04857,-31.416853],[149.048675,-31.416767],[149.048853,-31.417054],[149.049038,-31.417005],[149.048882,-31.416579],[149.049304,-31.416656],[149.049134,-31.416248],[149.049228,-31.416053],[149.048695,-31.416112],[149.048207,-31.416372],[149.048143,-31.416129],[149.047835,-31.416176],[149.047818,-31.416038],[149.048003,-31.415989],[149.048001,-31.415905],[149.047808,-31.415597],[149.04763,-31.415529],[149.047659,-31.415285],[149.047848,-31.415181],[149.048089,-31.415232],[149.04804,-31.414792],[149.047827,-31.414883],[149.048019,-31.414271],[149.048103,-31.414098],[149.048407,-31.413854],[149.048972,-31.412602],[149.049384,-31.412188],[149.049381,-31.412071],[149.049353,-31.411924],[149.048554,-31.412076],[149.047954,-31.411943],[149.0481,-31.411709],[149.047833,-31.411344],[149.047992,-31.411228],[149.048535,-31.410968],[149.048832,-31.410917],[149.048904,-31.411059],[149.049057,-31.410926],[149.049018,-31.411372],[149.050202,-31.411554],[149.051586,-31.411037],[149.051946,-31.411199],[149.051841,-31.411297],[149.051621,-31.411317],[149.051503,-31.411521],[149.051532,-31.411705],[149.05185,-31.411738],[149.051866,-31.412233],[149.052,-31.412289],[149.052164,-31.412639],[149.052303,-31.412755],[149.052818,-31.412793],[149.05277,-31.412852],[149.053042,-31.412936],[149.052978,-31.41318],[149.053245,-31.413953],[149.053589,-31.414258],[149.053838,-31.414229],[149.054002,-31.414344],[149.054281,-31.414314],[149.054408,-31.414081],[149.054573,-31.414053],[149.053485,-31.413055],[149.054459,-31.413278],[149.054609,-31.413192],[149.054894,-31.41328],[149.054976,-31.413425],[149.055114,-31.413465],[149.054725,-31.412905],[149.055114,-31.413234],[149.055243,-31.413098],[149.055082,-31.412886],[149.055032,-31.412652],[149.055679,-31.413347],[149.055984,-31.41343],[149.056047,-31.41337],[149.055991,-31.413304],[149.056313,-31.413236],[149.056355,-31.412937],[149.05541,-31.412264],[149.055369,-31.412078],[149.055569,-31.412101],[149.05517,-31.411771],[149.054252,-31.411429],[149.05409,-31.410905],[149.053907,-31.41083],[149.053936,-31.410762],[149.054087,-31.410765],[149.0546,-31.411083],[149.055044,-31.410998],[149.055257,-31.411082],[149.055249,-31.410979],[149.054655,-31.410833],[149.054573,-31.410669],[149.05468,-31.41059],[149.054939,-31.410607],[149.054726,-31.410522],[149.054711,-31.410372],[149.054519,-31.410127],[149.054554,-31.41008],[149.054654,-31.410234],[149.054928,-31.410353],[149.054778,-31.410097],[149.052468,-31.40895],[149.052082,-31.408962],[149.051648,-31.4087],[149.049673,-31.408504],[149.049664,-31.408385],[149.048812,-31.408285],[149.049007,-31.408091],[149.049328,-31.408168],[149.049479,-31.407912],[149.049329,-31.407656],[149.048827,-31.407297],[149.048484,-31.407334],[149.048708,-31.407092],[149.049284,-31.40698],[149.049497,-31.406801],[149.049559,-31.406887],[149.049678,-31.406782],[149.049729,-31.406911],[149.049995,-31.406948],[149.05005,-31.406719],[149.050279,-31.406721],[149.050205,-31.40717],[149.050217,-31.408384],[149.051292,-31.408475],[149.052129,-31.40832],[149.052599,-31.408326],[149.053953,-31.407932],[149.054372,-31.407965],[149.054491,-31.407188],[149.054437,-31.407121],[149.054668,-31.407058],[149.055372,-31.407124],[149.055576,-31.407029],[149.055656,-31.406829],[149.055306,-31.40678],[149.055356,-31.406648],[149.055791,-31.406745],[149.056283,-31.406741],[149.057419,-31.406976],[149.057851,-31.40715],[149.057726,-31.407211],[149.057212,-31.407174],[149.057236,-31.407282],[149.056086,-31.407393],[149.055992,-31.40743],[149.055988,-31.407707],[149.055698,-31.407753],[149.056249,-31.407798],[149.056483,-31.408315],[149.056344,-31.40849],[149.056443,-31.40866],[149.056269,-31.408668],[149.056348,-31.408879],[149.056879,-31.409006],[149.056971,-31.409308],[149.056072,-31.409314],[149.055983,-31.409561],[149.055684,-31.40967],[149.055806,-31.410144],[149.055861,-31.410229],[149.055959,-31.41015],[149.05601,-31.410258],[149.055941,-31.410509],[149.056528,-31.410503],[149.056306,-31.410299],[149.05669,-31.410197],[149.057083,-31.410517],[149.058247,-31.410365],[149.058717,-31.410561],[149.058933,-31.410558],[149.060012,-31.41034],[149.060508,-31.410767],[149.060888,-31.410978],[149.061019,-31.41093],[149.061054,-31.410853],[149.060833,-31.410653],[149.060877,-31.410507],[149.061091,-31.410598],[149.061378,-31.410217],[149.061486,-31.409187],[149.061392,-31.408984],[149.060922,-31.408806],[149.060866,-31.409329],[149.060739,-31.40958],[149.059659,-31.409494],[149.059938,-31.409417],[149.060331,-31.409052],[149.060299,-31.408799],[149.060097,-31.408535],[149.060249,-31.408482],[149.060272,-31.408328],[149.060082,-31.408086],[149.060451,-31.408085],[149.060417,-31.407977],[149.060936,-31.408022],[149.061188,-31.407963],[149.061238,-31.407822],[149.061058,-31.40758],[149.061656,-31.407394],[149.061653,-31.407258],[149.061432,-31.407311],[149.061311,-31.40686],[149.06111,-31.406854],[149.061091,-31.406728],[149.061903,-31.406628],[149.06253,-31.406794],[149.062681,-31.40671],[149.062399,-31.40661],[149.062752,-31.406546],[149.062886,-31.40643],[149.062815,-31.405837],[149.063058,-31.404641],[149.062745,-31.404251],[149.062737,-31.404104],[149.062944,-31.403896],[149.062788,-31.403759],[149.06274,-31.403582],[149.062945,-31.403506],[149.063076,-31.403127],[149.063121,-31.402442],[149.062957,-31.402184],[149.062827,-31.402364],[149.062404,-31.402219],[149.062403,-31.401947],[149.06289,-31.401657],[149.063653,-31.401435],[149.064194,-31.401672],[149.064486,-31.401651],[149.064696,-31.401496],[149.065171,-31.401336],[149.065436,-31.401347],[149.065888,-31.401596],[149.066334,-31.401597],[149.066489,-31.401693],[149.067087,-31.401662],[149.067729,-31.401381],[149.06763,-31.401002],[149.067854,-31.400413],[149.067753,-31.400085],[149.067974,-31.399822],[149.068262,-31.39986],[149.068485,-31.399795],[149.068619,-31.399412],[149.070209,-31.399564],[149.070533,-31.39948],[149.070221,-31.399277],[149.071125,-31.398793],[149.071731,-31.399175],[149.072251,-31.399112],[149.072525,-31.399412],[149.072113,-31.399725],[149.072597,-31.400327],[149.073508,-31.399625],[149.072437,-31.398912],[149.072535,-31.397112],[149.071728,-31.397376],[149.07155,-31.396834],[149.071654,-31.395295],[149.071733,-31.394836],[149.073301,-31.394515],[149.073268,-31.394156],[149.073921,-31.394395],[149.074028,-31.394612],[149.074414,-31.394801],[149.075067,-31.395019],[149.075255,-31.395452],[149.075663,-31.395532],[149.075683,-31.395292],[149.075472,-31.394947],[149.075239,-31.394787],[149.075353,-31.394731],[149.076751,-31.395317],[149.078214,-31.395336],[149.078282,-31.395531],[149.078685,-31.395404],[149.078625,-31.395013],[149.079653,-31.39493],[149.080013,-31.395098],[149.080969,-31.395769],[149.080899,-31.396032],[149.080584,-31.396157],[149.08053,-31.396583],[149.080943,-31.396859],[149.081112,-31.397543],[149.082119,-31.397134],[149.082398,-31.397118],[149.082909,-31.397774],[149.083137,-31.397738],[149.083221,-31.397529],[149.083531,-31.397186],[149.083231,-31.396864],[149.083646,-31.396661],[149.08299,-31.396323],[149.082907,-31.396041],[149.083122,-31.395972],[149.084068,-31.396217],[149.084881,-31.396225],[149.085086,-31.395742],[149.084648,-31.395499],[149.084176,-31.395387],[149.083745,-31.394914],[149.084009,-31.394256],[149.083905,-31.394127],[149.08282,-31.393927],[149.082996,-31.393837],[149.083212,-31.393844],[149.083549,-31.393588],[149.083708,-31.393312],[149.083188,-31.39282],[149.083025,-31.392354],[149.083067,-31.391982],[149.08339,-31.39165],[149.084532,-31.391517],[149.08563,-31.391502],[149.086524,-31.39167],[149.087223,-31.391944],[149.088315,-31.391912],[149.088764,-31.391752],[149.089045,-31.391502],[149.089083,-31.390474],[149.089947,-31.38979],[149.090657,-31.388299],[149.090791,-31.387149],[149.088682,-31.385761],[149.086962,-31.385871],[149.086167,-31.386157],[149.085753,-31.386039],[149.085431,-31.386295],[149.084903,-31.385759],[149.084664,-31.385339],[149.084377,-31.38462],[149.084332,-31.384255],[149.082071,-31.38215],[149.080919,-31.381638],[149.07915,-31.38191],[149.078157,-31.382645],[149.078265,-31.383479],[149.0775,-31.383032],[149.07636,-31.38189],[149.075398,-31.381715],[149.07305,-31.379665],[149.072625,-31.379507],[149.072391,-31.37952],[149.072139,-31.37968],[149.071379,-31.379657],[149.070352,-31.379135],[149.069689,-31.37907],[149.068959,-31.378542],[149.067713,-31.378456],[149.06744,-31.378349],[149.066153,-31.377411],[149.066078,-31.377082],[149.06567,-31.376767],[149.065151,-31.376825],[149.064327,-31.376772],[149.061989,-31.376951],[149.062004,-31.374356],[149.063699,-31.373594],[149.064375,-31.374513],[149.06557,-31.374347],[149.065995,-31.373594],[149.065519,-31.372817],[149.063321,-31.371262],[149.063251,-31.370784],[149.062998,-31.370553],[149.062949,-31.370309],[149.063192,-31.370097],[149.063769,-31.369234],[149.063712,-31.36864],[149.063589,-31.368443],[149.06375,-31.367961],[149.06398,-31.367661],[149.063692,-31.367071],[149.062801,-31.365739],[149.062957,-31.365252],[149.06315,-31.365022],[149.063129,-31.364561],[149.062711,-31.364619],[149.062694,-31.363891],[149.062904,-31.363421],[149.063495,-31.362633],[149.063345,-31.362335],[149.063595,-31.362445],[149.06381,-31.362232],[149.064031,-31.36222],[149.064095,-31.362057],[149.064212,-31.362172],[149.064511,-31.362195],[149.064623,-31.361853],[149.065258,-31.361656],[149.065347,-31.361596],[149.065352,-31.361365],[149.065264,-31.361207],[149.065059,-31.361211],[149.064803,-31.361357],[149.064778,-31.361269],[149.06458,-31.361264],[149.064591,-31.361166],[149.064466,-31.361101],[149.063875,-31.360955],[149.063604,-31.360589],[149.063668,-31.360132],[149.063443,-31.359542],[149.063295,-31.359589],[149.06318,-31.359508],[149.062859,-31.359524],[149.062497,-31.359728],[149.062379,-31.359688],[149.062402,-31.359543],[149.06205,-31.359374],[149.061602,-31.358493],[149.061491,-31.358483],[149.061667,-31.358105],[149.061506,-31.35799],[149.061441,-31.357704],[149.061098,-31.357359],[149.061029,-31.356583],[149.060945,-31.356495],[149.060986,-31.356405],[149.061621,-31.356114],[149.062117,-31.356153],[149.062283,-31.356339],[149.062812,-31.356573],[149.063131,-31.356591],[149.06344,-31.356525],[149.063765,-31.356273],[149.064201,-31.356087],[149.064519,-31.356217],[149.064715,-31.356183],[149.06488,-31.356015],[149.064935,-31.355659],[149.064344,-31.355609],[149.064613,-31.355503],[149.06465,-31.355394],[149.064474,-31.355306],[149.06377,-31.355291],[149.063503,-31.354995],[149.063385,-31.354966],[149.062879,-31.355042],[149.062509,-31.355376],[149.062238,-31.355408],[149.06227,-31.35509],[149.062168,-31.354926],[149.061995,-31.354929],[149.061497,-31.355866],[149.060304,-31.355664],[149.060287,-31.355733],[149.060103,-31.355781],[149.058986,-31.355893],[149.058577,-31.35608],[149.0587,-31.356324],[149.058484,-31.35647],[149.058463,-31.3566],[149.058301,-31.356574],[149.058226,-31.356769],[149.058097,-31.356797],[149.058039,-31.35665],[149.057879,-31.356649],[149.057975,-31.356781],[149.057817,-31.356837],[149.057654,-31.357063],[149.056971,-31.357262],[149.056761,-31.357096],[149.056813,-31.356984],[149.056751,-31.356852],[149.056471,-31.356691],[149.056817,-31.356588],[149.056779,-31.356401],[149.056972,-31.356409],[149.056998,-31.356272],[149.05685,-31.356209],[149.056925,-31.356183],[149.056926,-31.356057],[149.057128,-31.356061],[149.057218,-31.35616],[149.057608,-31.356171],[149.057745,-31.356104],[149.057641,-31.356336],[149.057799,-31.356269],[149.057861,-31.356214],[149.057833,-31.35593],[149.058052,-31.35575],[149.05794,-31.355658],[149.058016,-31.355488],[149.057909,-31.355378],[149.058513,-31.355188],[149.058503,-31.355127],[149.0587,-31.355131],[149.058775,-31.355281],[149.058867,-31.355286],[149.059087,-31.355153],[149.059206,-31.354874],[149.058778,-31.354859],[149.059053,-31.35479],[149.058997,-31.354705],[149.059311,-31.354696],[149.059478,-31.354473],[149.059924,-31.354372],[149.060261,-31.354608],[149.060368,-31.353807],[149.059971,-31.353659],[149.059313,-31.354069],[149.058781,-31.354067],[149.058276,-31.353475],[149.057879,-31.353267],[149.057652,-31.353262],[149.057794,-31.353236],[149.057631,-31.353155],[149.057177,-31.353283],[149.056639,-31.353236],[149.056498,-31.353081],[149.056214,-31.353138],[149.056245,-31.352986],[149.056117,-31.352943],[149.055563,-31.353104],[149.055111,-31.352592],[149.054933,-31.351932],[149.054657,-31.351853],[149.05435,-31.351931],[149.054748,-31.351568],[149.054493,-31.351436],[149.054486,-31.351314],[149.054286,-31.351269],[149.054256,-31.351083],[149.054526,-31.35095],[149.055022,-31.351017],[149.055059,-31.350877],[149.054856,-31.350713],[149.054903,-31.350425],[149.054993,-31.350306],[149.055537,-31.350361],[149.055889,-31.350131],[149.056,-31.349561],[149.055793,-31.34947],[149.055511,-31.349546],[149.055497,-31.349763],[149.055351,-31.349765],[149.055173,-31.349969],[149.054847,-31.350121],[149.054368,-31.350162],[149.054158,-31.350106],[149.054224,-31.349687],[149.054047,-31.34969],[149.054018,-31.349533],[149.053794,-31.349396],[149.053554,-31.3494],[149.05385,-31.349096],[149.05402,-31.349056],[149.053856,-31.348782],[149.053993,-31.348714],[149.054121,-31.348766],[149.054219,-31.348634],[149.05424,-31.348428],[149.054055,-31.348382],[149.054006,-31.348177],[149.054207,-31.348097],[149.054426,-31.348278],[149.054682,-31.348138],[149.054689,-31.347916],[149.054541,-31.347783],[149.054869,-31.347734],[149.054851,-31.347533],[149.054695,-31.347324],[149.054812,-31.347192],[149.054854,-31.346983],[149.054791,-31.346836],[149.055095,-31.346774],[149.055343,-31.346524],[149.054918,-31.346291],[149.054419,-31.346311],[149.054428,-31.346094],[149.055436,-31.345974],[149.055605,-31.345777],[149.055798,-31.345774],[149.055955,-31.345937],[149.056008,-31.345644],[149.055646,-31.344977],[149.055485,-31.344882],[149.055083,-31.345066],[149.055001,-31.344976],[149.055114,-31.344677],[149.05545,-31.344534],[149.055261,-31.344144],[149.055347,-31.343834],[149.055534,-31.343568],[149.055464,-31.343409],[149.055099,-31.343158],[149.05469,-31.342731],[149.054251,-31.342459],[149.05337,-31.342348],[149.052965,-31.342383],[149.052596,-31.342538],[149.052369,-31.342491],[149.052175,-31.342157],[149.052114,-31.341221],[149.052608,-31.340745],[149.052525,-31.340603],[149.052194,-31.340677],[149.052259,-31.340002],[149.052055,-31.339817],[149.052205,-31.339689],[149.052155,-31.339524],[149.052252,-31.339431],[149.052319,-31.339459],[149.052475,-31.339559],[149.052464,-31.339673],[149.052612,-31.339722],[149.052848,-31.339581],[149.05297,-31.339693],[149.053042,-31.339921],[149.053268,-31.339928],[149.053545,-31.340078],[149.053838,-31.339982],[149.053843,-31.339762],[149.053548,-31.339363],[149.05357,-31.33922],[149.054009,-31.338899],[149.053759,-31.338739],[149.053783,-31.338012],[149.053576,-31.337546],[149.053075,-31.337318],[149.052985,-31.337117],[149.053182,-31.33695],[149.053239,-31.336403],[149.053123,-31.336142],[149.052487,-31.33574],[149.052249,-31.334986],[149.052027,-31.335136],[149.051677,-31.33475],[149.051782,-31.33471],[149.05174,-31.334637],[149.051526,-31.334512],[149.052135,-31.334579],[149.052353,-31.334687],[149.052358,-31.334933],[149.052515,-31.334986],[149.052734,-31.334909],[149.053208,-31.335052],[149.053478,-31.335013],[149.053683,-31.334975],[149.053725,-31.334823],[149.053838,-31.334753],[149.053994,-31.334754],[149.05409,-31.33502],[149.053816,-31.335304],[149.053624,-31.335699],[149.053642,-31.33581],[149.053769,-31.335662],[149.054082,-31.335528],[149.054424,-31.335165],[149.054447,-31.334605],[149.054616,-31.334344],[149.055006,-31.333175],[149.055117,-31.333427],[149.055699,-31.333882],[149.056963,-31.334128],[149.057122,-31.334486],[149.057353,-31.334758],[149.057392,-31.334921],[149.057272,-31.334923],[149.057337,-31.33515],[149.057676,-31.335467],[149.057756,-31.335676],[149.057683,-31.335986],[149.058115,-31.336615],[149.058374,-31.33681],[149.058701,-31.33675],[149.058878,-31.336898],[149.059191,-31.336922],[149.059466,-31.33707],[149.060422,-31.33705],[149.06087,-31.337395],[149.061238,-31.337445],[149.061513,-31.337594],[149.061651,-31.33755],[149.062146,-31.337934],[149.062403,-31.337929],[149.062397,-31.337757],[149.062612,-31.337752],[149.062726,-31.337626],[149.062824,-31.337838],[149.063103,-31.337838],[149.063266,-31.337724],[149.063373,-31.337913],[149.063501,-31.337934],[149.063435,-31.338021],[149.063676,-31.338219],[149.063836,-31.338247],[149.064303,-31.338149],[149.064588,-31.337895],[149.064663,-31.337736],[149.064597,-31.337624],[149.064716,-31.337403],[149.064694,-31.337156],[149.065052,-31.336699],[149.065793,-31.336705],[149.06605,-31.336812],[149.066301,-31.337087],[149.066514,-31.337182],[149.066532,-31.337322],[149.066741,-31.33709],[149.066901,-31.337104],[149.066897,-31.33736],[149.067162,-31.337423],[149.06723,-31.337612],[149.067618,-31.337738],[149.067585,-31.337551],[149.067729,-31.337513],[149.067776,-31.337639],[149.067667,-31.337712],[149.067744,-31.337874],[149.06817,-31.33805],[149.068324,-31.337902],[149.068357,-31.338023],[149.068635,-31.338055],[149.068591,-31.338188],[149.068671,-31.33832],[149.068807,-31.338331],[149.068634,-31.338609],[149.068755,-31.33883],[149.068678,-31.338885],[149.068839,-31.338941],[149.068983,-31.33926],[149.069259,-31.339274],[149.069523,-31.338982],[149.06978,-31.338868],[149.070005,-31.338977],[149.069688,-31.339305],[149.069744,-31.339495],[149.070153,-31.339238],[149.070267,-31.339286],[149.070235,-31.339391],[149.071191,-31.339352],[149.071323,-31.339136],[149.071297,-31.338983],[149.071205,-31.338909],[149.071072,-31.338964],[149.071068,-31.338823],[149.070946,-31.338817],[149.070979,-31.338753],[149.071131,-31.338795],[149.07111,-31.338732],[149.071231,-31.33868],[149.071466,-31.338772],[149.071485,-31.339168],[149.071385,-31.339294],[149.071679,-31.339404],[149.071792,-31.339245],[149.071606,-31.339231],[149.071569,-31.339123],[149.071814,-31.338693],[149.071775,-31.338502],[149.072632,-31.338552],[149.073007,-31.338449],[149.073124,-31.338267],[149.0732,-31.338478],[149.073355,-31.338589],[149.073507,-31.338505],[149.07355,-31.338549],[149.073483,-31.338613],[149.073554,-31.338633],[149.074065,-31.338573],[149.074408,-31.338343],[149.07568,-31.337212],[149.076281,-31.336953],[149.076234,-31.33675],[149.07637,-31.336611],[149.076296,-31.336654],[149.075987,-31.336286],[149.076244,-31.336045],[149.076261,-31.335902],[149.076154,-31.335679],[149.076253,-31.335478],[149.076399,-31.335381],[149.07673,-31.335373],[149.076865,-31.335199],[149.077454,-31.335117],[149.077634,-31.33489],[149.077854,-31.334919],[149.078354,-31.334507],[149.078582,-31.334467],[149.078562,-31.334353],[149.078416,-31.33425],[149.078456,-31.333959],[149.078724,-31.333551],[149.078685,-31.333467],[149.078862,-31.333473],[149.078764,-31.333071],[149.078377,-31.332633],[149.078257,-31.332347],[149.077782,-31.332219],[149.077156,-31.332727],[149.076939,-31.332388],[149.077175,-31.332291],[149.077126,-31.332108],[149.077005,-31.332031],[149.077212,-31.331916],[149.077285,-31.331717],[149.077163,-31.331579],[149.07733,-31.331486],[149.077402,-31.331329],[149.077573,-31.33129],[149.077606,-31.33121],[149.078085,-31.331209],[149.078469,-31.3309],[149.079931,-31.331144],[149.080498,-31.331145],[149.081521,-31.331291],[149.081596,-31.331367],[149.082586,-31.331343],[149.08243,-31.330798],[149.082458,-31.330119],[149.082548,-31.329699],[149.082922,-31.329285],[149.08277,-31.329017],[149.082997,-31.328814],[149.083115,-31.32846],[149.082601,-31.327711],[149.082565,-31.326848],[149.083179,-31.325907],[149.083318,-31.325473],[149.083279,-31.32499],[149.08353,-31.32484],[149.083613,-31.324629],[149.084194,-31.324398],[149.08436,-31.324983],[149.084597,-31.325246],[149.084986,-31.325454],[149.085034,-31.325576],[149.08598,-31.326094],[149.086168,-31.326067],[149.086305,-31.32595],[149.086541,-31.326091],[149.08677,-31.325166],[149.088635,-31.325776],[149.089187,-31.326448],[149.089312,-31.326928],[149.089315,-31.327046],[149.089217,-31.327076],[149.089256,-31.327198],[149.089135,-31.327458],[149.089035,-31.327496],[149.088986,-31.327741],[149.088787,-31.328083],[149.089021,-31.328225],[149.08922,-31.328533],[149.090391,-31.329436],[149.090633,-31.329466],[149.090696,-31.329598],[149.091029,-31.329568],[149.091078,-31.329654],[149.092093,-31.329614],[149.092213,-31.329997],[149.092482,-31.330092],[149.092307,-31.330478],[149.091867,-31.330597],[149.090687,-31.330123],[149.089516,-31.330021],[149.089092,-31.330188],[149.088519,-31.330716],[149.088395,-31.330934],[149.088313,-31.331427],[149.088599,-31.331934],[149.088434,-31.332059],[149.088553,-31.3323],[149.089054,-31.332318],[149.089085,-31.33244],[149.088921,-31.332496],[149.088803,-31.33268],[149.088709,-31.332982],[149.088753,-31.333324],[149.088606,-31.333664],[149.088244,-31.333711],[149.08821,-31.334034],[149.088003,-31.333924],[149.088023,-31.33401],[149.087882,-31.333953],[149.087819,-31.333718],[149.087602,-31.333731],[149.087829,-31.334252],[149.088031,-31.334257],[149.088187,-31.334613],[149.088832,-31.335249],[149.088836,-31.33532],[149.088567,-31.33544],[149.088561,-31.335507],[149.08872,-31.335571],[149.088912,-31.33557],[149.088658,-31.335772],[149.088654,-31.336155],[149.089036,-31.336213],[149.089192,-31.336368],[149.089082,-31.336423],[149.089345,-31.33667],[149.089439,-31.336704],[149.089638,-31.336583],[149.089738,-31.336426],[149.089698,-31.336251],[149.089928,-31.336161],[149.089973,-31.336297],[149.090062,-31.336304],[149.091253,-31.335539],[149.091927,-31.336463],[149.091844,-31.33654],[149.091593,-31.336496],[149.091101,-31.33688],[149.091287,-31.336849],[149.091405,-31.337083],[149.092021,-31.33733],[149.092523,-31.337239],[149.092756,-31.337508],[149.092622,-31.337593],[149.092959,-31.337544],[149.093084,-31.337256],[149.093345,-31.337208],[149.093567,-31.336992],[149.093689,-31.336816],[149.093587,-31.336775],[149.09465,-31.336245],[149.094719,-31.336291],[149.094824,-31.336787],[149.095834,-31.336946],[149.095942,-31.337401],[149.09621,-31.337759],[149.096455,-31.33775],[149.096392,-31.33765],[149.096265,-31.33766],[149.096309,-31.337597],[149.096609,-31.33761],[149.096761,-31.337794],[149.096526,-31.338348],[149.09656,-31.338641],[149.096719,-31.338957],[149.097341,-31.339717],[149.09759,-31.339881],[149.098028,-31.339895],[149.098061,-31.340127],[149.098457,-31.340256],[149.098523,-31.340382],[149.098793,-31.340265],[149.09891,-31.33984],[149.09913,-31.339543],[149.099165,-31.33926],[149.098869,-31.339115],[149.099426,-31.338511],[149.099394,-31.338831],[149.099639,-31.338712],[149.099749,-31.338376],[149.100392,-31.337838],[149.100403,-31.337259],[149.100894,-31.337035],[149.101053,-31.336633],[149.101415,-31.336204],[149.102042,-31.335871],[149.1027,-31.335821],[149.102908,-31.33569],[149.103057,-31.335454],[149.103485,-31.335263],[149.10379,-31.335268],[149.10405,-31.335149],[149.105075,-31.335009],[149.105438,-31.334886],[149.10577,-31.335023],[149.10633,-31.334918],[149.106666,-31.334938],[149.107214,-31.334573],[149.107719,-31.334458],[149.108401,-31.334415],[149.108695,-31.334568],[149.109131,-31.334215],[149.110734,-31.333894],[149.110538,-31.334557],[149.110054,-31.334793],[149.110065,-31.334876],[149.108916,-31.335384],[149.108771,-31.335643],[149.108049,-31.336084],[149.107703,-31.336976],[149.107781,-31.337047],[149.108009,-31.336967],[149.108224,-31.337024],[149.108093,-31.337223],[149.108347,-31.337366],[149.108284,-31.338068],[149.108673,-31.339083],[149.108501,-31.339617],[149.108687,-31.339823],[149.108691,-31.339999],[149.108777,-31.340102],[149.108957,-31.340099],[149.108945,-31.339875],[149.109024,-31.339814],[149.109113,-31.339908],[149.109247,-31.340273],[149.109237,-31.340733],[149.109742,-31.341395],[149.11017,-31.342128],[149.110591,-31.342118],[149.111686,-31.341821],[149.111966,-31.341885],[149.111947,-31.342282],[149.112098,-31.342495],[149.112326,-31.342437],[149.112414,-31.342295],[149.112706,-31.342144],[149.113033,-31.342305],[149.113305,-31.34233],[149.113354,-31.342488],[149.114029,-31.342673],[149.114178,-31.342647],[149.114205,-31.342485],[149.114448,-31.342612],[149.114631,-31.34226],[149.114851,-31.342271],[149.114925,-31.342622],[149.115262,-31.342619],[149.115358,-31.342235],[149.115695,-31.342241],[149.115769,-31.342135],[149.116065,-31.342017],[149.116147,-31.341807],[149.116652,-31.341825],[149.116752,-31.342065],[149.116857,-31.342102],[149.117259,-31.341608],[149.117247,-31.341393],[149.117575,-31.341576],[149.117671,-31.341547],[149.117607,-31.341918],[149.11749,-31.341962],[149.117401,-31.342194],[149.117079,-31.342229],[149.117054,-31.34234],[149.117498,-31.343344],[149.117393,-31.343462],[149.117471,-31.343503],[149.117688,-31.343418],[149.117799,-31.343554],[149.11794,-31.343506],[149.118057,-31.343728],[149.11827,-31.343766],[149.118917,-31.344964],[149.119279,-31.34497],[149.119406,-31.345355],[149.119083,-31.345516],[149.119231,-31.345603],[149.119119,-31.345838],[149.119125,-31.346247],[149.119412,-31.346231],[149.120817,-31.346633],[149.121018,-31.346525],[149.121054,-31.346323],[149.121318,-31.346369],[149.121372,-31.346258],[149.121766,-31.346276],[149.121916,-31.345854],[149.121896,-31.345658],[149.121709,-31.345444],[149.122192,-31.345199],[149.122292,-31.345063],[149.122409,-31.345109],[149.122681,-31.344965],[149.122911,-31.344671],[149.122686,-31.34439],[149.122126,-31.343997],[149.1218,-31.344002],[149.122146,-31.343679],[149.122192,-31.343517],[149.121828,-31.343446],[149.121847,-31.343617],[149.12166,-31.343645],[149.121538,-31.343757],[149.121301,-31.343544],[149.121254,-31.343389],[149.121601,-31.34353],[149.121942,-31.343251],[149.121867,-31.342731],[149.121991,-31.342801],[149.122159,-31.342382],[149.121804,-31.341907],[149.122068,-31.341183],[149.121981,-31.340942],[149.122239,-31.340726],[149.122214,-31.340581],[149.122031,-31.340407],[149.121607,-31.340334],[149.121463,-31.340186],[149.121206,-31.340206],[149.120829,-31.340108],[149.120413,-31.340145],[149.120101,-31.340449],[149.119335,-31.340473],[149.118355,-31.339791],[149.118268,-31.339438],[149.118291,-31.339083],[149.118922,-31.337584],[149.118616,-31.335886],[149.118732,-31.335484],[149.118386,-31.335004],[149.11788,-31.334529],[149.117715,-31.33428],[149.117668,-31.333918],[149.116206,-31.333094],[149.114732,-31.332663],[149.114495,-31.33285],[149.114292,-31.332741],[149.113592,-31.333051],[149.113315,-31.333099],[149.112614,-31.332692],[149.112331,-31.332665],[149.112263,-31.332553],[149.112067,-31.332594],[149.111963,-31.33244],[149.112011,-31.332233],[149.111897,-31.332165],[149.111449,-31.332154],[149.111382,-31.332343],[149.111254,-31.332361],[149.11111,-31.33275],[149.110976,-31.332772],[149.111157,-31.331949],[149.11104,-31.33139],[149.111197,-31.330855],[149.111298,-31.330794],[149.111291,-31.330631],[149.111179,-31.329996],[149.110957,-31.329871],[149.11076,-31.329579],[149.110132,-31.329246],[149.109521,-31.329074],[149.109303,-31.328838],[149.109158,-31.328274],[149.109052,-31.328169],[149.108968,-31.328162],[149.108941,-31.328238],[149.108708,-31.328043],[149.108654,-31.327861],[149.108251,-31.32761],[149.108066,-31.327595],[149.107279,-31.327952],[149.106895,-31.328252],[149.106541,-31.32811],[149.10665,-31.327942],[149.106503,-31.327667],[149.106552,-31.327358],[149.106438,-31.327053],[149.106524,-31.326977],[149.106487,-31.326851],[149.106296,-31.326712],[149.106538,-31.326654],[149.10483,-31.326136],[149.104187,-31.326206],[149.103866,-31.32601],[149.10372,-31.325771],[149.103338,-31.325616],[149.102858,-31.325568],[149.102544,-31.325275],[149.102451,-31.32503],[149.10243,-31.324788],[149.102573,-31.32463],[149.102515,-31.324545],[149.102307,-31.324495],[149.10218,-31.324282],[149.101714,-31.32417],[149.101602,-31.323908],[149.101625,-31.323693],[149.101506,-31.323416],[149.1016,-31.323296],[149.10277,-31.323289],[149.103027,-31.323054],[149.10304,-31.322779],[149.103211,-31.322742],[149.103506,-31.322516],[149.10352,-31.322199],[149.103658,-31.322054],[149.103575,-31.321873],[149.10368,-31.321817],[149.103601,-31.321639],[149.10398,-31.321664],[149.104153,-31.321836],[149.104126,-31.321984],[149.103879,-31.322139],[149.103949,-31.322871],[149.104134,-31.323024],[149.105151,-31.323006],[149.105091,-31.323257],[149.105118,-31.323348],[149.105241,-31.323373],[149.105814,-31.323242],[149.106263,-31.322912],[149.106417,-31.323078],[149.106831,-31.323262],[149.106952,-31.323211],[149.107257,-31.323268],[149.107454,-31.323125],[149.107662,-31.323207],[149.107586,-31.323015],[149.10735,-31.322981],[149.107268,-31.322822],[149.107115,-31.322986],[149.106964,-31.322948],[149.106872,-31.322608],[149.106876,-31.322501],[149.107071,-31.322428],[149.107269,-31.322207],[149.107443,-31.322265],[149.107563,-31.322185],[149.107488,-31.321655],[149.107568,-31.321618],[149.107697,-31.321224],[149.107597,-31.321231],[149.107509,-31.320959],[149.107341,-31.320854],[149.107388,-31.320053],[149.10719,-31.319385],[149.106928,-31.318855],[149.106983,-31.3188],[149.107231,-31.318852],[149.107518,-31.318691],[149.10776,-31.318456],[149.107916,-31.318051],[149.108274,-31.318106],[149.108435,-31.317609],[149.108865,-31.317535],[149.108931,-31.317179],[149.109415,-31.31698],[149.109513,-31.316623],[149.109601,-31.316772],[149.109695,-31.316771],[149.109701,-31.316886],[149.10947,-31.317081],[149.109517,-31.317335],[149.110048,-31.317286],[149.110123,-31.317155],[149.11048,-31.317036],[149.110649,-31.317036],[149.110739,-31.317142],[149.111096,-31.317157],[149.111427,-31.316851],[149.111431,-31.316743],[149.111232,-31.316537],[149.111195,-31.316191],[149.111349,-31.316183],[149.111615,-31.316324],[149.11203,-31.3163],[149.112219,-31.31609],[149.112804,-31.316196],[149.11309,-31.316013],[149.113107,-31.315906],[149.113251,-31.315914],[149.113525,-31.315721],[149.113773,-31.315889],[149.114045,-31.315887],[149.114072,-31.315975],[149.114236,-31.316023],[149.114335,-31.316102],[149.11436,-31.316383],[149.114043,-31.31662],[149.113835,-31.316933],[149.11364,-31.317041],[149.113621,-31.317533],[149.113707,-31.317754],[149.113652,-31.317814],[149.113295,-31.31778],[149.113218,-31.317564],[149.112888,-31.317502],[149.112396,-31.317878],[149.11203,-31.317937],[149.111921,-31.318029],[149.111935,-31.318373],[149.112375,-31.318623],[149.112299,-31.318696],[149.112563,-31.319069],[149.112836,-31.319069],[149.113298,-31.318631],[149.113575,-31.318588],[149.114145,-31.318664],[149.114737,-31.319002],[149.114894,-31.318813],[149.114791,-31.31849],[149.115345,-31.318127],[149.115656,-31.318103],[149.115754,-31.318264],[149.115673,-31.31838],[149.115728,-31.318574],[149.115867,-31.318577],[149.115942,-31.318671],[149.116342,-31.318678],[149.116268,-31.319315],[149.116423,-31.319517],[149.116556,-31.319974],[149.116888,-31.319882],[149.117302,-31.320204],[149.117481,-31.320005],[149.117736,-31.319996],[149.117816,-31.320071],[149.117742,-31.320483],[149.117579,-31.320629],[149.117777,-31.321003],[149.118148,-31.320958],[149.118462,-31.320585],[149.118499,-31.320021],[149.118838,-31.320006],[149.118897,-31.320157],[149.119518,-31.320089],[149.119442,-31.320391],[149.119116,-31.320761],[149.119128,-31.320917],[149.119031,-31.32101],[149.118516,-31.321058],[149.11832,-31.32112],[149.118158,-31.321318],[149.117735,-31.321384],[149.117242,-31.322031],[149.117171,-31.322241],[149.117261,-31.322506],[149.117785,-31.323201],[149.117728,-31.323658],[149.118,-31.324246],[149.118146,-31.324315],[149.118159,-31.324549],[149.118536,-31.324796],[149.118865,-31.325208],[149.118685,-31.326253],[149.118831,-31.326661],[149.11882,-31.326843],[149.11895,-31.326906],[149.119482,-31.327555],[149.120169,-31.327841],[149.120461,-31.328141],[149.120494,-31.328928],[149.120424,-31.329222],[149.12053,-31.32928],[149.120811,-31.329114],[149.121209,-31.328581],[149.121549,-31.328575],[149.121766,-31.328942],[149.122115,-31.329276],[149.122485,-31.329938],[149.122929,-31.330175],[149.123457,-31.330751],[149.123782,-31.330954],[149.124758,-31.332274],[149.124748,-31.332453],[149.124466,-31.332888],[149.124904,-31.332582],[149.125334,-31.332539],[149.125645,-31.332748],[149.126242,-31.33269],[149.126899,-31.332822],[149.127377,-31.333028],[149.127659,-31.333214],[149.127889,-31.333509],[149.128507,-31.333761],[149.128817,-31.333958],[149.128989,-31.33417],[149.129836,-31.334084],[149.130063,-31.334283],[149.130082,-31.334509],[149.129851,-31.334716],[149.129531,-31.334722],[149.129223,-31.334656],[149.128824,-31.334245],[149.127433,-31.334233],[149.126968,-31.333967],[149.126625,-31.333579],[149.126401,-31.333511],[149.125371,-31.333505],[149.124222,-31.334075],[149.124286,-31.333739],[149.12349,-31.333893],[149.122531,-31.334766],[149.122053,-31.335847],[149.122337,-31.338279],[149.123516,-31.337706],[149.12374,-31.337836],[149.12425,-31.337791],[149.124969,-31.337407],[149.128035,-31.336862],[149.125987,-31.341729],[149.125447,-31.341948],[149.124929,-31.341864],[149.124305,-31.342061],[149.124382,-31.342353],[149.124757,-31.342355],[149.125057,-31.342523],[149.125316,-31.342559],[149.125508,-31.34291],[149.125736,-31.343031],[149.126118,-31.343097],[149.126337,-31.343037],[149.12626,-31.343139],[149.125887,-31.343282],[149.126263,-31.343489],[149.12639,-31.343682],[149.125497,-31.343079],[149.125673,-31.344235],[149.127209,-31.345798],[149.12856,-31.345819],[149.130672,-31.346299],[149.131384,-31.346845],[149.132545,-31.346719],[149.133273,-31.346872],[149.135119,-31.346509],[149.135208,-31.346302],[149.135589,-31.346154],[149.136237,-31.345732],[149.137396,-31.346292],[149.137525,-31.346407],[149.137669,-31.346738],[149.138494,-31.347256],[149.138973,-31.347872],[149.13924,-31.348016],[149.139344,-31.347861],[149.139565,-31.348071],[149.140201,-31.348169],[149.140379,-31.348153],[149.140196,-31.347762],[149.140385,-31.347235],[149.140225,-31.347217],[149.140211,-31.347028],[149.140998,-31.346958],[149.141727,-31.346788],[149.142413,-31.346808],[149.143206,-31.346597],[149.144476,-31.346514],[149.144648,-31.346245],[149.144948,-31.346397],[149.144584,-31.346512],[149.144633,-31.346604],[149.144972,-31.346844],[149.145807,-31.347204],[149.146235,-31.347224],[149.14675,-31.347364],[149.148138,-31.347275],[149.148762,-31.34589],[149.149344,-31.34511],[149.150272,-31.344079],[149.150377,-31.343758],[149.150981,-31.343297],[149.151069,-31.343037],[149.15104,-31.342816],[149.151163,-31.342673],[149.151379,-31.342649],[149.151367,-31.342351],[149.152035,-31.342218],[149.152096,-31.342024],[149.152981,-31.341339],[149.152983,-31.339663],[149.152295,-31.338164],[149.152223,-31.337343],[149.152032,-31.336799],[149.151889,-31.335931],[149.151885,-31.335782],[149.151965,-31.335756],[149.152895,-31.335816],[149.153536,-31.336087],[149.154624,-31.336064],[149.15472,-31.336135],[149.154756,-31.336448],[149.154995,-31.33665],[149.155305,-31.336636],[149.155778,-31.336201],[149.156243,-31.336229],[149.15657,-31.336348],[149.157596,-31.337236],[149.160824,-31.336977],[149.161594,-31.337359],[149.164362,-31.338264],[149.164337,-31.338998],[149.164032,-31.339382],[149.163852,-31.339893],[149.16387,-31.34005],[149.164115,-31.340283],[149.16409,-31.340437],[149.164317,-31.340687],[149.1649,-31.340713],[149.16503,-31.340859],[149.165238,-31.340896],[149.165537,-31.340842],[149.165794,-31.340999],[149.166132,-31.341005],[149.166345,-31.340856],[149.166639,-31.340815],[149.166817,-31.340977],[149.16763,-31.341385],[149.1684,-31.341589],[149.169006,-31.341607],[149.169034,-31.341812],[149.1693,-31.341916],[149.169462,-31.34184],[149.169258,-31.341755],[149.169174,-31.341588],[149.169402,-31.341491],[149.169587,-31.341552],[149.16962,-31.341749],[149.16971,-31.34182],[149.170263,-31.341947],[149.171423,-31.341983],[149.172104,-31.34215],[149.173685,-31.342315],[149.174046,-31.342409],[149.17506,-31.342928],[149.177328,-31.343854],[149.178465,-31.343941],[149.178964,-31.343875],[149.179243,-31.343655],[149.180213,-31.343738],[149.180562,-31.343668],[149.180675,-31.343529],[149.180925,-31.343482],[149.180791,-31.343807],[149.180538,-31.344048],[149.180673,-31.344131],[149.182715,-31.344016],[149.18407,-31.34412],[149.184574,-31.344233],[149.184847,-31.344135],[149.185011,-31.343681],[149.185058,-31.343236],[149.185011,-31.342664],[149.184916,-31.342551],[149.185177,-31.342129],[149.186133,-31.341606],[149.18626,-31.341346],[149.186664,-31.341014],[149.186832,-31.340161],[149.185986,-31.339708],[149.185914,-31.339461],[149.185708,-31.339245],[149.185424,-31.338104],[149.184939,-31.337358],[149.184837,-31.336825],[149.184781,-31.335451],[149.184698,-31.335261],[149.184246,-31.334486],[149.183972,-31.334224],[149.18376,-31.33418],[149.182632,-31.332653],[149.182233,-31.332259],[149.181965,-31.332216],[149.181781,-31.331961],[149.18148,-31.330563],[149.180997,-31.329941],[149.180576,-31.329566],[149.180108,-31.329517],[149.178746,-31.328892],[149.178131,-31.328282],[149.178105,-31.32814],[149.178393,-31.327628],[149.178496,-31.326824],[149.178624,-31.326593],[149.178636,-31.325723],[149.178348,-31.32485],[149.178389,-31.324734],[149.178806,-31.324479],[149.178986,-31.324103],[149.178737,-31.323926],[149.177682,-31.323553],[149.176677,-31.323418],[149.175645,-31.323045],[149.175115,-31.322759],[149.174932,-31.322561],[149.174822,-31.322134],[149.17577,-31.320856],[149.17639,-31.320281],[149.176534,-31.319782],[149.177186,-31.319627],[149.178564,-31.319087],[149.178782,-31.318013],[149.179216,-31.317088],[149.17958,-31.316948],[149.17988,-31.316484],[149.180283,-31.316133],[149.181238,-31.3156],[149.181452,-31.315234],[149.18184,-31.315208],[149.182267,-31.315372],[149.182467,-31.315359],[149.182553,-31.315243],[149.182382,-31.315064],[149.182366,-31.314873],[149.182749,-31.314609],[149.182878,-31.314406],[149.182993,-31.313678],[149.183414,-31.313135],[149.183987,-31.312886],[149.184071,-31.312713],[149.183945,-31.312534],[149.182343,-31.312094],[149.182219,-31.311571],[149.181362,-31.311109],[149.181157,-31.310893],[149.180556,-31.310885],[149.180215,-31.310595],[149.180154,-31.310386],[149.180019,-31.310293],[149.179639,-31.310242],[149.179546,-31.310072],[149.179185,-31.30984],[149.178485,-31.3099],[149.177372,-31.309863],[149.177199,-31.310076],[149.177001,-31.310165],[149.176378,-31.310167],[149.175719,-31.310055],[149.175581,-31.309866],[149.175697,-31.309606],[149.17567,-31.309425],[149.175277,-31.308362],[149.174988,-31.308348],[149.174026,-31.309044],[149.173679,-31.308974],[149.173651,-31.308745],[149.173786,-31.308313],[149.173635,-31.308057],[149.17333,-31.307862],[149.17348,-31.30765],[149.173482,-31.307248],[149.173912,-31.307107],[149.174175,-31.30693],[149.174914,-31.30622],[149.175116,-31.305844],[149.175121,-31.305108],[149.174833,-31.304712],[149.174927,-31.304514],[149.175477,-31.304552],[149.175685,-31.304495],[149.175833,-31.304307],[149.175845,-31.304235],[149.1755,-31.304056],[149.175456,-31.30395],[149.175648,-31.303552],[149.175839,-31.303391],[149.176045,-31.30302],[149.176056,-31.302614],[149.176151,-31.302499],[149.176127,-31.30152],[149.175789,-31.301067],[149.175074,-31.300835],[149.174074,-31.300882],[149.173958,-31.300652],[149.173705,-31.300567],[149.173781,-31.300237],[149.173676,-31.299946],[149.174058,-31.299617],[149.174466,-31.299813],[149.175122,-31.299652],[149.175284,-31.299733],[149.176033,-31.299653],[149.176246,-31.299536],[149.176318,-31.299368],[149.176638,-31.299111],[149.176636,-31.298992],[149.177126,-31.298589],[149.177813,-31.298547],[149.17808,-31.298662],[149.178959,-31.298473],[149.179199,-31.298636],[149.179478,-31.298977],[149.180043,-31.299307],[149.180434,-31.299676],[149.180657,-31.299684],[149.180869,-31.299567],[149.181233,-31.299662],[149.181786,-31.300082],[149.181378,-31.301056],[149.18104,-31.300883],[149.180664,-31.300836],[149.180666,-31.300341],[149.18058,-31.300241],[149.180163,-31.30026],[149.180113,-31.300494],[149.180218,-31.30082],[149.180159,-31.300947],[149.179929,-31.300933],[149.179884,-31.300516],[149.179764,-31.300446],[149.179701,-31.300423],[149.179609,-31.30064],[149.17979,-31.301228],[149.17971,-31.301361],[149.179881,-31.301537],[149.179843,-31.301669],[149.180116,-31.301735],[149.180118,-31.301825],[149.18023,-31.301853],[149.180338,-31.30203],[149.180645,-31.302066],[149.180569,-31.30239],[149.180621,-31.302813],[149.180753,-31.303079],[149.180985,-31.30317],[149.180991,-31.303421],[149.180773,-31.303884],[149.180845,-31.303997],[149.181127,-31.303896],[149.181399,-31.303903],[149.181407,-31.304255],[149.181875,-31.304599],[149.182403,-31.304601],[149.182894,-31.304491],[149.183218,-31.304676],[149.183696,-31.30459],[149.184047,-31.30416],[149.184323,-31.30351],[149.186062,-31.303849],[149.186947,-31.305057],[149.186753,-31.305371],[149.186812,-31.305782],[149.187072,-31.305926],[149.187638,-31.306018],[149.188726,-31.305867],[149.189081,-31.305914],[149.189419,-31.306063],[149.189856,-31.306306],[149.190601,-31.307212],[149.190965,-31.307319],[149.191821,-31.307333],[149.193267,-31.30877],[149.193661,-31.308971],[149.195058,-31.308934],[149.195345,-31.309031],[149.195441,-31.308945],[149.196038,-31.308911],[149.196215,-31.308776],[149.196813,-31.308795],[149.197563,-31.308465],[149.198813,-31.308413],[149.199735,-31.307722],[149.199826,-31.307165],[149.199698,-31.30706],[149.199666,-31.306902],[149.201672,-31.306755],[149.201717,-31.306334],[149.20213,-31.305855],[149.202131,-31.305759],[149.201049,-31.305188],[149.200722,-31.304585],[149.20024,-31.304086],[149.199681,-31.303675],[149.199318,-31.303043],[149.199094,-31.302295],[149.199148,-31.301909],[149.199493,-31.30153],[149.198978,-31.301503],[149.198306,-31.301623],[149.198309,-31.301453],[149.198127,-31.301107],[149.198185,-31.300786],[149.198304,-31.300665],[149.199176,-31.300109],[149.199335,-31.299643],[149.200074,-31.299436],[149.200512,-31.298998],[149.200412,-31.29891],[149.199316,-31.298874],[149.199032,-31.298762],[149.198942,-31.298642],[149.198986,-31.298584],[149.19958,-31.298436],[149.199606,-31.29836],[149.199303,-31.297985],[149.198858,-31.297869],[149.197806,-31.297888],[149.19789,-31.297735],[149.197592,-31.297556],[149.197372,-31.297696],[149.196631,-31.297658],[149.196568,-31.297775],[149.196109,-31.298043],[149.196056,-31.297976],[149.196366,-31.297694],[149.1963,-31.297648],[149.195872,-31.297667],[149.195499,-31.297862],[149.19527,-31.297818],[149.195289,-31.297674],[149.195523,-31.297502],[149.196694,-31.297384],[149.196657,-31.297209],[149.197044,-31.29685],[149.197049,-31.296666],[149.197427,-31.296299],[149.19771,-31.29625],[149.197823,-31.295956],[149.197981,-31.295917],[149.198557,-31.296067],[149.198589,-31.295062],[149.198233,-31.294813],[149.19821,-31.295005],[149.198113,-31.295043],[149.198131,-31.294834],[149.197857,-31.294655],[149.19782,-31.294488],[149.19773,-31.294442],[149.197674,-31.295175],[149.19751,-31.295126],[149.197474,-31.29425],[149.197383,-31.29416],[149.197433,-31.293907],[149.197548,-31.294013],[149.197585,-31.29382],[149.197442,-31.293679],[149.197394,-31.29346],[149.197466,-31.29335],[149.197489,-31.292774],[149.197685,-31.292599],[149.197846,-31.29268],[149.197984,-31.292985],[149.198292,-31.293232],[149.198752,-31.293367],[149.198835,-31.293334],[149.198909,-31.293104],[149.198989,-31.292595],[149.198639,-31.292377],[149.198598,-31.292022],[149.198709,-31.291804],[149.198596,-31.291542],[149.198174,-31.291438],[149.198181,-31.291178],[149.197807,-31.291096],[149.197813,-31.290976],[149.197957,-31.290934],[149.197957,-31.290578],[149.197513,-31.29053],[149.196954,-31.289756],[149.197784,-31.288825],[149.19805,-31.288664],[149.197976,-31.288485],[149.19835,-31.288366],[149.198364,-31.288174],[149.198504,-31.287996],[149.198821,-31.287802],[149.19901,-31.287531],[149.199427,-31.287255],[149.199675,-31.28729],[149.199961,-31.286813],[149.200241,-31.286656],[149.200423,-31.286269],[149.200479,-31.285916],[149.200831,-31.28543],[149.201057,-31.284617],[149.201073,-31.284473],[149.200949,-31.284383],[149.201133,-31.284084],[149.201133,-31.283696],[149.200884,-31.283413],[149.200651,-31.282865],[149.200206,-31.282193],[149.199811,-31.28204],[149.199695,-31.281842],[149.199663,-31.281303],[149.199564,-31.281072],[149.199889,-31.280447],[149.199898,-31.280278],[149.199683,-31.27929],[149.19975,-31.277253],[149.19949,-31.277122],[149.198793,-31.276994],[149.198322,-31.276775],[149.198652,-31.276353],[149.199103,-31.276125],[149.199344,-31.275708],[149.199333,-31.275453],[149.19941,-31.275371],[149.199279,-31.275154],[149.199397,-31.275011],[149.199304,-31.274821],[149.199193,-31.274871],[149.198955,-31.274667],[149.198929,-31.274536],[149.199214,-31.274395],[149.19933,-31.273989],[149.199611,-31.273884],[149.200003,-31.273888],[149.200352,-31.273506],[149.200405,-31.273213],[149.200997,-31.273022],[149.201118,-31.273424],[149.202272,-31.273363],[149.203449,-31.272958],[149.203847,-31.272855],[149.20402,-31.272888],[149.204204,-31.272588],[149.204587,-31.272433],[149.204812,-31.272125],[149.20523,-31.27191],[149.2057,-31.271501],[149.20602,-31.271451],[149.206134,-31.271353],[149.206925,-31.270175],[149.208244,-31.268911],[149.208645,-31.268748],[149.209123,-31.267907],[149.20929,-31.267296],[149.210448,-31.265551],[149.211284,-31.263364],[149.211292,-31.262964],[149.210778,-31.262505],[149.210208,-31.262227],[149.210179,-31.26162],[149.209648,-31.261689],[149.208919,-31.261583],[149.208596,-31.26143],[149.207967,-31.260745],[149.207641,-31.260627],[149.206988,-31.260609],[149.206385,-31.26035],[149.206205,-31.26011],[149.206139,-31.259684],[149.205978,-31.259597],[149.205089,-31.25966],[149.204829,-31.259408],[149.204521,-31.259251],[149.204026,-31.259153],[149.204453,-31.258709],[149.20423,-31.258153],[149.204358,-31.257877],[149.204745,-31.25781],[149.205268,-31.257861],[149.205607,-31.258068],[149.206305,-31.258133],[149.20631,-31.258338],[149.205897,-31.258734],[149.205822,-31.258937],[149.206003,-31.259382],[149.206469,-31.259519],[149.207117,-31.259563],[149.207683,-31.259497],[149.207907,-31.259314],[149.207978,-31.258957],[149.207793,-31.258717],[149.207807,-31.25849],[149.208047,-31.258507],[149.20894,-31.259],[149.209054,-31.258583],[149.208795,-31.258387],[149.209444,-31.258268],[149.209326,-31.257689],[149.209573,-31.257026],[149.209854,-31.2567],[149.21061,-31.256267],[149.210969,-31.25591],[149.211469,-31.254789],[149.21196,-31.254327],[149.212462,-31.253283],[149.212485,-31.252808],[149.212321,-31.252602],[149.211884,-31.252447],[149.21147,-31.252404],[149.209566,-31.252498],[149.20868,-31.2523],[149.208425,-31.251031],[149.208207,-31.250462],[149.208231,-31.250213],[149.20844,-31.249799],[149.208852,-31.249373],[149.208807,-31.248937],[149.208908,-31.248422],[149.209308,-31.248295],[149.210403,-31.24828],[149.210363,-31.248067],[149.210253,-31.248052],[149.210253,-31.247838],[149.210031,-31.24753],[149.210105,-31.247306],[149.209952,-31.246736],[149.21038,-31.246348],[149.210466,-31.246008],[149.210429,-31.245714],[149.210837,-31.245493],[149.21169,-31.244767],[149.211324,-31.244877],[149.210798,-31.244737],[149.210515,-31.24475],[149.210286,-31.244549],[149.209897,-31.244526],[149.20932,-31.244315],[149.207921,-31.24431],[149.207368,-31.244457],[149.206465,-31.244375],[149.206129,-31.244283],[149.205561,-31.243831],[149.205596,-31.24366],[149.205796,-31.243498],[149.205881,-31.2433],[149.205715,-31.242815],[149.206227,-31.242408],[149.206111,-31.242137],[149.206126,-31.241927],[149.206252,-31.241809],[149.20681,-31.241628],[149.206929,-31.241408],[149.206646,-31.241413],[149.206658,-31.24131],[149.206849,-31.240995],[149.207279,-31.240675],[149.207476,-31.239576],[149.206484,-31.238898],[149.205645,-31.238143],[149.205636,-31.237989],[149.206002,-31.237906],[149.206382,-31.237373],[149.205988,-31.237111],[149.205902,-31.236672],[149.205805,-31.236575],[149.205427,-31.236373],[149.204817,-31.236243],[149.204177,-31.23631],[149.203751,-31.236219],[149.203632,-31.236435],[149.203518,-31.236433],[149.203111,-31.236073],[149.202901,-31.236042],[149.202435,-31.236093],[149.201588,-31.236464],[149.201037,-31.23632],[149.200577,-31.236418],[149.20083,-31.236003],[149.200694,-31.235522],[149.200939,-31.234962],[149.202387,-31.233931],[149.202842,-31.233414],[149.202761,-31.231744],[149.203087,-31.231254],[149.203113,-31.230895],[149.202698,-31.230616],[149.202649,-31.230223],[149.202244,-31.229726],[149.201506,-31.229697],[149.201035,-31.229539],[149.200288,-31.228902],[149.199984,-31.228271],[149.200133,-31.226861],[149.199982,-31.226595],[149.19953,-31.22616],[149.198983,-31.22609],[149.198119,-31.225581],[149.197848,-31.225506],[149.197637,-31.2252],[149.197192,-31.224802],[149.197085,-31.224199],[149.196833,-31.223743],[149.196178,-31.22346],[149.195973,-31.22301],[149.19557,-31.222787],[149.19544,-31.222392],[149.19505,-31.221969],[149.194931,-31.221677],[149.195019,-31.221485],[149.195476,-31.221234],[149.195342,-31.220867],[149.195113,-31.220596],[149.194701,-31.21966],[149.194398,-31.2192],[149.194435,-31.219009],[149.194716,-31.218574],[149.194834,-31.217724],[149.194954,-31.217495],[149.19509,-31.217409],[149.196522,-31.217455],[149.198288,-31.218103],[149.199376,-31.218251],[149.200097,-31.218214],[149.201331,-31.217571],[149.201787,-31.217467],[149.20124,-31.217226],[149.201025,-31.216967],[149.200672,-31.216735],[149.199351,-31.215553],[149.198569,-31.214803],[149.198447,-31.214376],[149.197512,-31.213617],[149.197203,-31.213491],[149.194484,-31.213074],[149.194326,-31.213414],[149.194268,-31.21378],[149.19389,-31.213658],[149.193008,-31.212863],[149.19275,-31.212868],[149.192204,-31.212692],[149.191989,-31.212438],[149.191747,-31.212399],[149.191207,-31.2118],[149.190497,-31.211383],[149.189241,-31.211169],[149.189097,-31.211064],[149.188688,-31.21105],[149.188661,-31.210951],[149.188518,-31.210896],[149.18832,-31.210957],[149.188232,-31.211116],[149.187251,-31.210897],[149.185964,-31.210397],[149.185246,-31.210016],[149.185091,-31.209797],[149.184998,-31.209298],[149.186019,-31.20942],[149.185981,-31.209376],[149.185396,-31.209196],[149.184779,-31.209166],[149.184602,-31.209051],[149.184657,-31.208924],[149.185471,-31.208818],[149.185953,-31.209091],[149.186378,-31.209214],[149.186583,-31.209184],[149.186893,-31.209359],[149.187278,-31.209361],[149.187694,-31.209576],[149.187893,-31.209509],[149.18789,-31.209146],[149.187029,-31.208668],[149.186497,-31.208682],[149.185809,-31.20883],[149.185484,-31.208678],[149.185046,-31.208685],[149.184762,-31.2085],[149.184399,-31.208538],[149.183812,-31.208232],[149.183366,-31.208113],[149.183384,-31.20799],[149.1835,-31.20797],[149.184212,-31.20798],[149.184246,-31.207662],[149.184534,-31.207557],[149.184464,-31.207304],[149.18411,-31.207061],[149.18405,-31.206736],[149.183781,-31.206736],[149.183668,-31.206874],[149.183468,-31.206901],[149.183504,-31.207068],[149.18337,-31.207192],[149.182899,-31.207119],[149.182584,-31.206554],[149.18223,-31.206492],[149.181913,-31.206271],[149.181828,-31.206024],[149.181657,-31.205931],[149.181448,-31.206239],[149.181593,-31.206549],[149.181776,-31.206704],[149.181704,-31.206787],[149.18159,-31.206866],[149.181284,-31.206867],[149.180971,-31.20656],[149.180783,-31.206617],[149.181131,-31.207393],[149.181256,-31.207219],[149.181251,-31.207048],[149.181403,-31.207227],[149.181403,-31.207489],[149.181636,-31.207657],[149.181645,-31.20802],[149.181432,-31.20818],[149.181314,-31.208415],[149.181827,-31.208486],[149.181529,-31.20881],[149.181346,-31.208772],[149.181184,-31.208866],[149.181199,-31.208528],[149.181095,-31.208585],[149.180862,-31.208428],[149.18078,-31.208434],[149.180673,-31.208633],[149.18043,-31.208536],[149.180269,-31.208671],[149.179679,-31.20858],[149.179582,-31.208446],[149.179632,-31.208329],[149.179472,-31.208261],[149.17942,-31.20804],[149.179348,-31.208011],[149.179266,-31.208244],[149.179127,-31.208323],[149.179049,-31.208248],[149.178661,-31.208265],[149.17843,-31.208401],[149.177676,-31.208303],[149.177429,-31.208055],[149.17735,-31.208208],[149.177204,-31.208241],[149.176855,-31.208141],[149.176197,-31.208118],[149.176215,-31.20839],[149.175699,-31.208394],[149.175801,-31.208513],[149.176422,-31.208679],[149.176413,-31.209048],[149.176863,-31.209201],[149.176968,-31.209901],[149.1771,-31.210242],[149.17722,-31.210331],[149.177395,-31.210292],[149.177508,-31.210361],[149.177519,-31.210573],[149.177297,-31.211092],[149.177302,-31.211309],[149.177688,-31.211721],[149.177694,-31.212922],[149.17752,-31.213748],[149.177629,-31.214624],[149.177702,-31.214719],[149.177866,-31.214701],[149.178269,-31.214355],[149.178555,-31.21429],[149.178872,-31.214037],[149.179015,-31.214352],[149.179361,-31.214598],[149.179454,-31.214794],[149.179397,-31.215592],[149.179864,-31.215962],[149.179877,-31.21623],[149.179707,-31.216748],[149.179304,-31.21731],[149.179005,-31.217321],[149.178978,-31.217417],[149.179143,-31.217692],[149.178962,-31.217761],[149.178541,-31.217349],[149.178474,-31.216992],[149.178082,-31.216338],[149.177367,-31.215916],[149.177235,-31.215313],[149.177266,-31.215161],[149.177651,-31.214811],[149.177504,-31.214803],[149.177255,-31.214934],[149.177196,-31.214683],[149.176966,-31.214389],[149.17638,-31.214455],[149.176363,-31.214248],[149.176236,-31.214094],[149.176043,-31.214133],[149.175732,-31.213906],[149.175609,-31.213671],[149.175597,-31.213156],[149.175821,-31.212728],[149.175625,-31.212631],[149.17564,-31.21156],[149.175434,-31.211307],[149.17447,-31.210551],[149.174288,-31.209798],[149.173892,-31.209451],[149.173877,-31.20933],[149.17423,-31.208405],[149.173962,-31.207749],[149.173988,-31.207117],[149.174468,-31.206821],[149.174451,-31.206619],[149.174021,-31.206304],[149.173446,-31.206309],[149.173184,-31.206662],[149.172742,-31.207579],[149.172279,-31.207622],[149.171482,-31.20745],[149.171248,-31.207479],[149.171092,-31.207356],[149.1714,-31.20626],[149.171215,-31.206132],[149.170049,-31.206223],[149.170067,-31.205769],[149.169917,-31.205403],[149.170016,-31.205134],[149.170011,-31.204669],[149.170614,-31.202387],[149.17037,-31.202265],[149.167388,-31.201849],[149.167321,-31.201744],[149.166872,-31.201616],[149.166891,-31.201454],[149.166455,-31.201376],[149.166203,-31.201663],[149.166022,-31.201686],[149.166046,-31.202221],[149.165935,-31.202708],[149.164075,-31.202806],[149.161899,-31.203133],[149.161656,-31.203077],[149.161742,-31.202727],[149.162281,-31.202434],[149.162418,-31.202033],[149.16258,-31.201904],[149.162542,-31.201824],[149.162727,-31.201694],[149.162685,-31.201145],[149.163218,-31.200838],[149.162749,-31.200649],[149.162508,-31.200653],[149.162178,-31.200841],[149.161897,-31.200856],[149.162072,-31.201075],[149.161963,-31.201193],[149.162036,-31.201283],[149.161975,-31.201425],[149.161716,-31.20142],[149.161784,-31.20154],[149.161752,-31.201682],[149.161998,-31.201889],[149.162007,-31.202035],[149.161888,-31.202199],[149.161742,-31.202242],[149.161256,-31.202049],[149.160944,-31.202044],[149.160883,-31.202177],[149.160383,-31.202387],[149.159882,-31.202785],[149.15946,-31.202818],[149.159149,-31.203328],[149.158852,-31.203429],[149.158283,-31.203939],[149.158382,-31.204165],[149.158055,-31.204231],[149.157864,-31.204113],[149.157766,-31.204423],[149.157604,-31.204527],[149.157677,-31.204389],[149.157364,-31.204314],[149.156787,-31.203537],[149.156628,-31.203504],[149.156513,-31.203627],[149.156537,-31.203899],[149.156928,-31.204756],[149.156588,-31.205024],[149.156265,-31.205045],[149.156225,-31.205324],[149.155974,-31.205651],[149.155961,-31.205328],[149.155843,-31.205305],[149.155328,-31.20587],[149.154626,-31.205993],[149.154131,-31.206658],[149.153549,-31.206643],[149.153152,-31.206756],[149.152762,-31.206622],[149.152363,-31.206659],[149.152178,-31.206758],[149.15206,-31.207013],[149.151808,-31.20726],[149.151674,-31.207333],[149.15128,-31.207279],[149.15107,-31.207338],[149.150983,-31.207653],[149.150668,-31.207729],[149.150277,-31.207352],[149.149878,-31.207122],[149.149372,-31.207076],[149.149217,-31.206755],[149.149063,-31.206677],[149.149313,-31.206572],[149.15014,-31.206532],[149.150231,-31.206414],[149.15071,-31.20631],[149.15117,-31.206367],[149.15154,-31.206623],[149.151603,-31.206577],[149.15183,-31.206245],[149.152384,-31.205811],[149.152567,-31.205363],[149.153035,-31.204784],[149.153239,-31.20474],[149.153594,-31.204371],[149.153922,-31.204324],[149.153976,-31.203864],[149.154582,-31.202692],[149.155953,-31.201583],[149.156951,-31.199859],[149.157281,-31.199641],[149.158716,-31.199504],[149.15883,-31.199356],[149.159335,-31.199352],[149.159589,-31.199166],[149.159939,-31.199311],[149.160377,-31.199212],[149.160526,-31.1993],[149.161667,-31.199108],[149.16378,-31.198606],[149.163748,-31.198708],[149.164182,-31.198705],[149.164114,-31.199055],[149.164513,-31.198553],[149.164689,-31.198515],[149.164653,-31.198737],[149.164265,-31.199209],[149.164266,-31.199486],[149.164344,-31.199566],[149.164763,-31.199164],[149.165276,-31.198292],[149.166478,-31.197715],[149.166775,-31.197357],[149.166968,-31.197071],[149.167143,-31.196542],[149.167379,-31.196361],[149.167468,-31.195663],[149.167559,-31.195546],[149.167557,-31.195228],[149.167693,-31.194998],[149.167607,-31.194858],[149.167341,-31.195009],[149.167249,-31.195586],[149.166915,-31.19585],[149.166609,-31.196572],[149.166481,-31.19663],[149.166341,-31.196436],[149.166417,-31.196151],[149.166385,-31.195814],[149.166119,-31.195248],[149.166334,-31.194674],[149.166319,-31.19427],[149.166641,-31.194012],[149.166846,-31.193983],[149.16693,-31.193825],[149.167002,-31.193153],[149.166762,-31.19293],[149.166664,-31.193012],[149.16647,-31.19299],[149.166012,-31.192776],[149.16535,-31.192834],[149.165255,-31.193042],[149.164948,-31.193219],[149.164847,-31.193408],[149.164545,-31.193555],[149.164368,-31.193497],[149.163626,-31.192935],[149.163269,-31.192992],[149.163067,-31.193137],[149.16212,-31.193295],[149.162195,-31.192516],[149.162271,-31.19251],[149.162384,-31.192321],[149.162237,-31.192293],[149.162252,-31.192222],[149.162618,-31.192034],[149.163074,-31.19196],[149.163491,-31.191726],[149.164332,-31.191519],[149.164585,-31.191277],[149.164558,-31.191167],[149.162536,-31.191571],[149.162471,-31.191527],[149.162522,-31.191218],[149.162434,-31.19124],[149.162365,-31.191539],[149.162227,-31.191647],[149.160841,-31.192359],[149.160749,-31.192471],[149.16004,-31.192539],[149.159949,-31.192652],[149.158645,-31.192877],[149.157798,-31.192827],[149.157649,-31.19346],[149.155713,-31.194272],[149.154759,-31.194173],[149.153516,-31.194473],[149.153439,-31.194454],[149.153566,-31.193901],[149.15348,-31.193731],[149.153552,-31.193064],[149.153477,-31.192611],[149.152672,-31.192342],[149.151892,-31.191922],[149.151663,-31.191436],[149.152411,-31.191519],[149.15289,-31.191399],[149.152911,-31.191313],[149.152272,-31.191345],[149.151899,-31.1912],[149.1518,-31.19102],[149.152093,-31.190199],[149.151956,-31.189387],[149.152056,-31.189312],[149.153453,-31.190094],[149.15692,-31.190033],[149.160986,-31.190816],[149.162224,-31.191177],[149.162561,-31.191185],[149.162966,-31.190767],[149.163005,-31.190436],[149.163646,-31.190048],[149.16381,-31.190032],[149.163811,-31.189742],[149.165003,-31.189512],[149.16515,-31.189422],[149.162015,-31.188987],[149.159099,-31.189166],[149.15944,-31.188716],[149.160789,-31.187804],[149.161024,-31.187503],[149.162139,-31.186979],[149.162318,-31.186269],[149.162432,-31.186145],[149.16265,-31.186108],[149.162816,-31.185822],[149.163199,-31.185492],[149.166245,-31.185842],[149.166353,-31.185127],[149.166697,-31.184434],[149.166532,-31.184094],[149.166627,-31.183473],[149.166829,-31.183079],[149.167099,-31.182919],[149.167179,-31.182669],[149.167347,-31.182517],[149.167579,-31.181753],[149.168135,-31.181097],[149.168137,-31.180841],[149.167854,-31.180785],[149.167575,-31.180292],[149.167077,-31.180072],[149.167091,-31.179661],[149.167,-31.179481],[149.166419,-31.179424],[149.166268,-31.179313],[149.166176,-31.179065],[149.165954,-31.178948],[149.165854,-31.178714],[149.164286,-31.178614],[149.164179,-31.178078],[149.163923,-31.177833],[149.163609,-31.177792],[149.163352,-31.177534],[149.162816,-31.177382],[149.162615,-31.177157],[149.161648,-31.177315],[149.160761,-31.177863],[149.159525,-31.177905],[149.158609,-31.177585],[149.158129,-31.177135],[149.159118,-31.176929],[149.159653,-31.176711],[149.160129,-31.176676],[149.160334,-31.176396],[149.160084,-31.176401],[149.159914,-31.176525],[149.159771,-31.176406],[149.15918,-31.176571],[149.158531,-31.176596],[149.158041,-31.176753],[149.157911,-31.176877],[149.157908,-31.176769],[149.158084,-31.176598],[149.158483,-31.17655],[149.158606,-31.176461],[149.158159,-31.176139],[149.15805,-31.176154],[149.157955,-31.176445],[149.157788,-31.176643],[149.157692,-31.176558],[149.157562,-31.176035],[149.157746,-31.174558],[149.158331,-31.172514],[149.159281,-31.170371],[149.159414,-31.169722],[149.159672,-31.169368],[149.159917,-31.168502],[149.16061,-31.167514],[149.160342,-31.167062],[149.159955,-31.166839],[149.15967,-31.166224],[149.159371,-31.166217],[149.159094,-31.165679],[149.158262,-31.164831],[149.157302,-31.164597],[149.157343,-31.164292],[149.157198,-31.163895],[149.157287,-31.163708],[149.15739,-31.162521],[149.157338,-31.162433],[149.15701,-31.162418],[149.15698,-31.162327],[149.157507,-31.161866],[149.157635,-31.161459],[149.157805,-31.161238],[149.157237,-31.160844],[149.157318,-31.160513],[149.157299,-31.159964],[149.15743,-31.159832],[149.158095,-31.159609],[149.158314,-31.15942],[149.158459,-31.159074],[149.158495,-31.157826],[149.157244,-31.157215],[149.157234,-31.156804],[149.157103,-31.156607],[149.157145,-31.155645],[149.157061,-31.155547],[149.157251,-31.155103],[149.15721,-31.154975],[149.156712,-31.154683],[149.156713,-31.154397],[149.156853,-31.15434],[149.156899,-31.154143],[149.156432,-31.154129],[149.156248,-31.154283],[149.155566,-31.154471],[149.154163,-31.154488],[149.154118,-31.15436],[149.153988,-31.154309],[149.153835,-31.154387],[149.153559,-31.154155],[149.153489,-31.153999],[149.153519,-31.153873],[149.153663,-31.153785],[149.153856,-31.153853],[149.154176,-31.154166],[149.154303,-31.154074],[149.154146,-31.15379],[149.153973,-31.153722],[149.153819,-31.153538],[149.15373,-31.153275],[149.153722,-31.152774],[149.153857,-31.152524],[149.154523,-31.151989],[149.154606,-31.151809],[149.154612,-31.151512],[149.154149,-31.150955],[149.154537,-31.150581],[149.154983,-31.149698],[149.155103,-31.147046],[149.155096,-31.14537],[149.155243,-31.14458],[149.155415,-31.144118],[149.155768,-31.143553],[149.15527,-31.142917],[149.153791,-31.142356],[149.150569,-31.139964],[149.146357,-31.139336],[149.135477,-31.140531],[149.135044,-31.140524],[149.133795,-31.139859],[149.132042,-31.139646],[149.129809,-31.139613],[149.129036,-31.139312],[149.126521,-31.138611],[149.126138,-31.138618],[149.125812,-31.138924],[149.125498,-31.139016],[149.125182,-31.139021],[149.124453,-31.139206],[149.123089,-31.139273],[149.122555,-31.13915],[149.12258,-31.139296],[149.122777,-31.139525],[149.124146,-31.140572],[149.124972,-31.140805],[149.125485,-31.141713],[149.125898,-31.142264],[149.125916,-31.142339],[149.125734,-31.142561],[149.125733,-31.142715],[149.12581,-31.142628],[149.126367,-31.143273],[149.126534,-31.143625],[149.126599,-31.144089],[149.126739,-31.144216],[149.126753,-31.144452],[149.126684,-31.144525],[149.126405,-31.144547],[149.126252,-31.144403],[149.126089,-31.144385],[149.125973,-31.144591],[149.125751,-31.144677],[149.125242,-31.144629],[149.12384,-31.145746],[149.123613,-31.145843],[149.122084,-31.14491],[149.121811,-31.144832],[149.121725,-31.144694],[149.121082,-31.144444],[149.120958,-31.144127],[149.120834,-31.144025],[149.120714,-31.14402],[149.119958,-31.144452],[149.12067,-31.14502],[149.121121,-31.145045],[149.122249,-31.145569],[149.123154,-31.146198],[149.123431,-31.146279],[149.123445,-31.146544],[149.123665,-31.147034],[149.125157,-31.148512],[149.125152,-31.148648],[149.125356,-31.148795],[149.125403,-31.149024],[149.124872,-31.149112],[149.124445,-31.148654],[149.124217,-31.148529],[149.123743,-31.148559],[149.123199,-31.148819],[149.123062,-31.148986],[149.122925,-31.150249],[149.122734,-31.150646],[149.122031,-31.150501],[149.121685,-31.150299],[149.120667,-31.149486],[149.120215,-31.148937],[149.120013,-31.148783],[149.11984,-31.148804],[149.119716,-31.148882],[149.119556,-31.149336],[149.119302,-31.14927],[149.1191,-31.149816],[149.118699,-31.15047],[149.118288,-31.150743],[149.116927,-31.150588],[149.11681,-31.150981],[149.118558,-31.151222],[149.118912,-31.151504],[149.122993,-31.152062],[149.123454,-31.15206],[149.12512,-31.152536],[149.125144,-31.153013],[149.124807,-31.153736],[149.124763,-31.154248],[149.124525,-31.154893],[149.124402,-31.155547],[149.124423,-31.15566],[149.124734,-31.155992],[149.124955,-31.156525],[149.124253,-31.158863],[149.1249,-31.161127],[149.124859,-31.162312],[149.123828,-31.163074],[149.123229,-31.163655],[149.122029,-31.164453],[149.120866,-31.164973],[149.11978,-31.165241],[149.118782,-31.165791],[149.118543,-31.166083],[149.117657,-31.166017],[149.1162,-31.166124],[149.116309,-31.16647],[149.115934,-31.166645],[149.115863,-31.16682],[149.115932,-31.167074],[149.115175,-31.167652],[149.115191,-31.167825],[149.11489,-31.167896],[149.11472,-31.167904],[149.114742,-31.167535],[149.114526,-31.167457],[149.114047,-31.166993],[149.113478,-31.166959],[149.113193,-31.16717],[149.112684,-31.167027],[149.111539,-31.166955],[149.111245,-31.167074],[149.110764,-31.167566],[149.109199,-31.16793],[149.104239,-31.167038],[149.103413,-31.167112],[149.102149,-31.166819],[149.101457,-31.166402],[149.100783,-31.166506],[149.100497,-31.166429],[149.100187,-31.166657],[149.099163,-31.166344],[149.098886,-31.16586],[149.098866,-31.165567],[149.098645,-31.165565],[149.098518,-31.166083],[149.098369,-31.166162],[149.098335,-31.166597],[149.097546,-31.166638],[149.09737,-31.166929],[149.097251,-31.16699],[149.097106,-31.166988],[149.0969,-31.166817],[149.096769,-31.166646],[149.096931,-31.166551],[149.096985,-31.166419],[149.096838,-31.166351],[149.096676,-31.16643],[149.096777,-31.165907],[149.096754,-31.165717],[149.096638,-31.165632],[149.096682,-31.164274],[149.096486,-31.164272],[149.096652,-31.161879],[149.097007,-31.160335],[149.097173,-31.159871],[149.098874,-31.157223],[149.099425,-31.156231],[149.100565,-31.154462],[149.101216,-31.153674],[149.099043,-31.153386],[149.098897,-31.152829],[149.099187,-31.152275],[149.098781,-31.152168],[149.09867,-31.1523],[149.098736,-31.152685],[149.098517,-31.152754],[149.098856,-31.153711],[149.098792,-31.153841],[149.098556,-31.154096],[149.098069,-31.153903],[149.097867,-31.154007],[149.098006,-31.154252],[149.098809,-31.15456],[149.098992,-31.15474],[149.099058,-31.154871],[149.099031,-31.155516],[149.098862,-31.155612],[149.098309,-31.155633],[149.097758,-31.15556],[149.097472,-31.155457],[149.097471,-31.155393],[149.09683,-31.155261],[149.097073,-31.155482],[149.098013,-31.155609],[149.098081,-31.155676],[149.097583,-31.156444],[149.097453,-31.157126],[149.096959,-31.157554],[149.096469,-31.157631],[149.096343,-31.15774],[149.096158,-31.158041],[149.09603,-31.158079],[149.095909,-31.158249],[149.096014,-31.15829],[149.09614,-31.15851],[149.095971,-31.158588],[149.095638,-31.158433],[149.09523,-31.15878],[149.094942,-31.158914],[149.09447,-31.15942],[149.094456,-31.160058],[149.094661,-31.160262],[149.094941,-31.160314],[149.095893,-31.160219],[149.095395,-31.160836],[149.094799,-31.161176],[149.094646,-31.161616],[149.094256,-31.161561],[149.093851,-31.16161],[149.093525,-31.161448],[149.092961,-31.161373],[149.092399,-31.161903],[149.092438,-31.162353],[149.091794,-31.162459],[149.091494,-31.162315],[149.091495,-31.16212],[149.091393,-31.16225],[149.09093,-31.162406],[149.090813,-31.162628],[149.090824,-31.162871],[149.090957,-31.163074],[149.090799,-31.163712],[149.090906,-31.163768],[149.091133,-31.163721],[149.091178,-31.163529],[149.092149,-31.16493],[149.092035,-31.165276],[149.091766,-31.16547],[149.091604,-31.165725],[149.091908,-31.165706],[149.092133,-31.165484],[149.092265,-31.165126],[149.092556,-31.165366],[149.092724,-31.165907],[149.090941,-31.16626],[149.090335,-31.166216],[149.090045,-31.166315],[149.089145,-31.167039],[149.088464,-31.167133],[149.087992,-31.167733],[149.087814,-31.168183],[149.087672,-31.168171],[149.087721,-31.168013],[149.087656,-31.167966],[149.087493,-31.167985],[149.087465,-31.168103],[149.087306,-31.168168],[149.087003,-31.168016],[149.086643,-31.167972],[149.086586,-31.16803],[149.086631,-31.168523],[149.086548,-31.168539],[149.086546,-31.16846],[149.086286,-31.16873],[149.085689,-31.168855],[149.085656,-31.169221],[149.085443,-31.169711],[149.085532,-31.170354],[149.085272,-31.170617],[149.085092,-31.171374],[149.084976,-31.171219],[149.084675,-31.171672],[149.084109,-31.17191],[149.083422,-31.172445],[149.083352,-31.172464],[149.083278,-31.172344],[149.083148,-31.172464],[149.083125,-31.172379],[149.082788,-31.173129],[149.082601,-31.17315],[149.081669,-31.172823],[149.083447,-31.173533],[149.083315,-31.173736],[149.083156,-31.173735],[149.083046,-31.173848],[149.082964,-31.173724],[149.08292,-31.173772],[149.082895,-31.174137],[149.082555,-31.174555],[149.082601,-31.174744],[149.082492,-31.174896],[149.082319,-31.175],[149.081681,-31.174975],[149.081614,-31.175133],[149.081651,-31.176],[149.08184,-31.176412],[149.081786,-31.176595],[149.081835,-31.176741],[149.08218,-31.176904],[149.082531,-31.176951],[149.082668,-31.177117],[149.082456,-31.178725],[149.082381,-31.178924],[149.082194,-31.179099],[149.081618,-31.179227],[149.081561,-31.179471],[149.08166,-31.179788],[149.081593,-31.179987],[149.081715,-31.180038],[149.082262,-31.179732],[149.082237,-31.180065],[149.081842,-31.180265],[149.081897,-31.180343],[149.082234,-31.180294],[149.082253,-31.180215],[149.082873,-31.180201],[149.083439,-31.179976],[149.083731,-31.180186],[149.086125,-31.1805],[149.084903,-31.182036],[149.085294,-31.182745],[149.085883,-31.183007],[149.085661,-31.18314],[149.085755,-31.183242],[149.085717,-31.183383],[149.0853,-31.183547],[149.085178,-31.183682],[149.085244,-31.183985],[149.085681,-31.184171],[149.085738,-31.184288],[149.085298,-31.184897],[149.085142,-31.184807],[149.084742,-31.184796],[149.084621,-31.185156],[149.084774,-31.185458],[149.08464,-31.185596],[149.084518,-31.185545],[149.084068,-31.185187],[149.0837,-31.184599],[149.083595,-31.184024],[149.083836,-31.183623],[149.083828,-31.183469],[149.082894,-31.184688],[149.082739,-31.185214],[149.083051,-31.185538],[149.083252,-31.185574],[149.083225,-31.185656],[149.08279,-31.185614],[149.082557,-31.185772],[149.081938,-31.18767],[149.081438,-31.187997],[149.080984,-31.188184],[149.080684,-31.188196],[149.081751,-31.188981],[149.082619,-31.189283],[149.082712,-31.189407],[149.082745,-31.189955],[149.082645,-31.190422],[149.082874,-31.19132],[149.082817,-31.191548],[149.083009,-31.191741],[149.083401,-31.193072],[149.082544,-31.192973],[149.082402,-31.19282],[149.081885,-31.192662],[149.081631,-31.192786],[149.080995,-31.192617],[149.080711,-31.192963],[149.080595,-31.193335],[149.080133,-31.19348],[149.078675,-31.193499],[149.076475,-31.193256],[149.076521,-31.192807],[149.076412,-31.192594],[149.076623,-31.191845],[149.077514,-31.191012],[149.077839,-31.190063],[149.077804,-31.189771],[149.077454,-31.189318],[149.077432,-31.188972],[149.077194,-31.188582],[149.077517,-31.187556],[149.075331,-31.187581],[149.07532,-31.187146],[149.075585,-31.186878],[149.075517,-31.186641],[149.075604,-31.186484],[149.075558,-31.186318],[149.075388,-31.186159],[149.075414,-31.185777],[149.074539,-31.185768],[149.07449,-31.185154],[149.07437,-31.184756],[149.074521,-31.184379],[149.075128,-31.18361],[149.075295,-31.183052],[149.076723,-31.181422],[149.077677,-31.179776],[149.077842,-31.179093],[149.077909,-31.177467],[149.07785,-31.176722],[149.078138,-31.176559],[149.078207,-31.175814],[149.078099,-31.175613],[149.079071,-31.174116],[149.079832,-31.173121],[149.08066,-31.171695],[149.08062,-31.171619],[149.080177,-31.171531],[149.080151,-31.171024],[149.080085,-31.170879],[149.079914,-31.170836],[149.080197,-31.170444],[149.080325,-31.17043],[149.080497,-31.17023],[149.08053,-31.169985],[149.080225,-31.170002],[149.080233,-31.169921],[149.080617,-31.169712],[149.080714,-31.169561],[149.081102,-31.168313],[149.081045,-31.167821],[149.080861,-31.167341],[149.080688,-31.167365],[149.080591,-31.167095],[149.080528,-31.167075],[149.08054,-31.16729],[149.080353,-31.167155],[149.080147,-31.167228],[149.079917,-31.16722],[149.079765,-31.1671],[149.079437,-31.167147],[149.079205,-31.167029],[149.078983,-31.166567],[149.079008,-31.166913],[149.078945,-31.167063],[149.078699,-31.166894],[149.078528,-31.166876],[149.078452,-31.166737],[149.078522,-31.166324],[149.078987,-31.165561],[149.078966,-31.16435],[149.079172,-31.1638],[149.079315,-31.16367],[149.079313,-31.163296],[149.079169,-31.163218],[149.079201,-31.163421],[149.079046,-31.163752],[149.078966,-31.163747],[149.078552,-31.163098],[149.077927,-31.162661],[149.077962,-31.162979],[149.076196,-31.161953],[149.075813,-31.16187],[149.075517,-31.161672],[149.075421,-31.16159],[149.075503,-31.161517],[149.075374,-31.161182],[149.075555,-31.161242],[149.075675,-31.161458],[149.076016,-31.16167],[149.076896,-31.162177],[149.077376,-31.162363],[149.077639,-31.162337],[149.078111,-31.162505],[149.077955,-31.162204],[149.077703,-31.162136],[149.077534,-31.161841],[149.077589,-31.161702],[149.077697,-31.161707],[149.077882,-31.161921],[149.078026,-31.161814],[149.07821,-31.16185],[149.078223,-31.162253],[149.078384,-31.162441],[149.078527,-31.162474],[149.078556,-31.162387],[149.078946,-31.162578],[149.079181,-31.162377],[149.079702,-31.162562],[149.079968,-31.162524],[149.079759,-31.162173],[149.079819,-31.162082],[149.079688,-31.161667],[149.079712,-31.161499],[149.079847,-31.1615],[149.080393,-31.161216],[149.08095,-31.161138],[149.081007,-31.161053],[149.080942,-31.160965],[149.081519,-31.160856],[149.081979,-31.160466],[149.081974,-31.160275],[149.081726,-31.160193],[149.081816,-31.159887],[149.0816,-31.159712],[149.081605,-31.159634],[149.08175,-31.159605],[149.081647,-31.15935],[149.081759,-31.159208],[149.081541,-31.15925],[149.081444,-31.1591],[149.081087,-31.159127],[149.080911,-31.15904],[149.080671,-31.159304],[149.080246,-31.159237],[149.080213,-31.159449],[149.080473,-31.159719],[149.080226,-31.159726],[149.080176,-31.159945],[149.079984,-31.159886],[149.079861,-31.15998],[149.079732,-31.159947],[149.079597,-31.159818],[149.079702,-31.159571],[149.079569,-31.159514],[149.079639,-31.159414],[149.079612,-31.159268],[149.080139,-31.159268],[149.080232,-31.159058],[149.080237,-31.158706],[149.080149,-31.158492],[149.080004,-31.158378],[149.080008,-31.158253],[149.080192,-31.158259],[149.080267,-31.158499],[149.080763,-31.158631],[149.080969,-31.158096],[149.080967,-31.157986],[149.080844,-31.157919],[149.080862,-31.15782],[149.081186,-31.157704],[149.081267,-31.157315],[149.081478,-31.157297],[149.081538,-31.157463],[149.081838,-31.157702],[149.081924,-31.157665],[149.081941,-31.157515],[149.081876,-31.157245],[149.081936,-31.156689],[149.081748,-31.156522],[149.081419,-31.156522],[149.081229,-31.156426],[149.081333,-31.156099],[149.081168,-31.156051],[149.081213,-31.155878],[149.081124,-31.155625],[149.081389,-31.155394],[149.081411,-31.155134],[149.080853,-31.15515],[149.080586,-31.155312],[149.080585,-31.155441],[149.080403,-31.155512],[149.079913,-31.155204],[149.079929,-31.155144],[149.079799,-31.155075],[149.079825,-31.154991],[149.080201,-31.15457],[149.080296,-31.154664],[149.080553,-31.154662],[149.081455,-31.154357],[149.081552,-31.154168],[149.081929,-31.154266],[149.08238,-31.154138],[149.082235,-31.154022],[149.082271,-31.153928],[149.08206,-31.153813],[149.08228,-31.153696],[149.079881,-31.153352],[149.079704,-31.153191],[149.080047,-31.152883],[149.080024,-31.152788],[149.079358,-31.153256],[149.077837,-31.15307],[149.077925,-31.15297],[149.07838,-31.152834],[149.077514,-31.153061],[149.076385,-31.152862],[149.076353,-31.151326],[149.076436,-31.151166],[149.07634,-31.151031],[149.076478,-31.151019],[149.076766,-31.151182],[149.076985,-31.151181],[149.077194,-31.15107],[149.07709,-31.151069],[149.077101,-31.150934],[149.076944,-31.150892],[149.076997,-31.150808],[149.07719,-31.150906],[149.07733,-31.150793],[149.077424,-31.150812],[149.077435,-31.150678],[149.077889,-31.150661],[149.077796,-31.150833],[149.077531,-31.150927],[149.0775,-31.151082],[149.077729,-31.150959],[149.077865,-31.151118],[149.077789,-31.151301],[149.07822,-31.151315],[149.078211,-31.151211],[149.07842,-31.150974],[149.078346,-31.150477],[149.076056,-31.148964],[149.076023,-31.148875],[149.075281,-31.148754],[149.07531,-31.148682],[149.075687,-31.14863],[149.075858,-31.148523],[149.076189,-31.148559],[149.076223,-31.148386],[149.075844,-31.148368],[149.075276,-31.148542],[149.074667,-31.148487],[149.074392,-31.148435],[149.074162,-31.148224],[149.073473,-31.148018],[149.07351,-31.147492],[149.073868,-31.147856],[149.074023,-31.147781],[149.074175,-31.147316],[149.074349,-31.147343],[149.074442,-31.147001],[149.07445,-31.145984],[149.074599,-31.145378],[149.075085,-31.14463],[149.075694,-31.14473],[149.07579,-31.14468],[149.075967,-31.144221],[149.076006,-31.142602],[149.076298,-31.140813],[149.076428,-31.140441],[149.076281,-31.140228],[149.073951,-31.140453],[149.073914,-31.139758],[149.074334,-31.139608],[149.074369,-31.139497],[149.07401,-31.139243],[149.073629,-31.139116],[149.073895,-31.138762],[149.074164,-31.138704],[149.07415,-31.138546],[149.074308,-31.138507],[149.074248,-31.138442],[149.073382,-31.138356],[149.073334,-31.138094],[149.073158,-31.137963],[149.072702,-31.138045],[149.072055,-31.137686],[149.071415,-31.137897],[149.070929,-31.137911],[149.069752,-31.137716],[149.068103,-31.137676],[149.067542,-31.137587],[149.0673,-31.137463],[149.067198,-31.137229],[149.066867,-31.137079],[149.066405,-31.137102],[149.066004,-31.136938],[149.064924,-31.136865]],[[148.986728,-31.348898],[148.987109,-31.349446],[148.987142,-31.350237],[148.989561,-31.351885],[148.991348,-31.35208],[148.992015,-31.35166],[148.992546,-31.350689],[148.99355,-31.350923],[148.995162,-31.35153],[148.996191,-31.352871],[148.996358,-31.354174],[148.995987,-31.356818],[148.995393,-31.358463],[148.994277,-31.360104],[148.993012,-31.363316],[148.992787,-31.364982],[148.992992,-31.365875],[148.993069,-31.3659],[148.993552,-31.368253],[148.994447,-31.369109],[148.994777,-31.370119],[148.993159,-31.370634],[148.992622,-31.371381],[148.992933,-31.37222],[148.993037,-31.372746],[148.989718,-31.372827],[148.987457,-31.372771],[148.985837,-31.372508],[148.980007,-31.370901],[148.979611,-31.371066],[148.977406,-31.371445],[148.974873,-31.371631],[148.97324,-31.371446],[148.97135,-31.370778],[148.970163,-31.371311],[148.969139,-31.372278],[148.967918,-31.37268],[148.966636,-31.372437],[148.965855,-31.372568],[148.964955,-31.37286],[148.964783,-31.372045],[148.964682,-31.370938],[148.964079,-31.370065],[148.963363,-31.369667],[148.962713,-31.370152],[148.961773,-31.370036],[148.959162,-31.369445],[148.957952,-31.369649],[148.957152,-31.370334],[148.955157,-31.371158],[148.953934,-31.370795],[148.95334,-31.369644],[148.953768,-31.368081],[148.953811,-31.367249],[148.952469,-31.367046],[148.951393,-31.366325],[148.951058,-31.365763],[148.95004,-31.365608],[148.949186,-31.364501],[148.948024,-31.364084],[148.948325,-31.363802],[148.94919,-31.363274],[148.950021,-31.3633],[148.950516,-31.363477],[148.950527,-31.363978],[148.951158,-31.363994],[148.952037,-31.363413],[148.952775,-31.363428],[148.953362,-31.364276],[148.953787,-31.364031],[148.954294,-31.364749],[148.955071,-31.365119],[148.955521,-31.365322],[148.955746,-31.365068],[148.956445,-31.364674],[148.957068,-31.36506],[148.957745,-31.365814],[148.958493,-31.36629],[148.959924,-31.366359],[148.960136,-31.366897],[148.961469,-31.367403],[148.964353,-31.367159],[148.965702,-31.366279],[148.964574,-31.363897],[148.965,-31.363719],[148.96549,-31.36292],[148.965503,-31.362115],[148.965089,-31.361436],[148.963637,-31.361143],[148.962655,-31.361211],[148.961913,-31.361711],[148.961745,-31.363152],[148.961065,-31.362991],[148.961115,-31.363861],[148.960408,-31.363186],[148.959871,-31.363221],[148.958925,-31.363514],[148.958777,-31.362382],[148.958409,-31.361741],[148.957538,-31.362652],[148.95695,-31.362464],[148.956919,-31.361752],[148.957721,-31.360499],[148.958626,-31.359707],[148.958623,-31.358876],[148.957893,-31.358505],[148.956654,-31.358063],[148.955843,-31.358235],[148.954813,-31.358924],[148.953946,-31.359334],[148.952042,-31.358744],[148.951754,-31.358221],[148.951648,-31.356865],[148.953266,-31.357076],[148.953476,-31.356822],[148.953187,-31.356233],[148.952986,-31.355485],[148.953878,-31.354824],[148.952818,-31.354142],[148.951232,-31.353284],[148.950704,-31.352316],[148.950529,-31.351343],[148.951177,-31.350053],[148.952087,-31.349435],[148.954326,-31.349264],[148.95532,-31.349763],[148.956271,-31.350381],[148.957481,-31.350915],[148.960033,-31.352338],[148.963294,-31.353195],[148.966147,-31.352925],[148.966779,-31.353706],[148.96853,-31.35505],[148.97183,-31.35559],[148.972161,-31.355255],[148.972812,-31.354809],[148.974098,-31.35459],[148.97432,-31.35489],[148.974262,-31.355735],[148.974528,-31.356667],[148.973193,-31.357427],[148.972576,-31.358031],[148.972762,-31.359518],[148.973767,-31.360465],[148.976772,-31.359466],[148.977245,-31.359973],[148.97787,-31.359739],[148.97783,-31.358658],[148.97825,-31.358849],[148.978774,-31.359631],[148.979004,-31.360999],[148.980511,-31.36174],[148.982297,-31.361843],[148.98343,-31.360967],[148.983654,-31.359275],[148.984304,-31.356033],[148.984831,-31.352754],[148.986011,-31.348422],[148.986728,-31.348898]],[[149.110284,-31.193906],[149.109939,-31.192902],[149.110108,-31.192664],[149.109785,-31.192303],[149.109517,-31.192236],[149.109248,-31.191488],[149.109834,-31.191418],[149.109532,-31.189583],[149.111235,-31.18971],[149.111514,-31.189392],[149.111401,-31.189045],[149.110506,-31.188736],[149.109559,-31.187772],[149.109552,-31.187471],[149.107623,-31.184552],[149.107557,-31.183837],[149.107223,-31.183001],[149.107123,-31.182323],[149.107196,-31.181877],[149.107573,-31.181545],[149.108,-31.180948],[149.107863,-31.1805],[149.107854,-31.179829],[149.108141,-31.179797],[149.108157,-31.179887],[149.108325,-31.179914],[149.108426,-31.180033],[149.108812,-31.180086],[149.109799,-31.179528],[149.111576,-31.181013],[149.111136,-31.182241],[149.111433,-31.182651],[149.112037,-31.183068],[149.112813,-31.183313],[149.11444,-31.183507],[149.114957,-31.18345],[149.1155,-31.183374],[149.115707,-31.182655],[149.116526,-31.182941],[149.116862,-31.183272],[149.117345,-31.183559],[149.117767,-31.183654],[149.117937,-31.183322],[149.117984,-31.183345],[149.118225,-31.183803],[149.118141,-31.184004],[149.119273,-31.184632],[149.119313,-31.183903],[149.119373,-31.183832],[149.119075,-31.183368],[149.119093,-31.183153],[149.118552,-31.182852],[149.118194,-31.182485],[149.118839,-31.182534],[149.11893,-31.181937],[149.119429,-31.181171],[149.1172,-31.180386],[149.116768,-31.179864],[149.116898,-31.179428],[149.117289,-31.179097],[149.117315,-31.177569],[149.117609,-31.177257],[149.118012,-31.176564],[149.118064,-31.176088],[149.116354,-31.174753],[149.11404,-31.175996],[149.110262,-31.176284],[149.110666,-31.17502],[149.110537,-31.174006],[149.110218,-31.172929],[149.109705,-31.171915],[149.109262,-31.171261],[149.108083,-31.170488],[149.107972,-31.16993],[149.108317,-31.169726],[149.109668,-31.170677],[149.110551,-31.171016],[149.110805,-31.171427],[149.11082,-31.172052],[149.111874,-31.174061],[149.111929,-31.174577],[149.112662,-31.174823],[149.113519,-31.174682],[149.114502,-31.173937],[149.114599,-31.174482],[149.11542,-31.1743],[149.115507,-31.174154],[149.116321,-31.173947],[149.116611,-31.174375],[149.117235,-31.174136],[149.117101,-31.173813],[149.117359,-31.173484],[149.117859,-31.173644],[149.11845,-31.174054],[149.118653,-31.174376],[149.119074,-31.173833],[149.119145,-31.173579],[149.118271,-31.172981],[149.118568,-31.172531],[149.119358,-31.17221],[149.119381,-31.171705],[149.11886,-31.171213],[149.118667,-31.170791],[149.117974,-31.170779],[149.117386,-31.171378],[149.116849,-31.171731],[149.115979,-31.171914],[149.114635,-31.171859],[149.114844,-31.171254],[149.115729,-31.171113],[149.115536,-31.17093],[149.114837,-31.170635],[149.114736,-31.170222],[149.11493,-31.169845],[149.115766,-31.169121],[149.116141,-31.168676],[149.116479,-31.168207],[149.116466,-31.167942],[149.116623,-31.167759],[149.117277,-31.167633],[149.117915,-31.167117],[149.118478,-31.166969],[149.118595,-31.166858],[149.119092,-31.166874],[149.120458,-31.166694],[149.120559,-31.166499],[149.126509,-31.167286],[149.127922,-31.16758],[149.126953,-31.168631],[149.130148,-31.171209],[149.128486,-31.171912],[149.127469,-31.172989],[149.127225,-31.171838],[149.127328,-31.17085],[149.127145,-31.17054],[149.125494,-31.171676],[149.124968,-31.171354],[149.124413,-31.172116],[149.124914,-31.172594],[149.125556,-31.173708],[149.125432,-31.174083],[149.124668,-31.175221],[149.123767,-31.176145],[149.123265,-31.176809],[149.124809,-31.177023],[149.125117,-31.176741],[149.126576,-31.176932],[149.126335,-31.179131],[149.125388,-31.179346],[149.124526,-31.180462],[149.123922,-31.180942],[149.123906,-31.181748],[149.124863,-31.182261],[149.12481,-31.180932],[149.125175,-31.180962],[149.129942,-31.179327],[149.130418,-31.179649],[149.130191,-31.180116],[149.129718,-31.180215],[149.12871,-31.180172],[149.128202,-31.180302],[149.127976,-31.180799],[149.125978,-31.181483],[149.126797,-31.181806],[149.127987,-31.181857],[149.128678,-31.181478],[149.129438,-31.181681],[149.128924,-31.182141],[149.128728,-31.183312],[149.128994,-31.184191],[149.128906,-31.184337],[149.125904,-31.182206],[149.125464,-31.182244],[149.124385,-31.184855],[149.12321,-31.184846],[149.122038,-31.186773],[149.122151,-31.187096],[149.122109,-31.187427],[149.121654,-31.187399],[149.121115,-31.187102],[149.121008,-31.187615],[149.121477,-31.187883],[149.12143,-31.188299],[149.121091,-31.188756],[149.121294,-31.189913],[149.121697,-31.190093],[149.122665,-31.189908],[149.123232,-31.189615],[149.123345,-31.189396],[149.123603,-31.189362],[149.123663,-31.189824],[149.122691,-31.191302],[149.122542,-31.191239],[149.121733,-31.191638],[149.121835,-31.192406],[149.122443,-31.192672],[149.123456,-31.1923],[149.125194,-31.193586],[149.11995,-31.197593],[149.11871,-31.198433],[149.117294,-31.198927],[149.115217,-31.198656],[149.114294,-31.198113],[149.113042,-31.196944],[149.112169,-31.196412],[149.111155,-31.195533],[149.110284,-31.193906]],[[149.188729,-31.217242],[149.18809,-31.216587],[149.187405,-31.216175],[149.187361,-31.215828],[149.187448,-31.215549],[149.187845,-31.215218],[149.186114,-31.214533],[149.186003,-31.214585],[149.186017,-31.214686],[149.186216,-31.214869],[149.185507,-31.214715],[149.185039,-31.214552],[149.184873,-31.214247],[149.184631,-31.214196],[149.184428,-31.214048],[149.184505,-31.214314],[149.184784,-31.214456],[149.184769,-31.214572],[149.184289,-31.214858],[149.183438,-31.214894],[149.183448,-31.215075],[149.183679,-31.215384],[149.181653,-31.215158],[149.18122,-31.215221],[149.180971,-31.215536],[149.180896,-31.215509],[149.180686,-31.215096],[149.180155,-31.214734],[149.180162,-31.214593],[149.180436,-31.214566],[149.180417,-31.214462],[149.179956,-31.214153],[149.179823,-31.213874],[149.179834,-31.213674],[149.180245,-31.213236],[149.180147,-31.212866],[149.179941,-31.212639],[149.179718,-31.212797],[149.179326,-31.212718],[149.179359,-31.212364],[149.178829,-31.212033],[149.178366,-31.212096],[149.178326,-31.211508],[149.178537,-31.211322],[149.178746,-31.210793],[149.178724,-31.210086],[149.179049,-31.210021],[149.179026,-31.209709],[149.179191,-31.209579],[149.17937,-31.209762],[149.179582,-31.210035],[149.17955,-31.210248],[149.179427,-31.210364],[149.179693,-31.210246],[149.179754,-31.21039],[149.179673,-31.210541],[149.180115,-31.210918],[149.180548,-31.211812],[149.180943,-31.212227],[149.181262,-31.212765],[149.181458,-31.212779],[149.181885,-31.212586],[149.182127,-31.212097],[149.182341,-31.212007],[149.182307,-31.211921],[149.182388,-31.211775],[149.182546,-31.21179],[149.182719,-31.211959],[149.182955,-31.212322],[149.182949,-31.212531],[149.183161,-31.212568],[149.183445,-31.212943],[149.184322,-31.213005],[149.184402,-31.212826],[149.183986,-31.212648],[149.183924,-31.212472],[149.184266,-31.212466],[149.18455,-31.212642],[149.185334,-31.212791],[149.185475,-31.212925],[149.186939,-31.213288],[149.188576,-31.213377],[149.188966,-31.21356],[149.189102,-31.213744],[149.189134,-31.213996],[149.189561,-31.21449],[149.191121,-31.215314],[149.191572,-31.215354],[149.192849,-31.215821],[149.193258,-31.216158],[149.193336,-31.216483],[149.193184,-31.216564],[149.193165,-31.216679],[149.193264,-31.218424],[149.19367,-31.218912],[149.193994,-31.219766],[149.193604,-31.219688],[149.193194,-31.219792],[149.192989,-31.220107],[149.19278,-31.220036],[149.192725,-31.219729],[149.192475,-31.219592],[149.192428,-31.219336],[149.192134,-31.219104],[149.192331,-31.218964],[149.19235,-31.218817],[149.19226,-31.218733],[149.19192,-31.218739],[149.191213,-31.218434],[149.190762,-31.218498],[149.190347,-31.219267],[149.190009,-31.219162],[149.18973,-31.218799],[149.189083,-31.218538],[149.188838,-31.218583],[149.18884,-31.217719],[149.188729,-31.217242]],[[149.042153,-31.40007],[149.042555,-31.400116],[149.042895,-31.40029],[149.043018,-31.400513],[149.044234,-31.401072],[149.044151,-31.401214],[149.044182,-31.401319],[149.043684,-31.401404],[149.043434,-31.401742],[149.043637,-31.402048],[149.043788,-31.402059],[149.043719,-31.401881],[149.043917,-31.401938],[149.043921,-31.40211],[149.044024,-31.402178],[149.043952,-31.402218],[149.043997,-31.40241],[149.044248,-31.402666],[149.044212,-31.403078],[149.04438,-31.403289],[149.044248,-31.403414],[149.04431,-31.403666],[149.043764,-31.40378],[149.043791,-31.40405],[149.043967,-31.404237],[149.044193,-31.404307],[149.04402,-31.404415],[149.04403,-31.404499],[149.044235,-31.404738],[149.044358,-31.404719],[149.044473,-31.404927],[149.044854,-31.404949],[149.045245,-31.404841],[149.045759,-31.405363],[149.045883,-31.405593],[149.046051,-31.405587],[149.045944,-31.405385],[149.046042,-31.405366],[149.0463,-31.405541],[149.046132,-31.405571],[149.046235,-31.405749],[149.046613,-31.405662],[149.046461,-31.405787],[149.04638,-31.406059],[149.046102,-31.405877],[149.045911,-31.40593],[149.046293,-31.406176],[149.046287,-31.406289],[149.046219,-31.406185],[149.04597,-31.406185],[149.045985,-31.406318],[149.046291,-31.406661],[149.04646,-31.406721],[149.046388,-31.406775],[149.046472,-31.4069],[149.046855,-31.407154],[149.046829,-31.407218],[149.046551,-31.407106],[149.045812,-31.407216],[149.045201,-31.406601],[149.04483,-31.40594],[149.04445,-31.40557],[149.043944,-31.404897],[149.043623,-31.405011],[149.043174,-31.404692],[149.041996,-31.404538],[149.041885,-31.404695],[149.041008,-31.404291],[149.041324,-31.404138],[149.041086,-31.403896],[149.041125,-31.403815],[149.041576,-31.40366],[149.041738,-31.403767],[149.04171,-31.403623],[149.041012,-31.402746],[149.040313,-31.402631],[149.040314,-31.402494],[149.040494,-31.40248],[149.040278,-31.40215],[149.040238,-31.401631],[149.040341,-31.401278],[149.040195,-31.400975],[149.040551,-31.401149],[149.041284,-31.401699],[149.04113,-31.401417],[149.041466,-31.401236],[149.041569,-31.401283],[149.041662,-31.40104],[149.041471,-31.400899],[149.041425,-31.400675],[149.041532,-31.400684],[149.041586,-31.400908],[149.041686,-31.400808],[149.041617,-31.400482],[149.041749,-31.400487],[149.041831,-31.400124],[149.041918,-31.400182],[149.042153,-31.40007]],[[149.052138,-31.380252],[149.052086,-31.380136],[149.052198,-31.380013],[149.052377,-31.379968],[149.052804,-31.380064],[149.052446,-31.38036],[149.052424,-31.380641],[149.053186,-31.380811],[149.053978,-31.380859],[149.054088,-31.380899],[149.054391,-31.381278],[149.054672,-31.381157],[149.054939,-31.381171],[149.055339,-31.380753],[149.055233,-31.380633],[149.055504,-31.380587],[149.056135,-31.380764],[149.056437,-31.380595],[149.056602,-31.380677],[149.056486,-31.380824],[149.056743,-31.381124],[149.056892,-31.381467],[149.05714,-31.383339],[149.056913,-31.383427],[149.056455,-31.383397],[149.055735,-31.383184],[149.055222,-31.383403],[149.054741,-31.383364],[149.05481,-31.383742],[149.055155,-31.383834],[149.055166,-31.383936],[149.051974,-31.383516],[149.05179,-31.383332],[149.051124,-31.383263],[149.050861,-31.382982],[149.051141,-31.382818],[149.052044,-31.383215],[149.052666,-31.383215],[149.052191,-31.382937],[149.052277,-31.382889],[149.052266,-31.382646],[149.051866,-31.382554],[149.051782,-31.382457],[149.051609,-31.382502],[149.051463,-31.382312],[149.051722,-31.381681],[149.051617,-31.381608],[149.051399,-31.381616],[149.051226,-31.381436],[149.051775,-31.381376],[149.052263,-31.381495],[149.05181,-31.380983],[149.051493,-31.380946],[149.051457,-31.380815],[149.051559,-31.38072],[149.052023,-31.380998],[149.051915,-31.38078],[149.051999,-31.380624],[149.051962,-31.380452],[149.052272,-31.380419],[149.052138,-31.380252]],[[148.996474,-31.379897],[148.998419,-31.381266],[148.997464,-31.381094],[148.996313,-31.381458],[148.994566,-31.38406],[148.991543,-31.384643],[148.991287,-31.382984],[148.992433,-31.382453],[148.993479,-31.381766],[148.994038,-31.381673],[148.994565,-31.381246],[148.995111,-31.380578],[148.995464,-31.379997],[148.996078,-31.379641],[148.996474,-31.379897]],[[149.025561,-31.346433],[149.025228,-31.345847],[149.024649,-31.345121],[149.024085,-31.344825],[149.023589,-31.344409],[149.023612,-31.344187],[149.022832,-31.34417],[149.022394,-31.343896],[149.021995,-31.34346],[149.021787,-31.342854],[149.021896,-31.342392],[149.023017,-31.341764],[149.023364,-31.341705],[149.024183,-31.341913],[149.024545,-31.342236],[149.024964,-31.342929],[149.024989,-31.343437],[149.025213,-31.343845],[149.025479,-31.344224],[149.025688,-31.344226],[149.026405,-31.345823],[149.027105,-31.346654],[149.026053,-31.346964],[149.025561,-31.346433]],[[149.016847,-31.394358],[149.014959,-31.391038],[149.015205,-31.390986],[149.016441,-31.38988],[149.016494,-31.390515],[149.017205,-31.391324],[149.017221,-31.392431],[149.017087,-31.392912],[149.017948,-31.394033],[149.017877,-31.394431],[149.016847,-31.394358]],[[149.045194,-31.377304],[149.04563,-31.377229],[149.045712,-31.377406],[149.046151,-31.377781],[149.046317,-31.378166],[149.046268,-31.378554],[149.046411,-31.378878],[149.046648,-31.378893],[149.046924,-31.379362],[149.046716,-31.379698],[149.045833,-31.379989],[149.045397,-31.379399],[149.045378,-31.379184],[149.044592,-31.378673],[149.044187,-31.378169],[149.043866,-31.377577],[149.044499,-31.377352],[149.045291,-31.377487],[149.045325,-31.377413],[149.045194,-31.377304]],[[149.150271,-31.210621],[149.150668,-31.209802],[149.150762,-31.209786],[149.150735,-31.210276],[149.150644,-31.210421],[149.150896,-31.2105],[149.150931,-31.210798],[149.150569,-31.211125],[149.151171,-31.211548],[149.151133,-31.211797],[149.150983,-31.212039],[149.150664,-31.212281],[149.150543,-31.212581],[149.150242,-31.212771],[149.149002,-31.21274],[149.148941,-31.212868],[149.148662,-31.212811],[149.148917,-31.21219],[149.148992,-31.211628],[149.149281,-31.211388],[149.149333,-31.21124],[149.149286,-31.210665],[149.149959,-31.210813],[149.150092,-31.210689],[149.150215,-31.21072],[149.150271,-31.210621]],[[149.046424,-31.328492],[149.046297,-31.328293],[149.046291,-31.328035],[149.047038,-31.326619],[149.047775,-31.326759],[149.047691,-31.326952],[149.048367,-31.327351],[149.048437,-31.327465],[149.04803,-31.327691],[149.047881,-31.32798],[149.047975,-31.328179],[149.048412,-31.328334],[149.048718,-31.328568],[149.0485,-31.328762],[149.048119,-31.328635],[149.047116,-31.328098],[149.046749,-31.328601],[149.046424,-31.328492]],[[149.046046,-31.345462],[149.046481,-31.345318],[149.046626,-31.345441],[149.047787,-31.345841],[149.048173,-31.345583],[149.048838,-31.345651],[149.048869,-31.346095],[149.049129,-31.346681],[149.048687,-31.346706],[149.048669,-31.346843],[149.048355,-31.346794],[149.048036,-31.346868],[149.047755,-31.346629],[149.047601,-31.346639],[149.047543,-31.346482],[149.046728,-31.346424],[149.046725,-31.346145],[149.046367,-31.345983],[149.04643,-31.345824],[149.046207,-31.345731],[149.045873,-31.345722],[149.045762,-31.345617],[149.045751,-31.345513],[149.046046,-31.345462]],[[148.974033,-31.191525],[148.973998,-31.191939],[148.973402,-31.192638],[148.972891,-31.192418],[148.972142,-31.192604],[148.972657,-31.192145],[148.972736,-31.190579],[148.972867,-31.190364],[148.973244,-31.19038],[148.973648,-31.190528],[148.973846,-31.190843],[148.973983,-31.190915],[148.974024,-31.191106],[148.97396,-31.191308],[148.974033,-31.191525]],[[149.067015,-31.275726],[149.067099,-31.275259],[149.067426,-31.274884],[149.067239,-31.274844],[149.06722,-31.274727],[149.06743,-31.274568],[149.067831,-31.274452],[149.068117,-31.274211],[149.068064,-31.273975],[149.068199,-31.273796],[149.068172,-31.273589],[149.068407,-31.273544],[149.068342,-31.273837],[149.068616,-31.273927],[149.068822,-31.273788],[149.068797,-31.273934],[149.069045,-31.274063],[149.068812,-31.274454],[149.068877,-31.274494],[149.069504,-31.274337],[149.069361,-31.274507],[149.069365,-31.274695],[149.06868,-31.275123],[149.068285,-31.275098],[149.067639,-31.275315],[149.067354,-31.27573],[149.067015,-31.275726]],[[149.152761,-31.210092],[149.153615,-31.209797],[149.153606,-31.20986],[149.153764,-31.209931],[149.153871,-31.20987],[149.154139,-31.209919],[149.15414,-31.210119],[149.15381,-31.210531],[149.153888,-31.210741],[149.153846,-31.210858],[149.153193,-31.210867],[149.153046,-31.211413],[149.152462,-31.211351],[149.152425,-31.210701],[149.152631,-31.210593],[149.152723,-31.210362],[149.152502,-31.210303],[149.152296,-31.21039],[149.152197,-31.210302],[149.152761,-31.210092]],[[149.050653,-31.34672],[149.050692,-31.346418],[149.050465,-31.345967],[149.05046,-31.345756],[149.050882,-31.345953],[149.050988,-31.34584],[149.051407,-31.345909],[149.052176,-31.345813],[149.052257,-31.346041],[149.051832,-31.34608],[149.051693,-31.346197],[149.051689,-31.346391],[149.051868,-31.346545],[149.051634,-31.346732],[149.051509,-31.347117],[149.051216,-31.347427],[149.050781,-31.347409],[149.050653,-31.34672]],[[149.047907,-31.339825],[149.047785,-31.339662],[149.047744,-31.339319],[149.047899,-31.338801],[149.047997,-31.338713],[149.048382,-31.339012],[149.048426,-31.33947],[149.048352,-31.339643],[149.047907,-31.339825]],[[149.070404,-31.272822],[149.070948,-31.272224],[149.071138,-31.272132],[149.071334,-31.272176],[149.071345,-31.272436],[149.071221,-31.272458],[149.071132,-31.272717],[149.07082,-31.273059],[149.070634,-31.273062],[149.070575,-31.272925],[149.070652,-31.272737],[149.07096,-31.272722],[149.071003,-31.272554],[149.070813,-31.272508],[149.070404,-31.272822]],[[149.053065,-31.350175],[149.053131,-31.349962],[149.05342,-31.350026],[149.053619,-31.350302],[149.053581,-31.350474],[149.052713,-31.350632],[149.052907,-31.350392],[149.052731,-31.350356],[149.052746,-31.350281],[149.053066,-31.350236],[149.053065,-31.350175]],[[149.052899,-31.351478],[149.052986,-31.351283],[149.052949,-31.351115],[149.053115,-31.350883],[149.053201,-31.350839],[149.053383,-31.350922],[149.053386,-31.351065],[149.053533,-31.351295],[149.053469,-31.351397],[149.053329,-31.351517],[149.053148,-31.351438],[149.052899,-31.351478]]]},"properties":{"OBJECTID":27289,"FireType":1,"FireName":"Wambelong WNP","FireNo":"13011263523","FireYear":201213,"Label":"2012-13 Wildfire","StartDate":1357948800000,"EndDate":null,"Intensity":60,"AreaHa":55203.89565218,"PerimeterM":404263.22719032,"OFHObjMet":null,"ObjNotMet":null,"NPWSBranch":"NTHI","NPWSArea":"CAST","VerDate":1788739200000,"Shape.STArea()":0.052282296584764625,"Shape.STLength()":3.952394974641363}},{"type":"Feature","id":33759,"geometry":{"type":"Polygon","coordinates":[[[148.976723,-31.29009],[148.978065,-31.290193],[148.978277,-31.289819],[148.978261,-31.28945],[148.977024,-31.289332],[148.971721,-31.288501],[148.971486,-31.289437],[148.971223,-31.291061],[148.969014,-31.292327],[148.967149,-31.294899],[148.965466,-31.296353],[148.963848,-31.298131],[148.9632,-31.298337],[148.962333,-31.298155],[148.961881,-31.298343],[148.961303,-31.29916],[148.959283,-31.300143],[148.958373,-31.301094],[148.957664,-31.301655],[148.958114,-31.304242],[148.958851,-31.306501],[148.959664,-31.307253],[148.960491,-31.308575],[148.962711,-31.312646],[148.96386,-31.312416],[148.963677,-31.311997],[148.963306,-31.311501],[148.963162,-31.310799],[148.962723,-31.30984],[148.962392,-31.309442],[148.961385,-31.308679],[148.961216,-31.307677],[148.96071,-31.306708],[148.960394,-31.306319],[148.959814,-31.305887],[148.959432,-31.305372],[148.959421,-31.304415],[148.958671,-31.302873],[148.958712,-31.302223],[148.959307,-31.301823],[148.960037,-31.300943],[148.96088,-31.30082],[148.961581,-31.300455],[148.962544,-31.299294],[148.96326,-31.299443],[148.963897,-31.299407],[148.964493,-31.299208],[148.964991,-31.298864],[148.965813,-31.297853],[148.96624,-31.296672],[148.966994,-31.296241],[148.968069,-31.295225],[148.968271,-31.294873],[148.968505,-31.294123],[148.969388,-31.293295],[148.971157,-31.29252],[148.971749,-31.292033],[148.971969,-31.291689],[148.972392,-31.290633],[148.972538,-31.289433],[148.974964,-31.28974],[148.976723,-31.29009]]]},"properties":{"OBJECTID":33759,"FireType":2,"FireName":"Burbie Trail North HR","FireNo":"BA-2016-01269","FireYear":202223,"Label":"2022-23 Prescribed Burn","StartDate":1684454400000,"EndDate":1685923200000,"Intensity":10,"AreaHa":41.7247063,"PerimeterM":8184.43767566,"OFHObjMet":"Y","ObjNotMet":9,"NPWSBranch":"NTHI","NPWSArea":"CAST","VerDate":1788739200000,"Shape.STArea()":3.952784964247753e-05,"Shape.STLength()":0.07934873753086913}},{"type":"Feature","id":33760,"geometry":{"type":"Polygon","coordinates":[[[148.977068,-31.288329],[148.977227,-31.288354],[148.976189,-31.28819],[148.975393,-31.287961],[148.972204,-31.287586],[148.97067,-31.287134],[148.970209,-31.28796],[148.970438,-31.289424],[148.970354,-31.290191],[148.970028,-31.290998],[148.968007,-31.291892],[148.967216,-31.292699],[148.966639,-31.292933],[148.966297,-31.294256],[148.965555,-31.294927],[148.964652,-31.295377],[148.964269,-31.296019],[148.963909,-31.29709],[148.963443,-31.297646],[148.962754,-31.297458],[148.962299,-31.297209],[148.961165,-31.297562],[148.960821,-31.297966],[148.960615,-31.298581],[148.960162,-31.299125],[148.959339,-31.299182],[148.958504,-31.299603],[148.957758,-31.300604],[148.957203,-31.300915],[148.956726,-31.301304],[148.95652,-31.303187],[148.957352,-31.304728],[148.957287,-31.305515],[148.957501,-31.306122],[148.95823,-31.307105],[148.958845,-31.307538],[148.959212,-31.308219],[148.959251,-31.308763],[148.959442,-31.309467],[148.959928,-31.310012],[148.960863,-31.31068],[148.961158,-31.311341],[148.961259,-31.311957],[148.961474,-31.312435],[148.96182,-31.312847],[148.961492,-31.312426],[148.96128,-31.311953],[148.961179,-31.311338],[148.960882,-31.310671],[148.959943,-31.309999],[148.959461,-31.309459],[148.959272,-31.308761],[148.959233,-31.308216],[148.958864,-31.30753],[148.958246,-31.307093],[148.957521,-31.306115],[148.957309,-31.305513],[148.957371,-31.304722],[148.956542,-31.303184],[148.956746,-31.301313],[148.957216,-31.300929],[148.957774,-31.300616],[148.95852,-31.299616],[148.959345,-31.299199],[148.960175,-31.299139],[148.960633,-31.29859],[148.960841,-31.297973],[148.961178,-31.297577],[148.962296,-31.297229],[148.962747,-31.297475],[148.963456,-31.29766],[148.963929,-31.297096],[148.964289,-31.296025],[148.964668,-31.295389],[148.965568,-31.294941],[148.966315,-31.294265],[148.966658,-31.292945],[148.96723,-31.292713],[148.968032,-31.291921],[148.970044,-31.29101],[148.970379,-31.290183],[148.970459,-31.289425],[148.97023,-31.287963],[148.970681,-31.287156],[148.972201,-31.287604],[148.975389,-31.287979],[148.976186,-31.288208],[148.977068,-31.288329]]]},"properties":{"OBJECTID":33760,"FireType":2,"FireName":"Burbie Trail North HR","FireNo":"BA-2016-01269","FireYear":202223,"Label":"2022-23 Prescribed Burn","StartDate":1684454400000,"EndDate":1685923200000,"Intensity":10,"AreaHa":0.9244985,"PerimeterM":8828.27133564,"OFHObjMet":"Y","ObjNotMet":9,"NPWSBranch":"NTHI","NPWSArea":"CAST","VerDate":1788739200000,"Shape.STArea()":8.75806633514038e-07,"Shape.STLength()":0.08533493536880944}},{"type":"Feature","id":33898,"geometry":{"type":"Polygon","coordinates":[[[149.056793,-31.290057],[149.056436,-31.290271],[149.056413,-31.29039],[149.056496,-31.290509],[149.05671,-31.290568],[149.056972,-31.290461],[149.057305,-31.290093],[149.057305,-31.289985],[149.057186,-31.289902],[149.056793,-31.290057]]]},"properties":{"OBJECTID":33898,"FireType":1,"FireName":"JOHN RENSHAW PWY, TONDERBURINE  2828","FireNo":"23082711504","FireYear":202324,"Label":"2023-24 Wildfire","StartDate":1693094400000,"EndDate":1693180800000,"Intensity":9999,"AreaHa":0.35914787,"PerimeterM":241.56775773,"OFHObjMet":null,"ObjNotMet":null,"NPWSBranch":"NTHI","NPWSArea":"CAST","VerDate":1788739200000,"Shape.STArea()":3.4020602928819586e-07,"Shape.STLength()":0.0023852722402109114}},{"type":"Feature","id":33899,"geometry":{"type":"Polygon","coordinates":[[[149.046198,-31.290209],[149.046138,-31.290483],[149.046602,-31.290923],[149.047149,-31.291006],[149.047482,-31.290709],[149.046198,-31.290209]]]},"properties":{"OBJECTID":33899,"FireType":1,"FireName":"JOHN RENSHAW PWY, TONDERBURINE  2828","FireNo":"23082711504","FireYear":202324,"Label":"2023-24 Wildfire","StartDate":1693094400000,"EndDate":1693180800000,"Intensity":9999,"AreaHa":0.57267621,"PerimeterM":331.82452452,"OFHObjMet":null,"ObjNotMet":null,"NPWSBranch":"NTHI","NPWSArea":"CAST","VerDate":1788739200000,"Shape.STArea()":5.424749271473695e-07,"Shape.STLength()":0.0033169803439979206}},{"type":"Feature","id":34223,"geometry":{"type":"Polygon","coordinates":[[[149.060512,-31.273156],[149.060367,-31.272987],[149.060417,-31.272866],[149.06019,-31.272426],[149.060053,-31.272409],[149.059442,-31.272658],[149.059471,-31.272866],[149.059782,-31.273187],[149.059794,-31.273457],[149.059886,-31.273501],[149.060019,-31.273489],[149.06001,-31.273212],[149.060207,-31.273173],[149.060426,-31.273255],[149.060512,-31.273156]]]},"properties":{"OBJECTID":34223,"FireType":1,"FireName":"OBSERVATORY RD, COONABARABRAN","FireNo":"23110322971","FireYear":202324,"Label":"2023-24 Wildfire","StartDate":1698969600000,"EndDate":1699228800000,"Intensity":9999,"AreaHa":0.67850445,"PerimeterM":392.01179052,"OFHObjMet":null,"ObjNotMet":null,"NPWSBranch":"NTHI","NPWSArea":"CAST","VerDate":1788739200000,"Shape.STArea()":6.426035180175837e-07,"Shape.STLength()":0.003803160440314706}},{"type":"Feature","id":34482,"geometry":{"type":"Polygon","coordinates":[[[148.987677,-31.234684],[148.986943,-31.234201],[148.985955,-31.233777],[148.985146,-31.233],[148.984194,-31.233991],[148.98316,-31.235489],[148.982748,-31.236612],[148.982668,-31.237395],[148.982729,-31.238081],[148.982911,-31.238751],[148.983209,-31.23939],[148.982689,-31.241614],[148.984162,-31.246253],[148.985109,-31.247383],[148.984768,-31.247459],[148.985708,-31.248837],[148.987105,-31.250352],[148.987486,-31.251487],[148.987585,-31.252272],[148.987957,-31.253462],[148.989026,-31.25559],[148.989471,-31.256241],[148.989859,-31.257234],[148.989319,-31.258344],[148.989172,-31.25902],[148.989142,-31.259609],[148.98935,-31.260773],[148.989941,-31.261909],[148.989661,-31.262909],[148.98953,-31.264729],[148.989717,-31.266293],[148.990005,-31.267234],[148.990594,-31.268485],[148.99144,-31.269802],[148.992996,-31.271629],[148.994542,-31.272768],[148.995485,-31.273968],[148.995381,-31.274859],[148.996399,-31.274442],[148.99665,-31.274222],[148.997244,-31.274421],[148.997343,-31.275296],[148.997527,-31.27532],[148.997537,-31.274608],[148.997827,-31.273618],[148.998993,-31.271661],[148.999552,-31.269849],[148.998575,-31.269338],[148.997377,-31.268973],[148.996888,-31.268603],[148.995727,-31.267199],[148.995266,-31.266427],[148.994909,-31.265624],[148.99478,-31.264729],[148.994873,-31.263455],[148.995151,-31.262946],[148.995342,-31.262328],[148.995562,-31.260561],[148.994877,-31.26009],[148.99439,-31.259511],[148.995161,-31.259034],[148.995609,-31.25846],[148.996258,-31.256834],[148.996096,-31.256279],[148.99591,-31.256136],[148.995694,-31.256095],[148.995093,-31.255544],[148.994607,-31.25531],[148.994558,-31.254742],[148.994248,-31.254148],[148.993758,-31.253639],[148.993188,-31.252608],[148.992734,-31.251392],[148.992755,-31.250659],[148.99224,-31.24942],[148.992203,-31.248764],[148.991996,-31.248257],[148.991183,-31.247514],[148.990721,-31.246921],[148.990188,-31.246487],[148.989437,-31.245401],[148.989466,-31.244773],[148.989046,-31.243127],[148.989023,-31.242716],[148.988198,-31.241507],[148.98805,-31.24095],[148.988374,-31.240383],[148.988675,-31.239171],[148.988632,-31.238367],[148.988142,-31.237907],[148.987916,-31.237395],[148.98855,-31.236508],[148.988251,-31.236162],[148.987677,-31.234684]],[[148.985398,-31.245131],[148.983529,-31.23869],[148.983788,-31.236812],[148.985996,-31.235366],[148.986377,-31.236508],[148.986595,-31.23781],[148.987443,-31.238487],[148.987214,-31.240696],[148.986758,-31.242218],[148.987747,-31.24298],[148.988128,-31.244427],[148.988661,-31.246026],[148.990336,-31.24831],[148.991174,-31.249604],[148.992925,-31.25501],[148.994676,-31.256838],[148.993382,-31.259046],[148.993534,-31.25996],[148.994524,-31.261102],[148.993763,-31.264224],[148.994296,-31.266736],[148.996123,-31.269401],[148.998027,-31.270772],[148.996732,-31.273132],[148.995286,-31.272142],[148.992849,-31.269858],[148.991174,-31.266584],[148.99125,-31.261406],[148.990793,-31.258589],[148.990869,-31.257142],[148.989499,-31.254554],[148.9879,-31.249452],[148.985692,-31.246102],[148.985468,-31.24536],[148.985159,-31.245645],[148.985398,-31.245131]]]},"properties":{"OBJECTID":34482,"FireType":2,"FireName":"Warrumbungle Northern FT HR","FireNo":"BA-2018-01773","FireYear":202324,"Label":"2023-24 Prescribed Burn","StartDate":1717027200000,"EndDate":1717200000000,"Intensity":9999,"AreaHa":122.41388058,"PerimeterM":20309.63163523,"OFHObjMet":"Y","ObjNotMet":9,"NPWSBranch":"NTHI","NPWSArea":"CAST","VerDate":1788739200000,"Shape.STArea()":0.00011591411638775401,"Shape.STLength()":0.1894056734736111}},{"type":"Feature","id":34732,"geometry":{"type":"Polygon","coordinates":[[[148.996909,-31.311448],[148.996868,-31.311418],[148.996771,-31.311466],[148.996909,-31.311448]]]},"properties":{"OBJECTID":34732,"FireType":1,"FireName":"Goulds Circuit Walking Track","FireNo":"25010182634","FireYear":202425,"Label":"2024-25 Wildfire","StartDate":1735689600000,"EndDate":1736208000000,"Intensity":9999,"AreaHa":0.00422585,"PerimeterM":33.79869674,"OFHObjMet":null,"ObjNotMet":null,"NPWSBranch":"NTHI","NPWSArea":"CAST","VerDate":1788739200000,"Shape.STArea()":4.00385946760077e-09,"Shape.STLength()":0.0003438318305172676}},{"type":"Feature","id":37098,"geometry":{"type":"Polygon","coordinates":[[[149.039864,-31.283287],[149.039871,-31.283206],[149.039722,-31.283187],[149.039585,-31.283359],[149.039627,-31.283488],[149.039814,-31.283456],[149.039864,-31.283287]]]},"properties":{"OBJECTID":37098,"FireType":1,"FireName":"Mount Scabilon","FireNo":"25121135782","FireYear":202526,"Label":"2025-26 Wildfire","StartDate":1765411200000,"EndDate":1765497600000,"Intensity":9999,"AreaHa":0.06767158,"PerimeterM":112.19119132,"OFHObjMet":null,"ObjNotMet":null,"NPWSBranch":"NTHI","NPWSArea":"CAST","VerDate":1788739200000,"Shape.STArea()":6.409790040378475e-08,"Shape.STLength()":0.0010893792064072393}}]}