{"type":"FeatureCollection","clippedTo":[148.9715951385448,-31.32136873681821,149.0684048614552,-31.23863126318179],"features":[{"type":"Feature","properties":{"OBJECTID":8710470,"PCTID":379,"PCTName":"Inland Scribbly Gum - White Bloodwood - Red Stringybark - Black Cypress Pine shrubby sandstone woodland mainly of the Warrumbungle NP - Pilliga region in the Brigalow Belt South Bioregion","vegClass":"Western Slopes Dry Sclerophyll Forests","vegForm":"Dry Sclerophyll Forests (Shrubby sub-formation)"},"geometry":{"type":"Polygon","coordinates":[[[149.03669,-31.26162],[149.03653,-31.26162],[149.03653,-31.26157],[149.03669,-31.26162]]]}},{"type":"Feature","properties":{"OBJECTID":8710473,"PCTID":0,"PCTName":"Not classified","vegClass":"Not classified","vegForm":"Not classified"},"geometry":{"type":"Polygon","coordinates":[[[148.99557,-31.2623],[148.99573,-31.26225],[148.99558,-31.26239],[148.99557,-31.2623]]]}},{"type":"Feature","properties":{"OBJECTID":8710474,"PCTID":379,"PCTName":"Inland Scribbly Gum - White Bloodwood - Red Stringybark - Black Cypress Pine shrubby sandstone woodland mainly of the Warrumbungle NP - Pilliga region in the Brigalow Belt South Bioregion","vegClass":"Western Slopes Dry Sclerophyll Forests","vegForm":"Dry Sclerophyll Forests (Shrubby sub-formation)"},"geometry":{"type":"Polygon","coordinates":[[[149.01458,-31.26198],[149.0139,-31.26208],[149.01369,-31.26195],[149.01458,-31.26198]]]}},{"type":"Feature","properties":{"OBJECTID":8710477,"PCTID":0,"PCTName":"Not classified","vegClass":"Not classified","vegForm":"Not classified"},"geometry":{"type":"Polygon","coordinates":[[[148.99558,-31.26239],[148.99558,-31.26243],[148.99553,-31.26243],[148.99558,-31.26239]]]}},{"type":"Feature","properties":{"OBJECTID":8710478,"PCTID":379,"PCTName":"Inland Scribbly Gum - White Bloodwood - Red Stringybark - Black Cypress Pine shrubby sandstone woodland mainly of the Warrumbungle NP - Pilliga region in the Brigalow Belt South Bioregion","vegClass":"Western Slopes Dry Sclerophyll Forests","vegForm":"Dry Sclerophyll Forests (Shrubby sub-formation)"},"geometry":{"type":"Polygon","coordinates":[[[149.01757,-31.26193],[149.01658,-31.26209],[149.01626,-31.26191],[149.01757,-31.26193]]]}},{"type":"Feature","properties":{"OBJECTID":8710482,"PCTID":0,"PCTName":"Not classified","vegClass":"Not classified","vegForm":"Not classified"},"geometry":{"type":"Polygon","coordinates":[[[148.97668,-31.26288],[148.97699,-31.26256],[148.97694,-31.26274],[148.97668,-31.26288]]]}},{"type":"Feature","properties":{"OBJECTID":8710483,"PCTID":381,"PCTName":"Rough-barked Apple - Yellow Box grass/shrub footslope open forest, Brigalow Belt South Bioregion","vegClass":"North-west Slopes Dry Sclerophyll Woodlands","vegForm":"Dry Sclerophyll Forests (Shrub/grass sub-formation)"},"geometry":{"type":"Polygon","coordinates":[[[148.97819,-31.26254],[148.97768,-31.26286],[148.97694,-31.26274],[148.97819,-31.26254]]]}},{"type":"Feature","properties":{"OBJECTID":8710486,"PCTID":394,"PCTName":"Narrow-leaved Ironbark - White Cypress pine woodland on slopes and flats in the Coonabarabran - Pilliga Scrub regions","vegClass":"North-west Slopes Dry Sclerophyll Woodlands","vegForm":"Dry Sclerophyll Forests (Shrub/grass sub-formation)"},"geometry":{"type":"Polygon","coordinates":[[[148.97536,-31.26267],[148.97516,-31.26295],[148.97483,-31.26259],[148.97536,-31.26267]]]}},{"type":"Feature","properties":{"OBJECTID":8710487,"PCTID":0,"PCTName":"Not classified","vegClass":"Not classified","vegForm":"Not classified"},"geometry":{"type":"Polygon","coordinates":[[[148.97668,-31.26288],[148.97668,-31.26292],[148.97652,-31.26292],[148.97668,-31.26288]]]}},{"type":"Feature","properties":{"OBJECTID":8710489,"PCTID":379,"PCTName":"Inland Scribbly Gum - White Bloodwood - Red Stringybark - Black Cypress Pine shrubby sandstone woodland mainly of the Warrumbungle NP - Pilliga region in the Brigalow Belt South Bioregion","vegClass":"Western Slopes Dry Sclerophyll Forests","vegForm":"Dry Sclerophyll Forests (Shrubby sub-formation)"},"geometry":{"type":"Polygon","coordinates":[[[148.98927,-31.26245],[148.98975,-31.26235],[148.98949,-31.26285],[148.98927,-31.26245]]]}},{"type":"Feature","properties":{"OBJECTID":8710491,"PCTID":393,"PCTName":"White Box shrubby woodland of the western Liverpool Range, Warrumbungle Range and south-west Pilliga forests, Brigalow Belt South Bioregion","vegClass":"North-west Slopes Dry Sclerophyll Woodlands","vegForm":"Dry Sclerophyll Forests (Shrub/grass sub-formation)"},"geometry":{"type":"Polygon","coordinates":[[[148.98397,-31.26244],[148.98554,-31.26242],[148.98508,-31.26296],[148.98466,-31.26297],[148.98397,-31.26244]]]}},{"type":"Feature","properties":{"OBJECTID":8710494,"PCTID":0,"PCTName":"Not classified","vegClass":"Not classified","vegForm":"Not classified"},"geometry":{"type":"Polygon","coordinates":[[[148.97652,-31.26292],[148.97537,-31.26326],[148.97553,-31.26321],[148.97652,-31.26292]]]}},{"type":"Feature","properties":{"OBJECTID":8710495,"PCTID":417,"PCTName":"Black Cypress Pine - Narrow-leaved Ironbark - red gum +/- White Bloodwood shrubby open forest on hills of the southern Pilliga, Coonabarabran and Garawilla regions, Brigalow Belt South Bioregion","vegClass":"Western Slopes Dry Sclerophyll Forests","vegForm":"Dry Sclerophyll Forests (Shrubby sub-formation)"},"geometry":{"type":"Polygon","coordinates":[[[149.02006,-31.26257],[149.01936,-31.2619],[149.02046,-31.26184],[149.02105,-31.26233],[149.02048,-31.26247],[149.02006,-31.26257]]]}},{"type":"Feature","properties":{"OBJECTID":8710496,"PCTID":393,"PCTName":"White Box shrubby woodland of the western Liverpool Range, Warrumbungle Range and south-west Pilliga forests, Brigalow Belt South Bioregion","vegClass":"North-west Slopes Dry Sclerophyll Woodlands","vegForm":"Dry Sclerophyll Forests (Shrub/grass sub-formation)"},"geometry":{"type":"Polygon","coordinates":[[[148.974,-31.26283],[148.97269,-31.26294],[148.97263,-31.26267],[148.97452,-31.2626],[148.97459,-31.26336],[148.974,-31.26283]]]}},{"type":"Feature","properties":{"OBJECTID":8710499,"PCTID":0,"PCTName":"Not classified","vegClass":"Not classified","vegForm":"Not classified"},"geometry":{"type":"Polygon","coordinates":[[[148.97522,-31.26331],[148.97537,-31.26326],[148.97522,-31.2634],[148.97522,-31.26331]]]}},{"type":"Feature","properties":{"OBJECTID":8710501,"PCTID":393,"PCTName":"White Box shrubby woodland of the western Liverpool Range, Warrumbungle Range and south-west Pilliga forests, Brigalow Belt South Bioregion","vegClass":"North-west Slopes Dry Sclerophyll Woodlands","vegForm":"Dry Sclerophyll Forests (Shrub/grass sub-formation)"},"geometry":{"type":"Polygon","coordinates":[[[148.98866,-31.263],[148.9867,-31.26258],[148.98645,-31.26317],[148.98593,-31.26327],[148.98581,-31.26241],[148.98933,-31.26235],[148.98923,-31.26272],[148.98866,-31.263]]]}},{"type":"Feature","properties":{"OBJECTID":8710508,"PCTID":381,"PCTName":"Rough-barked Apple - Yellow Box grass/shrub footslope open forest, Brigalow Belt South Bioregion","vegClass":"North-west Slopes Dry Sclerophyll Woodlands","vegForm":"Dry Sclerophyll Forests (Shrub/grass sub-formation)"},"geometry":{"type":"Polygon","coordinates":[[[148.99481,-31.26344],[148.99449,-31.26331],[148.99521,-31.26262],[148.99521,-31.26226],[148.99558,-31.26239],[148.99481,-31.26344]]]}},{"type":"Feature","properties":{"OBJECTID":8710509,"PCTID":381,"PCTName":"Rough-barked Apple - Yellow Box grass/shrub footslope open forest, Brigalow Belt South Bioregion","vegClass":"North-west Slopes Dry Sclerophyll Woodlands","vegForm":"Dry Sclerophyll Forests (Shrub/grass sub-formation)"},"geometry":{"type":"Polygon","coordinates":[[[149.00495,-31.26336],[149.00458,-31.26337],[149.00421,-31.26315],[149.00436,-31.26283],[149.00383,-31.26288],[149.0034,-31.26212],[149.00434,-31.26215],[149.0044,-31.26251],[149.00482,-31.26251],[149.00515,-31.26291],[149.00495,-31.26336]]]}},{"type":"Feature","properties":{"OBJECTID":8710510,"PCTID":417,"PCTName":"Black Cypress Pine - Narrow-leaved Ironbark - red gum +/- White Bloodwood shrubby open forest on hills of the southern Pilliga, Coonabarabran and Garawilla regions, Brigalow Belt South Bioregion","vegClass":"Western Slopes Dry Sclerophyll Forests","vegForm":"Dry Sclerophyll Forests (Shrubby sub-formation)"},"geometry":{"type":"Polygon","coordinates":[[[149.01554,-31.26255],[149.01333,-31.26232],[149.0129,-31.26197],[149.01868,-31.26187],[149.01666,-31.26317],[149.01554,-31.26255]]]}},{"type":"Feature","properties":{"OBJECTID":8710511,"PCTID":389,"PCTName":"Motherumbah - White Bloodwood - cypress pine very tall shrubland / woodland of the Coonabarabran region, Brigalow Belt South Bioregion","vegClass":"North-west Slopes Dry Sclerophyll Woodlands","vegForm":"Dry Sclerophyll Forests (Shrub/grass sub-formation)"},"geometry":{"type":"Polygon","coordinates":[[[148.98949,-31.26285],[148.98929,-31.26321],[148.98809,-31.26368],[148.98719,-31.26334],[148.98702,-31.26253],[148.98866,-31.263],[148.98949,-31.26285]]]}},{"type":"Feature","properties":{"OBJECTID":8710512,"PCTID":393,"PCTName":"White Box shrubby woodland of the western Liverpool Range, Warrumbungle Range and south-west Pilliga forests, Brigalow Belt South Bioregion","vegClass":"North-west Slopes Dry Sclerophyll Woodlands","vegForm":"Dry Sclerophyll Forests (Shrub/grass sub-formation)"},"geometry":{"type":"Polygon","coordinates":[[[149.00658,-31.26351],[149.00667,-31.26266],[149.00571,-31.26208],[149.00734,-31.26206],[149.0074,-31.26269],[149.00658,-31.26351]]]}},{"type":"Feature","properties":{"OBJECTID":8710518,"PCTID":0,"PCTName":"Not classified","vegClass":"Not classified","vegForm":"Not classified"},"geometry":{"type":"Polygon","coordinates":[[[148.97522,-31.2634],[148.97502,-31.26412],[148.97466,-31.26435],[148.97522,-31.2634]]]}},{"type":"Feature","properties":{"OBJECTID":8710519,"PCTID":0,"PCTName":"Not classified","vegClass":"Not classified","vegForm":"Not classified"},"geometry":{"type":"Polygon","coordinates":[[[148.97466,-31.26435],[148.97466,-31.2644],[148.97461,-31.2644],[148.97466,-31.26435]]]}},{"type":"Feature","properties":{"OBJECTID":8710520,"PCTID":394,"PCTName":"Narrow-leaved Ironbark - White Cypress pine woodland on slopes and flats in the Coonabarabran - Pilliga Scrub regions","vegClass":"North-west Slopes Dry Sclerophyll Woodlands","vegForm":"Dry Sclerophyll Forests (Shrub/grass sub-formation)"},"geometry":{"type":"Polygon","coordinates":[[[148.98725,-31.26343],[148.98662,-31.26375],[148.98663,-31.2642],[148.98456,-31.26315],[148.98554,-31.26242],[148.98602,-31.26259],[148.98593,-31.26327],[148.98702,-31.26262],[148.98725,-31.26343]]]}},{"type":"Feature","properties":{"OBJECTID":8710524,"PCTID":0,"PCTName":"Not classified","vegClass":"Not classified","vegForm":"Not classified"},"geometry":{"type":"Polygon","coordinates":[[[148.97461,-31.2644],[148.97461,-31.26444],[148.97456,-31.26444],[148.97461,-31.2644]]]}},{"type":"Feature","properties":{"OBJECTID":8710527,"PCTID":0,"PCTName":"Not classified","vegClass":"Not classified","vegForm":"Not classified"},"geometry":{"type":"Polygon","coordinates":[[[148.97456,-31.26444],[148.97456,-31.26449],[148.97451,-31.26449],[148.97456,-31.26444]]]}},{"type":"Feature","properties":{"OBJECTID":8710528,"PCTID":389,"PCTName":"Motherumbah - White Bloodwood - cypress pine very tall shrubland / woodland of the Coonabarabran region, Brigalow Belt South Bioregion","vegClass":"North-west Slopes Dry Sclerophyll Woodlands","vegForm":"Dry Sclerophyll Forests (Shrub/grass sub-formation)"},"geometry":{"type":"Polygon","coordinates":[[[148.99908,-31.26382],[148.99947,-31.26255],[148.99964,-31.26331],[148.99929,-31.26409],[148.99908,-31.26382]]]}},{"type":"Feature","properties":{"OBJECTID":8710531,"PCTID":0,"PCTName":"Not classified","vegClass":"Not classified","vegForm":"Not classified"},"geometry":{"type":"Polygon","coordinates":[[[148.97451,-31.26449],[148.97451,-31.26454],[148.97446,-31.26454],[148.97451,-31.26449]]]}},{"type":"Feature","properties":{"OBJECTID":8710534,"PCTID":393,"PCTName":"White Box shrubby woodland of the western Liverpool Range, Warrumbungle Range and south-west Pilliga forests, Brigalow Belt South Bioregion","vegClass":"North-west Slopes Dry Sclerophyll Woodlands","vegForm":"Dry Sclerophyll Forests (Shrub/grass sub-formation)"},"geometry":{"type":"Polygon","coordinates":[[[149.00567,-31.26285],[149.00578,-31.26317],[149.00507,-31.2639],[149.00363,-31.26311],[149.00244,-31.26408],[149.0034,-31.26221],[149.00383,-31.26288],[149.00436,-31.26283],[149.00421,-31.26315],[149.00458,-31.26337],[149.00495,-31.26336],[149.00515,-31.26291],[149.00567,-31.26285]]]}},{"type":"Feature","properties":{"OBJECTID":8710537,"PCTID":391,"PCTName":"Warrumbungle trachyte outcrop heathland / low woodland","vegClass":"North-west Slopes Dry Sclerophyll Woodlands","vegForm":"Dry Sclerophyll Forests (Shrub/grass sub-formation)"},"geometry":{"type":"Polygon","coordinates":[[[149.04219,-31.2636],[149.04188,-31.26351],[149.04203,-31.26324],[149.04219,-31.2636]]]}},{"type":"Feature","properties":{"OBJECTID":8710538,"PCTID":0,"PCTName":"Not classified","vegClass":"Not classified","vegForm":"Not classified"},"geometry":{"type":"Polygon","coordinates":[[[148.97446,-31.26454],[148.97425,-31.26477],[148.97415,-31.26477],[148.97446,-31.26454]]]}},{"type":"Feature","properties":{"OBJECTID":8710548,"PCTID":393,"PCTName":"White Box shrubby woodland of the western Liverpool Range, Warrumbungle Range and south-west Pilliga forests, Brigalow Belt South Bioregion","vegClass":"North-west Slopes Dry Sclerophyll Woodlands","vegForm":"Dry Sclerophyll Forests (Shrub/grass sub-formation)"},"geometry":{"type":"Polygon","coordinates":[[[148.99781,-31.26343],[148.99766,-31.26411],[148.99719,-31.26403],[148.9974,-31.26425],[148.99694,-31.26485],[148.99652,-31.26454],[148.9951,-31.26443],[148.99508,-31.26379],[148.99575,-31.26311],[148.99569,-31.26266],[148.99858,-31.26283],[148.99781,-31.26343]]]}},{"type":"Feature","properties":{"OBJECTID":8710553,"PCTID":0,"PCTName":"Not classified","vegClass":"Not classified","vegForm":"Not classified"},"geometry":{"type":"Polygon","coordinates":[[[148.97415,-31.26477],[148.97353,-31.26523],[148.97316,-31.26532],[148.97415,-31.26477]]]}},{"type":"Feature","properties":{"OBJECTID":8710554,"PCTID":389,"PCTName":"Motherumbah - White Bloodwood - cypress pine very tall shrubland / woodland of the Coonabarabran region, Brigalow Belt South Bioregion","vegClass":"North-west Slopes Dry Sclerophyll Woodlands","vegForm":"Dry Sclerophyll Forests (Shrub/grass sub-formation)"},"geometry":{"type":"Polygon","coordinates":[[[149.0388,-31.26429],[149.03879,-31.2642],[149.03901,-31.26428],[149.0388,-31.26429]]]}},{"type":"Feature","properties":{"OBJECTID":8710563,"PCTID":381,"PCTName":"Rough-barked Apple - Yellow Box grass/shrub footslope open forest, Brigalow Belt South Bioregion","vegClass":"North-west Slopes Dry Sclerophyll Woodlands","vegForm":"Dry Sclerophyll Forests (Shrub/grass sub-formation)"},"geometry":{"type":"Polygon","coordinates":[[[148.99438,-31.26529],[148.99395,-31.26476],[148.99264,-31.26487],[148.99252,-31.26438],[148.99461,-31.26394],[148.99464,-31.2652],[148.99438,-31.26529]]]}},{"type":"Feature","properties":{"OBJECTID":8710565,"PCTID":393,"PCTName":"White Box shrubby woodland of the western Liverpool Range, Warrumbungle Range and south-west Pilliga forests, Brigalow Belt South Bioregion","vegClass":"North-west Slopes Dry Sclerophyll Woodlands","vegForm":"Dry Sclerophyll Forests (Shrub/grass sub-formation)"},"geometry":{"type":"Polygon","coordinates":[[[148.99386,-31.26539],[148.99338,-31.26499],[148.99395,-31.26476],[148.99433,-31.2652],[148.99386,-31.26539]]]}},{"type":"Feature","properties":{"OBJECTID":8710566,"PCTID":385,"PCTName":"Warrumbungle trachyte hillcrest Tumbledown Red Gum - Black Cypress Pine - White Bloodwood shrubby woodland","vegClass":"North-west Slopes Dry Sclerophyll Woodlands","vegForm":"Dry Sclerophyll Forests (Shrub/grass sub-formation)"},"geometry":{"type":"Polygon","coordinates":[[[148.99941,-31.26463],[148.99853,-31.26532],[148.99862,-31.26482],[148.99899,-31.26472],[148.99898,-31.26405],[148.99929,-31.26409],[148.99941,-31.26463]]]}},{"type":"Feature","properties":{"OBJECTID":8710570,"PCTID":381,"PCTName":"Rough-barked Apple - Yellow Box grass/shrub footslope open forest, Brigalow Belt South Bioregion","vegClass":"North-west Slopes Dry Sclerophyll Woodlands","vegForm":"Dry Sclerophyll Forests (Shrub/grass sub-formation)"},"geometry":{"type":"Polygon","coordinates":[[[148.97543,-31.26353],[148.9754,-31.26452],[148.97447,-31.26512],[148.97454,-31.2658],[148.97401,-31.26572],[148.97395,-31.26545],[148.97301,-31.26573],[148.97295,-31.26542],[148.97502,-31.26412],[148.97537,-31.26326],[148.97683,-31.26283],[148.9769,-31.26319],[148.97653,-31.26324],[148.97543,-31.26353]]]}},{"type":"Feature","properties":{"OBJECTID":8710579,"PCTID":394,"PCTName":"Narrow-leaved Ironbark - White Cypress pine woodland on slopes and flats in the Coonabarabran - Pilliga Scrub regions","vegClass":"North-west Slopes Dry Sclerophyll Woodlands","vegForm":"Dry Sclerophyll Forests (Shrub/grass sub-formation)"},"geometry":{"type":"Polygon","coordinates":[[[148.98986,-31.26528],[148.98977,-31.26578],[148.98892,-31.26538],[148.98933,-31.26484],[148.98986,-31.26528]]]}},{"type":"Feature","properties":{"OBJECTID":8710587,"PCTID":393,"PCTName":"White Box shrubby woodland of the western Liverpool Range, Warrumbungle Range and south-west Pilliga forests, Brigalow Belt South Bioregion","vegClass":"North-west Slopes Dry Sclerophyll Woodlands","vegForm":"Dry Sclerophyll Forests (Shrub/grass sub-formation)"},"geometry":{"type":"Polygon","coordinates":[[[149.00469,-31.26571],[149.003,-31.2656],[149.00268,-31.26547],[149.00288,-31.26497],[149.00256,-31.26457],[149.00293,-31.26466],[149.0032,-31.26524],[149.00462,-31.26499],[149.0051,-31.26539],[149.00469,-31.26571]]]}},{"type":"Feature","properties":{"OBJECTID":8710590,"PCTID":379,"PCTName":"Inland Scribbly Gum - White Bloodwood - Red Stringybark - Black Cypress Pine shrubby sandstone woodland mainly of the Warrumbungle NP - Pilliga region in the Brigalow Belt South Bioregion","vegClass":"Western Slopes Dry Sclerophyll Forests","vegForm":"Dry Sclerophyll Forests (Shrubby sub-formation)"},"geometry":{"type":"Polygon","coordinates":[[[149.00628,-31.26438],[149.00645,-31.26469],[149.00593,-31.26492],[149.00609,-31.26524],[149.00579,-31.26574],[149.00462,-31.26499],[149.0032,-31.26524],[149.00293,-31.26466],[149.00245,-31.26453],[149.00363,-31.26311],[149.0048,-31.2639],[149.00573,-31.26326],[149.00567,-31.26285],[149.00531,-31.26299],[149.00482,-31.26251],[149.0044,-31.26251],[149.00424,-31.26211],[149.00571,-31.26208],[149.00656,-31.26257],[149.00663,-31.26351],[149.00628,-31.26438]]]}},{"type":"Feature","properties":{"OBJECTID":8710594,"PCTID":394,"PCTName":"Narrow-leaved Ironbark - White Cypress pine woodland on slopes and flats in the Coonabarabran - Pilliga Scrub regions","vegClass":"North-west Slopes Dry Sclerophyll Woodlands","vegForm":"Dry Sclerophyll Forests (Shrub/grass sub-formation)"},"geometry":{"type":"Polygon","coordinates":[[[148.99318,-31.26554],[148.99234,-31.26555],[148.99245,-31.26591],[148.99183,-31.26615],[148.99103,-31.26594],[148.99232,-31.26492],[148.99343,-31.26486],[148.99318,-31.26554]]]}},{"type":"Feature","properties":{"OBJECTID":8710598,"PCTID":0,"PCTName":"Not classified","vegClass":"Not classified","vegForm":"Not classified"},"geometry":{"type":"Polygon","coordinates":[[[148.97165,-31.2658],[148.97316,-31.26532],[148.97295,-31.26546],[148.97165,-31.26589],[148.9716,-31.26594],[148.9716,-31.26586],[148.97165,-31.2658]]]}},{"type":"Feature","properties":{"OBJECTID":8710600,"PCTID":385,"PCTName":"Warrumbungle trachyte hillcrest Tumbledown Red Gum - Black Cypress Pine - White Bloodwood shrubby woodland","vegClass":"North-west Slopes Dry Sclerophyll Woodlands","vegForm":"Dry Sclerophyll Forests (Shrub/grass sub-formation)"},"geometry":{"type":"Polygon","coordinates":[[[148.99864,-31.26545],[148.99986,-31.26602],[148.99902,-31.26599],[148.99864,-31.26545]]]}},{"type":"Feature","properties":{"OBJECTID":8710604,"PCTID":394,"PCTName":"Narrow-leaved Ironbark - White Cypress pine woodland on slopes and flats in the Coonabarabran - Pilliga Scrub regions","vegClass":"North-west Slopes Dry Sclerophyll Woodlands","vegForm":"Dry Sclerophyll Forests (Shrub/grass sub-formation)"},"geometry":{"type":"Polygon","coordinates":[[[149.00288,-31.26497],[149.00268,-31.26547],[149.00421,-31.26549],[149.00427,-31.26576],[149.00317,-31.26619],[149.00221,-31.26521],[149.00256,-31.26457],[149.00288,-31.26497]]]}},{"type":"Feature","properties":{"OBJECTID":8710607,"PCTID":417,"PCTName":"Black Cypress Pine - Narrow-leaved Ironbark - red gum +/- White Bloodwood shrubby open forest on hills of the southern Pilliga, Coonabarabran and Garawilla regions, Brigalow Belt South Bioregion","vegClass":"Western Slopes Dry Sclerophyll Forests","vegForm":"Dry Sclerophyll Forests (Shrubby sub-formation)"},"geometry":{"type":"Polygon","coordinates":[[[149.01554,-31.26472],[149.01595,-31.26453],[149.01643,-31.26475],[149.01649,-31.26516],[149.01492,-31.26523],[149.01493,-31.26595],[149.01394,-31.2661],[149.01354,-31.26471],[149.0128,-31.26454],[149.01237,-31.26392],[149.01272,-31.26346],[149.01356,-31.26335],[149.01357,-31.26371],[149.01542,-31.26418],[149.01554,-31.26472]]]}},{"type":"Feature","properties":{"OBJECTID":8710611,"PCTID":381,"PCTName":"Rough-barked Apple - Yellow Box grass/shrub footslope open forest, Brigalow Belt South Bioregion","vegClass":"North-west Slopes Dry Sclerophyll Woodlands","vegForm":"Dry Sclerophyll Forests (Shrub/grass sub-formation)"},"geometry":{"type":"Polygon","coordinates":[[[148.97212,-31.26566],[148.9727,-31.26574],[148.97229,-31.26651],[148.97162,-31.26684],[148.9716,-31.26683],[148.9716,-31.26606],[148.97212,-31.26566]]]}},{"type":"Feature","properties":{"OBJECTID":8710616,"PCTID":389,"PCTName":"Motherumbah - White Bloodwood - cypress pine very tall shrubland / woodland of the Coonabarabran region, Brigalow Belt South Bioregion","vegClass":"North-west Slopes Dry Sclerophyll Woodlands","vegForm":"Dry Sclerophyll Forests (Shrub/grass sub-formation)"},"geometry":{"type":"MultiPolygon","coordinates":[[[[149.03896,-31.2646],[149.03895,-31.26433],[149.0393,-31.26447],[149.03896,-31.2646]]],[[[149.04108,-31.2652],[149.0405,-31.26539],[149.04062,-31.26593],[149.03983,-31.26571],[149.03997,-31.26499],[149.03939,-31.26451],[149.04108,-31.2652]]]]}},{"type":"Feature","properties":{"OBJECTID":8710644,"PCTID":393,"PCTName":"White Box shrubby woodland of the western Liverpool Range, Warrumbungle Range and south-west Pilliga forests, Brigalow Belt South Bioregion","vegClass":"North-west Slopes Dry Sclerophyll Woodlands","vegForm":"Dry Sclerophyll Forests (Shrub/grass sub-formation)"},"geometry":{"type":"Polygon","coordinates":[[[149.01477,-31.26333],[149.01603,-31.2634],[149.01689,-31.26402],[149.01757,-31.26396],[149.01818,-31.26305],[149.01835,-31.26386],[149.01758,-31.26451],[149.01695,-31.26456],[149.01684,-31.26425],[149.01632,-31.26448],[149.01494,-31.2641],[149.01483,-31.26383],[149.01357,-31.26371],[149.01356,-31.26335],[149.01272,-31.26346],[149.01237,-31.2641],[149.01354,-31.26471],[149.01389,-31.26606],[149.01499,-31.26595],[149.01428,-31.26727],[149.01344,-31.26719],[149.01283,-31.26567],[149.012,-31.26645],[149.0111,-31.26579],[149.01114,-31.26529],[149.01013,-31.26494],[149.01028,-31.26445],[149.01069,-31.26426],[149.01068,-31.26358],[149.01168,-31.26366],[149.01197,-31.26257],[149.01238,-31.26229],[149.0126,-31.2626],[149.01477,-31.26333]]]}},{"type":"Feature","properties":{"OBJECTID":8710645,"PCTID":417,"PCTName":"Black Cypress Pine - Narrow-leaved Ironbark - red gum +/- White Bloodwood shrubby open forest on hills of the southern Pilliga, Coonabarabran and Garawilla regions, Brigalow Belt South Bioregion","vegClass":"Western Slopes Dry Sclerophyll Forests","vegForm":"Dry Sclerophyll Forests (Shrubby sub-formation)"},"geometry":{"type":"Polygon","coordinates":[[[149.00509,-31.26737],[149.00461,-31.26716],[149.00394,-31.26744],[149.00329,-31.26695],[149.00312,-31.26614],[149.00505,-31.26539],[149.00579,-31.26574],[149.00609,-31.26524],[149.00593,-31.26492],[149.00645,-31.26469],[149.00638,-31.26383],[149.00688,-31.26297],[149.00745,-31.26269],[149.00734,-31.26206],[149.01133,-31.26199],[149.00989,-31.26369],[149.00795,-31.26367],[149.00817,-31.26398],[149.00842,-31.2638],[149.00938,-31.26428],[149.00914,-31.26541],[149.00843,-31.26619],[149.00785,-31.26647],[149.00727,-31.26635],[149.00629,-31.26717],[149.00509,-31.26737]]]}},{"type":"Feature","properties":{"OBJECTID":8710646,"PCTID":393,"PCTName":"White Box shrubby woodland of the western Liverpool Range, Warrumbungle Range and south-west Pilliga forests, Brigalow Belt South Bioregion","vegClass":"North-west Slopes Dry Sclerophyll Woodlands","vegForm":"Dry Sclerophyll Forests (Shrub/grass sub-formation)"},"geometry":{"type":"Polygon","coordinates":[[[149.02125,-31.26647],[149.02032,-31.26721],[149.02005,-31.26677],[149.0205,-31.2659],[149.02018,-31.26568],[149.02054,-31.26554],[149.02032,-31.26482],[149.02072,-31.26405],[149.02141,-31.26417],[149.02125,-31.26647]]]}},{"type":"Feature","properties":{"OBJECTID":8710652,"PCTID":394,"PCTName":"Narrow-leaved Ironbark - White Cypress pine woodland on slopes and flats in the Coonabarabran - Pilliga Scrub regions","vegClass":"North-west Slopes Dry Sclerophyll Woodlands","vegForm":"Dry Sclerophyll Forests (Shrub/grass sub-formation)"},"geometry":{"type":"Polygon","coordinates":[[[149.00557,-31.2675],[149.00441,-31.26748],[149.00461,-31.26716],[149.00509,-31.26737],[149.00629,-31.26717],[149.00557,-31.2675]]]}},{"type":"Feature","properties":{"OBJECTID":8710664,"PCTID":379,"PCTName":"Inland Scribbly Gum - White Bloodwood - Red Stringybark - Black Cypress Pine shrubby sandstone woodland mainly of the Warrumbungle NP - Pilliga region in the Brigalow Belt South Bioregion","vegClass":"Western Slopes Dry Sclerophyll Forests","vegForm":"Dry Sclerophyll Forests (Shrubby sub-formation)"},"geometry":{"type":"Polygon","coordinates":[[[148.99899,-31.26472],[148.99853,-31.26514],[148.99902,-31.26612],[148.9986,-31.26626],[148.99877,-31.26671],[148.99832,-31.26758],[148.99879,-31.26748],[148.99885,-31.26784],[148.99822,-31.26807],[148.99763,-31.26732],[148.99726,-31.26728],[148.99783,-31.26668],[148.99751,-31.26664],[148.99696,-31.2657],[148.99618,-31.26572],[148.99537,-31.26505],[148.99536,-31.26447],[148.99652,-31.26454],[148.99694,-31.26485],[148.9974,-31.26425],[148.99719,-31.26403],[148.99766,-31.26411],[148.99781,-31.26343],[148.99864,-31.26292],[148.99821,-31.26266],[148.99653,-31.26282],[148.99599,-31.26224],[148.99946,-31.26219],[148.99947,-31.26255],[148.99899,-31.26472]]]}},{"type":"Feature","properties":{"OBJECTID":8710674,"PCTID":434,"PCTName":"White Box grass shrub hill woodland on clay to loam soils on volcanic and sedimentary hills in the southern Brigalow Belt South Bioregion","vegClass":"Western Slopes Grassy Woodlands","vegForm":"Grassy Woodlands"},"geometry":{"type":"Polygon","coordinates":[[[149.00983,-31.26811],[149.00909,-31.26789],[149.00834,-31.26723],[149.00955,-31.26707],[149.01065,-31.26792],[149.00983,-31.26811]]]}},{"type":"Feature","properties":{"OBJECTID":8710676,"PCTID":417,"PCTName":"Black Cypress Pine - Narrow-leaved Ironbark - red gum +/- White Bloodwood shrubby open forest on hills of the southern Pilliga, Coonabarabran and Garawilla regions, Brigalow Belt South Bioregion","vegClass":"Western Slopes Dry Sclerophyll Forests","vegForm":"Dry Sclerophyll Forests (Shrubby sub-formation)"},"geometry":{"type":"Polygon","coordinates":[[[149.00259,-31.26344],[149.00143,-31.26324],[149.00192,-31.264],[149.00156,-31.26436],[149.00199,-31.26503],[149.00169,-31.26549],[149.002,-31.26553],[149.00201,-31.26603],[149.0026,-31.26647],[149.00114,-31.26703],[149.00115,-31.26735],[148.99942,-31.26751],[148.99902,-31.26833],[148.99828,-31.26821],[148.99787,-31.26849],[148.99742,-31.26732],[148.99807,-31.26803],[148.99849,-31.26807],[148.99885,-31.26784],[148.99879,-31.26748],[148.99832,-31.26758],[148.99877,-31.26671],[148.9986,-31.26626],[148.99986,-31.26602],[148.99858,-31.26536],[148.99941,-31.26463],[148.99934,-31.26377],[148.99964,-31.26331],[148.99946,-31.26219],[149.00345,-31.26221],[149.00259,-31.26344]]]}},{"type":"Feature","properties":{"OBJECTID":8710681,"PCTID":0,"PCTName":"Not classified","vegClass":"Not classified","vegForm":"Not classified"},"geometry":{"type":"Polygon","coordinates":[[[148.99728,-31.26813],[148.99766,-31.26871],[148.99697,-31.26846],[148.99648,-31.26774],[148.99668,-31.2672],[148.99726,-31.26728],[148.99728,-31.26813]]]}},{"type":"Feature","properties":{"OBJECTID":8710691,"PCTID":394,"PCTName":"Narrow-leaved Ironbark - White Cypress pine woodland on slopes and flats in the Coonabarabran - Pilliga Scrub regions","vegClass":"North-west Slopes Dry Sclerophyll Woodlands","vegForm":"Dry Sclerophyll Forests (Shrub/grass sub-formation)"},"geometry":{"type":"Polygon","coordinates":[[[149.00274,-31.26813],[149.00244,-31.26873],[149.00144,-31.26861],[149.00108,-31.26884],[149.00097,-31.26857],[149.00231,-31.26747],[149.00304,-31.26736],[149.00374,-31.26807],[149.00274,-31.26813]]]}},{"type":"Feature","properties":{"OBJECTID":8710698,"PCTID":393,"PCTName":"White Box shrubby woodland of the western Liverpool Range, Warrumbungle Range and south-west Pilliga forests, Brigalow Belt South Bioregion","vegClass":"North-west Slopes Dry Sclerophyll Woodlands","vegForm":"Dry Sclerophyll Forests (Shrub/grass sub-formation)"},"geometry":{"type":"Polygon","coordinates":[[[148.99498,-31.26849],[148.99441,-31.26904],[148.99373,-31.26905],[148.9944,-31.26841],[148.99454,-31.26782],[148.99492,-31.26808],[148.99498,-31.26849]]]}},{"type":"Feature","properties":{"OBJECTID":8710702,"PCTID":417,"PCTName":"Black Cypress Pine - Narrow-leaved Ironbark - red gum +/- White Bloodwood shrubby open forest on hills of the southern Pilliga, Coonabarabran and Garawilla regions, Brigalow Belt South Bioregion","vegClass":"Western Slopes Dry Sclerophyll Forests","vegForm":"Dry Sclerophyll Forests (Shrubby sub-formation)"},"geometry":{"type":"Polygon","coordinates":[[[148.9857,-31.26927],[148.98454,-31.26911],[148.98436,-31.26835],[148.98473,-31.26829],[148.9849,-31.26874],[148.98637,-31.2689],[148.9857,-31.26927]]]}},{"type":"Feature","properties":{"OBJECTID":8710703,"PCTID":385,"PCTName":"Warrumbungle trachyte hillcrest Tumbledown Red Gum - Black Cypress Pine - White Bloodwood shrubby woodland","vegClass":"North-west Slopes Dry Sclerophyll Woodlands","vegForm":"Dry Sclerophyll Forests (Shrub/grass sub-formation)"},"geometry":{"type":"Polygon","coordinates":[[[148.99444,-31.26818],[148.99371,-31.26819],[148.99268,-31.26916],[148.99226,-31.26907],[148.99214,-31.26867],[148.99303,-31.26838],[148.99328,-31.26788],[148.99386,-31.26783],[148.99385,-31.2676],[148.99449,-31.26777],[148.99444,-31.26818]]]}},{"type":"Feature","properties":{"OBJECTID":8710706,"PCTID":381,"PCTName":"Rough-barked Apple - Yellow Box grass/shrub footslope open forest, Brigalow Belt South Bioregion","vegClass":"North-west Slopes Dry Sclerophyll Woodlands","vegForm":"Dry Sclerophyll Forests (Shrub/grass sub-formation)"},"geometry":{"type":"Polygon","coordinates":[[[148.98201,-31.26893],[148.98253,-31.26851],[148.9826,-31.26932],[148.98212,-31.26928],[148.98201,-31.26893]]]}},{"type":"Feature","properties":{"OBJECTID":8710713,"PCTID":417,"PCTName":"Black Cypress Pine - Narrow-leaved Ironbark - red gum +/- White Bloodwood shrubby open forest on hills of the southern Pilliga, Coonabarabran and Garawilla regions, Brigalow Belt South Bioregion","vegClass":"Western Slopes Dry Sclerophyll Forests","vegForm":"Dry Sclerophyll Forests (Shrubby sub-formation)"},"geometry":{"type":"Polygon","coordinates":[[[149.01013,-31.26494],[149.01114,-31.26529],[149.0111,-31.26579],[149.0119,-31.2664],[149.01256,-31.26567],[149.01304,-31.26584],[149.01322,-31.26692],[149.01281,-31.26725],[149.01298,-31.26806],[149.0118,-31.26902],[149.01122,-31.26908],[149.01037,-31.26851],[149.00948,-31.26852],[149.00856,-31.26772],[149.00887,-31.26749],[149.00893,-31.26781],[149.00983,-31.26811],[149.01072,-31.26791],[149.01089,-31.26827],[149.01199,-31.26807],[149.01134,-31.26736],[149.01045,-31.26733],[149.01033,-31.26697],[149.00928,-31.26663],[149.00891,-31.26677],[149.0091,-31.26595],[149.00989,-31.26594],[149.00952,-31.26577],[149.00955,-31.26468],[149.01028,-31.26454],[149.01013,-31.26494]]]}},{"type":"Feature","properties":{"OBJECTID":8710718,"PCTID":393,"PCTName":"White Box shrubby woodland of the western Liverpool Range, Warrumbungle Range and south-west Pilliga forests, Brigalow Belt South Bioregion","vegClass":"North-west Slopes Dry Sclerophyll Woodlands","vegForm":"Dry Sclerophyll Forests (Shrub/grass sub-formation)"},"geometry":{"type":"Polygon","coordinates":[[[149.01626,-31.26908],[149.01551,-31.26833],[149.01634,-31.26796],[149.01694,-31.2688],[149.01626,-31.26908]]]}},{"type":"Feature","properties":{"OBJECTID":8710736,"PCTID":394,"PCTName":"Narrow-leaved Ironbark - White Cypress pine woodland on slopes and flats in the Coonabarabran - Pilliga Scrub regions","vegClass":"North-west Slopes Dry Sclerophyll Woodlands","vegForm":"Dry Sclerophyll Forests (Shrub/grass sub-formation)"},"geometry":{"type":"Polygon","coordinates":[[[149.001,-31.26983],[149.00072,-31.26916],[149.00114,-31.26924],[149.001,-31.26983]]]}},{"type":"Feature","properties":{"OBJECTID":8710743,"PCTID":389,"PCTName":"Motherumbah - White Bloodwood - cypress pine very tall shrubland / woodland of the Coonabarabran region, Brigalow Belt South Bioregion","vegClass":"North-west Slopes Dry Sclerophyll Woodlands","vegForm":"Dry Sclerophyll Forests (Shrub/grass sub-formation)"},"geometry":{"type":"Polygon","coordinates":[[[148.98769,-31.26671],[148.98703,-31.26763],[148.98729,-31.26771],[148.9873,-31.26825],[148.98705,-31.26889],[148.98859,-31.26931],[148.98834,-31.27022],[148.98781,-31.27005],[148.98727,-31.26916],[148.98589,-31.26868],[148.9849,-31.26874],[148.98473,-31.26834],[148.98515,-31.26811],[148.98704,-31.26839],[148.9858,-31.26688],[148.98616,-31.26647],[148.98669,-31.26668],[148.9871,-31.26632],[148.98683,-31.26609],[148.98699,-31.26587],[148.98751,-31.26595],[148.98769,-31.26671]]]}},{"type":"Feature","properties":{"OBJECTID":8710750,"PCTID":393,"PCTName":"White Box shrubby woodland of the western Liverpool Range, Warrumbungle Range and south-west Pilliga forests, Brigalow Belt South Bioregion","vegClass":"North-west Slopes Dry Sclerophyll Woodlands","vegForm":"Dry Sclerophyll Forests (Shrub/grass sub-formation)"},"geometry":{"type":"Polygon","coordinates":[[[149.00955,-31.26707],[149.00834,-31.26723],[149.00867,-31.26795],[149.00948,-31.26852],[149.01037,-31.26851],[149.01154,-31.26903],[149.01229,-31.26992],[149.01019,-31.26973],[149.00927,-31.26875],[149.00821,-31.26823],[149.00819,-31.26755],[149.00771,-31.2672],[149.00859,-31.26668],[149.00991,-31.2668],[149.01045,-31.26733],[149.01134,-31.26736],[149.01199,-31.26798],[149.01183,-31.26826],[149.0111,-31.26827],[149.00955,-31.26707]]]}},{"type":"Feature","properties":{"OBJECTID":8710753,"PCTID":393,"PCTName":"White Box shrubby woodland of the western Liverpool Range, Warrumbungle Range and south-west Pilliga forests, Brigalow Belt South Bioregion","vegClass":"North-west Slopes Dry Sclerophyll Woodlands","vegForm":"Dry Sclerophyll Forests (Shrub/grass sub-formation)"},"geometry":{"type":"Polygon","coordinates":[[[149.03238,-31.26864],[149.03155,-31.26906],[149.03156,-31.26946],[149.02931,-31.26981],[149.02882,-31.26915],[149.03049,-31.26871],[149.03058,-31.26817],[149.03125,-31.26748],[149.03173,-31.26779],[149.03299,-31.26777],[149.03238,-31.26864]]]}},{"type":"Feature","properties":{"OBJECTID":8710759,"PCTID":379,"PCTName":"Inland Scribbly Gum - White Bloodwood - Red Stringybark - Black Cypress Pine shrubby sandstone woodland mainly of the Warrumbungle NP - Pilliga region in the Brigalow Belt South Bioregion","vegClass":"Western Slopes Dry Sclerophyll Forests","vegForm":"Dry Sclerophyll Forests (Shrubby sub-formation)"},"geometry":{"type":"Polygon","coordinates":[[[149.02855,-31.26874],[149.02702,-31.26859],[149.02682,-31.26904],[149.02594,-31.26947],[149.02536,-31.26934],[149.02296,-31.27024],[149.02279,-31.26947],[149.02331,-31.26937],[149.02304,-31.26915],[149.02329,-31.26852],[149.02387,-31.26869],[149.02391,-31.26806],[149.02322,-31.26748],[149.02296,-31.26776],[149.02217,-31.26759],[149.02242,-31.26718],[149.02206,-31.26533],[149.02383,-31.26467],[149.02438,-31.26548],[149.02474,-31.26542],[149.0247,-31.2657],[149.02507,-31.26578],[149.02486,-31.26592],[149.02503,-31.26659],[149.02578,-31.26726],[149.02543,-31.2678],[149.02555,-31.26839],[149.02648,-31.26797],[149.02658,-31.26756],[149.02832,-31.26807],[149.02855,-31.26874]]]}},{"type":"Feature","properties":{"OBJECTID":8710767,"PCTID":417,"PCTName":"Black Cypress Pine - Narrow-leaved Ironbark - red gum +/- White Bloodwood shrubby open forest on hills of the southern Pilliga, Coonabarabran and Garawilla regions, Brigalow Belt South Bioregion","vegClass":"Western Slopes Dry Sclerophyll Forests","vegForm":"Dry Sclerophyll Forests (Shrubby sub-formation)"},"geometry":{"type":"Polygon","coordinates":[[[148.97208,-31.26886],[148.97212,-31.26823],[148.97423,-31.26851],[148.97461,-31.26905],[148.9747,-31.26846],[148.97517,-31.26832],[148.97515,-31.26764],[148.97563,-31.26763],[148.97551,-31.26727],[148.97577,-31.26718],[148.97758,-31.26805],[148.97815,-31.26777],[148.97824,-31.26718],[148.9774,-31.26684],[148.9776,-31.26638],[148.97584,-31.26528],[148.97699,-31.26526],[148.97664,-31.26369],[148.97723,-31.2639],[148.97735,-31.2649],[148.97804,-31.26511],[148.978,-31.26574],[148.97933,-31.26622],[148.98153,-31.266],[148.9823,-31.2654],[148.98188,-31.26514],[148.97962,-31.26535],[148.97913,-31.26464],[148.97861,-31.26451],[148.97881,-31.26415],[148.97992,-31.26458],[148.97937,-31.26364],[148.97996,-31.26409],[148.98064,-31.26403],[148.98091,-31.26439],[148.98143,-31.26397],[148.98138,-31.2642],[148.98259,-31.2644],[148.98263,-31.26373],[148.98168,-31.26347],[148.98178,-31.26297],[148.9838,-31.26416],[148.98293,-31.26305],[148.98187,-31.26248],[148.98397,-31.26244],[148.98472,-31.26333],[148.98653,-31.2642],[148.98679,-31.26406],[148.98662,-31.26375],[148.98725,-31.26338],[148.9882,-31.26368],[148.98929,-31.26321],[148.98975,-31.26235],[148.99521,-31.26226],[148.99521,-31.26262],[148.99449,-31.26313],[148.99476,-31.26344],[148.99441,-31.26412],[148.99267,-31.26415],[148.99264,-31.26492],[148.99103,-31.26594],[148.99183,-31.26615],[148.99245,-31.26591],[148.99244,-31.26546],[148.99276,-31.26564],[148.99343,-31.26517],[148.99386,-31.26539],[148.99469,-31.2652],[148.9952,-31.26677],[148.99633,-31.26806],[148.99523,-31.26808],[148.99517,-31.26758],[148.99464,-31.26732],[148.99449,-31.26777],[148.99385,-31.2676],[148.99386,-31.26783],[148.99328,-31.26788],[148.99319,-31.26825],[148.99214,-31.26867],[148.99226,-31.26898],[148.99189,-31.26917],[148.99136,-31.26864],[148.99052,-31.26888],[148.99009,-31.26839],[148.98997,-31.26789],[148.99028,-31.26766],[148.99006,-31.26712],[148.98948,-31.26686],[148.98957,-31.26632],[148.98703,-31.26532],[148.98631,-31.26615],[148.98344,-31.26696],[148.98279,-31.26833],[148.98201,-31.26893],[148.98212,-31.26928],[148.9795,-31.26937],[148.97942,-31.27041],[148.97852,-31.27016],[148.9779,-31.27048],[148.97762,-31.26999],[148.9769,-31.27036],[148.97616,-31.27024],[148.97554,-31.27075],[148.97392,-31.27122],[148.97327,-31.27051],[148.97296,-31.2707],[148.97206,-31.27022],[148.9716,-31.27029],[148.9716,-31.26881],[148.97208,-31.26886]],[[148.98892,-31.26538],[148.98977,-31.26578],[148.98986,-31.26528],[148.98933,-31.26484],[148.98892,-31.26538]]]}},{"type":"Feature","properties":{"OBJECTID":8710771,"PCTID":379,"PCTName":"Inland Scribbly Gum - White Bloodwood - Red Stringybark - Black Cypress Pine shrubby sandstone woodland mainly of the Warrumbungle NP - Pilliga region in the Brigalow Belt South Bioregion","vegClass":"Western Slopes Dry Sclerophyll Forests","vegForm":"Dry Sclerophyll Forests (Shrubby sub-formation)"},"geometry":{"type":"Polygon","coordinates":[[[148.99268,-31.26916],[148.99371,-31.26819],[148.99439,-31.26818],[148.99367,-31.26892],[148.99368,-31.26928],[148.99305,-31.26933],[148.99254,-31.26979],[148.9934,-31.27059],[148.99229,-31.27034],[148.99157,-31.27107],[148.99077,-31.27045],[148.99092,-31.27013],[148.9906,-31.26987],[148.99126,-31.26923],[148.9909,-31.26919],[148.99018,-31.26997],[148.98963,-31.26898],[148.98868,-31.26882],[148.98818,-31.2677],[148.98832,-31.26666],[148.98906,-31.26683],[148.98947,-31.26659],[148.99006,-31.26712],[148.99029,-31.26784],[148.98998,-31.26816],[148.99052,-31.26888],[148.99136,-31.26864],[148.99158,-31.26913],[148.99226,-31.26898],[148.99268,-31.26916]]]}},{"type":"Feature","properties":{"OBJECTID":8710774,"PCTID":381,"PCTName":"Rough-barked Apple - Yellow Box grass/shrub footslope open forest, Brigalow Belt South Bioregion","vegClass":"North-west Slopes Dry Sclerophyll Woodlands","vegForm":"Dry Sclerophyll Forests (Shrub/grass sub-formation)"},"geometry":{"type":"Polygon","coordinates":[[[149.01782,-31.26351],[149.01757,-31.26396],[149.01689,-31.26402],[149.01603,-31.2634],[149.01287,-31.26282],[149.01228,-31.26229],[149.01182,-31.26275],[149.01198,-31.26311],[149.01168,-31.26366],[149.01068,-31.26358],[149.01069,-31.26426],[149.00955,-31.26468],[149.00952,-31.26577],[149.00989,-31.26594],[149.0091,-31.26595],[149.00891,-31.26668],[149.00771,-31.2672],[149.00819,-31.26755],[149.00794,-31.26796],[149.00704,-31.26752],[149.00625,-31.26772],[149.0061,-31.26808],[149.00526,-31.26796],[149.00511,-31.26837],[149.00422,-31.26852],[149.00304,-31.26736],[149.00231,-31.26747],[149.00149,-31.26825],[148.99902,-31.2686],[148.99873,-31.26933],[148.998,-31.26979],[148.99823,-31.27078],[148.99793,-31.27115],[148.99546,-31.26649],[148.99561,-31.26613],[148.99463,-31.2647],[148.99486,-31.26335],[148.99599,-31.26224],[148.99611,-31.26265],[148.99569,-31.26266],[148.99575,-31.26311],[148.99508,-31.26379],[148.9951,-31.26443],[148.99618,-31.26572],[148.99696,-31.2657],[148.99751,-31.26664],[148.99783,-31.26668],[148.99726,-31.26728],[148.99668,-31.2672],[148.99648,-31.26765],[148.99687,-31.26837],[148.99766,-31.26871],[148.99728,-31.26813],[148.99726,-31.26737],[148.99802,-31.26853],[148.99828,-31.26821],[148.99902,-31.26833],[148.99942,-31.26751],[149.00115,-31.26735],[149.00114,-31.26703],[149.0026,-31.26647],[149.00201,-31.26603],[149.002,-31.26553],[149.00169,-31.26549],[149.00199,-31.26503],[149.00156,-31.26436],[149.00192,-31.264],[149.00148,-31.26319],[149.0029,-31.26335],[149.00221,-31.26521],[149.00312,-31.26601],[149.00356,-31.26722],[149.00483,-31.2676],[149.00635,-31.26735],[149.00727,-31.26635],[149.00785,-31.26647],[149.00843,-31.26619],[149.00914,-31.26541],[149.00938,-31.26428],[149.00906,-31.26397],[149.00801,-31.2639],[149.00816,-31.26353],[149.00989,-31.26369],[149.01133,-31.26199],[149.0129,-31.26197],[149.01333,-31.26232],[149.01502,-31.26256],[149.01782,-31.26351]]]}},{"type":"Feature","properties":{"OBJECTID":8710777,"PCTID":389,"PCTName":"Motherumbah - White Bloodwood - cypress pine very tall shrubland / woodland of the Coonabarabran region, Brigalow Belt South Bioregion","vegClass":"North-west Slopes Dry Sclerophyll Woodlands","vegForm":"Dry Sclerophyll Forests (Shrub/grass sub-formation)"},"geometry":{"type":"Polygon","coordinates":[[[149.00512,-31.27098],[149.00425,-31.26955],[149.0034,-31.26948],[149.00318,-31.26898],[149.00271,-31.26917],[149.00291,-31.26867],[149.00444,-31.26874],[149.00516,-31.26837],[149.00549,-31.26863],[149.00588,-31.26971],[149.00573,-31.27021],[149.00611,-31.27061],[149.00554,-31.27107],[149.00512,-31.27098]]]}},{"type":"Feature","properties":{"OBJECTID":8710781,"PCTID":393,"PCTName":"White Box shrubby woodland of the western Liverpool Range, Warrumbungle Range and south-west Pilliga forests, Brigalow Belt South Bioregion","vegClass":"North-west Slopes Dry Sclerophyll Woodlands","vegForm":"Dry Sclerophyll Forests (Shrub/grass sub-formation)"},"geometry":{"type":"Polygon","coordinates":[[[149.02247,-31.26934],[149.02188,-31.26899],[149.02128,-31.27004],[149.0215,-31.27044],[149.02046,-31.27091],[149.02064,-31.26955],[149.02089,-31.2691],[149.02115,-31.26918],[149.02118,-31.26828],[149.02226,-31.26704],[149.02227,-31.26768],[149.02296,-31.26776],[149.02322,-31.26748],[149.02391,-31.26806],[149.02387,-31.26869],[149.02329,-31.26852],[149.02304,-31.26911],[149.02247,-31.26934]]]}},{"type":"Feature","properties":{"OBJECTID":8710782,"PCTID":386,"PCTName":"Tumbledown Red Gum trachyte rock flat sedgeland - shrubland of the Warrumbungle Range region","vegClass":"North-west Slopes Dry Sclerophyll Woodlands","vegForm":"Dry Sclerophyll Forests (Shrub/grass sub-formation)"},"geometry":{"type":"Polygon","coordinates":[[[149.02654,-31.27072],[149.02513,-31.27083],[149.0247,-31.27048],[149.02657,-31.26968],[149.02904,-31.26937],[149.02931,-31.26981],[149.02654,-31.27072]]]}},{"type":"Feature","properties":{"OBJECTID":8710783,"PCTID":381,"PCTName":"Rough-barked Apple - Yellow Box grass/shrub footslope open forest, Brigalow Belt South Bioregion","vegClass":"North-west Slopes Dry Sclerophyll Woodlands","vegForm":"Dry Sclerophyll Forests (Shrub/grass sub-formation)"},"geometry":{"type":"Polygon","coordinates":[[[148.97214,-31.26426],[148.9731,-31.26496],[148.97325,-31.26451],[148.97455,-31.26404],[148.97473,-31.26286],[148.97452,-31.2626],[148.97521,-31.26295],[148.97536,-31.26258],[148.97693,-31.26256],[148.97668,-31.26288],[148.97532,-31.26321],[148.97497,-31.26403],[148.97415,-31.26477],[148.97165,-31.2658],[148.9716,-31.26586],[148.9716,-31.26474],[148.97214,-31.26426]]]}},{"type":"Feature","properties":{"OBJECTID":8710784,"PCTID":379,"PCTName":"Inland Scribbly Gum - White Bloodwood - Red Stringybark - Black Cypress Pine shrubby sandstone woodland mainly of the Warrumbungle NP - Pilliga region in the Brigalow Belt South Bioregion","vegClass":"Western Slopes Dry Sclerophyll Forests","vegForm":"Dry Sclerophyll Forests (Shrubby sub-formation)"},"geometry":{"type":"Polygon","coordinates":[[[149.03262,-31.2698],[149.03256,-31.26935],[149.03156,-31.26951],[149.03155,-31.26906],[149.03238,-31.26864],[149.03304,-31.26768],[149.03357,-31.26771],[149.03398,-31.26721],[149.03513,-31.26715],[149.03548,-31.26854],[149.03495,-31.26855],[149.03539,-31.26913],[149.03495,-31.27062],[149.03421,-31.27064],[149.03405,-31.27023],[149.03315,-31.26998],[149.03262,-31.2698]]]}},{"type":"Feature","properties":{"OBJECTID":8710793,"PCTID":434,"PCTName":"White Box grass shrub hill woodland on clay to loam soils on volcanic and sedimentary hills in the southern Brigalow Belt South Bioregion","vegClass":"Western Slopes Grassy Woodlands","vegForm":"Grassy Woodlands"},"geometry":{"type":"Polygon","coordinates":[[[149.00717,-31.26896],[149.00769,-31.27108],[149.00744,-31.27153],[149.00712,-31.27131],[149.00732,-31.27095],[149.00669,-31.27073],[149.0069,-31.27059],[149.00676,-31.26911],[149.00622,-31.26835],[149.00715,-31.26788],[149.00748,-31.26833],[149.00717,-31.26896]]]}},{"type":"Feature","properties":{"OBJECTID":8710796,"PCTID":381,"PCTName":"Rough-barked Apple - Yellow Box grass/shrub footslope open forest, Brigalow Belt South Bioregion","vegClass":"North-west Slopes Dry Sclerophyll Woodlands","vegForm":"Dry Sclerophyll Forests (Shrub/grass sub-formation)"},"geometry":{"type":"Polygon","coordinates":[[[148.97206,-31.27022],[148.97296,-31.2707],[148.97327,-31.27051],[148.97424,-31.27122],[148.97616,-31.27024],[148.9769,-31.27036],[148.97762,-31.26999],[148.9779,-31.27048],[148.97852,-31.27016],[148.97942,-31.27041],[148.97945,-31.26942],[148.97992,-31.26919],[148.98186,-31.26938],[148.98121,-31.27056],[148.98048,-31.27085],[148.98039,-31.27152],[148.97981,-31.27149],[148.97959,-31.27104],[148.97823,-31.2712],[148.97823,-31.27151],[148.97866,-31.27169],[148.9783,-31.27205],[148.97788,-31.27193],[148.97765,-31.27125],[148.97691,-31.27108],[148.97598,-31.2716],[148.97544,-31.27102],[148.97514,-31.27156],[148.97393,-31.27167],[148.9726,-31.27079],[148.9716,-31.27095],[148.9716,-31.27023],[148.97206,-31.27022]]]}},{"type":"Feature","properties":{"OBJECTID":8710797,"PCTID":393,"PCTName":"White Box shrubby woodland of the western Liverpool Range, Warrumbungle Range and south-west Pilliga forests, Brigalow Belt South Bioregion","vegClass":"North-west Slopes Dry Sclerophyll Woodlands","vegForm":"Dry Sclerophyll Forests (Shrub/grass sub-formation)"},"geometry":{"type":"Polygon","coordinates":[[[149.00774,-31.26837],[149.00715,-31.26788],[149.00622,-31.26835],[149.00676,-31.26911],[149.0069,-31.27059],[149.00669,-31.27073],[149.00716,-31.27081],[149.00733,-31.27122],[149.00603,-31.2716],[149.00554,-31.27125],[149.0061,-31.27034],[149.00573,-31.27021],[149.00588,-31.26971],[149.00511,-31.26837],[149.00526,-31.26796],[149.0061,-31.26808],[149.00625,-31.26772],[149.00725,-31.26752],[149.00794,-31.26796],[149.00774,-31.26837]]]}},{"type":"Feature","properties":{"OBJECTID":8710804,"PCTID":417,"PCTName":"Black Cypress Pine - Narrow-leaved Ironbark - red gum +/- White Bloodwood shrubby open forest on hills of the southern Pilliga, Coonabarabran and Garawilla regions, Brigalow Belt South Bioregion","vegClass":"Western Slopes Dry Sclerophyll Forests","vegForm":"Dry Sclerophyll Forests (Shrubby sub-formation)"},"geometry":{"type":"Polygon","coordinates":[[[148.97268,-31.26263],[148.97269,-31.26294],[148.974,-31.26283],[148.97459,-31.26336],[148.97455,-31.26404],[148.97325,-31.26451],[148.9731,-31.26496],[148.97214,-31.26426],[148.9716,-31.26474],[148.9716,-31.26265],[148.97268,-31.26263]]]}},{"type":"Feature","properties":{"OBJECTID":8710809,"PCTID":379,"PCTName":"Inland Scribbly Gum - White Bloodwood - Red Stringybark - Black Cypress Pine shrubby sandstone woodland mainly of the Warrumbungle NP - Pilliga region in the Brigalow Belt South Bioregion","vegClass":"Western Slopes Dry Sclerophyll Forests","vegForm":"Dry Sclerophyll Forests (Shrubby sub-formation)"},"geometry":{"type":"Polygon","coordinates":[[[149.00115,-31.272],[149.00083,-31.27196],[149.00041,-31.27165],[149.00034,-31.27102],[149.00102,-31.27087],[149.00119,-31.27132],[149.00115,-31.272]]]}},{"type":"Feature","properties":{"OBJECTID":8710822,"PCTID":394,"PCTName":"Narrow-leaved Ironbark - White Cypress pine woodland on slopes and flats in the Coonabarabran - Pilliga Scrub regions","vegClass":"North-west Slopes Dry Sclerophyll Woodlands","vegForm":"Dry Sclerophyll Forests (Shrub/grass sub-formation)"},"geometry":{"type":"Polygon","coordinates":[[[149.02325,-31.2714],[149.0222,-31.27142],[149.02169,-31.27202],[149.01943,-31.27196],[149.01979,-31.27146],[149.02162,-31.27139],[149.02177,-31.27093],[149.02239,-31.27056],[149.02497,-31.27061],[149.02325,-31.2714]]]}},{"type":"Feature","properties":{"OBJECTID":8710828,"PCTID":417,"PCTName":"Black Cypress Pine - Narrow-leaved Ironbark - red gum +/- White Bloodwood shrubby open forest on hills of the southern Pilliga, Coonabarabran and Garawilla regions, Brigalow Belt South Bioregion","vegClass":"Western Slopes Dry Sclerophyll Forests","vegForm":"Dry Sclerophyll Forests (Shrubby sub-formation)"},"geometry":{"type":"Polygon","coordinates":[[[149.00602,-31.27155],[149.00584,-31.27255],[149.00515,-31.27234],[149.00486,-31.27139],[149.00402,-31.27118],[149.00246,-31.2694],[149.00318,-31.26898],[149.0034,-31.26948],[149.00425,-31.26955],[149.00512,-31.27098],[149.00554,-31.27107],[149.00602,-31.27155]]]}},{"type":"Feature","properties":{"OBJECTID":8710829,"PCTID":417,"PCTName":"Black Cypress Pine - Narrow-leaved Ironbark - red gum +/- White Bloodwood shrubby open forest on hills of the southern Pilliga, Coonabarabran and Garawilla regions, Brigalow Belt South Bioregion","vegClass":"Western Slopes Dry Sclerophyll Forests","vegForm":"Dry Sclerophyll Forests (Shrubby sub-formation)"},"geometry":{"type":"Polygon","coordinates":[[[149.02799,-31.26253],[149.02779,-31.26298],[149.02806,-31.2632],[149.02775,-31.26348],[149.02706,-31.26326],[149.02668,-31.26264],[149.02584,-31.26279],[149.02548,-31.26293],[149.02548,-31.26325],[149.02408,-31.26381],[149.02414,-31.2644],[149.02383,-31.26467],[149.02206,-31.26533],[149.02231,-31.26695],[149.02118,-31.26828],[149.02115,-31.26918],[149.02089,-31.2691],[149.02064,-31.26955],[149.02046,-31.27091],[149.0215,-31.27044],[149.02128,-31.27004],[149.02188,-31.26899],[149.02247,-31.26934],[149.02331,-31.26928],[149.02274,-31.26961],[149.02312,-31.27028],[149.02536,-31.26934],[149.02594,-31.26947],[149.02682,-31.26904],[149.02702,-31.26859],[149.02855,-31.26874],[149.02832,-31.26807],[149.0288,-31.2682],[149.02909,-31.26711],[149.02886,-31.26612],[149.02933,-31.2662],[149.02951,-31.26692],[149.03185,-31.26621],[149.03223,-31.26647],[149.03254,-31.26624],[149.03322,-31.26641],[149.03355,-31.26695],[149.0338,-31.26636],[149.03363,-31.26573],[149.0344,-31.26508],[149.03519,-31.2652],[149.03555,-31.2647],[149.03578,-31.26547],[149.03531,-31.26583],[149.03518,-31.26714],[149.03398,-31.26721],[149.03346,-31.26776],[149.03173,-31.26779],[149.03125,-31.26748],[149.03058,-31.26817],[149.03049,-31.26871],[149.02882,-31.26901],[149.02898,-31.26937],[149.02867,-31.26955],[149.02637,-31.26973],[149.0258,-31.27019],[149.02527,-31.27006],[149.02449,-31.27057],[149.02412,-31.27049],[149.02402,-31.27076],[149.02376,-31.27049],[149.02318,-31.27073],[149.02239,-31.27056],[149.02126,-31.27148],[149.0201,-31.27159],[149.01941,-31.27129],[149.01823,-31.2723],[149.01772,-31.27091],[149.0173,-31.27078],[149.01718,-31.2702],[149.0175,-31.2701],[149.01753,-31.26933],[149.01666,-31.26813],[149.01567,-31.26815],[149.01587,-31.26769],[149.01665,-31.26736],[149.01648,-31.26696],[149.01699,-31.26614],[149.01682,-31.2656],[149.01787,-31.26563],[149.01799,-31.2663],[149.01841,-31.26657],[149.01861,-31.2658],[149.01828,-31.26522],[149.01894,-31.26444],[149.01888,-31.26399],[149.0194,-31.26384],[149.01963,-31.26447],[149.01933,-31.26506],[149.02019,-31.26627],[149.02005,-31.26695],[149.02048,-31.26721],[149.02125,-31.26647],[149.02113,-31.26571],[149.02151,-31.26399],[149.02308,-31.26365],[149.02368,-31.26251],[149.02463,-31.2629],[149.02504,-31.2624],[149.02466,-31.26177],[149.02534,-31.26176],[149.02578,-31.26238],[149.02799,-31.26253]]]}},{"type":"Feature","properties":{"OBJECTID":8710834,"PCTID":417,"PCTName":"Black Cypress Pine - Narrow-leaved Ironbark - red gum +/- White Bloodwood shrubby open forest on hills of the southern Pilliga, Coonabarabran and Garawilla regions, Brigalow Belt South Bioregion","vegClass":"Western Slopes Dry Sclerophyll Forests","vegForm":"Dry Sclerophyll Forests (Shrubby sub-formation)"},"geometry":{"type":"Polygon","coordinates":[[[148.99683,-31.26904],[148.99745,-31.27088],[148.99742,-31.27183],[148.99681,-31.27283],[148.99664,-31.2723],[148.996,-31.27204],[148.99564,-31.2724],[148.99512,-31.27237],[148.99484,-31.27165],[148.99441,-31.27148],[148.99424,-31.27062],[148.99449,-31.27039],[148.99412,-31.27026],[148.99479,-31.26957],[148.99457,-31.26904],[148.99574,-31.26983],[148.99648,-31.26977],[148.99652,-31.26941],[148.99683,-31.26904]]]}},{"type":"Feature","properties":{"OBJECTID":8710839,"PCTID":386,"PCTName":"Tumbledown Red Gum trachyte rock flat sedgeland - shrubland of the Warrumbungle Range region","vegClass":"North-west Slopes Dry Sclerophyll Woodlands","vegForm":"Dry Sclerophyll Forests (Shrub/grass sub-formation)"},"geometry":{"type":"Polygon","coordinates":[[[149.03415,-31.27231],[149.03377,-31.27186],[149.03319,-31.27178],[149.03365,-31.27141],[149.0344,-31.27212],[149.03415,-31.27231]]]}},{"type":"Feature","properties":{"OBJECTID":8710847,"PCTID":417,"PCTName":"Black Cypress Pine - Narrow-leaved Ironbark - red gum +/- White Bloodwood shrubby open forest on hills of the southern Pilliga, Coonabarabran and Garawilla regions, Brigalow Belt South Bioregion","vegClass":"Western Slopes Dry Sclerophyll Forests","vegForm":"Dry Sclerophyll Forests (Shrubby sub-formation)"},"geometry":{"type":"Polygon","coordinates":[[[148.99476,-31.27309],[148.99435,-31.27315],[148.99434,-31.27278],[148.99365,-31.27266],[148.99342,-31.27149],[148.99447,-31.27179],[148.99476,-31.27309]]]}},{"type":"Feature","properties":{"OBJECTID":8710850,"PCTID":389,"PCTName":"Motherumbah - White Bloodwood - cypress pine very tall shrubland / woodland of the Coonabarabran region, Brigalow Belt South Bioregion","vegClass":"North-west Slopes Dry Sclerophyll Woodlands","vegForm":"Dry Sclerophyll Forests (Shrub/grass sub-formation)"},"geometry":{"type":"Polygon","coordinates":[[[148.99476,-31.27269],[148.99492,-31.27323],[148.99461,-31.27323],[148.99452,-31.2717],[148.99484,-31.27165],[148.99512,-31.27237],[148.99476,-31.27269]]]}},{"type":"Feature","properties":{"OBJECTID":8710854,"PCTID":379,"PCTName":"Inland Scribbly Gum - White Bloodwood - Red Stringybark - Black Cypress Pine shrubby sandstone woodland mainly of the Warrumbungle NP - Pilliga region in the Brigalow Belt South Bioregion","vegClass":"Western Slopes Dry Sclerophyll Forests","vegForm":"Dry Sclerophyll Forests (Shrubby sub-formation)"},"geometry":{"type":"Polygon","coordinates":[[[149.02201,-31.27246],[149.02139,-31.27292],[149.02086,-31.27253],[149.02012,-31.27249],[149.02001,-31.27196],[149.02169,-31.27202],[149.02201,-31.27246]]]}},{"type":"Feature","properties":{"OBJECTID":8710861,"PCTID":389,"PCTName":"Motherumbah - White Bloodwood - cypress pine very tall shrubland / woodland of the Coonabarabran region, Brigalow Belt South Bioregion","vegClass":"North-west Slopes Dry Sclerophyll Woodlands","vegForm":"Dry Sclerophyll Forests (Shrub/grass sub-formation)"},"geometry":{"type":"Polygon","coordinates":[[[148.98156,-31.26979],[148.98248,-31.27108],[148.98385,-31.27115],[148.98331,-31.27044],[148.9835,-31.26989],[148.98393,-31.27034],[148.98488,-31.27028],[148.98595,-31.27107],[148.98673,-31.27079],[148.98695,-31.27124],[148.98627,-31.27161],[148.98527,-31.27144],[148.98502,-31.27181],[148.98418,-31.27182],[148.98409,-31.27246],[148.98362,-31.27287],[148.98269,-31.27356],[148.98191,-31.27371],[148.98179,-31.27335],[148.98227,-31.27325],[148.9821,-31.27276],[148.98235,-31.27239],[148.9833,-31.27242],[148.98334,-31.27197],[148.98121,-31.27056],[148.98156,-31.26979]]]}},{"type":"Feature","properties":{"OBJECTID":8710862,"PCTID":417,"PCTName":"Black Cypress Pine - Narrow-leaved Ironbark - red gum +/- White Bloodwood shrubby open forest on hills of the southern Pilliga, Coonabarabran and Garawilla regions, Brigalow Belt South Bioregion","vegClass":"Western Slopes Dry Sclerophyll Forests","vegForm":"Dry Sclerophyll Forests (Shrubby sub-formation)"},"geometry":{"type":"Polygon","coordinates":[[[148.99603,-31.27348],[148.99566,-31.27308],[148.99629,-31.27316],[148.99603,-31.27348]]]}},{"type":"Feature","properties":{"OBJECTID":8710863,"PCTID":393,"PCTName":"White Box shrubby woodland of the western Liverpool Range, Warrumbungle Range and south-west Pilliga forests, Brigalow Belt South Bioregion","vegClass":"North-west Slopes Dry Sclerophyll Woodlands","vegForm":"Dry Sclerophyll Forests (Shrub/grass sub-formation)"},"geometry":{"type":"Polygon","coordinates":[[[148.99634,-31.27316],[148.99571,-31.27299],[148.99588,-31.27357],[148.99493,-31.27327],[148.99476,-31.27269],[148.996,-31.27204],[148.99664,-31.2723],[148.9967,-31.27284],[148.99634,-31.27316]]]}},{"type":"Feature","properties":{"OBJECTID":8710866,"PCTID":394,"PCTName":"Narrow-leaved Ironbark - White Cypress pine woodland on slopes and flats in the Coonabarabran - Pilliga Scrub regions","vegClass":"North-west Slopes Dry Sclerophyll Woodlands","vegForm":"Dry Sclerophyll Forests (Shrub/grass sub-formation)"},"geometry":{"type":"Polygon","coordinates":[[[148.99052,-31.2737],[148.98989,-31.27367],[148.9894,-31.27282],[148.98872,-31.27283],[148.98864,-31.27175],[148.98954,-31.27205],[148.98998,-31.27295],[148.99052,-31.2737]]]}},{"type":"Feature","properties":{"OBJECTID":8710870,"PCTID":389,"PCTName":"Motherumbah - White Bloodwood - cypress pine very tall shrubland / woodland of the Coonabarabran region, Brigalow Belt South Bioregion","vegClass":"North-west Slopes Dry Sclerophyll Woodlands","vegForm":"Dry Sclerophyll Forests (Shrub/grass sub-formation)"},"geometry":{"type":"Polygon","coordinates":[[[149.00364,-31.27308],[149.00401,-31.27312],[149.00382,-31.2738],[149.00249,-31.27328],[149.00206,-31.2727],[149.00215,-31.27198],[149.0013,-31.27154],[149.00102,-31.27087],[149.00044,-31.27097],[149.00038,-31.27047],[149.00133,-31.2705],[149.00134,-31.27096],[149.00209,-31.27166],[149.00287,-31.27156],[149.00346,-31.27214],[149.00364,-31.27308]]]}},{"type":"Feature","properties":{"OBJECTID":8710874,"PCTID":393,"PCTName":"White Box shrubby woodland of the western Liverpool Range, Warrumbungle Range and south-west Pilliga forests, Brigalow Belt South Bioregion","vegClass":"North-west Slopes Dry Sclerophyll Woodlands","vegForm":"Dry Sclerophyll Forests (Shrub/grass sub-formation)"},"geometry":{"type":"Polygon","coordinates":[[[149.00917,-31.27376],[149.00906,-31.27326],[149.00853,-31.27323],[149.00802,-31.27369],[149.00696,-31.27343],[149.00602,-31.27381],[149.0059,-31.27323],[149.00631,-31.27268],[149.00767,-31.2722],[149.00835,-31.27237],[149.00874,-31.273],[149.00915,-31.2729],[149.0098,-31.2737],[149.00917,-31.27376]]]}},{"type":"Feature","properties":{"OBJECTID":8710879,"PCTID":381,"PCTName":"Rough-barked Apple - Yellow Box grass/shrub footslope open forest, Brigalow Belt South Bioregion","vegClass":"North-west Slopes Dry Sclerophyll Woodlands","vegForm":"Dry Sclerophyll Forests (Shrub/grass sub-formation)"},"geometry":{"type":"Polygon","coordinates":[[[148.99652,-31.27388],[148.99811,-31.27241],[148.99809,-31.27132],[148.99867,-31.2715],[148.99883,-31.2719],[148.99772,-31.27386],[148.99719,-31.27364],[148.99678,-31.27419],[148.99652,-31.27388]]]}},{"type":"Feature","properties":{"OBJECTID":8710881,"PCTID":417,"PCTName":"Black Cypress Pine - Narrow-leaved Ironbark - red gum +/- White Bloodwood shrubby open forest on hills of the southern Pilliga, Coonabarabran and Garawilla regions, Brigalow Belt South Bioregion","vegClass":"Western Slopes Dry Sclerophyll Forests","vegForm":"Dry Sclerophyll Forests (Shrubby sub-formation)"},"geometry":{"type":"Polygon","coordinates":[[[149.01776,-31.2724],[149.01751,-31.27285],[149.01773,-31.27335],[149.01726,-31.27381],[149.01689,-31.27363],[149.01648,-31.27391],[149.01549,-31.27199],[149.01458,-31.27132],[149.01674,-31.27169],[149.01776,-31.2724]]]}},{"type":"Feature","properties":{"OBJECTID":8710888,"PCTID":417,"PCTName":"Black Cypress Pine - Narrow-leaved Ironbark - red gum +/- White Bloodwood shrubby open forest on hills of the southern Pilliga, Coonabarabran and Garawilla regions, Brigalow Belt South Bioregion","vegClass":"Western Slopes Dry Sclerophyll Forests","vegForm":"Dry Sclerophyll Forests (Shrubby sub-formation)"},"geometry":{"type":"Polygon","coordinates":[[[148.99292,-31.27281],[148.99334,-31.27303],[148.99336,-31.27352],[148.99253,-31.27412],[148.99248,-31.27453],[148.99196,-31.27445],[148.99141,-31.27328],[148.99155,-31.27279],[148.99108,-31.27266],[148.99083,-31.27329],[148.99014,-31.27312],[148.98965,-31.27218],[148.9888,-31.27175],[148.98868,-31.2713],[148.98914,-31.2707],[148.98994,-31.27092],[148.99051,-31.27064],[148.99147,-31.27139],[148.99241,-31.27133],[148.99226,-31.27174],[148.99302,-31.2724],[148.99292,-31.27281]]]}},{"type":"Feature","properties":{"OBJECTID":8710893,"PCTID":389,"PCTName":"Motherumbah - White Bloodwood - cypress pine very tall shrubland / woodland of the Coonabarabran region, Brigalow Belt South Bioregion","vegClass":"North-west Slopes Dry Sclerophyll Woodlands","vegForm":"Dry Sclerophyll Forests (Shrub/grass sub-formation)"},"geometry":{"type":"Polygon","coordinates":[[[148.9941,-31.27392],[148.99327,-31.27461],[148.993,-31.2743],[148.99254,-31.27444],[148.99253,-31.27412],[148.99336,-31.27352],[148.99334,-31.27303],[148.99292,-31.27281],[148.99301,-31.27236],[148.99365,-31.27262],[148.9941,-31.27392]]]}},{"type":"Feature","properties":{"OBJECTID":8710894,"PCTID":379,"PCTName":"Inland Scribbly Gum - White Bloodwood - Red Stringybark - Black Cypress Pine shrubby sandstone woodland mainly of the Warrumbungle NP - Pilliga region in the Brigalow Belt South Bioregion","vegClass":"Western Slopes Dry Sclerophyll Forests","vegForm":"Dry Sclerophyll Forests (Shrubby sub-formation)"},"geometry":{"type":"Polygon","coordinates":[[[149.02057,-31.26423],[149.02025,-31.26627],[149.01955,-31.26569],[149.01932,-31.26497],[149.01963,-31.26443],[149.01925,-31.2638],[149.01828,-31.26522],[149.01861,-31.2658],[149.01841,-31.26657],[149.01799,-31.2663],[149.01787,-31.26563],[149.01682,-31.2656],[149.01699,-31.26614],[149.01648,-31.26696],[149.01665,-31.26736],[149.01587,-31.26769],[149.01552,-31.26856],[149.01626,-31.26908],[149.01699,-31.2688],[149.01753,-31.26933],[149.0175,-31.2701],[149.01718,-31.2702],[149.0173,-31.27078],[149.01772,-31.27091],[149.01811,-31.27163],[149.01711,-31.27146],[149.01643,-31.27174],[149.01642,-31.27152],[149.01458,-31.27132],[149.01549,-31.27199],[149.01653,-31.27404],[149.01543,-31.27402],[149.01516,-31.27348],[149.0153,-31.27285],[149.01493,-31.27285],[149.0151,-31.2733],[149.01484,-31.27353],[149.01357,-31.27305],[149.01325,-31.27274],[149.01345,-31.27224],[149.01295,-31.27126],[149.01244,-31.27172],[149.01245,-31.27213],[149.01298,-31.27252],[149.01321,-31.27333],[149.01352,-31.27337],[149.01333,-31.27401],[149.013,-31.27338],[149.01217,-31.27389],[149.01148,-31.27341],[149.01096,-31.27368],[149.01107,-31.274],[149.01029,-31.27433],[149.00915,-31.2729],[149.00874,-31.273],[149.00835,-31.27237],[149.00767,-31.2722],[149.00631,-31.27268],[149.0059,-31.27327],[149.00496,-31.27324],[149.0032,-31.27431],[149.00282,-31.274],[149.00281,-31.27332],[149.00361,-31.27381],[149.00397,-31.27366],[149.00401,-31.27312],[149.00364,-31.27308],[149.00347,-31.27259],[149.00357,-31.272],[149.00405,-31.27244],[149.00584,-31.27255],[149.00603,-31.2716],[149.0076,-31.27144],[149.00757,-31.27],[149.00717,-31.26896],[149.00742,-31.26833],[149.00789,-31.26823],[149.00794,-31.26778],[149.01019,-31.26973],[149.01229,-31.26992],[149.01154,-31.26903],[149.01298,-31.26806],[149.01281,-31.26725],[149.01327,-31.26692],[149.01344,-31.26719],[149.01428,-31.26727],[149.01499,-31.26604],[149.01492,-31.26523],[149.01612,-31.26498],[149.01618,-31.26534],[149.01654,-31.26506],[149.01595,-31.26453],[149.01554,-31.26472],[149.01537,-31.26423],[149.01632,-31.26448],[149.01684,-31.26425],[149.01695,-31.26456],[149.01742,-31.26455],[149.01835,-31.26386],[149.01818,-31.26305],[149.01782,-31.26342],[149.01666,-31.26317],[149.01821,-31.26197],[149.01941,-31.26186],[149.01953,-31.26226],[149.02032,-31.26256],[149.02105,-31.26237],[149.02046,-31.26184],[149.02466,-31.26177],[149.02504,-31.26231],[149.02448,-31.26295],[149.02368,-31.26251],[149.02308,-31.26365],[149.02224,-31.26366],[149.02141,-31.26417],[149.02057,-31.26423]]]}},{"type":"Feature","properties":{"OBJECTID":8710897,"PCTID":379,"PCTName":"Inland Scribbly Gum - White Bloodwood - Red Stringybark - Black Cypress Pine shrubby sandstone woodland mainly of the Warrumbungle NP - Pilliga region in the Brigalow Belt South Bioregion","vegClass":"Western Slopes Dry Sclerophyll Forests","vegForm":"Dry Sclerophyll Forests (Shrubby sub-formation)"},"geometry":{"type":"Polygon","coordinates":[[[149.02051,-31.27339],[149.02094,-31.27374],[149.02095,-31.27429],[149.02063,-31.2742],[149.02051,-31.27339]]]}},{"type":"Feature","properties":{"OBJECTID":8710898,"PCTID":393,"PCTName":"White Box shrubby woodland of the western Liverpool Range, Warrumbungle Range and south-west Pilliga forests, Brigalow Belt South Bioregion","vegClass":"North-west Slopes Dry Sclerophyll Woodlands","vegForm":"Dry Sclerophyll Forests (Shrub/grass sub-formation)"},"geometry":{"type":"Polygon","coordinates":[[[149.03563,-31.273],[149.03638,-31.27349],[149.03634,-31.27407],[149.03592,-31.27413],[149.03563,-31.273]]]}},{"type":"Feature","properties":{"OBJECTID":8710899,"PCTID":0,"PCTName":"Not classified","vegClass":"Not classified","vegForm":"Not classified"},"geometry":{"type":"Polygon","coordinates":[[[148.99574,-31.27434],[148.99559,-31.27475],[148.99523,-31.27494],[148.99574,-31.27434]]]}},{"type":"Feature","properties":{"OBJECTID":8710904,"PCTID":0,"PCTName":"Not classified","vegClass":"Not classified","vegForm":"Not classified"},"geometry":{"type":"Polygon","coordinates":[[[148.99523,-31.27494],[148.99512,-31.27507],[148.99491,-31.27508],[148.99523,-31.27494]]]}},{"type":"Feature","properties":{"OBJECTID":8710906,"PCTID":385,"PCTName":"Warrumbungle trachyte hillcrest Tumbledown Red Gum - Black Cypress Pine - White Bloodwood shrubby woodland","vegClass":"North-west Slopes Dry Sclerophyll Woodlands","vegForm":"Dry Sclerophyll Forests (Shrub/grass sub-formation)"},"geometry":{"type":"Polygon","coordinates":[[[148.98818,-31.2677],[148.98868,-31.26882],[148.98963,-31.26898],[148.99018,-31.26997],[148.9909,-31.26919],[148.99126,-31.26923],[148.9906,-31.26987],[148.99092,-31.27013],[148.99077,-31.27045],[148.99157,-31.27107],[148.99229,-31.27034],[148.9934,-31.27059],[148.99259,-31.2697],[148.99441,-31.26904],[148.99498,-31.26849],[148.99492,-31.26808],[148.99523,-31.26812],[148.99508,-31.26862],[148.99598,-31.26874],[148.99653,-31.26968],[148.99574,-31.26983],[148.99457,-31.26904],[148.99479,-31.26957],[148.99412,-31.27013],[148.99449,-31.27039],[148.99424,-31.27071],[148.99452,-31.27179],[148.99342,-31.27149],[148.99369,-31.27185],[148.99349,-31.27271],[148.99333,-31.27231],[148.99264,-31.27223],[148.99226,-31.27174],[148.99241,-31.27133],[148.99147,-31.27139],[148.99051,-31.27064],[148.98994,-31.27092],[148.98914,-31.2707],[148.98854,-31.27207],[148.98883,-31.27319],[148.98852,-31.27324],[148.98859,-31.27405],[148.9897,-31.27467],[148.98982,-31.27507],[148.98772,-31.2751],[148.98744,-31.27457],[148.98796,-31.2742],[148.98732,-31.27394],[148.98785,-31.27388],[148.98805,-31.27343],[148.98765,-31.27231],[148.98801,-31.27181],[148.98758,-31.27114],[148.9883,-31.27049],[148.98864,-31.2694],[148.98705,-31.26889],[148.9873,-31.26825],[148.98729,-31.26771],[148.98703,-31.26763],[148.98769,-31.26671],[148.98751,-31.26595],[148.98788,-31.26594],[148.98811,-31.26657],[148.98842,-31.26661],[148.98818,-31.2677]]]}},{"type":"Feature","properties":{"OBJECTID":8710909,"PCTID":389,"PCTName":"Motherumbah - White Bloodwood - cypress pine very tall shrubland / woodland of the Coonabarabran region, Brigalow Belt South Bioregion","vegClass":"North-west Slopes Dry Sclerophyll Woodlands","vegForm":"Dry Sclerophyll Forests (Shrub/grass sub-formation)"},"geometry":{"type":"Polygon","coordinates":[[[148.99171,-31.27522],[148.99056,-31.27533],[148.98921,-31.27391],[148.98953,-31.27377],[148.9916,-31.27491],[148.99171,-31.27522]]]}},{"type":"Feature","properties":{"OBJECTID":8710911,"PCTID":393,"PCTName":"White Box shrubby woodland of the western Liverpool Range, Warrumbungle Range and south-west Pilliga forests, Brigalow Belt South Bioregion","vegClass":"North-west Slopes Dry Sclerophyll Woodlands","vegForm":"Dry Sclerophyll Forests (Shrub/grass sub-formation)"},"geometry":{"type":"Polygon","coordinates":[[[149.00465,-31.26864],[149.00291,-31.26867],[149.00277,-31.26935],[149.00246,-31.26949],[149.00402,-31.27118],[149.00486,-31.27139],[149.00515,-31.27234],[149.00494,-31.27257],[149.00405,-31.27244],[149.00367,-31.272],[149.0032,-31.27214],[149.00287,-31.27156],[149.00225,-31.27175],[149.00134,-31.27096],[149.00133,-31.2705],[149.00048,-31.27038],[149.00041,-31.27165],[149.00141,-31.27199],[149.00165,-31.27316],[149.0025,-31.27355],[149.00261,-31.27405],[149.00177,-31.27415],[149.00131,-31.27461],[149.00094,-31.27426],[149.00058,-31.27458],[149.00059,-31.27507],[148.9997,-31.27518],[148.99966,-31.27365],[149.00028,-31.27296],[148.99983,-31.27197],[148.99946,-31.2718],[148.9998,-31.2703],[149.00031,-31.26975],[149.00015,-31.26949],[149.00072,-31.26921],[149.00115,-31.26983],[149.00124,-31.26915],[149.00161,-31.26906],[149.00151,-31.26951],[149.00198,-31.26932],[149.00181,-31.26869],[149.00255,-31.26868],[149.00306,-31.26799],[149.00374,-31.26807],[149.00465,-31.26864]]]}},{"type":"Feature","properties":{"OBJECTID":8710912,"PCTID":379,"PCTName":"Inland Scribbly Gum - White Bloodwood - Red Stringybark - Black Cypress Pine shrubby sandstone woodland mainly of the Warrumbungle NP - Pilliga region in the Brigalow Belt South Bioregion","vegClass":"Western Slopes Dry Sclerophyll Forests","vegForm":"Dry Sclerophyll Forests (Shrubby sub-formation)"},"geometry":{"type":"Polygon","coordinates":[[[149.0387,-31.27372],[149.03887,-31.27426],[149.03761,-31.27464],[149.03782,-31.27437],[149.03756,-31.27252],[149.03878,-31.27304],[149.03901,-31.27367],[149.0387,-31.27372]]]}},{"type":"Feature","properties":{"OBJECTID":8710913,"PCTID":385,"PCTName":"Warrumbungle trachyte hillcrest Tumbledown Red Gum - Black Cypress Pine - White Bloodwood shrubby woodland","vegClass":"North-west Slopes Dry Sclerophyll Woodlands","vegForm":"Dry Sclerophyll Forests (Shrub/grass sub-formation)"},"geometry":{"type":"Polygon","coordinates":[[[149.00282,-31.274],[149.00314,-31.27431],[149.00496,-31.27324],[149.00601,-31.27345],[149.00561,-31.27418],[149.00494,-31.2746],[149.00446,-31.27451],[149.00442,-31.27483],[149.00394,-31.27452],[149.00353,-31.27525],[149.00263,-31.27495],[149.00122,-31.27529],[149.00163,-31.27465],[149.00146,-31.27429],[149.00261,-31.27405],[149.0025,-31.27355],[149.00165,-31.27316],[149.00119,-31.27132],[149.00215,-31.27198],[149.00206,-31.2727],[149.00281,-31.27332],[149.00282,-31.274]]]}},{"type":"Feature","properties":{"OBJECTID":8710914,"PCTID":389,"PCTName":"Motherumbah - White Bloodwood - cypress pine very tall shrubland / woodland of the Coonabarabran region, Brigalow Belt South Bioregion","vegClass":"North-west Slopes Dry Sclerophyll Woodlands","vegForm":"Dry Sclerophyll Forests (Shrub/grass sub-formation)"},"geometry":{"type":"Polygon","coordinates":[[[149.00117,-31.27524],[149.00017,-31.27535],[149.00094,-31.27426],[149.00115,-31.27461],[149.00152,-31.27447],[149.00117,-31.27524]]]}},{"type":"Feature","properties":{"OBJECTID":8710918,"PCTID":389,"PCTName":"Motherumbah - White Bloodwood - cypress pine very tall shrubland / woodland of the Coonabarabran region, Brigalow Belt South Bioregion","vegClass":"North-west Slopes Dry Sclerophyll Woodlands","vegForm":"Dry Sclerophyll Forests (Shrub/grass sub-formation)"},"geometry":{"type":"Polygon","coordinates":[[[148.98731,-31.2757],[148.98662,-31.27535],[148.98583,-31.2755],[148.98727,-31.27403],[148.98796,-31.2742],[148.98744,-31.27457],[148.98772,-31.2751],[148.98731,-31.2757]]]}},{"type":"Feature","properties":{"OBJECTID":8710921,"PCTID":0,"PCTName":"Not classified","vegClass":"Not classified","vegForm":"Not classified"},"geometry":{"type":"Polygon","coordinates":[[[148.99645,-31.27564],[148.99524,-31.27557],[148.99643,-31.27492],[148.99645,-31.27564]]]}},{"type":"Feature","properties":{"OBJECTID":8710922,"PCTID":417,"PCTName":"Black Cypress Pine - Narrow-leaved Ironbark - red gum +/- White Bloodwood shrubby open forest on hills of the southern Pilliga, Coonabarabran and Garawilla regions, Brigalow Belt South Bioregion","vegClass":"Western Slopes Dry Sclerophyll Forests","vegForm":"Dry Sclerophyll Forests (Shrubby sub-formation)"},"geometry":{"type":"Polygon","coordinates":[[[149.0279,-31.27507],[149.02753,-31.2749],[149.02686,-31.27523],[149.02695,-31.27473],[149.02769,-31.27485],[149.02831,-31.27434],[149.02889,-31.27438],[149.0279,-31.27507]]]}},{"type":"Feature","properties":{"OBJECTID":8710926,"PCTID":417,"PCTName":"Black Cypress Pine - Narrow-leaved Ironbark - red gum +/- White Bloodwood shrubby open forest on hills of the southern Pilliga, Coonabarabran and Garawilla regions, Brigalow Belt South Bioregion","vegClass":"Western Slopes Dry Sclerophyll Forests","vegForm":"Dry Sclerophyll Forests (Shrubby sub-formation)"},"geometry":{"type":"Polygon","coordinates":[[[149.03085,-31.27529],[149.03074,-31.27489],[149.02879,-31.27483],[149.0292,-31.27446],[149.0301,-31.27472],[149.03146,-31.27456],[149.031,-31.27507],[149.03117,-31.27529],[149.03085,-31.27529]]]}},{"type":"Feature","properties":{"OBJECTID":8710932,"PCTID":0,"PCTName":"Not classified","vegClass":"Not classified","vegForm":"Not classified"},"geometry":{"type":"Polygon","coordinates":[[[148.99351,-31.27582],[148.99215,-31.27607],[148.9922,-31.27571],[148.99298,-31.27551],[148.99328,-31.27474],[148.9938,-31.27478],[148.99351,-31.27582]]]}},{"type":"Feature","properties":{"OBJECTID":8710936,"PCTID":417,"PCTName":"Black Cypress Pine - Narrow-leaved Ironbark - red gum +/- White Bloodwood shrubby open forest on hills of the southern Pilliga, Coonabarabran and Garawilla regions, Brigalow Belt South Bioregion","vegClass":"Western Slopes Dry Sclerophyll Forests","vegForm":"Dry Sclerophyll Forests (Shrubby sub-formation)"},"geometry":{"type":"Polygon","coordinates":[[[148.99053,-31.27411],[148.99085,-31.27442],[148.99132,-31.27428],[148.99186,-31.27477],[148.99128,-31.27491],[148.98953,-31.27377],[148.98922,-31.27418],[148.99056,-31.27533],[148.99155,-31.27513],[148.99198,-31.27549],[148.99162,-31.27581],[148.99093,-31.27541],[148.99104,-31.27582],[148.99021,-31.27633],[148.98947,-31.27589],[148.98981,-31.27489],[148.98859,-31.27405],[148.98852,-31.27324],[148.98883,-31.27319],[148.98877,-31.27288],[148.9894,-31.27282],[148.98989,-31.27367],[148.99057,-31.27357],[148.99053,-31.27411]]]}},{"type":"Feature","properties":{"OBJECTID":8710937,"PCTID":393,"PCTName":"White Box shrubby woodland of the western Liverpool Range, Warrumbungle Range and south-west Pilliga forests, Brigalow Belt South Bioregion","vegClass":"North-west Slopes Dry Sclerophyll Woodlands","vegForm":"Dry Sclerophyll Forests (Shrub/grass sub-formation)"},"geometry":{"type":"Polygon","coordinates":[[[148.98984,-31.2762],[148.98906,-31.27626],[148.98905,-31.27585],[148.98947,-31.27584],[148.98984,-31.2762]]]}},{"type":"Feature","properties":{"OBJECTID":8710938,"PCTID":78,"PCTName":"River Red Gum riparian tall woodland / open forest wetland in the Nandewar Bioregion and Brigalow Belt South Bioregion","vegClass":"Inland Riverine Forests","vegForm":"Forested Wetlands"},"geometry":{"type":"Polygon","coordinates":[[[148.99402,-31.27514],[148.99409,-31.27604],[148.99326,-31.27632],[148.99314,-31.27587],[148.99361,-31.27573],[148.99385,-31.27473],[148.99533,-31.2748],[148.99402,-31.27514]]]}},{"type":"Feature","properties":{"OBJECTID":8710939,"PCTID":0,"PCTName":"Not classified","vegClass":"Not classified","vegForm":"Not classified"},"geometry":{"type":"Polygon","coordinates":[[[148.99515,-31.27629],[148.99441,-31.27594],[148.99531,-31.27629],[148.99515,-31.27629]]]}},{"type":"Feature","properties":{"OBJECTID":8710941,"PCTID":0,"PCTName":"Not classified","vegClass":"Not classified","vegForm":"Not classified"},"geometry":{"type":"Polygon","coordinates":[[[148.99531,-31.27633],[148.99531,-31.27629],[148.99541,-31.27633],[148.99531,-31.27633]]]}},{"type":"Feature","properties":{"OBJECTID":8710942,"PCTID":417,"PCTName":"Black Cypress Pine - Narrow-leaved Ironbark - red gum +/- White Bloodwood shrubby open forest on hills of the southern Pilliga, Coonabarabran and Garawilla regions, Brigalow Belt South Bioregion","vegClass":"Western Slopes Dry Sclerophyll Forests","vegForm":"Dry Sclerophyll Forests (Shrubby sub-formation)"},"geometry":{"type":"Polygon","coordinates":[[[149.04011,-31.27139],[149.04026,-31.27306],[149.03973,-31.27311],[149.03948,-31.2738],[149.03912,-31.27389],[149.03878,-31.27304],[149.03756,-31.27252],[149.03782,-31.27437],[149.03701,-31.27564],[149.03638,-31.27565],[149.03647,-31.27529],[149.03589,-31.27503],[149.03572,-31.2744],[149.03634,-31.27407],[149.03638,-31.27349],[149.03563,-31.273],[149.03546,-31.27228],[149.03467,-31.27248],[149.03424,-31.27172],[149.03349,-31.27141],[149.03319,-31.27178],[149.03281,-31.27134],[149.03339,-31.27133],[149.03312,-31.2711],[149.03338,-31.27083],[149.03449,-31.2714],[149.03449,-31.27108],[149.03533,-31.27138],[149.03579,-31.27088],[149.03768,-31.27067],[149.03885,-31.27114],[149.03988,-31.2705],[149.04047,-31.27085],[149.04011,-31.27139]]]}},{"type":"Feature","properties":{"OBJECTID":8710944,"PCTID":393,"PCTName":"White Box shrubby woodland of the western Liverpool Range, Warrumbungle Range and south-west Pilliga forests, Brigalow Belt South Bioregion","vegClass":"North-west Slopes Dry Sclerophyll Woodlands","vegForm":"Dry Sclerophyll Forests (Shrub/grass sub-formation)"},"geometry":{"type":"Polygon","coordinates":[[[149.00175,-31.27537],[149.00176,-31.27573],[149.00103,-31.27628],[149.00029,-31.27598],[149.00007,-31.27553],[149.00237,-31.27495],[149.00285,-31.27517],[149.00175,-31.27537]]]}},{"type":"Feature","properties":{"OBJECTID":8710947,"PCTID":0,"PCTName":"Not classified","vegClass":"Not classified","vegForm":"Not classified"},"geometry":{"type":"Polygon","coordinates":[[[148.99541,-31.27633],[148.99646,-31.27627],[148.99689,-31.27644],[148.99541,-31.27633]]]}},{"type":"Feature","properties":{"OBJECTID":8710948,"PCTID":78,"PCTName":"River Red Gum riparian tall woodland / open forest wetland in the Nandewar Bioregion and Brigalow Belt South Bioregion","vegClass":"Inland Riverine Forests","vegForm":"Forested Wetlands"},"geometry":{"type":"Polygon","coordinates":[[[148.99725,-31.27635],[148.99557,-31.27637],[148.99414,-31.27572],[148.99408,-31.27518],[148.99512,-31.27507],[148.99641,-31.27397],[148.99678,-31.27419],[148.99725,-31.27635]],[[148.99524,-31.27557],[148.99645,-31.27564],[148.99643,-31.27492],[148.99524,-31.27557]]]}},{"type":"Feature","properties":{"OBJECTID":8710951,"PCTID":394,"PCTName":"Narrow-leaved Ironbark - White Cypress pine woodland on slopes and flats in the Coonabarabran - Pilliga Scrub regions","vegClass":"North-west Slopes Dry Sclerophyll Woodlands","vegForm":"Dry Sclerophyll Forests (Shrub/grass sub-formation)"},"geometry":{"type":"Polygon","coordinates":[[[148.98947,-31.27584],[148.98905,-31.27585],[148.98933,-31.27661],[148.98885,-31.27648],[148.98858,-31.27595],[148.98784,-31.27578],[148.98777,-31.2751],[148.98966,-31.27516],[148.98947,-31.27584]]]}},{"type":"Feature","properties":{"OBJECTID":8710952,"PCTID":0,"PCTName":"Not classified","vegClass":"Not classified","vegForm":"Not classified"},"geometry":{"type":"Polygon","coordinates":[[[148.99705,-31.27649],[148.99689,-31.27649],[148.99689,-31.27644],[148.99705,-31.27649]]]}},{"type":"Feature","properties":{"OBJECTID":8710953,"PCTID":417,"PCTName":"Black Cypress Pine - Narrow-leaved Ironbark - red gum +/- White Bloodwood shrubby open forest on hills of the southern Pilliga, Coonabarabran and Garawilla regions, Brigalow Belt South Bioregion","vegClass":"Western Slopes Dry Sclerophyll Forests","vegForm":"Dry Sclerophyll Forests (Shrubby sub-formation)"},"geometry":{"type":"Polygon","coordinates":[[[148.97993,-31.27681],[148.9795,-31.27637],[148.97893,-31.27674],[148.97844,-31.2762],[148.97781,-31.27626],[148.97778,-31.27481],[148.97867,-31.27439],[148.97946,-31.2747],[148.97947,-31.27492],[148.97873,-31.27507],[148.97843,-31.27562],[148.98018,-31.27617],[148.98034,-31.27658],[148.97993,-31.27681]]]}},{"type":"Feature","properties":{"OBJECTID":8710955,"PCTID":417,"PCTName":"Black Cypress Pine - Narrow-leaved Ironbark - red gum +/- White Bloodwood shrubby open forest on hills of the southern Pilliga, Coonabarabran and Garawilla regions, Brigalow Belt South Bioregion","vegClass":"Western Slopes Dry Sclerophyll Forests","vegForm":"Dry Sclerophyll Forests (Shrubby sub-formation)"},"geometry":{"type":"Polygon","coordinates":[[[149.02012,-31.27245],[149.01949,-31.27241],[149.01961,-31.27295],[149.01925,-31.27346],[149.01967,-31.27349],[149.02011,-31.27407],[149.01968,-31.27399],[149.01839,-31.27496],[149.01862,-31.27586],[149.0179,-31.27619],[149.01745,-31.2752],[149.01785,-31.27416],[149.01816,-31.27406],[149.0183,-31.2732],[149.01932,-31.27201],[149.02001,-31.27196],[149.02012,-31.27245]]]}},{"type":"Feature","properties":{"OBJECTID":8710960,"PCTID":381,"PCTName":"Rough-barked Apple - Yellow Box grass/shrub footslope open forest, Brigalow Belt South Bioregion","vegClass":"North-west Slopes Dry Sclerophyll Woodlands","vegForm":"Dry Sclerophyll Forests (Shrub/grass sub-formation)"},"geometry":{"type":"Polygon","coordinates":[[[148.99237,-31.27656],[148.99284,-31.27651],[148.9929,-31.27669],[148.99237,-31.27656]]]}},{"type":"Feature","properties":{"OBJECTID":8710962,"PCTID":0,"PCTName":"Not classified","vegClass":"Not classified","vegForm":"Not classified"},"geometry":{"type":"Polygon","coordinates":[[[148.98423,-31.27679],[148.98439,-31.27678],[148.98455,-31.27696],[148.98423,-31.27679]]]}},{"type":"Feature","properties":{"OBJECTID":8710963,"PCTID":0,"PCTName":"Not classified","vegClass":"Not classified","vegForm":"Not classified"},"geometry":{"type":"Polygon","coordinates":[[[148.99409,-31.27604],[148.99384,-31.27622],[148.99086,-31.27686],[148.99409,-31.27602],[148.99409,-31.27604]]]}},{"type":"Feature","properties":{"OBJECTID":8710967,"PCTID":0,"PCTName":"Not classified","vegClass":"Not classified","vegForm":"Not classified"},"geometry":{"type":"Polygon","coordinates":[[[148.98455,-31.27701],[148.98455,-31.27696],[148.98461,-31.277],[148.98455,-31.27701]]]}},{"type":"Feature","properties":{"OBJECTID":8710968,"PCTID":417,"PCTName":"Black Cypress Pine - Narrow-leaved Ironbark - red gum +/- White Bloodwood shrubby open forest on hills of the southern Pilliga, Coonabarabran and Garawilla regions, Brigalow Belt South Bioregion","vegClass":"Western Slopes Dry Sclerophyll Forests","vegForm":"Dry Sclerophyll Forests (Shrubby sub-formation)"},"geometry":{"type":"Polygon","coordinates":[[[148.9887,-31.27694],[148.98833,-31.27685],[148.98806,-31.27623],[148.98737,-31.27601],[148.98766,-31.27511],[148.98784,-31.27578],[148.98858,-31.27595],[148.98901,-31.27657],[148.9887,-31.27694]]]}},{"type":"Feature","properties":{"OBJECTID":8710969,"PCTID":0,"PCTName":"Not classified","vegClass":"Not classified","vegForm":"Not classified"},"geometry":{"type":"Polygon","coordinates":[[[148.99086,-31.27686],[148.99086,-31.2769],[148.99065,-31.27691],[148.99086,-31.27686]]]}},{"type":"Feature","properties":{"OBJECTID":8710970,"PCTID":417,"PCTName":"Black Cypress Pine - Narrow-leaved Ironbark - red gum +/- White Bloodwood shrubby open forest on hills of the southern Pilliga, Coonabarabran and Garawilla regions, Brigalow Belt South Bioregion","vegClass":"Western Slopes Dry Sclerophyll Forests","vegForm":"Dry Sclerophyll Forests (Shrubby sub-formation)"},"geometry":{"type":"Polygon","coordinates":[[[149.00419,-31.27637],[149.00387,-31.27615],[149.00219,-31.27636],[149.00141,-31.27673],[149.00098,-31.27638],[149.00176,-31.27573],[149.00175,-31.27537],[149.00353,-31.27525],[149.00394,-31.27452],[149.00442,-31.27483],[149.00446,-31.27451],[149.00494,-31.2746],[149.00556,-31.27418],[149.00536,-31.27486],[149.00489,-31.27478],[149.00427,-31.27519],[149.0046,-31.27609],[149.00419,-31.27637]]]}},{"type":"Feature","properties":{"OBJECTID":8710971,"PCTID":420,"PCTName":"Red Stringybark - Rough-barked Apple +/- Nortons Box open forest on hillslopes in the Warrumbungle NP - Coolah regions","vegClass":"Western Slopes Dry Sclerophyll Forests","vegForm":"Dry Sclerophyll Forests (Shrubby sub-formation)"},"geometry":{"type":"Polygon","coordinates":[[[149.03586,-31.2762],[149.03533,-31.27585],[149.03402,-31.27596],[149.03322,-31.27548],[149.03563,-31.2753],[149.03637,-31.27561],[149.03586,-31.2762]]]}},{"type":"Feature","properties":{"OBJECTID":8710973,"PCTID":417,"PCTName":"Black Cypress Pine - Narrow-leaved Ironbark - red gum +/- White Bloodwood shrubby open forest on hills of the southern Pilliga, Coonabarabran and Garawilla regions, Brigalow Belt South Bioregion","vegClass":"Western Slopes Dry Sclerophyll Forests","vegForm":"Dry Sclerophyll Forests (Shrubby sub-formation)"},"geometry":{"type":"Polygon","coordinates":[[[148.97169,-31.27252],[148.97167,-31.27153],[148.97213,-31.27125],[148.97293,-31.27174],[148.97306,-31.27273],[148.9737,-31.27312],[148.97422,-31.27307],[148.97463,-31.27243],[148.97547,-31.27224],[148.97586,-31.27349],[148.97562,-31.27431],[148.97684,-31.2751],[148.97712,-31.27591],[148.97654,-31.27583],[148.97627,-31.2752],[148.97505,-31.27499],[148.9738,-31.27547],[148.97296,-31.27521],[148.97307,-31.27561],[148.97299,-31.27647],[148.97252,-31.27675],[148.97204,-31.27667],[148.9716,-31.27695],[148.9716,-31.27498],[148.97164,-31.27496],[148.9716,-31.27492],[148.9716,-31.27253],[148.97169,-31.27252]]]}},{"type":"Feature","properties":{"OBJECTID":8710974,"PCTID":417,"PCTName":"Black Cypress Pine - Narrow-leaved Ironbark - red gum +/- White Bloodwood shrubby open forest on hills of the southern Pilliga, Coonabarabran and Garawilla regions, Brigalow Belt South Bioregion","vegClass":"Western Slopes Dry Sclerophyll Forests","vegForm":"Dry Sclerophyll Forests (Shrubby sub-formation)"},"geometry":{"type":"Polygon","coordinates":[[[149.01565,-31.27464],[149.01535,-31.27528],[149.01462,-31.27525],[149.01389,-31.27571],[149.01402,-31.27675],[149.01349,-31.27667],[149.01316,-31.27608],[149.01297,-31.27663],[149.01259,-31.27618],[149.01208,-31.27669],[149.01144,-31.27661],[149.01022,-31.27609],[149.01016,-31.27564],[149.00901,-31.27566],[149.00859,-31.27602],[149.00832,-31.27535],[149.00868,-31.27526],[149.00735,-31.27465],[149.00667,-31.27479],[149.00634,-31.27399],[149.00675,-31.27348],[149.00765,-31.27374],[149.00874,-31.27322],[149.00906,-31.27326],[149.00917,-31.27376],[149.00996,-31.2737],[149.00992,-31.27415],[149.01029,-31.27433],[149.01107,-31.274],[149.01096,-31.27368],[149.01148,-31.27341],[149.01217,-31.27389],[149.013,-31.27338],[149.01333,-31.27401],[149.01352,-31.27337],[149.01321,-31.27333],[149.01298,-31.27252],[149.01245,-31.27213],[149.01274,-31.27126],[149.01311,-31.27135],[149.01339,-31.27197],[149.0133,-31.27283],[149.01416,-31.27345],[149.01484,-31.27353],[149.01565,-31.27464]]]}},{"type":"Feature","properties":{"OBJECTID":8710978,"PCTID":0,"PCTName":"Not classified","vegClass":"Not classified","vegForm":"Not classified"},"geometry":{"type":"Polygon","coordinates":[[[148.99569,-31.277],[148.99554,-31.27719],[148.99543,-31.27719],[148.99569,-31.277]]]}},{"type":"Feature","properties":{"OBJECTID":8710979,"PCTID":0,"PCTName":"Not classified","vegClass":"Not classified","vegForm":"Not classified"},"geometry":{"type":"Polygon","coordinates":[[[148.99543,-31.27719],[148.99543,-31.27723],[148.99538,-31.27723],[148.99543,-31.27719]]]}},{"type":"Feature","properties":{"OBJECTID":8710981,"PCTID":381,"PCTName":"Rough-barked Apple - Yellow Box grass/shrub footslope open forest, Brigalow Belt South Bioregion","vegClass":"North-west Slopes Dry Sclerophyll Woodlands","vegForm":"Dry Sclerophyll Forests (Shrub/grass sub-formation)"},"geometry":{"type":"Polygon","coordinates":[[[148.97299,-31.27647],[148.97328,-31.27552],[148.97355,-31.27606],[148.9733,-31.27665],[148.97425,-31.27659],[148.97421,-31.27704],[148.97385,-31.27736],[148.97185,-31.27726],[148.9716,-31.2777],[148.9716,-31.27686],[148.97299,-31.27647]]]}},{"type":"Feature","properties":{"OBJECTID":8710985,"PCTID":381,"PCTName":"Rough-barked Apple - Yellow Box grass/shrub footslope open forest, Brigalow Belt South Bioregion","vegClass":"North-west Slopes Dry Sclerophyll Woodlands","vegForm":"Dry Sclerophyll Forests (Shrub/grass sub-formation)"},"geometry":{"type":"Polygon","coordinates":[[[149.0183,-31.2732],[149.01816,-31.27406],[149.01785,-31.27416],[149.0175,-31.27511],[149.01667,-31.27521],[149.01683,-31.27562],[149.01653,-31.27612],[149.01549,-31.27654],[149.01529,-31.27704],[149.01402,-31.27679],[149.01389,-31.27571],[149.01462,-31.27525],[149.01535,-31.27528],[149.01565,-31.27464],[149.01496,-31.27393],[149.01493,-31.27285],[149.0153,-31.27285],[149.01516,-31.27348],[149.01543,-31.27402],[149.01653,-31.27404],[149.01773,-31.27335],[149.01751,-31.27285],[149.01776,-31.2724],[149.01674,-31.27156],[149.01795,-31.27176],[149.01839,-31.27234],[149.01931,-31.27134],[149.01984,-31.27146],[149.0183,-31.2732]]]}},{"type":"Feature","properties":{"OBJECTID":8710987,"PCTID":0,"PCTName":"Not classified","vegClass":"Not classified","vegForm":"Not classified"},"geometry":{"type":"Polygon","coordinates":[[[148.99512,-31.27733],[148.99538,-31.27723],[148.99507,-31.27747],[148.99512,-31.27733]]]}},{"type":"Feature","properties":{"OBJECTID":8710989,"PCTID":0,"PCTName":"Not classified","vegClass":"Not classified","vegForm":"Not classified"},"geometry":{"type":"Polygon","coordinates":[[[148.99507,-31.27747],[148.99507,-31.27751],[148.99502,-31.27751],[148.99507,-31.27747]]]}},{"type":"Feature","properties":{"OBJECTID":8710991,"PCTID":0,"PCTName":"Not classified","vegClass":"Not classified","vegForm":"Not classified"},"geometry":{"type":"Polygon","coordinates":[[[148.99502,-31.27751],[148.99502,-31.27756],[148.99497,-31.27756],[148.99502,-31.27751]]]}},{"type":"Feature","properties":{"OBJECTID":8710994,"PCTID":0,"PCTName":"Not classified","vegClass":"Not classified","vegForm":"Not classified"},"geometry":{"type":"Polygon","coordinates":[[[148.9862,-31.27775],[148.9862,-31.2777],[148.98672,-31.27774],[148.9862,-31.27775]]]}},{"type":"Feature","properties":{"OBJECTID":8710995,"PCTID":0,"PCTName":"Not classified","vegClass":"Not classified","vegForm":"Not classified"},"geometry":{"type":"Polygon","coordinates":[[[148.99497,-31.27756],[148.99497,-31.2776],[148.99492,-31.2776],[148.99497,-31.27756]]]}},{"type":"Feature","properties":{"OBJECTID":8710996,"PCTID":0,"PCTName":"Not classified","vegClass":"Not classified","vegForm":"Not classified"},"geometry":{"type":"Polygon","coordinates":[[[148.98673,-31.27778],[148.98672,-31.27774],[148.98683,-31.27778],[148.98673,-31.27778]]]}},{"type":"Feature","properties":{"OBJECTID":8710998,"PCTID":0,"PCTName":"Not classified","vegClass":"Not classified","vegForm":"Not classified"},"geometry":{"type":"Polygon","coordinates":[[[148.9853,-31.27767],[148.98461,-31.277],[148.98541,-31.27762],[148.9862,-31.27775],[148.9853,-31.27767]]]}},{"type":"Feature","properties":{"OBJECTID":8710999,"PCTID":0,"PCTName":"Not classified","vegClass":"Not classified","vegForm":"Not classified"},"geometry":{"type":"Polygon","coordinates":[[[148.98688,-31.27783],[148.98688,-31.27778],[148.98694,-31.27782],[148.98688,-31.27783]]]}},{"type":"Feature","properties":{"OBJECTID":8711000,"PCTID":0,"PCTName":"Not classified","vegClass":"Not classified","vegForm":"Not classified"},"geometry":{"type":"Polygon","coordinates":[[[148.98929,-31.2772],[148.99065,-31.27691],[148.98746,-31.27782],[148.98929,-31.2772]]]}},{"type":"Feature","properties":{"OBJECTID":8711002,"PCTID":381,"PCTName":"Rough-barked Apple - Yellow Box grass/shrub footslope open forest, Brigalow Belt South Bioregion","vegClass":"North-west Slopes Dry Sclerophyll Woodlands","vegForm":"Dry Sclerophyll Forests (Shrub/grass sub-formation)"},"geometry":{"type":"Polygon","coordinates":[[[148.99604,-31.27361],[148.99538,-31.2748],[148.99338,-31.2747],[148.99288,-31.27561],[148.9922,-31.27571],[148.99236,-31.2762],[148.99314,-31.27583],[148.99321,-31.27637],[148.9872,-31.27787],[148.98551,-31.27767],[148.98407,-31.2767],[148.98282,-31.27676],[148.98214,-31.27732],[148.98135,-31.27692],[148.9827,-31.27631],[148.98312,-31.27644],[148.984,-31.27571],[148.98389,-31.27526],[148.98473,-31.27533],[148.98607,-31.27418],[148.98608,-31.27472],[148.98561,-31.27491],[148.98511,-31.276],[148.98606,-31.27626],[148.9866,-31.27706],[148.98776,-31.27722],[148.98933,-31.27661],[148.98906,-31.27626],[148.99047,-31.27628],[148.99104,-31.27582],[148.99103,-31.27537],[148.99162,-31.27581],[148.99193,-31.27562],[148.9916,-31.27504],[148.99186,-31.27472],[148.99154,-31.27473],[148.99132,-31.27428],[148.99085,-31.27442],[148.99053,-31.27411],[148.99073,-31.27357],[148.99004,-31.27331],[148.98998,-31.27295],[148.99083,-31.27329],[148.99108,-31.27266],[148.99155,-31.27279],[148.99141,-31.27328],[148.99196,-31.27445],[148.993,-31.2743],[148.99317,-31.27461],[148.9941,-31.27392],[148.99403,-31.27338],[148.99361,-31.27307],[148.9937,-31.27266],[148.9945,-31.2731],[148.99604,-31.27361]]]}},{"type":"Feature","properties":{"OBJECTID":8711003,"PCTID":0,"PCTName":"Not classified","vegClass":"Not classified","vegForm":"Not classified"},"geometry":{"type":"Polygon","coordinates":[[[148.98741,-31.27782],[148.98741,-31.27786],[148.9872,-31.27787],[148.98741,-31.27782]]]}},{"type":"Feature","properties":{"OBJECTID":8711004,"PCTID":381,"PCTName":"Rough-barked Apple - Yellow Box grass/shrub footslope open forest, Brigalow Belt South Bioregion","vegClass":"North-west Slopes Dry Sclerophyll Woodlands","vegForm":"Dry Sclerophyll Forests (Shrub/grass sub-formation)"},"geometry":{"type":"Polygon","coordinates":[[[149.00024,-31.27594],[149.00114,-31.27642],[149.00117,-31.27764],[149.00063,-31.27688],[149.00026,-31.27697],[148.99982,-31.27617],[148.9998,-31.27531],[149.00017,-31.27526],[149.00024,-31.27594]]]}},{"type":"Feature","properties":{"OBJECTID":8711005,"PCTID":0,"PCTName":"Not classified","vegClass":"Not classified","vegForm":"Not classified"},"geometry":{"type":"Polygon","coordinates":[[[148.98694,-31.27791],[148.98694,-31.27782],[148.9872,-31.27787],[148.98694,-31.27791]]]}},{"type":"Feature","properties":{"OBJECTID":8711006,"PCTID":393,"PCTName":"White Box shrubby woodland of the western Liverpool Range, Warrumbungle Range and south-west Pilliga forests, Brigalow Belt South Bioregion","vegClass":"North-west Slopes Dry Sclerophyll Woodlands","vegForm":"Dry Sclerophyll Forests (Shrub/grass sub-formation)"},"geometry":{"type":"Polygon","coordinates":[[[149.01757,-31.27592],[149.01826,-31.27618],[149.01838,-31.27676],[149.0177,-31.27669],[149.01684,-31.27593],[149.01675,-31.27661],[149.01551,-31.27744],[149.01456,-31.27732],[149.01653,-31.27612],[149.01683,-31.27562],[149.01667,-31.27521],[149.0175,-31.27511],[149.01757,-31.27592]]]}},{"type":"Feature","properties":{"OBJECTID":8711007,"PCTID":0,"PCTName":"Not classified","vegClass":"Not classified","vegForm":"Not classified"},"geometry":{"type":"Polygon","coordinates":[[[148.99471,-31.2777],[148.99492,-31.2776],[148.99466,-31.27792],[148.99471,-31.2777]]]}},{"type":"Feature","properties":{"OBJECTID":8711010,"PCTID":78,"PCTName":"River Red Gum riparian tall woodland / open forest wetland in the Nandewar Bioregion and Brigalow Belt South Bioregion","vegClass":"Inland Riverine Forests","vegForm":"Forested Wetlands"},"geometry":{"type":"Polygon","coordinates":[[[148.99552,-31.27642],[148.99705,-31.27649],[148.99751,-31.27621],[148.99769,-31.27697],[148.99569,-31.27696],[148.99429,-31.27797],[148.99413,-31.27766],[148.99444,-31.27721],[148.99284,-31.27646],[148.99441,-31.27594],[148.99552,-31.27642]]]}},{"type":"Feature","properties":{"OBJECTID":8711011,"PCTID":0,"PCTName":"Not classified","vegClass":"Not classified","vegForm":"Not classified"},"geometry":{"type":"Polygon","coordinates":[[[148.99466,-31.27792],[148.99466,-31.27797],[148.99461,-31.27797],[148.99466,-31.27792]]]}},{"type":"Feature","properties":{"OBJECTID":8711013,"PCTID":437,"PCTName":"Yellow Box grassy woodland on lower hillslopes and valley flats in the southern NSW Brigalow Belt South Bioregion","vegClass":"Western Slopes Grassy Woodlands","vegForm":"Grassy Woodlands"},"geometry":{"type":"Polygon","coordinates":[[[149.0101,-31.27785],[149.0094,-31.27696],[149.01024,-31.27694],[149.01051,-31.27712],[149.01041,-31.27748],[149.0101,-31.27785]]]}},{"type":"Feature","properties":{"OBJECTID":8711017,"PCTID":437,"PCTName":"Yellow Box grassy woodland on lower hillslopes and valley flats in the southern NSW Brigalow Belt South Bioregion","vegClass":"Western Slopes Grassy Woodlands","vegForm":"Grassy Woodlands"},"geometry":{"type":"Polygon","coordinates":[[[149.0092,-31.27741],[149.00689,-31.27727],[149.00569,-31.2777],[149.00552,-31.27716],[149.00458,-31.27731],[149.00464,-31.27771],[149.00538,-31.27784],[149.0048,-31.27812],[149.00411,-31.27777],[149.00265,-31.27811],[149.00274,-31.27738],[149.00231,-31.27717],[149.00233,-31.2778],[149.00175,-31.27767],[149.00134,-31.27808],[149.00099,-31.27683],[149.00219,-31.27636],[149.00539,-31.27608],[149.00616,-31.27548],[149.0061,-31.27503],[149.00647,-31.27498],[149.0068,-31.27565],[149.00759,-31.27586],[149.00787,-31.27653],[149.00903,-31.2766],[149.0093,-31.27701],[149.0092,-31.27741]]]}},{"type":"Feature","properties":{"OBJECTID":8711018,"PCTID":382,"PCTName":"Warrumbungle mountains Nandewar Box - Yellow Box shrub grass open forest, Brigalow Belt South Bioregion","vegClass":"North-west Slopes Dry Sclerophyll Woodlands","vegForm":"Dry Sclerophyll Forests (Shrub/grass sub-formation)"},"geometry":{"type":"Polygon","coordinates":[[[149.00667,-31.27479],[149.00735,-31.27465],[149.00868,-31.27526],[149.00832,-31.27535],[149.00859,-31.27602],[149.00901,-31.27566],[149.01016,-31.27564],[149.01049,-31.27626],[149.01202,-31.27669],[149.01238,-31.27619],[149.01297,-31.27663],[149.01316,-31.27608],[149.01349,-31.27667],[149.01497,-31.27714],[149.01435,-31.27746],[149.01426,-31.27787],[149.01367,-31.27766],[149.01358,-31.27797],[149.01304,-31.27767],[149.01319,-31.2773],[149.01281,-31.27677],[149.01136,-31.27742],[149.01041,-31.27748],[149.01051,-31.27712],[149.01024,-31.27694],[149.0093,-31.27701],[149.00903,-31.2766],[149.00787,-31.27653],[149.00759,-31.27586],[149.0068,-31.27565],[149.00647,-31.27498],[149.0061,-31.27503],[149.00616,-31.27548],[149.0058,-31.27584],[149.00471,-31.27622],[149.00427,-31.27519],[149.00489,-31.27478],[149.00536,-31.27486],[149.00576,-31.27386],[149.00634,-31.27381],[149.00667,-31.27479]]]}},{"type":"Feature","properties":{"OBJECTID":8711020,"PCTID":434,"PCTName":"White Box grass shrub hill woodland on clay to loam soils on volcanic and sedimentary hills in the southern Brigalow Belt South Bioregion","vegClass":"Western Slopes Grassy Woodlands","vegForm":"Grassy Woodlands"},"geometry":{"type":"Polygon","coordinates":[[[149.02033,-31.27245],[149.02064,-31.27434],[149.02018,-31.27484],[149.0201,-31.27597],[149.01944,-31.27724],[149.01761,-31.27741],[149.01652,-31.27801],[149.01609,-31.27771],[149.01436,-31.27773],[149.01435,-31.27746],[149.0154,-31.27749],[149.01659,-31.27675],[149.01684,-31.27593],[149.0177,-31.27669],[149.01838,-31.27676],[149.01826,-31.27614],[149.01862,-31.27559],[149.01829,-31.27514],[149.01911,-31.27432],[149.02011,-31.27407],[149.01925,-31.27332],[149.01961,-31.27295],[149.01949,-31.27241],[149.02012,-31.27245],[149.02033,-31.27245]]]}},{"type":"Feature","properties":{"OBJECTID":8711023,"PCTID":393,"PCTName":"White Box shrubby woodland of the western Liverpool Range, Warrumbungle Range and south-west Pilliga forests, Brigalow Belt South Bioregion","vegClass":"North-west Slopes Dry Sclerophyll Woodlands","vegForm":"Dry Sclerophyll Forests (Shrub/grass sub-formation)"},"geometry":{"type":"Polygon","coordinates":[[[148.97969,-31.27808],[148.9795,-31.27867],[148.97886,-31.2785],[148.97911,-31.278],[148.97943,-31.27804],[148.97969,-31.27808]]]}},{"type":"Feature","properties":{"OBJECTID":8711028,"PCTID":0,"PCTName":"Not classified","vegClass":"Not classified","vegForm":"Not classified"},"geometry":{"type":"Polygon","coordinates":[[[148.99446,-31.2782],[148.99461,-31.27797],[148.99452,-31.27865],[148.99446,-31.2782]]]}},{"type":"Feature","properties":{"OBJECTID":8711029,"PCTID":394,"PCTName":"Narrow-leaved Ironbark - White Cypress pine woodland on slopes and flats in the Coonabarabran - Pilliga Scrub regions","vegClass":"North-west Slopes Dry Sclerophyll Woodlands","vegForm":"Dry Sclerophyll Forests (Shrub/grass sub-formation)"},"geometry":{"type":"MultiPolygon","coordinates":[[[[148.97224,-31.26656],[148.9728,-31.26547],[148.97328,-31.26577],[148.97395,-31.26545],[148.97401,-31.26572],[148.97454,-31.2658],[148.97447,-31.26512],[148.9754,-31.26452],[148.97548,-31.26348],[148.97684,-31.26323],[148.97689,-31.26274],[148.98187,-31.26248],[148.98293,-31.26305],[148.9838,-31.26416],[148.98162,-31.26298],[148.98173,-31.26352],[148.98263,-31.26373],[148.98259,-31.2644],[148.98138,-31.2642],[148.98143,-31.26397],[148.98091,-31.26439],[148.98064,-31.26403],[148.97996,-31.26409],[148.97937,-31.26364],[148.97992,-31.26458],[148.97881,-31.26415],[148.97861,-31.26451],[148.97913,-31.26464],[148.97962,-31.26535],[148.98214,-31.26518],[148.9823,-31.2654],[148.98199,-31.26577],[148.97943,-31.26622],[148.97832,-31.26592],[148.97795,-31.26565],[148.97804,-31.26511],[148.9773,-31.26481],[148.97723,-31.2639],[148.97664,-31.26369],[148.97699,-31.26526],[148.97584,-31.26528],[148.9776,-31.26638],[148.9774,-31.26684],[148.97824,-31.26718],[148.9782,-31.26772],[148.97758,-31.26805],[148.97588,-31.26718],[148.97551,-31.26727],[148.97568,-31.26758],[148.97515,-31.26764],[148.97517,-31.26832],[148.9747,-31.26846],[148.97461,-31.26905],[148.97423,-31.26851],[148.97212,-31.26823],[148.97208,-31.26886],[148.9716,-31.26881],[148.9716,-31.26679],[148.97224,-31.26656]]],[[[148.9726,-31.27079],[148.97393,-31.27167],[148.97514,-31.27156],[148.97544,-31.27102],[148.97598,-31.2716],[148.97691,-31.27108],[148.97765,-31.27125],[148.97777,-31.27179],[148.97819,-31.27206],[148.97866,-31.27173],[148.97823,-31.2712],[148.97959,-31.27104],[148.97981,-31.27149],[148.98039,-31.27152],[148.98053,-31.2708],[148.98152,-31.27056],[148.98164,-31.27101],[148.98222,-31.27109],[148.98334,-31.27197],[148.9833,-31.27242],[148.9824,-31.27235],[148.9821,-31.27276],[148.98227,-31.27325],[148.9818,-31.27358],[148.98222,-31.2737],[148.98409,-31.27246],[148.98418,-31.27182],[148.98502,-31.27181],[148.98527,-31.27144],[148.98627,-31.27161],[148.98695,-31.27124],[148.98673,-31.27079],[148.98595,-31.27107],[148.98488,-31.27028],[148.98393,-31.27034],[148.9835,-31.26989],[148.98331,-31.27044],[148.98385,-31.27115],[148.98248,-31.27108],[148.98242,-31.27068],[148.98178,-31.27037],[148.98156,-31.26979],[148.98202,-31.26924],[148.98255,-31.26941],[148.98253,-31.26847],[148.98323,-31.26715],[148.98412,-31.26695],[148.98443,-31.26654],[148.98631,-31.26615],[148.98703,-31.26532],[148.98962,-31.26636],[148.98906,-31.26683],[148.98858,-31.26679],[148.98811,-31.26657],[148.98788,-31.26594],[148.98699,-31.26587],[148.98683,-31.26609],[148.9871,-31.26632],[148.98669,-31.26668],[148.986,-31.26656],[148.98581,-31.26715],[148.98635,-31.26782],[148.98698,-31.26803],[148.98704,-31.26839],[148.98515,-31.26811],[148.98436,-31.26835],[148.98454,-31.26911],[148.9857,-31.26927],[148.98669,-31.26889],[148.98829,-31.27022],[148.98758,-31.27114],[148.98801,-31.27181],[148.98765,-31.27217],[148.98804,-31.27307],[148.9879,-31.27384],[148.98732,-31.27394],[148.98583,-31.27523],[148.98583,-31.2755],[148.98694,-31.27543],[148.98736,-31.27565],[148.98742,-31.27606],[148.98806,-31.27623],[148.98839,-31.2769],[148.98776,-31.27722],[148.9866,-31.27706],[148.98606,-31.27626],[148.98511,-31.276],[148.98561,-31.27491],[148.98608,-31.27472],[148.98607,-31.27418],[148.98473,-31.27533],[148.98389,-31.27526],[148.984,-31.27571],[148.98312,-31.27644],[148.9827,-31.27631],[148.9814,-31.27688],[148.98056,-31.2768],[148.98018,-31.27617],[148.97843,-31.27562],[148.97904,-31.27484],[148.97952,-31.27483],[148.97867,-31.27439],[148.97773,-31.27491],[148.97781,-31.27626],[148.97844,-31.2762],[148.97893,-31.27674],[148.9796,-31.27636],[148.98015,-31.27753],[148.97932,-31.27804],[148.97831,-31.27733],[148.9777,-31.2782],[148.97619,-31.27872],[148.97571,-31.27846],[148.9754,-31.279],[148.97477,-31.27897],[148.9746,-31.27834],[148.97495,-31.2773],[148.97443,-31.27749],[148.97425,-31.27659],[148.9733,-31.27665],[148.97354,-31.27565],[148.97297,-31.27557],[148.97291,-31.27526],[148.9738,-31.27547],[148.9749,-31.275],[148.97616,-31.27516],[148.97654,-31.27583],[148.97712,-31.27591],[148.97684,-31.2751],[148.97562,-31.27431],[148.97586,-31.27354],[148.97548,-31.27287],[148.97563,-31.27237],[148.97484,-31.27234],[148.97422,-31.27307],[148.9737,-31.27312],[148.97306,-31.27273],[148.97293,-31.27174],[148.97213,-31.27125],[148.97167,-31.27153],[148.97169,-31.27252],[148.9716,-31.27253],[148.9716,-31.27095],[148.9726,-31.27079]]]]}},{"type":"Feature","properties":{"OBJECTID":8711030,"PCTID":84,"PCTName":"River Oak - Rough-barked Apple - red gum - box riparian tall woodland (wetland) of the Brigalow Belt South Bioregion and Nandewar Bioregion","vegClass":"Eastern Riverine Forests","vegForm":"Forested Wetlands"},"geometry":{"type":"Polygon","coordinates":[[[149.01358,-31.27838],[149.01332,-31.27843],[149.01273,-31.27776],[149.01194,-31.27755],[149.01048,-31.27802],[149.01015,-31.27762],[149.01281,-31.27677],[149.01319,-31.2773],[149.01299,-31.27758],[149.01352,-31.27797],[149.01358,-31.27838]]]}},{"type":"Feature","properties":{"OBJECTID":8711032,"PCTID":0,"PCTName":"Not classified","vegClass":"Not classified","vegForm":"Not classified"},"geometry":{"type":"Polygon","coordinates":[[[148.97185,-31.27753],[148.97306,-31.27764],[148.97206,-31.27757],[148.9716,-31.27785],[148.9716,-31.27767],[148.97185,-31.27753]]]}},{"type":"Feature","properties":{"OBJECTID":8711033,"PCTID":381,"PCTName":"Rough-barked Apple - Yellow Box grass/shrub footslope open forest, Brigalow Belt South Bioregion","vegClass":"North-west Slopes Dry Sclerophyll Woodlands","vegForm":"Dry Sclerophyll Forests (Shrub/grass sub-formation)"},"geometry":{"type":"Polygon","coordinates":[[[148.97891,-31.27841],[148.97854,-31.2781],[148.97765,-31.27843],[148.97771,-31.27888],[148.9764,-31.27908],[148.97619,-31.27872],[148.9777,-31.2782],[148.97831,-31.27733],[148.97922,-31.27795],[148.97891,-31.27841]]]}},{"type":"Feature","properties":{"OBJECTID":8711034,"PCTID":0,"PCTName":"Not classified","vegClass":"Not classified","vegForm":"Not classified"},"geometry":{"type":"Polygon","coordinates":[[[148.99452,-31.27878],[148.99452,-31.27865],[148.99458,-31.27878],[148.99452,-31.27878]]]}},{"type":"Feature","properties":{"OBJECTID":8711035,"PCTID":393,"PCTName":"White Box shrubby woodland of the western Liverpool Range, Warrumbungle Range and south-west Pilliga forests, Brigalow Belt South Bioregion","vegClass":"North-west Slopes Dry Sclerophyll Woodlands","vegForm":"Dry Sclerophyll Forests (Shrub/grass sub-formation)"},"geometry":{"type":"Polygon","coordinates":[[[149.03952,-31.27772],[149.03868,-31.27764],[149.03899,-31.27737],[149.03862,-31.27724],[149.03866,-31.27688],[149.03972,-31.27718],[149.03979,-31.27803],[149.03952,-31.27772]]]}},{"type":"Feature","properties":{"OBJECTID":8711040,"PCTID":0,"PCTName":"Not classified","vegClass":"Not classified","vegForm":"Not classified"},"geometry":{"type":"Polygon","coordinates":[[[148.99458,-31.27887],[148.99458,-31.27878],[148.99463,-31.27887],[148.99458,-31.27887]]]}},{"type":"Feature","properties":{"OBJECTID":8711043,"PCTID":389,"PCTName":"Motherumbah - White Bloodwood - cypress pine very tall shrubland / woodland of the Coonabarabran region, Brigalow Belt South Bioregion","vegClass":"North-west Slopes Dry Sclerophyll Woodlands","vegForm":"Dry Sclerophyll Forests (Shrub/grass sub-formation)"},"geometry":{"type":"Polygon","coordinates":[[[148.97165,-31.27794],[148.97214,-31.27865],[148.97199,-31.2792],[148.9716,-31.27927],[148.9716,-31.27797],[148.97165,-31.27794]]]}},{"type":"Feature","properties":{"OBJECTID":8711045,"PCTID":84,"PCTName":"River Oak - Rough-barked Apple - red gum - box riparian tall woodland (wetland) of the Brigalow Belt South Bioregion and Nandewar Bioregion","vegClass":"Eastern Riverine Forests","vegForm":"Forested Wetlands"},"geometry":{"type":"Polygon","coordinates":[[[148.98485,-31.27849],[148.98532,-31.27839],[148.98521,-31.27812],[148.98569,-31.27843],[148.9856,-31.27911],[148.98485,-31.27849]]]}},{"type":"Feature","properties":{"OBJECTID":8711046,"PCTID":393,"PCTName":"White Box shrubby woodland of the western Liverpool Range, Warrumbungle Range and south-west Pilliga forests, Brigalow Belt South Bioregion","vegClass":"North-west Slopes Dry Sclerophyll Woodlands","vegForm":"Dry Sclerophyll Forests (Shrub/grass sub-formation)"},"geometry":{"type":"Polygon","coordinates":[[[148.98497,-31.27907],[148.98464,-31.27849],[148.98534,-31.27911],[148.98497,-31.27907]]]}},{"type":"Feature","properties":{"OBJECTID":8711051,"PCTID":381,"PCTName":"Rough-barked Apple - Yellow Box grass/shrub footslope open forest, Brigalow Belt South Bioregion","vegClass":"North-west Slopes Dry Sclerophyll Woodlands","vegForm":"Dry Sclerophyll Forests (Shrub/grass sub-formation)"},"geometry":{"type":"Polygon","coordinates":[[[149.01573,-31.27816],[149.01528,-31.27885],[149.01463,-31.27805],[149.01478,-31.27764],[149.0152,-31.27781],[149.01573,-31.27816]]]}},{"type":"Feature","properties":{"OBJECTID":8711052,"PCTID":417,"PCTName":"Black Cypress Pine - Narrow-leaved Ironbark - red gum +/- White Bloodwood shrubby open forest on hills of the southern Pilliga, Coonabarabran and Garawilla regions, Brigalow Belt South Bioregion","vegClass":"Western Slopes Dry Sclerophyll Forests","vegForm":"Dry Sclerophyll Forests (Shrubby sub-formation)"},"geometry":{"type":"Polygon","coordinates":[[[149.0182,-31.27821],[149.0169,-31.27855],[149.0168,-31.27882],[149.01579,-31.27848],[149.0152,-31.27786],[149.01609,-31.27771],[149.01652,-31.27801],[149.01693,-31.2776],[149.01839,-31.27735],[149.0182,-31.27821]]]}},{"type":"Feature","properties":{"OBJECTID":8711053,"PCTID":78,"PCTName":"River Red Gum riparian tall woodland / open forest wetland in the Nandewar Bioregion and Brigalow Belt South Bioregion","vegClass":"Inland Riverine Forests","vegForm":"Forested Wetlands"},"geometry":{"type":"Polygon","coordinates":[[[148.99091,-31.27934],[148.99069,-31.27889],[148.99106,-31.27879],[148.98957,-31.27796],[148.98961,-31.27769],[148.99029,-31.27754],[148.99067,-31.27803],[148.99056,-31.27763],[148.99102,-31.27735],[148.99099,-31.27825],[148.99168,-31.27865],[148.99144,-31.27933],[148.99091,-31.27934]]]}},{"type":"Feature","properties":{"OBJECTID":8711056,"PCTID":0,"PCTName":"Not classified","vegClass":"Not classified","vegForm":"Not classified"},"geometry":{"type":"Polygon","coordinates":[[[148.99474,-31.27914],[148.99463,-31.27887],[148.99512,-31.27945],[148.99474,-31.27914]]]}},{"type":"Feature","properties":{"OBJECTID":8711057,"PCTID":381,"PCTName":"Rough-barked Apple - Yellow Box grass/shrub footslope open forest, Brigalow Belt South Bioregion","vegClass":"North-west Slopes Dry Sclerophyll Woodlands","vegForm":"Dry Sclerophyll Forests (Shrub/grass sub-formation)"},"geometry":{"type":"Polygon","coordinates":[[[148.97422,-31.27997],[148.97326,-31.27931],[148.97397,-31.2784],[148.97484,-31.27965],[148.97422,-31.27997]]]}},{"type":"Feature","properties":{"OBJECTID":8711058,"PCTID":78,"PCTName":"River Red Gum riparian tall woodland / open forest wetland in the Nandewar Bioregion and Brigalow Belt South Bioregion","vegClass":"Inland Riverine Forests","vegForm":"Forested Wetlands"},"geometry":{"type":"Polygon","coordinates":[[[149.00026,-31.27697],[149.00079,-31.27701],[149.00134,-31.27808],[149.00175,-31.27767],[149.00233,-31.2778],[149.00231,-31.27717],[149.00274,-31.27738],[149.00265,-31.27811],[149.00411,-31.27777],[149.0048,-31.27812],[149.00538,-31.27784],[149.00464,-31.27771],[149.00458,-31.27731],[149.00552,-31.27716],[149.00569,-31.2777],[149.00689,-31.27727],[149.0092,-31.27741],[149.0094,-31.277],[149.01037,-31.27803],[149.01194,-31.27755],[149.01353,-31.27842],[149.01367,-31.27766],[149.01457,-31.27778],[149.01512,-31.27876],[149.01417,-31.27864],[149.01481,-31.27913],[149.01439,-31.27927],[149.01391,-31.27891],[149.01308,-31.27933],[149.01239,-31.27894],[149.01254,-31.27849],[149.01069,-31.27829],[149.00985,-31.2784],[149.00981,-31.27885],[149.00945,-31.27894],[149.00792,-31.27897],[149.00705,-31.27763],[149.00513,-31.27847],[149.00423,-31.27808],[149.0026,-31.27838],[149.00257,-31.27919],[149.00173,-31.2793],[149.0012,-31.27908],[149.00124,-31.27836],[149.00029,-31.27815],[149.00024,-31.27842],[148.99955,-31.27802],[148.99905,-31.27686],[148.99863,-31.27678],[148.99901,-31.27736],[148.99864,-31.27741],[148.99912,-31.2778],[148.99886,-31.27794],[148.99982,-31.2782],[148.99956,-31.27856],[148.99871,-31.27813],[148.99881,-31.27786],[148.99774,-31.27697],[148.99773,-31.27643],[148.99867,-31.2765],[148.99861,-31.27592],[148.99776,-31.27553],[148.99801,-31.27476],[148.99818,-31.27538],[148.99933,-31.27514],[148.99945,-31.2759],[148.99982,-31.27603],[149.00026,-31.27697]]]}},{"type":"Feature","properties":{"OBJECTID":8711061,"PCTID":78,"PCTName":"River Red Gum riparian tall woodland / open forest wetland in the Nandewar Bioregion and Brigalow Belt South Bioregion","vegClass":"Inland Riverine Forests","vegForm":"Forested Wetlands"},"geometry":{"type":"Polygon","coordinates":[[[148.98541,-31.27771],[148.98672,-31.27774],[148.98694,-31.27819],[148.98674,-31.27855],[148.98759,-31.27867],[148.98775,-31.27916],[148.98817,-31.27898],[148.98834,-31.27965],[148.98776,-31.27948],[148.98798,-31.27984],[148.98767,-31.27993],[148.98718,-31.27926],[148.98655,-31.27932],[148.98687,-31.27963],[148.98656,-31.27991],[148.98565,-31.27924],[148.98569,-31.27843],[148.98537,-31.27812],[148.98527,-31.27844],[148.9848,-31.27849],[148.98347,-31.27775],[148.98215,-31.27763],[148.9823,-31.27713],[148.98287,-31.27681],[148.98423,-31.27679],[148.98541,-31.27771]]]}},{"type":"Feature","properties":{"OBJECTID":8711062,"PCTID":84,"PCTName":"River Oak - Rough-barked Apple - red gum - box riparian tall woodland (wetland) of the Brigalow Belt South Bioregion and Nandewar Bioregion","vegClass":"Eastern Riverine Forests","vegForm":"Forested Wetlands"},"geometry":{"type":"Polygon","coordinates":[[[148.9764,-31.27908],[148.97687,-31.27894],[148.97693,-31.2793],[148.97621,-31.27971],[148.97627,-31.28016],[148.9758,-31.28013],[148.97478,-31.27947],[148.97359,-31.27786],[148.97174,-31.2773],[148.97332,-31.27714],[148.97385,-31.27736],[148.97431,-31.27704],[148.97443,-31.27749],[148.97495,-31.2773],[148.9746,-31.27834],[148.97477,-31.27897],[148.9754,-31.279],[148.97571,-31.27846],[148.97619,-31.27872],[148.9764,-31.27908]]]}},{"type":"Feature","properties":{"OBJECTID":8711063,"PCTID":78,"PCTName":"River Red Gum riparian tall woodland / open forest wetland in the Nandewar Bioregion and Brigalow Belt South Bioregion","vegClass":"Inland Riverine Forests","vegForm":"Forested Wetlands"},"geometry":{"type":"Polygon","coordinates":[[[148.98209,-31.27732],[148.9821,-31.27763],[148.97622,-31.28012],[148.97621,-31.27971],[148.97693,-31.2793],[148.97687,-31.27894],[148.97771,-31.27888],[148.97765,-31.27843],[148.97833,-31.2781],[148.9795,-31.27867],[148.97969,-31.27808],[148.97943,-31.27799],[148.98015,-31.27753],[148.97982,-31.2769],[148.98024,-31.27658],[148.98135,-31.27688],[148.98209,-31.27732]]]}},{"type":"Feature","properties":{"OBJECTID":8711071,"PCTID":0,"PCTName":"Not classified","vegClass":"Not classified","vegForm":"Not classified"},"geometry":{"type":"Polygon","coordinates":[[[148.97801,-31.28023],[148.97801,-31.28018],[148.97811,-31.28022],[148.97801,-31.28023]]]}},{"type":"Feature","properties":{"OBJECTID":8711072,"PCTID":389,"PCTName":"Motherumbah - White Bloodwood - cypress pine very tall shrubland / woodland of the Coonabarabran region, Brigalow Belt South Bioregion","vegClass":"North-west Slopes Dry Sclerophyll Woodlands","vegForm":"Dry Sclerophyll Forests (Shrub/grass sub-formation)"},"geometry":{"type":"Polygon","coordinates":[[[149.03305,-31.27034],[149.03343,-31.27083],[149.03312,-31.2711],[149.03339,-31.27133],[149.03281,-31.27134],[149.03324,-31.27192],[149.03377,-31.27186],[149.03415,-31.27231],[149.03546,-31.27228],[149.03592,-31.27413],[149.03572,-31.27449],[149.03589,-31.27503],[149.03647,-31.27529],[149.03637,-31.27561],[149.03563,-31.2753],[149.03338,-31.27552],[149.03269,-31.27526],[149.03249,-31.2759],[149.03213,-31.27599],[149.03185,-31.27537],[149.031,-31.27511],[149.03146,-31.27456],[149.0301,-31.27472],[149.02831,-31.27434],[149.02769,-31.27485],[149.02711,-31.27468],[149.02685,-31.27509],[149.0256,-31.27534],[149.0253,-31.27588],[149.02429,-31.27558],[149.02355,-31.27749],[149.02287,-31.27759],[149.02272,-31.27818],[149.02147,-31.27843],[149.02039,-31.27953],[149.01986,-31.27936],[149.01985,-31.27882],[149.01932,-31.27901],[149.01901,-31.27883],[149.0191,-31.27838],[149.0182,-31.27821],[149.01839,-31.27735],[149.01944,-31.27724],[149.0201,-31.27597],[149.02018,-31.27484],[149.02063,-31.2742],[149.02095,-31.27429],[149.02094,-31.27374],[149.02024,-31.27299],[149.02033,-31.27249],[149.02166,-31.27288],[149.02201,-31.27246],[149.02169,-31.27197],[149.0222,-31.27142],[149.02356,-31.27131],[149.02486,-31.27061],[149.02513,-31.27083],[149.02654,-31.27072],[149.03056,-31.26948],[149.03256,-31.26935],[149.03262,-31.2698],[149.03315,-31.26998],[149.03305,-31.27034]]]}},{"type":"Feature","properties":{"OBJECTID":8711074,"PCTID":0,"PCTName":"Not classified","vegClass":"Not classified","vegForm":"Not classified"},"geometry":{"type":"Polygon","coordinates":[[[148.97811,-31.28022],[148.97822,-31.28022],[148.97822,-31.28031],[148.97811,-31.28022]]]}},{"type":"Feature","properties":{"OBJECTID":8711081,"PCTID":437,"PCTName":"Yellow Box grassy woodland on lower hillslopes and valley flats in the southern NSW Brigalow Belt South Bioregion","vegClass":"Western Slopes Grassy Woodlands","vegForm":"Grassy Woodlands"},"geometry":{"type":"Polygon","coordinates":[[[149.01564,-31.27889],[149.01612,-31.2791],[149.01651,-31.27982],[149.01582,-31.27988],[149.01539,-31.27916],[149.01417,-31.27873],[149.01528,-31.27885],[149.01579,-31.27848],[149.01564,-31.27889]]]}},{"type":"Feature","properties":{"OBJECTID":8711091,"PCTID":381,"PCTName":"Rough-barked Apple - Yellow Box grass/shrub footslope open forest, Brigalow Belt South Bioregion","vegClass":"North-west Slopes Dry Sclerophyll Woodlands","vegForm":"Dry Sclerophyll Forests (Shrub/grass sub-formation)"},"geometry":{"type":"Polygon","coordinates":[[[148.98861,-31.27996],[148.98824,-31.27992],[148.98841,-31.28033],[148.98789,-31.28065],[148.98662,-31.27995],[148.98687,-31.27958],[148.98655,-31.27932],[148.98718,-31.27926],[148.98767,-31.27993],[148.98798,-31.27984],[148.98776,-31.27948],[148.98834,-31.27961],[148.98861,-31.27996]]]}},{"type":"Feature","properties":{"OBJECTID":8711092,"PCTID":381,"PCTName":"Rough-barked Apple - Yellow Box grass/shrub footslope open forest, Brigalow Belt South Bioregion","vegClass":"North-west Slopes Dry Sclerophyll Woodlands","vegForm":"Dry Sclerophyll Forests (Shrub/grass sub-formation)"},"geometry":{"type":"Polygon","coordinates":[[[148.97888,-31.27935],[148.97874,-31.28012],[148.97906,-31.28052],[148.97881,-31.28084],[148.97752,-31.27978],[148.98158,-31.27782],[148.98263,-31.27771],[148.98195,-31.27818],[148.98117,-31.27819],[148.98066,-31.27896],[148.98062,-31.27964],[148.98009,-31.27956],[148.97888,-31.27935]]]}},{"type":"Feature","properties":{"OBJECTID":8711094,"PCTID":393,"PCTName":"White Box shrubby woodland of the western Liverpool Range, Warrumbungle Range and south-west Pilliga forests, Brigalow Belt South Bioregion","vegClass":"North-west Slopes Dry Sclerophyll Woodlands","vegForm":"Dry Sclerophyll Forests (Shrub/grass sub-formation)"},"geometry":{"type":"Polygon","coordinates":[[[148.97575,-31.28058],[148.97529,-31.2809],[148.97423,-31.28069],[148.97437,-31.27988],[148.97479,-31.27965],[148.97548,-31.28009],[148.97575,-31.28058]]]}},{"type":"Feature","properties":{"OBJECTID":8711098,"PCTID":0,"PCTName":"Not classified","vegClass":"Not classified","vegForm":"Not classified"},"geometry":{"type":"Polygon","coordinates":[[[149.01636,-31.28036],[149.01535,-31.27988],[149.01488,-31.28003],[149.01465,-31.27917],[149.01539,-31.27916],[149.01582,-31.27988],[149.01645,-31.27982],[149.01636,-31.28036]]]}},{"type":"Feature","properties":{"OBJECTID":8711100,"PCTID":386,"PCTName":"Tumbledown Red Gum trachyte rock flat sedgeland - shrubland of the Warrumbungle Range region","vegClass":"North-west Slopes Dry Sclerophyll Woodlands","vegForm":"Dry Sclerophyll Forests (Shrub/grass sub-formation)"},"geometry":{"type":"Polygon","coordinates":[[[148.99158,-31.28091],[148.9911,-31.2806],[148.99118,-31.27965],[148.99198,-31.28018],[148.99204,-31.28063],[148.99158,-31.28091]]]}},{"type":"Feature","properties":{"OBJECTID":8711101,"PCTID":389,"PCTName":"Motherumbah - White Bloodwood - cypress pine very tall shrubland / woodland of the Coonabarabran region, Brigalow Belt South Bioregion","vegClass":"North-west Slopes Dry Sclerophyll Woodlands","vegForm":"Dry Sclerophyll Forests (Shrub/grass sub-formation)"},"geometry":{"type":"Polygon","coordinates":[[[148.99057,-31.27835],[148.99106,-31.27879],[148.99069,-31.27889],[148.99091,-31.27934],[148.99138,-31.27929],[148.99171,-31.27982],[148.99307,-31.27966],[148.99334,-31.28011],[148.99303,-31.2803],[148.99315,-31.2807],[148.99268,-31.28089],[148.99204,-31.28063],[148.99198,-31.28018],[148.99123,-31.27965],[148.99093,-31.28024],[148.9911,-31.2806],[148.99042,-31.28079],[148.98841,-31.28028],[148.98824,-31.27992],[148.98861,-31.27996],[148.98861,-31.27969],[148.98813,-31.27938],[148.98817,-31.27898],[148.9877,-31.27912],[148.98758,-31.27858],[148.98804,-31.27799],[148.98852,-31.27825],[148.98898,-31.27779],[148.98957,-31.27796],[148.99057,-31.27835]]]}},{"type":"Feature","properties":{"OBJECTID":8711106,"PCTID":386,"PCTName":"Tumbledown Red Gum trachyte rock flat sedgeland - shrubland of the Warrumbungle Range region","vegClass":"North-west Slopes Dry Sclerophyll Woodlands","vegForm":"Dry Sclerophyll Forests (Shrub/grass sub-formation)"},"geometry":{"type":"Polygon","coordinates":[[[148.99011,-31.28111],[148.98879,-31.28077],[148.98841,-31.28028],[148.98905,-31.28063],[148.99083,-31.28065],[148.99011,-31.28111]]]}},{"type":"Feature","properties":{"OBJECTID":8711108,"PCTID":417,"PCTName":"Black Cypress Pine - Narrow-leaved Ironbark - red gum +/- White Bloodwood shrubby open forest on hills of the southern Pilliga, Coonabarabran and Garawilla regions, Brigalow Belt South Bioregion","vegClass":"Western Slopes Dry Sclerophyll Forests","vegForm":"Dry Sclerophyll Forests (Shrubby sub-formation)"},"geometry":{"type":"Polygon","coordinates":[[[148.98528,-31.28124],[148.98442,-31.2803],[148.98483,-31.28011],[148.98554,-31.28114],[148.98528,-31.28124]]]}},{"type":"Feature","properties":{"OBJECTID":8711115,"PCTID":389,"PCTName":"Motherumbah - White Bloodwood - cypress pine very tall shrubland / woodland of the Coonabarabran region, Brigalow Belt South Bioregion","vegClass":"North-west Slopes Dry Sclerophyll Woodlands","vegForm":"Dry Sclerophyll Forests (Shrub/grass sub-formation)"},"geometry":{"type":"Polygon","coordinates":[[[149.03555,-31.27873],[149.03502,-31.27865],[149.03496,-31.2782],[149.03435,-31.27889],[149.03371,-31.27872],[149.03257,-31.27946],[149.03198,-31.27893],[149.03147,-31.27939],[149.0317,-31.2802],[149.03117,-31.28021],[149.03123,-31.28061],[149.03007,-31.28027],[149.0298,-31.27973],[149.02965,-31.2801],[149.02871,-31.28043],[149.02816,-31.27949],[149.02722,-31.27964],[149.02667,-31.27861],[149.02567,-31.27836],[149.02506,-31.27701],[149.02574,-31.27682],[149.02583,-31.27646],[149.02678,-31.27644],[149.02624,-31.27564],[149.02939,-31.27581],[149.0298,-31.27545],[149.0307,-31.2757],[149.03103,-31.27642],[149.0314,-31.27628],[149.03134,-31.27596],[149.03197,-31.27613],[149.03273,-31.27689],[149.03366,-31.27647],[149.03399,-31.27696],[149.03504,-31.27712],[149.03566,-31.27652],[149.03593,-31.27706],[149.03555,-31.27873]]]}},{"type":"Feature","properties":{"OBJECTID":8711116,"PCTID":393,"PCTName":"White Box shrubby woodland of the western Liverpool Range, Warrumbungle Range and south-west Pilliga forests, Brigalow Belt South Bioregion","vegClass":"North-west Slopes Dry Sclerophyll Woodlands","vegForm":"Dry Sclerophyll Forests (Shrub/grass sub-formation)"},"geometry":{"type":"Polygon","coordinates":[[[149.04194,-31.28007],[149.04147,-31.28021],[149.04136,-31.2799],[149.04182,-31.2794],[149.04245,-31.27961],[149.04253,-31.28042],[149.04194,-31.28007]]]}},{"type":"Feature","properties":{"OBJECTID":8711123,"PCTID":385,"PCTName":"Warrumbungle trachyte hillcrest Tumbledown Red Gum - Black Cypress Pine - White Bloodwood shrubby woodland","vegClass":"North-west Slopes Dry Sclerophyll Woodlands","vegForm":"Dry Sclerophyll Forests (Shrub/grass sub-formation)"},"geometry":{"type":"Polygon","coordinates":[[[149.03706,-31.28033],[149.03678,-31.27971],[149.03573,-31.27972],[149.03535,-31.27923],[149.03572,-31.27932],[149.03587,-31.27868],[149.03654,-31.2784],[149.03853,-31.28044],[149.03833,-31.28076],[149.0378,-31.28073],[149.03706,-31.28033]]]}},{"type":"Feature","properties":{"OBJECTID":8711128,"PCTID":379,"PCTName":"Inland Scribbly Gum - White Bloodwood - Red Stringybark - Black Cypress Pine shrubby sandstone woodland mainly of the Warrumbungle NP - Pilliga region in the Brigalow Belt South Bioregion","vegClass":"Western Slopes Dry Sclerophyll Forests","vegForm":"Dry Sclerophyll Forests (Shrubby sub-formation)"},"geometry":{"type":"Polygon","coordinates":[[[149.02441,-31.281],[149.02405,-31.28127],[149.02203,-31.28036],[149.02409,-31.28055],[149.02441,-31.281]]]}},{"type":"Feature","properties":{"OBJECTID":8711129,"PCTID":386,"PCTName":"Tumbledown Red Gum trachyte rock flat sedgeland - shrubland of the Warrumbungle Range region","vegClass":"North-west Slopes Dry Sclerophyll Woodlands","vegForm":"Dry Sclerophyll Forests (Shrub/grass sub-formation)"},"geometry":{"type":"Polygon","coordinates":[[[149.03218,-31.28046],[149.03186,-31.2806],[149.03198,-31.28096],[149.03146,-31.28115],[149.03102,-31.28048],[149.03129,-31.28061],[149.03117,-31.28021],[149.0317,-31.2802],[149.03218,-31.28046]]]}},{"type":"Feature","properties":{"OBJECTID":8711132,"PCTID":389,"PCTName":"Motherumbah - White Bloodwood - cypress pine very tall shrubland / woodland of the Coonabarabran region, Brigalow Belt South Bioregion","vegClass":"North-west Slopes Dry Sclerophyll Woodlands","vegForm":"Dry Sclerophyll Forests (Shrub/grass sub-formation)"},"geometry":{"type":"Polygon","coordinates":[[[149.02441,-31.28095],[149.02409,-31.28055],[149.02477,-31.2804],[149.02468,-31.28126],[149.02426,-31.28122],[149.02441,-31.28095]]]}},{"type":"Feature","properties":{"OBJECTID":8711136,"PCTID":417,"PCTName":"Black Cypress Pine - Narrow-leaved Ironbark - red gum +/- White Bloodwood shrubby open forest on hills of the southern Pilliga, Coonabarabran and Garawilla regions, Brigalow Belt South Bioregion","vegClass":"Western Slopes Dry Sclerophyll Forests","vegForm":"Dry Sclerophyll Forests (Shrubby sub-formation)"},"geometry":{"type":"Polygon","coordinates":[[[148.97715,-31.28204],[148.9771,-31.28218],[148.97695,-31.28223],[148.97715,-31.28204]]]}},{"type":"Feature","properties":{"OBJECTID":8711142,"PCTID":393,"PCTName":"White Box shrubby woodland of the western Liverpool Range, Warrumbungle Range and south-west Pilliga forests, Brigalow Belt South Bioregion","vegClass":"North-west Slopes Dry Sclerophyll Woodlands","vegForm":"Dry Sclerophyll Forests (Shrub/grass sub-formation)"},"geometry":{"type":"Polygon","coordinates":[[[149.02385,-31.28164],[149.02237,-31.28144],[149.02222,-31.28175],[149.0219,-31.28149],[149.022,-31.28117],[149.02153,-31.28136],[149.0211,-31.28087],[149.02037,-31.28088],[149.02209,-31.28045],[149.02363,-31.28105],[149.02385,-31.28164]]]}},{"type":"Feature","properties":{"OBJECTID":8711145,"PCTID":393,"PCTName":"White Box shrubby woodland of the western Liverpool Range, Warrumbungle Range and south-west Pilliga forests, Brigalow Belt South Bioregion","vegClass":"North-west Slopes Dry Sclerophyll Woodlands","vegForm":"Dry Sclerophyll Forests (Shrub/grass sub-formation)"},"geometry":{"type":"Polygon","coordinates":[[[149.01233,-31.28111],[149.01187,-31.28138],[149.01167,-31.28202],[149.01092,-31.28136],[149.01122,-31.28058],[149.01233,-31.28111]]]}},{"type":"Feature","properties":{"OBJECTID":8711151,"PCTID":393,"PCTName":"White Box shrubby woodland of the western Liverpool Range, Warrumbungle Range and south-west Pilliga forests, Brigalow Belt South Bioregion","vegClass":"North-west Slopes Dry Sclerophyll Woodlands","vegForm":"Dry Sclerophyll Forests (Shrub/grass sub-formation)"},"geometry":{"type":"Polygon","coordinates":[[[149.0314,-31.2812],[149.03015,-31.28131],[149.03021,-31.28176],[149.02936,-31.28159],[149.02874,-31.28205],[149.02822,-31.28188],[149.02903,-31.28065],[149.03061,-31.28098],[149.0307,-31.28044],[149.03102,-31.28048],[149.0314,-31.2812]]]}},{"type":"Feature","properties":{"OBJECTID":8711154,"PCTID":381,"PCTName":"Rough-barked Apple - Yellow Box grass/shrub footslope open forest, Brigalow Belt South Bioregion","vegClass":"North-west Slopes Dry Sclerophyll Woodlands","vegForm":"Dry Sclerophyll Forests (Shrub/grass sub-formation)"},"geometry":{"type":"Polygon","coordinates":[[[148.979,-31.28247],[148.97891,-31.28292],[148.97757,-31.28177],[148.97669,-31.28237],[148.97614,-31.28156],[148.97493,-31.28113],[148.97575,-31.28058],[148.97548,-31.28009],[148.97643,-31.28025],[148.97747,-31.27978],[148.97801,-31.28018],[148.979,-31.28247]]]}},{"type":"Feature","properties":{"OBJECTID":8711157,"PCTID":0,"PCTName":"Not classified","vegClass":"Not classified","vegForm":"Not classified"},"geometry":{"type":"Polygon","coordinates":[[[148.97905,-31.28237],[148.97896,-31.28301],[148.97832,-31.28036],[148.97905,-31.28237]]]}},{"type":"Feature","properties":{"OBJECTID":8711158,"PCTID":78,"PCTName":"River Red Gum riparian tall woodland / open forest wetland in the Nandewar Bioregion and Brigalow Belt South Bioregion","vegClass":"Inland Riverine Forests","vegForm":"Forested Wetlands"},"geometry":{"type":"Polygon","coordinates":[[[148.99742,-31.28153],[148.99709,-31.28095],[148.99667,-31.28105],[148.99656,-31.2806],[148.99609,-31.28079],[148.99618,-31.28011],[148.99458,-31.27878],[148.99461,-31.27797],[148.99569,-31.277],[148.99622,-31.27695],[148.99586,-31.27759],[148.99649,-31.27749],[148.99676,-31.27784],[148.99604,-31.27831],[148.99503,-31.27805],[148.99531,-31.27863],[148.99589,-31.27885],[148.99611,-31.27948],[148.99749,-31.27973],[148.99813,-31.28044],[148.99849,-31.28003],[148.99913,-31.28029],[148.99959,-31.27992],[149.00066,-31.28085],[149.00134,-31.2807],[149.0013,-31.2812],[149.00277,-31.28126],[149.0028,-31.28235],[149.00328,-31.28256],[149.00275,-31.28239],[149.00254,-31.28262],[149.00162,-31.28151],[149.00024,-31.2809],[148.99972,-31.28104],[148.9995,-31.28046],[148.99914,-31.28069],[148.99855,-31.28043],[148.99825,-31.2808],[148.99707,-31.27991],[148.99661,-31.28042],[148.9975,-31.28045],[148.99821,-31.28179],[148.99742,-31.28153]]]}},{"type":"Feature","properties":{"OBJECTID":8711160,"PCTID":393,"PCTName":"White Box shrubby woodland of the western Liverpool Range, Warrumbungle Range and south-west Pilliga forests, Brigalow Belt South Bioregion","vegClass":"North-west Slopes Dry Sclerophyll Woodlands","vegForm":"Dry Sclerophyll Forests (Shrub/grass sub-formation)"},"geometry":{"type":"Polygon","coordinates":[[[148.97644,-31.28309],[148.97606,-31.28265],[148.97564,-31.28275],[148.97519,-31.28135],[148.97614,-31.28156],[148.97674,-31.28237],[148.97644,-31.28309]]]}},{"type":"Feature","properties":{"OBJECTID":8711161,"PCTID":417,"PCTName":"Black Cypress Pine - Narrow-leaved Ironbark - red gum +/- White Bloodwood shrubby open forest on hills of the southern Pilliga, Coonabarabran and Garawilla regions, Brigalow Belt South Bioregion","vegClass":"Western Slopes Dry Sclerophyll Forests","vegForm":"Dry Sclerophyll Forests (Shrubby sub-formation)"},"geometry":{"type":"Polygon","coordinates":[[[148.97859,-31.2831],[148.97796,-31.28284],[148.97779,-31.28217],[148.97891,-31.28292],[148.97859,-31.2831]]]}},{"type":"Feature","properties":{"OBJECTID":8711162,"PCTID":386,"PCTName":"Tumbledown Red Gum trachyte rock flat sedgeland - shrubland of the Warrumbungle Range region","vegClass":"North-west Slopes Dry Sclerophyll Woodlands","vegForm":"Dry Sclerophyll Forests (Shrub/grass sub-formation)"},"geometry":{"type":"Polygon","coordinates":[[[149.03061,-31.28098],[149.02903,-31.28065],[149.02775,-31.28229],[149.02732,-31.28171],[149.02623,-31.28214],[149.02528,-31.28206],[149.02548,-31.28157],[149.02714,-31.28091],[149.02691,-31.2801],[149.02619,-31.28052],[149.02554,-31.27985],[149.02564,-31.27944],[149.02627,-31.27966],[149.02668,-31.27897],[149.02722,-31.27964],[149.02816,-31.27949],[149.02855,-31.28039],[149.02913,-31.28042],[149.02917,-31.28006],[149.02965,-31.2801],[149.0298,-31.27973],[149.03007,-31.28027],[149.03071,-31.28049],[149.03061,-31.28098]]]}},{"type":"Feature","properties":{"OBJECTID":8711163,"PCTID":389,"PCTName":"Motherumbah - White Bloodwood - cypress pine very tall shrubland / woodland of the Coonabarabran region, Brigalow Belt South Bioregion","vegClass":"North-west Slopes Dry Sclerophyll Woodlands","vegForm":"Dry Sclerophyll Forests (Shrub/grass sub-formation)"},"geometry":{"type":"Polygon","coordinates":[[[149.02276,-31.28242],[149.02076,-31.28196],[149.02044,-31.28178],[149.02043,-31.28133],[149.0211,-31.28087],[149.02153,-31.28136],[149.022,-31.28117],[149.0219,-31.28149],[149.02222,-31.28175],[149.02276,-31.28242]]]}},{"type":"Feature","properties":{"OBJECTID":8711168,"PCTID":0,"PCTName":"Not classified","vegClass":"Not classified","vegForm":"Not classified"},"geometry":{"type":"Polygon","coordinates":[[[148.97891,-31.28301],[148.97891,-31.28314],[148.97876,-31.28333],[148.97891,-31.28301]]]}},{"type":"Feature","properties":{"OBJECTID":8711172,"PCTID":389,"PCTName":"Motherumbah - White Bloodwood - cypress pine very tall shrubland / woodland of the Coonabarabran region, Brigalow Belt South Bioregion","vegClass":"North-west Slopes Dry Sclerophyll Woodlands","vegForm":"Dry Sclerophyll Forests (Shrub/grass sub-formation)"},"geometry":{"type":"Polygon","coordinates":[[[148.97774,-31.28267],[148.97859,-31.2831],[148.97729,-31.2834],[148.97695,-31.28223],[148.97741,-31.28177],[148.97779,-31.28217],[148.97774,-31.28267]]]}},{"type":"Feature","properties":{"OBJECTID":8711175,"PCTID":417,"PCTName":"Black Cypress Pine - Narrow-leaved Ironbark - red gum +/- White Bloodwood shrubby open forest on hills of the southern Pilliga, Coonabarabran and Garawilla regions, Brigalow Belt South Bioregion","vegClass":"Western Slopes Dry Sclerophyll Forests","vegForm":"Dry Sclerophyll Forests (Shrubby sub-formation)"},"geometry":{"type":"Polygon","coordinates":[[[148.99295,-31.28147],[148.99276,-31.2822],[148.99365,-31.28218],[148.99393,-31.28303],[148.99352,-31.28318],[148.99324,-31.28255],[148.99261,-31.28274],[148.99244,-31.2822],[148.99198,-31.28239],[148.99149,-31.2819],[148.99184,-31.28117],[148.99295,-31.28147]]]}},{"type":"Feature","properties":{"OBJECTID":8711181,"PCTID":386,"PCTName":"Tumbledown Red Gum trachyte rock flat sedgeland - shrubland of the Warrumbungle Range region","vegClass":"North-west Slopes Dry Sclerophyll Woodlands","vegForm":"Dry Sclerophyll Forests (Shrub/grass sub-formation)"},"geometry":{"type":"Polygon","coordinates":[[[148.97197,-31.2829],[148.97186,-31.28263],[148.97228,-31.28276],[148.97276,-31.28288],[148.97267,-31.28347],[148.97178,-31.2838],[148.9716,-31.28342],[148.9716,-31.28307],[148.97197,-31.2829]]]}},{"type":"Feature","properties":{"OBJECTID":8711182,"PCTID":381,"PCTName":"Rough-barked Apple - Yellow Box grass/shrub footslope open forest, Brigalow Belt South Bioregion","vegClass":"North-west Slopes Dry Sclerophyll Woodlands","vegForm":"Dry Sclerophyll Forests (Shrub/grass sub-formation)"},"geometry":{"type":"Polygon","coordinates":[[[149.01474,-31.28301],[149.01406,-31.28302],[149.01441,-31.28238],[149.01504,-31.2826],[149.01474,-31.28301]]]}},{"type":"Feature","properties":{"OBJECTID":8711183,"PCTID":393,"PCTName":"White Box shrubby woodland of the western Liverpool Range, Warrumbungle Range and south-west Pilliga forests, Brigalow Belt South Bioregion","vegClass":"North-west Slopes Dry Sclerophyll Woodlands","vegForm":"Dry Sclerophyll Forests (Shrub/grass sub-formation)"},"geometry":{"type":"Polygon","coordinates":[[[149.01526,-31.28052],[149.01606,-31.28082],[149.01606,-31.28113],[149.01694,-31.28031],[149.01794,-31.28056],[149.01867,-31.28023],[149.01937,-31.28081],[149.01748,-31.28116],[149.01815,-31.28291],[149.01773,-31.28305],[149.01666,-31.28189],[149.01675,-31.2813],[149.01496,-31.28133],[149.01475,-31.28102],[149.01407,-31.28121],[149.01385,-31.28095],[149.01427,-31.28085],[149.0139,-31.28054],[149.01392,-31.27928],[149.01465,-31.27917],[149.01483,-31.27998],[149.01551,-31.28011],[149.01526,-31.28052]]]}},{"type":"Feature","properties":{"OBJECTID":8711185,"PCTID":0,"PCTName":"Not classified","vegClass":"Not classified","vegForm":"Not classified"},"geometry":{"type":"Polygon","coordinates":[[[148.9786,-31.28355],[148.97876,-31.28333],[148.97861,-31.28374],[148.9786,-31.28355]]]}},{"type":"Feature","properties":{"OBJECTID":8711186,"PCTID":393,"PCTName":"White Box shrubby woodland of the western Liverpool Range, Warrumbungle Range and south-west Pilliga forests, Brigalow Belt South Bioregion","vegClass":"North-west Slopes Dry Sclerophyll Woodlands","vegForm":"Dry Sclerophyll Forests (Shrub/grass sub-formation)"},"geometry":{"type":"Polygon","coordinates":[[[149.00569,-31.28266],[149.00586,-31.28315],[149.00513,-31.28308],[149.00496,-31.28258],[149.00517,-31.28253],[149.00569,-31.28266]]]}},{"type":"Feature","properties":{"OBJECTID":8711187,"PCTID":0,"PCTName":"Not classified","vegClass":"Not classified","vegForm":"Not classified"},"geometry":{"type":"Polygon","coordinates":[[[148.99583,-31.28305],[148.99663,-31.28358],[148.99578,-31.28314],[148.99613,-31.2802],[148.99512,-31.27945],[148.99618,-31.28011],[148.99609,-31.28079],[148.99583,-31.28305]]]}},{"type":"Feature","properties":{"OBJECTID":8711189,"PCTID":379,"PCTName":"Inland Scribbly Gum - White Bloodwood - Red Stringybark - Black Cypress Pine shrubby sandstone woodland mainly of the Warrumbungle NP - Pilliga region in the Brigalow Belt South Bioregion","vegClass":"Western Slopes Dry Sclerophyll Forests","vegForm":"Dry Sclerophyll Forests (Shrubby sub-formation)"},"geometry":{"type":"Polygon","coordinates":[[[149.01991,-31.28175],[149.02098,-31.28254],[149.02062,-31.28277],[149.01971,-31.28234],[149.01979,-31.28328],[149.0191,-31.28293],[149.01913,-31.28199],[149.01815,-31.28295],[149.01792,-31.28192],[149.01738,-31.28143],[149.01764,-31.28102],[149.01879,-31.28109],[149.01937,-31.28081],[149.01931,-31.28054],[149.02021,-31.28111],[149.01991,-31.28175]]]}},{"type":"Feature","properties":{"OBJECTID":8711193,"PCTID":386,"PCTName":"Tumbledown Red Gum trachyte rock flat sedgeland - shrubland of the Warrumbungle Range region","vegClass":"North-west Slopes Dry Sclerophyll Woodlands","vegForm":"Dry Sclerophyll Forests (Shrub/grass sub-formation)"},"geometry":{"type":"Polygon","coordinates":[[[148.98082,-31.28374],[148.9806,-31.28339],[148.97981,-31.28345],[148.9801,-31.28236],[148.98057,-31.28221],[148.98118,-31.2836],[148.98181,-31.28377],[148.98161,-31.28396],[148.98082,-31.28374]]]}},{"type":"Feature","properties":{"OBJECTID":8711198,"PCTID":417,"PCTName":"Black Cypress Pine - Narrow-leaved Ironbark - red gum +/- White Bloodwood shrubby open forest on hills of the southern Pilliga, Coonabarabran and Garawilla regions, Brigalow Belt South Bioregion","vegClass":"Western Slopes Dry Sclerophyll Forests","vegForm":"Dry Sclerophyll Forests (Shrubby sub-formation)"},"geometry":{"type":"Polygon","coordinates":[[[148.97756,-31.28402],[148.97652,-31.28413],[148.97577,-31.28374],[148.97565,-31.2832],[148.97591,-31.28265],[148.97628,-31.2831],[148.9766,-31.283],[148.97695,-31.28223],[148.97707,-31.28317],[148.97797,-31.28334],[148.97756,-31.28402]]]}},{"type":"Feature","properties":{"OBJECTID":8711203,"PCTID":393,"PCTName":"White Box shrubby woodland of the western Liverpool Range, Warrumbungle Range and south-west Pilliga forests, Brigalow Belt South Bioregion","vegClass":"North-west Slopes Dry Sclerophyll Woodlands","vegForm":"Dry Sclerophyll Forests (Shrub/grass sub-formation)"},"geometry":{"type":"Polygon","coordinates":[[[148.97429,-31.2834],[148.9741,-31.28412],[148.97337,-31.28423],[148.97283,-31.28378],[148.97303,-31.28324],[148.97382,-31.28332],[148.97429,-31.2834]]]}},{"type":"Feature","properties":{"OBJECTID":8711205,"PCTID":393,"PCTName":"White Box shrubby woodland of the western Liverpool Range, Warrumbungle Range and south-west Pilliga forests, Brigalow Belt South Bioregion","vegClass":"North-west Slopes Dry Sclerophyll Woodlands","vegForm":"Dry Sclerophyll Forests (Shrub/grass sub-formation)"},"geometry":{"type":"MultiPolygon","coordinates":[[[[148.97206,-31.27757],[148.97306,-31.27769],[148.97392,-31.27849],[148.97249,-31.28023],[148.97212,-31.28001],[148.97176,-31.28033],[148.97204,-31.28127],[148.97236,-31.28136],[148.9721,-31.28181],[148.973,-31.2818],[148.97295,-31.2822],[148.97234,-31.28275],[148.97186,-31.28263],[148.97197,-31.2829],[148.9716,-31.28307],[148.9716,-31.27924],[148.97199,-31.2792],[148.97214,-31.27865],[148.97181,-31.27798],[148.9716,-31.278],[148.9716,-31.27785],[148.97206,-31.27757]]],[[[148.97178,-31.28394],[148.9716,-31.28389],[148.9716,-31.28349],[148.97178,-31.28394]]]]}},{"type":"Feature","properties":{"OBJECTID":8711211,"PCTID":393,"PCTName":"White Box shrubby woodland of the western Liverpool Range, Warrumbungle Range and south-west Pilliga forests, Brigalow Belt South Bioregion","vegClass":"North-west Slopes Dry Sclerophyll Woodlands","vegForm":"Dry Sclerophyll Forests (Shrub/grass sub-formation)"},"geometry":{"type":"Polygon","coordinates":[[[149.02251,-31.28288],[149.02264,-31.28382],[149.0211,-31.28299],[149.02093,-31.28259],[149.02251,-31.28288]]]}},{"type":"Feature","properties":{"OBJECTID":8711218,"PCTID":385,"PCTName":"Warrumbungle trachyte hillcrest Tumbledown Red Gum - Black Cypress Pine - White Bloodwood shrubby woodland","vegClass":"North-west Slopes Dry Sclerophyll Woodlands","vegForm":"Dry Sclerophyll Forests (Shrub/grass sub-formation)"},"geometry":{"type":"Polygon","coordinates":[[[148.98513,-31.27921],[148.98539,-31.27911],[148.98752,-31.28057],[148.99033,-31.28151],[148.99097,-31.28444],[148.9905,-31.28453],[148.99054,-31.28408],[148.99007,-31.28404],[148.98985,-31.28351],[148.98849,-31.28398],[148.98816,-31.28326],[148.98753,-31.28327],[148.98726,-31.28305],[148.98741,-31.28273],[148.98662,-31.28266],[148.98635,-31.2823],[148.98457,-31.28251],[148.98472,-31.28201],[148.98556,-31.28191],[148.98592,-31.28154],[148.9866,-31.28162],[148.98727,-31.28093],[148.98554,-31.28114],[148.9843,-31.27963],[148.98346,-31.27982],[148.98298,-31.27938],[148.98224,-31.27939],[148.98247,-31.2802],[148.98169,-31.28044],[148.98175,-31.28093],[148.98071,-31.28122],[148.98086,-31.28108],[148.98033,-31.28086],[148.98052,-31.27996],[148.98009,-31.27952],[148.98062,-31.27964],[148.98066,-31.27896],[148.98117,-31.27819],[148.98289,-31.27771],[148.98464,-31.27849],[148.98513,-31.27921]]]}},{"type":"Feature","properties":{"OBJECTID":8711221,"PCTID":386,"PCTName":"Tumbledown Red Gum trachyte rock flat sedgeland - shrubland of the Warrumbungle Range region","vegClass":"North-west Slopes Dry Sclerophyll Woodlands","vegForm":"Dry Sclerophyll Forests (Shrub/grass sub-formation)"},"geometry":{"type":"Polygon","coordinates":[[[149.02513,-31.28238],[149.02529,-31.28274],[149.02645,-31.28281],[149.02662,-31.28317],[149.02548,-31.28391],[149.02489,-31.28333],[149.02406,-31.28403],[149.02347,-31.2834],[149.02423,-31.28226],[149.02513,-31.28238]]]}},{"type":"Feature","properties":{"OBJECTID":8711223,"PCTID":389,"PCTName":"Motherumbah - White Bloodwood - cypress pine very tall shrubland / woodland of the Coonabarabran region, Brigalow Belt South Bioregion","vegClass":"North-west Slopes Dry Sclerophyll Woodlands","vegForm":"Dry Sclerophyll Forests (Shrub/grass sub-formation)"},"geometry":{"type":"Polygon","coordinates":[[[148.97423,-31.28069],[148.9747,-31.2806],[148.97541,-31.2818],[148.97538,-31.28248],[148.97591,-31.28288],[148.97565,-31.2832],[148.97577,-31.28374],[148.97657,-31.28413],[148.97622,-31.28486],[148.97574,-31.28482],[148.9753,-31.2837],[148.97493,-31.2837],[148.97468,-31.28425],[148.9741,-31.28412],[148.97429,-31.2834],[148.97387,-31.28336],[148.9737,-31.28287],[148.97291,-31.28243],[148.97305,-31.28184],[148.9721,-31.28181],[148.97236,-31.28136],[148.97176,-31.28064],[148.97201,-31.28005],[148.97249,-31.28023],[148.973,-31.27936],[148.97438,-31.27997],[148.97423,-31.28069]]]}},{"type":"Feature","properties":{"OBJECTID":8711225,"PCTID":417,"PCTName":"Black Cypress Pine - Narrow-leaved Ironbark - red gum +/- White Bloodwood shrubby open forest on hills of the southern Pilliga, Coonabarabran and Garawilla regions, Brigalow Belt South Bioregion","vegClass":"Western Slopes Dry Sclerophyll Forests","vegForm":"Dry Sclerophyll Forests (Shrubby sub-formation)"},"geometry":{"type":"Polygon","coordinates":[[[148.97178,-31.28394],[148.97209,-31.28353],[148.97267,-31.28347],[148.97276,-31.28288],[148.97228,-31.28276],[148.97285,-31.28225],[148.9737,-31.28287],[148.97382,-31.28332],[148.97303,-31.28324],[148.97283,-31.28378],[148.97352,-31.28427],[148.97468,-31.28425],[148.97493,-31.2837],[148.9753,-31.2837],[148.97547,-31.28415],[148.97359,-31.28494],[148.97332,-31.28463],[148.9727,-31.28496],[148.9716,-31.28422],[148.9716,-31.28389],[148.97178,-31.28394]]]}},{"type":"Feature","properties":{"OBJECTID":8711232,"PCTID":417,"PCTName":"Black Cypress Pine - Narrow-leaved Ironbark - red gum +/- White Bloodwood shrubby open forest on hills of the southern Pilliga, Coonabarabran and Garawilla regions, Brigalow Belt South Bioregion","vegClass":"Western Slopes Dry Sclerophyll Forests","vegForm":"Dry Sclerophyll Forests (Shrubby sub-formation)"},"geometry":{"type":"Polygon","coordinates":[[[149.03862,-31.27724],[149.03899,-31.27737],[149.03873,-31.27769],[149.03952,-31.27772],[149.04007,-31.27852],[149.04053,-31.27829],[149.04128,-31.27895],[149.04158,-31.28053],[149.04107,-31.28108],[149.0407,-31.28099],[149.0406,-31.28145],[149.03993,-31.28164],[149.03963,-31.28268],[149.03901,-31.28278],[149.03847,-31.28239],[149.03759,-31.28276],[149.03737,-31.2824],[149.03626,-31.28206],[149.03538,-31.28293],[149.03613,-31.28319],[149.03748,-31.28281],[149.03714,-31.28372],[149.0365,-31.28368],[149.03618,-31.28328],[149.03415,-31.28413],[149.03331,-31.28401],[149.03404,-31.28386],[149.03429,-31.28349],[149.03472,-31.28358],[149.03492,-31.28321],[149.03433,-31.28286],[149.03408,-31.28332],[149.03328,-31.28301],[149.03327,-31.28247],[149.03468,-31.28177],[149.03583,-31.28184],[149.03588,-31.28157],[149.0363,-31.28156],[149.03688,-31.28178],[149.03787,-31.28145],[149.0378,-31.28073],[149.03833,-31.28076],[149.03853,-31.28044],[149.03789,-31.28],[149.0375,-31.27911],[149.03676,-31.27889],[149.03654,-31.2784],[149.03587,-31.27868],[149.03572,-31.27932],[149.03529,-31.27892],[149.03566,-31.27864],[149.03549,-31.27819],[149.03593,-31.27706],[149.03636,-31.27732],[149.03735,-31.27699],[149.0382,-31.2772],[149.03829,-31.27679],[149.03871,-31.27683],[149.03862,-31.27724]]]}},{"type":"Feature","properties":{"OBJECTID":8711241,"PCTID":0,"PCTName":"Not classified","vegClass":"Not classified","vegForm":"Not classified"},"geometry":{"type":"Polygon","coordinates":[[[148.97856,-31.28378],[148.97872,-31.28414],[148.9787,-31.28554],[148.97856,-31.28378]]]}},{"type":"Feature","properties":{"OBJECTID":8711244,"PCTID":389,"PCTName":"Motherumbah - White Bloodwood - cypress pine very tall shrubland / woodland of the Coonabarabran region, Brigalow Belt South Bioregion","vegClass":"North-west Slopes Dry Sclerophyll Woodlands","vegForm":"Dry Sclerophyll Forests (Shrub/grass sub-formation)"},"geometry":{"type":"Polygon","coordinates":[[[149.04048,-31.2828],[149.04029,-31.28357],[149.03998,-31.2838],[149.0385,-31.28365],[149.03846,-31.28401],[149.03705,-31.28462],[149.03662,-31.28427],[149.03693,-31.28408],[149.03661,-31.28368],[149.03714,-31.28372],[149.03748,-31.28281],[149.03613,-31.28319],[149.03538,-31.28293],[149.03626,-31.28206],[149.03737,-31.2824],[149.03759,-31.28276],[149.03847,-31.28239],[149.03901,-31.28278],[149.03963,-31.28259],[149.04048,-31.2828]]]}},{"type":"Feature","properties":{"OBJECTID":8711245,"PCTID":393,"PCTName":"White Box shrubby woodland of the western Liverpool Range, Warrumbungle Range and south-west Pilliga forests, Brigalow Belt South Bioregion","vegClass":"North-west Slopes Dry Sclerophyll Woodlands","vegForm":"Dry Sclerophyll Forests (Shrub/grass sub-formation)"},"geometry":{"type":"Polygon","coordinates":[[[149.03547,-31.27955],[149.03678,-31.27971],[149.03706,-31.28033],[149.03769,-31.2805],[149.03787,-31.28145],[149.03688,-31.28178],[149.0363,-31.28156],[149.03588,-31.28157],[149.03583,-31.28184],[149.03468,-31.28177],[149.03327,-31.28247],[149.03323,-31.28306],[149.03271,-31.28302],[149.03089,-31.28396],[149.03053,-31.28446],[149.02865,-31.28476],[149.0288,-31.28449],[149.02832,-31.284],[149.0291,-31.2839],[149.02914,-31.28326],[149.03062,-31.28351],[149.03033,-31.28261],[149.03091,-31.28269],[149.03101,-31.28233],[149.03102,-31.28256],[149.03175,-31.28268],[149.03222,-31.2824],[149.03221,-31.28186],[149.0331,-31.28198],[149.03373,-31.28165],[149.0336,-31.28071],[149.0334,-31.28094],[149.03328,-31.28062],[149.03271,-31.28072],[149.03265,-31.28032],[149.03186,-31.28038],[149.03152,-31.2793],[149.03225,-31.27893],[149.03231,-31.27947],[149.0331,-31.27932],[149.03371,-31.27872],[149.03435,-31.27889],[149.03496,-31.2782],[149.03502,-31.27865],[149.03534,-31.27869],[149.03547,-31.27955]]]}},{"type":"Feature","properties":{"OBJECTID":8711248,"PCTID":0,"PCTName":"Not classified","vegClass":"Not classified","vegForm":"Not classified"},"geometry":{"type":"Polygon","coordinates":[[[148.9787,-31.28567],[148.9787,-31.28554],[148.97876,-31.28567],[148.9787,-31.28567]]]}},{"type":"Feature","properties":{"OBJECTID":8711251,"PCTID":78,"PCTName":"River Red Gum riparian tall woodland / open forest wetland in the Nandewar Bioregion and Brigalow Belt South Bioregion","vegClass":"Inland Riverine Forests","vegForm":"Forested Wetlands"},"geometry":{"type":"Polygon","coordinates":[[[148.99882,-31.28544],[148.99832,-31.28432],[148.99763,-31.28397],[148.99776,-31.28266],[148.99839,-31.28264],[148.99817,-31.28206],[148.99908,-31.28281],[148.99859,-31.2844],[148.99875,-31.2848],[148.99917,-31.28444],[148.99934,-31.2852],[148.99882,-31.28544]]]}},{"type":"Feature","properties":{"OBJECTID":8711252,"PCTID":385,"PCTName":"Warrumbungle trachyte hillcrest Tumbledown Red Gum - Black Cypress Pine - White Bloodwood shrubby woodland","vegClass":"North-west Slopes Dry Sclerophyll Woodlands","vegForm":"Dry Sclerophyll Forests (Shrub/grass sub-formation)"},"geometry":{"type":"Polygon","coordinates":[[[149.01445,-31.28409],[149.01403,-31.28419],[149.01392,-31.28388],[149.01282,-31.28412],[149.01199,-31.28468],[149.01169,-31.28527],[149.01095,-31.28528],[149.01147,-31.28491],[149.0114,-31.28424],[149.01255,-31.28363],[149.01196,-31.28341],[149.01195,-31.28287],[149.01142,-31.28266],[149.01152,-31.28238],[149.01221,-31.28264],[149.01264,-31.28327],[149.01322,-31.28303],[149.01365,-31.28348],[149.01449,-31.28351],[149.01445,-31.28409]]]}},{"type":"Feature","properties":{"OBJECTID":8711254,"PCTID":385,"PCTName":"Warrumbungle trachyte hillcrest Tumbledown Red Gum - Black Cypress Pine - White Bloodwood shrubby woodland","vegClass":"North-west Slopes Dry Sclerophyll Woodlands","vegForm":"Dry Sclerophyll Forests (Shrub/grass sub-formation)"},"geometry":{"type":"Polygon","coordinates":[[[149.03693,-31.28408],[149.03662,-31.28427],[149.03427,-31.28471],[149.03396,-31.28517],[149.03274,-31.28447],[149.03065,-31.28491],[149.03331,-31.28401],[149.03415,-31.28413],[149.03587,-31.28333],[149.03639,-31.28328],[149.03661,-31.28368],[149.03693,-31.28408]]]}},{"type":"Feature","properties":{"OBJECTID":8711256,"PCTID":389,"PCTName":"Motherumbah - White Bloodwood - cypress pine very tall shrubland / woodland of the Coonabarabran region, Brigalow Belt South Bioregion","vegClass":"North-west Slopes Dry Sclerophyll Woodlands","vegForm":"Dry Sclerophyll Forests (Shrub/grass sub-formation)"},"geometry":{"type":"Polygon","coordinates":[[[149.0308,-31.28468],[149.03049,-31.285],[149.02792,-31.28513],[149.02985,-31.28438],[149.03053,-31.28446],[149.03089,-31.28396],[149.03271,-31.28302],[149.03403,-31.28332],[149.03428,-31.28286],[149.03491,-31.28303],[149.03472,-31.28358],[149.03429,-31.28349],[149.03404,-31.28386],[149.03331,-31.28401],[149.0308,-31.28468]]]}},{"type":"Feature","properties":{"OBJECTID":8711258,"PCTID":0,"PCTName":"Not classified","vegClass":"Not classified","vegForm":"Not classified"},"geometry":{"type":"Polygon","coordinates":[[[148.97876,-31.28567],[148.97897,-31.28603],[148.97898,-31.28621],[148.97876,-31.28567]]]}},{"type":"Feature","properties":{"OBJECTID":8711261,"PCTID":393,"PCTName":"White Box shrubby woodland of the western Liverpool Range, Warrumbungle Range and south-west Pilliga forests, Brigalow Belt South Bioregion","vegClass":"North-west Slopes Dry Sclerophyll Woodlands","vegForm":"Dry Sclerophyll Forests (Shrub/grass sub-formation)"},"geometry":{"type":"Polygon","coordinates":[[[148.99085,-31.28606],[148.99032,-31.28589],[148.99078,-31.28516],[148.9912,-31.28547],[148.99085,-31.28606]]]}},{"type":"Feature","properties":{"OBJECTID":8711262,"PCTID":393,"PCTName":"White Box shrubby woodland of the western Liverpool Range, Warrumbungle Range and south-west Pilliga forests, Brigalow Belt South Bioregion","vegClass":"North-west Slopes Dry Sclerophyll Woodlands","vegForm":"Dry Sclerophyll Forests (Shrub/grass sub-formation)"},"geometry":{"type":"Polygon","coordinates":[[[149.01361,-31.28424],[149.01451,-31.28473],[149.01488,-31.28445],[149.01445,-31.28409],[149.01449,-31.28351],[149.01542,-31.283],[149.01629,-31.28442],[149.018,-31.2853],[149.01706,-31.28568],[149.0152,-31.28503],[149.01432,-31.28545],[149.0141,-31.28505],[149.01331,-31.28484],[149.01325,-31.28448],[149.01361,-31.28424]]]}},{"type":"Feature","properties":{"OBJECTID":8711264,"PCTID":379,"PCTName":"Inland Scribbly Gum - White Bloodwood - Red Stringybark - Black Cypress Pine shrubby sandstone woodland mainly of the Warrumbungle NP - Pilliga region in the Brigalow Belt South Bioregion","vegClass":"Western Slopes Dry Sclerophyll Forests","vegForm":"Dry Sclerophyll Forests (Shrubby sub-formation)"},"geometry":{"type":"Polygon","coordinates":[[[149.04072,-31.28442],[149.04204,-31.28436],[149.04163,-31.2849],[149.04043,-31.28538],[149.04072,-31.28442]]]}},{"type":"Feature","properties":{"OBJECTID":8711265,"PCTID":0,"PCTName":"Not classified","vegClass":"Not classified","vegForm":"Not classified"},"geometry":{"type":"Polygon","coordinates":[[[149.04331,-31.28492],[149.04222,-31.2853],[149.04215,-31.2849],[149.04258,-31.28502],[149.04277,-31.28443],[149.0433,-31.28425],[149.04331,-31.28492]]]}},{"type":"Feature","properties":{"OBJECTID":8711267,"PCTID":393,"PCTName":"White Box shrubby woodland of the western Liverpool Range, Warrumbungle Range and south-west Pilliga forests, Brigalow Belt South Bioregion","vegClass":"North-west Slopes Dry Sclerophyll Woodlands","vegForm":"Dry Sclerophyll Forests (Shrub/grass sub-formation)"},"geometry":{"type":"Polygon","coordinates":[[[149.00204,-31.28601],[149.00093,-31.2859],[149.00087,-31.28554],[149.00134,-31.28548],[149.00204,-31.28601]]]}},{"type":"Feature","properties":{"OBJECTID":8711269,"PCTID":385,"PCTName":"Warrumbungle trachyte hillcrest Tumbledown Red Gum - Black Cypress Pine - White Bloodwood shrubby woodland","vegClass":"North-west Slopes Dry Sclerophyll Woodlands","vegForm":"Dry Sclerophyll Forests (Shrub/grass sub-formation)"},"geometry":{"type":"Polygon","coordinates":[[[149.02875,-31.28467],[149.02792,-31.28509],[149.02814,-31.28531],[149.02578,-31.28571],[149.02608,-31.28516],[149.02672,-31.28529],[149.02718,-31.28479],[149.02781,-31.28468],[149.02806,-31.28423],[149.02859,-31.28436],[149.02875,-31.28467]]]}},{"type":"Feature","properties":{"OBJECTID":8711270,"PCTID":385,"PCTName":"Warrumbungle trachyte hillcrest Tumbledown Red Gum - Black Cypress Pine - White Bloodwood shrubby woodland","vegClass":"North-west Slopes Dry Sclerophyll Woodlands","vegForm":"Dry Sclerophyll Forests (Shrub/grass sub-formation)"},"geometry":{"type":"Polygon","coordinates":[[[148.97859,-31.28536],[148.97898,-31.28639],[148.97872,-31.28658],[148.97823,-31.28577],[148.9776,-31.28556],[148.97789,-31.28469],[148.97741,-31.28403],[148.97802,-31.28325],[148.97886,-31.28305],[148.97876,-31.28333],[148.97859,-31.28536]]]}},{"type":"Feature","properties":{"OBJECTID":8711278,"PCTID":393,"PCTName":"White Box shrubby woodland of the western Liverpool Range, Warrumbungle Range and south-west Pilliga forests, Brigalow Belt South Bioregion","vegClass":"North-west Slopes Dry Sclerophyll Woodlands","vegForm":"Dry Sclerophyll Forests (Shrub/grass sub-formation)"},"geometry":{"type":"Polygon","coordinates":[[[148.97573,-31.28644],[148.97563,-31.2869],[148.975,-31.28686],[148.97494,-31.28646],[148.97432,-31.28683],[148.974,-31.28656],[148.97498,-31.2861],[148.97573,-31.28644]]]}},{"type":"Feature","properties":{"OBJECTID":8711281,"PCTID":0,"PCTName":"Not classified","vegClass":"Not classified","vegForm":"Not classified"},"geometry":{"type":"Polygon","coordinates":[[[148.97898,-31.28621],[148.9792,-31.28661],[148.9792,-31.28688],[148.97898,-31.28621]]]}},{"type":"Feature","properties":{"OBJECTID":8711282,"PCTID":434,"PCTName":"White Box grass shrub hill woodland on clay to loam soils on volcanic and sedimentary hills in the southern Brigalow Belt South Bioregion","vegClass":"Western Slopes Grassy Woodlands","vegForm":"Grassy Woodlands"},"geometry":{"type":"Polygon","coordinates":[[[149.02014,-31.28499],[149.02021,-31.28544],[149.02084,-31.28566],[149.01985,-31.28622],[149.02001,-31.2859],[149.01952,-31.28554],[149.01863,-31.28542],[149.01935,-31.28483],[149.02014,-31.28499]]]}},{"type":"Feature","properties":{"OBJECTID":8711283,"PCTID":381,"PCTName":"Rough-barked Apple - Yellow Box grass/shrub footslope open forest, Brigalow Belt South Bioregion","vegClass":"North-west Slopes Dry Sclerophyll Woodlands","vegForm":"Dry Sclerophyll Forests (Shrub/grass sub-formation)"},"geometry":{"type":"Polygon","coordinates":[[[148.97982,-31.28633],[148.97951,-31.28638],[148.97957,-31.28688],[148.9792,-31.28688],[148.97864,-31.28531],[148.97861,-31.28374],[148.97905,-31.28246],[148.97948,-31.28277],[148.97907,-31.28328],[148.97929,-31.28381],[148.97899,-31.28432],[148.97981,-31.28561],[148.98028,-31.28578],[148.98024,-31.2861],[148.98108,-31.2864],[148.98078,-31.28699],[148.97982,-31.28633]]]}},{"type":"Feature","properties":{"OBJECTID":8711284,"PCTID":420,"PCTName":"Red Stringybark - Rough-barked Apple +/- Nortons Box open forest on hillslopes in the Warrumbungle NP - Coolah regions","vegClass":"Western Slopes Dry Sclerophyll Forests","vegForm":"Dry Sclerophyll Forests (Shrubby sub-formation)"},"geometry":{"type":"Polygon","coordinates":[[[148.98146,-31.28455],[148.9823,-31.28453],[148.98273,-31.28493],[148.98226,-31.28503],[148.98248,-31.28557],[148.98403,-31.28667],[148.98262,-31.28687],[148.98276,-31.28633],[148.98181,-31.28607],[148.98148,-31.28518],[148.98173,-31.2849],[148.98104,-31.28446],[148.97999,-31.28453],[148.97951,-31.28417],[148.97982,-31.28381],[148.9804,-31.28398],[148.98029,-31.28353],[148.98055,-31.28339],[148.98161,-31.28396],[148.98146,-31.28455]]]}},{"type":"Feature","properties":{"OBJECTID":8711285,"PCTID":379,"PCTName":"Inland Scribbly Gum - White Bloodwood - Red Stringybark - Black Cypress Pine shrubby sandstone woodland mainly of the Warrumbungle NP - Pilliga region in the Brigalow Belt South Bioregion","vegClass":"Western Slopes Dry Sclerophyll Forests","vegForm":"Dry Sclerophyll Forests (Shrubby sub-formation)"},"geometry":{"type":"Polygon","coordinates":[[[148.98859,-31.28605],[148.98803,-31.28688],[148.98634,-31.28636],[148.98664,-31.28595],[148.98785,-31.28602],[148.98859,-31.28605]]]}},{"type":"Feature","properties":{"OBJECTID":8711288,"PCTID":0,"PCTName":"Not classified","vegClass":"Not classified","vegForm":"Not classified"},"geometry":{"type":"Polygon","coordinates":[[[148.97915,-31.28698],[148.97916,-31.28707],[148.9791,-31.28707],[148.97915,-31.28698]]]}},{"type":"Feature","properties":{"OBJECTID":8711295,"PCTID":0,"PCTName":"Not classified","vegClass":"Not classified","vegForm":"Not classified"},"geometry":{"type":"Polygon","coordinates":[[[148.9791,-31.28707],[148.97911,-31.2872],[148.979,-31.28725],[148.9791,-31.28707]]]}},{"type":"Feature","properties":{"OBJECTID":8711301,"PCTID":0,"PCTName":"Not classified","vegClass":"Not classified","vegForm":"Not classified"},"geometry":{"type":"Polygon","coordinates":[[[148.979,-31.28725],[148.979,-31.28734],[148.9789,-31.28739],[148.979,-31.28725]]]}},{"type":"Feature","properties":{"OBJECTID":8711303,"PCTID":0,"PCTName":"Not classified","vegClass":"Not classified","vegForm":"Not classified"},"geometry":{"type":"Polygon","coordinates":[[[148.97349,-31.28756],[148.97349,-31.28752],[148.9737,-31.28756],[148.97349,-31.28756]]]}},{"type":"Feature","properties":{"OBJECTID":8711304,"PCTID":0,"PCTName":"Not classified","vegClass":"Not classified","vegForm":"Not classified"},"geometry":{"type":"Polygon","coordinates":[[[148.99697,-31.28474],[148.99673,-31.28357],[148.99702,-31.28479],[148.99623,-31.28715],[148.99697,-31.28474]]]}},{"type":"Feature","properties":{"OBJECTID":8711307,"PCTID":0,"PCTName":"Not classified","vegClass":"Not classified","vegForm":"Not classified"},"geometry":{"type":"Polygon","coordinates":[[[148.9737,-31.28761],[148.9737,-31.28756],[148.97397,-31.2876],[148.9737,-31.28761]]]}},{"type":"Feature","properties":{"OBJECTID":8711309,"PCTID":0,"PCTName":"Not classified","vegClass":"Not classified","vegForm":"Not classified"},"geometry":{"type":"Polygon","coordinates":[[[148.97397,-31.28765],[148.97397,-31.2876],[148.97423,-31.28764],[148.97397,-31.28765]]]}},{"type":"Feature","properties":{"OBJECTID":8711310,"PCTID":0,"PCTName":"Not classified","vegClass":"Not classified","vegForm":"Not classified"},"geometry":{"type":"Polygon","coordinates":[[[148.9789,-31.28739],[148.97885,-31.28752],[148.97869,-31.28757],[148.9789,-31.28739]]]}},{"type":"Feature","properties":{"OBJECTID":8711311,"PCTID":417,"PCTName":"Black Cypress Pine - Narrow-leaved Ironbark - red gum +/- White Bloodwood shrubby open forest on hills of the southern Pilliga, Coonabarabran and Garawilla regions, Brigalow Belt South Bioregion","vegClass":"Western Slopes Dry Sclerophyll Forests","vegForm":"Dry Sclerophyll Forests (Shrubby sub-formation)"},"geometry":{"type":"Polygon","coordinates":[[[148.98373,-31.28704],[148.98368,-31.2874],[148.98305,-31.2875],[148.9823,-31.28683],[148.98336,-31.28695],[148.98403,-31.28667],[148.98446,-31.28698],[148.98431,-31.28712],[148.98373,-31.28704]]]}},{"type":"Feature","properties":{"OBJECTID":8711312,"PCTID":393,"PCTName":"White Box shrubby woodland of the western Liverpool Range, Warrumbungle Range and south-west Pilliga forests, Brigalow Belt South Bioregion","vegClass":"North-west Slopes Dry Sclerophyll Woodlands","vegForm":"Dry Sclerophyll Forests (Shrub/grass sub-formation)"},"geometry":{"type":"Polygon","coordinates":[[[149.00919,-31.28608],[149.00987,-31.28611],[149.01012,-31.28538],[149.01112,-31.28564],[149.0114,-31.28631],[149.01078,-31.28695],[149.00973,-31.28679],[149.00926,-31.28707],[149.00888,-31.28653],[149.00919,-31.28608]]]}},{"type":"Feature","properties":{"OBJECTID":8711316,"PCTID":0,"PCTName":"Not classified","vegClass":"Not classified","vegForm":"Not classified"},"geometry":{"type":"Polygon","coordinates":[[[148.97423,-31.28764],[148.97454,-31.28764],[148.97476,-31.28772],[148.97423,-31.28764]]]}},{"type":"Feature","properties":{"OBJECTID":8711317,"PCTID":0,"PCTName":"Not classified","vegClass":"Not classified","vegForm":"Not classified"},"geometry":{"type":"Polygon","coordinates":[[[148.97869,-31.28757],[148.97864,-31.28766],[148.97854,-31.28766],[148.97869,-31.28757]]]}},{"type":"Feature","properties":{"OBJECTID":8711318,"PCTID":78,"PCTName":"River Red Gum riparian tall woodland / open forest wetland in the Nandewar Bioregion and Brigalow Belt South Bioregion","vegClass":"Inland Riverine Forests","vegForm":"Forested Wetlands"},"geometry":{"type":"Polygon","coordinates":[[[148.99886,-31.28733],[148.99833,-31.28675],[148.99889,-31.28607],[148.99932,-31.28646],[148.99886,-31.28733]]]}},{"type":"Feature","properties":{"OBJECTID":8711321,"PCTID":0,"PCTName":"Not classified","vegClass":"Not classified","vegForm":"Not classified"},"geometry":{"type":"Polygon","coordinates":[[[148.97476,-31.28777],[148.97476,-31.28772],[148.97491,-31.28777],[148.97476,-31.28777]]]}},{"type":"Feature","properties":{"OBJECTID":8711322,"PCTID":393,"PCTName":"White Box shrubby woodland of the western Liverpool Range, Warrumbungle Range and south-west Pilliga forests, Brigalow Belt South Bioregion","vegClass":"North-west Slopes Dry Sclerophyll Woodlands","vegForm":"Dry Sclerophyll Forests (Shrub/grass sub-formation)"},"geometry":{"type":"Polygon","coordinates":[[[149.03273,-31.28632],[149.03209,-31.28597],[149.03174,-31.28683],[149.03031,-31.28618],[149.03051,-31.28586],[149.03156,-31.28584],[149.03229,-31.28538],[149.03314,-31.2859],[149.03273,-31.28632]]]}},{"type":"Feature","properties":{"OBJECTID":8711323,"PCTID":0,"PCTName":"Not classified","vegClass":"Not classified","vegForm":"Not classified"},"geometry":{"type":"Polygon","coordinates":[[[148.97349,-31.28752],[148.9716,-31.28735],[148.9716,-31.28726],[148.97349,-31.28752]]]}},{"type":"Feature","properties":{"OBJECTID":8711324,"PCTID":0,"PCTName":"Not classified","vegClass":"Not classified","vegForm":"Not classified"},"geometry":{"type":"Polygon","coordinates":[[[148.97854,-31.28766],[148.97849,-31.28775],[148.97838,-31.28775],[148.97854,-31.28766]]]}},{"type":"Feature","properties":{"OBJECTID":8711326,"PCTID":0,"PCTName":"Not classified","vegClass":"Not classified","vegForm":"Not classified"},"geometry":{"type":"Polygon","coordinates":[[[148.99624,-31.28751],[148.99623,-31.28724],[148.99629,-31.28751],[148.99624,-31.28751]]]}},{"type":"Feature","properties":{"OBJECTID":8711332,"PCTID":0,"PCTName":"Not classified","vegClass":"Not classified","vegForm":"Not classified"},"geometry":{"type":"Polygon","coordinates":[[[148.97838,-31.28775],[148.97833,-31.28785],[148.97812,-31.28789],[148.97838,-31.28775]]]}},{"type":"Feature","properties":{"OBJECTID":8711333,"PCTID":0,"PCTName":"Not classified","vegClass":"Not classified","vegForm":"Not classified"},"geometry":{"type":"Polygon","coordinates":[[[148.97812,-31.28789],[148.97812,-31.28794],[148.97802,-31.28794],[148.97812,-31.28789]]]}},{"type":"Feature","properties":{"OBJECTID":8711334,"PCTID":385,"PCTName":"Warrumbungle trachyte hillcrest Tumbledown Red Gum - Black Cypress Pine - White Bloodwood shrubby woodland","vegClass":"North-west Slopes Dry Sclerophyll Woodlands","vegForm":"Dry Sclerophyll Forests (Shrub/grass sub-formation)"},"geometry":{"type":"Polygon","coordinates":[[[148.98668,-31.2878],[148.98621,-31.28781],[148.98547,-31.28741],[148.98689,-31.28744],[148.98668,-31.2878]]]}},{"type":"Feature","properties":{"OBJECTID":8711335,"PCTID":0,"PCTName":"Not classified","vegClass":"Not classified","vegForm":"Not classified"},"geometry":{"type":"Polygon","coordinates":[[[148.9963,-31.28764],[148.99629,-31.28751],[148.99635,-31.28764],[148.9963,-31.28764]]]}},{"type":"Feature","properties":{"OBJECTID":8711336,"PCTID":394,"PCTName":"Narrow-leaved Ironbark - White Cypress pine woodland on slopes and flats in the Coonabarabran - Pilliga Scrub regions","vegClass":"North-west Slopes Dry Sclerophyll Woodlands","vegForm":"Dry Sclerophyll Forests (Shrub/grass sub-formation)"},"geometry":{"type":"Polygon","coordinates":[[[148.97434,-31.28769],[148.97439,-31.28795],[148.97282,-31.28794],[148.9716,-31.28732],[148.97349,-31.28752],[148.97434,-31.28769]]]}},{"type":"Feature","properties":{"OBJECTID":8711337,"PCTID":0,"PCTName":"Not classified","vegClass":"Not classified","vegForm":"Not classified"},"geometry":{"type":"Polygon","coordinates":[[[148.97802,-31.28794],[148.97802,-31.28799],[148.97786,-31.28799],[148.97802,-31.28794]]]}},{"type":"Feature","properties":{"OBJECTID":8711338,"PCTID":417,"PCTName":"Black Cypress Pine - Narrow-leaved Ironbark - red gum +/- White Bloodwood shrubby open forest on hills of the southern Pilliga, Coonabarabran and Garawilla regions, Brigalow Belt South Bioregion","vegClass":"Western Slopes Dry Sclerophyll Forests","vegForm":"Dry Sclerophyll Forests (Shrubby sub-formation)"},"geometry":{"type":"Polygon","coordinates":[[[148.99623,-31.28715],[148.99692,-31.28723],[148.99682,-31.28768],[148.9964,-31.28769],[148.99623,-31.28715]]]}},{"type":"Feature","properties":{"OBJECTID":8711339,"PCTID":381,"PCTName":"Rough-barked Apple - Yellow Box grass/shrub footslope open forest, Brigalow Belt South Bioregion","vegClass":"North-west Slopes Dry Sclerophyll Woodlands","vegForm":"Dry Sclerophyll Forests (Shrub/grass sub-formation)"},"geometry":{"type":"Polygon","coordinates":[[[149.03816,-31.28699],[149.03772,-31.28619],[149.03663,-31.28679],[149.03594,-31.28658],[149.03602,-31.28554],[149.03524,-31.28564],[149.03528,-31.2851],[149.03325,-31.2859],[149.03239,-31.28538],[149.03156,-31.28584],[149.03056,-31.28581],[149.0314,-31.28548],[149.03175,-31.28484],[149.03274,-31.28451],[149.03396,-31.28517],[149.03484,-31.28452],[149.03521,-31.2847],[149.03678,-31.28426],[149.03705,-31.28462],[149.03846,-31.28401],[149.0385,-31.28365],[149.03998,-31.2838],[149.04048,-31.28298],[149.04025,-31.28218],[149.04078,-31.28217],[149.0409,-31.28307],[149.04171,-31.28364],[149.04177,-31.28405],[149.04077,-31.28402],[149.04005,-31.28493],[149.03875,-31.28518],[149.03881,-31.28554],[149.03938,-31.28544],[149.0395,-31.2862],[149.03858,-31.28703],[149.03816,-31.28699]]]}},{"type":"Feature","properties":{"OBJECTID":8711343,"PCTID":0,"PCTName":"Not classified","vegClass":"Not classified","vegForm":"Not classified"},"geometry":{"type":"Polygon","coordinates":[[[148.97587,-31.28802],[148.97491,-31.28777],[148.97666,-31.2881],[148.97587,-31.28802]]]}},{"type":"Feature","properties":{"OBJECTID":8711344,"PCTID":379,"PCTName":"Inland Scribbly Gum - White Bloodwood - Red Stringybark - Black Cypress Pine shrubby sandstone woodland mainly of the Warrumbungle NP - Pilliga region in the Brigalow Belt South Bioregion","vegClass":"Western Slopes Dry Sclerophyll Forests","vegForm":"Dry Sclerophyll Forests (Shrubby sub-formation)"},"geometry":{"type":"Polygon","coordinates":[[[148.9727,-31.28496],[148.97332,-31.28463],[148.97359,-31.28494],[148.97541,-31.28415],[148.97574,-31.28482],[148.97622,-31.28486],[148.97658,-31.28445],[148.97654,-31.28508],[148.97754,-31.28529],[148.97692,-31.28575],[148.9755,-31.28564],[148.97704,-31.2866],[148.97695,-31.28697],[148.97652,-31.28675],[148.97647,-31.28702],[148.97723,-31.28809],[148.9716,-31.28733],[148.9716,-31.28422],[148.9727,-31.28496]],[[148.974,-31.28656],[148.97432,-31.28683],[148.97494,-31.28646],[148.975,-31.28686],[148.97563,-31.2869],[148.97573,-31.28644],[148.97498,-31.2861],[148.974,-31.28656]]]}},{"type":"Feature","properties":{"OBJECTID":8711345,"PCTID":0,"PCTName":"Not classified","vegClass":"Not classified","vegForm":"Not classified"},"geometry":{"type":"Polygon","coordinates":[[[148.99635,-31.28778],[148.99635,-31.28764],[148.9964,-31.28769],[148.99635,-31.28778]]]}},{"type":"Feature","properties":{"OBJECTID":8711347,"PCTID":0,"PCTName":"Not classified","vegClass":"Not classified","vegForm":"Not classified"},"geometry":{"type":"Polygon","coordinates":[[[148.97666,-31.2881],[148.97786,-31.28799],[148.97723,-31.28813],[148.97666,-31.2881]]]}},{"type":"Feature","properties":{"OBJECTID":8711350,"PCTID":420,"PCTName":"Red Stringybark - Rough-barked Apple +/- Nortons Box open forest on hillslopes in the Warrumbungle NP - Coolah regions","vegClass":"Western Slopes Dry Sclerophyll Forests","vegForm":"Dry Sclerophyll Forests (Shrubby sub-formation)"},"geometry":{"type":"Polygon","coordinates":[[[149.04297,-31.28132],[149.04171,-31.28165],[149.04226,-31.28277],[149.04196,-31.28314],[149.04198,-31.28418],[149.04047,-31.28465],[149.03993,-31.28647],[149.03936,-31.28666],[149.03921,-31.2872],[149.03874,-31.28725],[149.03858,-31.28699],[149.0395,-31.2862],[149.03938,-31.28544],[149.03881,-31.28554],[149.03875,-31.28518],[149.04005,-31.28493],[149.04077,-31.28402],[149.04177,-31.28405],[149.04171,-31.28364],[149.0409,-31.28307],[149.04083,-31.28221],[149.0403,-31.28213],[149.04021,-31.28254],[149.03974,-31.28264],[149.03967,-31.28205],[149.03993,-31.28164],[149.0406,-31.28145],[149.0407,-31.28099],[149.04117,-31.28099],[149.04168,-31.28035],[149.04157,-31.28008],[149.04253,-31.28042],[149.04297,-31.28132]]]}},{"type":"Feature","properties":{"OBJECTID":8711353,"PCTID":389,"PCTName":"Motherumbah - White Bloodwood - cypress pine very tall shrubland / woodland of the Coonabarabran region, Brigalow Belt South Bioregion","vegClass":"North-west Slopes Dry Sclerophyll Woodlands","vegForm":"Dry Sclerophyll Forests (Shrub/grass sub-formation)"},"geometry":{"type":"Polygon","coordinates":[[[148.98442,-31.28039],[148.98528,-31.28124],[148.98628,-31.28117],[148.98679,-31.2808],[148.98727,-31.28098],[148.9866,-31.28162],[148.98592,-31.28154],[148.98556,-31.28191],[148.98472,-31.28201],[148.98452,-31.28247],[148.98635,-31.2823],[148.98662,-31.28266],[148.98741,-31.28273],[148.98726,-31.28305],[148.98753,-31.28327],[148.98816,-31.28326],[148.98849,-31.28384],[148.98835,-31.28461],[148.98758,-31.28562],[148.98796,-31.28593],[148.98633,-31.28618],[148.98755,-31.2867],[148.98804,-31.28737],[148.98747,-31.28761],[148.98751,-31.28706],[148.98668,-31.28753],[148.98562,-31.28732],[148.98547,-31.2875],[148.98616,-31.28799],[148.98606,-31.28826],[148.98496,-31.28819],[148.98516,-31.28764],[148.98468,-31.28756],[148.98403,-31.28658],[148.98248,-31.28557],[148.98226,-31.28503],[148.98273,-31.28493],[148.98199,-31.28436],[148.98146,-31.28455],[148.98176,-31.28368],[148.98118,-31.2836],[148.98057,-31.28221],[148.97978,-31.28214],[148.98009,-31.28164],[148.9796,-31.28124],[148.97965,-31.28074],[148.98011,-31.28037],[148.97941,-31.27957],[148.97999,-31.27947],[148.98052,-31.27996],[148.98033,-31.28086],[148.98086,-31.28108],[148.98071,-31.28122],[148.98175,-31.28093],[148.98169,-31.28044],[148.98247,-31.2802],[148.98251,-31.27975],[148.98219,-31.27953],[148.9824,-31.27934],[148.98298,-31.27938],[148.98346,-31.27982],[148.9843,-31.27963],[148.98478,-31.28012],[148.98442,-31.28039]]]}},{"type":"Feature","properties":{"OBJECTID":8711355,"PCTID":420,"PCTName":"Red Stringybark - Rough-barked Apple +/- Nortons Box open forest on hillslopes in the Warrumbungle NP - Coolah regions","vegClass":"Western Slopes Dry Sclerophyll Forests","vegForm":"Dry Sclerophyll Forests (Shrubby sub-formation)"},"geometry":{"type":"Polygon","coordinates":[[[148.98516,-31.28764],[148.98491,-31.28824],[148.98343,-31.28799],[148.98367,-31.28708],[148.98431,-31.28712],[148.98516,-31.28764]]]}},{"type":"Feature","properties":{"OBJECTID":8711356,"PCTID":385,"PCTName":"Warrumbungle trachyte hillcrest Tumbledown Red Gum - Black Cypress Pine - White Bloodwood shrubby woodland","vegClass":"North-west Slopes Dry Sclerophyll Woodlands","vegForm":"Dry Sclerophyll Forests (Shrub/grass sub-formation)"},"geometry":{"type":"Polygon","coordinates":[[[148.98769,-31.28832],[148.98722,-31.28811],[148.98747,-31.28761],[148.98789,-31.28764],[148.98804,-31.28724],[148.98772,-31.28688],[148.98834,-31.28664],[148.98859,-31.28601],[148.98911,-31.28596],[148.98876,-31.28646],[148.98929,-31.28672],[148.98769,-31.28832]]]}},{"type":"Feature","properties":{"OBJECTID":8711357,"PCTID":437,"PCTName":"Yellow Box grassy woodland on lower hillslopes and valley flats in the southern NSW Brigalow Belt South Bioregion","vegClass":"Western Slopes Grassy Woodlands","vegForm":"Grassy Woodlands"},"geometry":{"type":"Polygon","coordinates":[[[148.99383,-31.28768],[148.99428,-31.28695],[148.99493,-31.28762],[148.99484,-31.28821],[148.99383,-31.28768]]]}},{"type":"Feature","properties":{"OBJECTID":8711358,"PCTID":420,"PCTName":"Red Stringybark - Rough-barked Apple +/- Nortons Box open forest on hillslopes in the Warrumbungle NP - Coolah regions","vegClass":"Western Slopes Dry Sclerophyll Forests","vegForm":"Dry Sclerophyll Forests (Shrubby sub-formation)"},"geometry":{"type":"Polygon","coordinates":[[[148.98722,-31.28811],[148.98596,-31.28831],[148.98616,-31.28799],[148.98584,-31.28772],[148.98668,-31.2878],[148.98689,-31.28739],[148.98741,-31.28725],[148.98725,-31.28707],[148.98756,-31.28711],[148.98747,-31.28761],[148.98722,-31.28811]]]}},{"type":"Feature","properties":{"OBJECTID":8711359,"PCTID":0,"PCTName":"Not classified","vegClass":"Not classified","vegForm":"Not classified"},"geometry":{"type":"Polygon","coordinates":[[[148.99668,-31.28827],[148.99641,-31.28791],[148.9964,-31.28778],[148.99668,-31.28827]]]}},{"type":"Feature","properties":{"OBJECTID":8711360,"PCTID":78,"PCTName":"River Red Gum riparian tall woodland / open forest wetland in the Nandewar Bioregion and Brigalow Belt South Bioregion","vegClass":"Inland Riverine Forests","vegForm":"Forested Wetlands"},"geometry":{"type":"Polygon","coordinates":[[[149.00921,-31.28711],[149.00863,-31.28685],[149.00843,-31.28731],[149.00922,-31.2877],[149.00907,-31.28806],[149.00817,-31.28785],[149.00769,-31.28736],[149.0083,-31.28641],[149.00756,-31.28624],[149.00717,-31.28521],[149.00638,-31.28504],[149.00599,-31.28428],[149.00352,-31.28405],[149.00323,-31.28293],[149.00404,-31.28377],[149.00525,-31.28375],[149.00536,-31.28411],[149.00583,-31.28388],[149.00653,-31.28477],[149.00737,-31.2848],[149.00888,-31.28653],[149.00921,-31.28711]]]}},{"type":"Feature","properties":{"OBJECTID":8711362,"PCTID":0,"PCTName":"Not classified","vegClass":"Not classified","vegForm":"Not classified"},"geometry":{"type":"Polygon","coordinates":[[[148.99668,-31.2884],[148.99668,-31.28831],[148.99673,-31.2884],[148.99668,-31.2884]]]}},{"type":"Feature","properties":{"OBJECTID":8711363,"PCTID":393,"PCTName":"White Box shrubby woodland of the western Liverpool Range, Warrumbungle Range and south-west Pilliga forests, Brigalow Belt South Bioregion","vegClass":"North-west Slopes Dry Sclerophyll Woodlands","vegForm":"Dry Sclerophyll Forests (Shrub/grass sub-formation)"},"geometry":{"type":"Polygon","coordinates":[[[149.00681,-31.28774],[149.00671,-31.28819],[149.00591,-31.28757],[149.00622,-31.28734],[149.00681,-31.28774]]]}},{"type":"Feature","properties":{"OBJECTID":8711369,"PCTID":0,"PCTName":"Not classified","vegClass":"Not classified","vegForm":"Not classified"},"geometry":{"type":"Polygon","coordinates":[[[148.99674,-31.28849],[148.99673,-31.2884],[148.99679,-31.28849],[148.99674,-31.28849]]]}},{"type":"Feature","properties":{"OBJECTID":8711372,"PCTID":0,"PCTName":"Not classified","vegClass":"Not classified","vegForm":"Not classified"},"geometry":{"type":"Polygon","coordinates":[[[148.99679,-31.28858],[148.99679,-31.28849],[148.99684,-31.28858],[148.99679,-31.28858]]]}},{"type":"Feature","properties":{"OBJECTID":8711375,"PCTID":385,"PCTName":"Warrumbungle trachyte hillcrest Tumbledown Red Gum - Black Cypress Pine - White Bloodwood shrubby woodland","vegClass":"North-west Slopes Dry Sclerophyll Woodlands","vegForm":"Dry Sclerophyll Forests (Shrub/grass sub-formation)"},"geometry":{"type":"Polygon","coordinates":[[[148.98011,-31.28037],[148.9796,-31.28115],[148.98009,-31.28164],[148.97978,-31.28214],[148.98016,-31.2824],[148.97981,-31.28345],[148.9805,-31.2837],[148.9804,-31.28398],[148.97966,-31.28385],[148.97957,-31.28426],[148.97999,-31.28453],[148.98104,-31.28446],[148.98173,-31.2849],[148.98148,-31.28518],[148.98181,-31.28607],[148.98276,-31.28633],[148.98231,-31.2871],[148.98331,-31.28745],[148.98343,-31.28799],[148.98438,-31.28833],[148.98554,-31.28813],[148.98585,-31.28826],[148.98581,-31.28858],[148.98419,-31.28888],[148.98344,-31.28853],[148.98338,-31.28799],[148.98096,-31.28789],[148.98159,-31.2877],[148.98179,-31.28725],[148.98078,-31.28704],[148.98108,-31.2864],[148.98024,-31.2861],[148.98028,-31.28578],[148.97981,-31.28561],[148.97899,-31.28432],[148.97929,-31.28381],[148.97907,-31.28328],[148.97948,-31.28273],[148.97862,-31.28166],[148.97832,-31.28036],[148.97865,-31.28085],[148.97896,-31.28075],[148.97888,-31.27935],[148.97941,-31.27957],[148.98011,-31.28037]]]}},{"type":"Feature","properties":{"OBJECTID":8711376,"PCTID":0,"PCTName":"Not classified","vegClass":"Not classified","vegForm":"Not classified"},"geometry":{"type":"Polygon","coordinates":[[[148.99684,-31.28867],[148.99684,-31.28858],[148.9969,-31.28867],[148.99684,-31.28867]]]}},{"type":"Feature","properties":{"OBJECTID":8711382,"PCTID":379,"PCTName":"Inland Scribbly Gum - White Bloodwood - Red Stringybark - Black Cypress Pine shrubby sandstone woodland mainly of the Warrumbungle NP - Pilliga region in the Brigalow Belt South Bioregion","vegClass":"Western Slopes Dry Sclerophyll Forests","vegForm":"Dry Sclerophyll Forests (Shrubby sub-formation)"},"geometry":{"type":"Polygon","coordinates":[[[149.0139,-31.28776],[149.01392,-31.28862],[149.01239,-31.28828],[149.01263,-31.28737],[149.01337,-31.28745],[149.0139,-31.28776]]]}},{"type":"Feature","properties":{"OBJECTID":8711386,"PCTID":0,"PCTName":"Not classified","vegClass":"Not classified","vegForm":"Not classified"},"geometry":{"type":"Polygon","coordinates":[[[148.9969,-31.28881],[148.9969,-31.28867],[148.99706,-31.28898],[148.9969,-31.28881]]]}},{"type":"Feature","properties":{"OBJECTID":8711389,"PCTID":393,"PCTName":"White Box shrubby woodland of the western Liverpool Range, Warrumbungle Range and south-west Pilliga forests, Brigalow Belt South Bioregion","vegClass":"North-west Slopes Dry Sclerophyll Woodlands","vegForm":"Dry Sclerophyll Forests (Shrub/grass sub-formation)"},"geometry":{"type":"Polygon","coordinates":[[[148.99607,-31.28909],[148.99606,-31.28905],[148.99612,-31.28909],[148.99607,-31.28909]]]}},{"type":"Feature","properties":{"OBJECTID":8711391,"PCTID":379,"PCTName":"Inland Scribbly Gum - White Bloodwood - Red Stringybark - Black Cypress Pine shrubby sandstone woodland mainly of the Warrumbungle NP - Pilliga region in the Brigalow Belt South Bioregion","vegClass":"Western Slopes Dry Sclerophyll Forests","vegForm":"Dry Sclerophyll Forests (Shrubby sub-formation)"},"geometry":{"type":"Polygon","coordinates":[[[149.03175,-31.28484],[149.0314,-31.28548],[149.03066,-31.28558],[149.03041,-31.28595],[149.02957,-31.28583],[149.03027,-31.2869],[149.02967,-31.2879],[149.02989,-31.28853],[149.02937,-31.28858],[149.02904,-31.28827],[149.02908,-31.28769],[149.02965,-31.28709],[149.02927,-31.28683],[149.02936,-31.28601],[149.02852,-31.28603],[149.02849,-31.28684],[149.02796,-31.28694],[149.02754,-31.28695],[149.02727,-31.28645],[149.02712,-31.28677],[149.02543,-31.28666],[149.02527,-31.28626],[149.02526,-31.28599],[149.0263,-31.28557],[149.03274,-31.28451],[149.03175,-31.28484]]]}},{"type":"Feature","properties":{"OBJECTID":8711396,"PCTID":393,"PCTName":"White Box shrubby woodland of the western Liverpool Range, Warrumbungle Range and south-west Pilliga forests, Brigalow Belt South Bioregion","vegClass":"North-west Slopes Dry Sclerophyll Woodlands","vegForm":"Dry Sclerophyll Forests (Shrub/grass sub-formation)"},"geometry":{"type":"Polygon","coordinates":[[[149.02238,-31.28861],[149.02122,-31.28836],[149.0206,-31.28887],[149.02017,-31.28838],[149.02089,-31.28805],[149.02164,-31.28831],[149.02331,-31.28805],[149.02238,-31.28861]]]}},{"type":"Feature","properties":{"OBJECTID":8711398,"PCTID":385,"PCTName":"Warrumbungle trachyte hillcrest Tumbledown Red Gum - Black Cypress Pine - White Bloodwood shrubby woodland","vegClass":"North-west Slopes Dry Sclerophyll Woodlands","vegForm":"Dry Sclerophyll Forests (Shrub/grass sub-formation)"},"geometry":{"type":"Polygon","coordinates":[[[148.98908,-31.28907],[148.98939,-31.28879],[148.98986,-31.28892],[148.98992,-31.28937],[148.98908,-31.28907]]]}},{"type":"Feature","properties":{"OBJECTID":8711402,"PCTID":417,"PCTName":"Black Cypress Pine - Narrow-leaved Ironbark - red gum +/- White Bloodwood shrubby open forest on hills of the southern Pilliga, Coonabarabran and Garawilla regions, Brigalow Belt South Bioregion","vegClass":"Western Slopes Dry Sclerophyll Forests","vegForm":"Dry Sclerophyll Forests (Shrubby sub-formation)"},"geometry":{"type":"Polygon","coordinates":[[[148.97837,-31.28947],[148.97874,-31.28955],[148.97832,-31.2897],[148.9781,-31.2892],[148.97872,-31.28888],[148.97837,-31.28947]]]}},{"type":"Feature","properties":{"OBJECTID":8711409,"PCTID":393,"PCTName":"White Box shrubby woodland of the western Liverpool Range, Warrumbungle Range and south-west Pilliga forests, Brigalow Belt South Bioregion","vegClass":"North-west Slopes Dry Sclerophyll Woodlands","vegForm":"Dry Sclerophyll Forests (Shrub/grass sub-formation)"},"geometry":{"type":"Polygon","coordinates":[[[148.9894,-31.28717],[148.98926,-31.28776],[148.98889,-31.2879],[148.98907,-31.28866],[148.98772,-31.28959],[148.98709,-31.28969],[148.98582,-31.28894],[148.98585,-31.28826],[148.98727,-31.28811],[148.98769,-31.28832],[148.98929,-31.28672],[148.98982,-31.28694],[148.98972,-31.2873],[148.9894,-31.28717]]]}},{"type":"Feature","properties":{"OBJECTID":8711410,"PCTID":393,"PCTName":"White Box shrubby woodland of the western Liverpool Range, Warrumbungle Range and south-west Pilliga forests, Brigalow Belt South Bioregion","vegClass":"North-west Slopes Dry Sclerophyll Woodlands","vegForm":"Dry Sclerophyll Forests (Shrub/grass sub-formation)"},"geometry":{"type":"Polygon","coordinates":[[[148.98463,-31.28973],[148.9841,-31.28951],[148.98368,-31.2897],[148.98282,-31.28895],[148.98198,-31.28873],[148.9817,-31.28806],[148.98338,-31.28799],[148.98344,-31.28853],[148.98434,-31.28888],[148.98463,-31.28973]]]}},{"type":"Feature","properties":{"OBJECTID":8711415,"PCTID":393,"PCTName":"White Box shrubby woodland of the western Liverpool Range, Warrumbungle Range and south-west Pilliga forests, Brigalow Belt South Bioregion","vegClass":"North-west Slopes Dry Sclerophyll Woodlands","vegForm":"Dry Sclerophyll Forests (Shrub/grass sub-formation)"},"geometry":{"type":"Polygon","coordinates":[[[149.01301,-31.28561],[149.01292,-31.28633],[149.01434,-31.28631],[149.01515,-31.28738],[149.01646,-31.28717],[149.01672,-31.28685],[149.0174,-31.28693],[149.01746,-31.2872],[149.01605,-31.28745],[149.01559,-31.28836],[149.0148,-31.28819],[149.01441,-31.2873],[149.01263,-31.28737],[149.01239,-31.28828],[149.01402,-31.28861],[149.01445,-31.28901],[149.01415,-31.28938],[149.01283,-31.2894],[149.01208,-31.2886],[149.01166,-31.28861],[149.01195,-31.28729],[149.01151,-31.28644],[149.0119,-31.28535],[149.01264,-31.28534],[149.01301,-31.28561]]]}},{"type":"Feature","properties":{"OBJECTID":8711416,"PCTID":379,"PCTName":"Inland Scribbly Gum - White Bloodwood - Red Stringybark - Black Cypress Pine shrubby sandstone woodland mainly of the Warrumbungle NP - Pilliga region in the Brigalow Belt South Bioregion","vegClass":"Western Slopes Dry Sclerophyll Forests","vegForm":"Dry Sclerophyll Forests (Shrubby sub-formation)"},"geometry":{"type":"Polygon","coordinates":[[[148.9899,-31.28806],[148.98878,-31.28984],[148.98803,-31.28927],[148.98907,-31.28866],[148.98889,-31.2879],[148.98926,-31.28776],[148.9894,-31.28717],[148.98972,-31.2873],[148.9899,-31.28806]]]}},{"type":"Feature","properties":{"OBJECTID":8711418,"PCTID":379,"PCTName":"Inland Scribbly Gum - White Bloodwood - Red Stringybark - Black Cypress Pine shrubby sandstone woodland mainly of the Warrumbungle NP - Pilliga region in the Brigalow Belt South Bioregion","vegClass":"Western Slopes Dry Sclerophyll Forests","vegForm":"Dry Sclerophyll Forests (Shrubby sub-formation)"},"geometry":{"type":"Polygon","coordinates":[[[148.97377,-31.28806],[148.97439,-31.28795],[148.97434,-31.28769],[148.97723,-31.28813],[148.97709,-31.28886],[148.97673,-31.28905],[148.97689,-31.2894],[148.97575,-31.2901],[148.97547,-31.28925],[148.9739,-31.2895],[148.97289,-31.28897],[148.97245,-31.28817],[148.9716,-31.28818],[148.9716,-31.28741],[148.97377,-31.28806]]]}},{"type":"Feature","properties":{"OBJECTID":8711421,"PCTID":389,"PCTName":"Motherumbah - White Bloodwood - cypress pine very tall shrubland / woodland of the Coonabarabran region, Brigalow Belt South Bioregion","vegClass":"North-west Slopes Dry Sclerophyll Woodlands","vegForm":"Dry Sclerophyll Forests (Shrub/grass sub-formation)"},"geometry":{"type":"Polygon","coordinates":[[[148.99113,-31.28922],[148.99114,-31.28989],[148.98941,-31.28988],[148.98908,-31.28911],[148.98992,-31.28937],[148.99113,-31.28922]]]}},{"type":"Feature","properties":{"OBJECTID":8711424,"PCTID":379,"PCTName":"Inland Scribbly Gum - White Bloodwood - Red Stringybark - Black Cypress Pine shrubby sandstone woodland mainly of the Warrumbungle NP - Pilliga region in the Brigalow Belt South Bioregion","vegClass":"Western Slopes Dry Sclerophyll Forests","vegForm":"Dry Sclerophyll Forests (Shrubby sub-formation)"},"geometry":{"type":"Polygon","coordinates":[[[148.98536,-31.28954],[148.98568,-31.28989],[148.98516,-31.29008],[148.98468,-31.28995],[148.98434,-31.28888],[148.98576,-31.28858],[148.98592,-31.28899],[148.98536,-31.28954]]]}},{"type":"Feature","properties":{"OBJECTID":8711427,"PCTID":417,"PCTName":"Black Cypress Pine - Narrow-leaved Ironbark - red gum +/- White Bloodwood shrubby open forest on hills of the southern Pilliga, Coonabarabran and Garawilla regions, Brigalow Belt South Bioregion","vegClass":"Western Slopes Dry Sclerophyll Forests","vegForm":"Dry Sclerophyll Forests (Shrubby sub-formation)"},"geometry":{"type":"Polygon","coordinates":[[[148.9912,-31.28547],[148.99078,-31.28516],[148.99032,-31.28589],[148.99075,-31.28611],[148.991,-31.2857],[148.99132,-31.28574],[148.99138,-31.2865],[148.99202,-31.28672],[148.99156,-31.28731],[148.99178,-31.28785],[148.99246,-31.28748],[148.99288,-31.28765],[148.99269,-31.28838],[148.9911,-31.28791],[148.99033,-31.28851],[148.99044,-31.289],[148.99201,-31.2888],[148.99224,-31.28938],[148.99141,-31.29002],[148.99115,-31.28994],[148.99113,-31.28922],[148.98992,-31.28937],[148.98986,-31.28892],[148.98939,-31.28875],[148.9899,-31.28806],[148.98982,-31.28694],[148.98876,-31.28646],[148.98911,-31.28596],[148.98791,-31.28616],[148.98795,-31.28579],[148.98758,-31.28571],[148.98835,-31.28461],[148.98828,-31.28412],[148.98932,-31.28352],[148.98985,-31.28351],[148.99007,-31.28404],[148.99054,-31.28408],[148.9905,-31.28453],[148.99097,-31.28444],[148.9912,-31.28547]]]}},{"type":"Feature","properties":{"OBJECTID":8711428,"PCTID":379,"PCTName":"Inland Scribbly Gum - White Bloodwood - Red Stringybark - Black Cypress Pine shrubby sandstone woodland mainly of the Warrumbungle NP - Pilliga region in the Brigalow Belt South Bioregion","vegClass":"Western Slopes Dry Sclerophyll Forests","vegForm":"Dry Sclerophyll Forests (Shrubby sub-formation)"},"geometry":{"type":"Polygon","coordinates":[[[149.04267,-31.28904],[149.04298,-31.2889],[149.04309,-31.28917],[149.04267,-31.28904]]]}},{"type":"Feature","properties":{"OBJECTID":8711431,"PCTID":379,"PCTName":"Inland Scribbly Gum - White Bloodwood - Red Stringybark - Black Cypress Pine shrubby sandstone woodland mainly of the Warrumbungle NP - Pilliga region in the Brigalow Belt South Bioregion","vegClass":"Western Slopes Dry Sclerophyll Forests","vegForm":"Dry Sclerophyll Forests (Shrubby sub-formation)"},"geometry":{"type":"Polygon","coordinates":[[[149.03563,-31.2892],[149.03374,-31.28923],[149.03499,-31.28872],[149.03604,-31.2887],[149.03563,-31.2892]]]}},{"type":"Feature","properties":{"OBJECTID":8711432,"PCTID":393,"PCTName":"White Box shrubby woodland of the western Liverpool Range, Warrumbungle Range and south-west Pilliga forests, Brigalow Belt South Bioregion","vegClass":"North-west Slopes Dry Sclerophyll Woodlands","vegForm":"Dry Sclerophyll Forests (Shrub/grass sub-formation)"},"geometry":{"type":"Polygon","coordinates":[[[148.99444,-31.27721],[148.99413,-31.27784],[148.99456,-31.27797],[148.99463,-31.27901],[148.99613,-31.2802],[148.99605,-31.28087],[148.99656,-31.2806],[148.99667,-31.28105],[148.99709,-31.28095],[148.99742,-31.28153],[148.99827,-31.28179],[148.99807,-31.2822],[148.99839,-31.28264],[148.99776,-31.28266],[148.99763,-31.28397],[148.99832,-31.28432],[148.99882,-31.28544],[148.99939,-31.2852],[148.99963,-31.28628],[148.99926,-31.28647],[148.99889,-31.28607],[148.99832,-31.28657],[148.9985,-31.2877],[148.99783,-31.28816],[148.99822,-31.28924],[148.99808,-31.29009],[148.99713,-31.28957],[148.99673,-31.28831],[148.99707,-31.28952],[148.99484,-31.28825],[148.99493,-31.28762],[148.99444,-31.28695],[148.99377,-31.28764],[148.99191,-31.28654],[148.99125,-31.28529],[148.99059,-31.28169],[148.99017,-31.28129],[148.98795,-31.2807],[148.98841,-31.28033],[148.98879,-31.28077],[148.99011,-31.28111],[148.99088,-31.28056],[148.99158,-31.28091],[148.99199,-31.28063],[148.99268,-31.28089],[148.99315,-31.2807],[148.99303,-31.2803],[148.99334,-31.28011],[148.99307,-31.27966],[148.99245,-31.27985],[148.99139,-31.2796],[148.99168,-31.27865],[148.99099,-31.27825],[148.99102,-31.27735],[148.99056,-31.27763],[148.99067,-31.27803],[148.99024,-31.27754],[148.98966,-31.27764],[148.98957,-31.27796],[148.98898,-31.27779],[148.98852,-31.27825],[148.98804,-31.27799],[148.98759,-31.27867],[148.98669,-31.27841],[148.98694,-31.27819],[148.98678,-31.27778],[148.9872,-31.27791],[148.99221,-31.27656],[148.9929,-31.27669],[148.99444,-31.27721]],[[148.99578,-31.28314],[148.99619,-31.28337],[148.99583,-31.28305],[148.996,-31.28129],[148.99578,-31.28314]],[[148.99695,-31.28411],[148.99618,-31.28701],[148.99642,-31.28769],[148.99682,-31.28768],[148.99692,-31.28723],[148.99623,-31.28706],[148.997,-31.28407],[148.99688,-31.28396],[148.99695,-31.28411]],[[148.99149,-31.2819],[148.99198,-31.28239],[148.99244,-31.2822],[148.99261,-31.28274],[148.99324,-31.28255],[148.99352,-31.28318],[148.99393,-31.28303],[148.99365,-31.28218],[148.99276,-31.2822],[148.99295,-31.28147],[148.99184,-31.28117],[148.99149,-31.2819]]]}},{"type":"Feature","properties":{"OBJECTID":8711444,"PCTID":389,"PCTName":"Motherumbah - White Bloodwood - cypress pine very tall shrubland / woodland of the Coonabarabran region, Brigalow Belt South Bioregion","vegClass":"North-west Slopes Dry Sclerophyll Woodlands","vegForm":"Dry Sclerophyll Forests (Shrub/grass sub-formation)"},"geometry":{"type":"Polygon","coordinates":[[[148.97849,-31.29028],[148.97874,-31.28951],[148.97837,-31.28942],[148.97898,-31.28887],[148.97905,-31.28955],[148.97937,-31.28977],[148.97876,-31.29064],[148.97849,-31.29028]]]}},{"type":"Feature","properties":{"OBJECTID":8711448,"PCTID":434,"PCTName":"White Box grass shrub hill woodland on clay to loam soils on volcanic and sedimentary hills in the southern Brigalow Belt South Bioregion","vegClass":"Western Slopes Grassy Woodlands","vegForm":"Grassy Woodlands"},"geometry":{"type":"Polygon","coordinates":[[[149.0176,-31.28873],[149.0184,-31.28922],[149.01826,-31.29021],[149.01689,-31.29001],[149.01669,-31.29024],[149.01621,-31.28998],[149.01678,-31.28956],[149.01804,-31.28945],[149.01696,-31.28843],[149.0155,-31.28895],[149.01471,-31.28874],[149.01385,-31.28767],[149.01337,-31.28754],[149.01368,-31.28718],[149.01441,-31.2873],[149.0148,-31.28819],[149.01559,-31.28836],[149.01605,-31.28745],[149.01699,-31.2873],[149.0176,-31.28873]]]}},{"type":"Feature","properties":{"OBJECTID":8711449,"PCTID":84,"PCTName":"River Oak - Rough-barked Apple - red gum - box riparian tall woodland (wetland) of the Brigalow Belt South Bioregion and Nandewar Bioregion","vegClass":"Eastern Riverine Forests","vegForm":"Forested Wetlands"},"geometry":{"type":"Polygon","coordinates":[[[148.99831,-31.28847],[148.99858,-31.28864],[148.99827,-31.28896],[148.99859,-31.28909],[148.99855,-31.28973],[148.99908,-31.28999],[148.99909,-31.29062],[148.99809,-31.29014],[148.99822,-31.28924],[148.99783,-31.28825],[148.9985,-31.2877],[148.99838,-31.28689],[148.99875,-31.28693],[148.99876,-31.28733],[148.99831,-31.28847]]]}},{"type":"Feature","properties":{"OBJECTID":8711450,"PCTID":393,"PCTName":"White Box shrubby woodland of the western Liverpool Range, Warrumbungle Range and south-west Pilliga forests, Brigalow Belt South Bioregion","vegClass":"North-west Slopes Dry Sclerophyll Woodlands","vegForm":"Dry Sclerophyll Forests (Shrub/grass sub-formation)"},"geometry":{"type":"Polygon","coordinates":[[[149.02707,-31.28912],[149.02676,-31.28962],[149.02688,-31.2902],[149.02554,-31.28914],[149.02558,-31.28869],[149.02648,-31.28886],[149.02658,-31.28845],[149.02707,-31.28912]]]}},{"type":"Feature","properties":{"OBJECTID":8711457,"PCTID":393,"PCTName":"White Box shrubby woodland of the western Liverpool Range, Warrumbungle Range and south-west Pilliga forests, Brigalow Belt South Bioregion","vegClass":"North-west Slopes Dry Sclerophyll Woodlands","vegForm":"Dry Sclerophyll Forests (Shrub/grass sub-formation)"},"geometry":{"type":"Polygon","coordinates":[[[149.04248,-31.28976],[149.04189,-31.28941],[149.0418,-31.29009],[149.04051,-31.28898],[149.0432,-31.2893],[149.04248,-31.28976]]]}},{"type":"Feature","properties":{"OBJECTID":8711458,"PCTID":389,"PCTName":"Motherumbah - White Bloodwood - cypress pine very tall shrubland / woodland of the Coonabarabran region, Brigalow Belt South Bioregion","vegClass":"North-west Slopes Dry Sclerophyll Woodlands","vegForm":"Dry Sclerophyll Forests (Shrub/grass sub-formation)"},"geometry":{"type":"Polygon","coordinates":[[[148.98198,-31.28873],[148.98282,-31.28895],[148.98368,-31.2897],[148.9841,-31.28951],[148.98516,-31.29008],[148.98568,-31.28989],[148.98536,-31.28954],[148.98592,-31.28899],[148.98709,-31.28969],[148.9883,-31.28935],[148.98878,-31.28993],[148.9881,-31.29012],[148.98821,-31.29044],[148.9878,-31.29058],[148.98636,-31.28988],[148.9857,-31.2907],[148.98502,-31.29094],[148.98433,-31.29068],[148.98108,-31.29091],[148.98055,-31.29061],[148.98013,-31.2907],[148.98045,-31.29101],[148.98024,-31.29115],[148.97971,-31.29062],[148.98003,-31.28872],[148.98097,-31.28843],[148.98117,-31.28793],[148.9817,-31.28811],[148.98198,-31.28873]]]}},{"type":"Feature","properties":{"OBJECTID":8711459,"PCTID":393,"PCTName":"White Box shrubby woodland of the western Liverpool Range, Warrumbungle Range and south-west Pilliga forests, Brigalow Belt South Bioregion","vegClass":"North-west Slopes Dry Sclerophyll Woodlands","vegForm":"Dry Sclerophyll Forests (Shrub/grass sub-formation)"},"geometry":{"type":"Polygon","coordinates":[[[148.99967,-31.2907],[149.00008,-31.2902],[148.99961,-31.28998],[148.99954,-31.28957],[149.00027,-31.28902],[148.99926,-31.28872],[148.99973,-31.28867],[148.99962,-31.28817],[148.99992,-31.28767],[148.9996,-31.2875],[149.00006,-31.28668],[149.00095,-31.28671],[149.00066,-31.28775],[149.00095,-31.28887],[149.00275,-31.28948],[149.00263,-31.28876],[149.00305,-31.2887],[149.00333,-31.28965],[149.00319,-31.29037],[149.00026,-31.29087],[148.99904,-31.29062],[148.99967,-31.2907]]]}},{"type":"Feature","properties":{"OBJECTID":8711462,"PCTID":379,"PCTName":"Inland Scribbly Gum - White Bloodwood - Red Stringybark - Black Cypress Pine shrubby sandstone woodland mainly of the Warrumbungle NP - Pilliga region in the Brigalow Belt South Bioregion","vegClass":"Western Slopes Dry Sclerophyll Forests","vegForm":"Dry Sclerophyll Forests (Shrubby sub-formation)"},"geometry":{"type":"Polygon","coordinates":[[[148.99337,-31.29094],[148.99259,-31.29109],[148.99158,-31.29047],[148.99276,-31.28923],[148.99319,-31.28954],[148.993,-31.29045],[148.99342,-31.29058],[148.99337,-31.29094]]]}},{"type":"Feature","properties":{"OBJECTID":8711463,"PCTID":385,"PCTName":"Warrumbungle trachyte hillcrest Tumbledown Red Gum - Black Cypress Pine - White Bloodwood shrubby woodland","vegClass":"North-west Slopes Dry Sclerophyll Woodlands","vegForm":"Dry Sclerophyll Forests (Shrub/grass sub-formation)"},"geometry":{"type":"Polygon","coordinates":[[[148.99351,-31.28999],[148.9944,-31.28988],[148.99496,-31.28906],[148.9956,-31.28959],[148.9954,-31.28982],[148.99536,-31.29027],[148.99473,-31.29029],[148.9939,-31.29107],[148.99395,-31.29075],[148.99337,-31.29092],[148.99351,-31.28999]]]}},{"type":"Feature","properties":{"OBJECTID":8711470,"PCTID":393,"PCTName":"White Box shrubby woodland of the western Liverpool Range, Warrumbungle Range and south-west Pilliga forests, Brigalow Belt South Bioregion","vegClass":"North-west Slopes Dry Sclerophyll Woodlands","vegForm":"Dry Sclerophyll Forests (Shrub/grass sub-formation)"},"geometry":{"type":"Polygon","coordinates":[[[149.00225,-31.29097],[149.00163,-31.29112],[149.00162,-31.29062],[149.0023,-31.29061],[149.00225,-31.29097]]]}},{"type":"Feature","properties":{"OBJECTID":8711475,"PCTID":417,"PCTName":"Black Cypress Pine - Narrow-leaved Ironbark - red gum +/- White Bloodwood shrubby open forest on hills of the southern Pilliga, Coonabarabran and Garawilla regions, Brigalow Belt South Bioregion","vegClass":"Western Slopes Dry Sclerophyll Forests","vegForm":"Dry Sclerophyll Forests (Shrubby sub-formation)"},"geometry":{"type":"Polygon","coordinates":[[[148.97926,-31.29162],[148.97889,-31.29158],[148.97866,-31.29104],[148.9782,-31.29119],[148.97834,-31.29064],[148.97876,-31.29064],[148.97926,-31.29162]]]}},{"type":"Feature","properties":{"OBJECTID":8711477,"PCTID":379,"PCTName":"Inland Scribbly Gum - White Bloodwood - Red Stringybark - Black Cypress Pine shrubby sandstone woodland mainly of the Warrumbungle NP - Pilliga region in the Brigalow Belt South Bioregion","vegClass":"Western Slopes Dry Sclerophyll Forests","vegForm":"Dry Sclerophyll Forests (Shrubby sub-formation)"},"geometry":{"type":"Polygon","coordinates":[[[148.98981,-31.29154],[148.98933,-31.29114],[148.98959,-31.29087],[148.99111,-31.29084],[148.99149,-31.29129],[148.98981,-31.29154]]]}},{"type":"Feature","properties":{"OBJECTID":8711479,"PCTID":389,"PCTName":"Motherumbah - White Bloodwood - cypress pine very tall shrubland / woodland of the Coonabarabran region, Brigalow Belt South Bioregion","vegClass":"North-west Slopes Dry Sclerophyll Woodlands","vegForm":"Dry Sclerophyll Forests (Shrub/grass sub-formation)"},"geometry":{"type":"Polygon","coordinates":[[[148.99395,-31.29075],[148.99365,-31.29134],[148.99275,-31.29127],[148.99228,-31.29154],[148.99085,-31.2908],[148.99158,-31.29052],[148.9928,-31.29108],[148.99395,-31.29075]]]}},{"type":"Feature","properties":{"OBJECTID":8711486,"PCTID":393,"PCTName":"White Box shrubby woodland of the western Liverpool Range, Warrumbungle Range and south-west Pilliga forests, Brigalow Belt South Bioregion","vegClass":"North-west Slopes Dry Sclerophyll Woodlands","vegForm":"Dry Sclerophyll Forests (Shrub/grass sub-formation)"},"geometry":{"type":"Polygon","coordinates":[[[149.03683,-31.29103],[149.03656,-31.29081],[149.03707,-31.29012],[149.03792,-31.29029],[149.03683,-31.29103]]]}},{"type":"Feature","properties":{"OBJECTID":8711490,"PCTID":393,"PCTName":"White Box shrubby woodland of the western Liverpool Range, Warrumbungle Range and south-west Pilliga forests, Brigalow Belt South Bioregion","vegClass":"North-west Slopes Dry Sclerophyll Woodlands","vegForm":"Dry Sclerophyll Forests (Shrub/grass sub-formation)"},"geometry":{"type":"Polygon","coordinates":[[[148.99784,-31.29091],[148.99742,-31.29087],[148.99744,-31.29164],[148.9966,-31.29174],[148.99656,-31.29021],[148.99612,-31.28909],[148.99804,-31.29023],[148.99784,-31.29091]]]}},{"type":"Feature","properties":{"OBJECTID":8711491,"PCTID":393,"PCTName":"White Box shrubby woodland of the western Liverpool Range, Warrumbungle Range and south-west Pilliga forests, Brigalow Belt South Bioregion","vegClass":"North-west Slopes Dry Sclerophyll Woodlands","vegForm":"Dry Sclerophyll Forests (Shrub/grass sub-formation)"},"geometry":{"type":"Polygon","coordinates":[[[149.00442,-31.28904],[149.00479,-31.28926],[149.00427,-31.28941],[149.00492,-31.29025],[149.00592,-31.29051],[149.00602,-31.29023],[149.00645,-31.29045],[149.00665,-31.29018],[149.00728,-31.29021],[149.00625,-31.29109],[149.00611,-31.29168],[149.00584,-31.29137],[149.00548,-31.29169],[149.00377,-31.29059],[149.00418,-31.2899],[149.00385,-31.2895],[149.00389,-31.28878],[149.0043,-31.28841],[149.00442,-31.28904]]]}},{"type":"Feature","properties":{"OBJECTID":8711492,"PCTID":0,"PCTName":"Not classified","vegClass":"Not classified","vegForm":"Not classified"},"geometry":{"type":"Polygon","coordinates":[[[149.03962,-31.29112],[149.03962,-31.29107],[149.03967,-31.29112],[149.03962,-31.29112]]]}},{"type":"Feature","properties":{"OBJECTID":8711495,"PCTID":385,"PCTName":"Warrumbungle trachyte hillcrest Tumbledown Red Gum - Black Cypress Pine - White Bloodwood shrubby woodland","vegClass":"North-west Slopes Dry Sclerophyll Woodlands","vegForm":"Dry Sclerophyll Forests (Shrub/grass sub-formation)"},"geometry":{"type":"Polygon","coordinates":[[[148.99339,-31.29162],[148.99413,-31.29183],[148.99465,-31.2916],[148.99466,-31.29191],[148.99404,-31.29233],[148.99293,-31.29203],[148.99225,-31.29227],[148.99172,-31.29214],[148.99155,-31.29169],[148.9904,-31.29171],[148.9906,-31.2913],[148.99197,-31.29155],[148.99349,-31.29134],[148.99339,-31.29162]]]}},{"type":"Feature","properties":{"OBJECTID":8711496,"PCTID":379,"PCTName":"Inland Scribbly Gum - White Bloodwood - Red Stringybark - Black Cypress Pine shrubby sandstone woodland mainly of the Warrumbungle NP - Pilliga region in the Brigalow Belt South Bioregion","vegClass":"Western Slopes Dry Sclerophyll Forests","vegForm":"Dry Sclerophyll Forests (Shrubby sub-formation)"},"geometry":{"type":"Polygon","coordinates":[[[148.98715,-31.29203],[148.98695,-31.29249],[148.98584,-31.29228],[148.98715,-31.29203]]]}},{"type":"Feature","properties":{"OBJECTID":8711497,"PCTID":393,"PCTName":"White Box shrubby woodland of the western Liverpool Range, Warrumbungle Range and south-west Pilliga forests, Brigalow Belt South Bioregion","vegClass":"North-west Slopes Dry Sclerophyll Woodlands","vegForm":"Dry Sclerophyll Forests (Shrub/grass sub-formation)"},"geometry":{"type":"Polygon","coordinates":[[[148.99551,-31.29226],[148.99501,-31.29127],[148.99589,-31.29081],[148.9954,-31.28982],[148.9956,-31.28959],[148.99501,-31.28906],[148.9944,-31.28988],[148.99351,-31.28999],[148.99342,-31.29058],[148.993,-31.29045],[148.99319,-31.28954],[148.99276,-31.28923],[148.99179,-31.29042],[148.99085,-31.29085],[148.98928,-31.29101],[148.98826,-31.29021],[148.98909,-31.28961],[148.98941,-31.28988],[148.99141,-31.29002],[148.99224,-31.28938],[148.99201,-31.2888],[148.99023,-31.28882],[148.9911,-31.28791],[148.99269,-31.28838],[148.99288,-31.28765],[148.99246,-31.28748],[148.99178,-31.28785],[148.99157,-31.28763],[148.99207,-31.28672],[148.99601,-31.289],[148.99646,-31.29017],[148.99624,-31.2922],[148.99551,-31.29226]]]}},{"type":"Feature","properties":{"OBJECTID":8711498,"PCTID":393,"PCTName":"White Box shrubby woodland of the western Liverpool Range, Warrumbungle Range and south-west Pilliga forests, Brigalow Belt South Bioregion","vegClass":"North-west Slopes Dry Sclerophyll Woodlands","vegForm":"Dry Sclerophyll Forests (Shrub/grass sub-formation)"},"geometry":{"type":"Polygon","coordinates":[[[149.00827,-31.29214],[149.0079,-31.29196],[149.00804,-31.29101],[149.00827,-31.29214]]]}},{"type":"Feature","properties":{"OBJECTID":8711501,"PCTID":0,"PCTName":"Not classified","vegClass":"Not classified","vegForm":"Not classified"},"geometry":{"type":"Polygon","coordinates":[[[149.0151,-31.29212],[149.01505,-31.29212],[149.01505,-31.29207],[149.0151,-31.29212]]]}},{"type":"Feature","properties":{"OBJECTID":8711511,"PCTID":389,"PCTName":"Motherumbah - White Bloodwood - cypress pine very tall shrubland / woodland of the Coonabarabran region, Brigalow Belt South Bioregion","vegClass":"North-west Slopes Dry Sclerophyll Woodlands","vegForm":"Dry Sclerophyll Forests (Shrub/grass sub-formation)"},"geometry":{"type":"Polygon","coordinates":[[[148.99383,-31.29251],[148.99368,-31.29278],[148.9924,-31.29217],[148.99335,-31.2922],[148.99383,-31.29251]]]}},{"type":"Feature","properties":{"OBJECTID":8711516,"PCTID":393,"PCTName":"White Box shrubby woodland of the western Liverpool Range, Warrumbungle Range and south-west Pilliga forests, Brigalow Belt South Bioregion","vegClass":"North-west Slopes Dry Sclerophyll Woodlands","vegForm":"Dry Sclerophyll Forests (Shrub/grass sub-formation)"},"geometry":{"type":"Polygon","coordinates":[[[148.99644,-31.29188],[148.99673,-31.29291],[148.99631,-31.29301],[148.99644,-31.29188]]]}},{"type":"Feature","properties":{"OBJECTID":8711519,"PCTID":393,"PCTName":"White Box shrubby woodland of the western Liverpool Range, Warrumbungle Range and south-west Pilliga forests, Brigalow Belt South Bioregion","vegClass":"North-west Slopes Dry Sclerophyll Woodlands","vegForm":"Dry Sclerophyll Forests (Shrub/grass sub-formation)"},"geometry":{"type":"Polygon","coordinates":[[[149.00187,-31.2926],[149.0015,-31.29229],[148.99971,-31.2925],[148.99943,-31.29156],[149.0012,-31.2909],[149.0017,-31.2918],[149.00259,-31.29183],[149.00286,-31.29218],[149.00277,-31.29277],[149.00209,-31.29314],[149.00178,-31.29301],[149.00187,-31.2926]]]}},{"type":"Feature","properties":{"OBJECTID":8711524,"PCTID":389,"PCTName":"Motherumbah - White Bloodwood - cypress pine very tall shrubland / woodland of the Coonabarabran region, Brigalow Belt South Bioregion","vegClass":"North-west Slopes Dry Sclerophyll Woodlands","vegForm":"Dry Sclerophyll Forests (Shrub/grass sub-formation)"},"geometry":{"type":"Polygon","coordinates":[[[148.97926,-31.29162],[148.97971,-31.29089],[148.97993,-31.29143],[148.98068,-31.29191],[148.98042,-31.2921],[148.98059,-31.29246],[148.9798,-31.29265],[148.97987,-31.29324],[148.97935,-31.29365],[148.97887,-31.29307],[148.97899,-31.29158],[148.97926,-31.29162]]]}},{"type":"Feature","properties":{"OBJECTID":8711527,"PCTID":393,"PCTName":"White Box shrubby woodland of the western Liverpool Range, Warrumbungle Range and south-west Pilliga forests, Brigalow Belt South Bioregion","vegClass":"North-west Slopes Dry Sclerophyll Woodlands","vegForm":"Dry Sclerophyll Forests (Shrub/grass sub-formation)"},"geometry":{"type":"Polygon","coordinates":[[[148.97177,-31.28809],[148.97168,-31.28859],[148.97232,-31.28916],[148.97227,-31.28952],[148.97201,-31.28948],[148.97234,-31.28993],[148.97219,-31.29034],[148.97298,-31.29078],[148.9735,-31.29045],[148.9734,-31.29077],[148.97437,-31.29147],[148.97589,-31.29154],[148.97638,-31.2923],[148.97658,-31.29203],[148.97711,-31.29211],[148.97728,-31.29238],[148.97649,-31.29257],[148.9775,-31.29287],[148.97772,-31.29354],[148.97699,-31.29369],[148.97698,-31.29333],[148.97667,-31.29338],[148.97645,-31.29302],[148.97561,-31.29326],[148.97477,-31.29305],[148.97347,-31.29149],[148.9716,-31.2909],[148.9716,-31.28811],[148.97177,-31.28809]]]}},{"type":"Feature","properties":{"OBJECTID":8711528,"PCTID":0,"PCTName":"Not classified","vegClass":"Not classified","vegForm":"Not classified"},"geometry":{"type":"Polygon","coordinates":[[[148.99595,-31.29351],[148.99619,-31.2922],[148.99626,-31.29301],[148.99595,-31.29351]]]}},{"type":"Feature","properties":{"OBJECTID":8711529,"PCTID":393,"PCTName":"White Box shrubby woodland of the western Liverpool Range, Warrumbungle Range and south-west Pilliga forests, Brigalow Belt South Bioregion","vegClass":"North-west Slopes Dry Sclerophyll Woodlands","vegForm":"Dry Sclerophyll Forests (Shrub/grass sub-formation)"},"geometry":{"type":"Polygon","coordinates":[[[148.99288,-31.2923],[148.99295,-31.29293],[148.99254,-31.29343],[148.99186,-31.29363],[148.99159,-31.29345],[148.99174,-31.29309],[148.99231,-31.29272],[148.99098,-31.29193],[148.99155,-31.29169],[148.99172,-31.29214],[148.9924,-31.29222],[148.99288,-31.2923]]]}},{"type":"Feature","properties":{"OBJECTID":8711534,"PCTID":417,"PCTName":"Black Cypress Pine - Narrow-leaved Ironbark - red gum +/- White Bloodwood shrubby open forest on hills of the southern Pilliga, Coonabarabran and Garawilla regions, Brigalow Belt South Bioregion","vegClass":"Western Slopes Dry Sclerophyll Forests","vegForm":"Dry Sclerophyll Forests (Shrubby sub-formation)"},"geometry":{"type":"Polygon","coordinates":[[[149.00021,-31.29358],[148.99973,-31.29323],[148.99966,-31.2926],[149.0015,-31.29229],[149.00187,-31.2926],[149.00178,-31.29301],[149.00021,-31.29358]]]}},{"type":"Feature","properties":{"OBJECTID":8711538,"PCTID":0,"PCTName":"Not classified","vegClass":"Not classified","vegForm":"Not classified"},"geometry":{"type":"Polygon","coordinates":[[[148.99533,-31.29366],[148.99595,-31.29351],[148.99528,-31.2938],[148.99533,-31.29366]]]}},{"type":"Feature","properties":{"OBJECTID":8711542,"PCTID":417,"PCTName":"Black Cypress Pine - Narrow-leaved Ironbark - red gum +/- White Bloodwood shrubby open forest on hills of the southern Pilliga, Coonabarabran and Garawilla regions, Brigalow Belt South Bioregion","vegClass":"Western Slopes Dry Sclerophyll Forests","vegForm":"Dry Sclerophyll Forests (Shrubby sub-formation)"},"geometry":{"type":"Polygon","coordinates":[[[149.0134,-31.29363],[149.0123,-31.29365],[149.0134,-31.29336],[149.0134,-31.29363]]]}},{"type":"Feature","properties":{"OBJECTID":8711543,"PCTID":0,"PCTName":"Not classified","vegClass":"Not classified","vegForm":"Not classified"},"geometry":{"type":"Polygon","coordinates":[[[148.99512,-31.29389],[148.99528,-31.2938],[148.99502,-31.29421],[148.99512,-31.29389]]]}},{"type":"Feature","properties":{"OBJECTID":8711545,"PCTID":84,"PCTName":"River Oak - Rough-barked Apple - red gum - box riparian tall woodland (wetland) of the Brigalow Belt South Bioregion and Nandewar Bioregion","vegClass":"Eastern Riverine Forests","vegForm":"Forested Wetlands"},"geometry":{"type":"Polygon","coordinates":[[[148.99857,-31.29054],[148.99875,-31.29184],[148.99762,-31.29299],[148.99769,-31.29376],[148.99697,-31.29422],[148.99681,-31.294],[148.99738,-31.29363],[148.99705,-31.29313],[148.99714,-31.29268],[148.99777,-31.29254],[148.99781,-31.29195],[148.99843,-31.29158],[148.99799,-31.29037],[148.99857,-31.29054]]]}},{"type":"Feature","properties":{"OBJECTID":8711547,"PCTID":393,"PCTName":"White Box shrubby woodland of the western Liverpool Range, Warrumbungle Range and south-west Pilliga forests, Brigalow Belt South Bioregion","vegClass":"North-west Slopes Dry Sclerophyll Woodlands","vegForm":"Dry Sclerophyll Forests (Shrub/grass sub-formation)"},"geometry":{"type":"Polygon","coordinates":[[[149.01574,-31.2926],[149.01535,-31.29383],[149.01493,-31.29406],[149.01366,-31.29354],[149.01445,-31.29361],[149.01459,-31.2928],[149.01501,-31.29266],[149.01479,-31.29221],[149.0151,-31.29212],[149.01503,-31.2913],[149.01576,-31.29107],[149.01678,-31.29186],[149.01679,-31.29227],[149.01616,-31.29228],[149.01633,-31.29282],[149.01574,-31.2926]]]}},{"type":"Feature","properties":{"OBJECTID":8711550,"PCTID":389,"PCTName":"Motherumbah - White Bloodwood - cypress pine very tall shrubland / woodland of the Coonabarabran region, Brigalow Belt South Bioregion","vegClass":"North-west Slopes Dry Sclerophyll Woodlands","vegForm":"Dry Sclerophyll Forests (Shrub/grass sub-formation)"},"geometry":{"type":"Polygon","coordinates":[[[148.99127,-31.29336],[148.99186,-31.29363],[148.99285,-31.2932],[148.99353,-31.29342],[148.99275,-31.29366],[148.9926,-31.29402],[148.99171,-31.29412],[148.99146,-31.29458],[148.99109,-31.29445],[148.99127,-31.29336]]]}},{"type":"Feature","properties":{"OBJECTID":8711557,"PCTID":393,"PCTName":"White Box shrubby woodland of the western Liverpool Range, Warrumbungle Range and south-west Pilliga forests, Brigalow Belt South Bioregion","vegClass":"North-west Slopes Dry Sclerophyll Woodlands","vegForm":"Dry Sclerophyll Forests (Shrub/grass sub-formation)"},"geometry":{"type":"Polygon","coordinates":[[[148.99881,-31.29437],[148.99855,-31.29464],[148.99791,-31.29411],[148.99854,-31.29406],[148.99881,-31.29437]]]}},{"type":"Feature","properties":{"OBJECTID":8711559,"PCTID":393,"PCTName":"White Box shrubby woodland of the western Liverpool Range, Warrumbungle Range and south-west Pilliga forests, Brigalow Belt South Bioregion","vegClass":"North-west Slopes Dry Sclerophyll Woodlands","vegForm":"Dry Sclerophyll Forests (Shrub/grass sub-formation)"},"geometry":{"type":"Polygon","coordinates":[[[149.00967,-31.29351],[149.01015,-31.29405],[149.01001,-31.29459],[149.00809,-31.29327],[149.0084,-31.29331],[149.0086,-31.29285],[149.00827,-31.29223],[149.00897,-31.29298],[149.00923,-31.29275],[149.00878,-31.29145],[149.00936,-31.29144],[149.00926,-31.29181],[149.00958,-31.29189],[149.00997,-31.29283],[149.00965,-31.29279],[149.00982,-31.29333],[149.00967,-31.29351]]]}},{"type":"Feature","properties":{"OBJECTID":8711561,"PCTID":389,"PCTName":"Motherumbah - White Bloodwood - cypress pine very tall shrubland / woodland of the Coonabarabran region, Brigalow Belt South Bioregion","vegClass":"North-west Slopes Dry Sclerophyll Woodlands","vegForm":"Dry Sclerophyll Forests (Shrub/grass sub-formation)"},"geometry":{"type":"Polygon","coordinates":[[[148.98984,-31.29506],[148.98972,-31.29443],[148.99009,-31.29433],[148.99013,-31.29397],[148.9903,-31.29442],[148.98984,-31.29506]]]}},{"type":"Feature","properties":{"OBJECTID":8711565,"PCTID":393,"PCTName":"White Box shrubby woodland of the western Liverpool Range, Warrumbungle Range and south-west Pilliga forests, Brigalow Belt South Bioregion","vegClass":"North-west Slopes Dry Sclerophyll Woodlands","vegForm":"Dry Sclerophyll Forests (Shrub/grass sub-formation)"},"geometry":{"type":"Polygon","coordinates":[[[148.99114,-31.2944],[148.9903,-31.29442],[148.99013,-31.29397],[148.99009,-31.29433],[148.98972,-31.29443],[148.98968,-31.29515],[148.989,-31.29516],[148.98825,-31.29459],[148.98828,-31.29355],[148.98975,-31.29339],[148.98989,-31.29276],[148.9907,-31.29346],[148.99127,-31.29336],[148.99114,-31.2944]]]}},{"type":"Feature","properties":{"OBJECTID":8711566,"PCTID":393,"PCTName":"White Box shrubby woodland of the western Liverpool Range, Warrumbungle Range and south-west Pilliga forests, Brigalow Belt South Bioregion","vegClass":"North-west Slopes Dry Sclerophyll Woodlands","vegForm":"Dry Sclerophyll Forests (Shrub/grass sub-formation)"},"geometry":{"type":"Polygon","coordinates":[[[149.00673,-31.29383],[149.00711,-31.29423],[149.0067,-31.29492],[149.00633,-31.29483],[149.00627,-31.29434],[149.00527,-31.29417],[149.00537,-31.29386],[149.00553,-31.29408],[149.00637,-31.29393],[149.00667,-31.29347],[149.00641,-31.2933],[149.0065,-31.29293],[149.00555,-31.2925],[149.0058,-31.29222],[149.00713,-31.29279],[149.0074,-31.29333],[149.00673,-31.29383]]]}},{"type":"Feature","properties":{"OBJECTID":8711570,"PCTID":381,"PCTName":"Rough-barked Apple - Yellow Box grass/shrub footslope open forest, Brigalow Belt South Bioregion","vegClass":"North-west Slopes Dry Sclerophyll Woodlands","vegForm":"Dry Sclerophyll Forests (Shrub/grass sub-formation)"},"geometry":{"type":"Polygon","coordinates":[[[148.99483,-31.29502],[148.99515,-31.29506],[148.99479,-31.29538],[148.99483,-31.29502]]]}},{"type":"Feature","properties":{"OBJECTID":8711571,"PCTID":381,"PCTName":"Rough-barked Apple - Yellow Box grass/shrub footslope open forest, Brigalow Belt South Bioregion","vegClass":"North-west Slopes Dry Sclerophyll Woodlands","vegForm":"Dry Sclerophyll Forests (Shrub/grass sub-formation)"},"geometry":{"type":"Polygon","coordinates":[[[149.04201,-31.29225],[149.04202,-31.29297],[149.04266,-31.2931],[149.04235,-31.29369],[149.04273,-31.29418],[149.04253,-31.29455],[149.04164,-31.29456],[149.04166,-31.29307],[149.04145,-31.29298],[149.04176,-31.2928],[149.04106,-31.29204],[149.04147,-31.29181],[149.04201,-31.29225]]]}},{"type":"Feature","properties":{"OBJECTID":8711575,"PCTID":417,"PCTName":"Black Cypress Pine - Narrow-leaved Ironbark - red gum +/- White Bloodwood shrubby open forest on hills of the southern Pilliga, Coonabarabran and Garawilla regions, Brigalow Belt South Bioregion","vegClass":"Western Slopes Dry Sclerophyll Forests","vegForm":"Dry Sclerophyll Forests (Shrubby sub-formation)"},"geometry":{"type":"Polygon","coordinates":[[[148.98886,-31.29571],[148.98853,-31.29521],[148.98932,-31.29511],[148.98922,-31.2957],[148.98886,-31.29571]]]}},{"type":"Feature","properties":{"OBJECTID":8711576,"PCTID":417,"PCTName":"Black Cypress Pine - Narrow-leaved Ironbark - red gum +/- White Bloodwood shrubby open forest on hills of the southern Pilliga, Coonabarabran and Garawilla regions, Brigalow Belt South Bioregion","vegClass":"Western Slopes Dry Sclerophyll Forests","vegForm":"Dry Sclerophyll Forests (Shrubby sub-formation)"},"geometry":{"type":"Polygon","coordinates":[[[149.02538,-31.27728],[149.02529,-31.27778],[149.02555,-31.27777],[149.02567,-31.27836],[149.02683,-31.27879],[149.02627,-31.27966],[149.02564,-31.27944],[149.0256,-31.28003],[149.02607,-31.28011],[149.02619,-31.28052],[149.02691,-31.2801],[149.02719,-31.28068],[149.02626,-31.28146],[149.02548,-31.28157],[149.02533,-31.28215],[149.02732,-31.28171],[149.02775,-31.28229],[149.028,-31.2817],[149.02848,-31.28206],[149.02936,-31.28159],[149.03021,-31.28176],[149.02999,-31.2814],[149.03193,-31.28101],[149.03217,-31.28033],[149.03265,-31.28032],[149.03271,-31.28072],[149.03328,-31.28062],[149.0334,-31.28094],[149.0336,-31.28071],[149.03372,-31.28125],[149.03357,-31.28184],[149.03221,-31.28186],[149.03222,-31.2824],[149.03175,-31.28268],[149.03102,-31.28256],[149.03101,-31.28233],[149.03091,-31.28269],[149.03033,-31.28261],[149.03062,-31.28351],[149.02914,-31.28326],[149.0291,-31.2839],[149.02832,-31.284],[149.02859,-31.28436],[149.02806,-31.28423],[149.02781,-31.28468],[149.02718,-31.28479],[149.02672,-31.28529],[149.02608,-31.28516],[149.02563,-31.28594],[149.02526,-31.28599],[149.02543,-31.28666],[149.02712,-31.28677],[149.02727,-31.28645],[149.02754,-31.28695],[149.02843,-31.28689],[149.02847,-31.28607],[149.02936,-31.28601],[149.02927,-31.28683],[149.02965,-31.28709],[149.02908,-31.28769],[149.02904,-31.28827],[149.02968,-31.28858],[149.02989,-31.28853],[149.02976,-31.28758],[149.03028,-31.28708],[149.02952,-31.2861],[149.02962,-31.28578],[149.03025,-31.28582],[149.03058,-31.28644],[149.03174,-31.28683],[149.03209,-31.28597],[149.03273,-31.28632],[149.03345,-31.28563],[149.03528,-31.2851],[149.03524,-31.28564],[149.03602,-31.28554],[149.03594,-31.28658],[149.03663,-31.28679],[149.03772,-31.28619],[149.03815,-31.2869],[149.03764,-31.28718],[149.03749,-31.28791],[149.03641,-31.28865],[149.03904,-31.28874],[149.03894,-31.28901],[149.03947,-31.28914],[149.03964,-31.28999],[149.03797,-31.29029],[149.03707,-31.29012],[149.03661,-31.29076],[149.03609,-31.29068],[149.03608,-31.29041],[149.03419,-31.29058],[149.03393,-31.29049],[149.03397,-31.29009],[149.03269,-31.28939],[149.03055,-31.28969],[149.02975,-31.28921],[149.02901,-31.28922],[149.02826,-31.2886],[149.0279,-31.2887],[149.02693,-31.28786],[149.02525,-31.28766],[149.02447,-31.2883],[149.02363,-31.288],[149.02211,-31.2883],[149.02089,-31.28805],[149.01964,-31.28848],[149.01979,-31.28802],[149.0181,-31.28755],[149.01811,-31.28787],[149.01928,-31.28853],[149.01897,-31.2888],[149.01899,-31.28966],[149.01963,-31.29028],[149.02021,-31.29036],[149.01975,-31.29068],[149.01901,-31.29061],[149.01847,-31.29012],[149.01865,-31.29102],[149.0197,-31.29087],[149.02071,-31.29162],[149.02239,-31.29145],[149.02276,-31.29176],[149.02283,-31.29244],[149.02394,-31.29278],[149.02422,-31.29345],[149.02035,-31.29419],[149.02003,-31.29388],[149.01882,-31.29395],[149.01815,-31.29446],[149.01952,-31.29488],[149.01964,-31.29524],[149.01737,-31.29492],[149.01735,-31.29402],[149.01787,-31.29392],[149.01833,-31.29319],[149.01806,-31.29288],[149.01644,-31.29313],[149.01616,-31.29228],[149.01683,-31.29204],[149.01592,-31.29106],[149.01493,-31.29144],[149.0146,-31.29095],[149.01354,-31.29061],[149.01335,-31.29115],[149.01281,-31.29084],[149.0122,-31.29162],[149.01157,-31.29181],[149.0117,-31.29059],[149.01255,-31.29067],[149.01275,-31.29039],[149.01258,-31.29004],[149.01212,-31.29027],[149.01169,-31.2901],[149.01193,-31.28901],[149.01229,-31.28878],[149.01283,-31.2894],[149.01446,-31.28924],[149.01386,-31.28853],[149.01396,-31.28803],[149.01471,-31.28874],[149.01566,-31.28895],[149.01686,-31.28839],[149.01803,-31.28918],[149.01788,-31.28954],[149.01699,-31.28951],[149.01621,-31.28989],[149.01669,-31.29024],[149.01689,-31.29001],[149.01826,-31.29021],[149.0182,-31.28958],[149.01846,-31.28949],[149.01829,-31.28904],[149.0176,-31.28873],[149.01731,-31.2877],[149.01694,-31.28753],[149.01746,-31.2872],[149.0174,-31.28693],[149.01672,-31.28685],[149.01646,-31.28717],[149.01515,-31.28738],[149.01434,-31.28631],[149.01281,-31.28615],[149.01301,-31.28561],[149.01247,-31.28512],[149.01277,-31.28444],[149.01319,-31.28443],[149.01331,-31.28484],[149.0141,-31.28505],[149.01432,-31.28545],[149.0152,-31.28503],[149.01706,-31.28568],[149.018,-31.2853],[149.01629,-31.28442],[149.01515,-31.2825],[149.0141,-31.28261],[149.01425,-31.28211],[149.01381,-31.28144],[149.01459,-31.28102],[149.01496,-31.28133],[149.01654,-31.28122],[149.01693,-31.28234],[149.01735,-31.28242],[149.01736,-31.28292],[149.01836,-31.28295],[149.01825,-31.28263],[149.01913,-31.28199],[149.0191,-31.28293],[149.01958,-31.28324],[149.01984,-31.28324],[149.01963,-31.28302],[149.01982,-31.28234],[149.02062,-31.28277],[149.02093,-31.28259],[149.0211,-31.28299],[149.02264,-31.28382],[149.02251,-31.28288],[149.0213,-31.28281],[149.0213,-31.28254],[149.02018,-31.28215],[149.01991,-31.2817],[149.02047,-31.28097],[149.02069,-31.28119],[149.02044,-31.28178],[149.02276,-31.28242],[149.02223,-31.28189],[149.02237,-31.28144],[149.02385,-31.28164],[149.02363,-31.28105],[149.02463,-31.28131],[149.02466,-31.28036],[149.02335,-31.28061],[149.02124,-31.2801],[149.0217,-31.27955],[149.02238,-31.27941],[149.02252,-31.27859],[149.02362,-31.27826],[149.02473,-31.27864],[149.02483,-31.27846],[149.02361,-31.27799],[149.02406,-31.27699],[149.02506,-31.27711],[149.02538,-31.27728]],[[149.02347,-31.2834],[149.02406,-31.28403],[149.02489,-31.28333],[149.02548,-31.28391],[149.02662,-31.28317],[149.02645,-31.28281],[149.02529,-31.28274],[149.02513,-31.28238],[149.02423,-31.28226],[149.02347,-31.2834]],[[149.01863,-31.28542],[149.01952,-31.28554],[149.02001,-31.2859],[149.01985,-31.28622],[149.02084,-31.28566],[149.02021,-31.28544],[149.02014,-31.28499],[149.01935,-31.28483],[149.01863,-31.28542]],[[149.03499,-31.28872],[149.03374,-31.28923],[149.03563,-31.2892],[149.03604,-31.2887],[149.03499,-31.28872]]]}},{"type":"Feature","properties":{"OBJECTID":8711579,"PCTID":389,"PCTName":"Motherumbah - White Bloodwood - cypress pine very tall shrubland / woodland of the Coonabarabran region, Brigalow Belt South Bioregion","vegClass":"North-west Slopes Dry Sclerophyll Woodlands","vegForm":"Dry Sclerophyll Forests (Shrub/grass sub-formation)"},"geometry":{"type":"Polygon","coordinates":[[[148.97655,-31.29036],[148.97712,-31.28999],[148.97683,-31.29103],[148.97714,-31.29111],[148.97715,-31.29156],[148.97805,-31.29155],[148.97866,-31.29104],[148.97878,-31.2914],[148.97816,-31.29191],[148.97807,-31.29259],[148.97833,-31.29272],[148.97798,-31.29349],[148.97852,-31.29389],[148.97925,-31.29392],[148.97921,-31.29424],[148.97952,-31.29428],[148.98034,-31.29548],[148.97821,-31.29444],[148.97749,-31.29499],[148.97712,-31.29463],[148.97618,-31.29501],[148.9758,-31.29434],[148.97543,-31.29462],[148.97561,-31.29552],[148.97525,-31.29602],[148.97438,-31.29427],[148.97326,-31.29357],[148.97324,-31.29303],[148.97192,-31.29237],[148.97259,-31.29182],[148.97242,-31.29155],[148.97347,-31.29149],[148.97477,-31.29305],[148.97561,-31.29326],[148.97645,-31.29302],[148.97667,-31.29338],[148.97698,-31.29333],[148.97699,-31.29369],[148.97752,-31.29372],[148.97777,-31.2934],[148.97755,-31.29291],[148.97649,-31.29257],[148.97728,-31.29238],[148.97711,-31.29211],[148.97658,-31.29203],[148.97638,-31.2923],[148.97589,-31.29154],[148.97437,-31.29147],[148.9734,-31.29077],[148.9735,-31.29045],[148.97298,-31.29078],[148.97219,-31.29034],[148.97234,-31.28993],[148.97201,-31.28948],[148.97227,-31.28952],[148.97232,-31.28916],[148.97168,-31.28859],[148.97177,-31.28804],[148.97245,-31.28817],[148.97289,-31.28897],[148.97369,-31.28941],[148.97547,-31.28925],[148.97575,-31.2901],[148.97628,-31.28995],[148.97655,-31.29036]]]}},{"type":"Feature","properties":{"OBJECTID":8711583,"PCTID":394,"PCTName":"Narrow-leaved Ironbark - White Cypress pine woodland on slopes and flats in the Coonabarabran - Pilliga Scrub regions","vegClass":"North-west Slopes Dry Sclerophyll Woodlands","vegForm":"Dry Sclerophyll Forests (Shrub/grass sub-formation)"},"geometry":{"type":"Polygon","coordinates":[[[148.98981,-31.29154],[148.99034,-31.29135],[148.9904,-31.29171],[148.99087,-31.2917],[148.99157,-31.29241],[148.99199,-31.29232],[148.99226,-31.2929],[148.99164,-31.2934],[148.99091,-31.29351],[148.98989,-31.29276],[148.98975,-31.29339],[148.98828,-31.29355],[148.98825,-31.29459],[148.98894,-31.29489],[148.9889,-31.29525],[148.98673,-31.29479],[148.98706,-31.29524],[148.98686,-31.29551],[148.98549,-31.29567],[148.98482,-31.29618],[148.9845,-31.29573],[148.98392,-31.29597],[148.98238,-31.29531],[148.98162,-31.29379],[148.98242,-31.29473],[148.98284,-31.29472],[148.98273,-31.29423],[148.98214,-31.29397],[148.98297,-31.29346],[148.98408,-31.29357],[148.98371,-31.2934],[148.98375,-31.29295],[148.98333,-31.293],[148.98354,-31.29277],[148.98407,-31.2929],[148.98563,-31.29224],[148.98695,-31.29249],[148.98715,-31.29221],[148.9865,-31.29119],[148.98561,-31.29134],[148.98585,-31.29025],[148.98647,-31.28988],[148.98647,-31.29015],[148.98774,-31.29058],[148.98826,-31.29021],[148.98981,-31.29154]]]}},{"type":"Feature","properties":{"OBJECTID":8711584,"PCTID":393,"PCTName":"White Box shrubby woodland of the western Liverpool Range, Warrumbungle Range and south-west Pilliga forests, Brigalow Belt South Bioregion","vegClass":"North-west Slopes Dry Sclerophyll Woodlands","vegForm":"Dry Sclerophyll Forests (Shrub/grass sub-formation)"},"geometry":{"type":"Polygon","coordinates":[[[148.99259,-31.29601],[148.99373,-31.29508],[148.99443,-31.29584],[148.99259,-31.29601]]]}},{"type":"Feature","properties":{"OBJECTID":8711586,"PCTID":0,"PCTName":"Not classified","vegClass":"Not classified","vegForm":"Not classified"},"geometry":{"type":"Polygon","coordinates":[[[148.98997,-31.29632],[148.99133,-31.29598],[148.99244,-31.29601],[148.98997,-31.29632]]]}},{"type":"Feature","properties":{"OBJECTID":8711595,"PCTID":381,"PCTName":"Rough-barked Apple - Yellow Box grass/shrub footslope open forest, Brigalow Belt South Bioregion","vegClass":"North-west Slopes Dry Sclerophyll Woodlands","vegForm":"Dry Sclerophyll Forests (Shrub/grass sub-formation)"},"geometry":{"type":"Polygon","coordinates":[[[149.01644,-31.29313],[149.01696,-31.29317],[149.01806,-31.29288],[149.01834,-31.29346],[149.01735,-31.29402],[149.0172,-31.29447],[149.01752,-31.29447],[149.01747,-31.29474],[149.01627,-31.29512],[149.01633,-31.29543],[149.01566,-31.29612],[149.01534,-31.29595],[149.01539,-31.29549],[149.01453,-31.29497],[149.01517,-31.295],[149.01509,-31.29397],[149.01569,-31.29265],[149.01633,-31.29282],[149.01644,-31.29313]]]}},{"type":"Feature","properties":{"OBJECTID":8711600,"PCTID":379,"PCTName":"Inland Scribbly Gum - White Bloodwood - Red Stringybark - Black Cypress Pine shrubby sandstone woodland mainly of the Warrumbungle NP - Pilliga region in the Brigalow Belt South Bioregion","vegClass":"Western Slopes Dry Sclerophyll Forests","vegForm":"Dry Sclerophyll Forests (Shrubby sub-formation)"},"geometry":{"type":"Polygon","coordinates":[[[148.98549,-31.29567],[148.98696,-31.29551],[148.98803,-31.29631],[148.98682,-31.29633],[148.98597,-31.29589],[148.98567,-31.29634],[148.98535,-31.29617],[148.9852,-31.29671],[148.98487,-31.29618],[148.98549,-31.29567]]]}},{"type":"Feature","properties":{"OBJECTID":8711602,"PCTID":379,"PCTName":"Inland Scribbly Gum - White Bloodwood - Red Stringybark - Black Cypress Pine shrubby sandstone woodland mainly of the Warrumbungle NP - Pilliga region in the Brigalow Belt South Bioregion","vegClass":"Western Slopes Dry Sclerophyll Forests","vegForm":"Dry Sclerophyll Forests (Shrubby sub-formation)"},"geometry":{"type":"Polygon","coordinates":[[[148.98281,-31.29562],[148.98408,-31.29596],[148.98436,-31.29668],[148.98325,-31.29656],[148.98255,-31.29572],[148.98138,-31.29506],[148.98148,-31.2947],[148.98222,-31.29487],[148.98281,-31.29562]]]}},{"type":"Feature","properties":{"OBJECTID":8711603,"PCTID":381,"PCTName":"Rough-barked Apple - Yellow Box grass/shrub footslope open forest, Brigalow Belt South Bioregion","vegClass":"North-west Slopes Dry Sclerophyll Woodlands","vegForm":"Dry Sclerophyll Forests (Shrub/grass sub-formation)"},"geometry":{"type":"Polygon","coordinates":[[[148.98923,-31.29583],[148.98932,-31.29511],[148.99047,-31.29514],[148.99033,-31.29573],[148.98893,-31.29674],[148.98809,-31.2968],[148.98923,-31.29583]]]}},{"type":"Feature","properties":{"OBJECTID":8711607,"PCTID":84,"PCTName":"River Oak - Rough-barked Apple - red gum - box riparian tall woodland (wetland) of the Brigalow Belt South Bioregion and Nandewar Bioregion","vegClass":"Eastern Riverine Forests","vegForm":"Forested Wetlands"},"geometry":{"type":"Polygon","coordinates":[[[148.99548,-31.29587],[148.9955,-31.29672],[148.99533,-31.2961],[148.99468,-31.29552],[148.9951,-31.29533],[148.99483,-31.29493],[148.99528,-31.2938],[148.99606,-31.29351],[148.99631,-31.29301],[148.99633,-31.29373],[148.9967,-31.29418],[148.99598,-31.29464],[148.9961,-31.29523],[148.99548,-31.29587]]]}},{"type":"Feature","properties":{"OBJECTID":8711609,"PCTID":417,"PCTName":"Black Cypress Pine - Narrow-leaved Ironbark - red gum +/- White Bloodwood shrubby open forest on hills of the southern Pilliga, Coonabarabran and Garawilla regions, Brigalow Belt South Bioregion","vegClass":"Western Slopes Dry Sclerophyll Forests","vegForm":"Dry Sclerophyll Forests (Shrubby sub-formation)"},"geometry":{"type":"Polygon","coordinates":[[[149.00616,-31.2965],[149.00516,-31.29648],[149.00489,-31.29594],[149.00526,-31.29598],[149.00616,-31.2965]]]}},{"type":"Feature","properties":{"OBJECTID":8711611,"PCTID":393,"PCTName":"White Box shrubby woodland of the western Liverpool Range, Warrumbungle Range and south-west Pilliga forests, Brigalow Belt South Bioregion","vegClass":"North-west Slopes Dry Sclerophyll Woodlands","vegForm":"Dry Sclerophyll Forests (Shrub/grass sub-formation)"},"geometry":{"type":"Polygon","coordinates":[[[148.99592,-31.29681],[148.99548,-31.29587],[148.99693,-31.29476],[148.99716,-31.2958],[148.99649,-31.29626],[148.99592,-31.29681]]]}},{"type":"Feature","properties":{"OBJECTID":8711615,"PCTID":84,"PCTName":"River Oak - Rough-barked Apple - red gum - box riparian tall woodland (wetland) of the Brigalow Belt South Bioregion and Nandewar Bioregion","vegClass":"Eastern Riverine Forests","vegForm":"Forested Wetlands"},"geometry":{"type":"Polygon","coordinates":[[[149.0098,-31.29234],[149.00926,-31.29181],[149.00971,-31.2909],[149.00853,-31.28956],[149.00881,-31.28802],[149.00917,-31.28793],[149.00944,-31.28797],[149.00946,-31.289],[149.00905,-31.28946],[149.01005,-31.28927],[149.00995,-31.29211],[149.01057,-31.29178],[149.01173,-31.29659],[149.01094,-31.29634],[149.01019,-31.29563],[149.01007,-31.29495],[149.01074,-31.29453],[149.01062,-31.29377],[149.00982,-31.29333],[149.0098,-31.29234]]]}},{"type":"Feature","properties":{"OBJECTID":8711621,"PCTID":0,"PCTName":"Not classified","vegClass":"Not classified","vegForm":"Not classified"},"geometry":{"type":"Polygon","coordinates":[[[148.99443,-31.29598],[148.99466,-31.29696],[148.99433,-31.29611],[148.99244,-31.29605],[148.99438,-31.29598],[148.99502,-31.29421],[148.99483,-31.29502],[148.99443,-31.29598]]]}},{"type":"Feature","properties":{"OBJECTID":8711622,"PCTID":417,"PCTName":"Black Cypress Pine - Narrow-leaved Ironbark - red gum +/- White Bloodwood shrubby open forest on hills of the southern Pilliga, Coonabarabran and Garawilla regions, Brigalow Belt South Bioregion","vegClass":"Western Slopes Dry Sclerophyll Forests","vegForm":"Dry Sclerophyll Forests (Shrubby sub-formation)"},"geometry":{"type":"Polygon","coordinates":[[[149.00711,-31.29423],[149.00673,-31.29383],[149.00761,-31.29328],[149.00788,-31.29359],[149.00747,-31.29387],[149.00758,-31.29422],[149.00811,-31.29426],[149.00892,-31.29533],[149.00985,-31.29482],[149.01003,-31.29545],[149.00941,-31.29595],[149.00947,-31.29631],[149.00884,-31.29628],[149.00822,-31.29674],[149.00737,-31.29657],[149.00688,-31.29582],[149.00719,-31.29558],[149.00649,-31.29492],[149.00711,-31.29423]]]}},{"type":"Feature","properties":{"OBJECTID":8711624,"PCTID":0,"PCTName":"Not classified","vegClass":"Not classified","vegForm":"Not classified"},"geometry":{"type":"Polygon","coordinates":[[[148.99467,-31.29705],[148.99466,-31.29696],[148.99472,-31.29705],[148.99467,-31.29705]]]}},{"type":"Feature","properties":{"OBJECTID":8711626,"PCTID":0,"PCTName":"Not classified","vegClass":"Not classified","vegForm":"Not classified"},"geometry":{"type":"Polygon","coordinates":[[[148.99472,-31.29714],[148.99472,-31.29705],[148.99477,-31.29714],[148.99472,-31.29714]]]}},{"type":"Feature","properties":{"OBJECTID":8711628,"PCTID":0,"PCTName":"Not classified","vegClass":"Not classified","vegForm":"Not classified"},"geometry":{"type":"Polygon","coordinates":[[[148.99478,-31.29723],[148.99477,-31.29714],[148.99483,-31.29723],[148.99478,-31.29723]]]}},{"type":"Feature","properties":{"OBJECTID":8711629,"PCTID":389,"PCTName":"Motherumbah - White Bloodwood - cypress pine very tall shrubland / woodland of the Coonabarabran region, Brigalow Belt South Bioregion","vegClass":"North-west Slopes Dry Sclerophyll Woodlands","vegForm":"Dry Sclerophyll Forests (Shrub/grass sub-formation)"},"geometry":{"type":"Polygon","coordinates":[[[149.04384,-31.29642],[149.04294,-31.29634],[149.04397,-31.2956],[149.04425,-31.29596],[149.04384,-31.29642]]]}},{"type":"Feature","properties":{"OBJECTID":8711631,"PCTID":0,"PCTName":"Not classified","vegClass":"Not classified","vegForm":"Not classified"},"geometry":{"type":"Polygon","coordinates":[[[148.98931,-31.29714],[148.98997,-31.29632],[148.98931,-31.29723],[148.98868,-31.29738],[148.98931,-31.29714]]]}},{"type":"Feature","properties":{"OBJECTID":8711632,"PCTID":393,"PCTName":"White Box shrubby woodland of the western Liverpool Range, Warrumbungle Range and south-west Pilliga forests, Brigalow Belt South Bioregion","vegClass":"North-west Slopes Dry Sclerophyll Woodlands","vegForm":"Dry Sclerophyll Forests (Shrub/grass sub-formation)"},"geometry":{"type":"Polygon","coordinates":[[[149.01975,-31.29542],[149.01776,-31.29568],[149.01759,-31.29541],[149.01746,-31.29641],[149.01668,-31.29692],[149.01667,-31.29656],[149.01582,-31.29625],[149.01592,-31.29567],[149.01643,-31.29503],[149.01737,-31.29483],[149.01975,-31.29542]]]}},{"type":"Feature","properties":{"OBJECTID":8711637,"PCTID":0,"PCTName":"Not classified","vegClass":"Not classified","vegForm":"Not classified"},"geometry":{"type":"Polygon","coordinates":[[[148.98868,-31.29738],[148.98869,-31.29747],[148.98858,-31.29751],[148.98868,-31.29738]]]}},{"type":"Feature","properties":{"OBJECTID":8711640,"PCTID":0,"PCTName":"Not classified","vegClass":"Not classified","vegForm":"Not classified"},"geometry":{"type":"Polygon","coordinates":[[[148.98858,-31.29751],[148.98858,-31.29761],[148.98853,-31.29761],[148.98858,-31.29751]]]}},{"type":"Feature","properties":{"OBJECTID":8711644,"PCTID":0,"PCTName":"Not classified","vegClass":"Not classified","vegForm":"Not classified"},"geometry":{"type":"Polygon","coordinates":[[[148.98853,-31.29761],[148.98853,-31.2977],[148.98848,-31.2977],[148.98853,-31.29761]]]}},{"type":"Feature","properties":{"OBJECTID":8711649,"PCTID":0,"PCTName":"Not classified","vegClass":"Not classified","vegForm":"Not classified"},"geometry":{"type":"Polygon","coordinates":[[[148.99505,-31.29759],[148.99483,-31.29723],[148.99531,-31.29777],[148.99505,-31.29759]]]}},{"type":"Feature","properties":{"OBJECTID":8711651,"PCTID":0,"PCTName":"Not classified","vegClass":"Not classified","vegForm":"Not classified"},"geometry":{"type":"Polygon","coordinates":[[[148.98848,-31.2977],[148.98843,-31.29788],[148.98833,-31.29793],[148.98848,-31.2977]]]}},{"type":"Feature","properties":{"OBJECTID":8711652,"PCTID":0,"PCTName":"Not classified","vegClass":"Not classified","vegForm":"Not classified"},"geometry":{"type":"Polygon","coordinates":[[[148.99531,-31.29781],[148.99531,-31.29777],[148.99537,-31.29781],[148.99531,-31.29781]]]}},{"type":"Feature","properties":{"OBJECTID":8711655,"PCTID":0,"PCTName":"Not classified","vegClass":"Not classified","vegForm":"Not classified"},"geometry":{"type":"Polygon","coordinates":[[[148.99537,-31.29786],[148.99537,-31.29781],[148.99542,-31.29785],[148.99537,-31.29786]]]}},{"type":"Feature","properties":{"OBJECTID":8711656,"PCTID":0,"PCTName":"Not classified","vegClass":"Not classified","vegForm":"Not classified"},"geometry":{"type":"Polygon","coordinates":[[[148.99542,-31.29794],[148.99542,-31.2979],[148.99547,-31.29794],[148.99542,-31.29794]]]}},{"type":"Feature","properties":{"OBJECTID":8711657,"PCTID":0,"PCTName":"Not classified","vegClass":"Not classified","vegForm":"Not classified"},"geometry":{"type":"Polygon","coordinates":[[[148.98833,-31.29793],[148.98833,-31.29802],[148.98817,-31.29811],[148.98833,-31.29793]]]}},{"type":"Feature","properties":{"OBJECTID":8711658,"PCTID":0,"PCTName":"Not classified","vegClass":"Not classified","vegForm":"Not classified"},"geometry":{"type":"Polygon","coordinates":[[[148.99548,-31.29799],[148.99547,-31.29794],[148.99553,-31.29799],[148.99548,-31.29799]]]}},{"type":"Feature","properties":{"OBJECTID":8711659,"PCTID":389,"PCTName":"Motherumbah - White Bloodwood - cypress pine very tall shrubland / woodland of the Coonabarabran region, Brigalow Belt South Bioregion","vegClass":"North-west Slopes Dry Sclerophyll Woodlands","vegForm":"Dry Sclerophyll Forests (Shrub/grass sub-formation)"},"geometry":{"type":"Polygon","coordinates":[[[149.01534,-31.29595],[149.01673,-31.2966],[149.01642,-31.29688],[149.01685,-31.29755],[149.01617,-31.29765],[149.01589,-31.29688],[149.01414,-31.2961],[149.01429,-31.29574],[149.01534,-31.29563],[149.01534,-31.29595]]]}},{"type":"Feature","properties":{"OBJECTID":8711661,"PCTID":0,"PCTName":"Not classified","vegClass":"Not classified","vegForm":"Not classified"},"geometry":{"type":"Polygon","coordinates":[[[148.98817,-31.29811],[148.98818,-31.29815],[148.98812,-31.29815],[148.98817,-31.29811]]]}},{"type":"Feature","properties":{"OBJECTID":8711663,"PCTID":0,"PCTName":"Not classified","vegClass":"Not classified","vegForm":"Not classified"},"geometry":{"type":"Polygon","coordinates":[[[148.98812,-31.29815],[148.98812,-31.2982],[148.98807,-31.2982],[148.98812,-31.29815]]]}},{"type":"Feature","properties":{"OBJECTID":8711667,"PCTID":0,"PCTName":"Not classified","vegClass":"Not classified","vegForm":"Not classified"},"geometry":{"type":"Polygon","coordinates":[[[148.99564,-31.29821],[148.99553,-31.29799],[148.99606,-31.29848],[148.99564,-31.29821]]]}},{"type":"Feature","properties":{"OBJECTID":8711669,"PCTID":0,"PCTName":"Not classified","vegClass":"Not classified","vegForm":"Not classified"},"geometry":{"type":"Polygon","coordinates":[[[148.98771,-31.29843],[148.98807,-31.2982],[148.98761,-31.29866],[148.98771,-31.29843]]]}},{"type":"Feature","properties":{"OBJECTID":8711670,"PCTID":0,"PCTName":"Not classified","vegClass":"Not classified","vegForm":"Not classified"},"geometry":{"type":"Polygon","coordinates":[[[148.99607,-31.29852],[148.99606,-31.29848],[148.99612,-31.29852],[148.99607,-31.29852]]]}},{"type":"Feature","properties":{"OBJECTID":8711675,"PCTID":0,"PCTName":"Not classified","vegClass":"Not classified","vegForm":"Not classified"},"geometry":{"type":"Polygon","coordinates":[[[148.99612,-31.29856],[148.99612,-31.29852],[148.99617,-31.29856],[148.99612,-31.29856]]]}},{"type":"Feature","properties":{"OBJECTID":8711676,"PCTID":434,"PCTName":"White Box grass shrub hill woodland on clay to loam soils on volcanic and sedimentary hills in the southern Brigalow Belt South Bioregion","vegClass":"Western Slopes Grassy Woodlands","vegForm":"Grassy Woodlands"},"geometry":{"type":"Polygon","coordinates":[[[149.0184,-31.29608],[149.01903,-31.29629],[149.01879,-31.29724],[149.01821,-31.29712],[149.01739,-31.29817],[149.01655,-31.298],[149.01617,-31.29765],[149.01685,-31.29755],[149.0169,-31.29727],[149.01642,-31.29683],[149.01746,-31.29641],[149.01759,-31.29541],[149.01776,-31.29568],[149.01812,-31.29554],[149.0184,-31.29608]]]}},{"type":"Feature","properties":{"OBJECTID":8711678,"PCTID":417,"PCTName":"Black Cypress Pine - Narrow-leaved Ironbark - red gum +/- White Bloodwood shrubby open forest on hills of the southern Pilliga, Coonabarabran and Garawilla regions, Brigalow Belt South Bioregion","vegClass":"Western Slopes Dry Sclerophyll Forests","vegForm":"Dry Sclerophyll Forests (Shrubby sub-formation)"},"geometry":{"type":"Polygon","coordinates":[[[148.99102,-31.29847],[148.99096,-31.29811],[148.99048,-31.29789],[148.99018,-31.2983],[148.99039,-31.29866],[148.98987,-31.29858],[148.99012,-31.29839],[148.99021,-31.29731],[148.99088,-31.29698],[148.99147,-31.29724],[148.99178,-31.29706],[148.99102,-31.29847]]]}},{"type":"Feature","properties":{"OBJECTID":8711679,"PCTID":0,"PCTName":"Not classified","vegClass":"Not classified","vegForm":"Not classified"},"geometry":{"type":"Polygon","coordinates":[[[148.99617,-31.29861],[148.99617,-31.29856],[148.99622,-31.29861],[148.99617,-31.29861]]]}},{"type":"Feature","properties":{"OBJECTID":8711681,"PCTID":0,"PCTName":"Not classified","vegClass":"Not classified","vegForm":"Not classified"},"geometry":{"type":"Polygon","coordinates":[[[148.99623,-31.29865],[148.99622,-31.29861],[148.99628,-31.29865],[148.99623,-31.29865]]]}},{"type":"Feature","properties":{"OBJECTID":8711685,"PCTID":0,"PCTName":"Not classified","vegClass":"Not classified","vegForm":"Not classified"},"geometry":{"type":"Polygon","coordinates":[[[148.99633,-31.29874],[148.99628,-31.29865],[148.99644,-31.29874],[148.99633,-31.29874]]]}},{"type":"Feature","properties":{"OBJECTID":8711688,"PCTID":0,"PCTName":"Not classified","vegClass":"Not classified","vegForm":"Not classified"},"geometry":{"type":"Polygon","coordinates":[[[148.99644,-31.29879],[148.99644,-31.29874],[148.99649,-31.29878],[148.99644,-31.29879]]]}},{"type":"Feature","properties":{"OBJECTID":8711690,"PCTID":0,"PCTName":"Not classified","vegClass":"Not classified","vegForm":"Not classified"},"geometry":{"type":"Polygon","coordinates":[[[148.99649,-31.29883],[148.99649,-31.29878],[148.9966,-31.29883],[148.99649,-31.29883]]]}},{"type":"Feature","properties":{"OBJECTID":8711692,"PCTID":0,"PCTName":"Not classified","vegClass":"Not classified","vegForm":"Not classified"},"geometry":{"type":"Polygon","coordinates":[[[148.9966,-31.29887],[148.9966,-31.29883],[148.99665,-31.29887],[148.9966,-31.29887]]]}},{"type":"Feature","properties":{"OBJECTID":8711694,"PCTID":0,"PCTName":"Not classified","vegClass":"Not classified","vegForm":"Not classified"},"geometry":{"type":"Polygon","coordinates":[[[148.99665,-31.29892],[148.99665,-31.29887],[148.9967,-31.29892],[148.99665,-31.29892]]]}},{"type":"Feature","properties":{"OBJECTID":8711696,"PCTID":389,"PCTName":"Motherumbah - White Bloodwood - cypress pine very tall shrubland / woodland of the Coonabarabran region, Brigalow Belt South Bioregion","vegClass":"North-west Slopes Dry Sclerophyll Woodlands","vegForm":"Dry Sclerophyll Forests (Shrub/grass sub-formation)"},"geometry":{"type":"Polygon","coordinates":[[[148.9789,-31.29691],[148.97893,-31.29812],[148.9793,-31.29857],[148.97889,-31.29885],[148.97752,-31.29887],[148.97737,-31.2991],[148.97827,-31.29926],[148.97738,-31.29928],[148.97678,-31.29861],[148.97594,-31.29853],[148.97644,-31.29744],[148.97676,-31.29739],[148.97621,-31.29641],[148.97662,-31.29581],[148.9789,-31.29691]]]}},{"type":"Feature","properties":{"OBJECTID":8711697,"PCTID":0,"PCTName":"Not classified","vegClass":"Not classified","vegForm":"Not classified"},"geometry":{"type":"Polygon","coordinates":[[[148.99671,-31.29896],[148.9967,-31.29892],[148.99681,-31.29896],[148.99671,-31.29896]]]}},{"type":"Feature","properties":{"OBJECTID":8711698,"PCTID":393,"PCTName":"White Box shrubby woodland of the western Liverpool Range, Warrumbungle Range and south-west Pilliga forests, Brigalow Belt South Bioregion","vegClass":"North-west Slopes Dry Sclerophyll Woodlands","vegForm":"Dry Sclerophyll Forests (Shrub/grass sub-formation)"},"geometry":{"type":"Polygon","coordinates":[[[148.99679,-31.29824],[148.99694,-31.29774],[148.99614,-31.29721],[148.99771,-31.297],[148.99776,-31.29655],[148.99708,-31.2967],[148.99765,-31.29633],[148.99823,-31.29641],[148.99876,-31.29699],[148.99982,-31.29701],[148.99911,-31.29603],[149.00011,-31.29606],[149.00008,-31.29701],[149.00046,-31.29755],[149.00015,-31.29773],[149.00115,-31.29817],[149.00117,-31.29866],[148.9998,-31.29891],[148.9998,-31.29859],[148.99826,-31.29799],[148.99841,-31.29767],[148.99793,-31.29723],[148.99767,-31.29732],[148.99795,-31.29799],[148.99758,-31.29809],[148.99785,-31.29854],[148.99764,-31.29863],[148.99679,-31.29824]]]}},{"type":"Feature","properties":{"OBJECTID":8711700,"PCTID":389,"PCTName":"Motherumbah - White Bloodwood - cypress pine very tall shrubland / woodland of the Coonabarabran region, Brigalow Belt South Bioregion","vegClass":"North-west Slopes Dry Sclerophyll Woodlands","vegForm":"Dry Sclerophyll Forests (Shrub/grass sub-formation)"},"geometry":{"type":"Polygon","coordinates":[[[148.98578,-31.29919],[148.98603,-31.29877],[148.9855,-31.29856],[148.98618,-31.29823],[148.98673,-31.29718],[148.98742,-31.29735],[148.98657,-31.29913],[148.98578,-31.29919]]]}},{"type":"Feature","properties":{"OBJECTID":8711701,"PCTID":0,"PCTName":"Not classified","vegClass":"Not classified","vegForm":"Not classified"},"geometry":{"type":"Polygon","coordinates":[[[148.99681,-31.299],[148.99681,-31.29896],[148.99686,-31.299],[148.99681,-31.299]]]}},{"type":"Feature","properties":{"OBJECTID":8711702,"PCTID":417,"PCTName":"Black Cypress Pine - Narrow-leaved Ironbark - red gum +/- White Bloodwood shrubby open forest on hills of the southern Pilliga, Coonabarabran and Garawilla regions, Brigalow Belt South Bioregion","vegClass":"Western Slopes Dry Sclerophyll Forests","vegForm":"Dry Sclerophyll Forests (Shrubby sub-formation)"},"geometry":{"type":"Polygon","coordinates":[[[148.99616,-31.29324],[148.99512,-31.29389],[148.99448,-31.29584],[148.99373,-31.29508],[148.99259,-31.29601],[148.99008,-31.29623],[148.98931,-31.29714],[148.98868,-31.29729],[148.98807,-31.2982],[148.98744,-31.29835],[148.98699,-31.29917],[148.98657,-31.29913],[148.98742,-31.29735],[148.98626,-31.29692],[148.9863,-31.29669],[148.98661,-31.29651],[148.98747,-31.29695],[148.98893,-31.29674],[148.99033,-31.29573],[148.99053,-31.29523],[148.99005,-31.29505],[148.9903,-31.29442],[148.99146,-31.29458],[148.99171,-31.29412],[148.99343,-31.29356],[148.99316,-31.2932],[148.99264,-31.2933],[148.99283,-31.29262],[148.99368,-31.29278],[148.99383,-31.29251],[148.99335,-31.2922],[148.9943,-31.29223],[148.99465,-31.2916],[148.99402,-31.29183],[148.99333,-31.29148],[148.99473,-31.29029],[148.99536,-31.29027],[148.9954,-31.28982],[148.99589,-31.29081],[148.99501,-31.29127],[148.99551,-31.29226],[148.99619,-31.29229],[148.99616,-31.29324]]]}},{"type":"Feature","properties":{"OBJECTID":8711703,"PCTID":0,"PCTName":"Not classified","vegClass":"Not classified","vegForm":"Not classified"},"geometry":{"type":"Polygon","coordinates":[[[148.98735,-31.29893],[148.98761,-31.29866],[148.98731,-31.29921],[148.98735,-31.29893]]]}},{"type":"Feature","properties":{"OBJECTID":8711704,"PCTID":0,"PCTName":"Not classified","vegClass":"Not classified","vegForm":"Not classified"},"geometry":{"type":"Polygon","coordinates":[[[148.99687,-31.29905],[148.99686,-31.299],[148.99692,-31.29905],[148.99687,-31.29905]]]}},{"type":"Feature","properties":{"OBJECTID":8711709,"PCTID":393,"PCTName":"White Box shrubby woodland of the western Liverpool Range, Warrumbungle Range and south-west Pilliga forests, Brigalow Belt South Bioregion","vegClass":"North-west Slopes Dry Sclerophyll Woodlands","vegForm":"Dry Sclerophyll Forests (Shrub/grass sub-formation)"},"geometry":{"type":"Polygon","coordinates":[[[149.00154,-31.29884],[149.00118,-31.29911],[149.00143,-31.29852],[149.00154,-31.29884]]]}},{"type":"Feature","properties":{"OBJECTID":8711711,"PCTID":417,"PCTName":"Black Cypress Pine - Narrow-leaved Ironbark - red gum +/- White Bloodwood shrubby open forest on hills of the southern Pilliga, Coonabarabran and Garawilla regions, Brigalow Belt South Bioregion","vegClass":"Western Slopes Dry Sclerophyll Forests","vegForm":"Dry Sclerophyll Forests (Shrubby sub-formation)"},"geometry":{"type":"Polygon","coordinates":[[[149.00469,-31.29865],[149.00432,-31.29852],[149.00466,-31.29739],[149.00519,-31.29783],[149.00478,-31.29829],[149.00548,-31.29882],[149.0059,-31.29876],[149.00598,-31.298],[149.00703,-31.29784],[149.00741,-31.29815],[149.00736,-31.29856],[149.00669,-31.29889],[149.00528,-31.29932],[149.0047,-31.29915],[149.00469,-31.29865]]]}},{"type":"Feature","properties":{"OBJECTID":8711712,"PCTID":393,"PCTName":"White Box shrubby woodland of the western Liverpool Range, Warrumbungle Range and south-west Pilliga forests, Brigalow Belt South Bioregion","vegClass":"North-west Slopes Dry Sclerophyll Woodlands","vegForm":"Dry Sclerophyll Forests (Shrub/grass sub-formation)"},"geometry":{"type":"Polygon","coordinates":[[[149.01671,-31.29809],[149.01712,-31.29799],[149.01704,-31.29899],[149.01657,-31.29913],[149.01641,-31.29877],[149.01583,-31.29896],[149.01561,-31.29842],[149.01519,-31.29843],[149.01491,-31.29776],[149.01417,-31.29727],[149.01416,-31.29682],[149.01505,-31.29672],[149.01575,-31.29765],[149.01617,-31.29769],[149.01671,-31.29809]]]}},{"type":"Feature","properties":{"OBJECTID":8711718,"PCTID":386,"PCTName":"Tumbledown Red Gum trachyte rock flat sedgeland - shrubland of the Warrumbungle Range region","vegClass":"North-west Slopes Dry Sclerophyll Woodlands","vegForm":"Dry Sclerophyll Forests (Shrub/grass sub-formation)"},"geometry":{"type":"Polygon","coordinates":[[[148.99008,-31.29871],[148.99071,-31.29865],[148.98989,-31.29961],[148.98931,-31.29953],[148.99008,-31.29871]]]}},{"type":"Feature","properties":{"OBJECTID":8711721,"PCTID":389,"PCTName":"Motherumbah - White Bloodwood - cypress pine very tall shrubland / woodland of the Coonabarabran region, Brigalow Belt South Bioregion","vegClass":"North-west Slopes Dry Sclerophyll Woodlands","vegForm":"Dry Sclerophyll Forests (Shrub/grass sub-formation)"},"geometry":{"type":"Polygon","coordinates":[[[149.00241,-31.29806],[149.00273,-31.29828],[149.00357,-31.29817],[149.00418,-31.29739],[149.0045,-31.29743],[149.00432,-31.29852],[149.00469,-31.29865],[149.0048,-31.2991],[149.0026,-31.29945],[149.00248,-31.29882],[149.00131,-31.29821],[149.00118,-31.29686],[149.00245,-31.29742],[149.00241,-31.29806]]]}},{"type":"Feature","properties":{"OBJECTID":8711723,"PCTID":417,"PCTName":"Black Cypress Pine - Narrow-leaved Ironbark - red gum +/- White Bloodwood shrubby open forest on hills of the southern Pilliga, Coonabarabran and Garawilla regions, Brigalow Belt South Bioregion","vegClass":"Western Slopes Dry Sclerophyll Forests","vegForm":"Dry Sclerophyll Forests (Shrubby sub-formation)"},"geometry":{"type":"Polygon","coordinates":[[[148.9729,-31.2915],[148.97242,-31.29155],[148.97259,-31.29182],[148.97192,-31.29233],[148.97204,-31.29323],[148.97237,-31.29381],[148.97396,-31.29468],[148.97445,-31.29535],[148.97425,-31.29581],[148.97505,-31.29625],[148.97522,-31.29683],[148.97575,-31.29696],[148.97582,-31.29768],[148.97524,-31.29796],[148.97496,-31.29692],[148.97427,-31.29685],[148.97382,-31.29748],[148.97405,-31.29843],[148.97374,-31.2987],[148.973,-31.29863],[148.97229,-31.29963],[148.97169,-31.29896],[148.9716,-31.29923],[148.9716,-31.29765],[148.97172,-31.29756],[148.9716,-31.29751],[148.9716,-31.29457],[148.9716,-31.29454],[148.9716,-31.29452],[148.9716,-31.29091],[148.9729,-31.2915]]]}},{"type":"Feature","properties":{"OBJECTID":8711724,"PCTID":417,"PCTName":"Black Cypress Pine - Narrow-leaved Ironbark - red gum +/- White Bloodwood shrubby open forest on hills of the southern Pilliga, Coonabarabran and Garawilla regions, Brigalow Belt South Bioregion","vegClass":"Western Slopes Dry Sclerophyll Forests","vegForm":"Dry Sclerophyll Forests (Shrubby sub-formation)"},"geometry":{"type":"Polygon","coordinates":[[[149.01575,-31.29765],[149.01505,-31.29672],[149.01421,-31.29673],[149.01417,-31.29727],[149.01599,-31.29896],[149.01563,-31.29937],[149.015,-31.29911],[149.01385,-31.29746],[149.01398,-31.29615],[149.01467,-31.29614],[149.01589,-31.29688],[149.01617,-31.29765],[149.01575,-31.29765]]]}},{"type":"Feature","properties":{"OBJECTID":8711726,"PCTID":0,"PCTName":"Not classified","vegClass":"Not classified","vegForm":"Not classified"},"geometry":{"type":"Polygon","coordinates":[[[149.0113,-31.2984],[149.01099,-31.29877],[149.01111,-31.29918],[149.01028,-31.29959],[149.01025,-31.29856],[149.01103,-31.29791],[149.0113,-31.2984]]]}},{"type":"Feature","properties":{"OBJECTID":8711728,"PCTID":393,"PCTName":"White Box shrubby woodland of the western Liverpool Range, Warrumbungle Range and south-west Pilliga forests, Brigalow Belt South Bioregion","vegClass":"North-west Slopes Dry Sclerophyll Woodlands","vegForm":"Dry Sclerophyll Forests (Shrub/grass sub-formation)"},"geometry":{"type":"Polygon","coordinates":[[[149.00114,-31.30002],[149.00067,-31.2998],[149.00118,-31.29916],[149.00113,-31.29961],[149.00114,-31.30002]]]}},{"type":"Feature","properties":{"OBJECTID":8711731,"PCTID":379,"PCTName":"Inland Scribbly Gum - White Bloodwood - Red Stringybark - Black Cypress Pine shrubby sandstone woodland mainly of the Warrumbungle NP - Pilliga region in the Brigalow Belt South Bioregion","vegClass":"Western Slopes Dry Sclerophyll Forests","vegForm":"Dry Sclerophyll Forests (Shrubby sub-formation)"},"geometry":{"type":"Polygon","coordinates":[[[148.98162,-31.29632],[148.9823,-31.29626],[148.982,-31.29677],[148.98289,-31.2968],[148.9838,-31.29759],[148.9836,-31.29787],[148.98424,-31.29826],[148.98465,-31.29808],[148.98452,-31.29907],[148.98389,-31.29944],[148.98396,-31.30012],[148.9837,-31.30035],[148.98308,-31.3004],[148.98264,-31.29969],[148.98373,-31.29895],[148.98356,-31.29845],[148.98235,-31.29834],[148.9812,-31.29876],[148.98061,-31.29814],[148.98083,-31.29647],[148.98052,-31.29638],[148.98098,-31.29592],[148.98162,-31.29632]]]}},{"type":"Feature","properties":{"OBJECTID":8711732,"PCTID":379,"PCTName":"Inland Scribbly Gum - White Bloodwood - Red Stringybark - Black Cypress Pine shrubby sandstone woodland mainly of the Warrumbungle NP - Pilliga region in the Brigalow Belt South Bioregion","vegClass":"Western Slopes Dry Sclerophyll Forests","vegForm":"Dry Sclerophyll Forests (Shrubby sub-formation)"},"geometry":{"type":"Polygon","coordinates":[[[149.03938,-31.29934],[149.03917,-31.29907],[149.03968,-31.29874],[149.04085,-31.29936],[149.03938,-31.29934]]]}},{"type":"Feature","properties":{"OBJECTID":8711734,"PCTID":393,"PCTName":"White Box shrubby woodland of the western Liverpool Range, Warrumbungle Range and south-west Pilliga forests, Brigalow Belt South Bioregion","vegClass":"North-west Slopes Dry Sclerophyll Woodlands","vegForm":"Dry Sclerophyll Forests (Shrub/grass sub-formation)"},"geometry":{"type":"Polygon","coordinates":[[[148.99515,-31.29763],[148.99497,-31.29885],[148.99519,-31.29926],[148.99327,-31.29784],[148.99326,-31.29753],[148.99259,-31.29804],[148.99313,-31.29875],[148.99376,-31.29878],[148.99388,-31.29928],[148.99419,-31.29923],[148.99411,-31.30018],[148.99284,-31.29984],[148.99325,-31.29956],[148.99221,-31.2998],[148.99157,-31.29954],[148.98985,-31.30043],[148.98984,-31.29989],[148.99082,-31.2991],[148.9913,-31.29932],[148.99182,-31.29886],[148.99149,-31.29846],[148.99201,-31.298],[148.99199,-31.29732],[148.99109,-31.29698],[148.99021,-31.29731],[148.99012,-31.29839],[148.98987,-31.29853],[148.99008,-31.29875],[148.98895,-31.2999],[148.98857,-31.29959],[148.98731,-31.29957],[148.98761,-31.29866],[148.98997,-31.29632],[148.99422,-31.29607],[148.99466,-31.29696],[148.99515,-31.29763]]]}},{"type":"Feature","properties":{"OBJECTID":8711735,"PCTID":434,"PCTName":"White Box grass shrub hill woodland on clay to loam soils on volcanic and sedimentary hills in the southern Brigalow Belt South Bioregion","vegClass":"Western Slopes Grassy Woodlands","vegForm":"Grassy Woodlands"},"geometry":{"type":"Polygon","coordinates":[[[149.0168,-31.29998],[149.01584,-31.29932],[149.0162,-31.29882],[149.01652,-31.29909],[149.0168,-31.29998]]]}},{"type":"Feature","properties":{"OBJECTID":8711737,"PCTID":381,"PCTName":"Rough-barked Apple - Yellow Box grass/shrub footslope open forest, Brigalow Belt South Bioregion","vegClass":"North-west Slopes Dry Sclerophyll Woodlands","vegForm":"Dry Sclerophyll Forests (Shrub/grass sub-formation)"},"geometry":{"type":"Polygon","coordinates":[[[149.01686,-31.30007],[149.01764,-31.29965],[149.01812,-31.3001],[149.01686,-31.30007]]]}},{"type":"Feature","properties":{"OBJECTID":8711739,"PCTID":393,"PCTName":"White Box shrubby woodland of the western Liverpool Range, Warrumbungle Range and south-west Pilliga forests, Brigalow Belt South Bioregion","vegClass":"North-west Slopes Dry Sclerophyll Woodlands","vegForm":"Dry Sclerophyll Forests (Shrub/grass sub-formation)"},"geometry":{"type":"Polygon","coordinates":[[[149.02821,-31.30006],[149.02773,-31.30012],[149.02765,-31.29877],[149.02791,-31.2984],[149.02838,-31.29866],[149.02821,-31.30006]]]}},{"type":"Feature","properties":{"OBJECTID":8711742,"PCTID":0,"PCTName":"Not classified","vegClass":"Not classified","vegForm":"Not classified"},"geometry":{"type":"Polygon","coordinates":[[[148.98934,-31.30084],[148.98868,-31.29972],[148.98742,-31.29974],[148.98725,-31.29921],[148.98747,-31.2997],[148.98857,-31.29959],[148.9889,-31.2999],[148.98934,-31.30084]]]}},{"type":"Feature","properties":{"OBJECTID":8711743,"PCTID":379,"PCTName":"Inland Scribbly Gum - White Bloodwood - Red Stringybark - Black Cypress Pine shrubby sandstone woodland mainly of the Warrumbungle NP - Pilliga region in the Brigalow Belt South Bioregion","vegClass":"Western Slopes Dry Sclerophyll Forests","vegForm":"Dry Sclerophyll Forests (Shrubby sub-formation)"},"geometry":{"type":"Polygon","coordinates":[[[148.97983,-31.30104],[148.97941,-31.30087],[148.97986,-31.29991],[148.98002,-31.30009],[148.97971,-31.30037],[148.97998,-31.30072],[148.97983,-31.30104]]]}},{"type":"Feature","properties":{"OBJECTID":8711746,"PCTID":381,"PCTName":"Rough-barked Apple - Yellow Box grass/shrub footslope open forest, Brigalow Belt South Bioregion","vegClass":"North-west Slopes Dry Sclerophyll Woodlands","vegForm":"Dry Sclerophyll Forests (Shrub/grass sub-formation)"},"geometry":{"type":"Polygon","coordinates":[[[148.97294,-31.30048],[148.97383,-31.30033],[148.97406,-31.30132],[148.97294,-31.30048]]]}},{"type":"Feature","properties":{"OBJECTID":8711749,"PCTID":381,"PCTName":"Rough-barked Apple - Yellow Box grass/shrub footslope open forest, Brigalow Belt South Bioregion","vegClass":"North-west Slopes Dry Sclerophyll Woodlands","vegForm":"Dry Sclerophyll Forests (Shrub/grass sub-formation)"},"geometry":{"type":"Polygon","coordinates":[[[149.01687,-31.30057],[149.0176,-31.30038],[149.01745,-31.30078],[149.01687,-31.30057]]]}},{"type":"Feature","properties":{"OBJECTID":8711753,"PCTID":417,"PCTName":"Black Cypress Pine - Narrow-leaved Ironbark - red gum +/- White Bloodwood shrubby open forest on hills of the southern Pilliga, Coonabarabran and Garawilla regions, Brigalow Belt South Bioregion","vegClass":"Western Slopes Dry Sclerophyll Forests","vegForm":"Dry Sclerophyll Forests (Shrubby sub-formation)"},"geometry":{"type":"Polygon","coordinates":[[[149.02645,-31.29888],[149.02583,-31.29938],[149.024,-31.3],[149.02438,-31.30035],[149.02422,-31.30054],[149.02202,-31.30071],[149.02197,-31.30094],[149.01966,-31.30079],[149.01817,-31.30023],[149.01764,-31.29965],[149.0169,-31.29989],[149.01648,-31.29949],[149.01652,-31.29909],[149.01704,-31.29899],[149.01713,-31.29822],[149.01911,-31.29769],[149.01942,-31.29728],[149.01925,-31.29683],[149.01989,-31.29691],[149.02056,-31.2964],[149.02145,-31.29657],[149.02069,-31.29748],[149.02142,-31.29761],[149.02118,-31.29824],[149.02145,-31.29878],[149.02197,-31.29868],[149.02186,-31.29814],[149.02247,-31.29745],[149.02289,-31.2974],[149.02325,-31.29681],[149.02313,-31.29618],[149.02359,-31.29594],[149.02444,-31.29638],[149.02486,-31.29624],[149.02541,-31.29731],[149.02654,-31.29838],[149.02645,-31.29888]]]}},{"type":"Feature","properties":{"OBJECTID":8711755,"PCTID":0,"PCTName":"Not classified","vegClass":"Not classified","vegForm":"Not classified"},"geometry":{"type":"Polygon","coordinates":[[[148.99714,-31.29941],[148.99708,-31.30144],[148.99692,-31.29905],[148.99714,-31.29941]]]}},{"type":"Feature","properties":{"OBJECTID":8711757,"PCTID":420,"PCTName":"Red Stringybark - Rough-barked Apple +/- Nortons Box open forest on hillslopes in the Warrumbungle NP - Coolah regions","vegClass":"Western Slopes Dry Sclerophyll Forests","vegForm":"Dry Sclerophyll Forests (Shrubby sub-formation)"},"geometry":{"type":"Polygon","coordinates":[[[148.99313,-31.30141],[148.99245,-31.30133],[148.99307,-31.30083],[148.99313,-31.30141]]]}},{"type":"Feature","properties":{"OBJECTID":8711760,"PCTID":417,"PCTName":"Black Cypress Pine - Narrow-leaved Ironbark - red gum +/- White Bloodwood shrubby open forest on hills of the southern Pilliga, Coonabarabran and Garawilla regions, Brigalow Belt South Bioregion","vegClass":"Western Slopes Dry Sclerophyll Forests","vegForm":"Dry Sclerophyll Forests (Shrubby sub-formation)"},"geometry":{"type":"Polygon","coordinates":[[[148.99585,-31.29848],[148.9957,-31.2988],[148.99656,-31.29941],[148.99657,-31.30009],[148.99611,-31.30055],[148.99675,-31.30099],[148.99676,-31.30158],[148.99571,-31.30128],[148.99606,-31.30082],[148.99505,-31.30025],[148.99614,-31.29956],[148.9954,-31.29943],[148.99497,-31.29885],[148.99495,-31.29818],[148.99531,-31.29777],[148.99585,-31.29848]]]}},{"type":"Feature","properties":{"OBJECTID":8711762,"PCTID":0,"PCTName":"Not classified","vegClass":"Not classified","vegForm":"Not classified"},"geometry":{"type":"Polygon","coordinates":[[[148.99698,-31.30166],[148.99697,-31.30148],[148.99703,-31.30166],[148.99698,-31.30166]]]}},{"type":"Feature","properties":{"OBJECTID":8711763,"PCTID":381,"PCTName":"Rough-barked Apple - Yellow Box grass/shrub footslope open forest, Brigalow Belt South Bioregion","vegClass":"North-west Slopes Dry Sclerophyll Woodlands","vegForm":"Dry Sclerophyll Forests (Shrub/grass sub-formation)"},"geometry":{"type":"Polygon","coordinates":[[[149.02245,-31.30115],[149.02197,-31.30084],[149.02422,-31.30054],[149.02438,-31.30035],[149.024,-31.3],[149.02583,-31.29938],[149.02645,-31.29888],[149.02654,-31.29838],[149.02727,-31.29823],[149.02677,-31.2995],[149.02454,-31.30053],[149.02418,-31.30103],[149.02324,-31.30109],[149.02245,-31.30115]]]}},{"type":"Feature","properties":{"OBJECTID":8711764,"PCTID":0,"PCTName":"Not classified","vegClass":"Not classified","vegForm":"Not classified"},"geometry":{"type":"MultiPolygon","coordinates":[[[[148.97612,-31.28026],[148.97495,-31.27978],[148.9737,-31.27808],[148.97307,-31.27773],[148.97375,-31.27799],[148.97521,-31.27987],[148.9764,-31.28015],[148.97612,-31.28026]]],[[[148.98001,-31.27856],[148.97752,-31.27974],[148.97801,-31.28018],[148.97737,-31.27978],[148.97674,-31.28002],[148.98001,-31.27856]]],[[[148.9821,-31.27763],[148.98224,-31.27709],[148.98282,-31.27676],[148.98423,-31.27674],[148.98287,-31.27681],[148.9823,-31.27713],[148.98215,-31.27763],[148.98292,-31.27776],[148.98169,-31.27782],[148.9821,-31.27763]]],[[[148.98389,-31.27792],[148.98448,-31.27835],[148.98324,-31.27781],[148.98389,-31.27792]]],[[[148.98683,-31.28008],[148.98966,-31.28122],[148.98752,-31.28057],[148.98603,-31.27973],[148.98477,-31.27857],[148.98683,-31.28008]]],[[[148.99049,-31.28156],[148.99055,-31.28186],[148.99023,-31.28145],[148.99049,-31.28156]]],[[[148.99137,-31.28569],[148.99185,-31.286],[148.99191,-31.28654],[148.99702,-31.28953],[148.99711,-31.28898],[148.99729,-31.2897],[148.99957,-31.29088],[149.00319,-31.29037],[149.00333,-31.28965],[149.00305,-31.2887],[149.00263,-31.28876],[149.00285,-31.28934],[149.00259,-31.28948],[149.00073,-31.28865],[149.00095,-31.28671],[149.00059,-31.28681],[149.00042,-31.28654],[148.99965,-31.28732],[148.9996,-31.28759],[148.99992,-31.28767],[148.99962,-31.28817],[148.99973,-31.28867],[148.99926,-31.28872],[149.00027,-31.28902],[148.99954,-31.28957],[148.99961,-31.28998],[149.00008,-31.2902],[148.99967,-31.2907],[148.99909,-31.29057],[148.99908,-31.28999],[148.99855,-31.28973],[148.99859,-31.28909],[148.99827,-31.28887],[148.99858,-31.28864],[148.99831,-31.28847],[148.99871,-31.28738],[148.99963,-31.28628],[148.99944,-31.28475],[148.99911,-31.28444],[148.99875,-31.2848],[148.99859,-31.2844],[148.99913,-31.28299],[148.99778,-31.2813],[148.99793,-31.28085],[148.99734,-31.28032],[148.99661,-31.28037],[148.99712,-31.27991],[148.99825,-31.2808],[148.99855,-31.28043],[148.99914,-31.28069],[148.9995,-31.28046],[148.99972,-31.28104],[149.00024,-31.2809],[149.00162,-31.28151],[149.00254,-31.28262],[149.00275,-31.28239],[149.00328,-31.28256],[149.0028,-31.28235],[149.00277,-31.28126],[149.0013,-31.2812],[149.00134,-31.2807],[149.00066,-31.28085],[148.99959,-31.27992],[148.99913,-31.28029],[148.99849,-31.28003],[148.99813,-31.28044],[148.99749,-31.27973],[148.99611,-31.27948],[148.99589,-31.27885],[148.99504,-31.27823],[148.99677,-31.27802],[148.99649,-31.27749],[148.99586,-31.27759],[148.99621,-31.27696],[148.99769,-31.27697],[148.99751,-31.27621],[148.99704,-31.27644],[148.99735,-31.27616],[148.99678,-31.2741],[148.99719,-31.27364],[148.99772,-31.27386],[148.99883,-31.2719],[148.99814,-31.27128],[148.99816,-31.27223],[148.99775,-31.27291],[148.99672,-31.2736],[148.99626,-31.27433],[148.99574,-31.27434],[148.99619,-31.27325],[148.99737,-31.27197],[148.99745,-31.27088],[148.99699,-31.2695],[148.99782,-31.27115],[148.99823,-31.27078],[148.998,-31.26979],[148.99873,-31.26933],[148.99902,-31.2686],[149.00112,-31.2683],[149.00108,-31.26884],[149.00176,-31.2686],[149.00203,-31.26923],[149.00151,-31.26951],[149.00161,-31.26906],[149.00051,-31.26921],[148.99975,-31.27044],[148.99991,-31.27066],[148.99947,-31.27189],[148.99983,-31.27197],[149.00028,-31.27309],[148.99997,-31.27319],[148.99957,-31.2741],[148.99982,-31.27603],[148.99945,-31.2759],[148.99912,-31.27505],[148.99881,-31.27537],[148.99818,-31.27538],[148.99816,-31.27475],[148.99776,-31.27544],[148.99861,-31.27592],[148.99867,-31.2765],[148.99773,-31.27643],[148.99774,-31.27697],[148.99903,-31.27839],[148.99956,-31.27856],[148.99982,-31.2782],[148.99886,-31.27794],[148.99912,-31.2778],[148.99864,-31.27736],[148.99896,-31.27745],[148.999,-31.27709],[148.99863,-31.27678],[148.99916,-31.27695],[148.99966,-31.27811],[149.00024,-31.27842],[149.00029,-31.27815],[149.00124,-31.27836],[149.0012,-31.27908],[149.00173,-31.2793],[149.00257,-31.27919],[149.0026,-31.27838],[149.00423,-31.27808],[149.00513,-31.27847],[149.00705,-31.27763],[149.00792,-31.27897],[149.00945,-31.27894],[149.00981,-31.27885],[149.0097,-31.27849],[149.00996,-31.27835],[149.01138,-31.27828],[149.01254,-31.27849],[149.0126,-31.27921],[149.01319,-31.27933],[149.01391,-31.27891],[149.01434,-31.27909],[149.01387,-31.27932],[149.0139,-31.28054],[149.01427,-31.28067],[149.01385,-31.2809],[149.01412,-31.28126],[149.01382,-31.28167],[149.01425,-31.28211],[149.01406,-31.28302],[149.01474,-31.28301],[149.01515,-31.2825],[149.01527,-31.28304],[149.01491,-31.2835],[149.01365,-31.28348],[149.01322,-31.28303],[149.01254,-31.28322],[149.01226,-31.28269],[149.01152,-31.28238],[149.01142,-31.28266],[149.01195,-31.28287],[149.01196,-31.28341],[149.01255,-31.28363],[149.0114,-31.28424],[149.01147,-31.28491],[149.01095,-31.28528],[149.01169,-31.28527],[149.0124,-31.28431],[149.01366,-31.28388],[149.01487,-31.28431],[149.01451,-31.28473],[149.01361,-31.28424],[149.01277,-31.28444],[149.01247,-31.28485],[149.01259,-31.28543],[149.0119,-31.28535],[149.0115,-31.28631],[149.01195,-31.28729],[149.01166,-31.28861],[149.01219,-31.28873],[149.01164,-31.28996],[149.01185,-31.29027],[149.01258,-31.29004],[149.01275,-31.29039],[149.01255,-31.29067],[149.0117,-31.29059],[149.01152,-31.29172],[149.0122,-31.29162],[149.01281,-31.29084],[149.01335,-31.29115],[149.01354,-31.29061],[149.0146,-31.29095],[149.01503,-31.29144],[149.01505,-31.29207],[149.01479,-31.29221],[149.01501,-31.29266],[149.01459,-31.2928],[149.01445,-31.29361],[149.01366,-31.29354],[149.01409,-31.29389],[149.01509,-31.29401],[149.01517,-31.295],[149.01459,-31.29488],[149.01454,-31.29515],[149.01539,-31.29563],[149.01429,-31.29574],[149.01398,-31.29615],[149.01385,-31.29746],[149.01413,-31.29786],[149.01387,-31.298],[149.01334,-31.29787],[149.01342,-31.29684],[149.01279,-31.29676],[149.01277,-31.29594],[149.01167,-31.29614],[149.01191,-31.29736],[149.01375,-31.29981],[149.0146,-31.30016],[149.01466,-31.30047],[149.01745,-31.30087],[149.01461,-31.30056],[149.0151,-31.30141],[149.01435,-31.30088],[149.01445,-31.30052],[149.01324,-31.30049],[149.01249,-31.29978],[149.01202,-31.29988],[149.01187,-31.30034],[149.01123,-31.2998],[149.01174,-31.29935],[149.01216,-31.29938],[149.01119,-31.29791],[149.0109,-31.29688],[149.01027,-31.29702],[149.01029,-31.29774],[149.00913,-31.29772],[149.00883,-31.29836],[149.00836,-31.29841],[149.00767,-31.2981],[149.00755,-31.2977],[149.00796,-31.2972],[149.00738,-31.2968],[149.00685,-31.29694],[149.00712,-31.29717],[149.00697,-31.29744],[149.00623,-31.29713],[149.0055,-31.29751],[149.00528,-31.29702],[149.0046,-31.29694],[149.00387,-31.29731],[149.00342,-31.29619],[149.00432,-31.29626],[149.00467,-31.29581],[149.00456,-31.29536],[149.00351,-31.29524],[149.0033,-31.29556],[149.00306,-31.29412],[149.00385,-31.29411],[149.00383,-31.29334],[149.00435,-31.29297],[149.00397,-31.29266],[149.00412,-31.29225],[149.00465,-31.29251],[149.00533,-31.29237],[149.00558,-31.29182],[149.00351,-31.29055],[149.00299,-31.29078],[149.00342,-31.29132],[149.00307,-31.29209],[149.00372,-31.29284],[149.00325,-31.29321],[149.00272,-31.29304],[149.00206,-31.29391],[149.00133,-31.2941],[149.00105,-31.2937],[149.00146,-31.29311],[149.00277,-31.29277],[149.00286,-31.29218],[149.00259,-31.29183],[149.0017,-31.2918],[149.0011,-31.29086],[148.99943,-31.29156],[148.99973,-31.29323],[148.99857,-31.29288],[148.99965,-31.29422],[148.99923,-31.29427],[148.99941,-31.29535],[148.99878,-31.29554],[148.99869,-31.296],[148.99965,-31.29648],[148.99955,-31.29684],[148.99982,-31.29701],[148.99876,-31.29699],[148.99791,-31.29632],[148.99723,-31.29661],[148.99654,-31.29635],[148.99648,-31.29603],[148.99716,-31.2958],[148.9972,-31.29507],[148.99682,-31.29476],[148.99641,-31.29527],[148.99599,-31.29514],[148.99598,-31.29464],[148.9967,-31.29418],[148.99633,-31.29373],[148.99631,-31.29301],[148.99673,-31.29291],[148.9966,-31.29206],[148.99639,-31.29188],[148.99624,-31.2922],[148.99646,-31.29017],[148.99601,-31.289],[148.99138,-31.2865],[148.99073,-31.2827],[148.99137,-31.28569]],[[149.0123,-31.29365],[149.0134,-31.29363],[149.0134,-31.29336],[149.0123,-31.29365]],[[149.01092,-31.28136],[149.01167,-31.28202],[149.01187,-31.28138],[149.01233,-31.28111],[149.01122,-31.28058],[149.01092,-31.28136]],[[149.00853,-31.28956],[149.00972,-31.29112],[149.00946,-31.29144],[149.00873,-31.2915],[149.00911,-31.29203],[149.00913,-31.29294],[149.00827,-31.29223],[149.0086,-31.29285],[149.0084,-31.29331],[149.00809,-31.29327],[149.0099,-31.29459],[149.01015,-31.29405],[149.00967,-31.29347],[149.01051,-31.29364],[149.01075,-31.29471],[149.01007,-31.29495],[149.01019,-31.29563],[149.01094,-31.29634],[149.01173,-31.29659],[149.01057,-31.29178],[149.00995,-31.29211],[149.01005,-31.28927],[149.00905,-31.28946],[149.00946,-31.289],[149.00944,-31.28797],[149.00843,-31.28731],[149.00863,-31.28685],[149.00921,-31.28711],[149.00888,-31.28653],[149.00926,-31.28707],[149.00973,-31.28679],[149.01078,-31.28695],[149.0114,-31.28645],[149.01112,-31.28564],[149.01012,-31.28538],[149.00987,-31.28611],[149.00919,-31.28608],[149.00883,-31.28653],[149.00737,-31.2848],[149.00653,-31.28477],[149.00583,-31.28388],[149.00536,-31.28411],[149.00525,-31.28375],[149.00404,-31.28377],[149.00323,-31.28293],[149.00352,-31.28405],[149.00599,-31.28428],[149.00638,-31.28504],[149.00717,-31.28521],[149.00756,-31.28624],[149.0083,-31.28641],[149.00769,-31.28736],[149.00881,-31.28802],[149.00853,-31.28956]],[[149.00713,-31.29279],[149.0058,-31.29222],[149.00555,-31.2925],[149.0065,-31.29293],[149.00641,-31.2933],[149.00667,-31.29347],[149.00637,-31.29393],[149.00553,-31.29408],[149.00537,-31.29386],[149.00527,-31.29417],[149.00627,-31.29434],[149.0065,-31.29519],[149.00719,-31.29558],[149.00688,-31.29582],[149.00737,-31.29657],[149.00837,-31.29674],[149.00884,-31.29628],[149.00947,-31.29631],[149.00941,-31.29595],[149.01003,-31.29545],[149.00985,-31.29482],[149.00892,-31.29533],[149.00822,-31.29435],[149.00747,-31.29409],[149.00788,-31.29345],[149.0074,-31.29333],[149.00713,-31.29279]],[[149.0079,-31.29196],[149.00827,-31.29214],[149.00804,-31.29101],[149.0079,-31.29196]],[[149.00389,-31.28878],[149.00385,-31.2895],[149.00418,-31.2899],[149.00377,-31.29059],[149.00548,-31.29169],[149.00584,-31.29137],[149.00611,-31.29168],[149.00625,-31.29109],[149.00728,-31.29021],[149.00665,-31.29018],[149.00645,-31.29045],[149.00602,-31.29023],[149.00592,-31.29051],[149.00492,-31.29025],[149.00427,-31.28941],[149.00479,-31.28926],[149.00442,-31.28904],[149.0043,-31.28841],[149.00389,-31.28878]],[[149.00591,-31.28757],[149.00671,-31.28819],[149.00681,-31.28774],[149.00622,-31.28734],[149.00591,-31.28757]],[[149.00489,-31.29594],[149.00516,-31.29648],[149.00616,-31.2965],[149.00526,-31.29598],[149.00489,-31.29594]],[[149.00496,-31.28258],[149.00513,-31.28308],[149.00586,-31.28315],[149.00569,-31.28266],[149.00517,-31.28253],[149.00496,-31.28258]],[[149.00162,-31.29062],[149.00163,-31.29112],[149.00225,-31.29097],[149.0023,-31.29061],[149.00162,-31.29062]],[[149.00087,-31.28554],[149.00093,-31.2859],[149.00204,-31.28601],[149.00134,-31.28548],[149.00087,-31.28554]],[[148.99791,-31.29411],[148.99855,-31.29464],[148.99881,-31.29437],[148.99854,-31.29406],[148.99791,-31.29411]],[[148.99606,-31.28905],[148.99656,-31.29021],[148.9966,-31.29174],[148.99744,-31.29164],[148.99742,-31.29087],[148.99784,-31.29091],[148.99788,-31.29037],[148.99843,-31.29153],[148.99781,-31.29195],[148.99777,-31.29254],[148.99714,-31.29268],[148.99705,-31.29313],[148.99738,-31.29363],[148.99681,-31.294],[148.99697,-31.29422],[148.99769,-31.29376],[148.99762,-31.29299],[148.99875,-31.29184],[148.99857,-31.29054],[148.99804,-31.29023],[148.99606,-31.28905]]],[[[148.99657,-31.26941],[148.99615,-31.26928],[148.99598,-31.26874],[148.99508,-31.26862],[148.99523,-31.26812],[148.99449,-31.26777],[148.99453,-31.26737],[148.99485,-31.26732],[148.99523,-31.26808],[148.99626,-31.26806],[148.99678,-31.2691],[148.99657,-31.26941]]],[[[148.9952,-31.26677],[148.99458,-31.26498],[148.99461,-31.26385],[148.9948,-31.26352],[148.99463,-31.2647],[148.99561,-31.26613],[148.99546,-31.26649],[148.99615,-31.26786],[148.9952,-31.26677]]]]}},{"type":"Feature","properties":{"OBJECTID":8711768,"PCTID":0,"PCTName":"Not classified","vegClass":"Not classified","vegForm":"Not classified"},"geometry":{"type":"Polygon","coordinates":[[[149.01516,-31.30159],[149.01515,-31.30141],[149.01521,-31.30159],[149.01516,-31.30159]]]}},{"type":"Feature","properties":{"OBJECTID":8711770,"PCTID":417,"PCTName":"Black Cypress Pine - Narrow-leaved Ironbark - red gum +/- White Bloodwood shrubby open forest on hills of the southern Pilliga, Coonabarabran and Garawilla regions, Brigalow Belt South Bioregion","vegClass":"Western Slopes Dry Sclerophyll Forests","vegForm":"Dry Sclerophyll Forests (Shrubby sub-formation)"},"geometry":{"type":"Polygon","coordinates":[[[148.97478,-31.30054],[148.9748,-31.30148],[148.97534,-31.30233],[148.97476,-31.3023],[148.97406,-31.30132],[148.97383,-31.30033],[148.97293,-31.30007],[148.97329,-31.29993],[148.97323,-31.29961],[148.97397,-31.29969],[148.97478,-31.30054]]]}},{"type":"Feature","properties":{"OBJECTID":8711771,"PCTID":417,"PCTName":"Black Cypress Pine - Narrow-leaved Ironbark - red gum +/- White Bloodwood shrubby open forest on hills of the southern Pilliga, Coonabarabran and Garawilla regions, Brigalow Belt South Bioregion","vegClass":"Western Slopes Dry Sclerophyll Forests","vegForm":"Dry Sclerophyll Forests (Shrubby sub-formation)"},"geometry":{"type":"Polygon","coordinates":[[[149.03968,-31.29874],[149.03917,-31.29907],[149.0407,-31.29949],[149.04035,-31.30013],[149.04058,-31.30094],[149.03995,-31.30131],[149.03684,-31.30055],[149.03608,-31.2998],[149.03383,-31.30006],[149.03497,-31.29941],[149.03507,-31.29896],[149.03652,-31.29844],[149.03701,-31.29888],[149.03655,-31.29947],[149.03719,-31.3],[149.0376,-31.29959],[149.03769,-31.29869],[149.03734,-31.29738],[149.03781,-31.29738],[149.03726,-31.29603],[149.03903,-31.29537],[149.03919,-31.29555],[149.03826,-31.29629],[149.03829,-31.29741],[149.04135,-31.29813],[149.04175,-31.2993],[149.04085,-31.29936],[149.03968,-31.29874]]]}},{"type":"Feature","properties":{"OBJECTID":8711772,"PCTID":381,"PCTName":"Rough-barked Apple - Yellow Box grass/shrub footslope open forest, Brigalow Belt South Bioregion","vegClass":"North-west Slopes Dry Sclerophyll Woodlands","vegForm":"Dry Sclerophyll Forests (Shrub/grass sub-formation)"},"geometry":{"type":"Polygon","coordinates":[[[149.02177,-31.30121],[149.0222,-31.30147],[149.02046,-31.30137],[149.01989,-31.30178],[149.01819,-31.30113],[149.01673,-31.30147],[149.01671,-31.3008],[149.01745,-31.30087],[149.02177,-31.30121]]]}},{"type":"Feature","properties":{"OBJECTID":8711775,"PCTID":389,"PCTName":"Motherumbah - White Bloodwood - cypress pine very tall shrubland / woodland of the Coonabarabran region, Brigalow Belt South Bioregion","vegClass":"North-west Slopes Dry Sclerophyll Woodlands","vegForm":"Dry Sclerophyll Forests (Shrub/grass sub-formation)"},"geometry":{"type":"Polygon","coordinates":[[[148.97542,-31.29859],[148.97495,-31.29909],[148.9757,-31.29935],[148.97608,-31.30011],[148.97723,-31.30005],[148.97873,-31.30115],[148.97978,-31.301],[148.97968,-31.30131],[148.97785,-31.30157],[148.97791,-31.30193],[148.97603,-31.30273],[148.9755,-31.3026],[148.9748,-31.30148],[148.97478,-31.30054],[148.97408,-31.3001],[148.97375,-31.2992],[148.97426,-31.29865],[148.97382,-31.29748],[148.97427,-31.29685],[148.97496,-31.29692],[148.97497,-31.29765],[148.97535,-31.29796],[148.97542,-31.29859]]]}},{"type":"Feature","properties":{"OBJECTID":8711778,"PCTID":389,"PCTName":"Motherumbah - White Bloodwood - cypress pine very tall shrubland / woodland of the Coonabarabran region, Brigalow Belt South Bioregion","vegClass":"North-west Slopes Dry Sclerophyll Woodlands","vegForm":"Dry Sclerophyll Forests (Shrub/grass sub-formation)"},"geometry":{"type":"Polygon","coordinates":[[[148.9752,-31.30288],[148.97471,-31.30248],[148.97424,-31.30253],[148.97395,-31.30132],[148.97513,-31.30238],[148.9752,-31.30288]]]}},{"type":"Feature","properties":{"OBJECTID":8711779,"PCTID":417,"PCTName":"Black Cypress Pine - Narrow-leaved Ironbark - red gum +/- White Bloodwood shrubby open forest on hills of the southern Pilliga, Coonabarabran and Garawilla regions, Brigalow Belt South Bioregion","vegClass":"Western Slopes Dry Sclerophyll Forests","vegForm":"Dry Sclerophyll Forests (Shrubby sub-formation)"},"geometry":{"type":"Polygon","coordinates":[[[149.00923,-31.30227],[149.00849,-31.30175],[149.00816,-31.30112],[149.00846,-31.30039],[149.00897,-31.30011],[149.00931,-31.30092],[149.00973,-31.30087],[149.01012,-31.30217],[149.00923,-31.30227]]]}},{"type":"Feature","properties":{"OBJECTID":8711781,"PCTID":393,"PCTName":"White Box shrubby woodland of the western Liverpool Range, Warrumbungle Range and south-west Pilliga forests, Brigalow Belt South Bioregion","vegClass":"North-west Slopes Dry Sclerophyll Woodlands","vegForm":"Dry Sclerophyll Forests (Shrub/grass sub-formation)"},"geometry":{"type":"Polygon","coordinates":[[[148.99405,-31.30243],[148.99332,-31.30267],[148.99398,-31.30158],[148.99435,-31.30171],[148.99405,-31.30243]]]}},{"type":"Feature","properties":{"OBJECTID":8711785,"PCTID":0,"PCTName":"Not classified","vegClass":"Not classified","vegForm":"Not classified"},"geometry":{"type":"Polygon","coordinates":[[[148.99698,-31.30171],[148.99673,-31.30234],[148.99606,-31.30294],[148.99698,-31.30171]]]}},{"type":"Feature","properties":{"OBJECTID":8711786,"PCTID":0,"PCTName":"Not classified","vegClass":"Not classified","vegForm":"Not classified"},"geometry":{"type":"Polygon","coordinates":[[[148.99606,-31.30294],[148.99606,-31.30299],[148.99601,-31.30299],[148.99606,-31.30294]]]}},{"type":"Feature","properties":{"OBJECTID":8711788,"PCTID":0,"PCTName":"Not classified","vegClass":"Not classified","vegForm":"Not classified"},"geometry":{"type":"Polygon","coordinates":[[[148.99601,-31.30299],[148.99601,-31.30303],[148.99596,-31.30303],[148.99601,-31.30299]]]}},{"type":"Feature","properties":{"OBJECTID":8711789,"PCTID":389,"PCTName":"Motherumbah - White Bloodwood - cypress pine very tall shrubland / woodland of the Coonabarabran region, Brigalow Belt South Bioregion","vegClass":"North-west Slopes Dry Sclerophyll Woodlands","vegForm":"Dry Sclerophyll Forests (Shrub/grass sub-formation)"},"geometry":{"type":"Polygon","coordinates":[[[148.99567,-31.29956],[148.99614,-31.29938],[148.99505,-31.30025],[148.99606,-31.30082],[148.99565,-31.30123],[148.99655,-31.30158],[148.99626,-31.30235],[148.99578,-31.30218],[148.99521,-31.30246],[148.99514,-31.30196],[148.99403,-31.30153],[148.99306,-31.30263],[148.99309,-31.30191],[148.99194,-31.30184],[148.99223,-31.30102],[148.99196,-31.3008],[148.99172,-31.30139],[148.99103,-31.30136],[148.99108,-31.30099],[148.9904,-31.30123],[148.99073,-31.30186],[148.99006,-31.30245],[148.99033,-31.30308],[148.98981,-31.30318],[148.98798,-31.301],[148.98795,-31.30001],[148.98826,-31.29969],[148.98868,-31.29972],[148.98934,-31.30084],[148.98895,-31.29981],[148.98926,-31.29953],[148.98989,-31.29961],[148.99056,-31.29906],[148.99071,-31.29865],[148.99039,-31.2987],[148.99022,-31.29812],[148.99069,-31.29789],[148.99102,-31.29847],[148.99178,-31.29706],[148.99201,-31.298],[148.9915,-31.29869],[148.99182,-31.29886],[148.9913,-31.29932],[148.99082,-31.2991],[148.98984,-31.29989],[148.98985,-31.30043],[148.99157,-31.29954],[148.99221,-31.2998],[148.99325,-31.29956],[148.99284,-31.29984],[148.99416,-31.30013],[148.99419,-31.29923],[148.99388,-31.29928],[148.99381,-31.29883],[148.99313,-31.29875],[148.99259,-31.29813],[148.99305,-31.29749],[148.99487,-31.29926],[148.99519,-31.29926],[148.99567,-31.29956]],[[148.99245,-31.30133],[148.99313,-31.30141],[148.99307,-31.30083],[148.99245,-31.30133]]]}},{"type":"Feature","properties":{"OBJECTID":8711790,"PCTID":0,"PCTName":"Not classified","vegClass":"Not classified","vegForm":"Not classified"},"geometry":{"type":"Polygon","coordinates":[[[148.99596,-31.30303],[148.99596,-31.30308],[148.9959,-31.30308],[148.99596,-31.30303]]]}},{"type":"Feature","properties":{"OBJECTID":8711791,"PCTID":599,"PCTName":"Blakely's Red Gum - Yellow Box grassy tall woodland on flats and hills in the Brigalow Belt South Bioregion and Nandewar Bioregion","vegClass":"Western Slopes Grassy Woodlands","vegForm":"Grassy Woodlands"},"geometry":{"type":"Polygon","coordinates":[[[149.01664,-31.30202],[149.01702,-31.30273],[149.01595,-31.30185],[149.01658,-31.30161],[149.01614,-31.30076],[149.01671,-31.3008],[149.01664,-31.30202]]]}},{"type":"Feature","properties":{"OBJECTID":8711792,"PCTID":417,"PCTName":"Black Cypress Pine - Narrow-leaved Ironbark - red gum +/- White Bloodwood shrubby open forest on hills of the southern Pilliga, Coonabarabran and Garawilla regions, Brigalow Belt South Bioregion","vegClass":"Western Slopes Dry Sclerophyll Forests","vegForm":"Dry Sclerophyll Forests (Shrubby sub-formation)"},"geometry":{"type":"Polygon","coordinates":[[[149.00726,-31.301],[149.00691,-31.30182],[149.00634,-31.30205],[149.00631,-31.30304],[149.00504,-31.30279],[149.00466,-31.30203],[149.00492,-31.30226],[149.00613,-31.30205],[149.00595,-31.30116],[149.00692,-31.30001],[149.00726,-31.301]]]}},{"type":"Feature","properties":{"OBJECTID":8711793,"PCTID":420,"PCTName":"Red Stringybark - Rough-barked Apple +/- Nortons Box open forest on hillslopes in the Warrumbungle NP - Coolah regions","vegClass":"Western Slopes Dry Sclerophyll Forests","vegForm":"Dry Sclerophyll Forests (Shrubby sub-formation)"},"geometry":{"type":"Polygon","coordinates":[[[148.99232,-31.30246],[148.99174,-31.30247],[148.9916,-31.30338],[148.99097,-31.3033],[148.99027,-31.30254],[148.99075,-31.30267],[148.9909,-31.3024],[148.99072,-31.30172],[148.99035,-31.30155],[148.99071,-31.301],[148.99113,-31.30104],[148.99114,-31.3014],[148.99172,-31.30139],[148.99202,-31.3008],[148.99223,-31.30102],[148.99199,-31.30188],[148.99232,-31.30246]]]}},{"type":"Feature","properties":{"OBJECTID":8711794,"PCTID":0,"PCTName":"Not classified","vegClass":"Not classified","vegForm":"Not classified"},"geometry":{"type":"Polygon","coordinates":[[[148.9959,-31.30308],[148.99591,-31.30317],[148.9956,-31.3034],[148.9959,-31.30308]]]}},{"type":"Feature","properties":{"OBJECTID":8711796,"PCTID":434,"PCTName":"White Box grass shrub hill woodland on clay to loam soils on volcanic and sedimentary hills in the southern Brigalow Belt South Bioregion","vegClass":"Western Slopes Grassy Woodlands","vegForm":"Grassy Woodlands"},"geometry":{"type":"Polygon","coordinates":[[[149.02236,-31.30183],[149.02142,-31.30198],[149.02034,-31.30313],[149.01907,-31.30261],[149.01858,-31.30189],[149.01816,-31.30208],[149.01736,-31.30146],[149.01819,-31.30113],[149.01989,-31.30178],[149.02046,-31.30137],[149.02219,-31.30143],[149.02236,-31.30183]]]}},{"type":"Feature","properties":{"OBJECTID":8711799,"PCTID":417,"PCTName":"Black Cypress Pine - Narrow-leaved Ironbark - red gum +/- White Bloodwood shrubby open forest on hills of the southern Pilliga, Coonabarabran and Garawilla regions, Brigalow Belt South Bioregion","vegClass":"Western Slopes Dry Sclerophyll Forests","vegForm":"Dry Sclerophyll Forests (Shrubby sub-formation)"},"geometry":{"type":"Polygon","coordinates":[[[148.97217,-31.3013],[148.97252,-31.30084],[148.97297,-31.30192],[148.97234,-31.30193],[148.97198,-31.30243],[148.97231,-31.30319],[148.97196,-31.3037],[148.9716,-31.30353],[148.9716,-31.30121],[148.97217,-31.3013]]]}},{"type":"Feature","properties":{"OBJECTID":8711800,"PCTID":0,"PCTName":"Not classified","vegClass":"Not classified","vegForm":"Not classified"},"geometry":{"type":"Polygon","coordinates":[[[148.9956,-31.3034],[148.9956,-31.30349],[148.99534,-31.30368],[148.9956,-31.3034]]]}},{"type":"Feature","properties":{"OBJECTID":8711802,"PCTID":389,"PCTName":"Motherumbah - White Bloodwood - cypress pine very tall shrubland / woodland of the Coonabarabran region, Brigalow Belt South Bioregion","vegClass":"North-west Slopes Dry Sclerophyll Woodlands","vegForm":"Dry Sclerophyll Forests (Shrub/grass sub-formation)"},"geometry":{"type":"Polygon","coordinates":[[[148.98725,-31.30363],[148.98551,-31.30375],[148.98534,-31.30316],[148.98575,-31.30252],[148.98592,-31.3009],[148.98501,-31.30015],[148.98511,-31.29978],[148.98574,-31.29959],[148.98617,-31.30026],[148.98728,-31.30065],[148.98555,-31.30316],[148.98729,-31.30309],[148.98725,-31.30363]]]}},{"type":"Feature","properties":{"OBJECTID":8711803,"PCTID":389,"PCTName":"Motherumbah - White Bloodwood - cypress pine very tall shrubland / woodland of the Coonabarabran region, Brigalow Belt South Bioregion","vegClass":"North-west Slopes Dry Sclerophyll Woodlands","vegForm":"Dry Sclerophyll Forests (Shrub/grass sub-formation)"},"geometry":{"type":"Polygon","coordinates":[[[148.99828,-31.30372],[148.99858,-31.30277],[148.999,-31.3028],[148.99828,-31.30372]]]}},{"type":"Feature","properties":{"OBJECTID":8711809,"PCTID":0,"PCTName":"Not classified","vegClass":"Not classified","vegForm":"Not classified"},"geometry":{"type":"Polygon","coordinates":[[[148.99534,-31.30368],[148.99514,-31.304],[148.99488,-31.30418],[148.99534,-31.30368]]]}},{"type":"Feature","properties":{"OBJECTID":8711810,"PCTID":417,"PCTName":"Black Cypress Pine - Narrow-leaved Ironbark - red gum +/- White Bloodwood shrubby open forest on hills of the southern Pilliga, Coonabarabran and Garawilla regions, Brigalow Belt South Bioregion","vegClass":"Western Slopes Dry Sclerophyll Forests","vegForm":"Dry Sclerophyll Forests (Shrubby sub-formation)"},"geometry":{"type":"Polygon","coordinates":[[[149.00118,-31.29686],[149.00131,-31.29821],[149.00248,-31.29882],[149.00244,-31.29932],[149.0034,-31.30007],[149.00331,-31.30061],[149.003,-31.30075],[149.00278,-31.30044],[149.00115,-31.30015],[149.00118,-31.30187],[149.00004,-31.30261],[149.00117,-31.30367],[149.00118,-31.30412],[149.00081,-31.30408],[149.00033,-31.30346],[148.9998,-31.30333],[148.99963,-31.3027],[148.99997,-31.3018],[149.00044,-31.30165],[149.00006,-31.30112],[149.00016,-31.30057],[148.99979,-31.30044],[148.99967,-31.29981],[148.99868,-31.3001],[148.99782,-31.29953],[148.99764,-31.29863],[148.99785,-31.29854],[148.99753,-31.29823],[148.99795,-31.29799],[148.99794,-31.29754],[148.99767,-31.29732],[148.99841,-31.29767],[148.99826,-31.29799],[148.9998,-31.29859],[148.9998,-31.29891],[149.00117,-31.29866],[149.00115,-31.29817],[149.00015,-31.29773],[149.00046,-31.29755],[149.00008,-31.29701],[149.00011,-31.29606],[148.99869,-31.296],[148.99878,-31.29554],[148.99941,-31.29535],[148.99939,-31.29463],[149.00034,-31.29448],[149.00051,-31.29506],[149.00109,-31.2951],[149.00104,-31.29551],[149.00162,-31.29563],[149.00138,-31.29672],[149.00232,-31.29643],[149.00245,-31.29742],[149.00118,-31.29686]],[[149.00118,-31.29911],[149.00154,-31.29884],[149.00143,-31.29852],[149.00118,-31.29911]],[[149.00118,-31.29916],[149.00067,-31.2998],[149.00114,-31.30002],[149.00113,-31.29961],[149.00118,-31.29916]]]}},{"type":"Feature","properties":{"OBJECTID":8711811,"PCTID":389,"PCTName":"Motherumbah - White Bloodwood - cypress pine very tall shrubland / woodland of the Coonabarabran region, Brigalow Belt South Bioregion","vegClass":"North-west Slopes Dry Sclerophyll Woodlands","vegForm":"Dry Sclerophyll Forests (Shrub/grass sub-formation)"},"geometry":{"type":"Polygon","coordinates":[[[149.01221,-31.30398],[149.01189,-31.30363],[149.01126,-31.30359],[149.01197,-31.30264],[149.0125,-31.30254],[149.01272,-31.30316],[149.01221,-31.30398]]]}},{"type":"Feature","properties":{"OBJECTID":8711812,"PCTID":389,"PCTName":"Motherumbah - White Bloodwood - cypress pine very tall shrubland / woodland of the Coonabarabran region, Brigalow Belt South Bioregion","vegClass":"North-west Slopes Dry Sclerophyll Woodlands","vegForm":"Dry Sclerophyll Forests (Shrub/grass sub-formation)"},"geometry":{"type":"Polygon","coordinates":[[[148.97406,-31.30398],[148.97495,-31.30387],[148.97479,-31.30342],[148.97505,-31.30324],[148.97583,-31.30327],[148.97713,-31.30262],[148.97735,-31.30307],[148.97647,-31.30335],[148.97643,-31.30421],[148.97423,-31.30461],[148.97406,-31.30398]]]}},{"type":"Feature","properties":{"OBJECTID":8711813,"PCTID":0,"PCTName":"Not classified","vegClass":"Not classified","vegForm":"Not classified"},"geometry":{"type":"Polygon","coordinates":[[[148.99488,-31.30418],[148.99488,-31.30427],[148.99472,-31.30436],[148.99488,-31.30418]]]}},{"type":"Feature","properties":{"OBJECTID":8711814,"PCTID":389,"PCTName":"Motherumbah - White Bloodwood - cypress pine very tall shrubland / woodland of the Coonabarabran region, Brigalow Belt South Bioregion","vegClass":"North-west Slopes Dry Sclerophyll Woodlands","vegForm":"Dry Sclerophyll Forests (Shrub/grass sub-formation)"},"geometry":{"type":"Polygon","coordinates":[[[149.03521,-31.30324],[149.03626,-31.30291],[149.03564,-31.30364],[149.03496,-31.3037],[149.03521,-31.30324]]]}},{"type":"Feature","properties":{"OBJECTID":8711817,"PCTID":0,"PCTName":"Not classified","vegClass":"Not classified","vegForm":"Not classified"},"geometry":{"type":"Polygon","coordinates":[[[148.99026,-31.30466],[148.99021,-31.30466],[148.99026,-31.30462],[148.99026,-31.30466]]]}},{"type":"Feature","properties":{"OBJECTID":8711818,"PCTID":0,"PCTName":"Not classified","vegClass":"Not classified","vegForm":"Not classified"},"geometry":{"type":"Polygon","coordinates":[[[148.9911,-31.30433],[148.99026,-31.30457],[148.99115,-31.30429],[148.99163,-31.30464],[148.9911,-31.30433]]]}},{"type":"Feature","properties":{"OBJECTID":8711819,"PCTID":0,"PCTName":"Not classified","vegClass":"Not classified","vegForm":"Not classified"},"geometry":{"type":"Polygon","coordinates":[[[148.99472,-31.30436],[148.99468,-31.30454],[148.99457,-31.30459],[148.99472,-31.30436]]]}},{"type":"Feature","properties":{"OBJECTID":8711820,"PCTID":381,"PCTName":"Rough-barked Apple - Yellow Box grass/shrub footslope open forest, Brigalow Belt South Bioregion","vegClass":"North-west Slopes Dry Sclerophyll Woodlands","vegForm":"Dry Sclerophyll Forests (Shrub/grass sub-formation)"},"geometry":{"type":"Polygon","coordinates":[[[149.03455,-31.30393],[149.0339,-31.30308],[149.03316,-31.30305],[149.03341,-31.30237],[149.03304,-31.30219],[149.03487,-31.30198],[149.03685,-31.30109],[149.03687,-31.3019],[149.03719,-31.30213],[149.03694,-31.30285],[149.03647,-31.30295],[149.03625,-31.3025],[149.03567,-31.30247],[149.03542,-31.30315],[149.03455,-31.30393]]]}},{"type":"Feature","properties":{"OBJECTID":8711822,"PCTID":0,"PCTName":"Not classified","vegClass":"Not classified","vegForm":"Not classified"},"geometry":{"type":"Polygon","coordinates":[[[148.99016,-31.30466],[148.99016,-31.30471],[148.99011,-31.30471],[148.99016,-31.30466]]]}},{"type":"Feature","properties":{"OBJECTID":8711823,"PCTID":0,"PCTName":"Not classified","vegClass":"Not classified","vegForm":"Not classified"},"geometry":{"type":"Polygon","coordinates":[[[148.99163,-31.30468],[148.99163,-31.30464],[148.99168,-31.30468],[148.99163,-31.30468]]]}},{"type":"Feature","properties":{"OBJECTID":8711824,"PCTID":0,"PCTName":"Not classified","vegClass":"Not classified","vegForm":"Not classified"},"geometry":{"type":"Polygon","coordinates":[[[148.99168,-31.30473],[148.99168,-31.30468],[148.99174,-31.30473],[148.99168,-31.30473]]]}},{"type":"Feature","properties":{"OBJECTID":8711825,"PCTID":0,"PCTName":"Not classified","vegClass":"Not classified","vegForm":"Not classified"},"geometry":{"type":"Polygon","coordinates":[[[148.99452,-31.30468],[148.99452,-31.30459],[148.99457,-31.30464],[148.99452,-31.30468]]]}},{"type":"Feature","properties":{"OBJECTID":8711826,"PCTID":381,"PCTName":"Rough-barked Apple - Yellow Box grass/shrub footslope open forest, Brigalow Belt South Bioregion","vegClass":"North-west Slopes Dry Sclerophyll Woodlands","vegForm":"Dry Sclerophyll Forests (Shrub/grass sub-formation)"},"geometry":{"type":"Polygon","coordinates":[[[149.01784,-31.30403],[149.01715,-31.30399],[149.01685,-31.30431],[149.01645,-31.3031],[149.01665,-31.30269],[149.01697,-31.30273],[149.01784,-31.30403]]]}},{"type":"Feature","properties":{"OBJECTID":8711827,"PCTID":393,"PCTName":"White Box shrubby woodland of the western Liverpool Range, Warrumbungle Range and south-west Pilliga forests, Brigalow Belt South Bioregion","vegClass":"North-west Slopes Dry Sclerophyll Woodlands","vegForm":"Dry Sclerophyll Forests (Shrub/grass sub-formation)"},"geometry":{"type":"Polygon","coordinates":[[[149.01697,-31.303],[149.0169,-31.30215],[149.01823,-31.30253],[149.01872,-31.30356],[149.01956,-31.30359],[149.0201,-31.30417],[149.01852,-31.30379],[149.01784,-31.30394],[149.01697,-31.303]]]}},{"type":"Feature","properties":{"OBJECTID":8711828,"PCTID":0,"PCTName":"Not classified","vegClass":"Not classified","vegForm":"Not classified"},"geometry":{"type":"Polygon","coordinates":[[[148.99011,-31.30471],[148.99006,-31.3048],[148.98995,-31.3048],[148.99011,-31.30471]]]}},{"type":"Feature","properties":{"OBJECTID":8711829,"PCTID":0,"PCTName":"Not classified","vegClass":"Not classified","vegForm":"Not classified"},"geometry":{"type":"Polygon","coordinates":[[[148.99452,-31.30468],[148.99452,-31.30477],[148.99447,-31.30477],[148.99452,-31.30468]]]}},{"type":"Feature","properties":{"OBJECTID":8711832,"PCTID":0,"PCTName":"Not classified","vegClass":"Not classified","vegForm":"Not classified"},"geometry":{"type":"Polygon","coordinates":[[[148.99447,-31.30477],[148.99447,-31.30486],[148.99442,-31.30486],[148.99447,-31.30477]]]}},{"type":"Feature","properties":{"OBJECTID":8711833,"PCTID":389,"PCTName":"Motherumbah - White Bloodwood - cypress pine very tall shrubland / woodland of the Coonabarabran region, Brigalow Belt South Bioregion","vegClass":"North-west Slopes Dry Sclerophyll Woodlands","vegForm":"Dry Sclerophyll Forests (Shrub/grass sub-formation)"},"geometry":{"type":"Polygon","coordinates":[[[149.01443,-31.30431],[149.01322,-31.30446],[149.01305,-31.30361],[149.01393,-31.30328],[149.01443,-31.30431]]]}},{"type":"Feature","properties":{"OBJECTID":8711835,"PCTID":0,"PCTName":"Not classified","vegClass":"Not classified","vegForm":"Not classified"},"geometry":{"type":"Polygon","coordinates":[[[148.98995,-31.3048],[148.98975,-31.30499],[148.98954,-31.30503],[148.98995,-31.3048]]]}},{"type":"Feature","properties":{"OBJECTID":8711836,"PCTID":0,"PCTName":"Not classified","vegClass":"Not classified","vegForm":"Not classified"},"geometry":{"type":"Polygon","coordinates":[[[148.99442,-31.30486],[148.99442,-31.30495],[148.99437,-31.30496],[148.99442,-31.30486]]]}},{"type":"Feature","properties":{"OBJECTID":8711838,"PCTID":0,"PCTName":"Not classified","vegClass":"Not classified","vegForm":"Not classified"},"geometry":{"type":"Polygon","coordinates":[[[148.99342,-31.30502],[148.99343,-31.30506],[148.99322,-31.30506],[148.99342,-31.30502]]]}},{"type":"Feature","properties":{"OBJECTID":8711842,"PCTID":417,"PCTName":"Black Cypress Pine - Narrow-leaved Ironbark - red gum +/- White Bloodwood shrubby open forest on hills of the southern Pilliga, Coonabarabran and Garawilla regions, Brigalow Belt South Bioregion","vegClass":"Western Slopes Dry Sclerophyll Forests","vegForm":"Dry Sclerophyll Forests (Shrubby sub-formation)"},"geometry":{"type":"Polygon","coordinates":[[[148.99075,-31.30267],[148.99027,-31.30254],[148.99108,-31.30334],[148.9916,-31.30338],[148.99174,-31.30247],[148.99232,-31.30246],[148.99199,-31.30188],[148.99309,-31.30191],[148.99295,-31.30254],[148.99374,-31.30271],[148.9944,-31.30171],[148.99525,-31.30205],[148.99521,-31.30246],[148.99588,-31.30218],[148.99611,-31.30276],[148.99501,-31.30309],[148.99476,-31.30346],[148.99423,-31.30338],[148.99387,-31.30388],[148.99419,-31.30419],[148.99367,-31.30443],[148.99358,-31.30497],[148.9929,-31.30516],[148.992,-31.30495],[148.99136,-31.30433],[148.99031,-31.30453],[148.98887,-31.30329],[148.98866,-31.30347],[148.98899,-31.30387],[148.98724,-31.30358],[148.98734,-31.30304],[148.98818,-31.30298],[148.98795,-31.3024],[148.98748,-31.30223],[148.98794,-31.30195],[148.98778,-31.30163],[148.98814,-31.30122],[148.98981,-31.30318],[148.99033,-31.30308],[148.99006,-31.30245],[148.99068,-31.30195],[148.99075,-31.30267]]]}},{"type":"Feature","properties":{"OBJECTID":8711843,"PCTID":0,"PCTName":"Not classified","vegClass":"Not classified","vegForm":"Not classified"},"geometry":{"type":"Polygon","coordinates":[[[148.99342,-31.30497],[148.99384,-31.30492],[148.99416,-31.30518],[148.99342,-31.30497]]]}},{"type":"Feature","properties":{"OBJECTID":8711844,"PCTID":381,"PCTName":"Rough-barked Apple - Yellow Box grass/shrub footslope open forest, Brigalow Belt South Bioregion","vegClass":"North-west Slopes Dry Sclerophyll Woodlands","vegForm":"Dry Sclerophyll Forests (Shrub/grass sub-formation)"},"geometry":{"type":"Polygon","coordinates":[[[148.99416,-31.30518],[148.99358,-31.30497],[148.99367,-31.30443],[148.99419,-31.30419],[148.99387,-31.30393],[148.99407,-31.30352],[148.99604,-31.30282],[148.9947,-31.3045],[148.99673,-31.30234],[148.99692,-31.30171],[148.99606,-31.30279],[148.99605,-31.30236],[148.99676,-31.30158],[148.99675,-31.30099],[148.99611,-31.30055],[148.99657,-31.30009],[148.99656,-31.29941],[148.9957,-31.2988],[148.99585,-31.29848],[148.99559,-31.29821],[148.99697,-31.29909],[148.99702,-31.30144],[148.99712,-31.30126],[148.99708,-31.29909],[148.99483,-31.29723],[148.99444,-31.2962],[148.99463,-31.29561],[148.99566,-31.29663],[148.99608,-31.29681],[148.99654,-31.29626],[148.99713,-31.29679],[148.99792,-31.29669],[148.99761,-31.29705],[148.99671,-31.29698],[148.99614,-31.2973],[148.99694,-31.29774],[148.99679,-31.29824],[148.99764,-31.29863],[148.99782,-31.29953],[148.99868,-31.3001],[148.99977,-31.2999],[149.00044,-31.30165],[148.99997,-31.3018],[148.99962,-31.30252],[148.99979,-31.30311],[148.99895,-31.30308],[148.99942,-31.30271],[148.99945,-31.30171],[148.99986,-31.30153],[148.99985,-31.30108],[148.99937,-31.30063],[148.99821,-31.30065],[148.99779,-31.3003],[148.9978,-31.30106],[148.9972,-31.30229],[148.99738,-31.3031],[148.99617,-31.30344],[148.99531,-31.30467],[148.99459,-31.30464],[148.99416,-31.30518]],[[148.99697,-31.30148],[148.99698,-31.30166],[148.99703,-31.30166],[148.99697,-31.30148]]]}},{"type":"Feature","properties":{"OBJECTID":8711845,"PCTID":379,"PCTName":"Inland Scribbly Gum - White Bloodwood - Red Stringybark - Black Cypress Pine shrubby sandstone woodland mainly of the Warrumbungle NP - Pilliga region in the Brigalow Belt South Bioregion","vegClass":"Western Slopes Dry Sclerophyll Forests","vegForm":"Dry Sclerophyll Forests (Shrubby sub-formation)"},"geometry":{"type":"Polygon","coordinates":[[[149.02051,-31.30358],[149.02022,-31.30475],[149.0199,-31.30444],[149.01912,-31.30473],[149.01869,-31.30428],[149.01821,-31.30438],[149.01784,-31.30394],[149.0201,-31.30408],[149.01946,-31.30355],[149.01872,-31.30356],[149.01833,-31.30262],[149.0168,-31.30215],[149.01663,-31.30161],[149.01741,-31.30137],[149.01747,-31.30173],[149.01816,-31.30208],[149.01858,-31.30189],[149.01907,-31.30261],[149.02034,-31.30313],[149.02051,-31.30358]]]}},{"type":"Feature","properties":{"OBJECTID":8711846,"PCTID":0,"PCTName":"Not classified","vegClass":"Not classified","vegForm":"Not classified"},"geometry":{"type":"Polygon","coordinates":[[[148.99264,-31.30525],[148.99174,-31.30473],[148.99259,-31.30517],[148.99322,-31.30506],[148.99264,-31.30525]]]}},{"type":"Feature","properties":{"OBJECTID":8711847,"PCTID":389,"PCTName":"Motherumbah - White Bloodwood - cypress pine very tall shrubland / woodland of the Coonabarabran region, Brigalow Belt South Bioregion","vegClass":"North-west Slopes Dry Sclerophyll Woodlands","vegForm":"Dry Sclerophyll Forests (Shrub/grass sub-formation)"},"geometry":{"type":"Polygon","coordinates":[[[149.01031,-31.30343],[149.01074,-31.30365],[149.01038,-31.30424],[149.01071,-31.30469],[149.01029,-31.30483],[149.00949,-31.30439],[149.00772,-31.30505],[149.0076,-31.30424],[149.00675,-31.3038],[149.00761,-31.30248],[149.0086,-31.30206],[149.00903,-31.30246],[149.00883,-31.30309],[149.00915,-31.3034],[149.00978,-31.30339],[149.01014,-31.3028],[149.01031,-31.30343]]]}},{"type":"Feature","properties":{"OBJECTID":8711848,"PCTID":417,"PCTName":"Black Cypress Pine - Narrow-leaved Ironbark - red gum +/- White Bloodwood shrubby open forest on hills of the southern Pilliga, Coonabarabran and Garawilla regions, Brigalow Belt South Bioregion","vegClass":"Western Slopes Dry Sclerophyll Forests","vegForm":"Dry Sclerophyll Forests (Shrubby sub-formation)"},"geometry":{"type":"Polygon","coordinates":[[[149.0276,-31.2989],[149.02773,-31.30012],[149.02821,-31.30006],[149.02838,-31.29866],[149.02939,-31.29887],[149.0294,-31.29937],[149.02872,-31.29956],[149.02766,-31.30143],[149.02867,-31.30177],[149.02894,-31.30226],[149.03024,-31.30188],[149.02982,-31.30153],[149.02991,-31.30085],[149.02943,-31.30054],[149.02946,-31.29964],[149.03061,-31.29935],[149.03128,-31.2987],[149.03181,-31.29892],[149.03188,-31.29964],[149.03309,-31.29976],[149.03341,-31.30011],[149.0364,-31.30002],[149.03673,-31.30055],[149.03664,-31.30114],[149.0345,-31.30199],[149.03146,-31.30218],[149.03001,-31.30319],[149.02953,-31.30288],[149.02865,-31.30322],[149.02835,-31.30394],[149.02698,-31.30397],[149.02684,-31.3046],[149.02616,-31.30475],[149.02519,-31.30377],[149.02628,-31.30303],[149.02696,-31.30302],[149.0269,-31.30261],[149.02353,-31.30258],[149.02319,-31.30114],[149.02418,-31.30103],[149.02454,-31.30053],[149.02677,-31.2995],[149.02727,-31.29823],[149.02642,-31.29766],[149.02656,-31.2968],[149.02757,-31.29737],[149.0283,-31.29713],[149.02855,-31.29667],[149.02913,-31.29685],[149.02975,-31.29625],[149.02964,-31.29602],[149.03032,-31.29588],[149.03014,-31.29507],[149.02956,-31.29472],[149.02976,-31.29444],[149.0295,-31.29436],[149.02926,-31.29314],[149.03016,-31.29362],[149.03082,-31.29483],[149.03107,-31.29438],[149.03124,-31.29464],[149.0316,-31.2945],[149.0322,-31.29531],[149.03288,-31.29511],[149.03292,-31.29484],[149.03377,-31.29519],[149.03387,-31.29474],[149.0346,-31.29468],[149.03399,-31.29541],[149.03279,-31.29575],[149.03233,-31.29652],[149.03179,-31.29603],[149.03106,-31.29618],[149.02962,-31.29751],[149.02795,-31.29795],[149.02791,-31.2984],[149.0276,-31.2989]]]}},{"type":"Feature","properties":{"OBJECTID":8711852,"PCTID":389,"PCTName":"Motherumbah - White Bloodwood - cypress pine very tall shrubland / woodland of the Coonabarabran region, Brigalow Belt South Bioregion","vegClass":"North-west Slopes Dry Sclerophyll Woodlands","vegForm":"Dry Sclerophyll Forests (Shrub/grass sub-formation)"},"geometry":{"type":"Polygon","coordinates":[[[149.00115,-31.30489],[149.00173,-31.30492],[149.00142,-31.30534],[149.00115,-31.30489]]]}},{"type":"Feature","properties":{"OBJECTID":8711853,"PCTID":0,"PCTName":"Not classified","vegClass":"Not classified","vegForm":"Not classified"},"geometry":{"type":"Polygon","coordinates":[[[148.98928,-31.30513],[148.98954,-31.30503],[148.98887,-31.30559],[148.98928,-31.30513]]]}},{"type":"Feature","properties":{"OBJECTID":8711859,"PCTID":0,"PCTName":"Not classified","vegClass":"Not classified","vegForm":"Not classified"},"geometry":{"type":"Polygon","coordinates":[[[148.98887,-31.30559],[148.98887,-31.30568],[148.98861,-31.30586],[148.98887,-31.30559]]]}},{"type":"Feature","properties":{"OBJECTID":8711860,"PCTID":0,"PCTName":"Not classified","vegClass":"Not classified","vegForm":"Not classified"},"geometry":{"type":"Polygon","coordinates":[[[148.98861,-31.30586],[148.98861,-31.30591],[148.98856,-31.30591],[148.98861,-31.30586]]]}},{"type":"Feature","properties":{"OBJECTID":8711862,"PCTID":0,"PCTName":"Not classified","vegClass":"Not classified","vegForm":"Not classified"},"geometry":{"type":"Polygon","coordinates":[[[148.98856,-31.30591],[148.98856,-31.30595],[148.98851,-31.30595],[148.98856,-31.30591]]]}},{"type":"Feature","properties":{"OBJECTID":8711863,"PCTID":379,"PCTName":"Inland Scribbly Gum - White Bloodwood - Red Stringybark - Black Cypress Pine shrubby sandstone woodland mainly of the Warrumbungle NP - Pilliga region in the Brigalow Belt South Bioregion","vegClass":"Western Slopes Dry Sclerophyll Forests","vegForm":"Dry Sclerophyll Forests (Shrubby sub-formation)"},"geometry":{"type":"Polygon","coordinates":[[[148.97209,-31.30036],[148.972,-31.30085],[148.97231,-31.30094],[148.97217,-31.3013],[148.9716,-31.30129],[148.9716,-31.30014],[148.97209,-31.30036]]]}},{"type":"Feature","properties":{"OBJECTID":8711864,"PCTID":394,"PCTName":"Narrow-leaved Ironbark - White Cypress pine woodland on slopes and flats in the Coonabarabran - Pilliga Scrub regions","vegClass":"North-west Slopes Dry Sclerophyll Woodlands","vegForm":"Dry Sclerophyll Forests (Shrub/grass sub-formation)"},"geometry":{"type":"Polygon","coordinates":[[[149.02353,-31.30258],[149.0269,-31.30261],[149.02696,-31.30302],[149.02628,-31.30303],[149.02519,-31.30377],[149.02616,-31.30475],[149.02684,-31.3046],[149.02698,-31.30397],[149.02809,-31.30404],[149.0268,-31.30532],[149.02491,-31.30517],[149.02437,-31.30487],[149.02366,-31.30366],[149.02319,-31.3038],[149.02273,-31.30183],[149.0233,-31.30163],[149.02353,-31.30258]]]}},{"type":"Feature","properties":{"OBJECTID":8711865,"PCTID":389,"PCTName":"Motherumbah - White Bloodwood - cypress pine very tall shrubland / woodland of the Coonabarabran region, Brigalow Belt South Bioregion","vegClass":"North-west Slopes Dry Sclerophyll Woodlands","vegForm":"Dry Sclerophyll Forests (Shrub/grass sub-formation)"},"geometry":{"type":"Polygon","coordinates":[[[149.00232,-31.30546],[149.0018,-31.30592],[149.00138,-31.3057],[149.00142,-31.30534],[149.00232,-31.30546]]]}},{"type":"Feature","properties":{"OBJECTID":8711866,"PCTID":84,"PCTName":"River Oak - Rough-barked Apple - red gum - box riparian tall woodland (wetland) of the Brigalow Belt South Bioregion and Nandewar Bioregion","vegClass":"Eastern Riverine Forests","vegForm":"Forested Wetlands"},"geometry":{"type":"Polygon","coordinates":[[[149.01658,-31.30161],[149.01595,-31.30185],[149.01664,-31.30233],[149.01645,-31.30315],[149.01684,-31.30382],[149.01685,-31.3044],[149.01637,-31.30432],[149.01662,-31.30576],[149.01598,-31.30564],[149.01587,-31.30528],[149.01616,-31.30419],[149.01657,-31.30387],[149.01593,-31.30334],[149.01602,-31.30243],[149.01527,-31.30186],[149.01461,-31.30056],[149.01619,-31.30076],[149.01658,-31.30161]]]}},{"type":"Feature","properties":{"OBJECTID":8711867,"PCTID":0,"PCTName":"Not classified","vegClass":"Not classified","vegForm":"Not classified"},"geometry":{"type":"Polygon","coordinates":[[[149.0175,-31.3053],[149.01667,-31.30576],[149.01637,-31.30432],[149.01695,-31.30431],[149.01728,-31.30485],[149.0175,-31.3053]]]}},{"type":"Feature","properties":{"OBJECTID":8711868,"PCTID":385,"PCTName":"Warrumbungle trachyte hillcrest Tumbledown Red Gum - Black Cypress Pine - White Bloodwood shrubby woodland","vegClass":"North-west Slopes Dry Sclerophyll Woodlands","vegForm":"Dry Sclerophyll Forests (Shrub/grass sub-formation)"},"geometry":{"type":"Polygon","coordinates":[[[149.03836,-31.3054],[149.03772,-31.30464],[149.03683,-31.30479],[149.03685,-31.30362],[149.03733,-31.30393],[149.03807,-31.30383],[149.03792,-31.30428],[149.03904,-31.30503],[149.03836,-31.3054]]]}},{"type":"Feature","properties":{"OBJECTID":8711870,"PCTID":393,"PCTName":"White Box shrubby woodland of the western Liverpool Range, Warrumbungle Range and south-west Pilliga forests, Brigalow Belt South Bioregion","vegClass":"North-west Slopes Dry Sclerophyll Woodlands","vegForm":"Dry Sclerophyll Forests (Shrub/grass sub-formation)"},"geometry":{"type":"Polygon","coordinates":[[[149.00856,-31.30495],[149.00815,-31.30536],[149.00772,-31.30519],[149.00949,-31.30439],[149.01024,-31.30483],[149.01071,-31.30469],[149.01054,-31.30424],[149.01133,-31.3045],[149.01129,-31.30481],[149.01076,-31.30478],[149.01045,-31.30519],[149.01073,-31.30586],[149.00957,-31.30561],[149.00856,-31.30495]]]}},{"type":"Feature","properties":{"OBJECTID":8711871,"PCTID":393,"PCTName":"White Box shrubby woodland of the western Liverpool Range, Warrumbungle Range and south-west Pilliga forests, Brigalow Belt South Bioregion","vegClass":"North-west Slopes Dry Sclerophyll Woodlands","vegForm":"Dry Sclerophyll Forests (Shrub/grass sub-formation)"},"geometry":{"type":"Polygon","coordinates":[[[149.03904,-31.30503],[149.03936,-31.30516],[149.03847,-31.3054],[149.03904,-31.30503]]]}},{"type":"Feature","properties":{"OBJECTID":8711873,"PCTID":84,"PCTName":"River Oak - Rough-barked Apple - red gum - box riparian tall woodland (wetland) of the Brigalow Belt South Bioregion and Nandewar Bioregion","vegClass":"Eastern Riverine Forests","vegForm":"Forested Wetlands"},"geometry":{"type":"MultiPolygon","coordinates":[[[[149.015,-31.29911],[149.01584,-31.29928],[149.01691,-31.30016],[149.01812,-31.3001],[149.01966,-31.30079],[149.02039,-31.30065],[149.02324,-31.30109],[149.0233,-31.30163],[149.02273,-31.30183],[149.02316,-31.30366],[149.02273,-31.30201],[149.02214,-31.30134],[149.01751,-31.30092],[149.0176,-31.30038],[149.01656,-31.30071],[149.01455,-31.30043],[149.0146,-31.30016],[149.01375,-31.29981],[149.01202,-31.29754],[149.01167,-31.29605],[149.01261,-31.29581],[149.01279,-31.29676],[149.01342,-31.29684],[149.01334,-31.29787],[149.01413,-31.29786],[149.015,-31.29911]]],[[[149.02366,-31.30366],[149.02437,-31.30487],[149.02522,-31.3053],[149.0268,-31.30532],[149.02835,-31.30394],[149.02865,-31.30322],[149.02953,-31.30288],[149.02991,-31.30324],[149.02712,-31.30545],[149.02502,-31.30567],[149.02331,-31.30425],[149.02319,-31.3038],[149.02366,-31.30366]]]]}},{"type":"Feature","properties":{"OBJECTID":8711876,"PCTID":381,"PCTName":"Rough-barked Apple - Yellow Box grass/shrub footslope open forest, Brigalow Belt South Bioregion","vegClass":"North-west Slopes Dry Sclerophyll Woodlands","vegForm":"Dry Sclerophyll Forests (Shrub/grass sub-formation)"},"geometry":{"type":"Polygon","coordinates":[[[148.99408,-31.30631],[148.99382,-31.30618],[148.99397,-31.30577],[148.99354,-31.30551],[148.99307,-31.30565],[148.99275,-31.3053],[148.99342,-31.30502],[148.99416,-31.30518],[148.99408,-31.30631]]]}},{"type":"Feature","properties":{"OBJECTID":8711877,"PCTID":0,"PCTName":"Not classified","vegClass":"Not classified","vegForm":"Not classified"},"geometry":{"type":"Polygon","coordinates":[[[149.03635,-31.29988],[149.03678,-31.30033],[149.03679,-31.30105],[149.03623,-31.30155],[149.03451,-31.30208],[149.03125,-31.30231],[149.02749,-31.30536],[149.02644,-31.30578],[149.02523,-31.30571],[149.02712,-31.30545],[149.0312,-31.30227],[149.0345,-31.30199],[149.03664,-31.30114],[149.03667,-31.30037],[149.03619,-31.29993],[149.03341,-31.30011],[149.03309,-31.2998],[149.03317,-31.29894],[149.03319,-31.2998],[149.03383,-31.30006],[149.03635,-31.29988]]]}},{"type":"Feature","properties":{"OBJECTID":8711882,"PCTID":379,"PCTName":"Inland Scribbly Gum - White Bloodwood - Red Stringybark - Black Cypress Pine shrubby sandstone woodland mainly of the Warrumbungle NP - Pilliga region in the Brigalow Belt South Bioregion","vegClass":"Western Slopes Dry Sclerophyll Forests","vegForm":"Dry Sclerophyll Forests (Shrubby sub-formation)"},"geometry":{"type":"Polygon","coordinates":[[[149.00658,-31.3057],[149.00659,-31.30615],[149.00559,-31.30612],[149.00515,-31.30514],[149.00577,-31.30463],[149.00658,-31.3057]]]}},{"type":"Feature","properties":{"OBJECTID":8711883,"PCTID":417,"PCTName":"Black Cypress Pine - Narrow-leaved Ironbark - red gum +/- White Bloodwood shrubby open forest on hills of the southern Pilliga, Coonabarabran and Garawilla regions, Brigalow Belt South Bioregion","vegClass":"Western Slopes Dry Sclerophyll Forests","vegForm":"Dry Sclerophyll Forests (Shrubby sub-formation)"},"geometry":{"type":"Polygon","coordinates":[[[149.02618,-31.30578],[149.02655,-31.30573],[149.02655,-31.30591],[149.02618,-31.30578]]]}},{"type":"Feature","properties":{"OBJECTID":8711886,"PCTID":393,"PCTName":"White Box shrubby woodland of the western Liverpool Range, Warrumbungle Range and south-west Pilliga forests, Brigalow Belt South Bioregion","vegClass":"North-west Slopes Dry Sclerophyll Woodlands","vegForm":"Dry Sclerophyll Forests (Shrub/grass sub-formation)"},"geometry":{"type":"Polygon","coordinates":[[[149.02292,-31.30584],[149.02253,-31.30481],[149.02326,-31.30461],[149.02361,-31.30601],[149.02292,-31.30584]]]}},{"type":"Feature","properties":{"OBJECTID":8711890,"PCTID":394,"PCTName":"Narrow-leaved Ironbark - White Cypress pine woodland on slopes and flats in the Coonabarabran - Pilliga Scrub regions","vegClass":"North-west Slopes Dry Sclerophyll Woodlands","vegForm":"Dry Sclerophyll Forests (Shrub/grass sub-formation)"},"geometry":{"type":"Polygon","coordinates":[[[149.0275,-31.30621],[149.02686,-31.30577],[149.02666,-31.30605],[149.02655,-31.30569],[149.02754,-31.30531],[149.02808,-31.30602],[149.0275,-31.30621]]]}},{"type":"Feature","properties":{"OBJECTID":8711891,"PCTID":379,"PCTName":"Inland Scribbly Gum - White Bloodwood - Red Stringybark - Black Cypress Pine shrubby sandstone woodland mainly of the Warrumbungle NP - Pilliga region in the Brigalow Belt South Bioregion","vegClass":"Western Slopes Dry Sclerophyll Forests","vegForm":"Dry Sclerophyll Forests (Shrubby sub-formation)"},"geometry":{"type":"Polygon","coordinates":[[[149.00675,-31.3038],[149.00776,-31.30455],[149.00773,-31.30537],[149.0082,-31.30545],[149.00832,-31.30612],[149.00786,-31.30658],[149.00733,-31.30659],[149.00672,-31.3052],[149.00635,-31.30503],[149.00644,-31.30413],[149.00612,-31.30381],[149.00679,-31.30353],[149.00675,-31.3038]]]}},{"type":"Feature","properties":{"OBJECTID":8711892,"PCTID":417,"PCTName":"Black Cypress Pine - Narrow-leaved Ironbark - red gum +/- White Bloodwood shrubby open forest on hills of the southern Pilliga, Coonabarabran and Garawilla regions, Brigalow Belt South Bioregion","vegClass":"Western Slopes Dry Sclerophyll Forests","vegForm":"Dry Sclerophyll Forests (Shrubby sub-formation)"},"geometry":{"type":"Polygon","coordinates":[[[149.02754,-31.30563],[149.02754,-31.30526],[149.03089,-31.3025],[149.03199,-31.30221],[149.03175,-31.3033],[149.03223,-31.30383],[149.03176,-31.30398],[149.03112,-31.30363],[149.03097,-31.30385],[149.03236,-31.30496],[149.03217,-31.30568],[149.03091,-31.30593],[149.03033,-31.30567],[149.02987,-31.30622],[149.02808,-31.30602],[149.02754,-31.30563]]]}},{"type":"Feature","properties":{"OBJECTID":8711893,"PCTID":381,"PCTName":"Rough-barked Apple - Yellow Box grass/shrub footslope open forest, Brigalow Belt South Bioregion","vegClass":"North-west Slopes Dry Sclerophyll Woodlands","vegForm":"Dry Sclerophyll Forests (Shrub/grass sub-formation)"},"geometry":{"type":"Polygon","coordinates":[[[148.9721,-31.3055],[148.97219,-31.30482],[148.97276,-31.30468],[148.97265,-31.30432],[148.97347,-31.30309],[148.97409,-31.30303],[148.9745,-31.30248],[148.9752,-31.30288],[148.97479,-31.30342],[148.97501,-31.30383],[148.97406,-31.30398],[148.97423,-31.30461],[148.97382,-31.3047],[148.97409,-31.30524],[148.97446,-31.30528],[148.97448,-31.30605],[148.97305,-31.30584],[148.97191,-31.30658],[148.97177,-31.30726],[148.97165,-31.30677],[148.9716,-31.30679],[148.9716,-31.30553],[148.9721,-31.3055]]]}},{"type":"Feature","properties":{"OBJECTID":8711897,"PCTID":417,"PCTName":"Black Cypress Pine - Narrow-leaved Ironbark - red gum +/- White Bloodwood shrubby open forest on hills of the southern Pilliga, Coonabarabran and Garawilla regions, Brigalow Belt South Bioregion","vegClass":"Western Slopes Dry Sclerophyll Forests","vegForm":"Dry Sclerophyll Forests (Shrubby sub-formation)"},"geometry":{"type":"Polygon","coordinates":[[[149.01522,-31.30199],[149.01459,-31.30232],[149.01552,-31.30388],[149.01553,-31.3042],[149.01495,-31.3043],[149.01512,-31.30461],[149.01476,-31.30507],[149.01526,-31.3061],[149.01401,-31.30675],[149.01348,-31.30658],[149.01282,-31.30542],[149.01251,-31.30551],[149.01261,-31.30502],[149.01159,-31.30445],[149.01438,-31.30436],[149.01393,-31.30328],[149.01439,-31.3026],[149.01386,-31.30251],[149.01382,-31.30297],[149.01335,-31.30284],[149.01267,-31.30317],[149.0125,-31.30249],[149.01478,-31.30123],[149.01515,-31.30141],[149.01522,-31.30199]]]}},{"type":"Feature","properties":{"OBJECTID":8711900,"PCTID":379,"PCTName":"Inland Scribbly Gum - White Bloodwood - Red Stringybark - Black Cypress Pine shrubby sandstone woodland mainly of the Warrumbungle NP - Pilliga region in the Brigalow Belt South Bioregion","vegClass":"Western Slopes Dry Sclerophyll Forests","vegForm":"Dry Sclerophyll Forests (Shrubby sub-formation)"},"geometry":{"type":"Polygon","coordinates":[[[149.01187,-31.30034],[149.01202,-31.29988],[149.01249,-31.29978],[149.01324,-31.30049],[149.01418,-31.30039],[149.01478,-31.30133],[149.01182,-31.30268],[149.01141,-31.30314],[149.01126,-31.30359],[149.01189,-31.30363],[149.01221,-31.30398],[149.01272,-31.30316],[149.01335,-31.30284],[149.01382,-31.30297],[149.01386,-31.30251],[149.01445,-31.30268],[149.01399,-31.30328],[149.01372,-31.30315],[149.01305,-31.30361],[149.01317,-31.30451],[149.01159,-31.30445],[149.01261,-31.30502],[149.01251,-31.30551],[149.01282,-31.30542],[149.01337,-31.30618],[149.01263,-31.30596],[149.0119,-31.30629],[149.0116,-31.30684],[149.01102,-31.30689],[149.01002,-31.30673],[149.00932,-31.30602],[149.00952,-31.30561],[149.01073,-31.30586],[149.01045,-31.30519],[149.01076,-31.30478],[149.01129,-31.30481],[149.01133,-31.3045],[149.0107,-31.30424],[149.01065,-31.3046],[149.01044,-31.30447],[149.01074,-31.30365],[149.01031,-31.30343],[149.01035,-31.30284],[149.01003,-31.30267],[149.01017,-31.30185],[149.00973,-31.30087],[149.00936,-31.30096],[149.00893,-31.30034],[149.00902,-31.29989],[149.00924,-31.30015],[149.01013,-31.30014],[149.01071,-31.30008],[149.01086,-31.29972],[149.01123,-31.29985],[149.01187,-31.30034]]]}},{"type":"Feature","properties":{"OBJECTID":8711909,"PCTID":385,"PCTName":"Warrumbungle trachyte hillcrest Tumbledown Red Gum - Black Cypress Pine - White Bloodwood shrubby woodland","vegClass":"North-west Slopes Dry Sclerophyll Woodlands","vegForm":"Dry Sclerophyll Forests (Shrub/grass sub-formation)"},"geometry":{"type":"Polygon","coordinates":[[[149.03775,-31.306],[149.03823,-31.30644],[149.03813,-31.30671],[149.03755,-31.30659],[149.03727,-31.30591],[149.03648,-31.30552],[149.03606,-31.30566],[149.03557,-31.30486],[149.0372,-31.30497],[149.03784,-31.30541],[149.03775,-31.306]]]}},{"type":"Feature","properties":{"OBJECTID":8711911,"PCTID":389,"PCTName":"Motherumbah - White Bloodwood - cypress pine very tall shrubland / woodland of the Coonabarabran region, Brigalow Belt South Bioregion","vegClass":"North-west Slopes Dry Sclerophyll Woodlands","vegForm":"Dry Sclerophyll Forests (Shrub/grass sub-formation)"},"geometry":{"type":"Polygon","coordinates":[[[149.00034,-31.30657],[148.99962,-31.30731],[148.99846,-31.30714],[148.99904,-31.30704],[148.99887,-31.30642],[148.99929,-31.30659],[148.9995,-31.30632],[148.9994,-31.30686],[149.00028,-31.30626],[149.00034,-31.30657]]]}},{"type":"Feature","properties":{"OBJECTID":8711913,"PCTID":393,"PCTName":"White Box shrubby woodland of the western Liverpool Range, Warrumbungle Range and south-west Pilliga forests, Brigalow Belt South Bioregion","vegClass":"North-west Slopes Dry Sclerophyll Woodlands","vegForm":"Dry Sclerophyll Forests (Shrub/grass sub-formation)"},"geometry":{"type":"Polygon","coordinates":[[[149.02488,-31.30653],[149.02474,-31.30707],[149.02374,-31.30704],[149.02366,-31.30596],[149.02392,-31.30582],[149.02424,-31.30613],[149.02503,-31.3058],[149.02577,-31.30615],[149.02562,-31.3067],[149.02488,-31.30653]]]}},{"type":"Feature","properties":{"OBJECTID":8711916,"PCTID":393,"PCTName":"White Box shrubby woodland of the western Liverpool Range, Warrumbungle Range and south-west Pilliga forests, Brigalow Belt South Bioregion","vegClass":"North-west Slopes Dry Sclerophyll Woodlands","vegForm":"Dry Sclerophyll Forests (Shrub/grass sub-formation)"},"geometry":{"type":"Polygon","coordinates":[[[148.97191,-31.30658],[148.97305,-31.30584],[148.97448,-31.30605],[148.97446,-31.30528],[148.97409,-31.30524],[148.97392,-31.30461],[148.97643,-31.30421],[148.97647,-31.30335],[148.97735,-31.30307],[148.97698,-31.30262],[148.97583,-31.30327],[148.97526,-31.30324],[148.97513,-31.30234],[148.9755,-31.30224],[148.9755,-31.3026],[148.97603,-31.30273],[148.9778,-31.30193],[148.97755,-31.30234],[148.97755,-31.30261],[148.97803,-31.30256],[148.97772,-31.3032],[148.9778,-31.30423],[148.97872,-31.30526],[148.97852,-31.30585],[148.97569,-31.30612],[148.97581,-31.30684],[148.9766,-31.30719],[148.97597,-31.30715],[148.97546,-31.30797],[148.97436,-31.3079],[148.97398,-31.30745],[148.97331,-31.30778],[148.97192,-31.30704],[148.97191,-31.30658]]]}},{"type":"Feature","properties":{"OBJECTID":8711917,"PCTID":420,"PCTName":"Red Stringybark - Rough-barked Apple +/- Nortons Box open forest on hillslopes in the Warrumbungle NP - Coolah regions","vegClass":"Western Slopes Dry Sclerophyll Forests","vegForm":"Dry Sclerophyll Forests (Shrubby sub-formation)"},"geometry":{"type":"Polygon","coordinates":[[[149.04379,-31.30612],[149.04432,-31.3062],[149.04438,-31.30665],[149.04349,-31.30685],[149.0426,-31.30659],[149.04239,-31.30687],[149.04191,-31.3066],[149.04201,-31.30633],[149.04133,-31.30639],[149.04142,-31.30575],[149.04253,-31.30596],[149.0432,-31.30563],[149.04363,-31.30576],[149.04379,-31.30612]]]}},{"type":"Feature","properties":{"OBJECTID":8711923,"PCTID":0,"PCTName":"Not classified","vegClass":"Not classified","vegForm":"Not classified"},"geometry":{"type":"Polygon","coordinates":[[[149.01652,-31.30635],[149.01701,-31.30697],[149.01682,-31.30761],[149.01638,-31.30694],[149.01647,-31.30631],[149.01584,-31.30623],[149.01535,-31.30538],[149.01544,-31.30483],[149.01496,-31.30444],[149.01553,-31.3042],[149.01552,-31.30388],[149.01459,-31.30214],[149.01517,-31.30204],[149.01521,-31.30159],[149.01602,-31.30243],[149.01593,-31.30334],[149.01657,-31.30387],[149.01616,-31.30419],[149.01587,-31.30514],[149.01598,-31.30564],[149.01651,-31.30576],[149.01652,-31.30635]]]}},{"type":"Feature","properties":{"OBJECTID":8711924,"PCTID":393,"PCTName":"White Box shrubby woodland of the western Liverpool Range, Warrumbungle Range and south-west Pilliga forests, Brigalow Belt South Bioregion","vegClass":"North-west Slopes Dry Sclerophyll Woodlands","vegForm":"Dry Sclerophyll Forests (Shrub/grass sub-formation)"},"geometry":{"type":"Polygon","coordinates":[[[149.02743,-31.30743],[149.02684,-31.30686],[149.02709,-31.30645],[149.02676,-31.30591],[149.02707,-31.30577],[149.0275,-31.30621],[149.02743,-31.30743]]]}},{"type":"Feature","properties":{"OBJECTID":8711925,"PCTID":0,"PCTName":"Not classified","vegClass":"Not classified","vegForm":"Not classified"},"geometry":{"type":"Polygon","coordinates":[[[148.98851,-31.30595],[148.98655,-31.30788],[148.98572,-31.3083],[148.98851,-31.30595]]]}},{"type":"Feature","properties":{"OBJECTID":8711926,"PCTID":393,"PCTName":"White Box shrubby woodland of the western Liverpool Range, Warrumbungle Range and south-west Pilliga forests, Brigalow Belt South Bioregion","vegClass":"North-west Slopes Dry Sclerophyll Woodlands","vegForm":"Dry Sclerophyll Forests (Shrub/grass sub-formation)"},"geometry":{"type":"Polygon","coordinates":[[[149.01211,-31.30647],[149.01338,-31.30685],[149.01356,-31.30757],[149.01323,-31.30726],[149.01202,-31.30715],[149.01062,-31.30794],[149.00972,-31.30746],[149.01013,-31.30695],[149.0096,-31.30683],[149.00916,-31.30616],[149.00931,-31.30588],[149.01002,-31.30673],[149.01102,-31.30689],[149.01175,-31.30674],[149.01211,-31.30624],[149.01211,-31.30647]]]}},{"type":"Feature","properties":{"OBJECTID":8711927,"PCTID":379,"PCTName":"Inland Scribbly Gum - White Bloodwood - Red Stringybark - Black Cypress Pine shrubby sandstone woodland mainly of the Warrumbungle NP - Pilliga region in the Brigalow Belt South Bioregion","vegClass":"Western Slopes Dry Sclerophyll Forests","vegForm":"Dry Sclerophyll Forests (Shrubby sub-formation)"},"geometry":{"type":"Polygon","coordinates":[[[149.0175,-31.3053],[149.01733,-31.3048],[149.01834,-31.30528],[149.01965,-31.30517],[149.01951,-31.3058],[149.01873,-31.3064],[149.0188,-31.30694],[149.01922,-31.30707],[149.01897,-31.3078],[149.0185,-31.30758],[149.01859,-31.30713],[149.0179,-31.30682],[149.01788,-31.30583],[149.01729,-31.30539],[149.0175,-31.3053]]]}},{"type":"Feature","properties":{"OBJECTID":8711928,"PCTID":389,"PCTName":"Motherumbah - White Bloodwood - cypress pine very tall shrubland / woodland of the Coonabarabran region, Brigalow Belt South Bioregion","vegClass":"North-west Slopes Dry Sclerophyll Woodlands","vegForm":"Dry Sclerophyll Forests (Shrub/grass sub-formation)"},"geometry":{"type":"Polygon","coordinates":[[[149.00916,-31.3062],[149.00971,-31.30691],[149.01013,-31.30695],[149.00966,-31.30732],[149.01003,-31.30754],[149.00978,-31.308],[149.00897,-31.30715],[149.0072,-31.30763],[149.00707,-31.30678],[149.00832,-31.30612],[149.00809,-31.30536],[149.00835,-31.30495],[149.00957,-31.30561],[149.00916,-31.3062]]]}},{"type":"Feature","properties":{"OBJECTID":8711930,"PCTID":0,"PCTName":"Not classified","vegClass":"Not classified","vegForm":"Not classified"},"geometry":{"type":"Polygon","coordinates":[[[148.98572,-31.3083],[148.98562,-31.30844],[148.98551,-31.30844],[148.98572,-31.3083]]]}},{"type":"Feature","properties":{"OBJECTID":8711931,"PCTID":0,"PCTName":"Not classified","vegClass":"Not classified","vegForm":"Not classified"},"geometry":{"type":"Polygon","coordinates":[[[148.98551,-31.30844],[148.98551,-31.30848],[148.98546,-31.30849],[148.98551,-31.30844]]]}},{"type":"Feature","properties":{"OBJECTID":8711932,"PCTID":0,"PCTName":"Not classified","vegClass":"Not classified","vegForm":"Not classified"},"geometry":{"type":"Polygon","coordinates":[[[148.98546,-31.30849],[148.98541,-31.30858],[148.98531,-31.30858],[148.98546,-31.30849]]]}},{"type":"Feature","properties":{"OBJECTID":8711934,"PCTID":0,"PCTName":"Not classified","vegClass":"Not classified","vegForm":"Not classified"},"geometry":{"type":"Polygon","coordinates":[[[148.98531,-31.30858],[148.98531,-31.30862],[148.98525,-31.30862],[148.98531,-31.30858]]]}},{"type":"Feature","properties":{"OBJECTID":8711935,"PCTID":417,"PCTName":"Black Cypress Pine - Narrow-leaved Ironbark - red gum +/- White Bloodwood shrubby open forest on hills of the southern Pilliga, Coonabarabran and Garawilla regions, Brigalow Belt South Bioregion","vegClass":"Western Slopes Dry Sclerophyll Forests","vegForm":"Dry Sclerophyll Forests (Shrubby sub-formation)"},"geometry":{"type":"Polygon","coordinates":[[[148.99332,-31.30754],[148.99256,-31.3085],[148.99145,-31.30821],[148.99201,-31.30775],[148.99164,-31.30757],[148.99185,-31.30725],[148.99331,-31.30714],[148.99332,-31.30754]]]}},{"type":"Feature","properties":{"OBJECTID":8711936,"PCTID":0,"PCTName":"Not classified","vegClass":"Not classified","vegForm":"Not classified"},"geometry":{"type":"Polygon","coordinates":[[[148.98525,-31.30862],[148.98526,-31.30867],[148.98515,-31.30867],[148.98525,-31.30862]]]}},{"type":"Feature","properties":{"OBJECTID":8711937,"PCTID":381,"PCTName":"Rough-barked Apple - Yellow Box grass/shrub footslope open forest, Brigalow Belt South Bioregion","vegClass":"North-west Slopes Dry Sclerophyll Woodlands","vegForm":"Dry Sclerophyll Forests (Shrub/grass sub-formation)"},"geometry":{"type":"Polygon","coordinates":[[[149.02438,-31.30536],[149.02645,-31.30596],[149.02605,-31.30691],[149.02632,-31.3075],[149.02613,-31.30795],[149.0257,-31.30755],[149.02577,-31.30615],[149.02503,-31.3058],[149.02424,-31.30613],[149.02392,-31.30582],[149.02361,-31.30601],[149.02326,-31.30461],[149.02253,-31.30481],[149.02224,-31.30558],[149.02134,-31.30564],[149.02154,-31.30523],[149.02243,-31.30485],[149.02273,-31.30404],[149.02331,-31.30421],[149.02438,-31.30536]]]}},{"type":"Feature","properties":{"OBJECTID":8711938,"PCTID":0,"PCTName":"Not classified","vegClass":"Not classified","vegForm":"Not classified"},"geometry":{"type":"Polygon","coordinates":[[[148.98515,-31.30867],[148.98515,-31.30872],[148.9851,-31.30872],[148.98515,-31.30867]]]}},{"type":"Feature","properties":{"OBJECTID":8711939,"PCTID":0,"PCTName":"Not classified","vegClass":"Not classified","vegForm":"Not classified"},"geometry":{"type":"Polygon","coordinates":[[[148.9851,-31.30876],[148.98505,-31.30876],[148.9851,-31.30872],[148.9851,-31.30876]]]}},{"type":"Feature","properties":{"OBJECTID":8711940,"PCTID":389,"PCTName":"Motherumbah - White Bloodwood - cypress pine very tall shrubland / woodland of the Coonabarabran region, Brigalow Belt South Bioregion","vegClass":"North-west Slopes Dry Sclerophyll Woodlands","vegForm":"Dry Sclerophyll Forests (Shrub/grass sub-formation)"},"geometry":{"type":"Polygon","coordinates":[[[149.0039,-31.30832],[149.00384,-31.30787],[149.00431,-31.30786],[149.00436,-31.3075],[149.00494,-31.30753],[149.00527,-31.3083],[149.0039,-31.30832]]]}},{"type":"Feature","properties":{"OBJECTID":8711943,"PCTID":0,"PCTName":"Not classified","vegClass":"Not classified","vegForm":"Not classified"},"geometry":{"type":"Polygon","coordinates":[[[148.98494,-31.30881],[148.98494,-31.30885],[148.98489,-31.30886],[148.98494,-31.30881]]]}},{"type":"Feature","properties":{"OBJECTID":8711944,"PCTID":0,"PCTName":"Not classified","vegClass":"Not classified","vegForm":"Not classified"},"geometry":{"type":"Polygon","coordinates":[[[148.98489,-31.30886],[148.98489,-31.3089],[148.98484,-31.3089],[148.98489,-31.30886]]]}},{"type":"Feature","properties":{"OBJECTID":8711945,"PCTID":0,"PCTName":"Not classified","vegClass":"Not classified","vegForm":"Not classified"},"geometry":{"type":"Polygon","coordinates":[[[148.98484,-31.3089],[148.98484,-31.30895],[148.98479,-31.30895],[148.98484,-31.3089]]]}},{"type":"Feature","properties":{"OBJECTID":8711946,"PCTID":0,"PCTName":"Not classified","vegClass":"Not classified","vegForm":"Not classified"},"geometry":{"type":"Polygon","coordinates":[[[148.99424,-31.3087],[148.99413,-31.30839],[148.9944,-31.30879],[148.99424,-31.3087]]]}},{"type":"Feature","properties":{"OBJECTID":8711947,"PCTID":0,"PCTName":"Not classified","vegClass":"Not classified","vegForm":"Not classified"},"geometry":{"type":"Polygon","coordinates":[[[148.99503,-31.30873],[148.99729,-31.30861],[148.99761,-31.30878],[148.99503,-31.30873]]]}},{"type":"Feature","properties":{"OBJECTID":8711948,"PCTID":0,"PCTName":"Not classified","vegClass":"Not classified","vegForm":"Not classified"},"geometry":{"type":"Polygon","coordinates":[[[148.99503,-31.30882],[148.99498,-31.30892],[148.99488,-31.30892],[148.99503,-31.30882]]]}},{"type":"Feature","properties":{"OBJECTID":8711949,"PCTID":0,"PCTName":"Not classified","vegClass":"Not classified","vegForm":"Not classified"},"geometry":{"type":"Polygon","coordinates":[[[148.99462,-31.30906],[148.9944,-31.30879],[148.99488,-31.30892],[148.99462,-31.30906]]]}},{"type":"Feature","properties":{"OBJECTID":8711951,"PCTID":0,"PCTName":"Not classified","vegClass":"Not classified","vegForm":"Not classified"},"geometry":{"type":"Polygon","coordinates":[[[148.99413,-31.30839],[148.99386,-31.30808],[148.99366,-31.30844],[148.99383,-31.30916],[148.9936,-31.3084],[148.99391,-31.30799],[148.99418,-31.30623],[148.99413,-31.30839]]]}},{"type":"Feature","properties":{"OBJECTID":8711952,"PCTID":381,"PCTName":"Rough-barked Apple - Yellow Box grass/shrub footslope open forest, Brigalow Belt South Bioregion","vegClass":"North-west Slopes Dry Sclerophyll Woodlands","vegForm":"Dry Sclerophyll Forests (Shrub/grass sub-formation)"},"geometry":{"type":"Polygon","coordinates":[[[148.9944,-31.30879],[148.99396,-31.30799],[148.99418,-31.30609],[148.99461,-31.30617],[148.99483,-31.3068],[148.99542,-31.3071],[148.99479,-31.30739],[148.99436,-31.30712],[148.99438,-31.30793],[148.99497,-31.30833],[148.99655,-31.30835],[148.99785,-31.30783],[148.99933,-31.30821],[148.99934,-31.30853],[149.00002,-31.30861],[149.00019,-31.30906],[148.99856,-31.30895],[148.99812,-31.30832],[148.99759,-31.3082],[148.99707,-31.3083],[148.99713,-31.30861],[148.9944,-31.30879]]]}},{"type":"Feature","properties":{"OBJECTID":8711954,"PCTID":0,"PCTName":"Not classified","vegClass":"Not classified","vegForm":"Not classified"},"geometry":{"type":"Polygon","coordinates":[[[148.99888,-31.30921],[148.99798,-31.30909],[148.99761,-31.30878],[148.99888,-31.30921]]]}},{"type":"Feature","properties":{"OBJECTID":8711955,"PCTID":0,"PCTName":"Not classified","vegClass":"Not classified","vegForm":"Not classified"},"geometry":{"type":"Polygon","coordinates":[[[148.99893,-31.30926],[148.99893,-31.30921],[148.99904,-31.30926],[148.99893,-31.30926]]]}},{"type":"Feature","properties":{"OBJECTID":8711956,"PCTID":0,"PCTName":"Not classified","vegClass":"Not classified","vegForm":"Not classified"},"geometry":{"type":"Polygon","coordinates":[[[148.99904,-31.3093],[148.99904,-31.30926],[148.99909,-31.3093],[148.99904,-31.3093]]]}},{"type":"Feature","properties":{"OBJECTID":8711957,"PCTID":0,"PCTName":"Not classified","vegClass":"Not classified","vegForm":"Not classified"},"geometry":{"type":"Polygon","coordinates":[[[148.99909,-31.30934],[148.99909,-31.3093],[148.99914,-31.30934],[148.99909,-31.30934]]]}},{"type":"Feature","properties":{"OBJECTID":8711959,"PCTID":0,"PCTName":"Not classified","vegClass":"Not classified","vegForm":"Not classified"},"geometry":{"type":"Polygon","coordinates":[[[148.98479,-31.30895],[148.98406,-31.3095],[148.98333,-31.30969],[148.98479,-31.30895]]]}},{"type":"Feature","properties":{"OBJECTID":8711961,"PCTID":0,"PCTName":"Not classified","vegClass":"Not classified","vegForm":"Not classified"},"geometry":{"type":"Polygon","coordinates":[[[148.98333,-31.30974],[148.98318,-31.30974],[148.98333,-31.30969],[148.98333,-31.30974]]]}},{"type":"Feature","properties":{"OBJECTID":8711964,"PCTID":0,"PCTName":"Not classified","vegClass":"Not classified","vegForm":"Not classified"},"geometry":{"type":"Polygon","coordinates":[[[148.99442,-31.30974],[148.99388,-31.30916],[148.99431,-31.30951],[148.99442,-31.30974]]]}},{"type":"Feature","properties":{"OBJECTID":8711965,"PCTID":381,"PCTName":"Rough-barked Apple - Yellow Box grass/shrub footslope open forest, Brigalow Belt South Bioregion","vegClass":"North-west Slopes Dry Sclerophyll Woodlands","vegForm":"Dry Sclerophyll Forests (Shrub/grass sub-formation)"},"geometry":{"type":"Polygon","coordinates":[[[148.99462,-31.30906],[148.99514,-31.30878],[148.99546,-31.30909],[148.99625,-31.30899],[148.99658,-31.30966],[148.99557,-31.30954],[148.9952,-31.30918],[148.99426,-31.30951],[148.99366,-31.30858],[148.99386,-31.30808],[148.99413,-31.30839],[148.99462,-31.30906]]]}},{"type":"Feature","properties":{"OBJECTID":8711966,"PCTID":0,"PCTName":"Not classified","vegClass":"Not classified","vegForm":"Not classified"},"geometry":{"type":"Polygon","coordinates":[[[148.99442,-31.30978],[148.99442,-31.30974],[148.99448,-31.30978],[148.99442,-31.30978]]]}},{"type":"Feature","properties":{"OBJECTID":8711967,"PCTID":0,"PCTName":"Not classified","vegClass":"Not classified","vegForm":"Not classified"},"geometry":{"type":"Polygon","coordinates":[[[148.99914,-31.30934],[148.99941,-31.30961],[148.99942,-31.30979],[148.99914,-31.30934]]]}},{"type":"Feature","properties":{"OBJECTID":8711971,"PCTID":0,"PCTName":"Not classified","vegClass":"Not classified","vegForm":"Not classified"},"geometry":{"type":"Polygon","coordinates":[[[148.99448,-31.30987],[148.99448,-31.30978],[148.99458,-31.30992],[148.99448,-31.30987]]]}},{"type":"Feature","properties":{"OBJECTID":8711972,"PCTID":0,"PCTName":"Not classified","vegClass":"Not classified","vegForm":"Not classified"},"geometry":{"type":"Polygon","coordinates":[[[148.99942,-31.30984],[148.99942,-31.30979],[148.99947,-31.30983],[148.99942,-31.30984]]]}},{"type":"Feature","properties":{"OBJECTID":8711976,"PCTID":0,"PCTName":"Not classified","vegClass":"Not classified","vegForm":"Not classified"},"geometry":{"type":"Polygon","coordinates":[[[148.99947,-31.30993],[148.99947,-31.30983],[148.99952,-31.30992],[148.99947,-31.30993]]]}},{"type":"Feature","properties":{"OBJECTID":8711977,"PCTID":393,"PCTName":"White Box shrubby woodland of the western Liverpool Range, Warrumbungle Range and south-west Pilliga forests, Brigalow Belt South Bioregion","vegClass":"North-west Slopes Dry Sclerophyll Woodlands","vegForm":"Dry Sclerophyll Forests (Shrub/grass sub-formation)"},"geometry":{"type":"Polygon","coordinates":[[[149.02672,-31.3088],[149.02668,-31.3092],[149.02621,-31.30948],[149.0255,-31.30841],[149.02598,-31.30845],[149.02597,-31.30795],[149.02661,-31.30835],[149.02769,-31.30756],[149.02813,-31.30814],[149.02725,-31.3087],[149.02672,-31.3088]]]}},{"type":"Feature","properties":{"OBJECTID":8711980,"PCTID":417,"PCTName":"Black Cypress Pine - Narrow-leaved Ironbark - red gum +/- White Bloodwood shrubby open forest on hills of the southern Pilliga, Coonabarabran and Garawilla regions, Brigalow Belt South Bioregion","vegClass":"Western Slopes Dry Sclerophyll Forests","vegForm":"Dry Sclerophyll Forests (Shrubby sub-formation)"},"geometry":{"type":"Polygon","coordinates":[[[149.01067,-31.30794],[149.01202,-31.30715],[149.01282,-31.30736],[149.01094,-31.30816],[149.0109,-31.30883],[149.01038,-31.30902],[149.01082,-31.30969],[149.0103,-31.30988],[149.00912,-31.309],[149.00555,-31.30901],[149.00481,-31.30871],[149.00423,-31.3089],[149.00354,-31.3085],[149.0038,-31.30823],[149.00485,-31.30821],[149.00564,-31.30852],[149.00604,-31.30743],[149.00752,-31.30772],[149.00834,-31.30716],[149.00897,-31.30715],[149.00957,-31.308],[149.01004,-31.30759],[149.01067,-31.30794]]]}},{"type":"Feature","properties":{"OBJECTID":8711981,"PCTID":381,"PCTName":"Rough-barked Apple - Yellow Box grass/shrub footslope open forest, Brigalow Belt South Bioregion","vegClass":"North-west Slopes Dry Sclerophyll Woodlands","vegForm":"Dry Sclerophyll Forests (Shrub/grass sub-formation)"},"geometry":{"type":"Polygon","coordinates":[[[149.02064,-31.30939],[149.02063,-31.30899],[149.021,-31.30889],[149.02153,-31.30929],[149.02144,-31.30974],[149.02064,-31.30939]]]}},{"type":"Feature","properties":{"OBJECTID":8711983,"PCTID":381,"PCTName":"Rough-barked Apple - Yellow Box grass/shrub footslope open forest, Brigalow Belt South Bioregion","vegClass":"North-west Slopes Dry Sclerophyll Woodlands","vegForm":"Dry Sclerophyll Forests (Shrub/grass sub-formation)"},"geometry":{"type":"Polygon","coordinates":[[[149.02015,-31.30846],[149.01956,-31.30828],[149.01926,-31.30888],[149.0199,-31.30909],[149.01975,-31.30945],[149.01844,-31.30979],[149.01848,-31.30907],[149.01905,-31.30879],[149.01966,-31.30783],[149.0196,-31.30738],[149.02011,-31.30688],[149.02075,-31.30714],[149.02143,-31.30713],[149.02168,-31.30676],[149.02206,-31.30698],[149.02223,-31.30752],[149.02167,-31.30857],[149.02141,-31.30866],[149.0214,-31.30794],[149.02066,-31.30782],[149.02066,-31.30818],[149.02015,-31.30846]]]}},{"type":"Feature","properties":{"OBJECTID":8711986,"PCTID":0,"PCTName":"Not classified","vegClass":"Not classified","vegForm":"Not classified"},"geometry":{"type":"Polygon","coordinates":[[[148.98213,-31.30998],[148.98302,-31.30974],[148.98219,-31.31007],[148.98214,-31.31052],[148.98213,-31.30998]]]}},{"type":"Feature","properties":{"OBJECTID":8711988,"PCTID":599,"PCTName":"Blakely's Red Gum - Yellow Box grassy tall woodland on flats and hills in the Brigalow Belt South Bioregion and Nandewar Bioregion","vegClass":"Western Slopes Grassy Woodlands","vegForm":"Grassy Woodlands"},"geometry":{"type":"Polygon","coordinates":[[[149.02153,-31.30929],[149.021,-31.30889],[149.02022,-31.30922],[149.01932,-31.30892],[149.01956,-31.30828],[149.02098,-31.30822],[149.02137,-31.30911],[149.02195,-31.30928],[149.02186,-31.30987],[149.02154,-31.30992],[149.02153,-31.30929]]]}},{"type":"Feature","properties":{"OBJECTID":8711991,"PCTID":0,"PCTName":"Not classified","vegClass":"Not classified","vegForm":"Not classified"},"geometry":{"type":"Polygon","coordinates":[[[148.98204,-31.31062],[148.98204,-31.31057],[148.98209,-31.31062],[148.98204,-31.31062]]]}},{"type":"Feature","properties":{"OBJECTID":8711993,"PCTID":393,"PCTName":"White Box shrubby woodland of the western Liverpool Range, Warrumbungle Range and south-west Pilliga forests, Brigalow Belt South Bioregion","vegClass":"North-west Slopes Dry Sclerophyll Woodlands","vegForm":"Dry Sclerophyll Forests (Shrub/grass sub-formation)"},"geometry":{"type":"Polygon","coordinates":[[[148.99616,-31.30998],[148.99574,-31.30967],[148.99495,-31.30973],[148.99585,-31.30998],[148.99517,-31.31045],[148.99431,-31.30951],[148.9952,-31.30918],[148.99626,-31.30966],[148.99616,-31.30998]]]}},{"type":"Feature","properties":{"OBJECTID":8711994,"PCTID":389,"PCTName":"Motherumbah - White Bloodwood - cypress pine very tall shrubland / woodland of the Coonabarabran region, Brigalow Belt South Bioregion","vegClass":"North-west Slopes Dry Sclerophyll Woodlands","vegForm":"Dry Sclerophyll Forests (Shrub/grass sub-formation)"},"geometry":{"type":"Polygon","coordinates":[[[149.0033,-31.30973],[149.00414,-31.30971],[149.00426,-31.30998],[149.00358,-31.31031],[149.00272,-31.30956],[149.00309,-31.30932],[149.0033,-31.30973]]]}},{"type":"Feature","properties":{"OBJECTID":8711996,"PCTID":0,"PCTName":"Not classified","vegClass":"Not classified","vegForm":"Not classified"},"geometry":{"type":"Polygon","coordinates":[[[148.98204,-31.31066],[148.98204,-31.31071],[148.98199,-31.31071],[148.98204,-31.31066]]]}},{"type":"Feature","properties":{"OBJECTID":8711998,"PCTID":0,"PCTName":"Not classified","vegClass":"Not classified","vegForm":"Not classified"},"geometry":{"type":"Polygon","coordinates":[[[148.98199,-31.31071],[148.98199,-31.31075],[148.98194,-31.31075],[148.98199,-31.31071]]]}},{"type":"Feature","properties":{"OBJECTID":8712000,"PCTID":0,"PCTName":"Not classified","vegClass":"Not classified","vegForm":"Not classified"},"geometry":{"type":"Polygon","coordinates":[[[148.98194,-31.31075],[148.98194,-31.3108],[148.98189,-31.3108],[148.98194,-31.31075]]]}},{"type":"Feature","properties":{"OBJECTID":8712002,"PCTID":0,"PCTName":"Not classified","vegClass":"Not classified","vegForm":"Not classified"},"geometry":{"type":"Polygon","coordinates":[[[149.01556,-31.31007],[149.01581,-31.3097],[149.01547,-31.30858],[149.01421,-31.30842],[149.01471,-31.30755],[149.01428,-31.30688],[149.01491,-31.30696],[149.01568,-31.30641],[149.01595,-31.3064],[149.01613,-31.30735],[149.01656,-31.30784],[149.01583,-31.30839],[149.01633,-31.30942],[149.01607,-31.30952],[149.01593,-31.31033],[149.01556,-31.31007]]]}},{"type":"Feature","properties":{"OBJECTID":8712006,"PCTID":393,"PCTName":"White Box shrubby woodland of the western Liverpool Range, Warrumbungle Range and south-west Pilliga forests, Brigalow Belt South Bioregion","vegClass":"North-west Slopes Dry Sclerophyll Woodlands","vegForm":"Dry Sclerophyll Forests (Shrub/grass sub-formation)"},"geometry":{"type":"Polygon","coordinates":[[[149.01516,-31.30894],[149.01486,-31.30963],[149.01529,-31.30975],[149.0153,-31.31021],[149.01462,-31.31044],[149.01382,-31.31014],[149.01304,-31.31051],[149.01293,-31.31015],[149.0135,-31.30965],[149.01332,-31.30893],[149.01431,-31.30851],[149.01516,-31.30894]]]}},{"type":"Feature","properties":{"OBJECTID":8712007,"PCTID":0,"PCTName":"Not classified","vegClass":"Not classified","vegForm":"Not classified"},"geometry":{"type":"Polygon","coordinates":[[[149.01713,-31.30999],[149.01667,-31.31045],[149.01666,-31.31009],[149.0163,-31.31019],[149.01629,-31.30992],[149.01659,-31.30924],[149.01685,-31.30932],[149.01641,-31.30834],[149.01666,-31.30775],[149.01698,-31.30783],[149.01684,-31.30874],[149.01722,-31.30923],[149.01713,-31.30999]]]}},{"type":"Feature","properties":{"OBJECTID":8712023,"PCTID":0,"PCTName":"Not classified","vegClass":"Not classified","vegForm":"Not classified"},"geometry":{"type":"Polygon","coordinates":[[[148.98121,-31.31117],[148.98189,-31.3108],[148.98085,-31.31158],[148.98121,-31.31117]]]}},{"type":"Feature","properties":{"OBJECTID":8712035,"PCTID":379,"PCTName":"Inland Scribbly Gum - White Bloodwood - Red Stringybark - Black Cypress Pine shrubby sandstone woodland mainly of the Warrumbungle NP - Pilliga region in the Brigalow Belt South Bioregion","vegClass":"Western Slopes Dry Sclerophyll Forests","vegForm":"Dry Sclerophyll Forests (Shrubby sub-formation)"},"geometry":{"type":"Polygon","coordinates":[[[149.00979,-31.31075],[149.00807,-31.31141],[149.00826,-31.3105],[149.00858,-31.31045],[149.00809,-31.30996],[149.00808,-31.30951],[149.00897,-31.30923],[149.01014,-31.30997],[149.00979,-31.31075]]]}},{"type":"Feature","properties":{"OBJECTID":8712039,"PCTID":0,"PCTName":"Not classified","vegClass":"Not classified","vegForm":"Not classified"},"geometry":{"type":"Polygon","coordinates":[[[148.98085,-31.31158],[148.9807,-31.3119],[148.98055,-31.31199],[148.98085,-31.31158]]]}},{"type":"Feature","properties":{"OBJECTID":8712040,"PCTID":0,"PCTName":"Not classified","vegClass":"Not classified","vegForm":"Not classified"},"geometry":{"type":"Polygon","coordinates":[[[148.9952,-31.31175],[148.99458,-31.30992],[148.99486,-31.31032],[148.9952,-31.31175]]]}},{"type":"Feature","properties":{"OBJECTID":8712041,"PCTID":381,"PCTName":"Rough-barked Apple - Yellow Box grass/shrub footslope open forest, Brigalow Belt South Bioregion","vegClass":"North-west Slopes Dry Sclerophyll Woodlands","vegForm":"Dry Sclerophyll Forests (Shrub/grass sub-formation)"},"geometry":{"type":"Polygon","coordinates":[[[149.01798,-31.31025],[149.01794,-31.31088],[149.01737,-31.31125],[149.01611,-31.31137],[149.01723,-31.3095],[149.01893,-31.31042],[149.01798,-31.31025]]]}},{"type":"Feature","properties":{"OBJECTID":8712043,"PCTID":417,"PCTName":"Black Cypress Pine - Narrow-leaved Ironbark - red gum +/- White Bloodwood shrubby open forest on hills of the southern Pilliga, Coonabarabran and Garawilla regions, Brigalow Belt South Bioregion","vegClass":"Western Slopes Dry Sclerophyll Forests","vegForm":"Dry Sclerophyll Forests (Shrubby sub-formation)"},"geometry":{"type":"Polygon","coordinates":[[[149.03513,-31.31109],[149.03465,-31.31088],[149.03454,-31.31043],[149.03569,-31.31023],[149.03585,-31.31049],[149.03638,-31.31044],[149.03644,-31.31085],[149.03513,-31.31109]]]}},{"type":"Feature","properties":{"OBJECTID":8712046,"PCTID":0,"PCTName":"Not classified","vegClass":"Not classified","vegForm":"Not classified"},"geometry":{"type":"Polygon","coordinates":[[[148.99521,-31.31194],[148.9952,-31.31175],[148.99526,-31.31193],[148.99521,-31.31194]]]}},{"type":"Feature","properties":{"OBJECTID":8712048,"PCTID":0,"PCTName":"Not classified","vegClass":"Not classified","vegForm":"Not classified"},"geometry":{"type":"Polygon","coordinates":[[[148.98055,-31.31199],[148.98055,-31.31208],[148.98024,-31.31232],[148.98055,-31.31199]]]}},{"type":"Feature","properties":{"OBJECTID":8712049,"PCTID":0,"PCTName":"Not classified","vegClass":"Not classified","vegForm":"Not classified"},"geometry":{"type":"Polygon","coordinates":[[[148.99526,-31.31207],[148.99526,-31.31193],[148.99532,-31.31207],[148.99526,-31.31207]]]}},{"type":"Feature","properties":{"OBJECTID":8712050,"PCTID":393,"PCTName":"White Box shrubby woodland of the western Liverpool Range, Warrumbungle Range and south-west Pilliga forests, Brigalow Belt South Bioregion","vegClass":"North-west Slopes Dry Sclerophyll Woodlands","vegForm":"Dry Sclerophyll Forests (Shrub/grass sub-formation)"},"geometry":{"type":"Polygon","coordinates":[[[149.01116,-31.31086],[149.01059,-31.31105],[149.01071,-31.31173],[149.01008,-31.31174],[149.01039,-31.31151],[149.01021,-31.3107],[149.01078,-31.31028],[149.01115,-31.31059],[149.01116,-31.31086]]]}},{"type":"Feature","properties":{"OBJECTID":8712052,"PCTID":0,"PCTName":"Not classified","vegClass":"Not classified","vegForm":"Not classified"},"geometry":{"type":"Polygon","coordinates":[[[148.98024,-31.31232],[148.98024,-31.31236],[148.98019,-31.31236],[148.98024,-31.31232]]]}},{"type":"Feature","properties":{"OBJECTID":8712054,"PCTID":0,"PCTName":"Not classified","vegClass":"Not classified","vegForm":"Not classified"},"geometry":{"type":"Polygon","coordinates":[[[148.98019,-31.31236],[148.98019,-31.31241],[148.98013,-31.31241],[148.98019,-31.31236]]]}},{"type":"Feature","properties":{"OBJECTID":8712058,"PCTID":0,"PCTName":"Not classified","vegClass":"Not classified","vegForm":"Not classified"},"geometry":{"type":"Polygon","coordinates":[[[148.99982,-31.31154],[148.99952,-31.30992],[149.0001,-31.31217],[148.99982,-31.31154]]]}},{"type":"Feature","properties":{"OBJECTID":8712066,"PCTID":0,"PCTName":"Not classified","vegClass":"Not classified","vegForm":"Not classified"},"geometry":{"type":"Polygon","coordinates":[[[148.98013,-31.31241],[148.98009,-31.31254],[148.97941,-31.31283],[148.98013,-31.31241]]]}},{"type":"Feature","properties":{"OBJECTID":8712069,"PCTID":381,"PCTName":"Rough-barked Apple - Yellow Box grass/shrub footslope open forest, Brigalow Belt South Bioregion","vegClass":"North-west Slopes Dry Sclerophyll Woodlands","vegForm":"Dry Sclerophyll Forests (Shrub/grass sub-formation)"},"geometry":{"type":"Polygon","coordinates":[[[149.01491,-31.30696],[149.01428,-31.30688],[149.01471,-31.30737],[149.01467,-31.30787],[149.01435,-31.30792],[149.01421,-31.30864],[149.014,-31.30847],[149.0138,-31.30888],[149.01302,-31.30921],[149.01272,-31.31002],[149.01178,-31.31053],[149.0111,-31.31059],[149.01078,-31.31028],[149.01021,-31.3107],[149.01019,-31.312],[149.0095,-31.31197],[149.00902,-31.31157],[149.00836,-31.31244],[149.00793,-31.31195],[149.00869,-31.31099],[149.00979,-31.31075],[149.0102,-31.31029],[149.01014,-31.30988],[149.01082,-31.30969],[149.01038,-31.30902],[149.0109,-31.30883],[149.01099,-31.30811],[149.01313,-31.30726],[149.01356,-31.30757],[149.01338,-31.30685],[149.01211,-31.30647],[149.01211,-31.30615],[149.01284,-31.30596],[149.01348,-31.30658],[149.01433,-31.30675],[149.01526,-31.3061],[149.01477,-31.3053],[149.01517,-31.30461],[149.01594,-31.30627],[149.01491,-31.30696]]]}},{"type":"Feature","properties":{"OBJECTID":8712076,"PCTID":394,"PCTName":"Narrow-leaved Ironbark - White Cypress pine woodland on slopes and flats in the Coonabarabran - Pilliga Scrub regions","vegClass":"North-west Slopes Dry Sclerophyll Woodlands","vegForm":"Dry Sclerophyll Forests (Shrub/grass sub-formation)"},"geometry":{"type":"Polygon","coordinates":[[[148.97192,-31.30704],[148.97331,-31.30778],[148.97398,-31.30745],[148.97436,-31.3079],[148.97546,-31.30797],[148.97597,-31.30715],[148.9766,-31.30719],[148.97581,-31.30684],[148.97569,-31.30612],[148.97726,-31.30587],[148.97795,-31.30608],[148.97857,-31.3058],[148.97872,-31.30526],[148.9778,-31.30423],[148.97772,-31.3032],[148.97803,-31.30256],[148.97755,-31.30261],[148.97755,-31.30234],[148.97785,-31.30157],[148.97953,-31.30145],[148.97993,-31.30072],[148.9804,-31.30049],[148.98103,-31.30071],[148.98108,-31.30025],[148.98186,-31.29997],[148.98245,-31.30073],[148.98335,-31.30107],[148.98284,-31.30176],[148.98301,-31.30207],[148.98259,-31.30231],[148.98323,-31.30243],[148.98331,-31.30171],[148.98373,-31.30143],[148.98401,-31.30228],[148.98365,-31.30269],[148.98251,-31.3033],[148.98172,-31.30331],[148.9817,-31.30476],[148.98225,-31.30597],[148.98157,-31.3058],[148.98184,-31.30624],[148.98237,-31.30637],[148.98243,-31.30682],[148.98334,-31.30744],[148.9846,-31.3076],[148.98466,-31.30791],[148.98326,-31.30866],[148.98188,-31.30823],[148.98153,-31.30887],[148.98011,-31.30875],[148.98049,-31.30942],[148.98138,-31.3095],[148.98008,-31.30975],[148.97935,-31.31025],[148.97867,-31.31013],[148.97864,-31.31121],[148.97765,-31.31173],[148.97792,-31.31208],[148.97761,-31.31236],[148.9783,-31.31262],[148.97794,-31.31312],[148.97614,-31.3122],[148.97577,-31.3123],[148.97604,-31.31261],[148.97578,-31.3127],[148.97472,-31.31241],[148.9745,-31.31182],[148.97382,-31.31197],[148.97376,-31.31152],[148.97264,-31.31086],[148.97256,-31.30969],[148.97299,-31.31004],[148.97324,-31.30977],[148.97281,-31.30892],[148.97295,-31.30837],[148.97177,-31.30726],[148.97192,-31.30704]]]}},{"type":"Feature","properties":{"OBJECTID":8712077,"PCTID":417,"PCTName":"Black Cypress Pine - Narrow-leaved Ironbark - red gum +/- White Bloodwood shrubby open forest on hills of the southern Pilliga, Coonabarabran and Garawilla regions, Brigalow Belt South Bioregion","vegClass":"Western Slopes Dry Sclerophyll Forests","vegForm":"Dry Sclerophyll Forests (Shrubby sub-formation)"},"geometry":{"type":"Polygon","coordinates":[[[149.02273,-31.30404],[149.02243,-31.30485],[149.02154,-31.30523],[149.02134,-31.30564],[149.02213,-31.30563],[149.0227,-31.30521],[149.02303,-31.30593],[149.02329,-31.30574],[149.02366,-31.30601],[149.02374,-31.30704],[149.02474,-31.30707],[149.02488,-31.30653],[149.02562,-31.3067],[149.02608,-31.30831],[149.02551,-31.30859],[149.02621,-31.30948],[149.02668,-31.3092],[149.02672,-31.3088],[149.02725,-31.3087],[149.02746,-31.30901],[149.02814,-31.30864],[149.02888,-31.30881],[149.02926,-31.30948],[149.02822,-31.3099],[149.02781,-31.31045],[149.02835,-31.31085],[149.02876,-31.31048],[149.02928,-31.31056],[149.02935,-31.31096],[149.02793,-31.31117],[149.02681,-31.31056],[149.02671,-31.31078],[149.02566,-31.31076],[149.02541,-31.3113],[149.02489,-31.31135],[149.02494,-31.31113],[149.0233,-31.31066],[149.0238,-31.31214],[149.02344,-31.31242],[149.02306,-31.31179],[149.02275,-31.31229],[149.02282,-31.31062],[149.0225,-31.31013],[149.02198,-31.31037],[149.0215,-31.31019],[149.02195,-31.30928],[149.02137,-31.30911],[149.0213,-31.30853],[149.0205,-31.30804],[149.02066,-31.30782],[149.0214,-31.30794],[149.02141,-31.30866],[149.02172,-31.30852],[149.02223,-31.30752],[149.02179,-31.30676],[149.02143,-31.30713],[149.02011,-31.30688],[149.0196,-31.30738],[149.01966,-31.30783],[149.01905,-31.30879],[149.01827,-31.30939],[149.01774,-31.30904],[149.01722,-31.30923],[149.0169,-31.30883],[149.01676,-31.30761],[149.01701,-31.30697],[149.01652,-31.30635],[149.01651,-31.30576],[149.01719,-31.30539],[149.01756,-31.30552],[149.01788,-31.30583],[149.0179,-31.30682],[149.01859,-31.30713],[149.0185,-31.30758],[149.01897,-31.3078],[149.01922,-31.30707],[149.0188,-31.30694],[149.01873,-31.3064],[149.01966,-31.30535],[149.01723,-31.30485],[149.01695,-31.30436],[149.01715,-31.30399],[149.01869,-31.30428],[149.01912,-31.30473],[149.0199,-31.30444],[149.02022,-31.30475],[149.02044,-31.3029],[149.02106,-31.30262],[149.02142,-31.30198],[149.02226,-31.30192],[149.02241,-31.30151],[149.02331,-31.30421],[149.02273,-31.30404]]]}},{"type":"Feature","properties":{"OBJECTID":8712078,"PCTID":417,"PCTName":"Black Cypress Pine - Narrow-leaved Ironbark - red gum +/- White Bloodwood shrubby open forest on hills of the southern Pilliga, Coonabarabran and Garawilla regions, Brigalow Belt South Bioregion","vegClass":"Western Slopes Dry Sclerophyll Forests","vegForm":"Dry Sclerophyll Forests (Shrubby sub-formation)"},"geometry":{"type":"Polygon","coordinates":[[[149.01362,-31.31253],[149.01219,-31.31247],[149.01229,-31.31211],[149.01302,-31.31182],[149.01413,-31.31194],[149.01362,-31.31253]]]}},{"type":"Feature","properties":{"OBJECTID":8712084,"PCTID":389,"PCTName":"Motherumbah - White Bloodwood - cypress pine very tall shrubland / woodland of the Coonabarabran region, Brigalow Belt South Bioregion","vegClass":"North-west Slopes Dry Sclerophyll Woodlands","vegForm":"Dry Sclerophyll Forests (Shrub/grass sub-formation)"},"geometry":{"type":"Polygon","coordinates":[[[148.99988,-31.31159],[148.99957,-31.31186],[148.99878,-31.31179],[148.9989,-31.31264],[148.99817,-31.31301],[148.99727,-31.31262],[148.99705,-31.312],[148.99647,-31.31196],[148.99678,-31.31155],[148.9972,-31.31159],[148.99708,-31.31109],[148.9962,-31.3116],[148.99528,-31.31049],[148.99585,-31.30998],[148.99495,-31.30973],[148.99574,-31.30967],[148.99616,-31.30998],[148.99683,-31.30929],[148.99793,-31.30909],[148.99895,-31.30989],[148.99837,-31.31012],[148.99932,-31.31038],[148.99944,-31.31101],[148.99976,-31.31109],[148.99988,-31.31159]]]}},{"type":"Feature","properties":{"OBJECTID":8712093,"PCTID":386,"PCTName":"Tumbledown Red Gum trachyte rock flat sedgeland - shrubland of the Warrumbungle Range region","vegClass":"North-west Slopes Dry Sclerophyll Woodlands","vegForm":"Dry Sclerophyll Forests (Shrub/grass sub-formation)"},"geometry":{"type":"Polygon","coordinates":[[[148.98987,-31.31306],[148.99054,-31.31237],[148.99051,-31.31319],[148.99009,-31.31351],[148.98987,-31.31306]]]}},{"type":"Feature","properties":{"OBJECTID":8712094,"PCTID":0,"PCTName":"Not classified","vegClass":"Not classified","vegForm":"Not classified"},"geometry":{"type":"Polygon","coordinates":[[[148.99554,-31.31283],[148.99532,-31.31207],[148.99587,-31.31341],[148.99554,-31.31283]]]}},{"type":"Feature","properties":{"OBJECTID":8712095,"PCTID":393,"PCTName":"White Box shrubby woodland of the western Liverpool Range, Warrumbungle Range and south-west Pilliga forests, Brigalow Belt South Bioregion","vegClass":"North-west Slopes Dry Sclerophyll Woodlands","vegForm":"Dry Sclerophyll Forests (Shrub/grass sub-formation)"},"geometry":{"type":"Polygon","coordinates":[[[149.01813,-31.31219],[149.01812,-31.31192],[149.01718,-31.31202],[149.01653,-31.31122],[149.01737,-31.31125],[149.01789,-31.31088],[149.01863,-31.31114],[149.01906,-31.31159],[149.01907,-31.31213],[149.01966,-31.31257],[149.01957,-31.31302],[149.01925,-31.31289],[149.01813,-31.31219]]]}},{"type":"Feature","properties":{"OBJECTID":8712096,"PCTID":379,"PCTName":"Inland Scribbly Gum - White Bloodwood - Red Stringybark - Black Cypress Pine shrubby sandstone woodland mainly of the Warrumbungle NP - Pilliga region in the Brigalow Belt South Bioregion","vegClass":"Western Slopes Dry Sclerophyll Forests","vegForm":"Dry Sclerophyll Forests (Shrubby sub-formation)"},"geometry":{"type":"Polygon","coordinates":[[[149.03381,-31.30408],[149.0343,-31.30456],[149.03503,-31.30433],[149.03509,-31.30464],[149.03614,-31.30453],[149.03676,-31.30398],[149.03672,-31.3047],[149.03772,-31.30464],[149.03799,-31.30504],[149.03779,-31.30541],[149.0372,-31.30497],[149.03567,-31.30477],[149.03627,-31.30593],[149.03591,-31.3063],[149.03416,-31.30556],[149.03302,-31.30594],[149.03297,-31.30626],[149.03377,-31.30665],[149.03618,-31.30647],[149.03604,-31.30697],[149.03556,-31.30707],[149.03393,-31.30669],[149.03421,-31.3075],[149.0339,-31.30791],[149.03249,-31.30825],[149.03282,-31.30897],[149.03398,-31.30895],[149.03506,-31.3101],[149.03564,-31.31027],[149.03459,-31.31047],[149.03416,-31.31003],[149.03353,-31.31008],[149.03294,-31.30937],[149.03181,-31.31065],[149.03003,-31.31104],[149.02962,-31.31141],[149.02968,-31.31191],[149.02734,-31.31289],[149.02658,-31.31196],[149.02662,-31.31124],[149.02714,-31.31109],[149.02768,-31.31171],[149.02783,-31.31135],[149.02915,-31.31146],[149.02939,-31.31065],[149.02876,-31.31048],[149.02835,-31.31085],[149.02781,-31.31022],[149.02931,-31.30925],[149.02856,-31.30863],[149.02746,-31.30901],[149.02724,-31.30852],[149.02813,-31.30814],[149.02769,-31.30756],[149.02661,-31.30835],[149.02613,-31.30795],[149.02632,-31.3075],[149.02605,-31.30691],[149.0264,-31.30601],[149.02698,-31.30609],[149.02684,-31.30686],[149.02748,-31.30743],[149.02735,-31.30644],[149.02766,-31.30612],[149.02987,-31.30622],[149.03033,-31.30567],[149.03091,-31.30593],[149.03207,-31.30578],[149.03236,-31.30496],[149.03097,-31.30385],[149.03112,-31.30363],[149.03176,-31.30398],[149.03223,-31.30383],[149.03175,-31.3033],[149.03199,-31.30221],[149.03341,-31.30237],[149.03316,-31.30305],[149.0339,-31.30308],[149.03439,-31.30375],[149.03381,-31.30408]]]}},{"type":"Feature","properties":{"OBJECTID":8712097,"PCTID":393,"PCTName":"White Box shrubby woodland of the western Liverpool Range, Warrumbungle Range and south-west Pilliga forests, Brigalow Belt South Bioregion","vegClass":"North-west Slopes Dry Sclerophyll Woodlands","vegForm":"Dry Sclerophyll Forests (Shrub/grass sub-formation)"},"geometry":{"type":"Polygon","coordinates":[[[149.03511,-31.31245],[149.0353,-31.31159],[149.03574,-31.31235],[149.03564,-31.3128],[149.03511,-31.31245]]]}},{"type":"Feature","properties":{"OBJECTID":8712098,"PCTID":0,"PCTName":"Not classified","vegClass":"Not classified","vegForm":"Not classified"},"geometry":{"type":"Polygon","coordinates":[[[149.00015,-31.31217],[149.00021,-31.31253],[148.99982,-31.31353],[149.00015,-31.31217]]]}},{"type":"Feature","properties":{"OBJECTID":8712100,"PCTID":0,"PCTName":"Not classified","vegClass":"Not classified","vegForm":"Not classified"},"geometry":{"type":"Polygon","coordinates":[[[148.99982,-31.31353],[148.99982,-31.31366],[148.99977,-31.31367],[148.99982,-31.31353]]]}},{"type":"Feature","properties":{"OBJECTID":8712101,"PCTID":0,"PCTName":"Not classified","vegClass":"Not classified","vegForm":"Not classified"},"geometry":{"type":"Polygon","coordinates":[[[148.99583,-31.31382],[148.99587,-31.31341],[148.99609,-31.31382],[148.99583,-31.31382]]]}},{"type":"Feature","properties":{"OBJECTID":8712102,"PCTID":0,"PCTName":"Not classified","vegClass":"Not classified","vegForm":"Not classified"},"geometry":{"type":"Polygon","coordinates":[[[148.99977,-31.31376],[148.99972,-31.31376],[148.99977,-31.31367],[148.99977,-31.31376]]]}},{"type":"Feature","properties":{"OBJECTID":8712103,"PCTID":417,"PCTName":"Black Cypress Pine - Narrow-leaved Ironbark - red gum +/- White Bloodwood shrubby open forest on hills of the southern Pilliga, Coonabarabran and Garawilla regions, Brigalow Belt South Bioregion","vegClass":"Western Slopes Dry Sclerophyll Forests","vegForm":"Dry Sclerophyll Forests (Shrubby sub-formation)"},"geometry":{"type":"Polygon","coordinates":[[[149.03423,-31.31066],[149.03355,-31.31085],[149.03345,-31.31117],[149.03373,-31.31179],[149.03221,-31.312],[149.03151,-31.31138],[149.03089,-31.31166],[149.03079,-31.31211],[149.02964,-31.31222],[149.02949,-31.31259],[149.02814,-31.31324],[149.02766,-31.31307],[149.02838,-31.31233],[149.02968,-31.31191],[149.02962,-31.31141],[149.03003,-31.31104],[149.03181,-31.31065],[149.03294,-31.30937],[149.03353,-31.31008],[149.03416,-31.31021],[149.03423,-31.31066]]]}},{"type":"Feature","properties":{"OBJECTID":8712104,"PCTID":0,"PCTName":"Not classified","vegClass":"Not classified","vegForm":"Not classified"},"geometry":{"type":"Polygon","coordinates":[[[148.99583,-31.31382],[148.99583,-31.31387],[148.99578,-31.31387],[148.99583,-31.31382]]]}},{"type":"Feature","properties":{"OBJECTID":8712105,"PCTID":0,"PCTName":"Not classified","vegClass":"Not classified","vegForm":"Not classified"},"geometry":{"type":"Polygon","coordinates":[[[148.99609,-31.31386],[148.99609,-31.31382],[148.99614,-31.31386],[148.99609,-31.31386]]]}},{"type":"Feature","properties":{"OBJECTID":8712106,"PCTID":0,"PCTName":"Not classified","vegClass":"Not classified","vegForm":"Not classified"},"geometry":{"type":"Polygon","coordinates":[[[148.99578,-31.31387],[148.99578,-31.31391],[148.99572,-31.31391],[148.99578,-31.31387]]]}},{"type":"Feature","properties":{"OBJECTID":8712109,"PCTID":0,"PCTName":"Not classified","vegClass":"Not classified","vegForm":"Not classified"},"geometry":{"type":"Polygon","coordinates":[[[148.99615,-31.31395],[148.99614,-31.31386],[148.9962,-31.31395],[148.99615,-31.31395]]]}},{"type":"Feature","properties":{"OBJECTID":8712110,"PCTID":393,"PCTName":"White Box shrubby woodland of the western Liverpool Range, Warrumbungle Range and south-west Pilliga forests, Brigalow Belt South Bioregion","vegClass":"North-west Slopes Dry Sclerophyll Woodlands","vegForm":"Dry Sclerophyll Forests (Shrub/grass sub-formation)"},"geometry":{"type":"Polygon","coordinates":[[[149.03682,-31.307],[149.03747,-31.30758],[149.03799,-31.30757],[149.0378,-31.30839],[149.03838,-31.3082],[149.03865,-31.30878],[149.03923,-31.30863],[149.03923,-31.30899],[149.04035,-31.30934],[149.04187,-31.30931],[149.04151,-31.30968],[149.04236,-31.30998],[149.04174,-31.31035],[149.04341,-31.31217],[149.04235,-31.31206],[149.04244,-31.31133],[149.04079,-31.31055],[149.04029,-31.3115],[149.04027,-31.31295],[149.03959,-31.31323],[149.03922,-31.31288],[149.03811,-31.31285],[149.03774,-31.31245],[149.037,-31.31264],[149.03704,-31.31169],[149.03783,-31.31213],[149.03841,-31.31194],[149.03856,-31.31149],[149.03898,-31.31148],[149.03917,-31.31089],[149.0387,-31.31076],[149.03858,-31.31031],[149.03722,-31.31043],[149.03644,-31.31085],[149.03638,-31.31044],[149.03506,-31.3101],[149.03398,-31.30895],[149.03304,-31.3091],[149.03255,-31.30875],[149.03249,-31.30825],[149.03406,-31.30773],[149.03393,-31.30669],[149.03504,-31.30708],[149.03614,-31.30684],[149.03613,-31.30643],[149.03535,-31.30671],[149.03361,-31.30661],[149.03297,-31.30626],[149.03322,-31.3058],[149.03416,-31.30556],[149.03591,-31.3063],[149.03628,-31.3062],[149.03622,-31.30566],[149.03648,-31.30552],[149.03733,-31.30596],[149.03755,-31.30659],[149.03682,-31.307]]]}},{"type":"Feature","properties":{"OBJECTID":8712112,"PCTID":0,"PCTName":"Not classified","vegClass":"Not classified","vegForm":"Not classified"},"geometry":{"type":"Polygon","coordinates":[[[148.99572,-31.31391],[148.99573,-31.314],[148.99562,-31.31405],[148.99572,-31.31391]]]}},{"type":"Feature","properties":{"OBJECTID":8712113,"PCTID":0,"PCTName":"Not classified","vegClass":"Not classified","vegForm":"Not classified"},"geometry":{"type":"Polygon","coordinates":[[[148.9962,-31.31404],[148.9962,-31.31395],[148.99631,-31.31408],[148.9962,-31.31404]]]}},{"type":"Feature","properties":{"OBJECTID":8712115,"PCTID":0,"PCTName":"Not classified","vegClass":"Not classified","vegForm":"Not classified"},"geometry":{"type":"Polygon","coordinates":[[[148.99631,-31.31417],[148.99631,-31.31408],[148.99636,-31.31417],[148.99631,-31.31417]]]}},{"type":"Feature","properties":{"OBJECTID":8712117,"PCTID":417,"PCTName":"Black Cypress Pine - Narrow-leaved Ironbark - red gum +/- White Bloodwood shrubby open forest on hills of the southern Pilliga, Coonabarabran and Garawilla regions, Brigalow Belt South Bioregion","vegClass":"Western Slopes Dry Sclerophyll Forests","vegForm":"Dry Sclerophyll Forests (Shrubby sub-formation)"},"geometry":{"type":"Polygon","coordinates":[[[148.9923,-31.31374],[148.99216,-31.31429],[148.99153,-31.31425],[148.99172,-31.31339],[148.9923,-31.31374]]]}},{"type":"Feature","properties":{"OBJECTID":8712118,"PCTID":381,"PCTName":"Rough-barked Apple - Yellow Box grass/shrub footslope open forest, Brigalow Belt South Bioregion","vegClass":"North-west Slopes Dry Sclerophyll Woodlands","vegForm":"Dry Sclerophyll Forests (Shrub/grass sub-formation)"},"geometry":{"type":"Polygon","coordinates":[[[148.99587,-31.31341],[148.99547,-31.31423],[148.99505,-31.3141],[148.99477,-31.31348],[148.99408,-31.31331],[148.994,-31.31177],[148.99273,-31.31171],[148.99272,-31.31103],[148.99392,-31.31083],[148.99368,-31.30948],[148.99394,-31.30929],[148.99442,-31.30974],[148.99587,-31.31341]]]}},{"type":"Feature","properties":{"OBJECTID":8712119,"PCTID":393,"PCTName":"White Box shrubby woodland of the western Liverpool Range, Warrumbungle Range and south-west Pilliga forests, Brigalow Belt South Bioregion","vegClass":"North-west Slopes Dry Sclerophyll Woodlands","vegForm":"Dry Sclerophyll Forests (Shrub/grass sub-formation)"},"geometry":{"type":"Polygon","coordinates":[[[149.02915,-31.31146],[149.02783,-31.31135],[149.02773,-31.31171],[149.02714,-31.31109],[149.02662,-31.31124],[149.02658,-31.31196],[149.02734,-31.31289],[149.02776,-31.31284],[149.02777,-31.31329],[149.02657,-31.31376],[149.02634,-31.31268],[149.02487,-31.31302],[149.0236,-31.3125],[149.02385,-31.31178],[149.0233,-31.31066],[149.02494,-31.31113],[149.02489,-31.31135],[149.02541,-31.3113],[149.02566,-31.31076],[149.02671,-31.31078],[149.02681,-31.31056],[149.02793,-31.31117],[149.02919,-31.31101],[149.02915,-31.31146]]]}},{"type":"Feature","properties":{"OBJECTID":8712120,"PCTID":0,"PCTName":"Not classified","vegClass":"Not classified","vegForm":"Not classified"},"geometry":{"type":"Polygon","coordinates":[[[148.99636,-31.31426],[148.99636,-31.31417],[148.99647,-31.31431],[148.99636,-31.31426]]]}},{"type":"Feature","properties":{"OBJECTID":8712124,"PCTID":0,"PCTName":"Not classified","vegClass":"Not classified","vegForm":"Not classified"},"geometry":{"type":"Polygon","coordinates":[[[148.97848,-31.31343],[148.97941,-31.31283],[148.97858,-31.31343],[148.97819,-31.31474],[148.97848,-31.31343]]]}},{"type":"Feature","properties":{"OBJECTID":8712125,"PCTID":599,"PCTName":"Blakely's Red Gum - Yellow Box grassy tall woodland on flats and hills in the Brigalow Belt South Bioregion and Nandewar Bioregion","vegClass":"Western Slopes Grassy Woodlands","vegForm":"Grassy Woodlands"},"geometry":{"type":"Polygon","coordinates":[[[149.02446,-31.31326],[149.02452,-31.31371],[149.02489,-31.31388],[149.02463,-31.31398],[149.02436,-31.31339],[149.02346,-31.31309],[149.02345,-31.31282],[149.02392,-31.31263],[149.02487,-31.31302],[149.02446,-31.31326]]]}},{"type":"Feature","properties":{"OBJECTID":8712127,"PCTID":0,"PCTName":"Not classified","vegClass":"Not classified","vegForm":"Not classified"},"geometry":{"type":"Polygon","coordinates":[[[148.97819,-31.31474],[148.97819,-31.31483],[148.97809,-31.31488],[148.97819,-31.31474]]]}},{"type":"Feature","properties":{"OBJECTID":8712129,"PCTID":0,"PCTName":"Not classified","vegClass":"Not classified","vegForm":"Not classified"},"geometry":{"type":"Polygon","coordinates":[[[148.97809,-31.31488],[148.97809,-31.31497],[148.97799,-31.31501],[148.97809,-31.31488]]]}},{"type":"Feature","properties":{"OBJECTID":8712130,"PCTID":379,"PCTName":"Inland Scribbly Gum - White Bloodwood - Red Stringybark - Black Cypress Pine shrubby sandstone woodland mainly of the Warrumbungle NP - Pilliga region in the Brigalow Belt South Bioregion","vegClass":"Western Slopes Dry Sclerophyll Forests","vegForm":"Dry Sclerophyll Forests (Shrubby sub-formation)"},"geometry":{"type":"Polygon","coordinates":[[[149.01269,-31.31129],[149.014,-31.31108],[149.01449,-31.31184],[149.01229,-31.31211],[149.01221,-31.31332],[149.01016,-31.31322],[149.01097,-31.31393],[149.00986,-31.31372],[149.00976,-31.31413],[149.00856,-31.31451],[149.0069,-31.31301],[149.00705,-31.31264],[149.00641,-31.31252],[149.00635,-31.31189],[149.00842,-31.31276],[149.00999,-31.31255],[149.00977,-31.31201],[149.01086,-31.31154],[149.01059,-31.31105],[149.01116,-31.31086],[149.01131,-31.31041],[149.01178,-31.31053],[149.01272,-31.31002],[149.01333,-31.30906],[149.0135,-31.30965],[149.01293,-31.31015],[149.01304,-31.31051],[149.01269,-31.31129]]]}},{"type":"Feature","properties":{"OBJECTID":8712133,"PCTID":417,"PCTName":"Black Cypress Pine - Narrow-leaved Ironbark - red gum +/- White Bloodwood shrubby open forest on hills of the southern Pilliga, Coonabarabran and Garawilla regions, Brigalow Belt South Bioregion","vegClass":"Western Slopes Dry Sclerophyll Forests","vegForm":"Dry Sclerophyll Forests (Shrubby sub-formation)"},"geometry":{"type":"Polygon","coordinates":[[[149.02569,-31.31427],[149.02452,-31.31371],[149.02446,-31.31326],[149.02565,-31.31265],[149.02634,-31.31268],[149.02662,-31.31376],[149.02569,-31.31427]]]}},{"type":"Feature","properties":{"OBJECTID":8712135,"PCTID":0,"PCTName":"Not classified","vegClass":"Not classified","vegForm":"Not classified"},"geometry":{"type":"Polygon","coordinates":[[[148.97799,-31.31501],[148.97799,-31.3151],[148.97793,-31.31511],[148.97799,-31.31501]]]}},{"type":"Feature","properties":{"OBJECTID":8712136,"PCTID":0,"PCTName":"Not classified","vegClass":"Not classified","vegForm":"Not classified"},"geometry":{"type":"Polygon","coordinates":[[[148.99963,-31.31452],[148.99966,-31.3138],[148.99968,-31.31448],[149.0,-31.31474],[148.99963,-31.31452]]]}},{"type":"Feature","properties":{"OBJECTID":8712137,"PCTID":0,"PCTName":"Not classified","vegClass":"Not classified","vegForm":"Not classified"},"geometry":{"type":"Polygon","coordinates":[[[149.02348,-31.31436],[149.02295,-31.31378],[149.02226,-31.31361],[149.02255,-31.31252],[149.02303,-31.31274],[149.02299,-31.31328],[149.02335,-31.31319],[149.02374,-31.31422],[149.02348,-31.31436]]]}},{"type":"Feature","properties":{"OBJECTID":8712142,"PCTID":0,"PCTName":"Not classified","vegClass":"Not classified","vegForm":"Not classified"},"geometry":{"type":"Polygon","coordinates":[[[148.97793,-31.31511],[148.97794,-31.3152],[148.97783,-31.31524],[148.97793,-31.31511]]]}},{"type":"Feature","properties":{"OBJECTID":8712143,"PCTID":0,"PCTName":"Not classified","vegClass":"Not classified","vegForm":"Not classified"},"geometry":{"type":"Polygon","coordinates":[[[149.00021,-31.31488],[149.0,-31.31474],[149.00079,-31.31482],[149.00021,-31.31488]]]}},{"type":"Feature","properties":{"OBJECTID":8712144,"PCTID":381,"PCTName":"Rough-barked Apple - Yellow Box grass/shrub footslope open forest, Brigalow Belt South Bioregion","vegClass":"North-west Slopes Dry Sclerophyll Woodlands","vegForm":"Dry Sclerophyll Forests (Shrub/grass sub-formation)"},"geometry":{"type":"Polygon","coordinates":[[[149.03465,-31.31088],[149.03571,-31.31113],[149.03722,-31.31043],[149.03858,-31.31031],[149.03918,-31.31112],[149.03783,-31.31213],[149.03725,-31.31164],[149.03683,-31.31201],[149.03656,-31.31166],[149.0353,-31.31159],[149.03511,-31.31245],[149.03564,-31.31284],[149.0345,-31.31341],[149.03317,-31.31257],[149.03329,-31.31325],[149.03292,-31.3133],[149.03361,-31.3136],[149.03346,-31.31383],[149.03177,-31.31363],[149.03124,-31.31314],[149.03077,-31.31329],[149.02997,-31.31285],[149.02846,-31.3136],[149.02842,-31.31396],[149.02773,-31.31365],[149.02684,-31.31412],[149.0269,-31.31443],[149.02663,-31.31403],[149.0259,-31.31418],[149.0262,-31.31381],[149.02663,-31.3139],[149.02886,-31.31291],[149.02964,-31.31222],[149.03079,-31.31211],[149.03109,-31.31148],[149.03177,-31.31138],[149.03157,-31.31165],[149.03221,-31.312],[149.03373,-31.31179],[149.03355,-31.31085],[149.03423,-31.31066],[149.03416,-31.31021],[149.03454,-31.31043],[149.03465,-31.31088]]]}},{"type":"Feature","properties":{"OBJECTID":8712149,"PCTID":417,"PCTName":"Black Cypress Pine - Narrow-leaved Ironbark - red gum +/- White Bloodwood shrubby open forest on hills of the southern Pilliga, Coonabarabran and Garawilla regions, Brigalow Belt South Bioregion","vegClass":"Western Slopes Dry Sclerophyll Forests","vegForm":"Dry Sclerophyll Forests (Shrubby sub-formation)"},"geometry":{"type":"Polygon","coordinates":[[[149.01292,-31.31413],[149.01287,-31.31458],[149.01125,-31.31478],[149.01035,-31.31435],[149.0095,-31.31436],[149.00986,-31.31372],[149.0116,-31.31388],[149.01305,-31.31322],[149.01353,-31.31321],[149.01353,-31.31357],[149.01292,-31.31413]]]}},{"type":"Feature","properties":{"OBJECTID":8712155,"PCTID":417,"PCTName":"Black Cypress Pine - Narrow-leaved Ironbark - red gum +/- White Bloodwood shrubby open forest on hills of the southern Pilliga, Coonabarabran and Garawilla regions, Brigalow Belt South Bioregion","vegClass":"Western Slopes Dry Sclerophyll Forests","vegForm":"Dry Sclerophyll Forests (Shrubby sub-formation)"},"geometry":{"type":"Polygon","coordinates":[[[148.98855,-31.31498],[148.98772,-31.31535],[148.98713,-31.31482],[148.98844,-31.31475],[148.98837,-31.31412],[148.98873,-31.31389],[148.98933,-31.3146],[148.98887,-31.31515],[148.98855,-31.31498]]]}},{"type":"Feature","properties":{"OBJECTID":8712163,"PCTID":0,"PCTName":"Not classified","vegClass":"Not classified","vegForm":"Not classified"},"geometry":{"type":"Polygon","coordinates":[[[148.99492,-31.31532],[148.99562,-31.31405],[148.99552,-31.31428],[148.99492,-31.31532]]]}},{"type":"Feature","properties":{"OBJECTID":8712164,"PCTID":381,"PCTName":"Rough-barked Apple - Yellow Box grass/shrub footslope open forest, Brigalow Belt South Bioregion","vegClass":"North-west Slopes Dry Sclerophyll Woodlands","vegForm":"Dry Sclerophyll Forests (Shrub/grass sub-formation)"},"geometry":{"type":"Polygon","coordinates":[[[149.02226,-31.31361],[149.02295,-31.31378],[149.02348,-31.31436],[149.02385,-31.31421],[149.02386,-31.31485],[149.02301,-31.31427],[149.02217,-31.3142],[149.02179,-31.31371],[149.02167,-31.31303],[149.02222,-31.31208],[149.02255,-31.31252],[149.02226,-31.31361]]]}},{"type":"Feature","properties":{"OBJECTID":8712165,"PCTID":417,"PCTName":"Black Cypress Pine - Narrow-leaved Ironbark - red gum +/- White Bloodwood shrubby open forest on hills of the southern Pilliga, Coonabarabran and Garawilla regions, Brigalow Belt South Bioregion","vegClass":"Western Slopes Dry Sclerophyll Forests","vegForm":"Dry Sclerophyll Forests (Shrubby sub-formation)"},"geometry":{"type":"Polygon","coordinates":[[[149.03225,-31.31389],[149.03185,-31.31476],[149.03109,-31.31387],[149.03193,-31.31363],[149.03225,-31.31389]]]}},{"type":"Feature","properties":{"OBJECTID":8712166,"PCTID":0,"PCTName":"Not classified","vegClass":"Not classified","vegForm":"Not classified"},"geometry":{"type":"Polygon","coordinates":[[[148.99492,-31.31532],[148.99492,-31.31541],[148.99486,-31.31542],[148.99492,-31.31532]]]}},{"type":"Feature","properties":{"OBJECTID":8712171,"PCTID":0,"PCTName":"Not classified","vegClass":"Not classified","vegForm":"Not classified"},"geometry":{"type":"Polygon","coordinates":[[[148.99681,-31.31525],[148.99681,-31.31543],[148.99665,-31.31548],[148.99681,-31.31525]]]}},{"type":"Feature","properties":{"OBJECTID":8712172,"PCTID":0,"PCTName":"Not classified","vegClass":"Not classified","vegForm":"Not classified"},"geometry":{"type":"Polygon","coordinates":[[[148.99665,-31.31548],[148.99665,-31.31552],[148.9966,-31.31552],[148.99665,-31.31548]]]}},{"type":"Feature","properties":{"OBJECTID":8712173,"PCTID":393,"PCTName":"White Box shrubby woodland of the western Liverpool Range, Warrumbungle Range and south-west Pilliga forests, Brigalow Belt South Bioregion","vegClass":"North-west Slopes Dry Sclerophyll Woodlands","vegForm":"Dry Sclerophyll Forests (Shrub/grass sub-formation)"},"geometry":{"type":"Polygon","coordinates":[[[149.01948,-31.31406],[149.02028,-31.31423],[149.02034,-31.3149],[149.0193,-31.31519],[149.01918,-31.31456],[149.01843,-31.31376],[149.01785,-31.31377],[149.01754,-31.31418],[149.01664,-31.31388],[149.017,-31.31356],[149.01688,-31.31302],[149.01868,-31.31358],[149.01926,-31.31348],[149.01948,-31.31406]]]}},{"type":"Feature","properties":{"OBJECTID":8712174,"PCTID":381,"PCTName":"Rough-barked Apple - Yellow Box grass/shrub footslope open forest, Brigalow Belt South Bioregion","vegClass":"North-west Slopes Dry Sclerophyll Woodlands","vegForm":"Dry Sclerophyll Forests (Shrub/grass sub-formation)"},"geometry":{"type":"Polygon","coordinates":[[[148.99571,-31.31084],[148.99545,-31.31116],[148.99606,-31.31242],[148.9968,-31.31272],[148.99686,-31.31308],[148.9964,-31.31345],[148.997,-31.31443],[149.0009,-31.31482],[149.00065,-31.31546],[148.99696,-31.31516],[148.99526,-31.31193],[148.99486,-31.31032],[148.99528,-31.31045],[148.99571,-31.31084]]]}},{"type":"Feature","properties":{"OBJECTID":8712175,"PCTID":393,"PCTName":"White Box shrubby woodland of the western Liverpool Range, Warrumbungle Range and south-west Pilliga forests, Brigalow Belt South Bioregion","vegClass":"North-west Slopes Dry Sclerophyll Woodlands","vegForm":"Dry Sclerophyll Forests (Shrub/grass sub-formation)"},"geometry":{"type":"Polygon","coordinates":[[[148.99681,-31.31525],[148.99582,-31.31567],[148.9959,-31.3149],[148.99552,-31.31423],[148.99609,-31.31382],[148.99681,-31.31525]]]}},{"type":"Feature","properties":{"OBJECTID":8712176,"PCTID":381,"PCTName":"Rough-barked Apple - Yellow Box grass/shrub footslope open forest, Brigalow Belt South Bioregion","vegClass":"North-west Slopes Dry Sclerophyll Woodlands","vegForm":"Dry Sclerophyll Forests (Shrub/grass sub-formation)"},"geometry":{"type":"Polygon","coordinates":[[[149.00926,-31.31536],[149.0079,-31.31538],[149.00773,-31.31493],[149.00926,-31.31536]]]}},{"type":"Feature","properties":{"OBJECTID":8712177,"PCTID":0,"PCTName":"Not classified","vegClass":"Not classified","vegForm":"Not classified"},"geometry":{"type":"Polygon","coordinates":[[[148.99486,-31.31542],[148.99487,-31.31573],[148.99482,-31.31573],[148.99486,-31.31542]]]}},{"type":"Feature","properties":{"OBJECTID":8712179,"PCTID":389,"PCTName":"Motherumbah - White Bloodwood - cypress pine very tall shrubland / woodland of the Coonabarabran region, Brigalow Belt South Bioregion","vegClass":"North-west Slopes Dry Sclerophyll Woodlands","vegForm":"Dry Sclerophyll Forests (Shrub/grass sub-formation)"},"geometry":{"type":"Polygon","coordinates":[[[148.99331,-31.30944],[148.99195,-31.30978],[148.99229,-31.31067],[148.99124,-31.31078],[148.99073,-31.31151],[148.99015,-31.31134],[148.99054,-31.31233],[148.98987,-31.31306],[148.99009,-31.3136],[148.98984,-31.31383],[148.99047,-31.31404],[148.99001,-31.31446],[148.99004,-31.31581],[148.98914,-31.31555],[148.98918,-31.31524],[148.98876,-31.31497],[148.98933,-31.3146],[148.98863,-31.31389],[148.98888,-31.31317],[148.98858,-31.31155],[148.98877,-31.31087],[148.98829,-31.31065],[148.98823,-31.31024],[148.98865,-31.31015],[148.98869,-31.3097],[148.98999,-31.30909],[148.99009,-31.30868],[148.99026,-31.30904],[148.99073,-31.30912],[148.99101,-31.30979],[148.99372,-31.30894],[148.99331,-31.30944]]]}},{"type":"Feature","properties":{"OBJECTID":8712181,"PCTID":0,"PCTName":"Not classified","vegClass":"Not classified","vegForm":"Not classified"},"geometry":{"type":"Polygon","coordinates":[[[148.99477,-31.31582],[148.99477,-31.31573],[148.99482,-31.31582],[148.99477,-31.31582]]]}},{"type":"Feature","properties":{"OBJECTID":8712182,"PCTID":393,"PCTName":"White Box shrubby woodland of the western Liverpool Range, Warrumbungle Range and south-west Pilliga forests, Brigalow Belt South Bioregion","vegClass":"North-west Slopes Dry Sclerophyll Woodlands","vegForm":"Dry Sclerophyll Forests (Shrub/grass sub-formation)"},"geometry":{"type":"Polygon","coordinates":[[[148.99734,-31.31565],[148.99739,-31.31542],[148.99765,-31.31555],[148.99734,-31.31565]]]}},{"type":"Feature","properties":{"OBJECTID":8712183,"PCTID":379,"PCTName":"Inland Scribbly Gum - White Bloodwood - Red Stringybark - Black Cypress Pine shrubby sandstone woodland mainly of the Warrumbungle NP - Pilliga region in the Brigalow Belt South Bioregion","vegClass":"Western Slopes Dry Sclerophyll Forests","vegForm":"Dry Sclerophyll Forests (Shrubby sub-formation)"},"geometry":{"type":"Polygon","coordinates":[[[149.01339,-31.31434],[149.01278,-31.31503],[149.0121,-31.31518],[149.01188,-31.31491],[149.01148,-31.31555],[149.00937,-31.3154],[149.00947,-31.31513],[149.01287,-31.31458],[149.01292,-31.31413],[149.01353,-31.31357],[149.01339,-31.31434]]]}},{"type":"Feature","properties":{"OBJECTID":8712185,"PCTID":0,"PCTName":"Not classified","vegClass":"Not classified","vegForm":"Not classified"},"geometry":{"type":"Polygon","coordinates":[[[148.99845,-31.31585],[148.99681,-31.31525],[148.99647,-31.31431],[148.99712,-31.3152],[148.99845,-31.31585]]]}},{"type":"Feature","properties":{"OBJECTID":8712186,"PCTID":381,"PCTName":"Rough-barked Apple - Yellow Box grass/shrub footslope open forest, Brigalow Belt South Bioregion","vegClass":"North-west Slopes Dry Sclerophyll Woodlands","vegForm":"Dry Sclerophyll Forests (Shrub/grass sub-formation)"},"geometry":{"type":"Polygon","coordinates":[[[149.0257,-31.31491],[149.02508,-31.31501],[149.02488,-31.31546],[149.02456,-31.31529],[149.02527,-31.31442],[149.02521,-31.3141],[149.02574,-31.31427],[149.0257,-31.31491]]]}},{"type":"Feature","properties":{"OBJECTID":8712187,"PCTID":0,"PCTName":"Not classified","vegClass":"Not classified","vegForm":"Not classified"},"geometry":{"type":"Polygon","coordinates":[[[148.99645,-31.3158],[148.99644,-31.31557],[148.99687,-31.31597],[148.99645,-31.3158]]]}},{"type":"Feature","properties":{"OBJECTID":8712190,"PCTID":0,"PCTName":"Not classified","vegClass":"Not classified","vegForm":"Not classified"},"geometry":{"type":"Polygon","coordinates":[[[148.99887,-31.31603],[148.99845,-31.31585],[148.99929,-31.31602],[148.99887,-31.31603]]]}},{"type":"Feature","properties":{"OBJECTID":8712192,"PCTID":417,"PCTName":"Black Cypress Pine - Narrow-leaved Ironbark - red gum +/- White Bloodwood shrubby open forest on hills of the southern Pilliga, Coonabarabran and Garawilla regions, Brigalow Belt South Bioregion","vegClass":"Western Slopes Dry Sclerophyll Forests","vegForm":"Dry Sclerophyll Forests (Shrubby sub-formation)"},"geometry":{"type":"Polygon","coordinates":[[[148.99462,-31.31614],[148.9946,-31.31524],[148.99501,-31.31501],[148.99492,-31.31532],[148.99462,-31.31614]]]}},{"type":"Feature","properties":{"OBJECTID":8712193,"PCTID":0,"PCTName":"Not classified","vegClass":"Not classified","vegForm":"Not classified"},"geometry":{"type":"Polygon","coordinates":[[[148.99977,-31.31606],[148.99929,-31.31606],[148.99929,-31.31602],[148.99977,-31.31606]]]}},{"type":"Feature","properties":{"OBJECTID":8712195,"PCTID":420,"PCTName":"Red Stringybark - Rough-barked Apple +/- Nortons Box open forest on hillslopes in the Warrumbungle NP - Coolah regions","vegClass":"Western Slopes Dry Sclerophyll Forests","vegForm":"Dry Sclerophyll Forests (Shrubby sub-formation)"},"geometry":{"type":"Polygon","coordinates":[[[148.97481,-31.31651],[148.97413,-31.31648],[148.97375,-31.31585],[148.9747,-31.31602],[148.97481,-31.31651]]]}},{"type":"Feature","properties":{"OBJECTID":8712197,"PCTID":0,"PCTName":"Not classified","vegClass":"Not classified","vegForm":"Not classified"},"geometry":{"type":"Polygon","coordinates":[[[148.97748,-31.31588],[148.97783,-31.31524],[148.97758,-31.3157],[148.97776,-31.31651],[148.97748,-31.31588]]]}},{"type":"Feature","properties":{"OBJECTID":8712198,"PCTID":0,"PCTName":"Not classified","vegClass":"Not classified","vegForm":"Not classified"},"geometry":{"type":"Polygon","coordinates":[[[148.99982,-31.31615],[148.99982,-31.31606],[148.99987,-31.31615],[148.99982,-31.31615]]]}},{"type":"Feature","properties":{"OBJECTID":8712203,"PCTID":0,"PCTName":"Not classified","vegClass":"Not classified","vegForm":"Not classified"},"geometry":{"type":"Polygon","coordinates":[[[148.99988,-31.31624],[148.99987,-31.31615],[148.99993,-31.31623],[148.99988,-31.31624]]]}},{"type":"Feature","properties":{"OBJECTID":8712206,"PCTID":0,"PCTName":"Not classified","vegClass":"Not classified","vegForm":"Not classified"},"geometry":{"type":"Polygon","coordinates":[[[148.97776,-31.31664],[148.97776,-31.31651],[148.97781,-31.31664],[148.97776,-31.31664]]]}},{"type":"Feature","properties":{"OBJECTID":8712216,"PCTID":84,"PCTName":"River Oak - Rough-barked Apple - red gum - box riparian tall woodland (wetland) of the Brigalow Belt South Bioregion and Nandewar Bioregion","vegClass":"Eastern Riverine Forests","vegForm":"Forested Wetlands"},"geometry":{"type":"Polygon","coordinates":[[[149.01641,-31.30834],[149.01685,-31.30932],[149.01659,-31.30924],[149.01629,-31.30992],[149.01667,-31.31032],[149.01616,-31.31096],[149.01622,-31.31154],[149.01591,-31.31191],[149.01613,-31.31218],[149.01546,-31.31268],[149.0158,-31.31376],[149.0165,-31.31465],[149.01714,-31.31487],[149.01716,-31.31613],[149.01669,-31.31605],[149.01684,-31.31573],[149.01641,-31.31529],[149.01578,-31.31534],[149.01608,-31.31452],[149.01517,-31.31382],[149.01516,-31.31323],[149.0143,-31.31275],[149.01568,-31.31101],[149.01562,-31.31052],[149.01614,-31.31028],[149.01597,-31.30992],[149.01627,-31.30902],[149.01583,-31.30839],[149.01656,-31.30784],[149.01613,-31.30735],[149.016,-31.30622],[149.01647,-31.30631],[149.01638,-31.30694],[149.01676,-31.30761],[149.01641,-31.30834]]]}},{"type":"Feature","properties":{"OBJECTID":8712222,"PCTID":0,"PCTName":"Not classified","vegClass":"Not classified","vegForm":"Not classified"},"geometry":{"type":"Polygon","coordinates":[[[148.99999,-31.31646],[148.99993,-31.31623],[149.00015,-31.31655],[148.99999,-31.31646]]]}},{"type":"Feature","properties":{"OBJECTID":8712226,"PCTID":0,"PCTName":"Not classified","vegClass":"Not classified","vegForm":"Not classified"},"geometry":{"type":"Polygon","coordinates":[[[149.0002,-31.31659],[149.00015,-31.31659],[149.00015,-31.31655],[149.0002,-31.31659]]]}},{"type":"Feature","properties":{"OBJECTID":8712236,"PCTID":0,"PCTName":"Not classified","vegClass":"Not classified","vegForm":"Not classified"},"geometry":{"type":"Polygon","coordinates":[[[149.00031,-31.31677],[149.0002,-31.31664],[149.00041,-31.31677],[149.00031,-31.31677]]]}},{"type":"Feature","properties":{"OBJECTID":8712237,"PCTID":381,"PCTName":"Rough-barked Apple - Yellow Box grass/shrub footslope open forest, Brigalow Belt South Bioregion","vegClass":"North-west Slopes Dry Sclerophyll Woodlands","vegForm":"Dry Sclerophyll Forests (Shrub/grass sub-formation)"},"geometry":{"type":"Polygon","coordinates":[[[149.0242,-31.31583],[149.02369,-31.31638],[149.02351,-31.31562],[149.02398,-31.31543],[149.0242,-31.31583]]]}},{"type":"Feature","properties":{"OBJECTID":8712242,"PCTID":381,"PCTName":"Rough-barked Apple - Yellow Box grass/shrub footslope open forest, Brigalow Belt South Bioregion","vegClass":"North-west Slopes Dry Sclerophyll Woodlands","vegForm":"Dry Sclerophyll Forests (Shrub/grass sub-formation)"},"geometry":{"type":"Polygon","coordinates":[[[149.01552,-31.31065],[149.01568,-31.31101],[149.01538,-31.31151],[149.0143,-31.3127],[149.01516,-31.31323],[149.01517,-31.31382],[149.01608,-31.31452],[149.01583,-31.31525],[149.01515,-31.31517],[149.01551,-31.31503],[149.01555,-31.31444],[149.01471,-31.31428],[149.01446,-31.31482],[149.01367,-31.31483],[149.0132,-31.31498],[149.01315,-31.31529],[149.01111,-31.31582],[149.01029,-31.31665],[149.00997,-31.3162],[149.00908,-31.31658],[149.00855,-31.31632],[149.00891,-31.31582],[149.00938,-31.31594],[149.011,-31.31533],[149.01148,-31.31555],[149.01188,-31.31491],[149.01241,-31.31517],[149.01329,-31.31448],[149.01343,-31.31367],[149.01369,-31.31357],[149.01353,-31.31321],[149.01091,-31.31389],[149.01016,-31.31322],[149.01221,-31.31332],[149.01241,-31.31264],[149.01282,-31.31237],[149.01362,-31.31253],[149.01449,-31.31184],[149.01411,-31.31113],[149.01275,-31.31133],[149.01269,-31.31111],[149.01335,-31.31028],[149.01483,-31.31044],[149.0153,-31.31021],[149.01529,-31.30975],[149.01486,-31.30963],[149.01516,-31.30894],[149.01468,-31.30855],[149.01547,-31.30858],[149.01581,-31.3097],[149.01556,-31.31007],[149.01593,-31.31033],[149.01552,-31.31065]]]}},{"type":"Feature","properties":{"OBJECTID":8712246,"PCTID":0,"PCTName":"Not classified","vegClass":"Not classified","vegForm":"Not classified"},"geometry":{"type":"Polygon","coordinates":[[[148.99687,-31.31597],[148.9973,-31.31623],[148.99747,-31.31691],[148.99687,-31.31597]]]}},{"type":"Feature","properties":{"OBJECTID":8712251,"PCTID":0,"PCTName":"Not classified","vegClass":"Not classified","vegForm":"Not classified"},"geometry":{"type":"Polygon","coordinates":[[[149.00052,-31.3169],[149.00041,-31.31677],[149.00073,-31.31694],[149.00052,-31.3169]]]}},{"type":"Feature","properties":{"OBJECTID":8712252,"PCTID":0,"PCTName":"Not classified","vegClass":"Not classified","vegForm":"Not classified"},"geometry":{"type":"Polygon","coordinates":[[[149.00079,-31.31699],[149.00073,-31.31699],[149.00073,-31.31694],[149.00079,-31.31699]]]}},{"type":"Feature","properties":{"OBJECTID":8712253,"PCTID":379,"PCTName":"Inland Scribbly Gum - White Bloodwood - Red Stringybark - Black Cypress Pine shrubby sandstone woodland mainly of the Warrumbungle NP - Pilliga region in the Brigalow Belt South Bioregion","vegClass":"Western Slopes Dry Sclerophyll Forests","vegForm":"Dry Sclerophyll Forests (Shrubby sub-formation)"},"geometry":{"type":"Polygon","coordinates":[[[149.01599,-31.31547],[149.01516,-31.31562],[149.01397,-31.31668],[149.01313,-31.31678],[149.0127,-31.31625],[149.01301,-31.31588],[149.01278,-31.31535],[149.01315,-31.31529],[149.0132,-31.31498],[149.01446,-31.31482],[149.01471,-31.31428],[149.01555,-31.31444],[149.01551,-31.31503],[149.01515,-31.31517],[149.01578,-31.31525],[149.01599,-31.31547]]]}},{"type":"Feature","properties":{"OBJECTID":8712259,"PCTID":393,"PCTName":"White Box shrubby woodland of the western Liverpool Range, Warrumbungle Range and south-west Pilliga forests, Brigalow Belt South Bioregion","vegClass":"North-west Slopes Dry Sclerophyll Woodlands","vegForm":"Dry Sclerophyll Forests (Shrub/grass sub-formation)"},"geometry":{"type":"Polygon","coordinates":[[[148.99753,-31.31731],[148.99689,-31.31656],[148.99693,-31.31606],[148.99747,-31.31691],[148.99753,-31.31731]]]}},{"type":"Feature","properties":{"OBJECTID":8712263,"PCTID":0,"PCTName":"Not classified","vegClass":"Not classified","vegForm":"Not classified"},"geometry":{"type":"Polygon","coordinates":[[[148.97736,-31.31773],[148.97786,-31.31664],[148.97777,-31.31723],[148.97736,-31.31773]]]}},{"type":"Feature","properties":{"OBJECTID":8712264,"PCTID":394,"PCTName":"Narrow-leaved Ironbark - White Cypress pine woodland on slopes and flats in the Coonabarabran - Pilliga Scrub regions","vegClass":"North-west Slopes Dry Sclerophyll Woodlands","vegForm":"Dry Sclerophyll Forests (Shrub/grass sub-formation)"},"geometry":{"type":"Polygon","coordinates":[[[148.98629,-31.31271],[148.98691,-31.31239],[148.98761,-31.31296],[148.98737,-31.31396],[148.98731,-31.31364],[148.98668,-31.31383],[148.98691,-31.31469],[148.98603,-31.31515],[148.98555,-31.31476],[148.98562,-31.31548],[148.98488,-31.31535],[148.98505,-31.31589],[148.9838,-31.31641],[148.98381,-31.31704],[148.9834,-31.31754],[148.98272,-31.3176],[148.98202,-31.31693],[148.98109,-31.31736],[148.98066,-31.31709],[148.98158,-31.31581],[148.9812,-31.31537],[148.98214,-31.31513],[148.98241,-31.31548],[148.98293,-31.31529],[148.98227,-31.31395],[148.9829,-31.31372],[148.98286,-31.31462],[148.9834,-31.31497],[148.98397,-31.31451],[148.98395,-31.31365],[148.98458,-31.314],[148.98451,-31.3131],[148.98555,-31.31232],[148.98522,-31.31205],[148.98575,-31.31191],[148.98629,-31.31271]]]}},{"type":"Feature","properties":{"OBJECTID":8712265,"PCTID":393,"PCTName":"White Box shrubby woodland of the western Liverpool Range, Warrumbungle Range and south-west Pilliga forests, Brigalow Belt South Bioregion","vegClass":"North-west Slopes Dry Sclerophyll Woodlands","vegForm":"Dry Sclerophyll Forests (Shrub/grass sub-formation)"},"geometry":{"type":"Polygon","coordinates":[[[149.0157,-31.31629],[149.01632,-31.31605],[149.01649,-31.31659],[149.01577,-31.3171],[149.0157,-31.31629]]]}},{"type":"Feature","properties":{"OBJECTID":8712267,"PCTID":0,"PCTName":"Not classified","vegClass":"Not classified","vegForm":"Not classified"},"geometry":{"type":"Polygon","coordinates":[[[148.97736,-31.31773],[148.97736,-31.31778],[148.97731,-31.31778],[148.97736,-31.31773]]]}},{"type":"Feature","properties":{"OBJECTID":8712271,"PCTID":0,"PCTName":"Not classified","vegClass":"Not classified","vegForm":"Not classified"},"geometry":{"type":"Polygon","coordinates":[[[148.97731,-31.31778],[148.97731,-31.31787],[148.97726,-31.31787],[148.97731,-31.31778]]]}},{"type":"Feature","properties":{"OBJECTID":8712274,"PCTID":381,"PCTName":"Rough-barked Apple - Yellow Box grass/shrub footslope open forest, Brigalow Belt South Bioregion","vegClass":"North-west Slopes Dry Sclerophyll Woodlands","vegForm":"Dry Sclerophyll Forests (Shrub/grass sub-formation)"},"geometry":{"type":"Polygon","coordinates":[[[149.0326,-31.31538],[149.03271,-31.31583],[149.0323,-31.31606],[149.03273,-31.31646],[149.03269,-31.317],[149.03188,-31.3162],[149.03146,-31.31621],[149.03135,-31.31576],[149.0326,-31.31538]]]}},{"type":"Feature","properties":{"OBJECTID":8712277,"PCTID":0,"PCTName":"Not classified","vegClass":"Not classified","vegForm":"Not classified"},"geometry":{"type":"Polygon","coordinates":[[[148.99753,-31.31731],[148.99747,-31.31691],[148.99775,-31.31762],[148.99753,-31.31731]]]}},{"type":"Feature","properties":{"OBJECTID":8712278,"PCTID":389,"PCTName":"Motherumbah - White Bloodwood - cypress pine very tall shrubland / woodland of the Coonabarabran region, Brigalow Belt South Bioregion","vegClass":"North-west Slopes Dry Sclerophyll Woodlands","vegForm":"Dry Sclerophyll Forests (Shrub/grass sub-formation)"},"geometry":{"type":"Polygon","coordinates":[[[149.00692,-31.31612],[149.00812,-31.31605],[149.00909,-31.31699],[149.00899,-31.31726],[149.0071,-31.31738],[149.0073,-31.31702],[149.00646,-31.31667],[149.00659,-31.31585],[149.00692,-31.31612]]]}},{"type":"Feature","properties":{"OBJECTID":8712279,"PCTID":389,"PCTName":"Motherumbah - White Bloodwood - cypress pine very tall shrubland / woodland of the Coonabarabran region, Brigalow Belt South Bioregion","vegClass":"North-west Slopes Dry Sclerophyll Woodlands","vegForm":"Dry Sclerophyll Forests (Shrub/grass sub-formation)"},"geometry":{"type":"Polygon","coordinates":[[[149.02921,-31.31643],[149.02959,-31.3171],[149.02843,-31.31685],[149.02921,-31.31643]]]}},{"type":"Feature","properties":{"OBJECTID":8712288,"PCTID":417,"PCTName":"Black Cypress Pine - Narrow-leaved Ironbark - red gum +/- White Bloodwood shrubby open forest on hills of the southern Pilliga, Coonabarabran and Garawilla regions, Brigalow Belt South Bioregion","vegClass":"Western Slopes Dry Sclerophyll Forests","vegForm":"Dry Sclerophyll Forests (Shrubby sub-formation)"},"geometry":{"type":"Polygon","coordinates":[[[149.02407,-31.31705],[149.02438,-31.31687],[149.02421,-31.31633],[149.02452,-31.31605],[149.02495,-31.31645],[149.02471,-31.31722],[149.02444,-31.31718],[149.02407,-31.31705]]]}},{"type":"Feature","properties":{"OBJECTID":8712292,"PCTID":379,"PCTName":"Inland Scribbly Gum - White Bloodwood - Red Stringybark - Black Cypress Pine shrubby sandstone woodland mainly of the Warrumbungle NP - Pilliga region in the Brigalow Belt South Bioregion","vegClass":"Western Slopes Dry Sclerophyll Forests","vegForm":"Dry Sclerophyll Forests (Shrubby sub-formation)"},"geometry":{"type":"Polygon","coordinates":[[[149.01833,-31.31656],[149.01879,-31.31606],[149.01919,-31.31718],[149.01867,-31.31746],[149.01833,-31.31656]]]}},{"type":"Feature","properties":{"OBJECTID":8712300,"PCTID":389,"PCTName":"Motherumbah - White Bloodwood - cypress pine very tall shrubland / woodland of the Coonabarabran region, Brigalow Belt South Bioregion","vegClass":"North-west Slopes Dry Sclerophyll Woodlands","vegForm":"Dry Sclerophyll Forests (Shrub/grass sub-formation)"},"geometry":{"type":"Polygon","coordinates":[[[149.02802,-31.31739],[149.02718,-31.31741],[149.02601,-31.31662],[149.027,-31.3166],[149.02781,-31.31717],[149.02802,-31.31739]]]}},{"type":"Feature","properties":{"OBJECTID":8712308,"PCTID":0,"PCTName":"Not classified","vegClass":"Not classified","vegForm":"Not classified"},"geometry":{"type":"Polygon","coordinates":[[[148.99366,-31.3181],[148.9939,-31.31683],[148.99487,-31.31582],[148.99405,-31.31678],[148.99366,-31.3181]]]}},{"type":"Feature","properties":{"OBJECTID":8712313,"PCTID":389,"PCTName":"Motherumbah - White Bloodwood - cypress pine very tall shrubland / woodland of the Coonabarabran region, Brigalow Belt South Bioregion","vegClass":"North-west Slopes Dry Sclerophyll Woodlands","vegForm":"Dry Sclerophyll Forests (Shrub/grass sub-formation)"},"geometry":{"type":"Polygon","coordinates":[[[148.98572,-31.31796],[148.98536,-31.31819],[148.98509,-31.31788],[148.98571,-31.31728],[148.98549,-31.31697],[148.98601,-31.31669],[148.98574,-31.31629],[148.98636,-31.31601],[148.98695,-31.31627],[148.98694,-31.31591],[148.98784,-31.31643],[148.98759,-31.31693],[148.9886,-31.31728],[148.98709,-31.31784],[148.98678,-31.31825],[148.98572,-31.31796]]]}},{"type":"Feature","properties":{"OBJECTID":8712320,"PCTID":0,"PCTName":"Not classified","vegClass":"Not classified","vegForm":"Not classified"},"geometry":{"type":"Polygon","coordinates":[[[148.99367,-31.31846],[148.99362,-31.31846],[148.99361,-31.31819],[148.99367,-31.31846]]]}},{"type":"Feature","properties":{"OBJECTID":8712322,"PCTID":417,"PCTName":"Black Cypress Pine - Narrow-leaved Ironbark - red gum +/- White Bloodwood shrubby open forest on hills of the southern Pilliga, Coonabarabran and Garawilla regions, Brigalow Belt South Bioregion","vegClass":"Western Slopes Dry Sclerophyll Forests","vegForm":"Dry Sclerophyll Forests (Shrubby sub-formation)"},"geometry":{"type":"Polygon","coordinates":[[[149.01931,-31.31343],[149.01884,-31.31358],[149.01683,-31.31307],[149.017,-31.31356],[149.01664,-31.31388],[149.01754,-31.31418],[149.01785,-31.31377],[149.01843,-31.31376],[149.01962,-31.31555],[149.01952,-31.31573],[149.01909,-31.31538],[149.019,-31.31583],[149.01816,-31.3158],[149.01867,-31.31746],[149.01797,-31.31684],[149.01729,-31.31717],[149.01684,-31.31817],[149.01666,-31.31727],[149.0173,-31.31527],[149.0158,-31.31376],[149.01546,-31.31259],[149.01613,-31.31218],[149.01591,-31.31191],[149.01622,-31.31141],[149.01658,-31.31136],[149.01717,-31.31171],[149.01718,-31.31202],[149.01812,-31.31192],[149.01813,-31.31219],[149.01925,-31.31289],[149.01931,-31.31343]]]}},{"type":"Feature","properties":{"OBJECTID":8712324,"PCTID":420,"PCTName":"Red Stringybark - Rough-barked Apple +/- Nortons Box open forest on hillslopes in the Warrumbungle NP - Coolah regions","vegClass":"Western Slopes Dry Sclerophyll Forests","vegForm":"Dry Sclerophyll Forests (Shrubby sub-formation)"},"geometry":{"type":"Polygon","coordinates":[[[148.98972,-31.31821],[148.98973,-31.3187],[148.98937,-31.31871],[148.98908,-31.31763],[148.9894,-31.3179],[148.98966,-31.31762],[148.99036,-31.31829],[148.98972,-31.31821]]]}},{"type":"Feature","properties":{"OBJECTID":8712325,"PCTID":420,"PCTName":"Red Stringybark - Rough-barked Apple +/- Nortons Box open forest on hillslopes in the Warrumbungle NP - Coolah regions","vegClass":"Western Slopes Dry Sclerophyll Forests","vegForm":"Dry Sclerophyll Forests (Shrubby sub-formation)"},"geometry":{"type":"Polygon","coordinates":[[[148.98721,-31.31861],[148.9859,-31.31881],[148.98526,-31.31819],[148.98572,-31.31796],[148.98678,-31.31825],[148.98721,-31.31861]]]}},{"type":"Feature","properties":{"OBJECTID":8712329,"PCTID":393,"PCTName":"White Box shrubby woodland of the western Liverpool Range, Warrumbungle Range and south-west Pilliga forests, Brigalow Belt South Bioregion","vegClass":"North-west Slopes Dry Sclerophyll Woodlands","vegForm":"Dry Sclerophyll Forests (Shrub/grass sub-formation)"},"geometry":{"type":"Polygon","coordinates":[[[148.994,-31.31678],[148.99443,-31.317],[148.99458,-31.31664],[148.995,-31.31659],[148.99537,-31.31685],[148.99475,-31.31722],[148.99539,-31.31798],[148.99487,-31.31812],[148.99473,-31.31885],[148.99371,-31.31805],[148.994,-31.31678]]]}},{"type":"Feature","properties":{"OBJECTID":8712333,"PCTID":379,"PCTName":"Inland Scribbly Gum - White Bloodwood - Red Stringybark - Black Cypress Pine shrubby sandstone woodland mainly of the Warrumbungle NP - Pilliga region in the Brigalow Belt South Bioregion","vegClass":"Western Slopes Dry Sclerophyll Forests","vegForm":"Dry Sclerophyll Forests (Shrubby sub-formation)"},"geometry":{"type":"Polygon","coordinates":[[[149.02756,-31.31776],[149.02802,-31.31744],[149.0278,-31.31708],[149.02859,-31.31693],[149.02845,-31.31788],[149.02872,-31.3181],[149.02757,-31.31844],[149.02756,-31.31776]]]}},{"type":"Feature","properties":{"OBJECTID":8712336,"PCTID":0,"PCTName":"Not classified","vegClass":"Not classified","vegForm":"Not classified"},"geometry":{"type":"Polygon","coordinates":[[[148.99362,-31.3185],[148.99363,-31.31877],[148.99342,-31.31905],[148.99362,-31.3185]]]}},{"type":"Feature","properties":{"OBJECTID":8712338,"PCTID":381,"PCTName":"Rough-barked Apple - Yellow Box grass/shrub footslope open forest, Brigalow Belt South Bioregion","vegClass":"North-west Slopes Dry Sclerophyll Woodlands","vegForm":"Dry Sclerophyll Forests (Shrub/grass sub-formation)"},"geometry":{"type":"Polygon","coordinates":[[[149.02351,-31.31792],[149.02393,-31.31782],[149.024,-31.31836],[149.02347,-31.3186],[149.02351,-31.31792]]]}},{"type":"Feature","properties":{"OBJECTID":8712340,"PCTID":0,"PCTName":"Not classified","vegClass":"Not classified","vegForm":"Not classified"},"geometry":{"type":"Polygon","coordinates":[[[148.99342,-31.31905],[148.99342,-31.31914],[148.99337,-31.31914],[148.99342,-31.31905]]]}},{"type":"Feature","properties":{"OBJECTID":8712342,"PCTID":0,"PCTName":"Not classified","vegClass":"Not classified","vegForm":"Not classified"},"geometry":{"type":"Polygon","coordinates":[[[148.99337,-31.31914],[148.99337,-31.31918],[148.99332,-31.31919],[148.99337,-31.31914]]]}},{"type":"Feature","properties":{"OBJECTID":8712343,"PCTID":0,"PCTName":"Not classified","vegClass":"Not classified","vegForm":"Not classified"},"geometry":{"type":"Polygon","coordinates":[[[148.9978,-31.31762],[148.99797,-31.31816],[148.99779,-31.31911],[148.9978,-31.31762]]]}},{"type":"Feature","properties":{"OBJECTID":8712347,"PCTID":389,"PCTName":"Motherumbah - White Bloodwood - cypress pine very tall shrubland / woodland of the Coonabarabran region, Brigalow Belt South Bioregion","vegClass":"North-west Slopes Dry Sclerophyll Woodlands","vegForm":"Dry Sclerophyll Forests (Shrub/grass sub-formation)"},"geometry":{"type":"Polygon","coordinates":[[[149.01411,-31.31826],[149.01257,-31.31761],[149.01277,-31.3172],[149.01362,-31.31732],[149.01393,-31.31704],[149.01453,-31.31816],[149.01428,-31.31893],[149.01411,-31.31826]]]}},{"type":"Feature","properties":{"OBJECTID":8712348,"PCTID":417,"PCTName":"Black Cypress Pine - Narrow-leaved Ironbark - red gum +/- White Bloodwood shrubby open forest on hills of the southern Pilliga, Coonabarabran and Garawilla regions, Brigalow Belt South Bioregion","vegClass":"Western Slopes Dry Sclerophyll Forests","vegForm":"Dry Sclerophyll Forests (Shrubby sub-formation)"},"geometry":{"type":"Polygon","coordinates":[[[148.97362,-31.31955],[148.97356,-31.31928],[148.97408,-31.31905],[148.97467,-31.31949],[148.97513,-31.31921],[148.97502,-31.31885],[148.97554,-31.31875],[148.97551,-31.31939],[148.9752,-31.31962],[148.97362,-31.31955]]]}},{"type":"Feature","properties":{"OBJECTID":8712350,"PCTID":0,"PCTName":"Not classified","vegClass":"Not classified","vegForm":"Not classified"},"geometry":{"type":"Polygon","coordinates":[[[148.97536,-31.3197],[148.97246,-31.31944],[148.9733,-31.31951],[148.97536,-31.3197]]]}},{"type":"Feature","properties":{"OBJECTID":8712351,"PCTID":0,"PCTName":"Not classified","vegClass":"Not classified","vegForm":"Not classified"},"geometry":{"type":"Polygon","coordinates":[[[148.97583,-31.3197],[148.97726,-31.31787],[148.97665,-31.31883],[148.97583,-31.3197]]]}},{"type":"Feature","properties":{"OBJECTID":8712353,"PCTID":0,"PCTName":"Not classified","vegClass":"Not classified","vegForm":"Not classified"},"geometry":{"type":"Polygon","coordinates":[[[148.97536,-31.31975],[148.97536,-31.3197],[148.97557,-31.31975],[148.97536,-31.31975]]]}},{"type":"Feature","properties":{"OBJECTID":8712354,"PCTID":389,"PCTName":"Motherumbah - White Bloodwood - cypress pine very tall shrubland / woodland of the Coonabarabran region, Brigalow Belt South Bioregion","vegClass":"North-west Slopes Dry Sclerophyll Woodlands","vegForm":"Dry Sclerophyll Forests (Shrub/grass sub-formation)"},"geometry":{"type":"Polygon","coordinates":[[[148.97222,-31.3133],[148.97205,-31.31276],[148.97336,-31.31279],[148.97369,-31.31314],[148.97421,-31.31309],[148.97354,-31.31373],[148.97345,-31.31437],[148.97448,-31.31331],[148.9746,-31.31412],[148.97424,-31.3144],[148.97483,-31.31475],[148.97483,-31.31516],[148.97436,-31.31512],[148.9747,-31.31602],[148.97375,-31.31585],[148.97398,-31.3167],[148.9744,-31.31683],[148.97399,-31.3172],[148.97624,-31.31689],[148.97698,-31.31697],[148.9773,-31.31746],[148.9773,-31.31715],[148.97777,-31.317],[148.97578,-31.31974],[148.9752,-31.31966],[148.97554,-31.31875],[148.97502,-31.31885],[148.97513,-31.31921],[148.97467,-31.31949],[148.97382,-31.31905],[148.97357,-31.31955],[148.97325,-31.31947],[148.97333,-31.31838],[148.97213,-31.31863],[148.97186,-31.31832],[148.9716,-31.31829],[148.9716,-31.31351],[148.97222,-31.3133]]]}},{"type":"Feature","properties":{"OBJECTID":8712356,"PCTID":389,"PCTName":"Motherumbah - White Bloodwood - cypress pine very tall shrubland / woodland of the Coonabarabran region, Brigalow Belt South Bioregion","vegClass":"North-west Slopes Dry Sclerophyll Woodlands","vegForm":"Dry Sclerophyll Forests (Shrub/grass sub-formation)"},"geometry":{"type":"Polygon","coordinates":[[[148.97806,-31.31862],[148.9777,-31.31881],[148.97754,-31.3185],[148.97702,-31.31909],[148.97665,-31.31887],[148.97777,-31.31723],[148.97835,-31.31744],[148.97852,-31.31785],[148.97894,-31.31766],[148.97963,-31.31801],[148.97987,-31.31968],[148.97844,-31.31893],[148.97806,-31.31862]]]}},{"type":"Feature","properties":{"OBJECTID":8712358,"PCTID":0,"PCTName":"Not classified","vegClass":"Not classified","vegForm":"Not classified"},"geometry":{"type":"Polygon","coordinates":[[[148.998,-31.31938],[148.99779,-31.31911],[148.99832,-31.31946],[148.998,-31.31938]]]}},{"type":"Feature","properties":{"OBJECTID":8712359,"PCTID":0,"PCTName":"Not classified","vegClass":"Not classified","vegForm":"Not classified"},"geometry":{"type":"Polygon","coordinates":[[[148.99332,-31.31919],[148.99285,-31.31955],[148.99269,-31.31954],[148.99332,-31.31919]]]}},{"type":"Feature","properties":{"OBJECTID":8712360,"PCTID":0,"PCTName":"Not classified","vegClass":"Not classified","vegForm":"Not classified"},"geometry":{"type":"Polygon","coordinates":[[[148.99832,-31.31951],[148.99832,-31.31946],[148.99842,-31.31951],[148.99832,-31.31951]]]}},{"type":"Feature","properties":{"OBJECTID":8712364,"PCTID":0,"PCTName":"Not classified","vegClass":"Not classified","vegForm":"Not classified"},"geometry":{"type":"Polygon","coordinates":[[[148.99864,-31.31964],[148.99842,-31.31951],[148.9988,-31.31964],[148.99864,-31.31964]]]}},{"type":"Feature","properties":{"OBJECTID":8712367,"PCTID":0,"PCTName":"Not classified","vegClass":"Not classified","vegForm":"Not classified"},"geometry":{"type":"Polygon","coordinates":[[[148.99196,-31.31961],[148.99155,-31.3198],[148.99186,-31.31957],[148.99196,-31.31961]]]}},{"type":"Feature","properties":{"OBJECTID":8712368,"PCTID":0,"PCTName":"Not classified","vegClass":"Not classified","vegForm":"Not classified"},"geometry":{"type":"Polygon","coordinates":[[[148.9988,-31.31968],[148.9988,-31.31964],[148.9989,-31.31968],[148.9988,-31.31968]]]}},{"type":"Feature","properties":{"OBJECTID":8712369,"PCTID":389,"PCTName":"Motherumbah - White Bloodwood - cypress pine very tall shrubland / woodland of the Coonabarabran region, Brigalow Belt South Bioregion","vegClass":"North-west Slopes Dry Sclerophyll Woodlands","vegForm":"Dry Sclerophyll Forests (Shrub/grass sub-formation)"},"geometry":{"type":"Polygon","coordinates":[[[149.037,-31.31264],[149.03774,-31.31245],[149.03811,-31.31285],[149.03943,-31.31296],[149.0396,-31.31368],[149.03918,-31.31373],[149.03983,-31.31417],[149.03957,-31.31472],[149.04026,-31.31489],[149.04033,-31.31543],[149.04064,-31.31542],[149.04113,-31.31627],[149.04121,-31.31722],[149.04064,-31.3175],[149.03984,-31.31706],[149.04027,-31.31773],[149.0397,-31.31797],[149.03967,-31.31896],[149.0392,-31.31901],[149.03924,-31.31861],[149.03855,-31.3183],[149.03798,-31.31854],[149.03781,-31.31786],[149.03812,-31.31781],[149.03599,-31.31636],[149.03576,-31.31555],[149.03523,-31.31533],[149.03434,-31.31557],[149.03354,-31.31523],[149.03353,-31.31482],[149.03322,-31.31496],[149.03258,-31.31461],[149.03262,-31.31402],[149.03193,-31.31372],[149.03361,-31.31374],[149.03292,-31.3133],[149.03329,-31.31325],[149.03317,-31.31257],[149.03445,-31.31341],[149.03544,-31.31303],[149.0358,-31.3128],[149.03546,-31.31154],[149.03656,-31.31166],[149.03694,-31.31201],[149.037,-31.31264]]]}},{"type":"Feature","properties":{"OBJECTID":8712374,"PCTID":0,"PCTName":"Not classified","vegClass":"Not classified","vegForm":"Not classified"},"geometry":{"type":"Polygon","coordinates":[[[148.9989,-31.31968],[148.99943,-31.31985],[148.99949,-31.31994],[148.9989,-31.31968]]]}},{"type":"Feature","properties":{"OBJECTID":8712376,"PCTID":0,"PCTName":"Not classified","vegClass":"Not classified","vegForm":"Not classified"},"geometry":{"type":"Polygon","coordinates":[[[148.99949,-31.31999],[148.99949,-31.31994],[148.99959,-31.31999],[148.99949,-31.31999]]]}},{"type":"Feature","properties":{"OBJECTID":8712377,"PCTID":393,"PCTName":"White Box shrubby woodland of the western Liverpool Range, Warrumbungle Range and south-west Pilliga forests, Brigalow Belt South Bioregion","vegClass":"North-west Slopes Dry Sclerophyll Woodlands","vegForm":"Dry Sclerophyll Forests (Shrub/grass sub-formation)"},"geometry":{"type":"Polygon","coordinates":[[[149.04128,-31.31798],[149.04051,-31.31876],[149.04094,-31.31912],[149.04052,-31.31935],[149.03951,-31.31865],[149.03987,-31.31855],[149.0397,-31.31797],[149.04027,-31.31773],[149.03989,-31.31697],[149.04074,-31.3175],[149.04128,-31.31798]]]}},{"type":"Feature","properties":{"OBJECTID":8712378,"PCTID":385,"PCTName":"Warrumbungle trachyte hillcrest Tumbledown Red Gum - Black Cypress Pine - White Bloodwood shrubby woodland","vegClass":"North-west Slopes Dry Sclerophyll Woodlands","vegForm":"Dry Sclerophyll Forests (Shrub/grass sub-formation)"},"geometry":{"type":"Polygon","coordinates":[[[148.97824,-31.31921],[148.97883,-31.31992],[148.97821,-31.32043],[148.97765,-31.3189],[148.97806,-31.31862],[148.97844,-31.31893],[148.97824,-31.31921]]]}},{"type":"Feature","properties":{"OBJECTID":8712379,"PCTID":0,"PCTName":"Not classified","vegClass":"Not classified","vegForm":"Not classified"},"geometry":{"type":"Polygon","coordinates":[[[148.97557,-31.31975],[148.97583,-31.3197],[148.97679,-31.32049],[148.97557,-31.31975]]]}},{"type":"Feature","properties":{"OBJECTID":8712380,"PCTID":393,"PCTName":"White Box shrubby woodland of the western Liverpool Range, Warrumbungle Range and south-west Pilliga forests, Brigalow Belt South Bioregion","vegClass":"North-west Slopes Dry Sclerophyll Woodlands","vegForm":"Dry Sclerophyll Forests (Shrub/grass sub-formation)"},"geometry":{"type":"Polygon","coordinates":[[[149.01768,-31.31784],[149.01823,-31.31896],[149.01749,-31.31883],[149.01757,-31.32],[149.01714,-31.31965],[149.01733,-31.31893],[149.01694,-31.31794],[149.01729,-31.31717],[149.01802,-31.31693],[149.01768,-31.31784]]]}},{"type":"Feature","properties":{"OBJECTID":8712381,"PCTID":420,"PCTName":"Red Stringybark - Rough-barked Apple +/- Nortons Box open forest on hillslopes in the Warrumbungle NP - Coolah regions","vegClass":"Western Slopes Dry Sclerophyll Forests","vegForm":"Dry Sclerophyll Forests (Shrubby sub-formation)"},"geometry":{"type":"Polygon","coordinates":[[[148.98972,-31.32055],[148.98943,-31.31902],[148.99016,-31.31892],[148.9902,-31.32055],[148.98972,-31.32055]]]}},{"type":"Feature","properties":{"OBJECTID":8712382,"PCTID":417,"PCTName":"Black Cypress Pine - Narrow-leaved Ironbark - red gum +/- White Bloodwood shrubby open forest on hills of the southern Pilliga, Coonabarabran and Garawilla regions, Brigalow Belt South Bioregion","vegClass":"Western Slopes Dry Sclerophyll Forests","vegForm":"Dry Sclerophyll Forests (Shrubby sub-formation)"},"geometry":{"type":"Polygon","coordinates":[[[148.99186,-31.31957],[148.99105,-31.31859],[148.99167,-31.31849],[148.99226,-31.3188],[148.99324,-31.31815],[148.99367,-31.31846],[148.99377,-31.31805],[148.99473,-31.31885],[148.99487,-31.31812],[148.99539,-31.31798],[148.99475,-31.31722],[148.99537,-31.31685],[148.99468,-31.31659],[148.99432,-31.317],[148.99405,-31.31669],[148.99488,-31.31605],[148.99486,-31.31542],[148.99552,-31.31428],[148.9959,-31.3149],[148.99582,-31.31567],[148.99618,-31.31539],[148.99645,-31.31562],[148.9977,-31.31762],[148.99702,-31.31782],[148.99729,-31.31813],[148.99714,-31.31867],[148.99606,-31.31937],[148.99628,-31.31995],[148.99507,-31.31992],[148.99481,-31.3202],[148.99396,-31.31976],[148.99376,-31.31995],[148.99418,-31.32007],[148.99414,-31.32048],[148.99272,-31.32059],[148.99282,-31.32028],[148.99245,-31.32015],[148.99238,-31.3197],[148.99278,-31.31955],[148.99186,-31.31957]],[[148.99327,-31.31937],[148.99362,-31.3185],[148.99287,-31.31952],[148.99327,-31.31937]]]}},{"type":"Feature","properties":{"OBJECTID":8712383,"PCTID":0,"PCTName":"Not classified","vegClass":"Not classified","vegForm":"Not classified"},"geometry":{"type":"Polygon","coordinates":[[[148.97679,-31.32049],[148.97706,-31.32067],[148.97717,-31.32089],[148.97679,-31.32049]]]}},{"type":"Feature","properties":{"OBJECTID":8712384,"PCTID":0,"PCTName":"Not classified","vegClass":"Not classified","vegForm":"Not classified"},"geometry":{"type":"Polygon","coordinates":[[[148.97717,-31.32094],[148.97717,-31.32089],[148.97722,-31.32094],[148.97717,-31.32094]]]}},{"type":"Feature","properties":{"OBJECTID":8712385,"PCTID":393,"PCTName":"White Box shrubby woodland of the western Liverpool Range, Warrumbungle Range and south-west Pilliga forests, Brigalow Belt South Bioregion","vegClass":"North-west Slopes Dry Sclerophyll Woodlands","vegForm":"Dry Sclerophyll Forests (Shrub/grass sub-formation)"},"geometry":{"type":"Polygon","coordinates":[[[148.97788,-31.31971],[148.9782,-31.31993],[148.97817,-31.32092],[148.97769,-31.32075],[148.97779,-31.32043],[148.97741,-31.32008],[148.9764,-31.31955],[148.97727,-31.3185],[148.97775,-31.31881],[148.97788,-31.31971]]]}},{"type":"Feature","properties":{"OBJECTID":8712386,"PCTID":389,"PCTName":"Motherumbah - White Bloodwood - cypress pine very tall shrubland / woodland of the Coonabarabran region, Brigalow Belt South Bioregion","vegClass":"North-west Slopes Dry Sclerophyll Woodlands","vegForm":"Dry Sclerophyll Forests (Shrub/grass sub-formation)"},"geometry":{"type":"Polygon","coordinates":[[[149.03397,-31.32],[149.03311,-31.31938],[149.03406,-31.31973],[149.03397,-31.32]]]}},{"type":"Feature","properties":{"OBJECTID":8712387,"PCTID":417,"PCTName":"Black Cypress Pine - Narrow-leaved Ironbark - red gum +/- White Bloodwood shrubby open forest on hills of the southern Pilliga, Coonabarabran and Garawilla regions, Brigalow Belt South Bioregion","vegClass":"Western Slopes Dry Sclerophyll Forests","vegForm":"Dry Sclerophyll Forests (Shrubby sub-formation)"},"geometry":{"type":"Polygon","coordinates":[[[148.97692,-31.31905],[148.9765,-31.31914],[148.9764,-31.31955],[148.97741,-31.32008],[148.97738,-31.32098],[148.97583,-31.31979],[148.97676,-31.31887],[148.97692,-31.31905]]]}},{"type":"Feature","properties":{"OBJECTID":8712390,"PCTID":393,"PCTName":"White Box shrubby woodland of the western Liverpool Range, Warrumbungle Range and south-west Pilliga forests, Brigalow Belt South Bioregion","vegClass":"North-west Slopes Dry Sclerophyll Woodlands","vegForm":"Dry Sclerophyll Forests (Shrub/grass sub-formation)"},"geometry":{"type":"Polygon","coordinates":[[[149.01393,-31.31934],[149.01446,-31.31979],[149.01411,-31.32042],[149.01356,-31.31926],[149.01402,-31.31871],[149.01428,-31.31893],[149.01393,-31.31934]]]}},{"type":"Feature","properties":{"OBJECTID":8712393,"PCTID":0,"PCTName":"Not classified","vegClass":"Not classified","vegForm":"Not classified"},"geometry":{"type":"Polygon","coordinates":[[[148.97749,-31.32116],[148.97723,-31.32107],[148.97733,-31.32098],[148.97749,-31.32116]]]}},{"type":"Feature","properties":{"OBJECTID":8712395,"PCTID":0,"PCTName":"Not classified","vegClass":"Not classified","vegForm":"Not classified"},"geometry":{"type":"Polygon","coordinates":[[[148.97749,-31.3212],[148.97749,-31.32116],[148.97754,-31.3212],[148.97749,-31.3212]]]}},{"type":"Feature","properties":{"OBJECTID":8712397,"PCTID":0,"PCTName":"Not classified","vegClass":"Not classified","vegForm":"Not classified"},"geometry":{"type":"Polygon","coordinates":[[[148.97754,-31.32125],[148.97754,-31.3212],[148.9776,-31.32125],[148.97754,-31.32125]]]}},{"type":"Feature","properties":{"OBJECTID":8712399,"PCTID":0,"PCTName":"Not classified","vegClass":"Not classified","vegForm":"Not classified"},"geometry":{"type":"Polygon","coordinates":[[[148.9776,-31.32129],[148.9776,-31.32125],[148.97765,-31.32129],[148.9776,-31.32129]]]}},{"type":"Feature","properties":{"OBJECTID":8712400,"PCTID":0,"PCTName":"Not classified","vegClass":"Not classified","vegForm":"Not classified"},"geometry":{"type":"Polygon","coordinates":[[[148.97765,-31.32134],[148.97765,-31.32129],[148.9777,-31.32134],[148.97765,-31.32134]]]}},{"type":"Feature","properties":{"OBJECTID":8712402,"PCTID":381,"PCTName":"Rough-barked Apple - Yellow Box grass/shrub footslope open forest, Brigalow Belt South Bioregion","vegClass":"North-west Slopes Dry Sclerophyll Woodlands","vegForm":"Dry Sclerophyll Forests (Shrub/grass sub-formation)"},"geometry":{"type":"Polygon","coordinates":[[[149.02367,-31.32044],[149.02403,-31.32012],[149.02353,-31.31887],[149.02391,-31.31918],[149.02415,-31.32062],[149.02367,-31.32044]]]}},{"type":"Feature","properties":{"OBJECTID":8712404,"PCTID":379,"PCTName":"Inland Scribbly Gum - White Bloodwood - Red Stringybark - Black Cypress Pine shrubby sandstone woodland mainly of the Warrumbungle NP - Pilliga region in the Brigalow Belt South Bioregion","vegClass":"Western Slopes Dry Sclerophyll Forests","vegForm":"Dry Sclerophyll Forests (Shrubby sub-formation)"},"geometry":{"type":"Polygon","coordinates":[[[149.0137,-31.32084],[149.01219,-31.31942],[149.01288,-31.31972],[149.01356,-31.3193],[149.01394,-31.32011],[149.0137,-31.32084]]]}},{"type":"Feature","properties":{"OBJECTID":8712405,"PCTID":385,"PCTName":"Warrumbungle trachyte hillcrest Tumbledown Red Gum - Black Cypress Pine - White Bloodwood shrubby woodland","vegClass":"North-west Slopes Dry Sclerophyll Woodlands","vegForm":"Dry Sclerophyll Forests (Shrub/grass sub-formation)"},"geometry":{"type":"Polygon","coordinates":[[[149.03461,-31.32058],[149.03401,-31.31978],[149.03454,-31.31972],[149.03487,-31.32044],[149.03461,-31.32058]]]}},{"type":"Feature","properties":{"OBJECTID":8712407,"PCTID":386,"PCTName":"Tumbledown Red Gum trachyte rock flat sedgeland - shrubland of the Warrumbungle Range region","vegClass":"North-west Slopes Dry Sclerophyll Woodlands","vegForm":"Dry Sclerophyll Forests (Shrub/grass sub-formation)"},"geometry":{"type":"Polygon","coordinates":[[[148.98091,-31.32115],[148.98152,-31.32037],[148.982,-31.32072],[148.98188,-31.32137],[148.98152,-31.32137],[148.98091,-31.32115]]]}},{"type":"Feature","properties":{"OBJECTID":8712408,"PCTID":389,"PCTName":"Motherumbah - White Bloodwood - cypress pine very tall shrubland / woodland of the Coonabarabran region, Brigalow Belt South Bioregion","vegClass":"North-west Slopes Dry Sclerophyll Woodlands","vegForm":"Dry Sclerophyll Forests (Shrub/grass sub-formation)"},"geometry":{"type":"Polygon","coordinates":[[[148.99105,-31.31868],[148.9918,-31.31935],[148.99155,-31.3198],[148.99259,-31.3196],[148.99245,-31.32015],[148.99282,-31.32032],[148.99257,-31.32091],[148.99215,-31.32096],[148.992,-31.32133],[148.99157,-31.32088],[148.99026,-31.32113],[148.99033,-31.31951],[148.99016,-31.31892],[148.98974,-31.31875],[148.98972,-31.31821],[148.99104,-31.31846],[148.99119,-31.31818],[148.99203,-31.31812],[148.99183,-31.31853],[148.99105,-31.31868]]]}},{"type":"Feature","properties":{"OBJECTID":8712409,"PCTID":417,"PCTName":"Black Cypress Pine - Narrow-leaved Ironbark - red gum +/- White Bloodwood shrubby open forest on hills of the southern Pilliga, Coonabarabran and Garawilla regions, Brigalow Belt South Bioregion","vegClass":"Western Slopes Dry Sclerophyll Forests","vegForm":"Dry Sclerophyll Forests (Shrubby sub-formation)"},"geometry":{"type":"Polygon","coordinates":[[[148.98648,-31.32115],[148.98652,-31.32061],[148.98862,-31.32075],[148.98879,-31.32102],[148.98858,-31.32134],[148.98831,-31.32137],[148.98735,-31.32137],[148.98648,-31.32115]]]}},{"type":"Feature","properties":{"OBJECTID":8712411,"PCTID":389,"PCTName":"Motherumbah - White Bloodwood - cypress pine very tall shrubland / woodland of the Coonabarabran region, Brigalow Belt South Bioregion","vegClass":"North-west Slopes Dry Sclerophyll Woodlands","vegForm":"Dry Sclerophyll Forests (Shrub/grass sub-formation)"},"geometry":{"type":"Polygon","coordinates":[[[149.02178,-31.32048],[149.02116,-31.32094],[149.01958,-31.32078],[149.02042,-31.3205],[149.0202,-31.32014],[149.02046,-31.32],[149.02178,-31.32048]]]}},{"type":"Feature","properties":{"OBJECTID":8712418,"PCTID":0,"PCTName":"Not classified","vegClass":"Not classified","vegForm":"Not classified"},"geometry":{"type":"Polygon","coordinates":[[[148.97922,-31.32113],[148.9797,-31.32137],[148.97935,-31.32137],[148.97917,-31.32118],[148.97899,-31.32137],[148.97887,-31.32137],[148.97922,-31.32113]]]}},{"type":"Feature","properties":{"OBJECTID":8712419,"PCTID":0,"PCTName":"Not classified","vegClass":"Not classified","vegForm":"Not classified"},"geometry":{"type":"Polygon","coordinates":[[[148.99959,-31.31999],[149.00061,-31.32078],[149.00101,-31.32137],[149.001,-31.32137],[148.99959,-31.31999]]]}},{"type":"Feature","properties":{"OBJECTID":8712422,"PCTID":389,"PCTName":"Motherumbah - White Bloodwood - cypress pine very tall shrubland / woodland of the Coonabarabran region, Brigalow Belt South Bioregion","vegClass":"North-west Slopes Dry Sclerophyll Woodlands","vegForm":"Dry Sclerophyll Forests (Shrub/grass sub-formation)"},"geometry":{"type":"Polygon","coordinates":[[[149.03493,-31.32066],[149.03425,-31.32094],[149.03445,-31.32049],[149.03402,-31.32],[149.03449,-31.32013],[149.03461,-31.32058],[149.03487,-31.32044],[149.03493,-31.32066]]]}},{"type":"Feature","properties":{"OBJECTID":8712427,"PCTID":394,"PCTName":"Narrow-leaved Ironbark - White Cypress pine woodland on slopes and flats in the Coonabarabran - Pilliga Scrub regions","vegClass":"North-west Slopes Dry Sclerophyll Woodlands","vegForm":"Dry Sclerophyll Forests (Shrub/grass sub-formation)"},"geometry":{"type":"MultiPolygon","coordinates":[[[[148.98017,-31.32125],[148.98037,-31.32137],[148.98004,-31.32137],[148.98017,-31.32125]]],[[[148.97733,-31.32103],[148.97747,-31.32026],[148.97779,-31.32043],[148.97769,-31.32075],[148.97817,-31.32092],[148.97821,-31.32043],[148.97883,-31.31992],[148.97906,-31.32064],[148.97996,-31.32116],[148.97993,-31.32137],[148.97962,-31.32137],[148.97922,-31.32113],[148.97884,-31.32137],[148.97785,-31.32137],[148.97733,-31.32103]]],[[[148.9817,-31.32132],[148.98171,-31.32137],[148.98113,-31.32137],[148.9817,-31.32132]]]]}},{"type":"Feature","properties":{"OBJECTID":8712429,"PCTID":389,"PCTName":"Motherumbah - White Bloodwood - cypress pine very tall shrubland / woodland of the Coonabarabran region, Brigalow Belt South Bioregion","vegClass":"North-west Slopes Dry Sclerophyll Woodlands","vegForm":"Dry Sclerophyll Forests (Shrub/grass sub-formation)"},"geometry":{"type":"Polygon","coordinates":[[[148.982,-31.32072],[148.98162,-31.32037],[148.98094,-31.32038],[148.98092,-31.31943],[148.98185,-31.31856],[148.98211,-31.31856],[148.98212,-31.31887],[148.98301,-31.31881],[148.98334,-31.31957],[148.98391,-31.3192],[148.98416,-31.31852],[148.985,-31.31874],[148.98531,-31.31832],[148.98584,-31.3185],[148.9859,-31.31881],[148.98471,-31.31982],[148.98361,-31.32002],[148.9832,-31.32052],[148.98322,-31.32125],[148.98264,-31.32126],[148.98251,-31.32137],[148.98182,-31.32137],[148.982,-31.32072]]]}},{"type":"Feature","properties":{"OBJECTID":8712431,"PCTID":381,"PCTName":"Rough-barked Apple - Yellow Box grass/shrub footslope open forest, Brigalow Belt South Bioregion","vegClass":"North-west Slopes Dry Sclerophyll Woodlands","vegForm":"Dry Sclerophyll Forests (Shrub/grass sub-formation)"},"geometry":{"type":"Polygon","coordinates":[[[149.02458,-31.32115],[149.02457,-31.32052],[149.02505,-31.32074],[149.02528,-31.32137],[149.02505,-31.32137],[149.02458,-31.32115]]]}},{"type":"Feature","properties":{"OBJECTID":8712433,"PCTID":381,"PCTName":"Rough-barked Apple - Yellow Box grass/shrub footslope open forest, Brigalow Belt South Bioregion","vegClass":"North-west Slopes Dry Sclerophyll Woodlands","vegForm":"Dry Sclerophyll Forests (Shrub/grass sub-formation)"},"geometry":{"type":"Polygon","coordinates":[[[148.99615,-31.32131],[148.99657,-31.32098],[148.99644,-31.32013],[148.99712,-31.31971],[148.99752,-31.31885],[148.99714,-31.31863],[148.99707,-31.31777],[148.99775,-31.31762],[148.99779,-31.31911],[148.99811,-31.31938],[148.99796,-31.31983],[148.99728,-31.32007],[148.99648,-31.32137],[148.99615,-31.32137],[148.99615,-31.32131]]]}},{"type":"Feature","properties":{"OBJECTID":8712456,"PCTID":381,"PCTName":"Rough-barked Apple - Yellow Box grass/shrub footslope open forest, Brigalow Belt South Bioregion","vegClass":"North-west Slopes Dry Sclerophyll Woodlands","vegForm":"Dry Sclerophyll Forests (Shrub/grass sub-formation)"},"geometry":{"type":"Polygon","coordinates":[[[149.00172,-31.32117],[148.99779,-31.31911],[148.99797,-31.31803],[148.99746,-31.3165],[148.9965,-31.3157],[148.99686,-31.3152],[148.99739,-31.31542],[148.99739,-31.31573],[148.99787,-31.31564],[148.99772,-31.31609],[148.9981,-31.31658],[148.99878,-31.31643],[148.99953,-31.31701],[148.99928,-31.31773],[148.99849,-31.31788],[148.9991,-31.31936],[149.00112,-31.31996],[149.00115,-31.31924],[149.00173,-31.31932],[149.00202,-31.32053],[149.00271,-31.32057],[149.00267,-31.3212],[149.00244,-31.32137],[149.00165,-31.32137],[149.00172,-31.32117]]]}},{"type":"Feature","properties":{"OBJECTID":8712459,"PCTID":84,"PCTName":"River Oak - Rough-barked Apple - red gum - box riparian tall woodland (wetland) of the Brigalow Belt South Bioregion and Nandewar Bioregion","vegClass":"Eastern Riverine Forests","vegForm":"Forested Wetlands"},"geometry":{"type":"Polygon","coordinates":[[[149.02505,-31.32074],[149.02457,-31.32052],[149.02421,-31.32075],[149.02391,-31.31918],[149.02348,-31.31878],[149.024,-31.31836],[149.02364,-31.31674],[149.02379,-31.31607],[149.0242,-31.31583],[149.02403,-31.3152],[149.0245,-31.31497],[149.02443,-31.31439],[149.02364,-31.31417],[149.02335,-31.31319],[149.02299,-31.31328],[149.02303,-31.31274],[149.02206,-31.3119],[149.02236,-31.31126],[149.02156,-31.31055],[149.02103,-31.31025],[149.02045,-31.31053],[149.01992,-31.3099],[149.01934,-31.30996],[149.01945,-31.31032],[149.01888,-31.31042],[149.01717,-31.30945],[149.01769,-31.30904],[149.01817,-31.30939],[149.01848,-31.30921],[149.01849,-31.30984],[149.02011,-31.30913],[149.02122,-31.30957],[149.02161,-31.31028],[149.0225,-31.31013],[149.02282,-31.31062],[149.02275,-31.31229],[149.02316,-31.31179],[149.02323,-31.31228],[149.02376,-31.31259],[149.02346,-31.31309],[149.0243,-31.31335],[149.02453,-31.31393],[149.02516,-31.31406],[149.02527,-31.31442],[149.02455,-31.31515],[149.02478,-31.31609],[149.02426,-31.31624],[149.02438,-31.31687],[149.02407,-31.31705],[149.02444,-31.31718],[149.02435,-31.31786],[149.02489,-31.31862],[149.0246,-31.31953],[149.02547,-31.32105],[149.02601,-31.32137],[149.02529,-31.32137],[149.02505,-31.32074]]]}},{"type":"Feature","properties":{"OBJECTID":8712462,"PCTID":389,"PCTName":"Motherumbah - White Bloodwood - cypress pine very tall shrubland / woodland of the Coonabarabran region, Brigalow Belt South Bioregion","vegClass":"North-west Slopes Dry Sclerophyll Woodlands","vegForm":"Dry Sclerophyll Forests (Shrub/grass sub-formation)"},"geometry":{"type":"Polygon","coordinates":[[[149.00572,-31.32128],[149.00677,-31.32127],[149.00653,-31.31983],[149.00689,-31.31946],[149.00667,-31.31933],[149.00772,-31.31931],[149.00775,-31.32039],[149.00818,-31.32097],[149.00794,-31.32137],[149.00579,-31.32137],[149.00572,-31.32128]]]}},{"type":"Feature","properties":{"OBJECTID":8712472,"PCTID":394,"PCTName":"Narrow-leaved Ironbark - White Cypress pine woodland on slopes and flats in the Coonabarabran - Pilliga Scrub regions","vegClass":"North-west Slopes Dry Sclerophyll Woodlands","vegForm":"Dry Sclerophyll Forests (Shrub/grass sub-formation)"},"geometry":{"type":"Polygon","coordinates":[[[149.02547,-31.32105],[149.0246,-31.31953],[149.02489,-31.31862],[149.02463,-31.31858],[149.02435,-31.31764],[149.02495,-31.31645],[149.02447,-31.31605],[149.02478,-31.31609],[149.02462,-31.3156],[149.02544,-31.31477],[149.0257,-31.31491],[149.0259,-31.31418],[149.02663,-31.31403],[149.0269,-31.31443],[149.02684,-31.31412],[149.02773,-31.31365],[149.02842,-31.31396],[149.02846,-31.3136],[149.02976,-31.3129],[149.03077,-31.31329],[149.03124,-31.31314],[149.03177,-31.31359],[149.03109,-31.31387],[149.03174,-31.31453],[149.0317,-31.31499],[149.03128,-31.31522],[149.03171,-31.31548],[149.03166,-31.31584],[149.02977,-31.31574],[149.02978,-31.31637],[149.02873,-31.31621],[149.02807,-31.31717],[149.02744,-31.31713],[149.027,-31.3166],[149.02601,-31.31662],[149.02718,-31.31741],[149.02802,-31.31739],[149.02756,-31.31776],[149.02737,-31.3188],[149.02669,-31.31891],[149.02728,-31.31953],[149.02802,-31.31965],[149.02771,-31.31975],[149.02767,-31.32029],[149.02872,-31.32045],[149.02852,-31.32095],[149.02894,-31.32099],[149.02928,-31.32137],[149.02601,-31.32137],[149.02547,-31.32105]]]}},{"type":"Feature","properties":{"OBJECTID":8712482,"PCTID":389,"PCTName":"Motherumbah - White Bloodwood - cypress pine very tall shrubland / woodland of the Coonabarabran region, Brigalow Belt South Bioregion","vegClass":"North-west Slopes Dry Sclerophyll Woodlands","vegForm":"Dry Sclerophyll Forests (Shrub/grass sub-formation)"},"geometry":{"type":"Polygon","coordinates":[[[148.99163,-31.32133],[148.99161,-31.32137],[148.99144,-31.32137],[148.99163,-31.32133]]]}},{"type":"Feature","properties":{"OBJECTID":8712483,"PCTID":394,"PCTName":"Narrow-leaved Ironbark - White Cypress pine woodland on slopes and flats in the Coonabarabran - Pilliga Scrub regions","vegClass":"North-west Slopes Dry Sclerophyll Woodlands","vegForm":"Dry Sclerophyll Forests (Shrub/grass sub-formation)"},"geometry":{"type":"MultiPolygon","coordinates":[[[[148.97527,-31.32061],[148.97575,-31.32092],[148.97675,-31.3209],[148.97676,-31.32131],[148.97723,-31.32107],[148.97771,-31.32137],[148.97581,-31.32137],[148.97527,-31.32061]]],[[[148.97917,-31.32118],[148.97935,-31.32137],[148.97887,-31.32137],[148.97917,-31.32118]]]]}},{"type":"Feature","properties":{"OBJECTID":8712491,"PCTID":394,"PCTName":"Narrow-leaved Ironbark - White Cypress pine woodland on slopes and flats in the Coonabarabran - Pilliga Scrub regions","vegClass":"North-west Slopes Dry Sclerophyll Woodlands","vegForm":"Dry Sclerophyll Forests (Shrub/grass sub-formation)"},"geometry":{"type":"Polygon","coordinates":[[[148.99855,-31.32032],[148.99892,-31.32067],[149.00023,-31.32052],[149.00094,-31.32132],[149.00092,-31.32137],[148.99831,-31.32137],[148.99855,-31.32032]]]}},{"type":"Feature","properties":{"OBJECTID":8712493,"PCTID":393,"PCTName":"White Box shrubby woodland of the western Liverpool Range, Warrumbungle Range and south-west Pilliga forests, Brigalow Belt South Bioregion","vegClass":"North-west Slopes Dry Sclerophyll Woodlands","vegForm":"Dry Sclerophyll Forests (Shrub/grass sub-formation)"},"geometry":{"type":"Polygon","coordinates":[[[149.01658,-31.32047],[149.01667,-31.31979],[149.01704,-31.31974],[149.01705,-31.32051],[149.01765,-31.32118],[149.01764,-31.32137],[149.01724,-31.32137],[149.01658,-31.32047]]]}},{"type":"Feature","properties":{"OBJECTID":8712501,"PCTID":379,"PCTName":"Inland Scribbly Gum - White Bloodwood - Red Stringybark - Black Cypress Pine shrubby sandstone woodland mainly of the Warrumbungle NP - Pilliga region in the Brigalow Belt South Bioregion","vegClass":"Western Slopes Dry Sclerophyll Forests","vegForm":"Dry Sclerophyll Forests (Shrubby sub-formation)"},"geometry":{"type":"MultiPolygon","coordinates":[[[[149.02894,-31.32099],[149.02852,-31.32095],[149.02872,-31.32045],[149.02767,-31.32029],[149.02771,-31.31975],[149.02802,-31.31965],[149.02744,-31.31961],[149.02669,-31.319],[149.02757,-31.31848],[149.02863,-31.31874],[149.02853,-31.31915],[149.02885,-31.31937],[149.02855,-31.31987],[149.02934,-31.31994],[149.02941,-31.32066],[149.0311,-31.32095],[149.03123,-31.32137],[149.02928,-31.32137],[149.02894,-31.32099]]],[[[149.03394,-31.32122],[149.03393,-31.32137],[149.03364,-31.32137],[149.03394,-31.32122]]]]}},{"type":"Feature","properties":{"OBJECTID":8712509,"PCTID":381,"PCTName":"Rough-barked Apple - Yellow Box grass/shrub footslope open forest, Brigalow Belt South Bioregion","vegClass":"North-west Slopes Dry Sclerophyll Woodlands","vegForm":"Dry Sclerophyll Forests (Shrub/grass sub-formation)"},"geometry":{"type":"Polygon","coordinates":[[[149.01616,-31.32066],[149.01579,-31.32058],[149.01582,-31.31954],[149.0155,-31.31927],[149.01575,-31.31864],[149.01527,-31.31815],[149.01525,-31.31743],[149.01644,-31.31668],[149.01638,-31.3161],[149.01548,-31.31602],[149.01435,-31.31703],[149.01319,-31.31683],[149.01397,-31.31668],[149.01516,-31.31562],[149.01625,-31.31529],[149.01684,-31.31573],[149.01669,-31.31605],[149.01711,-31.31613],[149.01638,-31.31881],[149.01592,-31.31913],[149.0164,-31.31935],[149.01658,-31.32047],[149.01724,-31.32137],[149.01617,-31.32137],[149.01616,-31.32066]]]}},{"type":"Feature","properties":{"OBJECTID":8712525,"PCTID":379,"PCTName":"Inland Scribbly Gum - White Bloodwood - Red Stringybark - Black Cypress Pine shrubby sandstone woodland mainly of the Warrumbungle NP - Pilliga region in the Brigalow Belt South Bioregion","vegClass":"Western Slopes Dry Sclerophyll Forests","vegForm":"Dry Sclerophyll Forests (Shrubby sub-formation)"},"geometry":{"type":"Polygon","coordinates":[[[149.01754,-31.32091],[149.01705,-31.32051],[149.01704,-31.31974],[149.01662,-31.31984],[149.01592,-31.31913],[149.01638,-31.31881],[149.01657,-31.3179],[149.017,-31.31816],[149.01733,-31.31893],[149.01714,-31.31965],[149.01789,-31.32013],[149.018,-31.32072],[149.01875,-31.32137],[149.01765,-31.32137],[149.01754,-31.32091]]]}},{"type":"Feature","properties":{"OBJECTID":8712533,"PCTID":420,"PCTName":"Red Stringybark - Rough-barked Apple +/- Nortons Box open forest on hillslopes in the Warrumbungle NP - Coolah regions","vegClass":"Western Slopes Dry Sclerophyll Forests","vegForm":"Dry Sclerophyll Forests (Shrubby sub-formation)"},"geometry":{"type":"MultiPolygon","coordinates":[[[[149.03307,-31.32011],[149.03259,-31.31953],[149.03274,-31.31926],[149.03311,-31.31943],[149.03445,-31.32049],[149.03404,-31.32108],[149.03418,-31.32137],[149.03393,-31.32137],[149.03394,-31.32122],[149.03375,-31.32137],[149.03316,-31.32137],[149.03307,-31.32011]]],[[[149.03484,-31.32134],[149.03482,-31.32137],[149.03466,-31.32137],[149.03484,-31.32134]]]]}},{"type":"Feature","properties":{"OBJECTID":8712589,"PCTID":394,"PCTName":"Narrow-leaved Ironbark - White Cypress pine woodland on slopes and flats in the Coonabarabran - Pilliga Scrub regions","vegClass":"North-west Slopes Dry Sclerophyll Woodlands","vegForm":"Dry Sclerophyll Forests (Shrub/grass sub-formation)"},"geometry":{"type":"Polygon","coordinates":[[[149.01365,-31.32115],[149.01394,-31.32002],[149.01411,-31.32042],[149.01437,-31.32028],[149.01446,-31.31979],[149.01393,-31.31934],[149.01449,-31.3187],[149.01453,-31.31816],[149.01393,-31.31704],[149.01362,-31.31732],[149.01277,-31.3172],[149.01257,-31.31761],[149.01379,-31.31804],[149.01417,-31.31853],[149.01351,-31.31935],[149.01273,-31.31972],[149.01198,-31.3191],[149.01178,-31.31753],[149.01063,-31.31782],[149.01063,-31.3175],[149.01125,-31.31713],[149.01071,-31.31637],[149.01085,-31.31596],[149.01169,-31.31586],[149.01189,-31.3155],[149.01284,-31.31544],[149.01301,-31.31588],[149.0127,-31.31625],[149.01319,-31.31678],[149.01435,-31.31703],[149.01501,-31.31626],[149.0159,-31.31611],[149.0156,-31.31656],[149.01577,-31.31715],[149.01525,-31.31743],[149.01527,-31.31815],[149.01575,-31.31864],[149.0155,-31.31927],[149.01582,-31.31954],[149.01574,-31.3204],[149.01616,-31.32066],[149.01632,-31.32137],[149.01375,-31.32137],[149.01365,-31.32115]]]}},{"type":"Feature","properties":{"OBJECTID":8712615,"PCTID":420,"PCTName":"Red Stringybark - Rough-barked Apple +/- Nortons Box open forest on hillslopes in the Warrumbungle NP - Coolah regions","vegClass":"Western Slopes Dry Sclerophyll Forests","vegForm":"Dry Sclerophyll Forests (Shrubby sub-formation)"},"geometry":{"type":"Polygon","coordinates":[[[148.98648,-31.32115],[148.98735,-31.32137],[148.98616,-31.32137],[148.98648,-31.32115]]]}},{"type":"Feature","properties":{"OBJECTID":8712638,"PCTID":393,"PCTName":"White Box shrubby woodland of the western Liverpool Range, Warrumbungle Range and south-west Pilliga forests, Brigalow Belt South Bioregion","vegClass":"North-west Slopes Dry Sclerophyll Woodlands","vegForm":"Dry Sclerophyll Forests (Shrub/grass sub-formation)"},"geometry":{"type":"Polygon","coordinates":[[[149.00104,-31.32132],[149.00061,-31.32078],[149.00124,-31.32073],[149.00183,-31.32135],[149.00182,-31.32137],[149.00101,-31.32137],[149.00104,-31.32132]]]}},{"type":"Feature","properties":{"OBJECTID":8712769,"PCTID":393,"PCTName":"White Box shrubby woodland of the western Liverpool Range, Warrumbungle Range and south-west Pilliga forests, Brigalow Belt South Bioregion","vegClass":"North-west Slopes Dry Sclerophyll Woodlands","vegForm":"Dry Sclerophyll Forests (Shrub/grass sub-formation)"},"geometry":{"type":"MultiPolygon","coordinates":[[[[148.97789,-31.28469],[148.9776,-31.28556],[148.97823,-31.28577],[148.97872,-31.28658],[148.97904,-31.28639],[148.97915,-31.28693],[148.97957,-31.28688],[148.97951,-31.28638],[148.97982,-31.28633],[148.98121,-31.28726],[148.98179,-31.28725],[148.98159,-31.2877],[148.98096,-31.2878],[148.98102,-31.28839],[148.98013,-31.28854],[148.97983,-31.28918],[148.98001,-31.28994],[148.97971,-31.29062],[148.98024,-31.29115],[148.98045,-31.29101],[148.98013,-31.2907],[148.98055,-31.29061],[148.98224,-31.29094],[148.98239,-31.29071],[148.98433,-31.29068],[148.98502,-31.29094],[148.98575,-31.29066],[148.98561,-31.29134],[148.9865,-31.29119],[148.98704,-31.2919],[148.98437,-31.29258],[148.98407,-31.2929],[148.98354,-31.29277],[148.98333,-31.293],[148.98375,-31.29295],[148.98371,-31.2934],[148.98408,-31.29357],[148.98297,-31.29346],[148.98214,-31.29397],[148.98273,-31.29423],[148.98284,-31.29472],[148.98242,-31.29473],[148.98162,-31.29379],[148.98232,-31.29482],[148.98148,-31.2947],[148.9816,-31.29533],[148.98405,-31.29682],[148.98436,-31.29668],[148.98408,-31.29574],[148.98471,-31.29591],[148.9852,-31.29671],[148.98535,-31.29617],[148.98567,-31.29634],[148.98597,-31.29589],[148.98682,-31.29633],[148.98803,-31.29631],[148.98686,-31.29551],[148.98706,-31.29524],[148.98673,-31.29479],[148.98848,-31.29513],[148.98886,-31.29571],[148.98928,-31.2957],[148.98794,-31.29689],[148.98661,-31.29651],[148.98625,-31.29679],[148.98674,-31.29727],[148.98618,-31.29823],[148.98551,-31.2986],[148.98603,-31.29877],[148.98578,-31.29919],[148.98688,-31.29921],[148.98744,-31.29835],[148.98786,-31.29829],[148.98726,-31.29961],[148.98816,-31.29973],[148.98795,-31.30001],[148.98814,-31.30127],[148.98778,-31.30163],[148.98794,-31.30195],[148.98748,-31.30218],[148.98795,-31.3024],[148.98818,-31.30298],[148.98555,-31.30316],[148.98729,-31.30069],[148.98675,-31.30025],[148.98617,-31.30026],[148.986,-31.29972],[148.98553,-31.29955],[148.98501,-31.29992],[148.98545,-31.30068],[148.98592,-31.3009],[148.98575,-31.30252],[148.98534,-31.30316],[148.98551,-31.30375],[148.98761,-31.30353],[148.98899,-31.30387],[148.98866,-31.30347],[148.98887,-31.30329],[148.99021,-31.30466],[148.99131,-31.30437],[148.99307,-31.30565],[148.99354,-31.30551],[148.99402,-31.30582],[148.99372,-31.30894],[148.99101,-31.30979],[148.99073,-31.30912],[148.99026,-31.30904],[148.99009,-31.30868],[148.98999,-31.30909],[148.98869,-31.3097],[148.98865,-31.31015],[148.98823,-31.31024],[148.98829,-31.31065],[148.98877,-31.31087],[148.98858,-31.31155],[148.98888,-31.31317],[148.98868,-31.31398],[148.98837,-31.31412],[148.98849,-31.31471],[148.98723,-31.31477],[148.98724,-31.31518],[148.98777,-31.31535],[148.98865,-31.31498],[148.98918,-31.31524],[148.98914,-31.31555],[148.99004,-31.31581],[148.99001,-31.31446],[148.99047,-31.314],[148.98984,-31.31378],[148.9906,-31.31287],[148.99015,-31.31134],[148.99073,-31.31151],[148.99124,-31.31078],[148.99229,-31.31067],[148.99195,-31.30978],[148.99331,-31.30944],[148.99341,-31.30908],[148.99394,-31.30925],[148.99368,-31.30948],[148.99392,-31.31083],[148.99272,-31.31103],[148.99273,-31.31171],[148.994,-31.31177],[148.99408,-31.31331],[148.99477,-31.31348],[148.99505,-31.3141],[148.99547,-31.31423],[148.99507,-31.31501],[148.9946,-31.31524],[148.99462,-31.31614],[148.9939,-31.31683],[148.99366,-31.31819],[148.99221,-31.3188],[148.99184,-31.31862],[148.99203,-31.31812],[148.99052,-31.31846],[148.98982,-31.31771],[148.9895,-31.31762],[148.9894,-31.3179],[148.98908,-31.31763],[148.98921,-31.31853],[148.99,-31.31888],[148.98937,-31.31907],[148.98964,-31.3192],[148.98939,-31.31988],[148.98982,-31.32006],[148.98972,-31.32055],[148.99036,-31.32063],[148.99021,-31.321],[148.99047,-31.32122],[148.99157,-31.32088],[148.992,-31.32133],[148.99298,-31.32041],[148.99414,-31.32048],[148.99418,-31.32007],[148.99376,-31.31995],[148.99396,-31.31976],[148.99481,-31.3202],[148.99507,-31.31992],[148.99618,-31.32004],[148.99606,-31.31937],[148.99746,-31.31862],[148.99712,-31.31971],[148.99644,-31.32013],[148.99657,-31.32098],[148.99615,-31.32131],[148.99615,-31.32137],[148.99161,-31.32137],[148.99163,-31.32133],[148.99144,-31.32137],[148.98783,-31.32137],[148.98795,-31.32126],[148.98858,-31.32134],[148.98862,-31.32075],[148.98652,-31.32061],[148.98648,-31.32133],[148.98641,-31.32137],[148.98253,-31.32137],[148.98264,-31.32126],[148.98322,-31.32125],[148.9832,-31.32052],[148.98361,-31.32002],[148.98471,-31.31982],[148.98585,-31.31881],[148.98721,-31.31861],[148.98678,-31.31835],[148.98693,-31.31798],[148.9886,-31.31728],[148.98759,-31.31693],[148.98784,-31.31643],[148.98736,-31.31608],[148.98689,-31.31591],[148.98695,-31.31627],[148.98636,-31.31601],[148.98574,-31.31629],[148.98601,-31.31669],[148.98549,-31.31697],[148.98571,-31.31728],[148.98509,-31.31788],[148.98536,-31.3181],[148.98521,-31.3186],[148.98416,-31.31852],[148.98391,-31.3192],[148.98339,-31.31957],[148.98301,-31.31881],[148.98212,-31.31887],[148.98206,-31.31851],[148.98128,-31.31902],[148.98092,-31.31943],[148.98094,-31.32038],[148.98147,-31.32051],[148.9809,-31.32101],[148.98098,-31.32137],[148.98054,-31.32137],[148.98023,-31.32125],[148.98006,-31.32137],[148.97993,-31.32137],[148.97996,-31.32116],[148.97938,-31.32104],[148.97824,-31.31921],[148.97865,-31.31893],[148.97882,-31.31933],[148.97939,-31.31928],[148.97945,-31.31964],[148.97987,-31.31968],[148.97963,-31.31801],[148.97894,-31.31766],[148.97852,-31.31785],[148.97835,-31.31744],[148.97777,-31.31723],[148.97774,-31.31699],[148.9773,-31.31715],[148.9773,-31.31746],[148.97698,-31.31697],[148.97624,-31.31689],[148.97399,-31.3172],[148.9744,-31.31697],[148.97398,-31.3167],[148.97407,-31.31643],[148.97481,-31.31651],[148.97436,-31.31512],[148.97483,-31.31516],[148.97483,-31.31475],[148.97424,-31.3144],[148.9746,-31.31412],[148.97448,-31.31331],[148.9734,-31.31432],[148.97354,-31.31373],[148.97422,-31.31327],[148.97336,-31.31279],[148.97205,-31.31276],[148.97222,-31.3133],[148.9716,-31.31351],[148.9716,-31.30679],[148.97165,-31.30677],[148.97204,-31.30767],[148.97295,-31.30837],[148.97281,-31.30892],[148.97324,-31.30977],[148.97299,-31.31004],[148.97256,-31.30969],[148.97264,-31.31086],[148.97376,-31.31152],[148.97382,-31.31197],[148.9745,-31.31182],[148.97472,-31.31241],[148.97578,-31.3127],[148.97603,-31.3122],[148.9763,-31.31247],[148.97688,-31.31237],[148.97773,-31.31312],[148.9782,-31.31298],[148.9783,-31.31262],[148.97761,-31.31236],[148.97792,-31.31208],[148.97765,-31.31173],[148.97864,-31.31121],[148.97867,-31.31013],[148.97935,-31.31025],[148.98008,-31.30975],[148.98138,-31.3095],[148.98049,-31.30942],[148.98011,-31.30875],[148.98153,-31.30887],[148.98188,-31.30823],[148.98326,-31.30866],[148.98466,-31.30791],[148.9846,-31.3076],[148.98334,-31.30744],[148.98243,-31.30682],[148.98237,-31.30637],[148.98184,-31.30624],[148.98157,-31.3058],[148.98225,-31.30597],[148.9817,-31.30476],[148.98172,-31.30331],[148.98251,-31.3033],[148.98365,-31.30269],[148.98401,-31.30228],[148.98373,-31.30143],[148.98331,-31.30171],[148.98323,-31.30243],[148.98259,-31.30231],[148.98301,-31.30207],[148.98284,-31.30176],[148.98335,-31.30107],[148.98245,-31.30073],[148.98196,-31.29997],[148.98133,-31.30002],[148.98103,-31.30071],[148.9804,-31.30049],[148.97998,-31.30072],[148.97971,-31.30037],[148.98002,-31.30009],[148.97986,-31.29991],[148.97946,-31.30096],[148.97894,-31.30115],[148.97723,-31.30005],[148.97608,-31.30011],[148.9757,-31.29935],[148.97495,-31.29909],[148.97542,-31.29859],[148.97535,-31.29796],[148.97582,-31.29768],[148.97575,-31.29696],[148.97522,-31.29683],[148.97505,-31.29625],[148.97425,-31.29581],[148.97445,-31.29535],[148.97396,-31.29468],[148.97237,-31.29381],[148.97204,-31.29323],[148.97197,-31.29242],[148.97324,-31.29303],[148.97326,-31.29357],[148.97438,-31.29427],[148.97525,-31.29602],[148.97561,-31.29552],[148.97543,-31.29462],[148.9758,-31.29434],[148.97618,-31.29501],[148.97712,-31.29463],[148.97749,-31.29499],[148.97821,-31.29444],[148.98034,-31.29548],[148.97952,-31.29428],[148.97921,-31.29424],[148.97925,-31.29392],[148.97852,-31.29389],[148.97798,-31.29349],[148.97836,-31.29155],[148.97899,-31.29158],[148.97887,-31.29307],[148.9793,-31.29365],[148.97987,-31.29324],[148.9798,-31.29265],[148.98038,-31.2926],[148.98042,-31.2921],[148.98068,-31.29209],[148.97971,-31.29089],[148.9792,-31.29144],[148.97882,-31.29082],[148.97937,-31.28977],[148.97905,-31.28955],[148.97898,-31.28887],[148.9781,-31.2892],[148.97875,-31.29],[148.97805,-31.29155],[148.97705,-31.29148],[148.97714,-31.29111],[148.97682,-31.29085],[148.97712,-31.28999],[148.97665,-31.29035],[148.97633,-31.29018],[148.97627,-31.28982],[148.97689,-31.2894],[148.97673,-31.28905],[148.97709,-31.28886],[148.97723,-31.28813],[148.97833,-31.28785],[148.97916,-31.28707],[148.97812,-31.28789],[148.97723,-31.28809],[148.97647,-31.28702],[148.97652,-31.28675],[148.97695,-31.28697],[148.97704,-31.2866],[148.9755,-31.28568],[148.97739,-31.28561],[148.97749,-31.2852],[148.97691,-31.28534],[148.97653,-31.28485],[148.97657,-31.28413],[148.97741,-31.28407],[148.97789,-31.28469]],[[148.97758,-31.31571],[148.97748,-31.31588],[148.97768,-31.31652],[148.97758,-31.31571]],[[148.97839,-31.31451],[148.97853,-31.31352],[148.98009,-31.31254],[148.98204,-31.31066],[148.98013,-31.31241],[148.97848,-31.31343],[148.97829,-31.31456],[148.97769,-31.31554],[148.97839,-31.31451]],[[148.99185,-31.30725],[148.99164,-31.30757],[148.99201,-31.30775],[148.99145,-31.30821],[148.99256,-31.3085],[148.99332,-31.30754],[148.99331,-31.30714],[148.99185,-31.30725]],[[148.99153,-31.31425],[148.99216,-31.31429],[148.9923,-31.31374],[148.99172,-31.31339],[148.99153,-31.31425]],[[148.98505,-31.30876],[148.98655,-31.30788],[148.99011,-31.30471],[148.98505,-31.30876]],[[148.98522,-31.31205],[148.98555,-31.31232],[148.98451,-31.3131],[148.98458,-31.314],[148.98395,-31.31365],[148.98397,-31.31451],[148.9834,-31.31497],[148.98286,-31.31462],[148.9829,-31.31372],[148.98227,-31.31395],[148.98293,-31.31529],[148.98241,-31.31548],[148.98214,-31.31513],[148.9812,-31.31537],[148.98158,-31.31581],[148.98066,-31.31709],[148.98109,-31.31736],[148.98202,-31.31693],[148.98272,-31.3176],[148.9834,-31.31754],[148.98381,-31.31704],[148.9838,-31.31641],[148.98505,-31.31589],[148.98488,-31.31535],[148.98562,-31.31548],[148.98555,-31.31476],[148.98603,-31.31515],[148.98691,-31.31469],[148.98668,-31.31383],[148.98731,-31.31364],[148.98737,-31.31396],[148.98761,-31.31296],[148.98691,-31.31239],[148.98629,-31.31271],[148.98575,-31.31191],[148.98522,-31.31205]],[[148.98318,-31.30974],[148.98406,-31.3095],[148.98489,-31.30886],[148.98318,-31.30974]],[[148.98052,-31.29638],[148.98083,-31.29647],[148.98061,-31.29814],[148.9812,-31.29876],[148.98235,-31.29834],[148.98356,-31.29845],[148.98373,-31.29895],[148.98264,-31.29969],[148.98308,-31.3004],[148.9837,-31.30035],[148.98396,-31.30012],[148.98389,-31.29944],[148.98452,-31.29907],[148.98465,-31.29808],[148.98424,-31.29826],[148.9836,-31.29787],[148.9838,-31.29759],[148.98289,-31.2968],[148.982,-31.29677],[148.9823,-31.29626],[148.98162,-31.29632],[148.98098,-31.29592],[148.98052,-31.29638]],[[148.98219,-31.31007],[148.98302,-31.30974],[148.98213,-31.30998],[148.98214,-31.31052],[148.98219,-31.31007]],[[148.98204,-31.31057],[148.98204,-31.31062],[148.98209,-31.31062],[148.98204,-31.31057]],[[148.97621,-31.29641],[148.97676,-31.29739],[148.97644,-31.29744],[148.97594,-31.29853],[148.97678,-31.29861],[148.97738,-31.29928],[148.97827,-31.29926],[148.97737,-31.2991],[148.97752,-31.29887],[148.97889,-31.29885],[148.9793,-31.29857],[148.97893,-31.29812],[148.9789,-31.29691],[148.97662,-31.29581],[148.97621,-31.29641]]],[[[148.99687,-31.32062],[148.99738,-31.31998],[148.99796,-31.31983],[148.99805,-31.31942],[149.00023,-31.32043],[148.99998,-31.32075],[148.99892,-31.32067],[148.99865,-31.32032],[148.99834,-31.3205],[148.99851,-31.32118],[148.99846,-31.32137],[148.99667,-31.32137],[148.99687,-31.32062]]],[[[148.97169,-31.29896],[148.97229,-31.29963],[148.973,-31.29863],[148.97358,-31.29875],[148.97405,-31.29847],[148.97426,-31.29865],[148.97375,-31.29916],[148.97397,-31.29969],[148.97323,-31.29961],[148.97329,-31.29993],[148.97293,-31.30007],[148.9733,-31.30029],[148.97289,-31.30061],[148.97325,-31.30056],[148.97395,-31.30132],[148.97419,-31.30244],[148.97451,-31.30266],[148.97347,-31.30309],[148.97265,-31.30432],[148.97276,-31.30468],[148.97219,-31.30482],[148.97215,-31.30527],[148.9716,-31.30516],[148.9716,-31.30363],[148.97196,-31.3037],[148.97231,-31.30319],[148.97198,-31.30243],[148.97234,-31.30193],[148.97297,-31.30192],[148.97279,-31.30098],[148.97205,-31.3009],[148.97209,-31.30036],[148.97161,-31.30005],[148.9716,-31.30006],[148.9716,-31.29923],[148.97169,-31.29896]]]]}},{"type":"Feature","properties":{"OBJECTID":8712782,"PCTID":394,"PCTName":"Narrow-leaved Ironbark - White Cypress pine woodland on slopes and flats in the Coonabarabran - Pilliga Scrub regions","vegClass":"North-west Slopes Dry Sclerophyll Woodlands","vegForm":"Dry Sclerophyll Forests (Shrub/grass sub-formation)"},"geometry":{"type":"Polygon","coordinates":[[[149.0188,-31.3212],[149.018,-31.32072],[149.01789,-31.32013],[149.0174,-31.31974],[149.01749,-31.31883],[149.01823,-31.31896],[149.01768,-31.31784],[149.01777,-31.31716],[149.01813,-31.31693],[149.01856,-31.31746],[149.01919,-31.31718],[149.01895,-31.31619],[149.01853,-31.31606],[149.01864,-31.31642],[149.01833,-31.31656],[149.01816,-31.3158],[149.019,-31.31583],[149.01909,-31.31538],[149.01957,-31.31573],[149.0193,-31.31519],[149.02039,-31.31486],[149.02028,-31.31423],[149.01922,-31.31384],[149.01925,-31.31289],[149.01957,-31.31302],[149.01966,-31.31257],[149.01907,-31.31213],[149.01868,-31.31119],[149.01794,-31.31093],[149.01798,-31.31025],[149.0185,-31.31015],[149.01883,-31.3106],[149.01945,-31.31032],[149.01934,-31.30996],[149.01992,-31.3099],[149.02045,-31.31053],[149.02103,-31.31025],[149.02231,-31.31117],[149.02237,-31.31158],[149.02206,-31.31176],[149.02228,-31.31208],[149.02167,-31.31303],[149.02211,-31.31415],[149.02301,-31.31427],[149.0236,-31.31485],[149.02386,-31.31485],[149.02396,-31.31439],[149.02443,-31.31439],[149.02434,-31.3152],[149.02351,-31.31562],[149.02398,-31.31755],[149.02351,-31.31792],[149.02347,-31.31842],[149.02355,-31.31941],[149.02403,-31.32012],[149.02373,-31.32058],[149.02457,-31.32061],[149.02458,-31.32115],[149.02508,-31.32137],[149.01885,-31.32137],[149.0188,-31.3212]],[[149.0202,-31.32014],[149.02042,-31.3205],[149.01958,-31.32078],[149.02116,-31.32094],[149.02178,-31.32048],[149.02046,-31.32],[149.0202,-31.32014]]]}},{"type":"Feature","properties":{"OBJECTID":8712905,"PCTID":417,"PCTName":"Black Cypress Pine - Narrow-leaved Ironbark - red gum +/- White Bloodwood shrubby open forest on hills of the southern Pilliga, Coonabarabran and Garawilla regions, Brigalow Belt South Bioregion","vegClass":"Western Slopes Dry Sclerophyll Forests","vegForm":"Dry Sclerophyll Forests (Shrubby sub-formation)"},"geometry":{"type":"Polygon","coordinates":[[[148.97186,-31.31832],[148.97213,-31.31863],[148.97333,-31.31838],[148.9733,-31.31951],[148.97233,-31.31936],[148.97257,-31.31952],[148.97573,-31.31979],[148.97679,-31.32049],[148.97723,-31.32121],[148.97676,-31.32131],[148.97675,-31.3209],[148.97575,-31.32092],[148.97527,-31.32061],[148.97581,-31.32137],[148.9716,-31.32137],[148.9716,-31.31831],[148.97186,-31.31832]]]}},{"type":"Feature","properties":{"OBJECTID":8714954,"PCTID":393,"PCTName":"White Box shrubby woodland of the western Liverpool Range, Warrumbungle Range and south-west Pilliga forests, Brigalow Belt South Bioregion","vegClass":"North-west Slopes Dry Sclerophyll Woodlands","vegForm":"Dry Sclerophyll Forests (Shrub/grass sub-formation)"},"geometry":{"type":"Polygon","coordinates":[[[148.99712,-31.31524],[148.99818,-31.31545],[148.99938,-31.31521],[149.00039,-31.31555],[149.0009,-31.31482],[148.99973,-31.31457],[148.99972,-31.3138],[148.99963,-31.31466],[148.99705,-31.31448],[148.9964,-31.31345],[148.99686,-31.31308],[148.9968,-31.31272],[148.99606,-31.31242],[148.99545,-31.31116],[148.99571,-31.31102],[148.99641,-31.31164],[148.99697,-31.311],[148.9972,-31.31159],[148.99678,-31.31155],[148.99647,-31.31196],[148.99705,-31.312],[148.99727,-31.31262],[148.99817,-31.31301],[148.9989,-31.31264],[148.99878,-31.31179],[148.99957,-31.31186],[148.99988,-31.31159],[149.00011,-31.31258],[148.99977,-31.31376],[149.00021,-31.31239],[148.99963,-31.30997],[148.99893,-31.30921],[148.99958,-31.31001],[148.99976,-31.31109],[148.99944,-31.31101],[148.99932,-31.31038],[148.99837,-31.31012],[148.99895,-31.30989],[148.99804,-31.30914],[148.99745,-31.30901],[148.99751,-31.30928],[148.99683,-31.30929],[148.99663,-31.30961],[148.99625,-31.30939],[148.99625,-31.30899],[148.99546,-31.30909],[148.99524,-31.30878],[148.99734,-31.3087],[148.99888,-31.30921],[148.99708,-31.30857],[148.99717,-31.3082],[148.99759,-31.3082],[148.99812,-31.30832],[148.99856,-31.30895],[149.00019,-31.30892],[149.00002,-31.30861],[148.9995,-31.30866],[148.99933,-31.30821],[148.99785,-31.30783],[148.99655,-31.30835],[148.99465,-31.30815],[148.99436,-31.30712],[148.99479,-31.30739],[148.99542,-31.3071],[148.99483,-31.3068],[148.99461,-31.30617],[148.99418,-31.30609],[148.99427,-31.30536],[148.99452,-31.30468],[148.99531,-31.30467],[148.99617,-31.30344],[148.99738,-31.3031],[148.9972,-31.30229],[148.9978,-31.30106],[148.99779,-31.3003],[148.99821,-31.30065],[148.99937,-31.30063],[148.99985,-31.30108],[148.99986,-31.30153],[148.99945,-31.30171],[148.99942,-31.30271],[148.99868,-31.30267],[148.99828,-31.30372],[148.99859,-31.30322],[148.99963,-31.30306],[149.00118,-31.30412],[149.00117,-31.30367],[149.00004,-31.30261],[149.00118,-31.30187],[149.00115,-31.30015],[149.00278,-31.30044],[149.0031,-31.30075],[149.0034,-31.30007],[149.00297,-31.29949],[149.00433,-31.29911],[149.00528,-31.29932],[149.00736,-31.29856],[149.00741,-31.29815],[149.00687,-31.29785],[149.00598,-31.298],[149.0059,-31.29876],[149.00548,-31.29882],[149.00478,-31.29829],[149.00488,-31.29792],[149.0052,-31.29792],[149.00482,-31.29738],[149.00418,-31.29739],[149.00357,-31.29817],[149.00257,-31.29823],[149.00232,-31.29643],[149.00195,-31.29635],[149.00154,-31.29672],[149.00127,-31.29649],[149.00163,-31.29604],[149.00157,-31.29554],[149.00104,-31.29551],[149.00109,-31.2951],[149.00051,-31.29506],[149.00034,-31.29448],[148.99918,-31.2945],[148.99923,-31.29427],[148.9996,-31.2944],[148.99959,-31.29395],[148.99862,-31.29284],[149.00021,-31.29358],[149.00115,-31.29311],[149.00106,-31.29375],[149.00133,-31.2941],[149.00206,-31.29391],[149.00272,-31.29304],[149.00356,-31.29303],[149.00371,-31.29275],[149.00307,-31.29209],[149.00342,-31.29132],[149.00299,-31.29078],[149.0033,-31.29055],[149.00558,-31.29182],[149.00533,-31.29237],[149.00465,-31.29251],[149.00412,-31.29225],[149.00397,-31.29266],[149.00435,-31.29297],[149.00383,-31.29334],[149.00385,-31.29411],[149.00306,-31.29412],[149.0033,-31.29556],[149.00351,-31.29524],[149.00456,-31.29536],[149.00467,-31.29581],[149.00432,-31.29626],[149.00342,-31.29619],[149.00371,-31.29713],[149.00403,-31.29731],[149.0046,-31.29694],[149.00528,-31.29702],[149.0055,-31.29751],[149.00623,-31.29713],[149.00697,-31.29744],[149.00712,-31.29717],[149.00685,-31.29694],[149.00738,-31.2968],[149.00796,-31.2972],[149.00755,-31.2977],[149.00767,-31.2981],[149.00836,-31.29841],[149.00883,-31.29836],[149.00913,-31.29772],[149.01029,-31.29774],[149.01027,-31.29702],[149.0109,-31.29688],[149.01119,-31.29791],[149.01216,-31.29938],[149.01174,-31.29935],[149.01123,-31.29985],[149.01086,-31.29972],[149.01071,-31.30008],[149.01013,-31.30014],[149.00924,-31.30015],[149.00902,-31.29989],[149.00815,-31.30098],[149.00849,-31.30175],[149.00923,-31.30227],[149.01012,-31.30217],[149.01014,-31.30289],[149.00978,-31.30339],[149.00926,-31.30345],[149.00883,-31.30309],[149.00903,-31.30246],[149.0086,-31.30206],[149.00766,-31.30244],[149.00715,-31.3033],[149.00612,-31.30381],[149.00644,-31.30413],[149.00635,-31.30503],[149.00672,-31.3052],[149.00685,-31.30592],[149.00739,-31.30659],[149.00703,-31.30696],[149.0073,-31.3074],[149.00604,-31.30743],[149.00564,-31.30852],[149.00494,-31.30753],[149.00436,-31.3075],[149.00354,-31.3085],[149.00423,-31.3089],[149.00481,-31.30871],[149.00555,-31.30901],[149.00912,-31.309],[149.01019,-31.30979],[149.00977,-31.30985],[149.00897,-31.30923],[149.00808,-31.30951],[149.00809,-31.30996],[149.00858,-31.31045],[149.00826,-31.3105],[149.00807,-31.31141],[149.00829,-31.31158],[149.00793,-31.31195],[149.00846,-31.31244],[149.00892,-31.31162],[149.00923,-31.31157],[149.00999,-31.31255],[149.00842,-31.31276],[149.0074,-31.31214],[149.0063,-31.31198],[149.00641,-31.31252],[149.00705,-31.31264],[149.0069,-31.31301],[149.00846,-31.31447],[149.00961,-31.31418],[149.0095,-31.31436],[149.01125,-31.31474],[149.01047,-31.31516],[149.00947,-31.31513],[149.00942,-31.31545],[149.01032,-31.31548],[149.00938,-31.31594],[149.00891,-31.31582],[149.00855,-31.31632],[149.00908,-31.31658],[149.00997,-31.3162],[149.01028,-31.31633],[149.01019,-31.31665],[149.01049,-31.31629],[149.01103,-31.31655],[149.01125,-31.31713],[149.01063,-31.3175],[149.01063,-31.31782],[149.01178,-31.31753],[149.01175,-31.31857],[149.01225,-31.31973],[149.01315,-31.32008],[149.0137,-31.32079],[149.01379,-31.32137],[149.00794,-31.32137],[149.00818,-31.32097],[149.00775,-31.32039],[149.00772,-31.31931],[149.00667,-31.31933],[149.00689,-31.31946],[149.00653,-31.31983],[149.00677,-31.32127],[149.00572,-31.32128],[149.00579,-31.32137],[149.00253,-31.32137],[149.00267,-31.3212],[149.00271,-31.32057],[149.00202,-31.32053],[149.00179,-31.31936],[149.00115,-31.31924],[149.00112,-31.31996],[148.99921,-31.31945],[148.99883,-31.31905],[148.99899,-31.31878],[148.99849,-31.31788],[148.99928,-31.31773],[148.99953,-31.31701],[148.99878,-31.31643],[148.9981,-31.31658],[148.99772,-31.316],[148.99797,-31.31568],[148.99823,-31.31573],[148.99712,-31.31524]],[[149.01025,-31.29856],[149.01028,-31.29959],[149.01111,-31.29918],[149.01099,-31.29877],[149.0113,-31.2984],[149.01103,-31.29791],[149.01025,-31.29856]],[[149.0079,-31.31538],[149.00926,-31.31536],[149.00773,-31.31493],[149.0079,-31.31538]],[[149.00646,-31.31667],[149.0073,-31.31702],[149.0071,-31.31738],[149.00899,-31.31726],[149.00909,-31.31699],[149.00812,-31.31605],[149.00692,-31.31612],[149.00659,-31.31585],[149.00646,-31.31667]],[[149.00595,-31.30116],[149.00613,-31.30205],[149.00492,-31.30226],[149.00466,-31.30203],[149.00504,-31.30279],[149.00631,-31.30304],[149.00634,-31.30205],[149.00691,-31.30182],[149.00726,-31.301],[149.00692,-31.30001],[149.00595,-31.30116]],[[149.00515,-31.30514],[149.00559,-31.30612],[149.00659,-31.30615],[149.00658,-31.3057],[149.00577,-31.30463],[149.00515,-31.30514]],[[149.00272,-31.30956],[149.00358,-31.31031],[149.00426,-31.30998],[149.00414,-31.30971],[149.0033,-31.30973],[149.00309,-31.30932],[149.00272,-31.30956]],[[149.00173,-31.30492],[149.00115,-31.30489],[149.00138,-31.3057],[149.0018,-31.30592],[149.00232,-31.30546],[149.00142,-31.30534],[149.00173,-31.30492]],[[149.0002,-31.31664],[149.00079,-31.31699],[149.00073,-31.31694],[149.0002,-31.31664]],[[148.9994,-31.30686],[148.9995,-31.30632],[148.99929,-31.30659],[148.99887,-31.30642],[148.99904,-31.30704],[148.99846,-31.30714],[148.99962,-31.30731],[149.00034,-31.30657],[149.00028,-31.30626],[148.9994,-31.30686]],[[148.99982,-31.31606],[148.99999,-31.31646],[149.00015,-31.31655],[148.99982,-31.31606]]]}},{"type":"Feature","properties":{"OBJECTID":8746716,"PCTID":0,"PCTName":"Not classified","vegClass":"Not classified","vegForm":"Not classified"},"geometry":{"type":"Polygon","coordinates":[[[148.98556,-31.23936],[148.98501,-31.23863],[148.98508,-31.23863],[148.98556,-31.23936]]]}},{"type":"Feature","properties":{"OBJECTID":8746717,"PCTID":0,"PCTName":"Not classified","vegClass":"Not classified","vegForm":"Not classified"},"geometry":{"type":"Polygon","coordinates":[[[148.98556,-31.2394],[148.98556,-31.23936],[148.98561,-31.2394],[148.98556,-31.2394]]]}},{"type":"Feature","properties":{"OBJECTID":8746718,"PCTID":0,"PCTName":"Not classified","vegClass":"Not classified","vegForm":"Not classified"},"geometry":{"type":"Polygon","coordinates":[[[148.98561,-31.23945],[148.98561,-31.2394],[148.98567,-31.23945],[148.98561,-31.23945]]]}},{"type":"Feature","properties":{"OBJECTID":8746719,"PCTID":0,"PCTName":"Not classified","vegClass":"Not classified","vegForm":"Not classified"},"geometry":{"type":"Polygon","coordinates":[[[148.98567,-31.23949],[148.98567,-31.23945],[148.98572,-31.23949],[148.98567,-31.23949]]]}},{"type":"Feature","properties":{"OBJECTID":8746720,"PCTID":381,"PCTName":"Rough-barked Apple - Yellow Box grass/shrub footslope open forest, Brigalow Belt South Bioregion","vegClass":"North-west Slopes Dry Sclerophyll Woodlands","vegForm":"Dry Sclerophyll Forests (Shrub/grass sub-formation)"},"geometry":{"type":"Polygon","coordinates":[[[148.98555,-31.23873],[148.98577,-31.23949],[148.98508,-31.23863],[148.98544,-31.23863],[148.98555,-31.23873]]]}},{"type":"Feature","properties":{"OBJECTID":8746721,"PCTID":381,"PCTName":"Rough-barked Apple - Yellow Box grass/shrub footslope open forest, Brigalow Belt South Bioregion","vegClass":"North-west Slopes Dry Sclerophyll Woodlands","vegForm":"Dry Sclerophyll Forests (Shrub/grass sub-formation)"},"geometry":{"type":"MultiPolygon","coordinates":[[[[148.98224,-31.23874],[148.98272,-31.23932],[148.98247,-31.23959],[148.9823,-31.23896],[148.98192,-31.23883],[148.98183,-31.2391],[148.98119,-31.2388],[148.9811,-31.23863],[148.98228,-31.23863],[148.98224,-31.23874]]],[[[148.98529,-31.23923],[148.98372,-31.23934],[148.98245,-31.23882],[148.98243,-31.23863],[148.98487,-31.23863],[148.98529,-31.23923]]]]}},{"type":"Feature","properties":{"OBJECTID":8746723,"PCTID":0,"PCTName":"Not classified","vegClass":"Not classified","vegForm":"Not classified"},"geometry":{"type":"Polygon","coordinates":[[[148.97523,-31.23998],[148.97526,-31.23912],[148.97562,-31.23875],[148.97547,-31.23903],[148.97523,-31.23998]]]}},{"type":"Feature","properties":{"OBJECTID":8746724,"PCTID":0,"PCTName":"Not classified","vegClass":"Not classified","vegForm":"Not classified"},"geometry":{"type":"Polygon","coordinates":[[[148.98572,-31.23954],[148.98571,-31.23909],[148.98625,-31.23989],[148.98572,-31.23954]]]}},{"type":"Feature","properties":{"OBJECTID":8746725,"PCTID":0,"PCTName":"Not classified","vegClass":"Not classified","vegForm":"Not classified"},"geometry":{"type":"Polygon","coordinates":[[[148.97518,-31.24034],[148.97518,-31.24002],[148.97524,-31.24034],[148.97518,-31.24034]]]}},{"type":"Feature","properties":{"OBJECTID":8746728,"PCTID":386,"PCTName":"Tumbledown Red Gum trachyte rock flat sedgeland - shrubland of the Warrumbungle Range region","vegClass":"North-west Slopes Dry Sclerophyll Woodlands","vegForm":"Dry Sclerophyll Forests (Shrub/grass sub-formation)"},"geometry":{"type":"Polygon","coordinates":[[[148.98283,-31.2394],[148.98327,-31.24034],[148.98247,-31.23959],[148.98283,-31.2394]]]}},{"type":"Feature","properties":{"OBJECTID":8746729,"PCTID":420,"PCTName":"Red Stringybark - Rough-barked Apple +/- Nortons Box open forest on hillslopes in the Warrumbungle NP - Coolah regions","vegClass":"Western Slopes Dry Sclerophyll Forests","vegForm":"Dry Sclerophyll Forests (Shrubby sub-formation)"},"geometry":{"type":"Polygon","coordinates":[[[149.01974,-31.23893],[149.01991,-31.23965],[149.01912,-31.23975],[149.01891,-31.23935],[149.01838,-31.23945],[149.01826,-31.23873],[149.01832,-31.23863],[149.02063,-31.23863],[149.01974,-31.23893]]]}},{"type":"Feature","properties":{"OBJECTID":8746730,"PCTID":0,"PCTName":"Not classified","vegClass":"Not classified","vegForm":"Not classified"},"geometry":{"type":"Polygon","coordinates":[[[148.97518,-31.24034],[148.97519,-31.24061],[148.97514,-31.24061],[148.97518,-31.24034]]]}},{"type":"Feature","properties":{"OBJECTID":8746732,"PCTID":393,"PCTName":"White Box shrubby woodland of the western Liverpool Range, Warrumbungle Range and south-west Pilliga forests, Brigalow Belt South Bioregion","vegClass":"North-west Slopes Dry Sclerophyll Woodlands","vegForm":"Dry Sclerophyll Forests (Shrub/grass sub-formation)"},"geometry":{"type":"Polygon","coordinates":[[[148.97714,-31.23873],[148.97672,-31.23869],[148.97732,-31.23949],[148.97728,-31.23999],[148.97802,-31.24029],[148.97782,-31.24061],[148.97707,-31.24035],[148.97712,-31.24013],[148.97665,-31.24018],[148.9768,-31.23991],[148.97628,-31.23992],[148.97616,-31.2392],[148.97547,-31.23903],[148.97593,-31.23863],[148.97709,-31.23863],[148.97714,-31.23873]]]}},{"type":"Feature","properties":{"OBJECTID":8746733,"PCTID":417,"PCTName":"Black Cypress Pine - Narrow-leaved Ironbark - red gum +/- White Bloodwood shrubby open forest on hills of the southern Pilliga, Coonabarabran and Garawilla regions, Brigalow Belt South Bioregion","vegClass":"Western Slopes Dry Sclerophyll Forests","vegForm":"Dry Sclerophyll Forests (Shrubby sub-formation)"},"geometry":{"type":"Polygon","coordinates":[[[148.98025,-31.2389],[148.98125,-31.2392],[148.98126,-31.23961],[148.98057,-31.23944],[148.98064,-31.24003],[148.98022,-31.24021],[148.9798,-31.23995],[148.97929,-31.24059],[148.97875,-31.24019],[148.97802,-31.24034],[148.97728,-31.23999],[148.97715,-31.23914],[148.97673,-31.23883],[148.97714,-31.23873],[148.97709,-31.23863],[148.98009,-31.23863],[148.98025,-31.2389]]]}},{"type":"Feature","properties":{"OBJECTID":8746734,"PCTID":0,"PCTName":"Not classified","vegClass":"Not classified","vegForm":"Not classified"},"geometry":{"type":"Polygon","coordinates":[[[148.98625,-31.23989],[148.98673,-31.2402],[148.9869,-31.24056],[148.98625,-31.23989]]]}},{"type":"Feature","properties":{"OBJECTID":8746735,"PCTID":0,"PCTName":"Not classified","vegClass":"Not classified","vegForm":"Not classified"},"geometry":{"type":"Polygon","coordinates":[[[148.9869,-31.2406],[148.9869,-31.24056],[148.98695,-31.2406],[148.9869,-31.2406]]]}},{"type":"Feature","properties":{"OBJECTID":8746736,"PCTID":385,"PCTName":"Warrumbungle trachyte hillcrest Tumbledown Red Gum - Black Cypress Pine - White Bloodwood shrubby woodland","vegClass":"North-west Slopes Dry Sclerophyll Woodlands","vegForm":"Dry Sclerophyll Forests (Shrub/grass sub-formation)"},"geometry":{"type":"Polygon","coordinates":[[[148.97352,-31.24086],[148.97329,-31.2401],[148.97361,-31.24041],[148.97397,-31.24],[148.97445,-31.24022],[148.97352,-31.24086]]]}},{"type":"Feature","properties":{"OBJECTID":8746737,"PCTID":0,"PCTName":"Not classified","vegClass":"Not classified","vegForm":"Not classified"},"geometry":{"type":"Polygon","coordinates":[[[148.98695,-31.24065],[148.98695,-31.2406],[148.98701,-31.24064],[148.98695,-31.24065]]]}},{"type":"Feature","properties":{"OBJECTID":8746740,"PCTID":393,"PCTName":"White Box shrubby woodland of the western Liverpool Range, Warrumbungle Range and south-west Pilliga forests, Brigalow Belt South Bioregion","vegClass":"North-west Slopes Dry Sclerophyll Woodlands","vegForm":"Dry Sclerophyll Forests (Shrub/grass sub-formation)"},"geometry":{"type":"Polygon","coordinates":[[[149.01882,-31.24026],[149.01901,-31.23953],[149.01965,-31.23979],[149.01882,-31.24026]]]}},{"type":"Feature","properties":{"OBJECTID":8746741,"PCTID":0,"PCTName":"Not classified","vegClass":"Not classified","vegForm":"Not classified"},"geometry":{"type":"Polygon","coordinates":[[[148.97174,-31.24116],[148.97163,-31.24117],[148.9716,-31.24111],[148.9716,-31.24109],[148.97174,-31.24116]]]}},{"type":"Feature","properties":{"OBJECTID":8746742,"PCTID":0,"PCTName":"Not classified","vegClass":"Not classified","vegForm":"Not classified"},"geometry":{"type":"Polygon","coordinates":[[[148.98706,-31.24078],[148.98701,-31.24064],[148.98738,-31.24091],[148.98706,-31.24078]]]}},{"type":"Feature","properties":{"OBJECTID":8746743,"PCTID":417,"PCTName":"Black Cypress Pine - Narrow-leaved Ironbark - red gum +/- White Bloodwood shrubby open forest on hills of the southern Pilliga, Coonabarabran and Garawilla regions, Brigalow Belt South Bioregion","vegClass":"Western Slopes Dry Sclerophyll Forests","vegForm":"Dry Sclerophyll Forests (Shrubby sub-formation)"},"geometry":{"type":"Polygon","coordinates":[[[148.97531,-31.23903],[148.97523,-31.23998],[148.97542,-31.23903],[148.97584,-31.23907],[148.97616,-31.2392],[148.97628,-31.23992],[148.9768,-31.23991],[148.97665,-31.24018],[148.97712,-31.24013],[148.97739,-31.24049],[148.9763,-31.24113],[148.97634,-31.24059],[148.97524,-31.24038],[148.97523,-31.24002],[148.97476,-31.24035],[148.97397,-31.24],[148.97372,-31.24041],[148.97318,-31.2401],[148.97349,-31.23974],[148.97443,-31.23963],[148.97472,-31.23863],[148.97478,-31.23863],[148.97531,-31.23903]]]}},{"type":"Feature","properties":{"OBJECTID":8746744,"PCTID":0,"PCTName":"Not classified","vegClass":"Not classified","vegForm":"Not classified"},"geometry":{"type":"Polygon","coordinates":[[[148.98738,-31.24095],[148.98738,-31.24091],[148.98743,-31.24095],[148.98738,-31.24095]]]}},{"type":"Feature","properties":{"OBJECTID":8746745,"PCTID":84,"PCTName":"River Oak - Rough-barked Apple - red gum - box riparian tall woodland (wetland) of the Brigalow Belt South Bioregion and Nandewar Bioregion","vegClass":"Eastern Riverine Forests","vegForm":"Forested Wetlands"},"geometry":{"type":"Polygon","coordinates":[[[149.04207,-31.23982],[149.04227,-31.23932],[149.04297,-31.23981],[149.04292,-31.24003],[149.04234,-31.23991],[149.04207,-31.23982]]]}},{"type":"Feature","properties":{"OBJECTID":8746747,"PCTID":0,"PCTName":"Not classified","vegClass":"Not classified","vegForm":"Not classified"},"geometry":{"type":"Polygon","coordinates":[[[148.98743,-31.241],[148.98743,-31.24095],[148.98749,-31.241],[148.98743,-31.241]]]}},{"type":"Feature","properties":{"OBJECTID":8746750,"PCTID":0,"PCTName":"Not classified","vegClass":"Not classified","vegForm":"Not classified"},"geometry":{"type":"Polygon","coordinates":[[[148.98749,-31.241],[148.98759,-31.24104],[148.98765,-31.24131],[148.98749,-31.241]]]}},{"type":"Feature","properties":{"OBJECTID":8746751,"PCTID":0,"PCTName":"Not classified","vegClass":"Not classified","vegForm":"Not classified"},"geometry":{"type":"Polygon","coordinates":[[[148.98765,-31.2414],[148.98765,-31.24131],[148.98771,-31.2414],[148.98765,-31.2414]]]}},{"type":"Feature","properties":{"OBJECTID":8746753,"PCTID":0,"PCTName":"Not classified","vegClass":"Not classified","vegForm":"Not classified"},"geometry":{"type":"Polygon","coordinates":[[[148.98771,-31.24154],[148.98771,-31.24144],[148.98776,-31.24153],[148.98771,-31.24154]]]}},{"type":"Feature","properties":{"OBJECTID":8746754,"PCTID":389,"PCTName":"Motherumbah - White Bloodwood - cypress pine very tall shrubland / woodland of the Coonabarabran region, Brigalow Belt South Bioregion","vegClass":"North-west Slopes Dry Sclerophyll Woodlands","vegForm":"Dry Sclerophyll Forests (Shrub/grass sub-formation)"},"geometry":{"type":"Polygon","coordinates":[[[149.01894,-31.24079],[149.01826,-31.24094],[149.01809,-31.24027],[149.01855,-31.23976],[149.01828,-31.23936],[149.01901,-31.23953],[149.01894,-31.24079]]]}},{"type":"Feature","properties":{"OBJECTID":8746756,"PCTID":0,"PCTName":"Not classified","vegClass":"Not classified","vegForm":"Not classified"},"geometry":{"type":"Polygon","coordinates":[[[148.98776,-31.24162],[148.98776,-31.24153],[148.98782,-31.24162],[148.98776,-31.24162]]]}},{"type":"Feature","properties":{"OBJECTID":8746757,"PCTID":0,"PCTName":"Not classified","vegClass":"Not classified","vegForm":"Not classified"},"geometry":{"type":"Polygon","coordinates":[[[148.97464,-31.2417],[148.97385,-31.24194],[148.97463,-31.24161],[148.97514,-31.24061],[148.97509,-31.24084],[148.97464,-31.2417]]]}},{"type":"Feature","properties":{"OBJECTID":8746759,"PCTID":0,"PCTName":"Not classified","vegClass":"Not classified","vegForm":"Not classified"},"geometry":{"type":"Polygon","coordinates":[[[148.97254,-31.24183],[148.97174,-31.24116],[148.97317,-31.242],[148.97254,-31.24183]]]}},{"type":"Feature","properties":{"OBJECTID":8746760,"PCTID":381,"PCTName":"Rough-barked Apple - Yellow Box grass/shrub footslope open forest, Brigalow Belt South Bioregion","vegClass":"North-west Slopes Dry Sclerophyll Woodlands","vegForm":"Dry Sclerophyll Forests (Shrub/grass sub-formation)"},"geometry":{"type":"Polygon","coordinates":[[[148.9728,-31.23921],[148.97318,-31.23992],[148.97345,-31.24023],[148.97311,-31.24146],[148.97333,-31.24199],[148.9716,-31.24109],[148.9716,-31.23866],[148.9728,-31.23921]]]}},{"type":"Feature","properties":{"OBJECTID":8746761,"PCTID":389,"PCTName":"Motherumbah - White Bloodwood - cypress pine very tall shrubland / woodland of the Coonabarabran region, Brigalow Belt South Bioregion","vegClass":"North-west Slopes Dry Sclerophyll Woodlands","vegForm":"Dry Sclerophyll Forests (Shrub/grass sub-formation)"},"geometry":{"type":"Polygon","coordinates":[[[148.97458,-31.24166],[148.9737,-31.24199],[148.97312,-31.24186],[148.97346,-31.24059],[148.97357,-31.24086],[148.97398,-31.24032],[148.97518,-31.2403],[148.97458,-31.24166]]]}},{"type":"Feature","properties":{"OBJECTID":8746762,"PCTID":0,"PCTName":"Not classified","vegClass":"Not classified","vegForm":"Not classified"},"geometry":{"type":"Polygon","coordinates":[[[148.97385,-31.24194],[148.97385,-31.24199],[148.9737,-31.24199],[148.97385,-31.24194]]]}},{"type":"Feature","properties":{"OBJECTID":8746763,"PCTID":0,"PCTName":"Not classified","vegClass":"Not classified","vegForm":"Not classified"},"geometry":{"type":"Polygon","coordinates":[[[148.97317,-31.242],[148.9737,-31.24199],[148.97338,-31.24204],[148.97317,-31.242]]]}},{"type":"Feature","properties":{"OBJECTID":8746764,"PCTID":420,"PCTName":"Red Stringybark - Rough-barked Apple +/- Nortons Box open forest on hillslopes in the Warrumbungle NP - Coolah regions","vegClass":"Western Slopes Dry Sclerophyll Forests","vegForm":"Dry Sclerophyll Forests (Shrubby sub-formation)"},"geometry":{"type":"Polygon","coordinates":[[[149.02152,-31.24111],[149.02162,-31.24107],[149.02157,-31.24125],[149.02152,-31.24111]]]}},{"type":"Feature","properties":{"OBJECTID":8746766,"PCTID":389,"PCTName":"Motherumbah - White Bloodwood - cypress pine very tall shrubland / woodland of the Coonabarabran region, Brigalow Belt South Bioregion","vegClass":"North-west Slopes Dry Sclerophyll Woodlands","vegForm":"Dry Sclerophyll Forests (Shrub/grass sub-formation)"},"geometry":{"type":"Polygon","coordinates":[[[148.97585,-31.24204],[148.97564,-31.24178],[148.97448,-31.24184],[148.97509,-31.24084],[148.97595,-31.24168],[148.97585,-31.24204]]]}},{"type":"Feature","properties":{"OBJECTID":8746767,"PCTID":379,"PCTName":"Inland Scribbly Gum - White Bloodwood - Red Stringybark - Black Cypress Pine shrubby sandstone woodland mainly of the Warrumbungle NP - Pilliga region in the Brigalow Belt South Bioregion","vegClass":"Western Slopes Dry Sclerophyll Forests","vegForm":"Dry Sclerophyll Forests (Shrubby sub-formation)"},"geometry":{"type":"Polygon","coordinates":[[[148.98151,-31.24137],[148.98209,-31.24167],[148.98189,-31.24195],[148.98121,-31.242],[148.98125,-31.24137],[148.98072,-31.24138],[148.9806,-31.24048],[148.98033,-31.24039],[148.98069,-31.23998],[148.98057,-31.23944],[148.9811,-31.23966],[148.98151,-31.24137]]]}},{"type":"Feature","properties":{"OBJECTID":8746768,"PCTID":0,"PCTName":"Not classified","vegClass":"Not classified","vegForm":"Not classified"},"geometry":{"type":"Polygon","coordinates":[[[148.98803,-31.24189],[148.98782,-31.24162],[148.98835,-31.24193],[148.98803,-31.24189]]]}},{"type":"Feature","properties":{"OBJECTID":8746769,"PCTID":0,"PCTName":"Not classified","vegClass":"Not classified","vegForm":"Not classified"},"geometry":{"type":"Polygon","coordinates":[[[148.98835,-31.24198],[148.98835,-31.24193],[148.9884,-31.24197],[148.98835,-31.24198]]]}},{"type":"Feature","properties":{"OBJECTID":8746772,"PCTID":386,"PCTName":"Tumbledown Red Gum trachyte rock flat sedgeland - shrubland of the Warrumbungle Range region","vegClass":"North-west Slopes Dry Sclerophyll Woodlands","vegForm":"Dry Sclerophyll Forests (Shrub/grass sub-formation)"},"geometry":{"type":"Polygon","coordinates":[[[148.9798,-31.2423],[148.97911,-31.24199],[148.9793,-31.24136],[148.9798,-31.2423]]]}},{"type":"Feature","properties":{"OBJECTID":8746773,"PCTID":393,"PCTName":"White Box shrubby woodland of the western Liverpool Range, Warrumbungle Range and south-west Pilliga forests, Brigalow Belt South Bioregion","vegClass":"North-west Slopes Dry Sclerophyll Woodlands","vegForm":"Dry Sclerophyll Forests (Shrub/grass sub-formation)"},"geometry":{"type":"Polygon","coordinates":[[[149.0178,-31.24172],[149.01758,-31.24127],[149.01884,-31.24129],[149.01906,-31.2417],[149.0178,-31.24172]]]}},{"type":"Feature","properties":{"OBJECTID":8746776,"PCTID":381,"PCTName":"Rough-barked Apple - Yellow Box grass/shrub footslope open forest, Brigalow Belt South Bioregion","vegClass":"North-west Slopes Dry Sclerophyll Woodlands","vegForm":"Dry Sclerophyll Forests (Shrub/grass sub-formation)"},"geometry":{"type":"Polygon","coordinates":[[[148.97539,-31.24237],[148.9746,-31.24229],[148.97487,-31.2426],[148.97323,-31.2424],[148.97338,-31.24204],[148.97432,-31.2418],[148.97532,-31.24187],[148.97539,-31.24237]]]}},{"type":"Feature","properties":{"OBJECTID":8746777,"PCTID":386,"PCTName":"Tumbledown Red Gum trachyte rock flat sedgeland - shrubland of the Warrumbungle Range region","vegClass":"North-west Slopes Dry Sclerophyll Woodlands","vegForm":"Dry Sclerophyll Forests (Shrub/grass sub-formation)"},"geometry":{"type":"Polygon","coordinates":[[[148.97344,-31.24217],[148.97256,-31.24268],[148.97244,-31.24219],[148.9727,-31.24191],[148.97317,-31.242],[148.97344,-31.24217]]]}},{"type":"Feature","properties":{"OBJECTID":8746782,"PCTID":0,"PCTName":"Not classified","vegClass":"Not classified","vegForm":"Not classified"},"geometry":{"type":"Polygon","coordinates":[[[148.9884,-31.24197],[148.98888,-31.24246],[148.989,-31.24305],[148.9884,-31.24197]]]}},{"type":"Feature","properties":{"OBJECTID":8746791,"PCTID":0,"PCTName":"Not classified","vegClass":"Not classified","vegForm":"Not classified"},"geometry":{"type":"Polygon","coordinates":[[[149.01431,-31.24299],[149.01411,-31.24313],[149.01321,-31.24301],[149.0141,-31.24273],[149.01431,-31.24299]]]}},{"type":"Feature","properties":{"OBJECTID":8746792,"PCTID":420,"PCTName":"Red Stringybark - Rough-barked Apple +/- Nortons Box open forest on hillslopes in the Warrumbungle NP - Coolah regions","vegClass":"Western Slopes Dry Sclerophyll Forests","vegForm":"Dry Sclerophyll Forests (Shrubby sub-formation)"},"geometry":{"type":"Polygon","coordinates":[[[149.01758,-31.24127],[149.01759,-31.24158],[149.01849,-31.24198],[149.0188,-31.24183],[149.01929,-31.24259],[149.01804,-31.24307],[149.01729,-31.24227],[149.01712,-31.24155],[149.01633,-31.24156],[149.0171,-31.24101],[149.01704,-31.24051],[149.01809,-31.24031],[149.0182,-31.2409],[149.01758,-31.24127]]]}},{"type":"Feature","properties":{"OBJECTID":8746793,"PCTID":0,"PCTName":"Not classified","vegClass":"Not classified","vegForm":"Not classified"},"geometry":{"type":"Polygon","coordinates":[[[148.989,-31.24305],[148.98916,-31.24323],[148.98922,-31.24359],[148.989,-31.24305]]]}},{"type":"Feature","properties":{"OBJECTID":8746794,"PCTID":393,"PCTName":"White Box shrubby woodland of the western Liverpool Range, Warrumbungle Range and south-west Pilliga forests, Brigalow Belt South Bioregion","vegClass":"North-west Slopes Dry Sclerophyll Woodlands","vegForm":"Dry Sclerophyll Forests (Shrub/grass sub-formation)"},"geometry":{"type":"Polygon","coordinates":[[[148.97524,-31.24269],[148.97505,-31.24386],[148.97436,-31.24338],[148.97368,-31.24343],[148.97372,-31.24303],[148.97346,-31.24312],[148.9734,-31.24281],[148.9736,-31.24253],[148.97334,-31.24249],[148.97487,-31.2426],[148.97524,-31.24269]]]}},{"type":"Feature","properties":{"OBJECTID":8746796,"PCTID":389,"PCTName":"Motherumbah - White Bloodwood - cypress pine very tall shrubland / woodland of the Coonabarabran region, Brigalow Belt South Bioregion","vegClass":"North-west Slopes Dry Sclerophyll Woodlands","vegForm":"Dry Sclerophyll Forests (Shrub/grass sub-formation)"},"geometry":{"type":"Polygon","coordinates":[[[149.01949,-31.24214],[149.01936,-31.24331],[149.01841,-31.24306],[149.01929,-31.24246],[149.01827,-31.24166],[149.01906,-31.2417],[149.01949,-31.24214]]]}},{"type":"Feature","properties":{"OBJECTID":8746803,"PCTID":417,"PCTName":"Black Cypress Pine - Narrow-leaved Ironbark - red gum +/- White Bloodwood shrubby open forest on hills of the southern Pilliga, Coonabarabran and Garawilla regions, Brigalow Belt South Bioregion","vegClass":"Western Slopes Dry Sclerophyll Forests","vegForm":"Dry Sclerophyll Forests (Shrubby sub-formation)"},"geometry":{"type":"MultiPolygon","coordinates":[[[[149.02121,-31.23891],[149.02116,-31.23936],[149.02153,-31.23944],[149.02122,-31.23976],[149.02145,-31.24053],[149.02089,-31.24135],[149.02132,-31.24152],[149.02071,-31.24262],[149.02114,-31.24292],[149.0212,-31.24346],[149.02069,-31.24392],[149.02021,-31.24357],[149.01977,-31.2429],[149.01952,-31.24313],[149.01949,-31.24214],[149.0189,-31.24134],[149.01806,-31.2414],[149.01795,-31.24117],[149.01889,-31.24089],[149.01887,-31.24034],[149.01996,-31.2396],[149.01984,-31.23879],[149.02047,-31.23863],[149.02082,-31.23863],[149.02121,-31.23891]]],[[[149.02278,-31.23906],[149.02196,-31.23962],[149.02179,-31.23863],[149.0228,-31.23863],[149.02278,-31.23906]]]]}},{"type":"Feature","properties":{"OBJECTID":8746805,"PCTID":381,"PCTName":"Rough-barked Apple - Yellow Box grass/shrub footslope open forest, Brigalow Belt South Bioregion","vegClass":"North-west Slopes Dry Sclerophyll Woodlands","vegForm":"Dry Sclerophyll Forests (Shrub/grass sub-formation)"},"geometry":{"type":"Polygon","coordinates":[[[149.04232,-31.24352],[149.04126,-31.24345],[149.04188,-31.24289],[149.04232,-31.24352]]]}},{"type":"Feature","properties":{"OBJECTID":8746807,"PCTID":381,"PCTName":"Rough-barked Apple - Yellow Box grass/shrub footslope open forest, Brigalow Belt South Bioregion","vegClass":"North-west Slopes Dry Sclerophyll Woodlands","vegForm":"Dry Sclerophyll Forests (Shrub/grass sub-formation)"},"geometry":{"type":"Polygon","coordinates":[[[148.9805,-31.24071],[148.97992,-31.24067],[148.97935,-31.24136],[148.97862,-31.24159],[148.97912,-31.24258],[148.97893,-31.24353],[148.97941,-31.24379],[148.97942,-31.24442],[148.97875,-31.24488],[148.97786,-31.24485],[148.97654,-31.24208],[148.97601,-31.24195],[148.97584,-31.24132],[148.97509,-31.24084],[148.97518,-31.24034],[148.97634,-31.24059],[148.97646,-31.24113],[148.97708,-31.24054],[148.97782,-31.24061],[148.97838,-31.2402],[148.97923,-31.24059],[148.97975,-31.24031],[148.9798,-31.23995],[148.98033,-31.24021],[148.9805,-31.24071]]]}},{"type":"Feature","properties":{"OBJECTID":8746819,"PCTID":420,"PCTName":"Red Stringybark - Rough-barked Apple +/- Nortons Box open forest on hillslopes in the Warrumbungle NP - Coolah regions","vegClass":"Western Slopes Dry Sclerophyll Forests","vegForm":"Dry Sclerophyll Forests (Shrubby sub-formation)"},"geometry":{"type":"Polygon","coordinates":[[[149.02006,-31.24402],[149.02054,-31.2442],[149.02055,-31.24465],[149.01992,-31.24497],[149.01822,-31.24387],[149.01847,-31.24342],[149.01936,-31.24331],[149.01962,-31.2429],[149.02021,-31.24357],[149.02006,-31.24402]]]}},{"type":"Feature","properties":{"OBJECTID":8746821,"PCTID":389,"PCTName":"Motherumbah - White Bloodwood - cypress pine very tall shrubland / woodland of the Coonabarabran region, Brigalow Belt South Bioregion","vegClass":"North-west Slopes Dry Sclerophyll Woodlands","vegForm":"Dry Sclerophyll Forests (Shrub/grass sub-formation)"},"geometry":{"type":"Polygon","coordinates":[[[148.9736,-31.24253],[148.9734,-31.24281],[148.97346,-31.24312],[148.97372,-31.24303],[148.97368,-31.24343],[148.97436,-31.24338],[148.97506,-31.24404],[148.97694,-31.24397],[148.97685,-31.24433],[148.97723,-31.24482],[148.97691,-31.24487],[148.97693,-31.24555],[148.97651,-31.24551],[148.97625,-31.24565],[148.97646,-31.24587],[148.97615,-31.24592],[148.97451,-31.24559],[148.97339,-31.24475],[148.97365,-31.24452],[148.97315,-31.24353],[148.97238,-31.24413],[148.97226,-31.24359],[148.97273,-31.24345],[148.97241,-31.24314],[148.97256,-31.24268],[148.97297,-31.24227],[148.97334,-31.24249],[148.9736,-31.24253]]]}},{"type":"Feature","properties":{"OBJECTID":8746832,"PCTID":0,"PCTName":"Not classified","vegClass":"Not classified","vegForm":"Not classified"},"geometry":{"type":"Polygon","coordinates":[[[148.98991,-31.24619],[148.98947,-31.24539],[148.98922,-31.24359],[148.98945,-31.24417],[148.98991,-31.24619]]]}},{"type":"Feature","properties":{"OBJECTID":8746841,"PCTID":417,"PCTName":"Black Cypress Pine - Narrow-leaved Ironbark - red gum +/- White Bloodwood shrubby open forest on hills of the southern Pilliga, Coonabarabran and Garawilla regions, Brigalow Belt South Bioregion","vegClass":"Western Slopes Dry Sclerophyll Forests","vegForm":"Dry Sclerophyll Forests (Shrubby sub-formation)"},"geometry":{"type":"Polygon","coordinates":[[[149.00111,-31.24655],[149.001,-31.24637],[149.00115,-31.24632],[149.00111,-31.24655]]]}},{"type":"Feature","properties":{"OBJECTID":8746848,"PCTID":0,"PCTName":"Not classified","vegClass":"Not classified","vegForm":"Not classified"},"geometry":{"type":"Polygon","coordinates":[[[148.97161,-31.24726],[148.9716,-31.24728],[148.9716,-31.2472],[148.97161,-31.24726]]]}},{"type":"Feature","properties":{"OBJECTID":8746852,"PCTID":0,"PCTName":"Not classified","vegClass":"Not classified","vegForm":"Not classified"},"geometry":{"type":"Polygon","coordinates":[[[148.98997,-31.24642],[148.98991,-31.24619],[148.99114,-31.2473],[148.98997,-31.24642]]]}},{"type":"Feature","properties":{"OBJECTID":8746855,"PCTID":379,"PCTName":"Inland Scribbly Gum - White Bloodwood - Red Stringybark - Black Cypress Pine shrubby sandstone woodland mainly of the Warrumbungle NP - Pilliga region in the Brigalow Belt South Bioregion","vegClass":"Western Slopes Dry Sclerophyll Forests","vegForm":"Dry Sclerophyll Forests (Shrubby sub-formation)"},"geometry":{"type":"Polygon","coordinates":[[[148.9797,-31.24279],[148.98023,-31.24297],[148.97962,-31.24392],[148.98025,-31.24382],[148.98062,-31.24409],[148.98065,-31.2454],[148.98103,-31.2457],[148.9804,-31.24585],[148.98145,-31.24606],[148.98104,-31.24652],[148.98073,-31.24643],[148.98069,-31.24729],[148.97937,-31.247],[148.97933,-31.24749],[148.97902,-31.24754],[148.97799,-31.24625],[148.97852,-31.24615],[148.97866,-31.24543],[148.97745,-31.24567],[148.97694,-31.24397],[148.97506,-31.24404],[148.97524,-31.24269],[148.9746,-31.24229],[148.97539,-31.24237],[148.97532,-31.24178],[148.97585,-31.24204],[148.97605,-31.24168],[148.97601,-31.24195],[148.97654,-31.24208],[148.97693,-31.24324],[148.97741,-31.24346],[148.97731,-31.24401],[148.97791,-31.2449],[148.97875,-31.24488],[148.97942,-31.24442],[148.9793,-31.24352],[148.97893,-31.24353],[148.97903,-31.24312],[148.9797,-31.24279]]]}},{"type":"Feature","properties":{"OBJECTID":8746856,"PCTID":0,"PCTName":"Not classified","vegClass":"Not classified","vegForm":"Not classified"},"geometry":{"type":"Polygon","coordinates":[[[148.99115,-31.24734],[148.99114,-31.2473],[148.9912,-31.24734],[148.99115,-31.24734]]]}},{"type":"Feature","properties":{"OBJECTID":8746860,"PCTID":0,"PCTName":"Not classified","vegClass":"Not classified","vegForm":"Not classified"},"geometry":{"type":"Polygon","coordinates":[[[148.9912,-31.24743],[148.9912,-31.24734],[148.99141,-31.24757],[148.9912,-31.24743]]]}},{"type":"Feature","properties":{"OBJECTID":8746871,"PCTID":0,"PCTName":"Not classified","vegClass":"Not classified","vegForm":"Not classified"},"geometry":{"type":"Polygon","coordinates":[[[149.03436,-31.24469],[149.03551,-31.24444],[149.03541,-31.24485],[149.03573,-31.24507],[149.0351,-31.24508],[149.03512,-31.24562],[149.03352,-31.24718],[149.03277,-31.24657],[149.03236,-31.24702],[149.03205,-31.24694],[149.03208,-31.24604],[149.03244,-31.24594],[149.03287,-31.24629],[149.03376,-31.24601],[149.03323,-31.24561],[149.03322,-31.24525],[149.03269,-31.24508],[149.03263,-31.24463],[149.03393,-31.24424],[149.03436,-31.24469]]]}},{"type":"Feature","properties":{"OBJECTID":8746874,"PCTID":0,"PCTName":"Not classified","vegClass":"Not classified","vegForm":"Not classified"},"geometry":{"type":"Polygon","coordinates":[[[148.97226,-31.24824],[148.9716,-31.24785],[148.9716,-31.24769],[148.97226,-31.24824]]]}},{"type":"Feature","properties":{"OBJECTID":8746877,"PCTID":0,"PCTName":"Not classified","vegClass":"Not classified","vegForm":"Not classified"},"geometry":{"type":"Polygon","coordinates":[[[148.97247,-31.24828],[148.97226,-31.24828],[148.97226,-31.24824],[148.97247,-31.24828]]]}},{"type":"Feature","properties":{"OBJECTID":8746879,"PCTID":0,"PCTName":"Not classified","vegClass":"Not classified","vegForm":"Not classified"},"geometry":{"type":"Polygon","coordinates":[[[148.97252,-31.24832],[148.97252,-31.24828],[148.97273,-31.24832],[148.97252,-31.24832]]]}},{"type":"Feature","properties":{"OBJECTID":8746890,"PCTID":394,"PCTName":"Narrow-leaved Ironbark - White Cypress pine woodland on slopes and flats in the Coonabarabran - Pilliga Scrub regions","vegClass":"North-west Slopes Dry Sclerophyll Woodlands","vegForm":"Dry Sclerophyll Forests (Shrub/grass sub-formation)"},"geometry":{"type":"Polygon","coordinates":[[[148.98597,-31.24838],[148.98576,-31.24843],[148.98586,-31.24824],[148.98597,-31.24838]]]}},{"type":"Feature","properties":{"OBJECTID":8746891,"PCTID":379,"PCTName":"Inland Scribbly Gum - White Bloodwood - Red Stringybark - Black Cypress Pine shrubby sandstone woodland mainly of the Warrumbungle NP - Pilliga region in the Brigalow Belt South Bioregion","vegClass":"Western Slopes Dry Sclerophyll Forests","vegForm":"Dry Sclerophyll Forests (Shrubby sub-formation)"},"geometry":{"type":"Polygon","coordinates":[[[149.03585,-31.24769],[149.0361,-31.24732],[149.03631,-31.2475],[149.03585,-31.24769]]]}},{"type":"Feature","properties":{"OBJECTID":8746892,"PCTID":0,"PCTName":"Not classified","vegClass":"Not classified","vegForm":"Not classified"},"geometry":{"type":"Polygon","coordinates":[[[148.97273,-31.24832],[148.97295,-31.24841],[148.97316,-31.24877],[148.97273,-31.24832]]]}},{"type":"Feature","properties":{"OBJECTID":8746894,"PCTID":0,"PCTName":"Not classified","vegClass":"Not classified","vegForm":"Not classified"},"geometry":{"type":"Polygon","coordinates":[[[148.99141,-31.24757],[148.99174,-31.24797],[148.99191,-31.24855],[148.99141,-31.24757]]]}},{"type":"Feature","properties":{"OBJECTID":8746902,"PCTID":0,"PCTName":"Not classified","vegClass":"Not classified","vegForm":"Not classified"},"geometry":{"type":"Polygon","coordinates":[[[148.97317,-31.24886],[148.97316,-31.24877],[148.97333,-31.24894],[148.97317,-31.24886]]]}},{"type":"Feature","properties":{"OBJECTID":8746905,"PCTID":0,"PCTName":"Not classified","vegClass":"Not classified","vegForm":"Not classified"},"geometry":{"type":"Polygon","coordinates":[[[148.99191,-31.24873],[148.99191,-31.24855],[148.99196,-31.24873],[148.99191,-31.24873]]]}},{"type":"Feature","properties":{"OBJECTID":8746906,"PCTID":393,"PCTName":"White Box shrubby woodland of the western Liverpool Range, Warrumbungle Range and south-west Pilliga forests, Brigalow Belt South Bioregion","vegClass":"North-west Slopes Dry Sclerophyll Woodlands","vegForm":"Dry Sclerophyll Forests (Shrub/grass sub-formation)"},"geometry":{"type":"Polygon","coordinates":[[[149.00319,-31.24796],[149.00317,-31.24724],[149.00406,-31.24704],[149.00454,-31.2474],[149.00471,-31.24816],[149.00404,-31.24858],[149.00319,-31.24796]]]}},{"type":"Feature","properties":{"OBJECTID":8746909,"PCTID":381,"PCTName":"Rough-barked Apple - Yellow Box grass/shrub footslope open forest, Brigalow Belt South Bioregion","vegClass":"North-west Slopes Dry Sclerophyll Woodlands","vegForm":"Dry Sclerophyll Forests (Shrub/grass sub-formation)"},"geometry":{"type":"Polygon","coordinates":[[[149.03832,-31.24336],[149.03833,-31.24367],[149.03911,-31.24357],[149.03892,-31.2443],[149.03855,-31.24417],[149.03856,-31.24457],[149.03803,-31.24463],[149.0375,-31.24428],[149.03704,-31.2446],[149.03654,-31.24583],[149.03665,-31.24627],[149.03609,-31.2471],[149.03583,-31.24692],[149.03532,-31.24752],[149.03474,-31.24766],[149.0347,-31.24798],[149.03402,-31.24812],[149.03406,-31.24754],[149.03514,-31.24684],[149.03487,-31.24644],[149.03539,-31.24612],[149.03563,-31.24534],[149.03661,-31.24434],[149.0374,-31.24432],[149.03749,-31.24369],[149.03722,-31.24338],[149.03768,-31.24296],[149.03832,-31.24336]]]}},{"type":"Feature","properties":{"OBJECTID":8746910,"PCTID":379,"PCTName":"Inland Scribbly Gum - White Bloodwood - Red Stringybark - Black Cypress Pine shrubby sandstone woodland mainly of the Warrumbungle NP - Pilliga region in the Brigalow Belt South Bioregion","vegClass":"Western Slopes Dry Sclerophyll Forests","vegForm":"Dry Sclerophyll Forests (Shrubby sub-formation)"},"geometry":{"type":"Polygon","coordinates":[[[149.03905,-31.24763],[149.03914,-31.24714],[149.03983,-31.24721],[149.03986,-31.24649],[149.04024,-31.24676],[149.04081,-31.24661],[149.04078,-31.24738],[149.0402,-31.24748],[149.04046,-31.24756],[149.04042,-31.24797],[149.03931,-31.24781],[149.03905,-31.24763]]]}},{"type":"Feature","properties":{"OBJECTID":8746913,"PCTID":0,"PCTName":"Not classified","vegClass":"Not classified","vegForm":"Not classified"},"geometry":{"type":"Polygon","coordinates":[[[148.99197,-31.24887],[148.99196,-31.24873],[148.99202,-31.24886],[148.99197,-31.24887]]]}},{"type":"Feature","properties":{"OBJECTID":8746925,"PCTID":379,"PCTName":"Inland Scribbly Gum - White Bloodwood - Red Stringybark - Black Cypress Pine shrubby sandstone woodland mainly of the Warrumbungle NP - Pilliga region in the Brigalow Belt South Bioregion","vegClass":"Western Slopes Dry Sclerophyll Forests","vegForm":"Dry Sclerophyll Forests (Shrubby sub-formation)"},"geometry":{"type":"Polygon","coordinates":[[[149.03898,-31.247],[149.03817,-31.24832],[149.0379,-31.24774],[149.03841,-31.24751],[149.03773,-31.24738],[149.03779,-31.24774],[149.03753,-31.24784],[149.03736,-31.2473],[149.03845,-31.24656],[149.03898,-31.247]]]}},{"type":"Feature","properties":{"OBJECTID":8746929,"PCTID":0,"PCTName":"Not classified","vegClass":"Not classified","vegForm":"Not classified"},"geometry":{"type":"Polygon","coordinates":[[[148.99203,-31.24913],[148.99202,-31.24886],[148.99208,-31.24913],[148.99203,-31.24913]]]}},{"type":"Feature","properties":{"OBJECTID":8746933,"PCTID":417,"PCTName":"Black Cypress Pine - Narrow-leaved Ironbark - red gum +/- White Bloodwood shrubby open forest on hills of the southern Pilliga, Coonabarabran and Garawilla regions, Brigalow Belt South Bioregion","vegClass":"Western Slopes Dry Sclerophyll Forests","vegForm":"Dry Sclerophyll Forests (Shrubby sub-formation)"},"geometry":{"type":"Polygon","coordinates":[[[148.98022,-31.24946],[148.98021,-31.24919],[148.9799,-31.24933],[148.97947,-31.24884],[148.97993,-31.24857],[148.97989,-31.24884],[148.98073,-31.24896],[148.98074,-31.24927],[148.98022,-31.24946]]]}},{"type":"Feature","properties":{"OBJECTID":8746937,"PCTID":0,"PCTName":"Not classified","vegClass":"Not classified","vegForm":"Not classified"},"geometry":{"type":"Polygon","coordinates":[[[148.99213,-31.24931],[148.99208,-31.24931],[148.99208,-31.24913],[148.99213,-31.24931]]]}},{"type":"Feature","properties":{"OBJECTID":8746949,"PCTID":381,"PCTName":"Rough-barked Apple - Yellow Box grass/shrub footslope open forest, Brigalow Belt South Bioregion","vegClass":"North-west Slopes Dry Sclerophyll Woodlands","vegForm":"Dry Sclerophyll Forests (Shrub/grass sub-formation)"},"geometry":{"type":"Polygon","coordinates":[[[148.97596,-31.24953],[148.97589,-31.24836],[148.97705,-31.24857],[148.9769,-31.24925],[148.97637,-31.24894],[148.9765,-31.24984],[148.97596,-31.24953]]]}},{"type":"Feature","properties":{"OBJECTID":8746950,"PCTID":0,"PCTName":"Not classified","vegClass":"Not classified","vegForm":"Not classified"},"geometry":{"type":"Polygon","coordinates":[[[148.99214,-31.24958],[148.99214,-31.2494],[148.99219,-31.24958],[148.99214,-31.24958]]]}},{"type":"Feature","properties":{"OBJECTID":8746960,"PCTID":0,"PCTName":"Not classified","vegClass":"Not classified","vegForm":"Not classified"},"geometry":{"type":"Polygon","coordinates":[[[149.03138,-31.2474],[149.03128,-31.24785],[149.0316,-31.24785],[149.03167,-31.2487],[149.03052,-31.24922],[149.02925,-31.24879],[149.02944,-31.24775],[149.03038,-31.24764],[149.03076,-31.248],[149.03058,-31.2471],[149.03083,-31.24673],[149.03138,-31.2474]]]}},{"type":"Feature","properties":{"OBJECTID":8746967,"PCTID":0,"PCTName":"Not classified","vegClass":"Not classified","vegForm":"Not classified"},"geometry":{"type":"Polygon","coordinates":[[[148.9922,-31.24999],[148.99219,-31.24958],[148.99225,-31.24999],[148.9922,-31.24999]]]}},{"type":"Feature","properties":{"OBJECTID":8746970,"PCTID":0,"PCTName":"Not classified","vegClass":"Not classified","vegForm":"Not classified"},"geometry":{"type":"Polygon","coordinates":[[[148.97365,-31.24952],[148.97333,-31.24894],[148.97462,-31.25037],[148.97365,-31.24952]]]}},{"type":"Feature","properties":{"OBJECTID":8746973,"PCTID":0,"PCTName":"Not classified","vegClass":"Not classified","vegForm":"Not classified"},"geometry":{"type":"Polygon","coordinates":[[[148.99226,-31.25012],[148.99225,-31.24999],[148.99231,-31.25012],[148.99226,-31.25012]]]}},{"type":"Feature","properties":{"OBJECTID":8746975,"PCTID":0,"PCTName":"Not classified","vegClass":"Not classified","vegForm":"Not classified"},"geometry":{"type":"Polygon","coordinates":[[[148.97462,-31.25046],[148.97462,-31.25037],[148.97467,-31.25046],[148.97462,-31.25046]]]}},{"type":"Feature","properties":{"OBJECTID":8746977,"PCTID":381,"PCTName":"Rough-barked Apple - Yellow Box grass/shrub footslope open forest, Brigalow Belt South Bioregion","vegClass":"North-west Slopes Dry Sclerophyll Woodlands","vegForm":"Dry Sclerophyll Forests (Shrub/grass sub-formation)"},"geometry":{"type":"Polygon","coordinates":[[[148.97844,-31.24999],[148.97798,-31.25045],[148.97735,-31.25046],[148.97734,-31.25001],[148.97681,-31.24965],[148.97785,-31.24928],[148.97844,-31.24999]]]}},{"type":"Feature","properties":{"OBJECTID":8746978,"PCTID":0,"PCTName":"Not classified","vegClass":"Not classified","vegForm":"Not classified"},"geometry":{"type":"Polygon","coordinates":[[[149.03834,-31.249],[149.0375,-31.24901],[149.03704,-31.24952],[149.03676,-31.24857],[149.03718,-31.24852],[149.03834,-31.249]]]}},{"type":"Feature","properties":{"OBJECTID":8746995,"PCTID":0,"PCTName":"Not classified","vegClass":"Not classified","vegForm":"Not classified"},"geometry":{"type":"Polygon","coordinates":[[[148.97688,-31.25065],[148.97679,-31.25114],[148.97616,-31.25111],[148.97588,-31.25053],[148.97509,-31.25058],[148.97524,-31.25],[148.97481,-31.2496],[148.97634,-31.24984],[148.97688,-31.25065]]]}},{"type":"Feature","properties":{"OBJECTID":8746997,"PCTID":0,"PCTName":"Not classified","vegClass":"Not classified","vegForm":"Not classified"},"geometry":{"type":"Polygon","coordinates":[[[148.99238,-31.25102],[148.99231,-31.25012],[148.99243,-31.25062],[148.99238,-31.25102]]]}},{"type":"Feature","properties":{"OBJECTID":8747000,"PCTID":0,"PCTName":"Not classified","vegClass":"Not classified","vegForm":"Not classified"},"geometry":{"type":"Polygon","coordinates":[[[148.99244,-31.25116],[148.99244,-31.25102],[148.99249,-31.25116],[148.99244,-31.25116]]]}},{"type":"Feature","properties":{"OBJECTID":8747002,"PCTID":0,"PCTName":"Not classified","vegClass":"Not classified","vegForm":"Not classified"},"geometry":{"type":"Polygon","coordinates":[[[148.97467,-31.25046],[148.975,-31.25095],[148.97485,-31.25149],[148.97467,-31.25046]]]}},{"type":"Feature","properties":{"OBJECTID":8747007,"PCTID":0,"PCTName":"Not classified","vegClass":"Not classified","vegForm":"Not classified"},"geometry":{"type":"Polygon","coordinates":[[[148.97485,-31.25149],[148.97485,-31.25158],[148.9748,-31.25158],[148.97485,-31.25149]]]}},{"type":"Feature","properties":{"OBJECTID":8747017,"PCTID":0,"PCTName":"Not classified","vegClass":"Not classified","vegForm":"Not classified"},"geometry":{"type":"Polygon","coordinates":[[[148.9748,-31.25158],[148.97475,-31.25181],[148.9745,-31.25204],[148.9748,-31.25158]]]}},{"type":"Feature","properties":{"OBJECTID":8747019,"PCTID":389,"PCTName":"Motherumbah - White Bloodwood - cypress pine very tall shrubland / woodland of the Coonabarabran region, Brigalow Belt South Bioregion","vegClass":"North-west Slopes Dry Sclerophyll Woodlands","vegForm":"Dry Sclerophyll Forests (Shrub/grass sub-formation)"},"geometry":{"type":"Polygon","coordinates":[[[148.98457,-31.25169],[148.98431,-31.25192],[148.98378,-31.25148],[148.98423,-31.25066],[148.98457,-31.25169]]]}},{"type":"Feature","properties":{"OBJECTID":8747020,"PCTID":0,"PCTName":"Not classified","vegClass":"Not classified","vegForm":"Not classified"},"geometry":{"type":"Polygon","coordinates":[[[148.99282,-31.25183],[148.99255,-31.25152],[148.9926,-31.25125],[148.99282,-31.25183]]]}},{"type":"Feature","properties":{"OBJECTID":8747025,"PCTID":389,"PCTName":"Motherumbah - White Bloodwood - cypress pine very tall shrubland / woodland of the Coonabarabran region, Brigalow Belt South Bioregion","vegClass":"North-west Slopes Dry Sclerophyll Woodlands","vegForm":"Dry Sclerophyll Forests (Shrub/grass sub-formation)"},"geometry":{"type":"Polygon","coordinates":[[[148.98099,-31.25112],[148.98168,-31.25151],[148.98148,-31.25188],[148.98175,-31.25215],[148.98143,-31.25215],[148.98099,-31.25112]]]}},{"type":"Feature","properties":{"OBJECTID":8747026,"PCTID":393,"PCTName":"White Box shrubby woodland of the western Liverpool Range, Warrumbungle Range and south-west Pilliga forests, Brigalow Belt South Bioregion","vegClass":"North-west Slopes Dry Sclerophyll Woodlands","vegForm":"Dry Sclerophyll Forests (Shrub/grass sub-formation)"},"geometry":{"type":"Polygon","coordinates":[[[148.98762,-31.25169],[148.98777,-31.25137],[148.98824,-31.25127],[148.98862,-31.25181],[148.98836,-31.25208],[148.98762,-31.25169]]]}},{"type":"Feature","properties":{"OBJECTID":8747043,"PCTID":381,"PCTName":"Rough-barked Apple - Yellow Box grass/shrub footslope open forest, Brigalow Belt South Bioregion","vegClass":"North-west Slopes Dry Sclerophyll Woodlands","vegForm":"Dry Sclerophyll Forests (Shrub/grass sub-formation)"},"geometry":{"type":"Polygon","coordinates":[[[148.99303,-31.25201],[148.99314,-31.25209],[148.99315,-31.25246],[148.99303,-31.25201]]]}},{"type":"Feature","properties":{"OBJECTID":8747047,"PCTID":0,"PCTName":"Not classified","vegClass":"Not classified","vegForm":"Not classified"},"geometry":{"type":"Polygon","coordinates":[[[148.97267,-31.25279],[148.97215,-31.25293],[148.9716,-31.25285],[148.9716,-31.25285],[148.97267,-31.25279]]]}},{"type":"Feature","properties":{"OBJECTID":8747049,"PCTID":379,"PCTName":"Inland Scribbly Gum - White Bloodwood - Red Stringybark - Black Cypress Pine shrubby sandstone woodland mainly of the Warrumbungle NP - Pilliga region in the Brigalow Belt South Bioregion","vegClass":"Western Slopes Dry Sclerophyll Forests","vegForm":"Dry Sclerophyll Forests (Shrubby sub-formation)"},"geometry":{"type":"Polygon","coordinates":[[[148.98872,-31.24238],[148.9897,-31.24588],[148.98988,-31.24606],[148.98945,-31.24417],[148.99038,-31.24375],[148.9904,-31.24456],[148.99104,-31.24477],[148.99147,-31.2454],[148.99137,-31.24576],[148.99233,-31.24633],[148.99235,-31.24696],[148.99277,-31.24723],[148.99294,-31.24786],[148.99351,-31.24717],[148.99382,-31.24721],[148.99368,-31.24802],[148.99321,-31.24803],[148.99328,-31.24907],[148.99287,-31.24939],[148.99306,-31.25097],[148.99248,-31.25065],[148.99299,-31.25255],[148.99242,-31.25269],[148.9923,-31.25224],[148.99183,-31.2523],[148.99128,-31.25122],[148.99092,-31.2515],[148.99114,-31.25195],[148.9903,-31.25187],[148.9902,-31.25223],[148.98988,-31.2517],[148.98935,-31.25171],[148.98941,-31.25207],[148.98837,-31.25231],[148.98862,-31.25181],[148.98824,-31.25118],[148.98855,-31.25109],[148.98872,-31.25149],[148.99086,-31.251],[148.99094,-31.24987],[148.99047,-31.24993],[148.99048,-31.25042],[148.98996,-31.25057],[148.98968,-31.25003],[148.98927,-31.25058],[148.98859,-31.2505],[148.98741,-31.24948],[148.98851,-31.24924],[148.98892,-31.24878],[148.98833,-31.24829],[148.98848,-31.24784],[148.98774,-31.24749],[148.98732,-31.24777],[148.98695,-31.24741],[148.985,-31.24731],[148.98562,-31.24667],[148.9874,-31.2465],[148.98644,-31.24598],[148.9868,-31.24566],[148.98668,-31.24494],[148.98703,-31.24421],[148.98666,-31.24394],[148.98686,-31.24371],[148.98665,-31.2434],[148.98706,-31.24326],[148.987,-31.24281],[148.98626,-31.24273],[148.98604,-31.2421],[148.9852,-31.24203],[148.98492,-31.24113],[148.98412,-31.24069],[148.98378,-31.24196],[148.98315,-31.24211],[148.98218,-31.24095],[148.98222,-31.24023],[148.98179,-31.23987],[148.98156,-31.23888],[148.98246,-31.23909],[148.98247,-31.23968],[148.98311,-31.24039],[148.98326,-31.23989],[148.98224,-31.23874],[148.98228,-31.23863],[148.98243,-31.23863],[148.98245,-31.23882],[148.98372,-31.23934],[148.98529,-31.23918],[148.98872,-31.24238]],[[148.99141,-31.24757],[148.99208,-31.24931],[148.99152,-31.24761],[148.99087,-31.24704],[148.99141,-31.24757]]]}},{"type":"Feature","properties":{"OBJECTID":8747052,"PCTID":0,"PCTName":"Not classified","vegClass":"Not classified","vegForm":"Not classified"},"geometry":{"type":"Polygon","coordinates":[[[148.97283,-31.25274],[148.97357,-31.25273],[148.9745,-31.25204],[148.97357,-31.25277],[148.97357,-31.25309],[148.97283,-31.25274]]]}},{"type":"Feature","properties":{"OBJECTID":8747053,"PCTID":0,"PCTName":"Not classified","vegClass":"Not classified","vegForm":"Not classified"},"geometry":{"type":"Polygon","coordinates":[[[148.99326,-31.25277],[148.99282,-31.25183],[148.99303,-31.25201],[148.99326,-31.25277]]]}},{"type":"Feature","properties":{"OBJECTID":8747055,"PCTID":0,"PCTName":"Not classified","vegClass":"Not classified","vegForm":"Not classified"},"geometry":{"type":"Polygon","coordinates":[[[148.97357,-31.25314],[148.97357,-31.25309],[148.97363,-31.25313],[148.97357,-31.25314]]]}},{"type":"Feature","properties":{"OBJECTID":8747056,"PCTID":0,"PCTName":"Not classified","vegClass":"Not classified","vegForm":"Not classified"},"geometry":{"type":"Polygon","coordinates":[[[148.99326,-31.25286],[148.99326,-31.25277],[148.99332,-31.25286],[148.99326,-31.25286]]]}},{"type":"Feature","properties":{"OBJECTID":8747057,"PCTID":0,"PCTName":"Not classified","vegClass":"Not classified","vegForm":"Not classified"},"geometry":{"type":"Polygon","coordinates":[[[149.03222,-31.25005],[149.03208,-31.25059],[149.0327,-31.25036],[149.03164,-31.25222],[149.03116,-31.25192],[149.03148,-31.2497],[149.03222,-31.25005]]]}},{"type":"Feature","properties":{"OBJECTID":8747058,"PCTID":393,"PCTName":"White Box shrubby woodland of the western Liverpool Range, Warrumbungle Range and south-west Pilliga forests, Brigalow Belt South Bioregion","vegClass":"North-west Slopes Dry Sclerophyll Woodlands","vegForm":"Dry Sclerophyll Forests (Shrub/grass sub-formation)"},"geometry":{"type":"Polygon","coordinates":[[[149.01278,-31.25173],[149.01295,-31.25235],[149.01206,-31.2525],[149.01223,-31.25061],[149.01284,-31.24987],[149.01311,-31.25019],[149.01291,-31.25055],[149.01333,-31.25072],[149.01297,-31.25096],[149.01314,-31.25163],[149.01278,-31.25173]]]}},{"type":"Feature","properties":{"OBJECTID":8747060,"PCTID":0,"PCTName":"Not classified","vegClass":"Not classified","vegForm":"Not classified"},"geometry":{"type":"Polygon","coordinates":[[[148.97363,-31.25322],[148.97363,-31.25313],[148.97374,-31.25327],[148.97363,-31.25322]]]}},{"type":"Feature","properties":{"OBJECTID":8747064,"PCTID":0,"PCTName":"Not classified","vegClass":"Not classified","vegForm":"Not classified"},"geometry":{"type":"Polygon","coordinates":[[[148.97374,-31.25331],[148.97374,-31.25327],[148.97379,-31.25331],[148.97374,-31.25331]]]}},{"type":"Feature","properties":{"OBJECTID":8747074,"PCTID":381,"PCTName":"Rough-barked Apple - Yellow Box grass/shrub footslope open forest, Brigalow Belt South Bioregion","vegClass":"North-west Slopes Dry Sclerophyll Woodlands","vegForm":"Dry Sclerophyll Forests (Shrub/grass sub-formation)"},"geometry":{"type":"Polygon","coordinates":[[[148.99315,-31.25259],[148.9933,-31.252],[148.99394,-31.25276],[148.9938,-31.25326],[148.99315,-31.25259]]]}},{"type":"Feature","properties":{"OBJECTID":8747081,"PCTID":381,"PCTName":"Rough-barked Apple - Yellow Box grass/shrub footslope open forest, Brigalow Belt South Bioregion","vegClass":"North-west Slopes Dry Sclerophyll Woodlands","vegForm":"Dry Sclerophyll Forests (Shrub/grass sub-formation)"},"geometry":{"type":"Polygon","coordinates":[[[149.03523,-31.25289],[149.03506,-31.25221],[149.03641,-31.25174],[149.03647,-31.25214],[149.03601,-31.25256],[149.03523,-31.25289]]]}},{"type":"Feature","properties":{"OBJECTID":8747084,"PCTID":0,"PCTName":"Not classified","vegClass":"Not classified","vegForm":"Not classified"},"geometry":{"type":"Polygon","coordinates":[[[148.99386,-31.25366],[148.99332,-31.25286],[148.9938,-31.25326],[148.99386,-31.25366]]]}},{"type":"Feature","properties":{"OBJECTID":8747088,"PCTID":0,"PCTName":"Not classified","vegClass":"Not classified","vegForm":"Not classified"},"geometry":{"type":"Polygon","coordinates":[[[148.99386,-31.25384],[148.99386,-31.2538],[148.99392,-31.25384],[148.99386,-31.25384]]]}},{"type":"Feature","properties":{"OBJECTID":8747089,"PCTID":439,"PCTName":"Mock Olive - Tumbledown Red Gum - Red Ash - Wilga siliceous rocky hill low woodland / shrubland in the Gunnedah - Tambar Springs region, Brigalow Belt South Bioregion","vegClass":"Inland Rocky Hill Woodlands","vegForm":"Semi-arid Woodlands (Shrubby sub-formation)"},"geometry":{"type":"Polygon","coordinates":[[[149.03715,-31.25177],[149.03683,-31.25155],[149.03761,-31.25131],[149.03905,-31.25219],[149.03917,-31.25282],[149.03791,-31.25311],[149.03785,-31.2528],[149.03738,-31.25271],[149.03742,-31.25217],[149.03699,-31.252],[149.03715,-31.25177]]]}},{"type":"Feature","properties":{"OBJECTID":8747098,"PCTID":0,"PCTName":"Not classified","vegClass":"Not classified","vegForm":"Not classified"},"geometry":{"type":"Polygon","coordinates":[[[148.97385,-31.25354],[148.97379,-31.25331],[148.97486,-31.25429],[148.97385,-31.25354]]]}},{"type":"Feature","properties":{"OBJECTID":8747099,"PCTID":389,"PCTName":"Motherumbah - White Bloodwood - cypress pine very tall shrubland / woodland of the Coonabarabran region, Brigalow Belt South Bioregion","vegClass":"North-west Slopes Dry Sclerophyll Woodlands","vegForm":"Dry Sclerophyll Forests (Shrub/grass sub-formation)"},"geometry":{"type":"Polygon","coordinates":[[[148.98004,-31.25353],[148.97979,-31.25394],[148.98006,-31.25416],[148.97959,-31.25421],[148.97972,-31.25295],[148.98013,-31.2528],[148.97981,-31.25227],[148.98098,-31.25292],[148.98098,-31.2532],[148.98004,-31.25353]]]}},{"type":"Feature","properties":{"OBJECTID":8747104,"PCTID":0,"PCTName":"Not classified","vegClass":"Not classified","vegForm":"Not classified"},"geometry":{"type":"Polygon","coordinates":[[[148.97486,-31.25438],[148.97486,-31.25429],[148.97497,-31.25442],[148.97486,-31.25438]]]}},{"type":"Feature","properties":{"OBJECTID":8747105,"PCTID":0,"PCTName":"Not classified","vegClass":"Not classified","vegForm":"Not classified"},"geometry":{"type":"Polygon","coordinates":[[[148.99392,-31.25393],[148.99392,-31.25384],[148.99418,-31.25411],[148.99392,-31.25393]]]}},{"type":"Feature","properties":{"OBJECTID":8747109,"PCTID":0,"PCTName":"Not classified","vegClass":"Not classified","vegForm":"Not classified"},"geometry":{"type":"Polygon","coordinates":[[[148.97497,-31.25451],[148.97497,-31.25442],[148.97502,-31.25451],[148.97497,-31.25451]]]}},{"type":"Feature","properties":{"OBJECTID":8747110,"PCTID":379,"PCTName":"Inland Scribbly Gum - White Bloodwood - Red Stringybark - Black Cypress Pine shrubby sandstone woodland mainly of the Warrumbungle NP - Pilliga region in the Brigalow Belt South Bioregion","vegClass":"Western Slopes Dry Sclerophyll Forests","vegForm":"Dry Sclerophyll Forests (Shrubby sub-formation)"},"geometry":{"type":"Polygon","coordinates":[[[149.01141,-31.23988],[149.0121,-31.24014],[149.01097,-31.24129],[149.0113,-31.24209],[149.00988,-31.24185],[149.00862,-31.24218],[149.00848,-31.24291],[149.00885,-31.24308],[149.00879,-31.24259],[149.0091,-31.24254],[149.0098,-31.24329],[149.01085,-31.24314],[149.011,-31.24264],[149.01158,-31.24304],[149.0114,-31.24403],[149.01182,-31.2443],[149.01179,-31.24543],[149.01331,-31.24531],[149.01423,-31.24629],[149.01298,-31.24662],[149.01164,-31.24791],[149.01202,-31.24831],[149.01244,-31.24826],[149.01234,-31.24853],[149.01329,-31.24883],[149.01407,-31.24864],[149.01406,-31.24828],[149.01332,-31.24793],[149.01275,-31.24807],[149.01299,-31.24726],[149.01483,-31.24727],[149.01458,-31.24782],[149.01511,-31.24817],[149.01492,-31.24894],[149.01556,-31.24938],[149.016,-31.25027],[149.01576,-31.25123],[149.01628,-31.25113],[149.01635,-31.2518],[149.01406,-31.25265],[149.01381,-31.25351],[149.01313,-31.25343],[149.01219,-31.2539],[149.01281,-31.25308],[149.01323,-31.25321],[149.0138,-31.25279],[149.01331,-31.25221],[149.01346,-31.25171],[149.01292,-31.25132],[149.01333,-31.25072],[149.01291,-31.25055],[149.01311,-31.25019],[149.01284,-31.24987],[149.01223,-31.25061],[149.01196,-31.25273],[149.01075,-31.25289],[149.01068,-31.25176],[149.00928,-31.2526],[149.00847,-31.25162],[149.00866,-31.25076],[149.00907,-31.25034],[149.00991,-31.25037],[149.00995,-31.24979],[149.01115,-31.24945],[149.01134,-31.24873],[149.01077,-31.24878],[149.00948,-31.2498],[149.00722,-31.25001],[149.00711,-31.2497],[149.00753,-31.24983],[149.00857,-31.24936],[149.00814,-31.24896],[149.00823,-31.24797],[149.0077,-31.24788],[149.00825,-31.24679],[149.00773,-31.24667],[149.00779,-31.24703],[149.00747,-31.24699],[149.0067,-31.24777],[149.00579,-31.24701],[149.00544,-31.24756],[149.00507,-31.24752],[149.00442,-31.24681],[149.00457,-31.2464],[149.00418,-31.24524],[149.00392,-31.24569],[149.00276,-31.2453],[149.00234,-31.24545],[149.00235,-31.2459],[149.00283,-31.24598],[149.00217,-31.2473],[149.00266,-31.24774],[149.00229,-31.24784],[149.00261,-31.24819],[149.00263,-31.2491],[149.00217,-31.2496],[149.00151,-31.24835],[149.00115,-31.24871],[149.00117,-31.24962],[149.00086,-31.24949],[149.00112,-31.2493],[149.001,-31.24876],[149.00013,-31.24765],[148.9992,-31.24816],[148.99902,-31.24726],[148.99949,-31.24707],[148.99937,-31.24658],[148.99974,-31.24657],[148.99993,-31.24571],[149.0004,-31.24534],[148.99953,-31.24405],[148.99978,-31.24355],[149.00047,-31.24372],[149.00041,-31.2434],[149.00114,-31.24321],[149.00107,-31.24235],[149.00158,-31.2418],[149.00131,-31.24145],[149.00314,-31.24137],[149.00381,-31.24068],[149.00513,-31.24098],[149.00533,-31.2403],[149.0059,-31.24006],[149.00578,-31.23961],[149.00426,-31.23982],[149.00411,-31.24009],[149.00379,-31.23978],[149.00394,-31.23933],[149.00446,-31.23923],[149.00387,-31.23865],[149.0052,-31.23863],[149.00944,-31.23863],[149.00934,-31.23892],[149.0104,-31.23949],[149.01042,-31.23863],[149.01094,-31.23863],[149.01141,-31.23988]],[[149.001,-31.24637],[149.00111,-31.24655],[149.00115,-31.24632],[149.001,-31.24637]]]}},{"type":"Feature","properties":{"OBJECTID":8747124,"PCTID":439,"PCTName":"Mock Olive - Tumbledown Red Gum - Red Ash - Wilga siliceous rocky hill low woodland / shrubland in the Gunnedah - Tambar Springs region, Brigalow Belt South Bioregion","vegClass":"Inland Rocky Hill Woodlands","vegForm":"Semi-arid Woodlands (Shrubby sub-formation)"},"geometry":{"type":"Polygon","coordinates":[[[149.03666,-31.25327],[149.03624,-31.25368],[149.03582,-31.2536],[149.03576,-31.25301],[149.03518,-31.2532],[149.03518,-31.25289],[149.03627,-31.25264],[149.03666,-31.25327]]]}},{"type":"Feature","properties":{"OBJECTID":8747128,"PCTID":0,"PCTName":"Not classified","vegClass":"Not classified","vegForm":"Not classified"},"geometry":{"type":"Polygon","coordinates":[[[148.97508,-31.25474],[148.97502,-31.25451],[148.97513,-31.2546],[148.97508,-31.25474]]]}},{"type":"Feature","properties":{"OBJECTID":8747142,"PCTID":381,"PCTName":"Rough-barked Apple - Yellow Box grass/shrub footslope open forest, Brigalow Belt South Bioregion","vegClass":"North-west Slopes Dry Sclerophyll Woodlands","vegForm":"Dry Sclerophyll Forests (Shrub/grass sub-formation)"},"geometry":{"type":"Polygon","coordinates":[[[148.99419,-31.25415],[148.99351,-31.25443],[148.99271,-31.25413],[148.99262,-31.25458],[148.9921,-31.25477],[148.99167,-31.25446],[148.99171,-31.25379],[148.99092,-31.25385],[148.99028,-31.25349],[148.99038,-31.25318],[148.98926,-31.25229],[148.9893,-31.25175],[148.98988,-31.2517],[148.99026,-31.25223],[148.9903,-31.25187],[148.99114,-31.25195],[148.99092,-31.2515],[148.99128,-31.25122],[148.99183,-31.2523],[148.9923,-31.25224],[148.99242,-31.25269],[148.99305,-31.2525],[148.99419,-31.25415]]]}},{"type":"Feature","properties":{"OBJECTID":8747146,"PCTID":417,"PCTName":"Black Cypress Pine - Narrow-leaved Ironbark - red gum +/- White Bloodwood shrubby open forest on hills of the southern Pilliga, Coonabarabran and Garawilla regions, Brigalow Belt South Bioregion","vegClass":"Western Slopes Dry Sclerophyll Forests","vegForm":"Dry Sclerophyll Forests (Shrubby sub-formation)"},"geometry":{"type":"Polygon","coordinates":[[[149.0261,-31.25092],[149.02618,-31.25204],[149.02684,-31.25357],[149.02659,-31.25425],[149.02563,-31.25332],[149.02576,-31.25219],[149.02464,-31.25139],[149.02536,-31.25084],[149.02347,-31.25078],[149.02392,-31.24983],[149.02375,-31.24938],[149.02433,-31.24932],[149.0261,-31.25092]]]}},{"type":"Feature","properties":{"OBJECTID":8747149,"PCTID":417,"PCTName":"Black Cypress Pine - Narrow-leaved Ironbark - red gum +/- White Bloodwood shrubby open forest on hills of the southern Pilliga, Coonabarabran and Garawilla regions, Brigalow Belt South Bioregion","vegClass":"Western Slopes Dry Sclerophyll Forests","vegForm":"Dry Sclerophyll Forests (Shrubby sub-formation)"},"geometry":{"type":"Polygon","coordinates":[[[148.98305,-31.25415],[148.98265,-31.25479],[148.98202,-31.25512],[148.98191,-31.25458],[148.98221,-31.25408],[148.98187,-31.25305],[148.98239,-31.25277],[148.9822,-31.25349],[148.98289,-31.25393],[148.98305,-31.25415]]]}},{"type":"Feature","properties":{"OBJECTID":8747160,"PCTID":389,"PCTName":"Motherumbah - White Bloodwood - cypress pine very tall shrubland / woodland of the Coonabarabran region, Brigalow Belt South Bioregion","vegClass":"North-west Slopes Dry Sclerophyll Woodlands","vegForm":"Dry Sclerophyll Forests (Shrub/grass sub-formation)"},"geometry":{"type":"Polygon","coordinates":[[[148.98219,-31.25322],[148.98295,-31.25213],[148.98327,-31.25221],[148.98334,-31.25316],[148.98383,-31.25369],[148.98352,-31.25392],[148.98364,-31.25455],[148.98412,-31.25517],[148.98307,-31.25497],[148.98321,-31.25406],[148.98289,-31.25393],[148.98219,-31.25322]]]}},{"type":"Feature","properties":{"OBJECTID":8747163,"PCTID":417,"PCTName":"Black Cypress Pine - Narrow-leaved Ironbark - red gum +/- White Bloodwood shrubby open forest on hills of the southern Pilliga, Coonabarabran and Garawilla regions, Brigalow Belt South Bioregion","vegClass":"Western Slopes Dry Sclerophyll Forests","vegForm":"Dry Sclerophyll Forests (Shrubby sub-formation)"},"geometry":{"type":"Polygon","coordinates":[[[148.99374,-31.25515],[148.99287,-31.25417],[148.99351,-31.25443],[148.99419,-31.25415],[148.99446,-31.25483],[148.99374,-31.25515]]]}},{"type":"Feature","properties":{"OBJECTID":8747169,"PCTID":389,"PCTName":"Motherumbah - White Bloodwood - cypress pine very tall shrubland / woodland of the Coonabarabran region, Brigalow Belt South Bioregion","vegClass":"North-west Slopes Dry Sclerophyll Woodlands","vegForm":"Dry Sclerophyll Forests (Shrub/grass sub-formation)"},"geometry":{"type":"Polygon","coordinates":[[[148.99374,-31.25515],[148.99274,-31.25526],[148.99257,-31.25486],[148.99226,-31.25486],[148.99287,-31.25417],[148.99374,-31.25515]]]}},{"type":"Feature","properties":{"OBJECTID":8747173,"PCTID":0,"PCTName":"Not classified","vegClass":"Not classified","vegForm":"Not classified"},"geometry":{"type":"Polygon","coordinates":[[[149.03005,-31.25139],[149.03047,-31.25143],[149.03017,-31.25198],[149.03074,-31.25179],[149.03085,-31.25224],[149.0306,-31.25242],[149.03042,-31.25405],[149.03005,-31.25401],[149.03001,-31.25446],[149.02948,-31.25416],[149.02918,-31.25475],[149.02885,-31.25417],[149.02916,-31.25407],[149.02926,-31.25357],[149.02893,-31.25322],[149.03039,-31.25247],[149.02969,-31.25194],[149.02983,-31.25095],[149.03005,-31.25139]]]}},{"type":"Feature","properties":{"OBJECTID":8747174,"PCTID":0,"PCTName":"Not classified","vegClass":"Not classified","vegForm":"Not classified"},"geometry":{"type":"Polygon","coordinates":[[[148.99418,-31.25411],[148.99456,-31.25464],[148.99453,-31.25537],[148.99418,-31.25411]]]}},{"type":"Feature","properties":{"OBJECTID":8747177,"PCTID":0,"PCTName":"Not classified","vegClass":"Not classified","vegForm":"Not classified"},"geometry":{"type":"Polygon","coordinates":[[[148.99453,-31.25541],[148.99453,-31.25537],[148.99458,-31.25541],[148.99453,-31.25541]]]}},{"type":"Feature","properties":{"OBJECTID":8747178,"PCTID":389,"PCTName":"Motherumbah - White Bloodwood - cypress pine very tall shrubland / woodland of the Coonabarabran region, Brigalow Belt South Bioregion","vegClass":"North-west Slopes Dry Sclerophyll Woodlands","vegForm":"Dry Sclerophyll Forests (Shrub/grass sub-formation)"},"geometry":{"type":"Polygon","coordinates":[[[148.98837,-31.25231],[148.98926,-31.25216],[148.99038,-31.25318],[148.99028,-31.25349],[148.99113,-31.25384],[148.99079,-31.25498],[148.99143,-31.25528],[148.99049,-31.25561],[148.99053,-31.25507],[148.98973,-31.25477],[148.98962,-31.25418],[148.9893,-31.25428],[148.9894,-31.25383],[148.98887,-31.2537],[148.98875,-31.25316],[148.98827,-31.25285],[148.98799,-31.25195],[148.98836,-31.25208],[148.98837,-31.25231]]]}},{"type":"Feature","properties":{"OBJECTID":8747180,"PCTID":386,"PCTName":"Tumbledown Red Gum trachyte rock flat sedgeland - shrubland of the Warrumbungle Range region","vegClass":"North-west Slopes Dry Sclerophyll Woodlands","vegForm":"Dry Sclerophyll Forests (Shrub/grass sub-formation)"},"geometry":{"type":"Polygon","coordinates":[[[148.99348,-31.25561],[148.9929,-31.25521],[148.99446,-31.25483],[148.99437,-31.25528],[148.99348,-31.25561]]]}},{"type":"Feature","properties":{"OBJECTID":8747182,"PCTID":379,"PCTName":"Inland Scribbly Gum - White Bloodwood - Red Stringybark - Black Cypress Pine shrubby sandstone woodland mainly of the Warrumbungle NP - Pilliga region in the Brigalow Belt South Bioregion","vegClass":"Western Slopes Dry Sclerophyll Forests","vegForm":"Dry Sclerophyll Forests (Shrubby sub-formation)"},"geometry":{"type":"Polygon","coordinates":[[[148.99447,-31.25532],[148.99451,-31.25446],[148.99386,-31.2538],[148.99394,-31.25276],[148.99335,-31.252],[148.99336,-31.2525],[148.99315,-31.25246],[148.9926,-31.25125],[148.99408,-31.25185],[148.99449,-31.25122],[148.99442,-31.25054],[148.99405,-31.25032],[148.99435,-31.24995],[148.9935,-31.24911],[148.99458,-31.24846],[148.99513,-31.2494],[148.99566,-31.24948],[148.9958,-31.2488],[148.99662,-31.24775],[148.99731,-31.24806],[148.99679,-31.24824],[148.99618,-31.24947],[148.99636,-31.25033],[148.99699,-31.25032],[148.99676,-31.24969],[148.99713,-31.24959],[148.99753,-31.24846],[148.998,-31.2485],[148.99825,-31.2479],[148.99796,-31.24683],[148.99868,-31.24591],[148.99864,-31.24663],[148.99896,-31.24695],[148.9987,-31.24713],[148.99868,-31.24844],[148.99942,-31.24856],[148.9998,-31.24923],[148.99927,-31.2492],[148.99918,-31.24965],[148.99861,-31.24979],[148.99856,-31.25034],[148.99809,-31.25034],[148.99773,-31.25076],[148.99775,-31.25134],[148.99838,-31.25133],[148.99837,-31.25097],[149.00046,-31.25076],[149.00115,-31.25079],[149.00115,-31.25102],[149.00052,-31.25094],[148.99959,-31.25163],[148.99765,-31.25189],[148.99761,-31.25247],[148.99662,-31.25244],[148.99652,-31.25272],[148.99738,-31.25387],[148.99638,-31.25358],[148.99656,-31.25443],[148.99598,-31.25435],[148.99614,-31.25475],[148.99651,-31.2547],[148.99637,-31.25556],[148.99504,-31.25459],[148.9949,-31.2554],[148.99447,-31.25532]]]}},{"type":"Feature","properties":{"OBJECTID":8747186,"PCTID":393,"PCTName":"White Box shrubby woodland of the western Liverpool Range, Warrumbungle Range and south-west Pilliga forests, Brigalow Belt South Bioregion","vegClass":"North-west Slopes Dry Sclerophyll Woodlands","vegForm":"Dry Sclerophyll Forests (Shrub/grass sub-formation)"},"geometry":{"type":"Polygon","coordinates":[[[149.01606,-31.25312],[149.01498,-31.2539],[149.01432,-31.25513],[149.01359,-31.25541],[149.01347,-31.25465],[149.01232,-31.25462],[149.01217,-31.25507],[149.01039,-31.25537],[149.00994,-31.25412],[149.0112,-31.25419],[149.01135,-31.25392],[149.01287,-31.25375],[149.01313,-31.25343],[149.01381,-31.25351],[149.01406,-31.25265],[149.01453,-31.25269],[149.01536,-31.25204],[149.01609,-31.25208],[149.01606,-31.25312]]]}},{"type":"Feature","properties":{"OBJECTID":8747187,"PCTID":0,"PCTName":"Not classified","vegClass":"Not classified","vegForm":"Not classified"},"geometry":{"type":"Polygon","coordinates":[[[148.97515,-31.25555],[148.97514,-31.25482],[148.97548,-31.25608],[148.97515,-31.25555]]]}},{"type":"Feature","properties":{"OBJECTID":8747188,"PCTID":394,"PCTName":"Narrow-leaved Ironbark - White Cypress pine woodland on slopes and flats in the Coonabarabran - Pilliga Scrub regions","vegClass":"North-west Slopes Dry Sclerophyll Woodlands","vegForm":"Dry Sclerophyll Forests (Shrub/grass sub-formation)"},"geometry":{"type":"Polygon","coordinates":[[[148.98806,-31.25493],[148.9883,-31.25402],[148.98878,-31.25433],[148.98854,-31.25515],[148.98891,-31.25546],[148.98849,-31.25537],[148.9886,-31.25591],[148.98806,-31.25493]]]}},{"type":"Feature","properties":{"OBJECTID":8747189,"PCTID":0,"PCTName":"Not classified","vegClass":"Not classified","vegForm":"Not classified"},"geometry":{"type":"Polygon","coordinates":[[[148.97548,-31.25617],[148.97548,-31.25608],[148.97553,-31.25617],[148.97548,-31.25617]]]}},{"type":"Feature","properties":{"OBJECTID":8747193,"PCTID":0,"PCTName":"Not classified","vegClass":"Not classified","vegForm":"Not classified"},"geometry":{"type":"Polygon","coordinates":[[[148.99469,-31.25541],[148.99527,-31.25549],[148.99554,-31.25594],[148.99469,-31.25541]]]}},{"type":"Feature","properties":{"OBJECTID":8747194,"PCTID":0,"PCTName":"Not classified","vegClass":"Not classified","vegForm":"Not classified"},"geometry":{"type":"Polygon","coordinates":[[[148.97553,-31.25626],[148.97553,-31.25617],[148.97564,-31.25631],[148.97553,-31.25626]]]}},{"type":"Feature","properties":{"OBJECTID":8747195,"PCTID":0,"PCTName":"Not classified","vegClass":"Not classified","vegForm":"Not classified"},"geometry":{"type":"Polygon","coordinates":[[[148.99554,-31.25598],[148.99554,-31.25594],[148.99559,-31.25598],[148.99554,-31.25598]]]}},{"type":"Feature","properties":{"OBJECTID":8747197,"PCTID":0,"PCTName":"Not classified","vegClass":"Not classified","vegForm":"Not classified"},"geometry":{"type":"Polygon","coordinates":[[[148.99559,-31.25602],[148.99559,-31.25598],[148.99565,-31.25602],[148.99559,-31.25602]]]}},{"type":"Feature","properties":{"OBJECTID":8747204,"PCTID":393,"PCTName":"White Box shrubby woodland of the western Liverpool Range, Warrumbungle Range and south-west Pilliga forests, Brigalow Belt South Bioregion","vegClass":"North-west Slopes Dry Sclerophyll Woodlands","vegForm":"Dry Sclerophyll Forests (Shrub/grass sub-formation)"},"geometry":{"type":"Polygon","coordinates":[[[148.99879,-31.25561],[148.99869,-31.25602],[148.99738,-31.25613],[148.99717,-31.25591],[148.99794,-31.25544],[148.99757,-31.25523],[148.99793,-31.2549],[148.99879,-31.25561]]]}},{"type":"Feature","properties":{"OBJECTID":8747208,"PCTID":381,"PCTName":"Rough-barked Apple - Yellow Box grass/shrub footslope open forest, Brigalow Belt South Bioregion","vegClass":"North-west Slopes Dry Sclerophyll Woodlands","vegForm":"Dry Sclerophyll Forests (Shrub/grass sub-formation)"},"geometry":{"type":"Polygon","coordinates":[[[149.03265,-31.25478],[149.03209,-31.25578],[149.03145,-31.25525],[149.03103,-31.25535],[149.03118,-31.25494],[149.03091,-31.25485],[149.03111,-31.25417],[149.03178,-31.25389],[149.03265,-31.25478]]]}},{"type":"Feature","properties":{"OBJECTID":8747212,"PCTID":393,"PCTName":"White Box shrubby woodland of the western Liverpool Range, Warrumbungle Range and south-west Pilliga forests, Brigalow Belt South Bioregion","vegClass":"North-west Slopes Dry Sclerophyll Woodlands","vegForm":"Dry Sclerophyll Forests (Shrub/grass sub-formation)"},"geometry":{"type":"Polygon","coordinates":[[[148.98926,-31.25487],[148.98895,-31.25496],[148.98917,-31.25523],[148.98969,-31.25513],[148.99019,-31.25629],[148.98962,-31.25662],[148.98872,-31.25636],[148.98849,-31.25537],[148.98891,-31.25546],[148.98854,-31.25515],[148.98878,-31.25433],[148.98835,-31.25407],[148.98834,-31.25344],[148.98871,-31.25334],[148.98892,-31.25374],[148.9894,-31.25383],[148.9893,-31.25428],[148.98926,-31.25487]]]}},{"type":"Feature","properties":{"OBJECTID":8747213,"PCTID":393,"PCTName":"White Box shrubby woodland of the western Liverpool Range, Warrumbungle Range and south-west Pilliga forests, Brigalow Belt South Bioregion","vegClass":"North-west Slopes Dry Sclerophyll Woodlands","vegForm":"Dry Sclerophyll Forests (Shrub/grass sub-formation)"},"geometry":{"type":"Polygon","coordinates":[[[149.00117,-31.25634],[149.00115,-31.25571],[149.00169,-31.25629],[149.00117,-31.25634]]]}},{"type":"Feature","properties":{"OBJECTID":8747224,"PCTID":379,"PCTName":"Inland Scribbly Gum - White Bloodwood - Red Stringybark - Black Cypress Pine shrubby sandstone woodland mainly of the Warrumbungle NP - Pilliga region in the Brigalow Belt South Bioregion","vegClass":"Western Slopes Dry Sclerophyll Forests","vegForm":"Dry Sclerophyll Forests (Shrubby sub-formation)"},"geometry":{"type":"Polygon","coordinates":[[[149.0198,-31.25599],[149.01776,-31.25629],[149.01743,-31.25571],[149.01623,-31.25573],[149.01585,-31.25542],[149.01594,-31.25474],[149.01677,-31.25437],[149.01662,-31.25225],[149.0173,-31.2521],[149.01728,-31.25115],[149.0178,-31.25088],[149.01849,-31.25123],[149.01922,-31.25112],[149.01921,-31.25058],[149.01868,-31.25041],[149.01888,-31.25],[149.01968,-31.25044],[149.01958,-31.25067],[149.02069,-31.25078],[149.02008,-31.25183],[149.02036,-31.25282],[149.0213,-31.25258],[149.02108,-31.25204],[149.02159,-31.25135],[149.02202,-31.25193],[149.02183,-31.25243],[149.02225,-31.25243],[149.02258,-31.25328],[149.02202,-31.25387],[149.02175,-31.25388],[149.02175,-31.25356],[149.02112,-31.25384],[149.02099,-31.25484],[149.02041,-31.25507],[149.02009,-31.25454],[149.01956,-31.2545],[149.01926,-31.25505],[149.01873,-31.25497],[149.01827,-31.25533],[149.02064,-31.25584],[149.02143,-31.25578],[149.02236,-31.25522],[149.02315,-31.25539],[149.02321,-31.25575],[149.02175,-31.25609],[149.02108,-31.25669],[149.0205,-31.25665],[149.0198,-31.25599]]]}},{"type":"Feature","properties":{"OBJECTID":8747232,"PCTID":0,"PCTName":"Not classified","vegClass":"Not classified","vegForm":"Not classified"},"geometry":{"type":"Polygon","coordinates":[[[148.97618,-31.25688],[148.97564,-31.25631],[148.97751,-31.25772],[148.97618,-31.25688]]]}},{"type":"Feature","properties":{"OBJECTID":8747246,"PCTID":0,"PCTName":"Not classified","vegClass":"Not classified","vegForm":"Not classified"},"geometry":{"type":"Polygon","coordinates":[[[148.97772,-31.25794],[148.97751,-31.25772],[148.97783,-31.25794],[148.97772,-31.25794]]]}},{"type":"Feature","properties":{"OBJECTID":8747248,"PCTID":0,"PCTName":"Not classified","vegClass":"Not classified","vegForm":"Not classified"},"geometry":{"type":"Polygon","coordinates":[[[148.97783,-31.25798],[148.97783,-31.25794],[148.97788,-31.25798],[148.97783,-31.25798]]]}},{"type":"Feature","properties":{"OBJECTID":8747249,"PCTID":389,"PCTName":"Motherumbah - White Bloodwood - cypress pine very tall shrubland / woodland of the Coonabarabran region, Brigalow Belt South Bioregion","vegClass":"North-west Slopes Dry Sclerophyll Woodlands","vegForm":"Dry Sclerophyll Forests (Shrub/grass sub-formation)"},"geometry":{"type":"Polygon","coordinates":[[[148.98806,-31.25493],[148.98872,-31.25636],[148.98979,-31.25716],[148.98964,-31.25779],[148.98922,-31.25771],[148.98857,-31.25686],[148.9881,-31.25691],[148.98746,-31.25634],[148.98704,-31.25635],[148.98769,-31.25494],[148.987,-31.25463],[148.98683,-31.25418],[148.9872,-31.25413],[148.98755,-31.25345],[148.98834,-31.25344],[148.98835,-31.25402],[148.98806,-31.25493]]]}},{"type":"Feature","properties":{"OBJECTID":8747271,"PCTID":394,"PCTName":"Narrow-leaved Ironbark - White Cypress pine woodland on slopes and flats in the Coonabarabran - Pilliga Scrub regions","vegClass":"North-west Slopes Dry Sclerophyll Woodlands","vegForm":"Dry Sclerophyll Forests (Shrub/grass sub-formation)"},"geometry":{"type":"Polygon","coordinates":[[[148.99399,-31.257],[148.99462,-31.25712],[148.99548,-31.25792],[148.99506,-31.25824],[148.99359,-31.25786],[148.99394,-31.25727],[148.99356,-31.25664],[148.99392,-31.25655],[148.99399,-31.257]]]}},{"type":"Feature","properties":{"OBJECTID":8747275,"PCTID":0,"PCTName":"Not classified","vegClass":"Not classified","vegForm":"Not classified"},"geometry":{"type":"Polygon","coordinates":[[[148.97794,-31.25812],[148.97788,-31.25798],[148.97874,-31.25856],[148.97794,-31.25812]]]}},{"type":"Feature","properties":{"OBJECTID":8747278,"PCTID":0,"PCTName":"Not classified","vegClass":"Not classified","vegForm":"Not classified"},"geometry":{"type":"Polygon","coordinates":[[[148.99612,-31.25624],[148.99624,-31.25683],[148.99554,-31.25846],[148.99614,-31.25687],[148.99613,-31.25638],[148.99565,-31.25602],[148.99612,-31.25624]]]}},{"type":"Feature","properties":{"OBJECTID":8747280,"PCTID":394,"PCTName":"Narrow-leaved Ironbark - White Cypress pine woodland on slopes and flats in the Coonabarabran - Pilliga Scrub regions","vegClass":"North-west Slopes Dry Sclerophyll Woodlands","vegForm":"Dry Sclerophyll Forests (Shrub/grass sub-formation)"},"geometry":{"type":"Polygon","coordinates":[[[148.98762,-31.25169],[148.98876,-31.25329],[148.98808,-31.25362],[148.98755,-31.25345],[148.9872,-31.25413],[148.98683,-31.25418],[148.987,-31.25463],[148.98769,-31.25494],[148.9875,-31.25566],[148.98678,-31.25658],[148.98521,-31.25656],[148.98548,-31.25691],[148.98464,-31.25715],[148.9847,-31.25742],[148.98554,-31.25727],[148.98492,-31.25787],[148.98498,-31.25827],[148.98377,-31.25807],[148.98368,-31.25875],[148.98356,-31.25839],[148.98257,-31.25836],[148.98235,-31.25805],[148.98177,-31.25806],[148.98176,-31.25774],[148.98097,-31.25757],[148.98134,-31.25734],[148.98122,-31.25698],[148.98183,-31.25593],[148.98151,-31.25567],[148.98168,-31.25382],[148.98131,-31.25378],[148.98161,-31.25305],[148.98119,-31.25292],[148.98128,-31.25224],[148.98175,-31.25215],[148.98148,-31.25188],[148.98168,-31.25151],[148.98099,-31.25112],[148.98131,-31.25161],[148.98048,-31.25167],[148.97888,-31.25084],[148.97882,-31.25052],[148.98038,-31.24982],[148.98042,-31.24932],[148.98111,-31.24927],[148.98213,-31.24799],[148.98328,-31.24788],[148.98262,-31.24911],[148.98353,-31.2495],[148.98525,-31.24925],[148.98609,-31.24905],[148.98613,-31.24846],[148.98639,-31.24837],[148.98692,-31.24868],[148.98672,-31.24904],[148.98769,-31.25015],[148.98765,-31.25079],[148.98829,-31.25114],[148.98762,-31.25169]],[[148.98378,-31.25148],[148.98431,-31.25192],[148.98457,-31.25169],[148.98423,-31.25066],[148.98378,-31.25148]],[[148.98182,-31.25314],[148.98221,-31.25408],[148.98191,-31.25458],[148.98202,-31.25512],[148.98254,-31.25493],[148.98305,-31.25393],[148.98307,-31.25497],[148.98412,-31.25517],[148.98364,-31.25455],[148.98352,-31.25392],[148.98383,-31.25369],[148.98334,-31.25316],[148.98327,-31.25221],[148.9828,-31.25213],[148.9828,-31.25249],[148.98239,-31.25277],[148.98182,-31.25314]]]}},{"type":"Feature","properties":{"OBJECTID":8747281,"PCTID":0,"PCTName":"Not classified","vegClass":"Not classified","vegForm":"Not classified"},"geometry":{"type":"Polygon","coordinates":[[[148.99549,-31.25855],[148.99549,-31.25851],[148.99554,-31.25855],[148.99549,-31.25855]]]}},{"type":"Feature","properties":{"OBJECTID":8747285,"PCTID":0,"PCTName":"Not classified","vegClass":"Not classified","vegForm":"Not classified"},"geometry":{"type":"Polygon","coordinates":[[[148.97874,-31.25856],[148.97911,-31.25882],[148.97922,-31.25904],[148.97874,-31.25856]]]}},{"type":"Feature","properties":{"OBJECTID":8747295,"PCTID":0,"PCTName":"Not classified","vegClass":"Not classified","vegForm":"Not classified"},"geometry":{"type":"Polygon","coordinates":[[[148.97922,-31.25918],[148.97922,-31.25904],[148.97933,-31.25922],[148.97922,-31.25918]]]}},{"type":"Feature","properties":{"OBJECTID":8747300,"PCTID":379,"PCTName":"Inland Scribbly Gum - White Bloodwood - Red Stringybark - Black Cypress Pine shrubby sandstone woodland mainly of the Warrumbungle NP - Pilliga region in the Brigalow Belt South Bioregion","vegClass":"Western Slopes Dry Sclerophyll Forests","vegForm":"Dry Sclerophyll Forests (Shrubby sub-formation)"},"geometry":{"type":"Polygon","coordinates":[[[148.99268,-31.25517],[148.9919,-31.25523],[148.99207,-31.25595],[148.99113,-31.25596],[148.99125,-31.25695],[148.99211,-31.25744],[148.99023,-31.25819],[148.99009,-31.25882],[148.98952,-31.25915],[148.98944,-31.25825],[148.98907,-31.25803],[148.98975,-31.2577],[148.98979,-31.25716],[148.9892,-31.25663],[148.99019,-31.25629],[148.98969,-31.25513],[148.98917,-31.25523],[148.98895,-31.25496],[148.98926,-31.25487],[148.98925,-31.25432],[148.98956,-31.25414],[148.98973,-31.25477],[148.99053,-31.25507],[148.99049,-31.25561],[148.99143,-31.25528],[148.99079,-31.25498],[148.99113,-31.25389],[148.99171,-31.25379],[148.99167,-31.25446],[148.99226,-31.25477],[148.99268,-31.25517]]]}},{"type":"Feature","properties":{"OBJECTID":8747302,"PCTID":0,"PCTName":"Not classified","vegClass":"Not classified","vegForm":"Not classified"},"geometry":{"type":"Polygon","coordinates":[[[148.99493,-31.2591],[148.99549,-31.25864],[148.9955,-31.259],[148.99514,-31.25915],[148.99493,-31.2591]]]}},{"type":"Feature","properties":{"OBJECTID":8747304,"PCTID":0,"PCTName":"Not classified","vegClass":"Not classified","vegForm":"Not classified"},"geometry":{"type":"Polygon","coordinates":[[[148.99472,-31.2592],[148.99472,-31.25915],[148.99488,-31.25919],[148.99472,-31.2592]]]}},{"type":"Feature","properties":{"OBJECTID":8747306,"PCTID":0,"PCTName":"Not classified","vegClass":"Not classified","vegForm":"Not classified"},"geometry":{"type":"Polygon","coordinates":[[[148.99467,-31.2592],[148.99467,-31.25924],[148.99461,-31.25924],[148.99467,-31.2592]]]}},{"type":"Feature","properties":{"OBJECTID":8747308,"PCTID":393,"PCTName":"White Box shrubby woodland of the western Liverpool Range, Warrumbungle Range and south-west Pilliga forests, Brigalow Belt South Bioregion","vegClass":"North-west Slopes Dry Sclerophyll Woodlands","vegForm":"Dry Sclerophyll Forests (Shrub/grass sub-formation)"},"geometry":{"type":"Polygon","coordinates":[[[148.99823,-31.259],[148.99838,-31.2586],[148.99805,-31.25806],[148.99863,-31.25819],[148.99897,-31.25904],[148.99876,-31.25927],[148.99823,-31.259]]]}},{"type":"Feature","properties":{"OBJECTID":8747312,"PCTID":0,"PCTName":"Not classified","vegClass":"Not classified","vegForm":"Not classified"},"geometry":{"type":"Polygon","coordinates":[[[148.99446,-31.25943],[148.99436,-31.25943],[148.99461,-31.25924],[148.99446,-31.25943]]]}},{"type":"Feature","properties":{"OBJECTID":8747315,"PCTID":0,"PCTName":"Not classified","vegClass":"Not classified","vegForm":"Not classified"},"geometry":{"type":"Polygon","coordinates":[[[148.99399,-31.25948],[148.9943,-31.25943],[148.9942,-31.25966],[148.99399,-31.25948]]]}},{"type":"Feature","properties":{"OBJECTID":8747316,"PCTID":0,"PCTName":"Not classified","vegClass":"Not classified","vegForm":"Not classified"},"geometry":{"type":"Polygon","coordinates":[[[148.9942,-31.2597],[148.9942,-31.25966],[148.99426,-31.2597],[148.9942,-31.2597]]]}},{"type":"Feature","properties":{"OBJECTID":8747326,"PCTID":0,"PCTName":"Not classified","vegClass":"Not classified","vegForm":"Not classified"},"geometry":{"type":"Polygon","coordinates":[[[148.9794,-31.26021],[148.97933,-31.25922],[148.97949,-31.25945],[148.9794,-31.26021]]]}},{"type":"Feature","properties":{"OBJECTID":8747327,"PCTID":381,"PCTName":"Rough-barked Apple - Yellow Box grass/shrub footslope open forest, Brigalow Belt South Bioregion","vegClass":"North-west Slopes Dry Sclerophyll Woodlands","vegForm":"Dry Sclerophyll Forests (Shrub/grass sub-formation)"},"geometry":{"type":"Polygon","coordinates":[[[148.98104,-31.25843],[148.9809,-31.25897],[148.98043,-31.25903],[148.98008,-31.25989],[148.97946,-31.26021],[148.97949,-31.25945],[148.97986,-31.25953],[148.97974,-31.25886],[148.9801,-31.25849],[148.98047,-31.25866],[148.98041,-31.25821],[148.98119,-31.25766],[148.98176,-31.25774],[148.98177,-31.25806],[148.98104,-31.25843]]]}},{"type":"Feature","properties":{"OBJECTID":8747328,"PCTID":417,"PCTName":"Black Cypress Pine - Narrow-leaved Ironbark - red gum +/- White Bloodwood shrubby open forest on hills of the southern Pilliga, Coonabarabran and Garawilla regions, Brigalow Belt South Bioregion","vegClass":"Western Slopes Dry Sclerophyll Forests","vegForm":"Dry Sclerophyll Forests (Shrubby sub-formation)"},"geometry":{"type":"Polygon","coordinates":[[[148.9825,-31.26016],[148.9816,-31.25986],[148.98169,-31.25909],[148.9819,-31.25891],[148.98301,-31.25925],[148.98292,-31.25989],[148.9825,-31.26016]]]}},{"type":"Feature","properties":{"OBJECTID":8747329,"PCTID":0,"PCTName":"Not classified","vegClass":"Not classified","vegForm":"Not classified"},"geometry":{"type":"Polygon","coordinates":[[[148.99436,-31.25984],[148.99426,-31.2597],[148.99484,-31.25996],[148.99436,-31.25984]]]}},{"type":"Feature","properties":{"OBJECTID":8747336,"PCTID":0,"PCTName":"Not classified","vegClass":"Not classified","vegForm":"Not classified"},"geometry":{"type":"Polygon","coordinates":[[[148.9794,-31.26021],[148.97941,-31.26031],[148.97935,-31.26031],[148.9794,-31.26021]]]}},{"type":"Feature","properties":{"OBJECTID":8747343,"PCTID":0,"PCTName":"Not classified","vegClass":"Not classified","vegForm":"Not classified"},"geometry":{"type":"Polygon","coordinates":[[[148.97935,-31.26031],[148.97935,-31.2604],[148.9793,-31.2604],[148.97935,-31.26031]]]}},{"type":"Feature","properties":{"OBJECTID":8747350,"PCTID":0,"PCTName":"Not classified","vegClass":"Not classified","vegForm":"Not classified"},"geometry":{"type":"Polygon","coordinates":[[[148.9793,-31.2604],[148.9793,-31.26049],[148.97925,-31.26049],[148.9793,-31.2604]]]}},{"type":"Feature","properties":{"OBJECTID":8747383,"PCTID":0,"PCTName":"Not classified","vegClass":"Not classified","vegForm":"Not classified"},"geometry":{"type":"Polygon","coordinates":[[[148.99556,-31.26167],[148.99543,-31.26054],[148.99484,-31.25996],[148.99548,-31.26045],[148.99549,-31.26081],[148.99556,-31.26167]]]}},{"type":"Feature","properties":{"OBJECTID":8747387,"PCTID":0,"PCTName":"Not classified","vegClass":"Not classified","vegForm":"Not classified"},"geometry":{"type":"Polygon","coordinates":[[[148.97729,-31.2621],[148.97925,-31.26049],[148.97879,-31.26108],[148.97729,-31.2621]]]}},{"type":"Feature","properties":{"OBJECTID":8747388,"PCTID":0,"PCTName":"Not classified","vegClass":"Not classified","vegForm":"Not classified"},"geometry":{"type":"Polygon","coordinates":[[[148.99556,-31.2618],[148.99556,-31.26167],[148.99562,-31.2618],[148.99556,-31.2618]]]}},{"type":"Feature","properties":{"OBJECTID":8747391,"PCTID":0,"PCTName":"Not classified","vegClass":"Not classified","vegForm":"Not classified"},"geometry":{"type":"Polygon","coordinates":[[[148.97729,-31.2621],[148.97729,-31.26214],[148.97724,-31.26215],[148.97729,-31.2621]]]}},{"type":"Feature","properties":{"OBJECTID":8747392,"PCTID":393,"PCTName":"White Box shrubby woodland of the western Liverpool Range, Warrumbungle Range and south-west Pilliga forests, Brigalow Belt South Bioregion","vegClass":"North-west Slopes Dry Sclerophyll Woodlands","vegForm":"Dry Sclerophyll Forests (Shrub/grass sub-formation)"},"geometry":{"type":"Polygon","coordinates":[[[149.01399,-31.26123],[149.01382,-31.26082],[149.01575,-31.26029],[149.0166,-31.26069],[149.01807,-31.26044],[149.01729,-31.26104],[149.01592,-31.26097],[149.01557,-31.26147],[149.01399,-31.26123]]]}},{"type":"Feature","properties":{"OBJECTID":8747397,"PCTID":0,"PCTName":"Not classified","vegClass":"Not classified","vegForm":"Not classified"},"geometry":{"type":"Polygon","coordinates":[[[148.97724,-31.26215],[148.97724,-31.26224],[148.97709,-31.26233],[148.97724,-31.26215]]]}},{"type":"Feature","properties":{"OBJECTID":8747453,"PCTID":417,"PCTName":"Black Cypress Pine - Narrow-leaved Ironbark - red gum +/- White Bloodwood shrubby open forest on hills of the southern Pilliga, Coonabarabran and Garawilla regions, Brigalow Belt South Bioregion","vegClass":"Western Slopes Dry Sclerophyll Forests","vegForm":"Dry Sclerophyll Forests (Shrubby sub-formation)"},"geometry":{"type":"MultiPolygon","coordinates":[[[[148.97938,-31.25931],[148.9795,-31.25981],[148.97842,-31.26109],[148.9778,-31.2615],[148.97649,-31.26166],[148.97604,-31.26248],[148.97582,-31.26221],[148.97608,-31.26185],[148.9756,-31.26168],[148.97575,-31.26136],[148.97516,-31.26092],[148.97448,-31.26097],[148.97487,-31.25943],[148.97448,-31.25854],[148.97553,-31.25825],[148.97557,-31.2578],[148.97503,-31.25726],[148.9741,-31.25773],[148.97339,-31.25887],[148.97384,-31.26022],[148.97179,-31.26056],[148.9716,-31.26074],[148.9716,-31.2573],[148.97172,-31.25727],[148.9716,-31.25715],[148.9716,-31.2568],[148.97229,-31.2569],[148.97249,-31.25649],[148.97211,-31.256],[148.97352,-31.25553],[148.97424,-31.2547],[148.97513,-31.25478],[148.97539,-31.25432],[148.97644,-31.25449],[148.9768,-31.25426],[148.97686,-31.25466],[148.97635,-31.25499],[148.97667,-31.2553],[148.97671,-31.25498],[148.97713,-31.25493],[148.97707,-31.25448],[148.97911,-31.2539],[148.98001,-31.2542],[148.97979,-31.25389],[148.98004,-31.25353],[148.98098,-31.2532],[148.98084,-31.2541],[148.98133,-31.25468],[148.98061,-31.25541],[148.98099,-31.25595],[148.98107,-31.2573],[148.98114,-31.25784],[148.98041,-31.25821],[148.98047,-31.25866],[148.9801,-31.25849],[148.97974,-31.25886],[148.97986,-31.25953],[148.9796,-31.25953],[148.97921,-31.25911],[148.97938,-31.25931]],[[148.97841,-31.25825],[148.97575,-31.25644],[148.97514,-31.25482],[148.97515,-31.25555],[148.9757,-31.25649],[148.97863,-31.25848],[148.97841,-31.25825]]],[[[148.97165,-31.2612],[148.9716,-31.26125],[148.9716,-31.26108],[148.97165,-31.2612]]],[[[148.97241,-31.26209],[148.97268,-31.26263],[148.9716,-31.26265],[148.9716,-31.26191],[148.97241,-31.26209]]]]}},{"type":"Feature","properties":{"OBJECTID":8747454,"PCTID":393,"PCTName":"White Box shrubby woodland of the western Liverpool Range, Warrumbungle Range and south-west Pilliga forests, Brigalow Belt South Bioregion","vegClass":"North-west Slopes Dry Sclerophyll Woodlands","vegForm":"Dry Sclerophyll Forests (Shrub/grass sub-formation)"},"geometry":{"type":"Polygon","coordinates":[[[148.97176,-31.2612],[148.97235,-31.26177],[148.97361,-31.26171],[148.97325,-31.26203],[148.97326,-31.26253],[148.97435,-31.26201],[148.97462,-31.26237],[148.97457,-31.26259],[148.97268,-31.26263],[148.97241,-31.26209],[148.9716,-31.26191],[148.9716,-31.26123],[148.97176,-31.2612]]]}},{"type":"Feature","properties":{"OBJECTID":8747455,"PCTID":381,"PCTName":"Rough-barked Apple - Yellow Box grass/shrub footslope open forest, Brigalow Belt South Bioregion","vegClass":"North-west Slopes Dry Sclerophyll Woodlands","vegForm":"Dry Sclerophyll Forests (Shrub/grass sub-formation)"},"geometry":{"type":"Polygon","coordinates":[[[148.97457,-31.26259],[148.97457,-31.26237],[148.97478,-31.26259],[148.97457,-31.26259]]]}},{"type":"Feature","properties":{"OBJECTID":8747456,"PCTID":394,"PCTName":"Narrow-leaved Ironbark - White Cypress pine woodland on slopes and flats in the Coonabarabran - Pilliga Scrub regions","vegClass":"North-west Slopes Dry Sclerophyll Woodlands","vegForm":"Dry Sclerophyll Forests (Shrub/grass sub-formation)"},"geometry":{"type":"Polygon","coordinates":[[[148.97247,-31.26028],[148.97384,-31.26022],[148.97339,-31.25887],[148.9741,-31.25773],[148.97477,-31.25727],[148.97519,-31.25731],[148.97557,-31.25789],[148.97527,-31.25848],[148.97448,-31.25854],[148.97487,-31.25943],[148.97448,-31.26097],[148.97516,-31.26092],[148.97575,-31.26136],[148.9756,-31.26168],[148.97582,-31.26212],[148.97541,-31.26258],[148.97478,-31.26259],[148.97451,-31.26201],[148.97382,-31.26211],[148.97341,-31.26257],[148.97325,-31.26203],[148.97361,-31.26171],[148.97235,-31.26177],[148.9716,-31.26103],[148.9716,-31.26086],[148.97247,-31.26028]]]}},{"type":"Feature","properties":{"OBJECTID":8747457,"PCTID":381,"PCTName":"Rough-barked Apple - Yellow Box grass/shrub footslope open forest, Brigalow Belt South Bioregion","vegClass":"North-west Slopes Dry Sclerophyll Woodlands","vegForm":"Dry Sclerophyll Forests (Shrub/grass sub-formation)"},"geometry":{"type":"Polygon","coordinates":[[[148.97699,-31.26256],[148.97541,-31.26258],[148.97582,-31.26212],[148.9756,-31.26168],[148.97608,-31.26185],[148.97583,-31.2623],[148.97609,-31.26248],[148.97649,-31.26166],[148.97791,-31.26146],[148.97934,-31.25981],[148.9794,-31.26021],[148.97699,-31.26256]]]}},{"type":"Feature","properties":{"OBJECTID":8747458,"PCTID":0,"PCTName":"Not classified","vegClass":"Not classified","vegForm":"Not classified"},"geometry":{"type":"Polygon","coordinates":[[[148.97698,-31.26242],[148.97709,-31.26233],[148.97704,-31.26255],[148.97698,-31.26242]]]}},{"type":"Feature","properties":{"OBJECTID":8747459,"PCTID":381,"PCTName":"Rough-barked Apple - Yellow Box grass/shrub footslope open forest, Brigalow Belt South Bioregion","vegClass":"North-west Slopes Dry Sclerophyll Woodlands","vegForm":"Dry Sclerophyll Forests (Shrub/grass sub-formation)"},"geometry":{"type":"Polygon","coordinates":[[[148.97917,-31.26162],[148.97881,-31.26207],[148.9787,-31.26185],[148.97834,-31.26199],[148.97819,-31.26254],[148.97704,-31.26255],[148.97874,-31.26108],[148.97911,-31.26126],[148.97917,-31.26162]]]}},{"type":"Feature","properties":{"OBJECTID":8747460,"PCTID":394,"PCTName":"Narrow-leaved Ironbark - White Cypress pine woodland on slopes and flats in the Coonabarabran - Pilliga Scrub regions","vegClass":"North-west Slopes Dry Sclerophyll Woodlands","vegForm":"Dry Sclerophyll Forests (Shrub/grass sub-formation)"},"geometry":{"type":"Polygon","coordinates":[[[148.98505,-31.26134],[148.98469,-31.26157],[148.98421,-31.26126],[148.98354,-31.26191],[148.98342,-31.26155],[148.98258,-31.26143],[148.98258,-31.26116],[148.98148,-31.26131],[148.98057,-31.26083],[148.98001,-31.26151],[148.98028,-31.26192],[148.98238,-31.26184],[148.98297,-31.26228],[148.97814,-31.26245],[148.97849,-31.26185],[148.97887,-31.26203],[148.98008,-31.25993],[148.98113,-31.2601],[148.98181,-31.25981],[148.9825,-31.26016],[148.98292,-31.25989],[148.98505,-31.26134]]]}},{"type":"Feature","properties":{"OBJECTID":8747461,"PCTID":417,"PCTName":"Black Cypress Pine - Narrow-leaved Ironbark - red gum +/- White Bloodwood shrubby open forest on hills of the southern Pilliga, Coonabarabran and Garawilla regions, Brigalow Belt South Bioregion","vegClass":"Western Slopes Dry Sclerophyll Forests","vegForm":"Dry Sclerophyll Forests (Shrubby sub-formation)"},"geometry":{"type":"Polygon","coordinates":[[[148.98392,-31.26244],[148.98182,-31.26248],[148.98181,-31.26221],[148.98297,-31.26214],[148.98149,-31.26176],[148.98081,-31.26209],[148.98001,-31.26151],[148.98073,-31.26082],[148.98148,-31.26131],[148.98258,-31.26116],[148.98258,-31.26143],[148.98342,-31.26155],[148.98354,-31.26191],[148.98392,-31.26244]]]}},{"type":"Feature","properties":{"OBJECTID":8747462,"PCTID":393,"PCTName":"White Box shrubby woodland of the western Liverpool Range, Warrumbungle Range and south-west Pilliga forests, Brigalow Belt South Bioregion","vegClass":"North-west Slopes Dry Sclerophyll Woodlands","vegForm":"Dry Sclerophyll Forests (Shrub/grass sub-formation)"},"geometry":{"type":"Polygon","coordinates":[[[148.98908,-31.25821],[148.98944,-31.25825],[148.98946,-31.2591],[148.98983,-31.25914],[148.98971,-31.26063],[148.98939,-31.26041],[148.98953,-31.25982],[148.98914,-31.25888],[148.98872,-31.25871],[148.98863,-31.25934],[148.9891,-31.25952],[148.98907,-31.26051],[148.98856,-31.26083],[148.98942,-31.2619],[148.98933,-31.26235],[148.98392,-31.26244],[148.98349,-31.26204],[148.98369,-31.26163],[148.98421,-31.26126],[148.98469,-31.26157],[148.98505,-31.2613],[148.98329,-31.26029],[148.98323,-31.25988],[148.98292,-31.25989],[148.98301,-31.25925],[148.9819,-31.25891],[148.9816,-31.25986],[148.98113,-31.2601],[148.98008,-31.25993],[148.97947,-31.26067],[148.97948,-31.26121],[148.97879,-31.26108],[148.98146,-31.25806],[148.98356,-31.25839],[148.98368,-31.25875],[148.98377,-31.25807],[148.98498,-31.25827],[148.98492,-31.25787],[148.98554,-31.25727],[148.9847,-31.25742],[148.98464,-31.25715],[148.98548,-31.25691],[148.98521,-31.25656],[148.98746,-31.25634],[148.9881,-31.25691],[148.98857,-31.25686],[148.98927,-31.25771],[148.98908,-31.25821]]]}},{"type":"Feature","properties":{"OBJECTID":8747463,"PCTID":379,"PCTName":"Inland Scribbly Gum - White Bloodwood - Red Stringybark - Black Cypress Pine shrubby sandstone woodland mainly of the Warrumbungle NP - Pilliga region in the Brigalow Belt South Bioregion","vegClass":"Western Slopes Dry Sclerophyll Forests","vegForm":"Dry Sclerophyll Forests (Shrubby sub-formation)"},"geometry":{"type":"Polygon","coordinates":[[[148.98985,-31.26217],[148.98933,-31.26235],[148.98942,-31.2619],[148.98856,-31.26097],[148.98866,-31.26061],[148.98907,-31.26051],[148.9891,-31.25952],[148.98863,-31.25934],[148.98872,-31.25871],[148.98914,-31.25888],[148.98965,-31.26063],[148.98985,-31.26217]]]}},{"type":"Feature","properties":{"OBJECTID":8747464,"PCTID":381,"PCTName":"Rough-barked Apple - Yellow Box grass/shrub footslope open forest, Brigalow Belt South Bioregion","vegClass":"North-west Slopes Dry Sclerophyll Woodlands","vegForm":"Dry Sclerophyll Forests (Shrub/grass sub-formation)"},"geometry":{"type":"Polygon","coordinates":[[[148.99568,-31.26225],[148.99521,-31.26226],[148.99509,-31.26158],[148.99472,-31.26145],[148.99481,-31.26109],[148.99539,-31.26104],[148.99556,-31.26167],[148.99568,-31.26225]]]}},{"type":"Feature","properties":{"OBJECTID":8747465,"PCTID":0,"PCTName":"Not classified","vegClass":"Not classified","vegForm":"Not classified"},"geometry":{"type":"Polygon","coordinates":[[[148.99562,-31.2618],[148.99578,-31.26198],[148.99573,-31.26225],[148.99562,-31.2618]]]}},{"type":"Feature","properties":{"OBJECTID":8747466,"PCTID":381,"PCTName":"Rough-barked Apple - Yellow Box grass/shrub footslope open forest, Brigalow Belt South Bioregion","vegClass":"North-west Slopes Dry Sclerophyll Woodlands","vegForm":"Dry Sclerophyll Forests (Shrub/grass sub-formation)"},"geometry":{"type":"Polygon","coordinates":[[[148.99599,-31.26224],[148.99573,-31.26225],[148.99549,-31.26081],[148.9958,-31.2608],[148.99602,-31.26125],[148.99599,-31.26224]]]}},{"type":"Feature","properties":{"OBJECTID":8747467,"PCTID":379,"PCTName":"Inland Scribbly Gum - White Bloodwood - Red Stringybark - Black Cypress Pine shrubby sandstone woodland mainly of the Warrumbungle NP - Pilliga region in the Brigalow Belt South Bioregion","vegClass":"Western Slopes Dry Sclerophyll Forests","vegForm":"Dry Sclerophyll Forests (Shrubby sub-formation)"},"geometry":{"type":"Polygon","coordinates":[[[148.99946,-31.25971],[148.99912,-31.26125],[148.99941,-31.26219],[148.99599,-31.26224],[148.99602,-31.26125],[148.99644,-31.26106],[148.99648,-31.26057],[148.99685,-31.26061],[148.997,-31.26015],[148.99767,-31.25987],[148.9975,-31.25929],[148.99792,-31.25928],[148.99788,-31.25969],[148.99836,-31.26009],[148.99857,-31.25995],[148.99834,-31.25905],[148.99876,-31.25927],[148.99946,-31.25971]]]}},{"type":"Feature","properties":{"OBJECTID":8747468,"PCTID":381,"PCTName":"Rough-barked Apple - Yellow Box grass/shrub footslope open forest, Brigalow Belt South Bioregion","vegClass":"North-west Slopes Dry Sclerophyll Woodlands","vegForm":"Dry Sclerophyll Forests (Shrub/grass sub-formation)"},"geometry":{"type":"Polygon","coordinates":[[[149.00442,-31.24911],[149.00376,-31.25021],[149.00398,-31.25065],[149.00356,-31.25066],[149.0025,-31.25262],[149.00273,-31.25361],[149.00404,-31.25349],[149.0041,-31.25381],[149.00317,-31.25441],[149.00293,-31.25536],[149.00425,-31.258],[149.00515,-31.25839],[149.00618,-31.25747],[149.00603,-31.25788],[149.00641,-31.25819],[149.00583,-31.25825],[149.00558,-31.25888],[149.00438,-31.25904],[149.0044,-31.25994],[149.00388,-31.26008],[149.00354,-31.26149],[149.00418,-31.26211],[149.0034,-31.26212],[149.00284,-31.26078],[149.00372,-31.25991],[149.00353,-31.2586],[149.00266,-31.25726],[149.00151,-31.25764],[149.00222,-31.25632],[149.00174,-31.25633],[149.00126,-31.25571],[149.00117,-31.25634],[149.00096,-31.2563],[149.00042,-31.25576],[149.0011,-31.25557],[149.00072,-31.25517],[149.00118,-31.25444],[149.0015,-31.25466],[149.00141,-31.25525],[149.00189,-31.25565],[149.00215,-31.25551],[149.00213,-31.25483],[149.0025,-31.25492],[149.00264,-31.25428],[149.00253,-31.25374],[149.00194,-31.25348],[149.00037,-31.25378],[149.00015,-31.25333],[149.00219,-31.25258],[149.00186,-31.252],[149.00222,-31.25195],[149.00221,-31.2514],[149.00289,-31.25112],[149.00277,-31.25054],[149.00339,-31.2499],[149.00346,-31.24868],[149.00404,-31.24858],[149.00442,-31.24911]]]}},{"type":"Feature","properties":{"OBJECTID":8747469,"PCTID":379,"PCTName":"Inland Scribbly Gum - White Bloodwood - Red Stringybark - Black Cypress Pine shrubby sandstone woodland mainly of the Warrumbungle NP - Pilliga region in the Brigalow Belt South Bioregion","vegClass":"Western Slopes Dry Sclerophyll Forests","vegForm":"Dry Sclerophyll Forests (Shrubby sub-formation)"},"geometry":{"type":"Polygon","coordinates":[[[149.00418,-31.26211],[149.00354,-31.26149],[149.00427,-31.26125],[149.00565,-31.26209],[149.00418,-31.26211]]]}},{"type":"Feature","properties":{"OBJECTID":8747470,"PCTID":393,"PCTName":"White Box shrubby woodland of the western Liverpool Range, Warrumbungle Range and south-west Pilliga forests, Brigalow Belt South Bioregion","vegClass":"North-west Slopes Dry Sclerophyll Woodlands","vegForm":"Dry Sclerophyll Forests (Shrub/grass sub-formation)"},"geometry":{"type":"Polygon","coordinates":[[[149.0059,-31.25897],[149.00585,-31.25929],[149.00776,-31.2597],[149.00776,-31.26007],[149.00714,-31.26044],[149.00671,-31.26013],[149.00577,-31.26019],[149.00554,-31.2592],[149.00481,-31.25953],[149.0051,-31.2607],[149.00644,-31.26189],[149.00722,-31.26165],[149.00728,-31.26206],[149.00565,-31.26209],[149.00427,-31.26125],[149.00375,-31.26131],[149.00388,-31.26008],[149.0044,-31.25994],[149.00438,-31.25904],[149.00558,-31.25888],[149.0059,-31.25897]]]}},{"type":"Feature","properties":{"OBJECTID":8747471,"PCTID":381,"PCTName":"Rough-barked Apple - Yellow Box grass/shrub footslope open forest, Brigalow Belt South Bioregion","vegClass":"North-west Slopes Dry Sclerophyll Woodlands","vegForm":"Dry Sclerophyll Forests (Shrub/grass sub-formation)"},"geometry":{"type":"Polygon","coordinates":[[[149.01137,-31.26181],[149.01242,-31.26166],[149.01274,-31.26197],[149.01137,-31.26181]]]}},{"type":"Feature","properties":{"OBJECTID":8747472,"PCTID":417,"PCTName":"Black Cypress Pine - Narrow-leaved Ironbark - red gum +/- White Bloodwood shrubby open forest on hills of the southern Pilliga, Coonabarabran and Garawilla regions, Brigalow Belt South Bioregion","vegClass":"Western Slopes Dry Sclerophyll Forests","vegForm":"Dry Sclerophyll Forests (Shrubby sub-formation)"},"geometry":{"type":"Polygon","coordinates":[[[149.01463,-31.26189],[149.01542,-31.26174],[149.0161,-31.26191],[149.01463,-31.26189]]]}},{"type":"Feature","properties":{"OBJECTID":8747473,"PCTID":379,"PCTName":"Inland Scribbly Gum - White Bloodwood - Red Stringybark - Black Cypress Pine shrubby sandstone woodland mainly of the Warrumbungle NP - Pilliga region in the Brigalow Belt South Bioregion","vegClass":"Western Slopes Dry Sclerophyll Forests","vegForm":"Dry Sclerophyll Forests (Shrubby sub-formation)"},"geometry":{"type":"Polygon","coordinates":[[[149.01388,-31.26118],[149.01456,-31.26113],[149.01515,-31.26157],[149.01683,-31.26136],[149.01783,-31.2617],[149.01364,-31.26195],[149.01336,-31.26124],[149.01371,-31.26055],[149.01392,-31.26078],[149.01388,-31.26118]]]}},{"type":"Feature","properties":{"OBJECTID":8747474,"PCTID":379,"PCTName":"Inland Scribbly Gum - White Bloodwood - Red Stringybark - Black Cypress Pine shrubby sandstone woodland mainly of the Warrumbungle NP - Pilliga region in the Brigalow Belt South Bioregion","vegClass":"Western Slopes Dry Sclerophyll Forests","vegForm":"Dry Sclerophyll Forests (Shrubby sub-formation)"},"geometry":{"type":"Polygon","coordinates":[[[149.01873,-31.26178],[149.01925,-31.26168],[149.01946,-31.26186],[149.01873,-31.26178]]]}},{"type":"Feature","properties":{"OBJECTID":8747475,"PCTID":417,"PCTName":"Black Cypress Pine - Narrow-leaved Ironbark - red gum +/- White Bloodwood shrubby open forest on hills of the southern Pilliga, Coonabarabran and Garawilla regions, Brigalow Belt South Bioregion","vegClass":"Western Slopes Dry Sclerophyll Forests","vegForm":"Dry Sclerophyll Forests (Shrubby sub-formation)"},"geometry":{"type":"Polygon","coordinates":[[[148.99543,-31.26054],[148.99544,-31.26099],[148.99481,-31.26109],[148.99471,-31.26141],[148.99509,-31.26158],[148.99521,-31.26226],[148.98975,-31.26235],[148.98977,-31.25883],[148.99009,-31.25882],[148.99023,-31.25819],[148.99211,-31.25744],[148.99125,-31.25695],[148.99113,-31.25596],[148.99207,-31.25595],[148.992,-31.25514],[148.99348,-31.25561],[148.99432,-31.25528],[148.99501,-31.25549],[148.9949,-31.2554],[148.99488,-31.25464],[148.99637,-31.25556],[148.99651,-31.2547],[148.99614,-31.25475],[148.99598,-31.25435],[148.99656,-31.25443],[148.99638,-31.25358],[148.99738,-31.25387],[148.99656,-31.25249],[148.99761,-31.25247],[148.99765,-31.25189],[148.99959,-31.25163],[149.00052,-31.25094],[149.00115,-31.25102],[149.00115,-31.25079],[149.00046,-31.25076],[148.99837,-31.25097],[148.99838,-31.25133],[148.99775,-31.25134],[148.99773,-31.25076],[148.99809,-31.25034],[148.99856,-31.25034],[148.99861,-31.24979],[148.99918,-31.24965],[148.99927,-31.2492],[148.9998,-31.24923],[148.99942,-31.24856],[148.99868,-31.24844],[148.9987,-31.24713],[148.99896,-31.24695],[148.99864,-31.24663],[148.99885,-31.24645],[148.99862,-31.24578],[148.99883,-31.24568],[148.99925,-31.24595],[148.99949,-31.24703],[148.99902,-31.24726],[148.9992,-31.24816],[149.00013,-31.24765],[149.001,-31.24876],[149.00112,-31.2493],[149.00086,-31.24949],[149.00112,-31.24962],[149.00125,-31.24835],[149.00173,-31.24848],[149.00207,-31.2496],[149.00263,-31.2491],[149.00261,-31.24819],[149.00229,-31.24784],[149.00265,-31.24761],[149.00218,-31.24739],[149.00283,-31.24598],[149.00235,-31.2459],[149.0025,-31.24531],[149.00392,-31.24569],[149.00418,-31.24524],[149.00457,-31.2464],[149.00442,-31.24681],[149.00523,-31.24756],[149.00579,-31.24701],[149.0067,-31.24777],[149.00804,-31.24666],[149.00826,-31.24693],[149.0077,-31.24788],[149.00823,-31.24797],[149.00814,-31.24896],[149.00857,-31.24936],[149.00701,-31.24988],[149.00827,-31.25004],[149.00948,-31.2498],[149.01129,-31.24868],[149.01115,-31.24945],[149.00995,-31.24979],[149.00991,-31.25037],[149.00907,-31.25034],[149.00866,-31.25076],[149.00847,-31.25162],[149.00928,-31.2526],[149.00975,-31.25254],[149.01047,-31.25176],[149.01068,-31.25176],[149.01075,-31.25289],[149.01118,-31.25302],[149.01122,-31.2527],[149.01206,-31.2525],[149.01295,-31.25235],[149.01278,-31.25173],[149.0133,-31.25163],[149.01337,-31.25235],[149.0138,-31.25279],[149.01323,-31.25321],[149.01281,-31.25308],[149.0112,-31.25419],[149.00994,-31.25412],[149.01039,-31.25537],[149.01217,-31.25507],[149.01232,-31.25462],[149.01331,-31.2546],[149.01338,-31.25515],[149.01375,-31.25541],[149.01443,-31.25504],[149.01498,-31.2539],[149.01616,-31.25293],[149.01609,-31.25208],[149.01687,-31.25152],[149.01637,-31.25045],[149.01737,-31.2503],[149.01722,-31.25075],[149.01759,-31.25115],[149.01728,-31.25115],[149.0173,-31.2521],[149.01662,-31.25225],[149.01648,-31.25279],[149.01677,-31.25437],[149.01594,-31.25474],[149.01585,-31.25542],[149.01623,-31.25573],[149.01743,-31.25571],[149.01776,-31.25629],[149.0198,-31.25599],[149.0205,-31.25665],[149.0191,-31.25726],[149.01896,-31.25812],[149.016,-31.25745],[149.01464,-31.25756],[149.0147,-31.2581],[149.01617,-31.25808],[149.01893,-31.2592],[149.01857,-31.25966],[149.01927,-31.26042],[149.0198,-31.26045],[149.01997,-31.26108],[149.01976,-31.26122],[149.02019,-31.26135],[149.02041,-31.26184],[149.01768,-31.26189],[149.01783,-31.26166],[149.01756,-31.26144],[149.01557,-31.26147],[149.01592,-31.26097],[149.01729,-31.26104],[149.01807,-31.26053],[149.0166,-31.26069],[149.0158,-31.26029],[149.01482,-31.26072],[149.01423,-31.26055],[149.01414,-31.26082],[149.01371,-31.26055],[149.01331,-31.26146],[149.01364,-31.26195],[149.01274,-31.26197],[149.01242,-31.26166],[149.01153,-31.26172],[149.01138,-31.26199],[149.00728,-31.26206],[149.00722,-31.26165],[149.0067,-31.26193],[149.00612,-31.26163],[149.0051,-31.2607],[149.00481,-31.25953],[149.00554,-31.2592],[149.00577,-31.26019],[149.00671,-31.26013],[149.00714,-31.26044],[149.00776,-31.26007],[149.00776,-31.2597],[149.00585,-31.25929],[149.0059,-31.25897],[149.00559,-31.25897],[149.00578,-31.25829],[149.00641,-31.25819],[149.00603,-31.25788],[149.00618,-31.25747],[149.00515,-31.25839],[149.00387,-31.25765],[149.00292,-31.255],[149.00317,-31.25441],[149.0041,-31.25367],[149.00273,-31.25361],[149.0025,-31.25266],[149.00356,-31.25066],[149.00398,-31.25065],[149.00376,-31.25021],[149.00442,-31.24911],[149.00404,-31.24844],[149.00476,-31.24802],[149.00454,-31.2474],[149.00401,-31.24704],[149.00307,-31.24737],[149.00372,-31.24854],[149.00336,-31.24886],[149.00339,-31.2499],[149.00277,-31.25054],[149.00289,-31.25112],[149.00221,-31.2514],[149.00222,-31.25195],[149.00186,-31.252],[149.00219,-31.25258],[149.00015,-31.25333],[149.00037,-31.25378],[149.00194,-31.25348],[149.00253,-31.25374],[149.00264,-31.25428],[149.0025,-31.25492],[149.00213,-31.25483],[149.00215,-31.25551],[149.00189,-31.25565],[149.00141,-31.25525],[149.0015,-31.25466],[149.00118,-31.25444],[149.00072,-31.25517],[149.0011,-31.25557],[149.00042,-31.25576],[149.00133,-31.25647],[149.00222,-31.25632],[149.00151,-31.25764],[149.00266,-31.25726],[149.00353,-31.2586],[149.00372,-31.25991],[149.00284,-31.26078],[149.0034,-31.26212],[148.99941,-31.26219],[148.99912,-31.26125],[148.99946,-31.25971],[148.99877,-31.25936],[148.99885,-31.25863],[148.99837,-31.25805],[148.99806,-31.2581],[148.99838,-31.2586],[148.99852,-31.26004],[148.99761,-31.2592],[148.99767,-31.25987],[148.997,-31.26015],[148.99685,-31.26061],[148.99648,-31.26057],[148.99629,-31.2612],[148.99576,-31.26108],[148.99527,-31.26023],[148.99432,-31.25973],[148.99543,-31.26054]],[[148.9943,-31.25943],[148.99399,-31.25948],[148.99421,-31.25964],[148.9943,-31.25943]],[[148.99559,-31.25846],[148.99623,-31.25651],[148.99612,-31.25642],[148.99559,-31.25846]],[[148.99757,-31.25523],[148.99794,-31.25544],[148.99717,-31.25591],[148.99738,-31.25613],[148.99869,-31.25602],[148.99879,-31.25561],[148.99793,-31.2549],[148.99757,-31.25523]],[[148.99549,-31.25851],[148.99549,-31.25855],[148.99554,-31.25855],[148.99549,-31.25851]],[[148.9955,-31.259],[148.99549,-31.25864],[148.99493,-31.2591],[148.99514,-31.25915],[148.9955,-31.259]],[[148.99356,-31.25664],[148.99394,-31.25727],[148.99359,-31.25786],[148.99506,-31.25824],[148.99548,-31.25792],[148.99462,-31.25712],[148.99399,-31.257],[148.99392,-31.25655],[148.99356,-31.25664]],[[148.99472,-31.25915],[148.99472,-31.2592],[148.99488,-31.25919],[148.99472,-31.25915]]]}},{"type":"Feature","properties":{"OBJECTID":8747476,"PCTID":379,"PCTName":"Inland Scribbly Gum - White Bloodwood - Red Stringybark - Black Cypress Pine shrubby sandstone woodland mainly of the Warrumbungle NP - Pilliga region in the Brigalow Belt South Bioregion","vegClass":"Western Slopes Dry Sclerophyll Forests","vegForm":"Dry Sclerophyll Forests (Shrubby sub-formation)"},"geometry":{"type":"Polygon","coordinates":[[[149.02471,-31.26177],[149.02041,-31.26184],[149.02019,-31.26135],[149.01976,-31.26122],[149.01997,-31.26108],[149.0198,-31.26045],[149.01927,-31.26042],[149.01857,-31.25966],[149.01893,-31.2592],[149.01617,-31.25808],[149.0147,-31.2581],[149.01464,-31.25756],[149.01732,-31.25756],[149.01896,-31.25812],[149.01884,-31.25767],[149.01941,-31.25703],[149.02067,-31.25719],[149.02223,-31.2564],[149.02302,-31.2567],[149.02386,-31.25641],[149.02454,-31.25658],[149.02486,-31.25676],[149.02477,-31.25712],[149.02403,-31.25722],[149.02357,-31.25777],[149.02415,-31.25776],[149.02427,-31.2583],[149.0255,-31.25946],[149.02498,-31.2596],[149.0251,-31.26009],[149.02431,-31.26029],[149.02417,-31.26101],[149.02481,-31.26154],[149.02471,-31.26177]]]}},{"type":"Feature","properties":{"OBJECTID":8747477,"PCTID":417,"PCTName":"Black Cypress Pine - Narrow-leaved Ironbark - red gum +/- White Bloodwood shrubby open forest on hills of the southern Pilliga, Coonabarabran and Garawilla regions, Brigalow Belt South Bioregion","vegClass":"Western Slopes Dry Sclerophyll Forests","vegForm":"Dry Sclerophyll Forests (Shrubby sub-formation)"},"geometry":{"type":"Polygon","coordinates":[[[149.02471,-31.26172],[149.02487,-31.26154],[149.02534,-31.26176],[149.02471,-31.26172]]]}},{"type":"Feature","properties":{"OBJECTID":8747478,"PCTID":393,"PCTName":"White Box shrubby woodland of the western Liverpool Range, Warrumbungle Range and south-west Pilliga forests, Brigalow Belt South Bioregion","vegClass":"North-west Slopes Dry Sclerophyll Woodlands","vegForm":"Dry Sclerophyll Forests (Shrub/grass sub-formation)"},"geometry":{"type":"Polygon","coordinates":[[[149.03679,-31.26152],[149.03751,-31.26106],[149.03815,-31.26109],[149.0385,-31.26068],[149.03833,-31.2601],[149.039,-31.25959],[149.04011,-31.25971],[149.04053,-31.25948],[149.04012,-31.2602],[149.04101,-31.25996],[149.04096,-31.26028],[149.03936,-31.26153],[149.03679,-31.26152]]]}},{"type":"Feature","properties":{"OBJECTID":8793558,"PCTID":393,"PCTName":"White Box shrubby woodland of the western Liverpool Range, Warrumbungle Range and south-west Pilliga forests, Brigalow Belt South Bioregion","vegClass":"North-west Slopes Dry Sclerophyll Woodlands","vegForm":"Dry Sclerophyll Forests (Shrub/grass sub-formation)"},"geometry":{"type":"Polygon","coordinates":[[[149.05811,-31.26125],[149.05806,-31.26126],[149.05806,-31.26121],[149.05811,-31.26125]]]}},{"type":"Feature","properties":{"OBJECTID":8793575,"PCTID":391,"PCTName":"Warrumbungle trachyte outcrop heathland / low woodland","vegClass":"North-west Slopes Dry Sclerophyll Woodlands","vegForm":"Dry Sclerophyll Forests (Shrub/grass sub-formation)"},"geometry":{"type":"Polygon","coordinates":[[[149.05687,-31.2624],[149.05686,-31.26173],[149.05753,-31.26122],[149.06121,-31.26116],[149.06111,-31.26161],[149.06007,-31.26208],[149.05917,-31.26191],[149.05687,-31.2624]]]}},{"type":"Feature","properties":{"OBJECTID":8793580,"PCTID":381,"PCTName":"Rough-barked Apple - Yellow Box grass/shrub footslope open forest, Brigalow Belt South Bioregion","vegClass":"North-west Slopes Dry Sclerophyll Woodlands","vegForm":"Dry Sclerophyll Forests (Shrub/grass sub-formation)"},"geometry":{"type":"Polygon","coordinates":[[[149.04549,-31.26278],[149.04413,-31.26311],[149.0438,-31.26262],[149.04395,-31.26212],[149.04488,-31.26143],[149.0473,-31.26157],[149.04741,-31.26193],[149.04679,-31.26257],[149.04565,-31.26322],[149.04549,-31.26278]]]}},{"type":"Feature","properties":{"OBJECTID":8793583,"PCTID":393,"PCTName":"White Box shrubby woodland of the western Liverpool Range, Warrumbungle Range and south-west Pilliga forests, Brigalow Belt South Bioregion","vegClass":"North-west Slopes Dry Sclerophyll Woodlands","vegForm":"Dry Sclerophyll Forests (Shrub/grass sub-formation)"},"geometry":{"type":"Polygon","coordinates":[[[149.06292,-31.26244],[149.06199,-31.26326],[149.06166,-31.26259],[149.06088,-31.26315],[149.06077,-31.2627],[149.05998,-31.26276],[149.05918,-31.26214],[149.05917,-31.26191],[149.06007,-31.26208],[149.06111,-31.26161],[149.06121,-31.26116],[149.06388,-31.26111],[149.06379,-31.2617],[149.06273,-31.26131],[149.06248,-31.26177],[149.06292,-31.26244]]]}},{"type":"Feature","properties":{"OBJECTID":8793585,"PCTID":391,"PCTName":"Warrumbungle trachyte outcrop heathland / low woodland","vegClass":"North-west Slopes Dry Sclerophyll Woodlands","vegForm":"Dry Sclerophyll Forests (Shrub/grass sub-formation)"},"geometry":{"type":"Polygon","coordinates":[[[149.06183,-31.26327],[149.06292,-31.26244],[149.06237,-31.26168],[149.06258,-31.26136],[149.06336,-31.26135],[149.06379,-31.2617],[149.06388,-31.26111],[149.06441,-31.2611],[149.06516,-31.26168],[149.06501,-31.26213],[149.06199,-31.2634],[149.06183,-31.26327]]]}},{"type":"Feature","properties":{"OBJECTID":8793591,"PCTID":391,"PCTName":"Warrumbungle trachyte outcrop heathland / low woodland","vegClass":"North-west Slopes Dry Sclerophyll Woodlands","vegForm":"Dry Sclerophyll Forests (Shrub/grass sub-formation)"},"geometry":{"type":"Polygon","coordinates":[[[149.04388,-31.26393],[149.0446,-31.26297],[149.04549,-31.26278],[149.04565,-31.26322],[149.04388,-31.26393]]]}},{"type":"Feature","properties":{"OBJECTID":8793593,"PCTID":380,"PCTName":"Warrumbungle trachyte talus scree woodland","vegClass":"North-west Slopes Dry Sclerophyll Woodlands","vegForm":"Dry Sclerophyll Forests (Shrub/grass sub-formation)"},"geometry":{"type":"Polygon","coordinates":[[[149.05998,-31.26276],[149.06077,-31.2627],[149.06088,-31.26315],[149.06134,-31.2626],[149.06187,-31.26268],[149.06179,-31.2639],[149.05972,-31.2629],[149.0562,-31.26278],[149.05651,-31.26236],[149.05824,-31.26229],[149.05917,-31.26191],[149.05998,-31.26276]]]}},{"type":"Feature","properties":{"OBJECTID":8793612,"PCTID":391,"PCTName":"Warrumbungle trachyte outcrop heathland / low woodland","vegClass":"North-west Slopes Dry Sclerophyll Woodlands","vegForm":"Dry Sclerophyll Forests (Shrub/grass sub-formation)"},"geometry":{"type":"Polygon","coordinates":[[[149.04663,-31.2647],[149.04742,-31.2645],[149.04764,-31.26495],[149.04811,-31.26494],[149.0478,-31.26535],[149.04732,-31.26496],[149.04686,-31.26532],[149.04623,-31.26529],[149.04585,-31.26489],[149.04605,-31.26444],[149.04663,-31.2647]]]}},{"type":"Feature","properties":{"OBJECTID":8793615,"PCTID":380,"PCTName":"Warrumbungle trachyte talus scree woodland","vegClass":"North-west Slopes Dry Sclerophyll Woodlands","vegForm":"Dry Sclerophyll Forests (Shrub/grass sub-formation)"},"geometry":{"type":"Polygon","coordinates":[[[149.06173,-31.26571],[149.06172,-31.26525],[149.06267,-31.26524],[149.0621,-31.26556],[149.06173,-31.26571]]]}},{"type":"Feature","properties":{"OBJECTID":8793629,"PCTID":417,"PCTName":"Black Cypress Pine - Narrow-leaved Ironbark - red gum +/- White Bloodwood shrubby open forest on hills of the southern Pilliga, Coonabarabran and Garawilla regions, Brigalow Belt South Bioregion","vegClass":"Western Slopes Dry Sclerophyll Forests","vegForm":"Dry Sclerophyll Forests (Shrubby sub-formation)"},"geometry":{"type":"Polygon","coordinates":[[[149.04832,-31.2672],[149.04789,-31.26707],[149.04784,-31.26684],[149.04831,-31.2667],[149.04832,-31.2672]]]}},{"type":"Feature","properties":{"OBJECTID":8793635,"PCTID":389,"PCTName":"Motherumbah - White Bloodwood - cypress pine very tall shrubland / woodland of the Coonabarabran region, Brigalow Belt South Bioregion","vegClass":"North-west Slopes Dry Sclerophyll Woodlands","vegForm":"Dry Sclerophyll Forests (Shrub/grass sub-formation)"},"geometry":{"type":"Polygon","coordinates":[[[149.04804,-31.26666],[149.04784,-31.26698],[149.04826,-31.2672],[149.04836,-31.2667],[149.04858,-31.26728],[149.04764,-31.26743],[149.04742,-31.2668],[149.04773,-31.26662],[149.04804,-31.26666]]]}},{"type":"Feature","properties":{"OBJECTID":8793636,"PCTID":391,"PCTName":"Warrumbungle trachyte outcrop heathland / low woodland","vegClass":"North-west Slopes Dry Sclerophyll Woodlands","vegForm":"Dry Sclerophyll Forests (Shrub/grass sub-formation)"},"geometry":{"type":"Polygon","coordinates":[[[149.04772,-31.26653],[149.04918,-31.26569],[149.04967,-31.26641],[149.04911,-31.26745],[149.04863,-31.26701],[149.04772,-31.26653]]]}},{"type":"Feature","properties":{"OBJECTID":8793658,"PCTID":391,"PCTName":"Warrumbungle trachyte outcrop heathland / low woodland","vegClass":"North-west Slopes Dry Sclerophyll Woodlands","vegForm":"Dry Sclerophyll Forests (Shrub/grass sub-formation)"},"geometry":{"type":"Polygon","coordinates":[[[149.06715,-31.26837],[149.06683,-31.26815],[149.06688,-31.26787],[149.06793,-31.26808],[149.0684,-31.26799],[149.0684,-31.26819],[149.06715,-31.26837]]]}},{"type":"Feature","properties":{"OBJECTID":8793662,"PCTID":380,"PCTName":"Warrumbungle trachyte talus scree woodland","vegClass":"North-west Slopes Dry Sclerophyll Woodlands","vegForm":"Dry Sclerophyll Forests (Shrub/grass sub-formation)"},"geometry":{"type":"Polygon","coordinates":[[[149.06688,-31.26787],[149.06715,-31.26837],[149.06809,-31.2683],[149.06742,-31.26877],[149.0669,-31.26878],[149.06662,-31.26833],[149.06584,-31.26861],[149.06531,-31.26831],[149.06326,-31.26825],[149.06246,-31.26772],[149.06157,-31.26787],[149.06114,-31.26747],[149.06035,-31.26753],[149.0604,-31.26704],[149.06127,-31.26607],[149.06222,-31.26637],[149.06218,-31.26687],[149.06285,-31.26641],[149.06432,-31.26629],[149.06478,-31.26579],[149.0644,-31.26512],[149.0647,-31.2648],[149.0655,-31.2651],[149.06589,-31.26618],[149.06631,-31.26608],[149.0663,-31.26576],[149.06647,-31.26612],[149.06689,-31.26611],[149.06756,-31.26561],[149.06767,-31.26606],[149.0684,-31.26628],[149.0684,-31.26796],[149.06688,-31.26787]]]}},{"type":"Feature","properties":{"OBJECTID":8793683,"PCTID":0,"PCTName":"Not classified","vegClass":"Not classified","vegForm":"Not classified"},"geometry":{"type":"Polygon","coordinates":[[[149.06168,-31.27044],[149.06168,-31.27053],[149.06163,-31.27053],[149.06168,-31.27044]]]}},{"type":"Feature","properties":{"OBJECTID":8793686,"PCTID":393,"PCTName":"White Box shrubby woodland of the western Liverpool Range, Warrumbungle Range and south-west Pilliga forests, Brigalow Belt South Bioregion","vegClass":"North-west Slopes Dry Sclerophyll Woodlands","vegForm":"Dry Sclerophyll Forests (Shrub/grass sub-formation)"},"geometry":{"type":"Polygon","coordinates":[[[149.05544,-31.27064],[149.05564,-31.27059],[149.05565,-31.27068],[149.05544,-31.27064]]]}},{"type":"Feature","properties":{"OBJECTID":8793689,"PCTID":0,"PCTName":"Not classified","vegClass":"Not classified","vegForm":"Not classified"},"geometry":{"type":"Polygon","coordinates":[[[149.06163,-31.27053],[149.06163,-31.27062],[149.06158,-31.27063],[149.06163,-31.27053]]]}},{"type":"Feature","properties":{"OBJECTID":8793691,"PCTID":389,"PCTName":"Motherumbah - White Bloodwood - cypress pine very tall shrubland / woodland of the Coonabarabran region, Brigalow Belt South Bioregion","vegClass":"North-west Slopes Dry Sclerophyll Woodlands","vegForm":"Dry Sclerophyll Forests (Shrub/grass sub-formation)"},"geometry":{"type":"Polygon","coordinates":[[[149.04593,-31.27057],[149.04634,-31.27048],[149.04649,-31.27002],[149.04612,-31.26985],[149.04565,-31.27022],[149.04564,-31.26945],[149.04621,-31.26926],[149.04706,-31.26956],[149.04752,-31.26928],[149.0473,-31.26875],[149.04815,-31.26887],[149.0478,-31.26964],[149.04717,-31.26983],[149.04709,-31.27092],[149.04641,-31.27093],[149.04593,-31.27057]]]}},{"type":"Feature","properties":{"OBJECTID":8793692,"PCTID":0,"PCTName":"Not classified","vegClass":"Not classified","vegForm":"Not classified"},"geometry":{"type":"Polygon","coordinates":[[[149.06158,-31.27063],[149.06158,-31.27072],[149.06153,-31.27072],[149.06158,-31.27063]]]}},{"type":"Feature","properties":{"OBJECTID":8793699,"PCTID":0,"PCTName":"Not classified","vegClass":"Not classified","vegForm":"Not classified"},"geometry":{"type":"Polygon","coordinates":[[[149.06262,-31.27016],[149.06168,-31.27035],[149.06199,-31.27003],[149.06278,-31.27015],[149.06301,-31.27096],[149.06262,-31.27016]]]}},{"type":"Feature","properties":{"OBJECTID":8793703,"PCTID":385,"PCTName":"Warrumbungle trachyte hillcrest Tumbledown Red Gum - Black Cypress Pine - White Bloodwood shrubby woodland","vegClass":"North-west Slopes Dry Sclerophyll Woodlands","vegForm":"Dry Sclerophyll Forests (Shrub/grass sub-formation)"},"geometry":{"type":"Polygon","coordinates":[[[149.05697,-31.27093],[149.05645,-31.27121],[149.05529,-31.27114],[149.05501,-31.2706],[149.05533,-31.27064],[149.05697,-31.27093]]]}},{"type":"Feature","properties":{"OBJECTID":8793726,"PCTID":382,"PCTName":"Warrumbungle mountains Nandewar Box - Yellow Box shrub grass open forest, Brigalow Belt South Bioregion","vegClass":"North-west Slopes Dry Sclerophyll Woodlands","vegForm":"Dry Sclerophyll Forests (Shrub/grass sub-formation)"},"geometry":{"type":"Polygon","coordinates":[[[149.06155,-31.27171],[149.06139,-31.27126],[149.06175,-31.27112],[149.06155,-31.27171]]]}},{"type":"Feature","properties":{"OBJECTID":8793741,"PCTID":393,"PCTName":"White Box shrubby woodland of the western Liverpool Range, Warrumbungle Range and south-west Pilliga forests, Brigalow Belt South Bioregion","vegClass":"North-west Slopes Dry Sclerophyll Woodlands","vegForm":"Dry Sclerophyll Forests (Shrub/grass sub-formation)"},"geometry":{"type":"Polygon","coordinates":[[[149.06133,-31.27099],[149.06151,-31.27203],[149.06083,-31.2724],[149.06041,-31.27204],[149.06108,-31.27163],[149.06086,-31.27131],[149.06106,-31.27068],[149.06163,-31.27053],[149.06133,-31.27099]]]}},{"type":"Feature","properties":{"OBJECTID":8793746,"PCTID":0,"PCTName":"Not classified","vegClass":"Not classified","vegForm":"Not classified"},"geometry":{"type":"Polygon","coordinates":[[[149.06094,-31.27262],[149.06037,-31.27263],[149.06057,-31.27227],[149.06094,-31.2724],[149.06094,-31.27262]]]}},{"type":"Feature","properties":{"OBJECTID":8793749,"PCTID":393,"PCTName":"White Box shrubby woodland of the western Liverpool Range, Warrumbungle Range and south-west Pilliga forests, Brigalow Belt South Bioregion","vegClass":"North-west Slopes Dry Sclerophyll Woodlands","vegForm":"Dry Sclerophyll Forests (Shrub/grass sub-formation)"},"geometry":{"type":"Polygon","coordinates":[[[149.06323,-31.27159],[149.06365,-31.27172],[149.06336,-31.27245],[149.06357,-31.2728],[149.06252,-31.27246],[149.06303,-31.27186],[149.06269,-31.2707],[149.06139,-31.27126],[149.06215,-31.27007],[149.06283,-31.27029],[149.06301,-31.27096],[149.06323,-31.27159]]]}},{"type":"Feature","properties":{"OBJECTID":8793761,"PCTID":393,"PCTName":"White Box shrubby woodland of the western Liverpool Range, Warrumbungle Range and south-west Pilliga forests, Brigalow Belt South Bioregion","vegClass":"North-west Slopes Dry Sclerophyll Woodlands","vegForm":"Dry Sclerophyll Forests (Shrub/grass sub-formation)"},"geometry":{"type":"Polygon","coordinates":[[[149.06205,-31.27265],[149.063,-31.27272],[149.06296,-31.27331],[149.06205,-31.27265]]]}},{"type":"Feature","properties":{"OBJECTID":8793776,"PCTID":393,"PCTName":"White Box shrubby woodland of the western Liverpool Range, Warrumbungle Range and south-west Pilliga forests, Brigalow Belt South Bioregion","vegClass":"North-west Slopes Dry Sclerophyll Woodlands","vegForm":"Dry Sclerophyll Forests (Shrub/grass sub-formation)"},"geometry":{"type":"Polygon","coordinates":[[[149.06344,-31.27389],[149.06371,-31.27393],[149.06376,-31.27406],[149.06344,-31.27389]]]}},{"type":"Feature","properties":{"OBJECTID":8793779,"PCTID":420,"PCTName":"Red Stringybark - Rough-barked Apple +/- Nortons Box open forest on hillslopes in the Warrumbungle NP - Coolah regions","vegClass":"Western Slopes Dry Sclerophyll Forests","vegForm":"Dry Sclerophyll Forests (Shrubby sub-formation)"},"geometry":{"type":"Polygon","coordinates":[[[149.06461,-31.27423],[149.06392,-31.2742],[149.06264,-31.27327],[149.06348,-31.27335],[149.06402,-31.27379],[149.06443,-31.27342],[149.06497,-31.27391],[149.06461,-31.27423]]]}},{"type":"Feature","properties":{"OBJECTID":8793790,"PCTID":420,"PCTName":"Red Stringybark - Rough-barked Apple +/- Nortons Box open forest on hillslopes in the Warrumbungle NP - Coolah regions","vegClass":"Western Slopes Dry Sclerophyll Forests","vegForm":"Dry Sclerophyll Forests (Shrubby sub-formation)"},"geometry":{"type":"Polygon","coordinates":[[[149.0652,-31.2749],[149.06579,-31.27534],[149.06494,-31.27513],[149.0652,-31.2749]]]}},{"type":"Feature","properties":{"OBJECTID":8793791,"PCTID":382,"PCTName":"Warrumbungle mountains Nandewar Box - Yellow Box shrub grass open forest, Brigalow Belt South Bioregion","vegClass":"North-west Slopes Dry Sclerophyll Woodlands","vegForm":"Dry Sclerophyll Forests (Shrub/grass sub-formation)"},"geometry":{"type":"Polygon","coordinates":[[[149.05743,-31.27507],[149.05741,-31.2744],[149.05821,-31.27461],[149.05854,-31.27532],[149.05828,-31.27555],[149.05743,-31.27507]]]}},{"type":"Feature","properties":{"OBJECTID":8793801,"PCTID":420,"PCTName":"Red Stringybark - Rough-barked Apple +/- Nortons Box open forest on hillslopes in the Warrumbungle NP - Coolah regions","vegClass":"Western Slopes Dry Sclerophyll Forests","vegForm":"Dry Sclerophyll Forests (Shrubby sub-formation)"},"geometry":{"type":"Polygon","coordinates":[[[149.06637,-31.2756],[149.06663,-31.27537],[149.06695,-31.2755],[149.06674,-31.27582],[149.06637,-31.2756]]]}},{"type":"Feature","properties":{"OBJECTID":8793807,"PCTID":382,"PCTName":"Warrumbungle mountains Nandewar Box - Yellow Box shrub grass open forest, Brigalow Belt South Bioregion","vegClass":"North-west Slopes Dry Sclerophyll Woodlands","vegForm":"Dry Sclerophyll Forests (Shrub/grass sub-formation)"},"geometry":{"type":"Polygon","coordinates":[[[149.06676,-31.27631],[149.06633,-31.27628],[149.06638,-31.27587],[149.06675,-31.27595],[149.06676,-31.27631]]]}},{"type":"Feature","properties":{"OBJECTID":8793817,"PCTID":382,"PCTName":"Warrumbungle mountains Nandewar Box - Yellow Box shrub grass open forest, Brigalow Belt South Bioregion","vegClass":"North-west Slopes Dry Sclerophyll Woodlands","vegForm":"Dry Sclerophyll Forests (Shrub/grass sub-formation)"},"geometry":{"type":"Polygon","coordinates":[[[149.06173,-31.26571],[149.0621,-31.26556],[149.06226,-31.26606],[149.06127,-31.26607],[149.0604,-31.26704],[149.06035,-31.26753],[149.06114,-31.26747],[149.06157,-31.26787],[149.06246,-31.26772],[149.06511,-31.26885],[149.06443,-31.26891],[149.06376,-31.26946],[149.06385,-31.27108],[149.06466,-31.27188],[149.06372,-31.27212],[149.06408,-31.27212],[149.06425,-31.27252],[149.06525,-31.2725],[149.06505,-31.273],[149.06447,-31.2731],[149.06459,-31.27342],[149.06341,-31.27263],[149.06365,-31.27172],[149.06323,-31.27159],[149.06322,-31.27096],[149.06267,-31.27011],[149.06199,-31.27003],[149.06111,-31.27063],[149.06086,-31.27109],[149.06108,-31.27163],[149.06041,-31.27204],[149.06047,-31.27277],[149.0613,-31.27207],[149.0627,-31.27349],[149.06515,-31.2749],[149.06452,-31.27513],[149.06469,-31.27558],[149.06433,-31.27608],[149.06466,-31.27639],[149.06345,-31.27632],[149.06387,-31.2765],[149.06356,-31.27686],[149.06234,-31.27634],[149.06177,-31.27653],[149.06107,-31.27591],[149.06024,-31.27611],[149.05975,-31.27571],[149.05994,-31.27444],[149.05914,-31.27392],[149.05954,-31.27305],[149.05894,-31.27239],[149.05999,-31.27223],[149.05899,-31.27198],[149.05913,-31.27143],[149.05813,-31.27141],[149.05794,-31.27204],[149.05853,-31.27262],[149.05758,-31.27268],[149.05754,-31.27309],[149.05697,-31.27337],[149.05643,-31.27265],[149.05652,-31.27211],[149.05545,-31.27127],[149.05565,-31.271],[149.05645,-31.27121],[149.05696,-31.27084],[149.05512,-31.27055],[149.05484,-31.26979],[149.05447,-31.26966],[149.0553,-31.26951],[149.05534,-31.26879],[149.05675,-31.26836],[149.05705,-31.26786],[149.05816,-31.26798],[149.0582,-31.26761],[149.05736,-31.26736],[149.0574,-31.267],[149.05681,-31.26642],[149.05759,-31.26614],[149.05784,-31.26568],[149.05848,-31.26581],[149.05862,-31.26526],[149.05925,-31.26516],[149.05892,-31.26449],[149.05839,-31.26445],[149.05844,-31.26405],[149.05969,-31.26375],[149.0598,-31.26407],[149.06,-31.2637],[149.05991,-31.26416],[149.06049,-31.26446],[149.06122,-31.26427],[149.06144,-31.26467],[149.06109,-31.26508],[149.06172,-31.26525],[149.06173,-31.26571]]]}},{"type":"Feature","properties":{"OBJECTID":8793823,"PCTID":385,"PCTName":"Warrumbungle trachyte hillcrest Tumbledown Red Gum - Black Cypress Pine - White Bloodwood shrubby woodland","vegClass":"North-west Slopes Dry Sclerophyll Woodlands","vegForm":"Dry Sclerophyll Forests (Shrub/grass sub-formation)"},"geometry":{"type":"Polygon","coordinates":[[[149.06126,-31.27726],[149.06065,-31.27601],[149.06123,-31.27596],[149.06177,-31.27653],[149.06234,-31.27634],[149.06293,-31.27678],[149.06126,-31.27726]]]}},{"type":"Feature","properties":{"OBJECTID":8793827,"PCTID":0,"PCTName":"Not classified","vegClass":"Not classified","vegForm":"Not classified"},"geometry":{"type":"MultiPolygon","coordinates":[[[[149.06421,-31.27297],[149.0647,-31.27357],[149.06443,-31.27342],[149.06412,-31.27379],[149.06365,-31.27366],[149.06279,-31.27309],[149.063,-31.27272],[149.062,-31.27265],[149.06135,-31.27221],[149.06148,-31.27072],[149.06161,-31.27171],[149.0619,-31.27094],[149.06269,-31.2707],[149.06303,-31.27186],[149.06252,-31.27246],[149.06357,-31.2728],[149.06421,-31.27297]]],[[[149.06739,-31.27441],[149.06774,-31.27345],[149.0684,-31.27351],[149.0684,-31.27526],[149.06721,-31.27563],[149.06738,-31.27608],[149.06833,-31.27611],[149.06838,-31.27633],[149.06676,-31.27663],[149.0662,-31.27745],[149.06607,-31.27628],[149.06691,-31.27618],[149.06689,-31.27541],[149.06562,-31.27484],[149.06587,-31.27421],[149.06535,-31.27392],[149.06739,-31.27441]]]]}},{"type":"Feature","properties":{"OBJECTID":8793834,"PCTID":382,"PCTName":"Warrumbungle mountains Nandewar Box - Yellow Box shrub grass open forest, Brigalow Belt South Bioregion","vegClass":"North-west Slopes Dry Sclerophyll Woodlands","vegForm":"Dry Sclerophyll Forests (Shrub/grass sub-formation)"},"geometry":{"type":"Polygon","coordinates":[[[149.06664,-31.27808],[149.066,-31.27777],[149.06683,-31.27749],[149.06711,-31.27784],[149.06664,-31.27808]]]}},{"type":"Feature","properties":{"OBJECTID":8793842,"PCTID":420,"PCTName":"Red Stringybark - Rough-barked Apple +/- Nortons Box open forest on hillslopes in the Warrumbungle NP - Coolah regions","vegClass":"Western Slopes Dry Sclerophyll Forests","vegForm":"Dry Sclerophyll Forests (Shrubby sub-formation)"},"geometry":{"type":"Polygon","coordinates":[[[149.06126,-31.27726],[149.06168,-31.27721],[149.06179,-31.27762],[149.06248,-31.27778],[149.06276,-31.27864],[149.06251,-31.27896],[149.06119,-31.27889],[149.06166,-31.2787],[149.06128,-31.27817],[149.06029,-31.27832],[149.05965,-31.27819],[149.05944,-31.27784],[149.0585,-31.27812],[149.05843,-31.27736],[149.05764,-31.27764],[149.05777,-31.27624],[149.05854,-31.27537],[149.05821,-31.27461],[149.05741,-31.2744],[149.05829,-31.27361],[149.05796,-31.27308],[149.05754,-31.27309],[149.05758,-31.27268],[149.05853,-31.27262],[149.05794,-31.27204],[149.05813,-31.27141],[149.05913,-31.27143],[149.05899,-31.27198],[149.05999,-31.27223],[149.05894,-31.27239],[149.05954,-31.27305],[149.05914,-31.27392],[149.05994,-31.27444],[149.05975,-31.27571],[149.06066,-31.27619],[149.06126,-31.27726]]]}},{"type":"Feature","properties":{"OBJECTID":8793858,"PCTID":420,"PCTName":"Red Stringybark - Rough-barked Apple +/- Nortons Box open forest on hillslopes in the Warrumbungle NP - Coolah regions","vegClass":"Western Slopes Dry Sclerophyll Forests","vegForm":"Dry Sclerophyll Forests (Shrubby sub-formation)"},"geometry":{"type":"Polygon","coordinates":[[[149.06075,-31.28003],[149.06174,-31.27996],[149.0618,-31.28028],[149.06012,-31.28013],[149.06032,-31.27972],[149.06075,-31.28003]]]}},{"type":"Feature","properties":{"OBJECTID":8793868,"PCTID":386,"PCTName":"Tumbledown Red Gum trachyte rock flat sedgeland - shrubland of the Warrumbungle Range region","vegClass":"North-west Slopes Dry Sclerophyll Woodlands","vegForm":"Dry Sclerophyll Forests (Shrub/grass sub-formation)"},"geometry":{"type":"Polygon","coordinates":[[[149.05719,-31.28054],[149.05744,-31.28017],[149.05813,-31.28057],[149.05766,-31.2808],[149.05719,-31.28054]]]}},{"type":"Feature","properties":{"OBJECTID":8793871,"PCTID":417,"PCTName":"Black Cypress Pine - Narrow-leaved Ironbark - red gum +/- White Bloodwood shrubby open forest on hills of the southern Pilliga, Coonabarabran and Garawilla regions, Brigalow Belt South Bioregion","vegClass":"Western Slopes Dry Sclerophyll Forests","vegForm":"Dry Sclerophyll Forests (Shrubby sub-formation)"},"geometry":{"type":"Polygon","coordinates":[[[149.04514,-31.28011],[149.04566,-31.27969],[149.04609,-31.28],[149.04681,-31.27954],[149.04777,-31.27984],[149.04833,-31.27938],[149.04923,-31.27945],[149.04974,-31.2789],[149.04965,-31.27954],[149.04825,-31.28024],[149.04826,-31.28064],[149.04783,-31.28056],[149.04743,-31.28106],[149.04647,-31.28045],[149.04662,-31.28022],[149.04541,-31.28028],[149.04514,-31.28011]]]}},{"type":"Feature","properties":{"OBJECTID":8793881,"PCTID":0,"PCTName":"Not classified","vegClass":"Not classified","vegForm":"Not classified"},"geometry":{"type":"Polygon","coordinates":[[[149.06713,-31.28114],[149.0684,-31.28112],[149.0684,-31.28114],[149.06818,-31.28116],[149.06713,-31.28114]]]}},{"type":"Feature","properties":{"OBJECTID":8793887,"PCTID":417,"PCTName":"Black Cypress Pine - Narrow-leaved Ironbark - red gum +/- White Bloodwood shrubby open forest on hills of the southern Pilliga, Coonabarabran and Garawilla regions, Brigalow Belt South Bioregion","vegClass":"Western Slopes Dry Sclerophyll Forests","vegForm":"Dry Sclerophyll Forests (Shrubby sub-formation)"},"geometry":{"type":"Polygon","coordinates":[[[149.05001,-31.28152],[149.05085,-31.28128],[149.05122,-31.28149],[149.05096,-31.28186],[149.04996,-31.28179],[149.05001,-31.28152]]]}},{"type":"Feature","properties":{"OBJECTID":8793895,"PCTID":420,"PCTName":"Red Stringybark - Rough-barked Apple +/- Nortons Box open forest on hillslopes in the Warrumbungle NP - Coolah regions","vegClass":"Western Slopes Dry Sclerophyll Forests","vegForm":"Dry Sclerophyll Forests (Shrubby sub-formation)"},"geometry":{"type":"Polygon","coordinates":[[[149.05439,-31.28022],[149.05451,-31.28058],[149.0542,-31.2809],[149.05306,-31.28151],[149.05216,-31.2813],[149.05129,-31.28222],[149.04987,-31.28246],[149.04982,-31.2822],[149.05018,-31.28205],[149.04996,-31.28179],[149.05096,-31.28186],[149.05122,-31.28158],[149.05031,-31.28097],[149.0504,-31.2802],[149.05134,-31.27996],[149.05193,-31.28044],[149.0534,-31.2806],[149.05353,-31.27938],[149.05295,-31.27898],[149.0536,-31.27771],[149.05397,-31.27793],[149.05406,-31.27924],[149.05453,-31.27932],[149.05502,-31.2799],[149.05511,-31.27935],[149.05574,-31.27952],[149.05611,-31.27929],[149.05544,-31.28011],[149.05439,-31.28022]]]}},{"type":"Feature","properties":{"OBJECTID":8793896,"PCTID":420,"PCTName":"Red Stringybark - Rough-barked Apple +/- Nortons Box open forest on hillslopes in the Warrumbungle NP - Coolah regions","vegClass":"Western Slopes Dry Sclerophyll Forests","vegForm":"Dry Sclerophyll Forests (Shrubby sub-formation)"},"geometry":{"type":"Polygon","coordinates":[[[149.06189,-31.28163],[149.06211,-31.28226],[149.06117,-31.28241],[149.06089,-31.28183],[149.06043,-31.28206],[149.05994,-31.28153],[149.05941,-31.28145],[149.06024,-31.28107],[149.06189,-31.28163]]]}},{"type":"Feature","properties":{"OBJECTID":8793923,"PCTID":0,"PCTName":"Not classified","vegClass":"Not classified","vegForm":"Not classified"},"geometry":{"type":"Polygon","coordinates":[[[149.06728,-31.28298],[149.06677,-31.28146],[149.06713,-31.28118],[149.06682,-31.2815],[149.06733,-31.28285],[149.0671,-31.28425],[149.06728,-31.28298]]]}},{"type":"Feature","properties":{"OBJECTID":8793934,"PCTID":0,"PCTName":"Not classified","vegClass":"Not classified","vegForm":"Not classified"},"geometry":{"type":"Polygon","coordinates":[[[149.06674,-31.28484],[149.0671,-31.28425],[149.06705,-31.28448],[149.06674,-31.28484]]]}},{"type":"Feature","properties":{"OBJECTID":8793937,"PCTID":379,"PCTName":"Inland Scribbly Gum - White Bloodwood - Red Stringybark - Black Cypress Pine shrubby sandstone woodland mainly of the Warrumbungle NP - Pilliga region in the Brigalow Belt South Bioregion","vegClass":"Western Slopes Dry Sclerophyll Forests","vegForm":"Dry Sclerophyll Forests (Shrubby sub-formation)"},"geometry":{"type":"Polygon","coordinates":[[[149.05018,-31.28205],[149.04982,-31.28229],[149.05019,-31.28259],[149.05024,-31.28223],[149.05129,-31.28222],[149.05216,-31.2813],[149.05306,-31.28151],[149.05461,-31.28049],[149.05493,-31.28057],[149.054,-31.28158],[149.05419,-31.28262],[149.05376,-31.28253],[149.05456,-31.28284],[149.05335,-31.28286],[149.0536,-31.28231],[149.05285,-31.28174],[149.05191,-31.28202],[149.05183,-31.28284],[149.05094,-31.28326],[149.05199,-31.28329],[149.05206,-31.28378],[149.05132,-31.28361],[149.05028,-31.28395],[149.05014,-31.28503],[149.04947,-31.28536],[149.04899,-31.28523],[149.04918,-31.28442],[149.04797,-31.28435],[149.04837,-31.28551],[149.048,-31.28543],[149.04744,-31.28395],[149.04717,-31.28368],[149.0467,-31.28392],[149.04636,-31.28288],[149.04568,-31.28276],[149.04657,-31.28252],[149.0466,-31.28166],[149.0464,-31.28234],[149.04588,-31.28235],[149.04529,-31.28191],[149.04511,-31.28074],[149.04541,-31.28028],[149.04662,-31.28022],[149.04647,-31.28045],[149.04743,-31.28106],[149.04783,-31.28056],[149.04826,-31.28064],[149.04825,-31.28024],[149.0496,-31.27958],[149.04979,-31.27877],[149.05036,-31.27849],[149.0507,-31.27938],[149.04982,-31.28003],[149.04924,-31.2799],[149.04882,-31.28018],[149.05001,-31.28152],[149.05018,-31.28205]]]}},{"type":"Feature","properties":{"OBJECTID":8793940,"PCTID":379,"PCTName":"Inland Scribbly Gum - White Bloodwood - Red Stringybark - Black Cypress Pine shrubby sandstone woodland mainly of the Warrumbungle NP - Pilliga region in the Brigalow Belt South Bioregion","vegClass":"Western Slopes Dry Sclerophyll Forests","vegForm":"Dry Sclerophyll Forests (Shrubby sub-formation)"},"geometry":{"type":"Polygon","coordinates":[[[149.05186,-31.28442],[149.05042,-31.2857],[149.05039,-31.28435],[149.05128,-31.28416],[149.05186,-31.28442]]]}},{"type":"Feature","properties":{"OBJECTID":8793945,"PCTID":389,"PCTName":"Motherumbah - White Bloodwood - cypress pine very tall shrubland / woodland of the Coonabarabran region, Brigalow Belt South Bioregion","vegClass":"North-west Slopes Dry Sclerophyll Woodlands","vegForm":"Dry Sclerophyll Forests (Shrub/grass sub-formation)"},"geometry":{"type":"Polygon","coordinates":[[[149.05827,-31.28196],[149.05786,-31.28265],[149.05531,-31.28364],[149.05543,-31.28427],[149.05628,-31.28479],[149.05619,-31.28525],[149.05703,-31.28519],[149.05699,-31.28564],[149.05731,-31.28577],[149.056,-31.28611],[149.05463,-31.28599],[149.05452,-31.28568],[149.05294,-31.28539],[149.05297,-31.28476],[149.05396,-31.28438],[149.05363,-31.28339],[149.05488,-31.2831],[149.05488,-31.28288],[149.05377,-31.28262],[149.05419,-31.28262],[149.054,-31.28158],[149.05493,-31.28071],[149.05439,-31.28022],[149.05544,-31.28011],[149.05561,-31.28061],[149.05618,-31.28015],[149.05718,-31.2804],[149.05827,-31.28196]]]}},{"type":"Feature","properties":{"OBJECTID":8793946,"PCTID":381,"PCTName":"Rough-barked Apple - Yellow Box grass/shrub footslope open forest, Brigalow Belt South Bioregion","vegClass":"North-west Slopes Dry Sclerophyll Woodlands","vegForm":"Dry Sclerophyll Forests (Shrub/grass sub-formation)"},"geometry":{"type":"Polygon","coordinates":[[[149.06679,-31.28484],[149.06687,-31.28606],[149.0666,-31.28561],[149.06679,-31.28484]]]}},{"type":"Feature","properties":{"OBJECTID":8793951,"PCTID":379,"PCTName":"Inland Scribbly Gum - White Bloodwood - Red Stringybark - Black Cypress Pine shrubby sandstone woodland mainly of the Warrumbungle NP - Pilliga region in the Brigalow Belt South Bioregion","vegClass":"Western Slopes Dry Sclerophyll Forests","vegForm":"Dry Sclerophyll Forests (Shrubby sub-formation)"},"geometry":{"type":"Polygon","coordinates":[[[149.04633,-31.28365],[149.04651,-31.28473],[149.04693,-31.28473],[149.04694,-31.28518],[149.04748,-31.28566],[149.04733,-31.28612],[149.04676,-31.28631],[149.04687,-31.28671],[149.04619,-31.28663],[149.0454,-31.28444],[149.04472,-31.28458],[149.04517,-31.28367],[149.04511,-31.28309],[149.04568,-31.28294],[149.04633,-31.28365]]]}},{"type":"Feature","properties":{"OBJECTID":8793952,"PCTID":420,"PCTName":"Red Stringybark - Rough-barked Apple +/- Nortons Box open forest on hillslopes in the Warrumbungle NP - Coolah regions","vegClass":"Western Slopes Dry Sclerophyll Forests","vegForm":"Dry Sclerophyll Forests (Shrubby sub-formation)"},"geometry":{"type":"MultiPolygon","coordinates":[[[[149.0684,-31.27944],[149.06791,-31.27869],[149.06827,-31.27836],[149.06684,-31.27753],[149.06713,-31.27658],[149.06838,-31.27633],[149.06833,-31.27611],[149.06738,-31.27608],[149.06721,-31.27563],[149.0684,-31.27526],[149.0684,-31.285],[149.06791,-31.28518],[149.06792,-31.28568],[149.0669,-31.28506],[149.06734,-31.28339],[149.06682,-31.28159],[149.06713,-31.28118],[149.06819,-31.28105],[149.0684,-31.27944]]],[[[149.06798,-31.28599],[149.0684,-31.28554],[149.0684,-31.28615],[149.06798,-31.28599]]]]}},{"type":"Feature","properties":{"OBJECTID":8793958,"PCTID":389,"PCTName":"Motherumbah - White Bloodwood - cypress pine very tall shrubland / woodland of the Coonabarabran region, Brigalow Belt South Bioregion","vegClass":"North-west Slopes Dry Sclerophyll Woodlands","vegForm":"Dry Sclerophyll Forests (Shrub/grass sub-formation)"},"geometry":{"type":"Polygon","coordinates":[[[149.05036,-31.28747],[149.04972,-31.28721],[149.05007,-31.28661],[149.05014,-31.2872],[149.05049,-31.28647],[149.05086,-31.28655],[149.05085,-31.28592],[149.05112,-31.2865],[149.05186,-31.28654],[149.05036,-31.28747]]]}},{"type":"Feature","properties":{"OBJECTID":8793960,"PCTID":379,"PCTName":"Inland Scribbly Gum - White Bloodwood - Red Stringybark - Black Cypress Pine shrubby sandstone woodland mainly of the Warrumbungle NP - Pilliga region in the Brigalow Belt South Bioregion","vegClass":"Western Slopes Dry Sclerophyll Forests","vegForm":"Dry Sclerophyll Forests (Shrubby sub-formation)"},"geometry":{"type":"Polygon","coordinates":[[[149.04972,-31.28711],[149.04994,-31.28743],[149.04905,-31.28771],[149.04896,-31.28595],[149.04847,-31.28556],[149.049,-31.28559],[149.04954,-31.2864],[149.05013,-31.28661],[149.04972,-31.28711]]]}},{"type":"Feature","properties":{"OBJECTID":8793961,"PCTID":417,"PCTName":"Black Cypress Pine - Narrow-leaved Ironbark - red gum +/- White Bloodwood shrubby open forest on hills of the southern Pilliga, Coonabarabran and Garawilla regions, Brigalow Belt South Bioregion","vegClass":"Western Slopes Dry Sclerophyll Forests","vegForm":"Dry Sclerophyll Forests (Shrubby sub-formation)"},"geometry":{"type":"Polygon","coordinates":[[[149.04896,-31.28595],[149.049,-31.2878],[149.04809,-31.28705],[149.04784,-31.28548],[149.04725,-31.28504],[149.04686,-31.28405],[149.04707,-31.28369],[149.04771,-31.28435],[149.048,-31.28543],[149.04837,-31.28551],[149.04896,-31.28595]]]}},{"type":"Feature","properties":{"OBJECTID":8793962,"PCTID":381,"PCTName":"Rough-barked Apple - Yellow Box grass/shrub footslope open forest, Brigalow Belt South Bioregion","vegClass":"North-west Slopes Dry Sclerophyll Woodlands","vegForm":"Dry Sclerophyll Forests (Shrub/grass sub-formation)"},"geometry":{"type":"Polygon","coordinates":[[[149.05359,-31.2866],[149.0535,-31.28692],[149.05214,-31.28725],[149.05194,-31.28771],[149.05025,-31.28756],[149.05201,-31.28644],[149.05327,-31.28642],[149.05359,-31.2866]]]}},{"type":"Feature","properties":{"OBJECTID":8793965,"PCTID":420,"PCTName":"Red Stringybark - Rough-barked Apple +/- Nortons Box open forest on hillslopes in the Warrumbungle NP - Coolah regions","vegClass":"Western Slopes Dry Sclerophyll Forests","vegForm":"Dry Sclerophyll Forests (Shrubby sub-formation)"},"geometry":{"type":"Polygon","coordinates":[[[149.05214,-31.28725],[149.0535,-31.28692],[149.05333,-31.28638],[149.05396,-31.28659],[149.05366,-31.28714],[149.05434,-31.28722],[149.05394,-31.28777],[149.0521,-31.28798],[149.05194,-31.28771],[149.05214,-31.28725]]]}},{"type":"Feature","properties":{"OBJECTID":8793966,"PCTID":382,"PCTName":"Warrumbungle mountains Nandewar Box - Yellow Box shrub grass open forest, Brigalow Belt South Bioregion","vegClass":"North-west Slopes Dry Sclerophyll Woodlands","vegForm":"Dry Sclerophyll Forests (Shrub/grass sub-formation)"},"geometry":{"type":"Polygon","coordinates":[[[149.06798,-31.28599],[149.0684,-31.28615],[149.0684,-31.28668],[149.06789,-31.28685],[149.06693,-31.28615],[149.06753,-31.28695],[149.0684,-31.28728],[149.0684,-31.2873],[149.06744,-31.28772],[149.06691,-31.28764],[149.06664,-31.2871],[149.06563,-31.28698],[149.06527,-31.28721],[149.06516,-31.28672],[149.06426,-31.28642],[149.06451,-31.2861],[149.06435,-31.28583],[149.06481,-31.28546],[149.06561,-31.28572],[149.06556,-31.28617],[149.0665,-31.28561],[149.06687,-31.28606],[149.0667,-31.28529],[149.067,-31.28448],[149.0669,-31.28506],[149.06781,-31.28568],[149.06807,-31.2855],[149.06791,-31.28518],[149.0684,-31.285],[149.0684,-31.28554],[149.06798,-31.28599]]]}},{"type":"Feature","properties":{"OBJECTID":8793968,"PCTID":420,"PCTName":"Red Stringybark - Rough-barked Apple +/- Nortons Box open forest on hillslopes in the Warrumbungle NP - Coolah regions","vegClass":"Western Slopes Dry Sclerophyll Forests","vegForm":"Dry Sclerophyll Forests (Shrubby sub-formation)"},"geometry":{"type":"Polygon","coordinates":[[[149.0666,-31.28561],[149.06567,-31.28617],[149.06561,-31.28572],[149.0646,-31.28551],[149.0638,-31.2871],[149.06368,-31.28665],[149.06321,-31.28644],[149.06334,-31.28562],[149.06307,-31.28499],[149.0624,-31.28564],[149.06072,-31.28576],[149.06036,-31.28621],[149.06048,-31.28653],[149.06158,-31.28678],[149.06202,-31.28749],[149.06129,-31.28787],[149.06045,-31.28788],[149.06024,-31.28761],[149.0606,-31.28734],[149.06027,-31.28694],[149.05948,-31.28672],[149.05917,-31.28696],[149.05864,-31.28647],[149.05791,-31.28707],[149.05628,-31.28696],[149.05694,-31.28605],[149.05742,-31.28608],[149.05777,-31.28558],[149.05851,-31.28539],[149.05896,-31.28475],[149.05784,-31.28373],[149.05742,-31.28392],[149.05743,-31.28432],[149.05664,-31.2842],[149.05678,-31.28366],[149.05726,-31.28378],[149.0572,-31.28342],[149.05839,-31.28255],[149.05876,-31.28281],[149.05955,-31.28271],[149.05998,-31.28306],[149.06007,-31.28252],[149.06043,-31.28247],[149.06134,-31.28281],[149.06214,-31.28361],[149.06425,-31.28376],[149.06436,-31.28411],[149.06526,-31.28455],[149.06474,-31.28483],[149.06512,-31.28509],[149.06575,-31.28517],[149.06679,-31.28475],[149.0666,-31.28561]]]}},{"type":"Feature","properties":{"OBJECTID":8793973,"PCTID":420,"PCTName":"Red Stringybark - Rough-barked Apple +/- Nortons Box open forest on hillslopes in the Warrumbungle NP - Coolah regions","vegClass":"Western Slopes Dry Sclerophyll Forests","vegForm":"Dry Sclerophyll Forests (Shrubby sub-formation)"},"geometry":{"type":"Polygon","coordinates":[[[149.05946,-31.28785],[149.0593,-31.28817],[149.05867,-31.28787],[149.05619,-31.28773],[149.0542,-31.28799],[149.05451,-31.28758],[149.05566,-31.28738],[149.05625,-31.28764],[149.05792,-31.28725],[149.05892,-31.28741],[149.05946,-31.28785]]]}},{"type":"Feature","properties":{"OBJECTID":8793976,"PCTID":393,"PCTName":"White Box shrubby woodland of the western Liverpool Range, Warrumbungle Range and south-west Pilliga forests, Brigalow Belt South Bioregion","vegClass":"North-west Slopes Dry Sclerophyll Woodlands","vegForm":"Dry Sclerophyll Forests (Shrub/grass sub-formation)"},"geometry":{"type":"Polygon","coordinates":[[[149.06755,-31.28803],[149.06634,-31.2881],[149.06596,-31.28738],[149.06428,-31.28764],[149.06419,-31.28813],[149.06361,-31.28819],[149.06404,-31.28638],[149.06516,-31.28672],[149.06527,-31.28721],[149.06563,-31.28698],[149.06664,-31.2871],[149.06691,-31.28764],[149.06765,-31.28767],[149.06755,-31.28803]]]}},{"type":"Feature","properties":{"OBJECTID":8793978,"PCTID":0,"PCTName":"Not classified","vegClass":"Not classified","vegForm":"Not classified"},"geometry":{"type":"Polygon","coordinates":[[[149.0675,-31.2883],[149.06604,-31.28842],[149.0684,-31.28777],[149.0684,-31.28787],[149.0675,-31.2883]]]}},{"type":"Feature","properties":{"OBJECTID":8793991,"PCTID":382,"PCTName":"Warrumbungle mountains Nandewar Box - Yellow Box shrub grass open forest, Brigalow Belt South Bioregion","vegClass":"North-west Slopes Dry Sclerophyll Woodlands","vegForm":"Dry Sclerophyll Forests (Shrub/grass sub-formation)"},"geometry":{"type":"Polygon","coordinates":[[[149.06373,-31.28855],[149.0631,-31.28865],[149.06249,-31.28943],[149.06221,-31.28898],[149.06063,-31.28878],[149.05975,-31.28911],[149.05931,-31.28822],[149.05946,-31.28785],[149.05892,-31.28746],[149.06027,-31.28694],[149.0606,-31.28734],[149.06024,-31.28761],[149.06045,-31.28788],[149.06192,-31.28768],[149.06164,-31.28682],[149.06064,-31.2867],[149.06036,-31.28621],[149.06082,-31.28571],[149.0624,-31.28564],[149.0628,-31.285],[149.06307,-31.28499],[149.06334,-31.28562],[149.06321,-31.28644],[149.06368,-31.28665],[149.0638,-31.2871],[149.06373,-31.28855]]]}},{"type":"Feature","properties":{"OBJECTID":8793992,"PCTID":0,"PCTName":"Not classified","vegClass":"Not classified","vegForm":"Not classified"},"geometry":{"type":"Polygon","coordinates":[[[149.06737,-31.28939],[149.06737,-31.28943],[149.06732,-31.28943],[149.06737,-31.28939]]]}},{"type":"Feature","properties":{"OBJECTID":8793999,"PCTID":0,"PCTName":"Not classified","vegClass":"Not classified","vegForm":"Not classified"},"geometry":{"type":"Polygon","coordinates":[[[149.06737,-31.28939],[149.06793,-31.28834],[149.0684,-31.28824],[149.0684,-31.28962],[149.06737,-31.28939]]]}},{"type":"Feature","properties":{"OBJECTID":8794008,"PCTID":382,"PCTName":"Warrumbungle mountains Nandewar Box - Yellow Box shrub grass open forest, Brigalow Belt South Bioregion","vegClass":"North-west Slopes Dry Sclerophyll Woodlands","vegForm":"Dry Sclerophyll Forests (Shrub/grass sub-formation)"},"geometry":{"type":"Polygon","coordinates":[[[149.06361,-31.29026],[149.06314,-31.29036],[149.06323,-31.28995],[149.06361,-31.29026]]]}},{"type":"Feature","properties":{"OBJECTID":8794010,"PCTID":381,"PCTName":"Rough-barked Apple - Yellow Box grass/shrub footslope open forest, Brigalow Belt South Bioregion","vegClass":"North-west Slopes Dry Sclerophyll Woodlands","vegForm":"Dry Sclerophyll Forests (Shrub/grass sub-formation)"},"geometry":{"type":"MultiPolygon","coordinates":[[[[149.0684,-31.28795],[149.0684,-31.28824],[149.06793,-31.28834],[149.06738,-31.28975],[149.06676,-31.29039],[149.06628,-31.28999],[149.06648,-31.28936],[149.06523,-31.28997],[149.06522,-31.28947],[149.06485,-31.28939],[149.06481,-31.28984],[149.06418,-31.29012],[149.06307,-31.28987],[149.0627,-31.28947],[149.05982,-31.28983],[149.05975,-31.28929],[149.05885,-31.28917],[149.05677,-31.29002],[149.0588,-31.28913],[149.05883,-31.28809],[149.05952,-31.2883],[149.05975,-31.28911],[149.06063,-31.28878],[149.06221,-31.28898],[149.06249,-31.28943],[149.0631,-31.28865],[149.06368,-31.28859],[149.06372,-31.28819],[149.06424,-31.28809],[149.06428,-31.28764],[149.06606,-31.28738],[149.06661,-31.28814],[149.06755,-31.28803],[149.06765,-31.28762],[149.06822,-31.28734],[149.0684,-31.28747],[149.0684,-31.28776],[149.06765,-31.2881],[149.0684,-31.28795]]],[[[149.06753,-31.28695],[149.06693,-31.28615],[149.06789,-31.28685],[149.06836,-31.28684],[149.0684,-31.28677],[149.0684,-31.28741],[149.06753,-31.28695]]]]}},{"type":"Feature","properties":{"OBJECTID":8794033,"PCTID":382,"PCTName":"Warrumbungle mountains Nandewar Box - Yellow Box shrub grass open forest, Brigalow Belt South Bioregion","vegClass":"North-west Slopes Dry Sclerophyll Woodlands","vegForm":"Dry Sclerophyll Forests (Shrub/grass sub-formation)"},"geometry":{"type":"Polygon","coordinates":[[[149.06169,-31.29133],[149.06178,-31.29088],[149.06082,-31.29027],[149.06081,-31.28972],[149.06281,-31.28969],[149.06298,-31.29018],[149.06246,-31.29042],[149.06283,-31.29082],[149.06237,-31.29137],[149.06169,-31.29133]]]}},{"type":"Feature","properties":{"OBJECTID":8794039,"PCTID":0,"PCTName":"Not classified","vegClass":"Not classified","vegForm":"Not classified"},"geometry":{"type":"Polygon","coordinates":[[[149.06503,-31.29042],[149.0653,-31.29073],[149.06452,-31.29097],[149.06485,-31.2916],[149.06357,-31.2909],[149.06296,-31.29172],[149.06237,-31.29141],[149.06283,-31.29082],[149.06245,-31.29033],[149.06298,-31.29018],[149.06254,-31.28947],[149.0635,-31.29004],[149.0645,-31.29011],[149.06501,-31.28938],[149.06518,-31.28997],[149.06503,-31.29042]],[[149.06314,-31.29036],[149.06361,-31.29026],[149.06323,-31.28995],[149.06314,-31.29036]]]}},{"type":"Feature","properties":{"OBJECTID":8794054,"PCTID":420,"PCTName":"Red Stringybark - Rough-barked Apple +/- Nortons Box open forest on hillslopes in the Warrumbungle NP - Coolah regions","vegClass":"Western Slopes Dry Sclerophyll Forests","vegForm":"Dry Sclerophyll Forests (Shrubby sub-formation)"},"geometry":{"type":"Polygon","coordinates":[[[149.06284,-31.29326],[149.06252,-31.29335],[149.0622,-31.29281],[149.06277,-31.29262],[149.06284,-31.29326]]]}},{"type":"Feature","properties":{"OBJECTID":8794055,"PCTID":420,"PCTName":"Red Stringybark - Rough-barked Apple +/- Nortons Box open forest on hillslopes in the Warrumbungle NP - Coolah regions","vegClass":"Western Slopes Dry Sclerophyll Forests","vegForm":"Dry Sclerophyll Forests (Shrubby sub-formation)"},"geometry":{"type":"Polygon","coordinates":[[[149.06082,-31.29027],[149.06178,-31.29088],[149.06169,-31.29133],[149.06285,-31.29172],[149.06352,-31.2909],[149.06485,-31.2916],[149.06452,-31.29097],[149.0653,-31.29073],[149.06503,-31.29042],[149.06518,-31.28997],[149.06632,-31.28936],[149.06639,-31.29031],[149.06677,-31.29044],[149.06641,-31.29112],[149.06548,-31.29163],[149.06565,-31.2924],[149.06531,-31.29321],[149.06446,-31.29309],[149.06419,-31.2926],[149.06351,-31.29279],[149.06287,-31.29226],[149.0624,-31.29254],[149.06212,-31.29196],[149.06171,-31.29233],[149.06103,-31.29225],[149.06091,-31.29175],[149.0606,-31.29189],[149.06061,-31.29239],[149.06003,-31.29222],[149.05941,-31.29255],[149.05952,-31.29291],[149.0592,-31.29282],[149.05905,-31.29327],[149.05858,-31.29306],[149.05848,-31.29351],[149.05759,-31.29375],[149.05691,-31.29354],[149.05646,-31.29233],[149.05682,-31.29205],[149.05777,-31.29221],[149.05834,-31.29198],[149.05795,-31.29081],[149.05861,-31.28981],[149.05797,-31.28964],[149.05772,-31.29018],[149.05755,-31.28974],[149.05885,-31.28917],[149.05975,-31.28929],[149.05982,-31.28983],[149.06086,-31.28968],[149.06082,-31.29027]]]}},{"type":"Feature","properties":{"OBJECTID":8794065,"PCTID":393,"PCTName":"White Box shrubby woodland of the western Liverpool Range, Warrumbungle Range and south-west Pilliga forests, Brigalow Belt South Bioregion","vegClass":"North-west Slopes Dry Sclerophyll Woodlands","vegForm":"Dry Sclerophyll Forests (Shrub/grass sub-formation)"},"geometry":{"type":"Polygon","coordinates":[[[149.06819,-31.29285],[149.06699,-31.29314],[149.0667,-31.29436],[149.06601,-31.29415],[149.06597,-31.29257],[149.06634,-31.29229],[149.06627,-31.29189],[149.06679,-31.29161],[149.06657,-31.29089],[149.06676,-31.2903],[149.06738,-31.28975],[149.06737,-31.28939],[149.06822,-31.28964],[149.0684,-31.29033],[149.0684,-31.29092],[149.0682,-31.29131],[149.0684,-31.29208],[149.0684,-31.2923],[149.06819,-31.29285]]]}},{"type":"Feature","properties":{"OBJECTID":8794067,"PCTID":420,"PCTName":"Red Stringybark - Rough-barked Apple +/- Nortons Box open forest on hillslopes in the Warrumbungle NP - Coolah regions","vegClass":"Western Slopes Dry Sclerophyll Forests","vegForm":"Dry Sclerophyll Forests (Shrubby sub-formation)"},"geometry":{"type":"Polygon","coordinates":[[[149.05635,-31.29431],[149.05562,-31.29478],[149.05414,-31.29458],[149.05413,-31.29385],[149.05459,-31.29326],[149.05417,-31.29322],[149.05341,-31.29238],[149.05535,-31.29221],[149.05558,-31.29279],[149.055,-31.29303],[149.05553,-31.29329],[149.05605,-31.29301],[149.05639,-31.29391],[149.05635,-31.29431]]]}},{"type":"Feature","properties":{"OBJECTID":8794075,"PCTID":381,"PCTName":"Rough-barked Apple - Yellow Box grass/shrub footslope open forest, Brigalow Belt South Bioregion","vegClass":"North-west Slopes Dry Sclerophyll Woodlands","vegForm":"Dry Sclerophyll Forests (Shrub/grass sub-formation)"},"geometry":{"type":"Polygon","coordinates":[[[149.04854,-31.29517],[149.04855,-31.29566],[149.04918,-31.29561],[149.04914,-31.29633],[149.04794,-31.29653],[149.04776,-31.29581],[149.04713,-31.29573],[149.04754,-31.29518],[149.04747,-31.2946],[149.0479,-31.29486],[149.0491,-31.29462],[149.0489,-31.29516],[149.04854,-31.29517]]]}},{"type":"Feature","properties":{"OBJECTID":8794079,"PCTID":420,"PCTName":"Red Stringybark - Rough-barked Apple +/- Nortons Box open forest on hillslopes in the Warrumbungle NP - Coolah regions","vegClass":"Western Slopes Dry Sclerophyll Forests","vegForm":"Dry Sclerophyll Forests (Shrubby sub-formation)"},"geometry":{"type":"Polygon","coordinates":[[[149.06552,-31.29569],[149.0651,-31.29556],[149.06468,-31.29589],[149.06475,-31.29647],[149.06353,-31.29613],[149.06367,-31.29527],[149.06301,-31.29411],[149.06333,-31.29392],[149.06325,-31.29311],[149.06367,-31.29311],[149.06395,-31.29351],[149.0644,-31.2949],[149.06529,-31.29479],[149.06552,-31.29569]]]}},{"type":"Feature","properties":{"OBJECTID":8794083,"PCTID":385,"PCTName":"Warrumbungle trachyte hillcrest Tumbledown Red Gum - Black Cypress Pine - White Bloodwood shrubby woodland","vegClass":"North-west Slopes Dry Sclerophyll Woodlands","vegForm":"Dry Sclerophyll Forests (Shrub/grass sub-formation)"},"geometry":{"type":"Polygon","coordinates":[[[149.06321,-31.29596],[149.06286,-31.29673],[149.06253,-31.29579],[149.06356,-31.29518],[149.06353,-31.296],[149.06321,-31.29596]]]}},{"type":"Feature","properties":{"OBJECTID":8794084,"PCTID":0,"PCTName":"Not classified","vegClass":"Not classified","vegForm":"Not classified"},"geometry":{"type":"Polygon","coordinates":[[[149.06465,-31.29652],[149.06489,-31.29588],[149.06554,-31.29637],[149.06429,-31.29693],[149.06353,-31.29613],[149.06465,-31.29652]]]}},{"type":"Feature","properties":{"OBJECTID":8794088,"PCTID":381,"PCTName":"Rough-barked Apple - Yellow Box grass/shrub footslope open forest, Brigalow Belt South Bioregion","vegClass":"North-west Slopes Dry Sclerophyll Woodlands","vegForm":"Dry Sclerophyll Forests (Shrub/grass sub-formation)"},"geometry":{"type":"Polygon","coordinates":[[[149.06171,-31.29661],[149.06218,-31.29674],[149.06198,-31.29729],[149.06134,-31.29689],[149.06174,-31.29562],[149.06171,-31.29661]]]}},{"type":"Feature","properties":{"OBJECTID":8794089,"PCTID":381,"PCTName":"Rough-barked Apple - Yellow Box grass/shrub footslope open forest, Brigalow Belt South Bioregion","vegClass":"North-west Slopes Dry Sclerophyll Woodlands","vegForm":"Dry Sclerophyll Forests (Shrub/grass sub-formation)"},"geometry":{"type":"Polygon","coordinates":[[[149.0581,-31.29744],[149.05751,-31.29677],[149.05829,-31.29667],[149.0592,-31.29738],[149.0581,-31.29744]]]}},{"type":"Feature","properties":{"OBJECTID":8794094,"PCTID":381,"PCTName":"Rough-barked Apple - Yellow Box grass/shrub footslope open forest, Brigalow Belt South Bioregion","vegClass":"North-west Slopes Dry Sclerophyll Woodlands","vegForm":"Dry Sclerophyll Forests (Shrub/grass sub-formation)"},"geometry":{"type":"Polygon","coordinates":[[[149.06614,-31.29518],[149.06647,-31.29604],[149.0659,-31.29627],[149.06701,-31.29648],[149.06749,-31.29697],[149.06648,-31.29865],[149.06591,-31.29875],[149.06542,-31.29836],[149.06524,-31.29728],[149.06488,-31.29764],[149.06477,-31.29728],[149.06413,-31.29702],[149.06335,-31.29708],[149.06268,-31.29791],[149.06215,-31.29782],[149.06257,-31.29773],[149.06321,-31.29596],[149.06429,-31.29693],[149.06544,-31.2966],[149.06553,-31.29619],[149.06479,-31.29588],[149.06557,-31.29551],[149.06538,-31.29425],[149.06496,-31.29403],[149.06495,-31.29354],[149.06536,-31.29335],[149.06565,-31.2924],[149.06548,-31.29163],[149.06656,-31.2908],[149.06679,-31.29161],[149.06627,-31.29189],[149.06634,-31.29229],[149.06597,-31.29257],[149.06601,-31.29415],[149.06654,-31.29432],[149.06614,-31.29518]]]}},{"type":"Feature","properties":{"OBJECTID":8794107,"PCTID":393,"PCTName":"White Box shrubby woodland of the western Liverpool Range, Warrumbungle Range and south-west Pilliga forests, Brigalow Belt South Bioregion","vegClass":"North-west Slopes Dry Sclerophyll Woodlands","vegForm":"Dry Sclerophyll Forests (Shrub/grass sub-formation)"},"geometry":{"type":"Polygon","coordinates":[[[149.04927,-31.29989],[149.04946,-31.29863],[149.04893,-31.29841],[149.04928,-31.29768],[149.04898,-31.29602],[149.04971,-31.296],[149.04978,-31.29672],[149.0502,-31.29685],[149.04927,-31.29989]]]}},{"type":"Feature","properties":{"OBJECTID":8794108,"PCTID":385,"PCTName":"Warrumbungle trachyte hillcrest Tumbledown Red Gum - Black Cypress Pine - White Bloodwood shrubby woodland","vegClass":"North-west Slopes Dry Sclerophyll Woodlands","vegForm":"Dry Sclerophyll Forests (Shrub/grass sub-formation)"},"geometry":{"type":"Polygon","coordinates":[[[149.05898,-31.29914],[149.05902,-31.29846],[149.05848,-31.29793],[149.05863,-31.29752],[149.05899,-31.29747],[149.0598,-31.29822],[149.06072,-31.29956],[149.06062,-31.29984],[149.05898,-31.29914]]]}},{"type":"Feature","properties":{"OBJECTID":8794113,"PCTID":385,"PCTName":"Warrumbungle trachyte hillcrest Tumbledown Red Gum - Black Cypress Pine - White Bloodwood shrubby woodland","vegClass":"North-west Slopes Dry Sclerophyll Woodlands","vegForm":"Dry Sclerophyll Forests (Shrub/grass sub-formation)"},"geometry":{"type":"Polygon","coordinates":[[[149.06812,-31.29921],[149.0679,-31.29863],[149.0684,-31.29836],[149.0684,-31.29935],[149.06812,-31.29921]]]}},{"type":"Feature","properties":{"OBJECTID":8794118,"PCTID":0,"PCTName":"Not classified","vegClass":"Not classified","vegForm":"Not classified"},"geometry":{"type":"Polygon","coordinates":[[[149.06495,-31.29354],[149.06496,-31.29403],[149.06538,-31.29425],[149.06534,-31.29479],[149.06481,-31.29467],[149.06451,-31.29499],[149.06439,-31.2944],[149.06396,-31.29414],[149.06395,-31.29351],[149.06367,-31.29311],[149.06325,-31.29311],[149.06333,-31.29392],[149.06301,-31.29411],[149.06351,-31.29527],[149.06253,-31.29579],[149.06292,-31.29691],[149.06257,-31.29773],[149.06215,-31.29764],[149.06258,-31.29827],[149.06191,-31.29873],[149.06045,-31.29894],[149.06069,-31.29794],[149.05974,-31.29787],[149.05909,-31.29706],[149.05867,-31.29712],[149.05829,-31.29667],[149.05751,-31.29677],[149.05778,-31.29727],[149.05863,-31.29748],[149.05848,-31.29793],[149.05902,-31.29846],[149.05898,-31.29914],[149.06062,-31.29984],[149.06058,-31.3002],[149.0599,-31.30021],[149.0598,-31.30048],[149.05942,-31.30017],[149.05901,-31.30036],[149.05842,-31.3001],[149.05825,-31.2996],[149.05789,-31.29988],[149.05719,-31.29904],[149.05641,-31.29946],[149.05661,-31.29891],[149.05629,-31.29856],[149.05528,-31.29835],[149.05543,-31.29789],[149.05483,-31.29714],[149.0553,-31.29695],[149.05545,-31.29636],[149.05512,-31.29569],[149.05426,-31.29516],[149.05563,-31.29523],[149.05557,-31.29478],[149.05609,-31.29459],[149.05639,-31.29391],[149.05723,-31.29398],[149.05848,-31.29351],[149.05858,-31.29306],[149.05905,-31.29327],[149.0592,-31.29282],[149.05952,-31.29291],[149.05941,-31.29255],[149.06003,-31.29222],[149.06061,-31.29239],[149.0606,-31.29189],[149.06091,-31.29175],[149.06103,-31.29225],[149.06171,-31.29233],[149.06212,-31.29196],[149.0624,-31.29254],[149.06287,-31.29226],[149.06351,-31.29279],[149.06419,-31.2926],[149.06446,-31.29309],[149.06536,-31.29317],[149.06495,-31.29354]],[[149.0622,-31.29281],[149.06252,-31.29335],[149.06284,-31.29326],[149.06277,-31.29262],[149.0622,-31.29281]],[[149.06134,-31.29689],[149.06198,-31.29729],[149.06218,-31.29674],[149.06171,-31.29661],[149.06174,-31.29562],[149.06134,-31.29689]]]}},{"type":"Feature","properties":{"OBJECTID":8794120,"PCTID":420,"PCTName":"Red Stringybark - Rough-barked Apple +/- Nortons Box open forest on hillslopes in the Warrumbungle NP - Coolah regions","vegClass":"Western Slopes Dry Sclerophyll Forests","vegForm":"Dry Sclerophyll Forests (Shrubby sub-formation)"},"geometry":{"type":"Polygon","coordinates":[[[149.04928,-31.29768],[149.04893,-31.29841],[149.04946,-31.29863],[149.04944,-31.3002],[149.04919,-31.30093],[149.04862,-31.30094],[149.04844,-31.30036],[149.0475,-31.30051],[149.0467,-31.30007],[149.04769,-31.29974],[149.04743,-31.29961],[149.04768,-31.29911],[149.04661,-31.29831],[149.04719,-31.29853],[149.04766,-31.29829],[149.04713,-31.29785],[149.04754,-31.29753],[149.04699,-31.29664],[149.04725,-31.29632],[149.04708,-31.29573],[149.04776,-31.29581],[149.04794,-31.29653],[149.04914,-31.29633],[149.04928,-31.29768]]]}},{"type":"Feature","properties":{"OBJECTID":8794123,"PCTID":0,"PCTName":"Not classified","vegClass":"Not classified","vegForm":"Not classified"},"geometry":{"type":"Polygon","coordinates":[[[149.06523,-31.2989],[149.06474,-31.29819],[149.06454,-31.29882],[149.06397,-31.29892],[149.06362,-31.29983],[149.06289,-31.30025],[149.06332,-31.30069],[149.06285,-31.30088],[149.06242,-31.30048],[149.06296,-31.29858],[149.06268,-31.29786],[149.06335,-31.29708],[149.0645,-31.29715],[149.06488,-31.29764],[149.06524,-31.29728],[149.06558,-31.29844],[149.06523,-31.2989]]]}},{"type":"Feature","properties":{"OBJECTID":8794126,"PCTID":385,"PCTName":"Warrumbungle trachyte hillcrest Tumbledown Red Gum - Black Cypress Pine - White Bloodwood shrubby woodland","vegClass":"North-west Slopes Dry Sclerophyll Woodlands","vegForm":"Dry Sclerophyll Forests (Shrub/grass sub-formation)"},"geometry":{"type":"Polygon","coordinates":[[[149.05348,-31.3],[149.0529,-31.30006],[149.05078,-31.29914],[149.05041,-31.2992],[149.05032,-31.29956],[149.05075,-31.29991],[149.05045,-31.30064],[149.05099,-31.30122],[149.04998,-31.30083],[149.04961,-31.30097],[149.04923,-31.30039],[149.04956,-31.29853],[149.05002,-31.29785],[149.04985,-31.29745],[149.05025,-31.29676],[149.05042,-31.29707],[149.05083,-31.29666],[149.0511,-31.2972],[149.05152,-31.2971],[149.05237,-31.29758],[149.05244,-31.29803],[149.05329,-31.29865],[149.05347,-31.29955],[149.05411,-31.29986],[149.05406,-31.30022],[149.05465,-31.30079],[149.0543,-31.30143],[149.05348,-31.3]]]}},{"type":"Feature","properties":{"OBJECTID":8794128,"PCTID":385,"PCTName":"Warrumbungle trachyte hillcrest Tumbledown Red Gum - Black Cypress Pine - White Bloodwood shrubby woodland","vegClass":"North-west Slopes Dry Sclerophyll Woodlands","vegForm":"Dry Sclerophyll Forests (Shrub/grass sub-formation)"},"geometry":{"type":"Polygon","coordinates":[[[149.05991,-31.30093],[149.06111,-31.30064],[149.06129,-31.30127],[149.06086,-31.30105],[149.06103,-31.3015],[149.06046,-31.30169],[149.05991,-31.30093]]]}},{"type":"Feature","properties":{"OBJECTID":8794131,"PCTID":420,"PCTName":"Red Stringybark - Rough-barked Apple +/- Nortons Box open forest on hillslopes in the Warrumbungle NP - Coolah regions","vegClass":"Western Slopes Dry Sclerophyll Forests","vegForm":"Dry Sclerophyll Forests (Shrubby sub-formation)"},"geometry":{"type":"Polygon","coordinates":[[[149.06296,-31.29858],[149.06242,-31.30048],[149.06285,-31.30088],[149.06332,-31.30069],[149.06289,-31.30025],[149.06362,-31.29983],[149.06397,-31.29892],[149.06454,-31.29882],[149.06474,-31.29819],[149.06523,-31.2989],[149.06558,-31.29844],[149.06611,-31.29866],[149.06613,-31.29925],[149.0656,-31.29925],[149.06561,-31.29966],[149.06598,-31.29988],[149.06573,-31.30043],[149.065,-31.30048],[149.06515,-31.30025],[149.06478,-31.29999],[149.06383,-31.3001],[149.06431,-31.30031],[149.06406,-31.30081],[149.06463,-31.30058],[149.06523,-31.3012],[149.0653,-31.3021],[149.06371,-31.30154],[149.06319,-31.30164],[149.0632,-31.30209],[149.0622,-31.30202],[149.06155,-31.30131],[149.06158,-31.30032],[149.06016,-31.30043],[149.06063,-31.30015],[149.06072,-31.29956],[149.05899,-31.29747],[149.06069,-31.29794],[149.06039,-31.29862],[149.06055,-31.29898],[149.06191,-31.29873],[149.06258,-31.29827],[149.06258,-31.29791],[149.06296,-31.29858]]]}},{"type":"Feature","properties":{"OBJECTID":8794132,"PCTID":382,"PCTName":"Warrumbungle mountains Nandewar Box - Yellow Box shrub grass open forest, Brigalow Belt South Bioregion","vegClass":"North-west Slopes Dry Sclerophyll Woodlands","vegForm":"Dry Sclerophyll Forests (Shrub/grass sub-formation)"},"geometry":{"type":"Polygon","coordinates":[[[149.0549,-31.30223],[149.05453,-31.30219],[149.05438,-31.3026],[149.05343,-31.30248],[149.05284,-31.30191],[149.05298,-31.30105],[149.05234,-31.3007],[149.05239,-31.30043],[149.05031,-31.29938],[149.05078,-31.29914],[149.0529,-31.30006],[149.05348,-31.3],[149.0543,-31.30143],[149.0549,-31.30223]]]}},{"type":"Feature","properties":{"OBJECTID":8794133,"PCTID":381,"PCTName":"Rough-barked Apple - Yellow Box grass/shrub footslope open forest, Brigalow Belt South Bioregion","vegClass":"North-west Slopes Dry Sclerophyll Woodlands","vegForm":"Dry Sclerophyll Forests (Shrub/grass sub-formation)"},"geometry":{"type":"Polygon","coordinates":[[[149.06782,-31.3021],[149.06783,-31.30247],[149.0673,-31.30216],[149.06683,-31.30235],[149.06682,-31.3019],[149.06729,-31.30171],[149.06782,-31.3021]]]}},{"type":"Feature","properties":{"OBJECTID":8794138,"PCTID":393,"PCTName":"White Box shrubby woodland of the western Liverpool Range, Warrumbungle Range and south-west Pilliga forests, Brigalow Belt South Bioregion","vegClass":"North-west Slopes Dry Sclerophyll Woodlands","vegForm":"Dry Sclerophyll Forests (Shrub/grass sub-formation)"},"geometry":{"type":"Polygon","coordinates":[[[149.06017,-31.30296],[149.0596,-31.30351],[149.05968,-31.30242],[149.0601,-31.30233],[149.06017,-31.30296]]]}},{"type":"Feature","properties":{"OBJECTID":8794144,"PCTID":381,"PCTName":"Rough-barked Apple - Yellow Box grass/shrub footslope open forest, Brigalow Belt South Bioregion","vegClass":"North-west Slopes Dry Sclerophyll Woodlands","vegForm":"Dry Sclerophyll Forests (Shrub/grass sub-formation)"},"geometry":{"type":"Polygon","coordinates":[[[149.06022,-31.30047],[149.06158,-31.30032],[149.06155,-31.30131],[149.06267,-31.30219],[149.0632,-31.30209],[149.0634,-31.30155],[149.06439,-31.30158],[149.0653,-31.3021],[149.06512,-31.30107],[149.06463,-31.30058],[149.06406,-31.30081],[149.06431,-31.30031],[149.06383,-31.3001],[149.06425,-31.3],[149.06504,-31.30012],[149.06544,-31.30124],[149.06627,-31.30091],[149.06686,-31.30117],[149.06692,-31.30153],[149.06613,-31.30182],[149.06454,-31.30338],[149.06365,-31.30339],[149.06308,-31.30376],[149.0627,-31.30323],[149.06197,-31.30369],[149.06198,-31.30405],[149.06145,-31.3037],[149.0619,-31.30279],[149.06159,-31.30298],[149.06116,-31.30267],[149.06064,-31.30295],[149.06086,-31.30331],[149.05992,-31.30346],[149.0601,-31.30233],[149.06078,-31.30204],[149.0604,-31.30173],[149.06103,-31.3015],[149.06086,-31.30105],[149.06129,-31.30127],[149.06122,-31.30073],[149.05986,-31.30098],[149.05821,-31.3001],[149.05706,-31.30008],[149.05668,-31.29954],[149.05719,-31.29904],[149.05789,-31.29988],[149.05825,-31.2996],[149.05842,-31.3001],[149.05901,-31.30036],[149.05942,-31.30017],[149.0598,-31.30048],[149.06026,-31.3002],[149.06022,-31.30047]]]}},{"type":"Feature","properties":{"OBJECTID":8794146,"PCTID":393,"PCTName":"White Box shrubby woodland of the western Liverpool Range, Warrumbungle Range and south-west Pilliga forests, Brigalow Belt South Bioregion","vegClass":"North-west Slopes Dry Sclerophyll Woodlands","vegForm":"Dry Sclerophyll Forests (Shrub/grass sub-formation)"},"geometry":{"type":"Polygon","coordinates":[[[149.0613,-31.30425],[149.06073,-31.30426],[149.06081,-31.30358],[149.0613,-31.30425]]]}},{"type":"Feature","properties":{"OBJECTID":8794152,"PCTID":420,"PCTName":"Red Stringybark - Rough-barked Apple +/- Nortons Box open forest on hillslopes in the Warrumbungle NP - Coolah regions","vegClass":"Western Slopes Dry Sclerophyll Forests","vegForm":"Dry Sclerophyll Forests (Shrubby sub-formation)"},"geometry":{"type":"Polygon","coordinates":[[[149.06536,-31.30458],[149.06556,-31.30422],[149.06507,-31.30337],[149.06616,-31.30285],[149.06625,-31.30236],[149.06726,-31.30261],[149.06711,-31.30329],[149.06633,-31.30348],[149.06619,-31.30407],[149.06651,-31.30443],[149.06568,-31.3048],[149.06536,-31.30458]]]}},{"type":"Feature","properties":{"OBJECTID":8794153,"PCTID":385,"PCTName":"Warrumbungle trachyte hillcrest Tumbledown Red Gum - Black Cypress Pine - White Bloodwood shrubby woodland","vegClass":"North-west Slopes Dry Sclerophyll Woodlands","vegForm":"Dry Sclerophyll Forests (Shrub/grass sub-formation)"},"geometry":{"type":"MultiPolygon","coordinates":[[[[149.06817,-31.28969],[149.0684,-31.28955],[149.0684,-31.2904],[149.06817,-31.28969]]],[[[149.0682,-31.29131],[149.0684,-31.29092],[149.0684,-31.29208],[149.0682,-31.29131]]],[[[149.06836,-31.29817],[149.06733,-31.2967],[149.0659,-31.29627],[149.06647,-31.29604],[149.06614,-31.29518],[149.06675,-31.29432],[149.06663,-31.29387],[149.06699,-31.29314],[149.06819,-31.29285],[149.0684,-31.2923],[149.0684,-31.29804],[149.06836,-31.29817]]]]}},{"type":"Feature","properties":{"OBJECTID":8794158,"PCTID":381,"PCTName":"Rough-barked Apple - Yellow Box grass/shrub footslope open forest, Brigalow Belt South Bioregion","vegClass":"North-west Slopes Dry Sclerophyll Woodlands","vegForm":"Dry Sclerophyll Forests (Shrub/grass sub-formation)"},"geometry":{"type":"Polygon","coordinates":[[[149.05907,-31.30537],[149.05845,-31.30592],[149.05855,-31.30551],[149.05811,-31.30471],[149.0589,-31.30483],[149.05907,-31.30537]]]}},{"type":"Feature","properties":{"OBJECTID":8794163,"PCTID":0,"PCTName":"Not classified","vegClass":"Not classified","vegForm":"Not classified"},"geometry":{"type":"Polygon","coordinates":[[[149.06759,-31.30572],[149.06629,-31.30637],[149.06522,-31.30567],[149.06553,-31.3053],[149.06537,-31.30499],[149.06651,-31.30443],[149.06619,-31.30407],[149.06633,-31.30348],[149.06681,-31.30357],[149.06736,-31.3027],[149.06625,-31.30236],[149.06621,-31.30281],[149.06507,-31.30337],[149.06487,-31.304],[149.06429,-31.30388],[149.06407,-31.30334],[149.06454,-31.30338],[149.0649,-31.30288],[149.06516,-31.30301],[149.06613,-31.30182],[149.06692,-31.30153],[149.06686,-31.30117],[149.06627,-31.30091],[149.06544,-31.30124],[149.06526,-31.30057],[149.06599,-31.30015],[149.0656,-31.29925],[149.06613,-31.29925],[149.06607,-31.29889],[149.06699,-31.29806],[149.06739,-31.29697],[149.06836,-31.29817],[149.0684,-31.29804],[149.0684,-31.29836],[149.0679,-31.29863],[149.06812,-31.29921],[149.0684,-31.29935],[149.0684,-31.30584],[149.06759,-31.30572]],[[149.06682,-31.3019],[149.06683,-31.30235],[149.0673,-31.30216],[149.06783,-31.30247],[149.06782,-31.3021],[149.06729,-31.30171],[149.06682,-31.3019]]]}},{"type":"Feature","properties":{"OBJECTID":8794166,"PCTID":381,"PCTName":"Rough-barked Apple - Yellow Box grass/shrub footslope open forest, Brigalow Belt South Bioregion","vegClass":"North-west Slopes Dry Sclerophyll Woodlands","vegForm":"Dry Sclerophyll Forests (Shrub/grass sub-formation)"},"geometry":{"type":"Polygon","coordinates":[[[149.06435,-31.30659],[149.06377,-31.30628],[149.06299,-31.30656],[149.06312,-31.30557],[149.06255,-31.30585],[149.06149,-31.30573],[149.0618,-31.30541],[149.06275,-31.30557],[149.06275,-31.30526],[149.06201,-31.30509],[149.06226,-31.30486],[149.06353,-31.30498],[149.06359,-31.30547],[149.06401,-31.3056],[149.06435,-31.30659]]]}},{"type":"Feature","properties":{"OBJECTID":8794167,"PCTID":381,"PCTName":"Rough-barked Apple - Yellow Box grass/shrub footslope open forest, Brigalow Belt South Bioregion","vegClass":"North-west Slopes Dry Sclerophyll Woodlands","vegForm":"Dry Sclerophyll Forests (Shrub/grass sub-formation)"},"geometry":{"type":"Polygon","coordinates":[[[149.06599,-31.3071],[149.06526,-31.30725],[149.06472,-31.30658],[149.06486,-31.30581],[149.06518,-31.30589],[149.06517,-31.30567],[149.06613,-31.30606],[149.06613,-31.30637],[149.0665,-31.30628],[149.06599,-31.3071]]]}},{"type":"Feature","properties":{"OBJECTID":8794170,"PCTID":381,"PCTName":"Rough-barked Apple - Yellow Box grass/shrub footslope open forest, Brigalow Belt South Bioregion","vegClass":"North-west Slopes Dry Sclerophyll Woodlands","vegForm":"Dry Sclerophyll Forests (Shrub/grass sub-formation)"},"geometry":{"type":"Polygon","coordinates":[[[149.06053,-31.30719],[149.06046,-31.30656],[149.06125,-31.30646],[149.06194,-31.30676],[149.06211,-31.30748],[149.0617,-31.30762],[149.06053,-31.30719]]]}},{"type":"Feature","properties":{"OBJECTID":8794173,"PCTID":599,"PCTName":"Blakely's Red Gum - Yellow Box grassy tall woodland on flats and hills in the Brigalow Belt South Bioregion and Nandewar Bioregion","vegClass":"Western Slopes Grassy Woodlands","vegForm":"Grassy Woodlands"},"geometry":{"type":"Polygon","coordinates":[[[149.06537,-31.30499],[149.06553,-31.3053],[149.06523,-31.30585],[149.06491,-31.30576],[149.06471,-31.30626],[149.06532,-31.30765],[149.06475,-31.30793],[149.06401,-31.30555],[149.06489,-31.30486],[149.06403,-31.30406],[149.06386,-31.30348],[149.06477,-31.30401],[149.06517,-31.30346],[149.06556,-31.30422],[149.06536,-31.30458],[149.06568,-31.3048],[149.06537,-31.30499]]]}},{"type":"Feature","properties":{"OBJECTID":8794181,"PCTID":381,"PCTName":"Rough-barked Apple - Yellow Box grass/shrub footslope open forest, Brigalow Belt South Bioregion","vegClass":"North-west Slopes Dry Sclerophyll Woodlands","vegForm":"Dry Sclerophyll Forests (Shrub/grass sub-formation)"},"geometry":{"type":"Polygon","coordinates":[[[149.05772,-31.30855],[149.05726,-31.30878],[149.05693,-31.30834],[149.05744,-31.30783],[149.05772,-31.30855]]]}},{"type":"Feature","properties":{"OBJECTID":8794182,"PCTID":0,"PCTName":"Not classified","vegClass":"Not classified","vegForm":"Not classified"},"geometry":{"type":"Polygon","coordinates":[[[149.06078,-31.30204],[149.05968,-31.30242],[149.0596,-31.30351],[149.06086,-31.30331],[149.06064,-31.30295],[149.06116,-31.30267],[149.06159,-31.30298],[149.0619,-31.30279],[149.06144,-31.30352],[149.06156,-31.30384],[149.06203,-31.30405],[149.06197,-31.30369],[149.0627,-31.30323],[149.06308,-31.30376],[149.0637,-31.30339],[149.06483,-31.30468],[149.06401,-31.3056],[149.06359,-31.30547],[149.06353,-31.30498],[149.06226,-31.30486],[149.06201,-31.30509],[149.06275,-31.30526],[149.06275,-31.30557],[149.0618,-31.30541],[149.06149,-31.30569],[149.06255,-31.30585],[149.06312,-31.30557],[149.06324,-31.30615],[149.06293,-31.30652],[149.06377,-31.30628],[149.06457,-31.30681],[149.06374,-31.30741],[149.06342,-31.30719],[149.06346,-31.30674],[149.06294,-31.30684],[149.06291,-31.30801],[149.0625,-31.30824],[149.06246,-31.30874],[149.06183,-31.30879],[149.06139,-31.30817],[149.06211,-31.30748],[149.06194,-31.30676],[149.06125,-31.30646],[149.05994,-31.30648],[149.05977,-31.30599],[149.05856,-31.30596],[149.05907,-31.30537],[149.05873,-31.30415],[149.05687,-31.30337],[149.05697,-31.30306],[149.0576,-31.30314],[149.05806,-31.30272],[149.05821,-31.30213],[149.05784,-31.30205],[149.05852,-31.30199],[149.05825,-31.30164],[149.0585,-31.30118],[149.05698,-31.30148],[149.05689,-31.30193],[149.05652,-31.30171],[149.05653,-31.30225],[149.05605,-31.30217],[149.05609,-31.30163],[149.05572,-31.3015],[149.05598,-31.30122],[149.05651,-31.30148],[149.05645,-31.30126],[149.05697,-31.30107],[149.05676,-31.30076],[149.05723,-31.30061],[149.05706,-31.30008],[149.05821,-31.3001],[149.05991,-31.30098],[149.06078,-31.30204]],[[149.06073,-31.30426],[149.0613,-31.30425],[149.06081,-31.30358],[149.06073,-31.30426]]]}},{"type":"Feature","properties":{"OBJECTID":8794184,"PCTID":386,"PCTName":"Tumbledown Red Gum trachyte rock flat sedgeland - shrubland of the Warrumbungle Range region","vegClass":"North-west Slopes Dry Sclerophyll Woodlands","vegForm":"Dry Sclerophyll Forests (Shrub/grass sub-formation)"},"geometry":{"type":"Polygon","coordinates":[[[149.05131,-31.30852],[149.05146,-31.30829],[149.05336,-31.3084],[149.05346,-31.30817],[149.0526,-31.30751],[149.05254,-31.30701],[149.05086,-31.30717],[149.05082,-31.30754],[149.05035,-31.30768],[149.04997,-31.30719],[149.04929,-31.30752],[149.04892,-31.30739],[149.04901,-31.30662],[149.04822,-31.30681],[149.04816,-31.30618],[149.05008,-31.30516],[149.05124,-31.30563],[149.05218,-31.30535],[149.05235,-31.30571],[149.05404,-31.30613],[149.05524,-31.30552],[149.05645,-31.30577],[149.05651,-31.30627],[149.05557,-31.30619],[149.05547,-31.30665],[149.05489,-31.30666],[149.05438,-31.3073],[149.05466,-31.30783],[149.05371,-31.30776],[149.05367,-31.30812],[149.05415,-31.30843],[149.0529,-31.30908],[149.05131,-31.30852]]]}},{"type":"Feature","properties":{"OBJECTID":8794185,"PCTID":385,"PCTName":"Warrumbungle trachyte hillcrest Tumbledown Red Gum - Black Cypress Pine - White Bloodwood shrubby woodland","vegClass":"North-west Slopes Dry Sclerophyll Woodlands","vegForm":"Dry Sclerophyll Forests (Shrub/grass sub-formation)"},"geometry":{"type":"Polygon","coordinates":[[[149.0675,-31.30635],[149.06759,-31.30585],[149.0684,-31.30568],[149.0684,-31.30625],[149.0675,-31.30635]]]}},{"type":"Feature","properties":{"OBJECTID":8794189,"PCTID":420,"PCTName":"Red Stringybark - Rough-barked Apple +/- Nortons Box open forest on hillslopes in the Warrumbungle NP - Coolah regions","vegClass":"Western Slopes Dry Sclerophyll Forests","vegForm":"Dry Sclerophyll Forests (Shrubby sub-formation)"},"geometry":{"type":"Polygon","coordinates":[[[149.05043,-31.30912],[149.04995,-31.30881],[149.04999,-31.30809],[149.0513,-31.30825],[149.05094,-31.30848],[149.05121,-31.3087],[149.05101,-31.30929],[149.05034,-31.30967],[149.05043,-31.30912]]]}},{"type":"Feature","properties":{"OBJECTID":8794195,"PCTID":0,"PCTName":"Not classified","vegClass":"Not classified","vegForm":"Not classified"},"geometry":{"type":"Polygon","coordinates":[[[149.05818,-31.31012],[149.05761,-31.31031],[149.05718,-31.30987],[149.057,-31.3091],[149.05772,-31.30855],[149.05744,-31.30783],[149.05881,-31.30776],[149.05836,-31.30894],[149.05926,-31.3092],[149.05936,-31.30875],[149.05999,-31.30864],[149.05979,-31.30923],[149.06058,-31.3094],[149.0607,-31.30994],[149.06044,-31.31022],[149.05992,-31.31032],[149.0597,-31.30987],[149.05907,-31.30979],[149.05887,-31.31047],[149.05839,-31.31034],[149.05818,-31.31012]]]}},{"type":"Feature","properties":{"OBJECTID":8794198,"PCTID":420,"PCTName":"Red Stringybark - Rough-barked Apple +/- Nortons Box open forest on hillslopes in the Warrumbungle NP - Coolah regions","vegClass":"Western Slopes Dry Sclerophyll Forests","vegForm":"Dry Sclerophyll Forests (Shrubby sub-formation)"},"geometry":{"type":"Polygon","coordinates":[[[149.06759,-31.30585],[149.0675,-31.30626],[149.06666,-31.30659],[149.06628,-31.308],[149.06596,-31.30787],[149.06446,-31.30879],[149.06518,-31.31045],[149.06359,-31.30989],[149.06378,-31.3093],[149.06299,-31.30914],[149.06287,-31.30851],[149.06391,-31.3079],[149.06384,-31.30723],[149.06442,-31.30713],[149.06479,-31.30748],[149.0647,-31.30789],[149.06507,-31.30793],[149.06521,-31.30725],[149.06599,-31.3071],[149.0666,-31.30614],[149.06759,-31.30572],[149.06828,-31.30584],[149.06759,-31.30585]]]}},{"type":"Feature","properties":{"OBJECTID":8794208,"PCTID":381,"PCTName":"Rough-barked Apple - Yellow Box grass/shrub footslope open forest, Brigalow Belt South Bioregion","vegClass":"North-west Slopes Dry Sclerophyll Woodlands","vegForm":"Dry Sclerophyll Forests (Shrub/grass sub-formation)"},"geometry":{"type":"MultiPolygon","coordinates":[[[[149.06831,-31.30945],[149.06757,-31.30946],[149.06788,-31.30901],[149.06775,-31.30802],[149.06812,-31.3081],[149.06829,-31.30877],[149.0684,-31.3088],[149.0684,-31.30968],[149.06831,-31.30945]]],[[[149.06839,-31.31089],[149.0684,-31.31083],[149.0684,-31.31091],[149.06839,-31.31089]]]]}},{"type":"Feature","properties":{"OBJECTID":8794212,"PCTID":420,"PCTName":"Red Stringybark - Rough-barked Apple +/- Nortons Box open forest on hillslopes in the Warrumbungle NP - Coolah regions","vegClass":"Western Slopes Dry Sclerophyll Forests","vegForm":"Dry Sclerophyll Forests (Shrubby sub-formation)"},"geometry":{"type":"Polygon","coordinates":[[[149.04729,-31.30963],[149.04725,-31.31039],[149.04777,-31.31007],[149.04852,-31.31055],[149.04853,-31.31118],[149.04969,-31.31139],[149.04993,-31.31233],[149.04771,-31.31174],[149.04775,-31.31124],[149.04711,-31.31107],[149.04614,-31.30992],[149.04634,-31.3096],[149.04702,-31.30954],[149.04729,-31.30963]]]}},{"type":"Feature","properties":{"OBJECTID":8794218,"PCTID":381,"PCTName":"Rough-barked Apple - Yellow Box grass/shrub footslope open forest, Brigalow Belt South Bioregion","vegClass":"North-west Slopes Dry Sclerophyll Woodlands","vegForm":"Dry Sclerophyll Forests (Shrub/grass sub-formation)"},"geometry":{"type":"Polygon","coordinates":[[[149.05856,-31.31079],[149.05701,-31.31176],[149.05729,-31.31262],[149.05687,-31.3124],[149.05691,-31.31186],[149.05643,-31.31186],[149.05684,-31.31141],[149.05647,-31.31128],[149.05585,-31.31151],[149.05565,-31.31215],[149.05608,-31.31259],[149.05661,-31.31258],[149.05676,-31.31226],[149.05677,-31.31267],[149.05484,-31.31324],[149.05476,-31.3123],[149.05528,-31.31197],[149.05527,-31.31139],[149.05656,-31.31055],[149.05715,-31.31113],[149.05761,-31.31063],[149.05682,-31.31032],[149.05669,-31.30947],[149.05722,-31.3095],[149.05761,-31.31031],[149.05818,-31.31012],[149.05839,-31.31034],[149.05856,-31.31079]]]}},{"type":"Feature","properties":{"OBJECTID":8794219,"PCTID":381,"PCTName":"Rough-barked Apple - Yellow Box grass/shrub footslope open forest, Brigalow Belt South Bioregion","vegClass":"North-west Slopes Dry Sclerophyll Woodlands","vegForm":"Dry Sclerophyll Forests (Shrub/grass sub-formation)"},"geometry":{"type":"Polygon","coordinates":[[[149.06109,-31.31318],[149.06067,-31.31333],[149.05945,-31.3129],[149.06012,-31.31243],[149.06113,-31.31269],[149.06109,-31.31318]]]}},{"type":"Feature","properties":{"OBJECTID":8794222,"PCTID":0,"PCTName":"Not classified","vegClass":"Not classified","vegForm":"Not classified"},"geometry":{"type":"Polygon","coordinates":[[[149.05652,-31.31349],[149.05647,-31.31349],[149.05652,-31.31344],[149.05652,-31.31349]]]}},{"type":"Feature","properties":{"OBJECTID":8794223,"PCTID":381,"PCTName":"Rough-barked Apple - Yellow Box grass/shrub footslope open forest, Brigalow Belt South Bioregion","vegClass":"North-west Slopes Dry Sclerophyll Woodlands","vegForm":"Dry Sclerophyll Forests (Shrub/grass sub-formation)"},"geometry":{"type":"Polygon","coordinates":[[[149.05341,-31.313],[149.05378,-31.31295],[149.05374,-31.31362],[149.05168,-31.31339],[149.05225,-31.31279],[149.05299,-31.31309],[149.05303,-31.3126],[149.05346,-31.31268],[149.05341,-31.313]]]}},{"type":"Feature","properties":{"OBJECTID":8794226,"PCTID":381,"PCTName":"Rough-barked Apple - Yellow Box grass/shrub footslope open forest, Brigalow Belt South Bioregion","vegClass":"North-west Slopes Dry Sclerophyll Woodlands","vegForm":"Dry Sclerophyll Forests (Shrub/grass sub-formation)"},"geometry":{"type":"Polygon","coordinates":[[[149.06391,-31.3079],[149.06313,-31.30823],[149.06288,-31.30873],[149.06299,-31.30914],[149.06378,-31.3093],[149.06353,-31.30985],[149.0645,-31.31073],[149.06335,-31.3112],[149.06431,-31.31146],[149.06427,-31.312],[149.06453,-31.31213],[149.06385,-31.31219],[149.06386,-31.31269],[149.06324,-31.31301],[149.0633,-31.31328],[149.06287,-31.31306],[149.06226,-31.31366],[149.06228,-31.31267],[149.06118,-31.31241],[149.06154,-31.31218],[149.06191,-31.31236],[149.06174,-31.31191],[149.06232,-31.31181],[149.06209,-31.31114],[149.06256,-31.31108],[149.06195,-31.30933],[149.06214,-31.3087],[149.06261,-31.3086],[149.0625,-31.30824],[149.06291,-31.30801],[149.06274,-31.30711],[149.0633,-31.30665],[149.06374,-31.30741],[149.06391,-31.3079]]]}},{"type":"Feature","properties":{"OBJECTID":8794229,"PCTID":386,"PCTName":"Tumbledown Red Gum trachyte rock flat sedgeland - shrubland of the Warrumbungle Range region","vegClass":"North-west Slopes Dry Sclerophyll Woodlands","vegForm":"Dry Sclerophyll Forests (Shrub/grass sub-formation)"},"geometry":{"type":"Polygon","coordinates":[[[149.06835,-31.31347],[149.06788,-31.31365],[149.0676,-31.31298],[149.06817,-31.31284],[149.06835,-31.31347]]]}},{"type":"Feature","properties":{"OBJECTID":8794230,"PCTID":393,"PCTName":"White Box shrubby woodland of the western Liverpool Range, Warrumbungle Range and south-west Pilliga forests, Brigalow Belt South Bioregion","vegClass":"North-west Slopes Dry Sclerophyll Woodlands","vegForm":"Dry Sclerophyll Forests (Shrub/grass sub-formation)"},"geometry":{"type":"Polygon","coordinates":[[[149.0571,-31.31352],[149.05659,-31.31394],[149.05589,-31.31332],[149.05641,-31.31299],[149.05652,-31.31344],[149.0571,-31.31352]]]}},{"type":"Feature","properties":{"OBJECTID":8794231,"PCTID":381,"PCTName":"Rough-barked Apple - Yellow Box grass/shrub footslope open forest, Brigalow Belt South Bioregion","vegClass":"North-west Slopes Dry Sclerophyll Woodlands","vegForm":"Dry Sclerophyll Forests (Shrub/grass sub-formation)"},"geometry":{"type":"Polygon","coordinates":[[[149.06791,-31.31266],[149.0684,-31.31236],[149.0684,-31.31269],[149.06791,-31.31266]]]}},{"type":"Feature","properties":{"OBJECTID":8794234,"PCTID":420,"PCTName":"Red Stringybark - Rough-barked Apple +/- Nortons Box open forest on hillslopes in the Warrumbungle NP - Coolah regions","vegClass":"Western Slopes Dry Sclerophyll Forests","vegForm":"Dry Sclerophyll Forests (Shrubby sub-formation)"},"geometry":{"type":"Polygon","coordinates":[[[149.06786,-31.31068],[149.06728,-31.31051],[149.06722,-31.30997],[149.06679,-31.30984],[149.06699,-31.30938],[149.0664,-31.3089],[149.06697,-31.30848],[149.0668,-31.3079],[149.06742,-31.30762],[149.0678,-31.30802],[149.06788,-31.30901],[149.06757,-31.30946],[149.06831,-31.30945],[149.0684,-31.30968],[149.0684,-31.31083],[149.06839,-31.31089],[149.0684,-31.31091],[149.0684,-31.31134],[149.06786,-31.31068]]]}},{"type":"Feature","properties":{"OBJECTID":8794235,"PCTID":381,"PCTName":"Rough-barked Apple - Yellow Box grass/shrub footslope open forest, Brigalow Belt South Bioregion","vegClass":"North-west Slopes Dry Sclerophyll Woodlands","vegForm":"Dry Sclerophyll Forests (Shrub/grass sub-formation)"},"geometry":{"type":"Polygon","coordinates":[[[149.06663,-31.31408],[149.06625,-31.31377],[149.06645,-31.31332],[149.06608,-31.31332],[149.06628,-31.31282],[149.06565,-31.31279],[149.06588,-31.31112],[149.06452,-31.30934],[149.06473,-31.30911],[149.06541,-31.309],[149.06552,-31.30945],[149.06584,-31.30949],[149.06601,-31.31026],[149.06639,-31.31048],[149.06635,-31.31102],[149.06672,-31.31128],[149.06669,-31.31228],[149.06706,-31.31241],[149.06681,-31.31291],[149.06767,-31.31393],[149.06663,-31.31408]]]}},{"type":"Feature","properties":{"OBJECTID":8794236,"PCTID":0,"PCTName":"Not classified","vegClass":"Not classified","vegForm":"Not classified"},"geometry":{"type":"Polygon","coordinates":[[[149.06419,-31.31345],[149.06507,-31.31266],[149.06582,-31.31319],[149.06553,-31.31433],[149.06436,-31.31385],[149.06419,-31.31345]]]}},{"type":"Feature","properties":{"OBJECTID":8794241,"PCTID":381,"PCTName":"Rough-barked Apple - Yellow Box grass/shrub footslope open forest, Brigalow Belt South Bioregion","vegClass":"North-west Slopes Dry Sclerophyll Woodlands","vegForm":"Dry Sclerophyll Forests (Shrub/grass sub-formation)"},"geometry":{"type":"Polygon","coordinates":[[[149.05008,-31.31459],[149.0505,-31.31449],[149.05051,-31.31508],[149.04994,-31.31504],[149.05008,-31.31459]]]}},{"type":"Feature","properties":{"OBJECTID":8794252,"PCTID":393,"PCTName":"White Box shrubby woodland of the western Liverpool Range, Warrumbungle Range and south-west Pilliga forests, Brigalow Belt South Bioregion","vegClass":"North-west Slopes Dry Sclerophyll Woodlands","vegForm":"Dry Sclerophyll Forests (Shrub/grass sub-formation)"},"geometry":{"type":"Polygon","coordinates":[[[149.05862,-31.31553],[149.05819,-31.31499],[149.05783,-31.31549],[149.05792,-31.31464],[149.05654,-31.31416],[149.05733,-31.31428],[149.05778,-31.31333],[149.05785,-31.31387],[149.05843,-31.31431],[149.05839,-31.31472],[149.05888,-31.31525],[149.05862,-31.31553]]]}},{"type":"Feature","properties":{"OBJECTID":8794254,"PCTID":0,"PCTName":"Not classified","vegClass":"Not classified","vegForm":"Not classified"},"geometry":{"type":"Polygon","coordinates":[[[149.05757,-31.31568],[149.05709,-31.31537],[149.05671,-31.31466],[149.05786,-31.31459],[149.05783,-31.31549],[149.05757,-31.31568]]]}},{"type":"Feature","properties":{"OBJECTID":8794256,"PCTID":385,"PCTName":"Warrumbungle trachyte hillcrest Tumbledown Red Gum - Black Cypress Pine - White Bloodwood shrubby woodland","vegClass":"North-west Slopes Dry Sclerophyll Woodlands","vegForm":"Dry Sclerophyll Forests (Shrub/grass sub-formation)"},"geometry":{"type":"Polygon","coordinates":[[[149.06813,-31.31555],[149.06818,-31.31518],[149.06776,-31.31528],[149.0671,-31.31416],[149.06773,-31.31393],[149.068,-31.31419],[149.06788,-31.31379],[149.0684,-31.31369],[149.0684,-31.31369],[149.0684,-31.3154],[149.06813,-31.31555]]]}},{"type":"Feature","properties":{"OBJECTID":8794259,"PCTID":599,"PCTName":"Blakely's Red Gum - Yellow Box grassy tall woodland on flats and hills in the Brigalow Belt South Bioregion and Nandewar Bioregion","vegClass":"Western Slopes Grassy Woodlands","vegForm":"Grassy Woodlands"},"geometry":{"type":"Polygon","coordinates":[[[149.06588,-31.31112],[149.06565,-31.31279],[149.06628,-31.31282],[149.06625,-31.31377],[149.06695,-31.31421],[149.06701,-31.31471],[149.06639,-31.31526],[149.06571,-31.31532],[149.06551,-31.31573],[149.06431,-31.31399],[149.06553,-31.31433],[149.06588,-31.31351],[149.06528,-31.31271],[149.0646,-31.3129],[149.06461,-31.3133],[149.06368,-31.31391],[149.06241,-31.31366],[149.06287,-31.31306],[149.0633,-31.31328],[149.06324,-31.31301],[149.06386,-31.31269],[149.06385,-31.31219],[149.06453,-31.31213],[149.06427,-31.312],[149.06431,-31.31146],[149.06335,-31.3112],[149.0645,-31.31087],[149.06401,-31.31002],[149.06518,-31.31045],[149.06588,-31.31112]]]}},{"type":"Feature","properties":{"OBJECTID":8794260,"PCTID":420,"PCTName":"Red Stringybark - Rough-barked Apple +/- Nortons Box open forest on hillslopes in the Warrumbungle NP - Coolah regions","vegClass":"Western Slopes Dry Sclerophyll Forests","vegForm":"Dry Sclerophyll Forests (Shrubby sub-formation)"},"geometry":{"type":"Polygon","coordinates":[[[149.05495,-31.31581],[149.054,-31.31579],[149.05403,-31.31502],[149.05472,-31.3151],[149.05495,-31.31581]]]}},{"type":"Feature","properties":{"OBJECTID":8794268,"PCTID":393,"PCTName":"White Box shrubby woodland of the western Liverpool Range, Warrumbungle Range and south-west Pilliga forests, Brigalow Belt South Bioregion","vegClass":"North-west Slopes Dry Sclerophyll Woodlands","vegForm":"Dry Sclerophyll Forests (Shrub/grass sub-formation)"},"geometry":{"type":"Polygon","coordinates":[[[149.06788,-31.31379],[149.06789,-31.3142],[149.06725,-31.31362],[149.06681,-31.31291],[149.06706,-31.31241],[149.06669,-31.31228],[149.06672,-31.31128],[149.06635,-31.31102],[149.066,-31.30976],[149.06552,-31.30945],[149.06557,-31.30909],[149.06446,-31.30888],[149.06596,-31.30787],[149.06628,-31.308],[149.06641,-31.30705],[149.06718,-31.30627],[149.0684,-31.30634],[149.0684,-31.3088],[149.06829,-31.30877],[149.06812,-31.3081],[149.06742,-31.30762],[149.06685,-31.30781],[149.06697,-31.30848],[149.0664,-31.30894],[149.06699,-31.30938],[149.06679,-31.30984],[149.06722,-31.30997],[149.06728,-31.31051],[149.06786,-31.31068],[149.0684,-31.31134],[149.0684,-31.31248],[149.0676,-31.31298],[149.06788,-31.31365],[149.06835,-31.31347],[149.06817,-31.31284],[149.0684,-31.31278],[149.0684,-31.31383],[149.06788,-31.31379]]]}},{"type":"Feature","properties":{"OBJECTID":8794270,"PCTID":0,"PCTName":"Not classified","vegClass":"Not classified","vegForm":"Not classified"},"geometry":{"type":"Polygon","coordinates":[[[149.06809,-31.31613],[149.06781,-31.31528],[149.06818,-31.31518],[149.06824,-31.31554],[149.0684,-31.31544],[149.0684,-31.3161],[149.06809,-31.31613]]]}},{"type":"Feature","properties":{"OBJECTID":8794277,"PCTID":393,"PCTName":"White Box shrubby woodland of the western Liverpool Range, Warrumbungle Range and south-west Pilliga forests, Brigalow Belt South Bioregion","vegClass":"North-west Slopes Dry Sclerophyll Woodlands","vegForm":"Dry Sclerophyll Forests (Shrub/grass sub-formation)"},"geometry":{"type":"Polygon","coordinates":[[[149.06815,-31.31645],[149.06751,-31.31601],[149.06658,-31.31643],[149.06621,-31.3163],[149.06602,-31.31527],[149.06696,-31.31489],[149.06694,-31.31417],[149.06781,-31.31528],[149.06809,-31.31613],[149.0684,-31.3161],[149.0684,-31.31629],[149.06815,-31.31645]]]}},{"type":"Feature","properties":{"OBJECTID":8794281,"PCTID":381,"PCTName":"Rough-barked Apple - Yellow Box grass/shrub footslope open forest, Brigalow Belt South Bioregion","vegClass":"North-west Slopes Dry Sclerophyll Woodlands","vegForm":"Dry Sclerophyll Forests (Shrub/grass sub-formation)"},"geometry":{"type":"Polygon","coordinates":[[[149.05277,-31.31707],[149.05272,-31.31707],[149.05277,-31.31702],[149.05277,-31.31707]]]}},{"type":"Feature","properties":{"OBJECTID":8794282,"PCTID":381,"PCTName":"Rough-barked Apple - Yellow Box grass/shrub footslope open forest, Brigalow Belt South Bioregion","vegClass":"North-west Slopes Dry Sclerophyll Woodlands","vegForm":"Dry Sclerophyll Forests (Shrub/grass sub-formation)"},"geometry":{"type":"Polygon","coordinates":[[[149.05423,-31.31659],[149.05366,-31.31719],[149.05345,-31.31692],[149.05277,-31.31702],[149.05275,-31.31617],[149.05306,-31.31625],[149.05423,-31.31659]]]}},{"type":"Feature","properties":{"OBJECTID":8794286,"PCTID":381,"PCTName":"Rough-barked Apple - Yellow Box grass/shrub footslope open forest, Brigalow Belt South Bioregion","vegClass":"North-west Slopes Dry Sclerophyll Woodlands","vegForm":"Dry Sclerophyll Forests (Shrub/grass sub-formation)"},"geometry":{"type":"Polygon","coordinates":[[[149.05672,-31.31506],[149.05752,-31.31555],[149.05774,-31.31613],[149.05816,-31.31599],[149.05796,-31.31644],[149.05718,-31.31686],[149.05709,-31.31754],[149.05504,-31.31757],[149.05529,-31.31716],[149.05427,-31.31619],[149.05495,-31.31581],[149.05472,-31.31505],[149.05525,-31.31527],[149.05561,-31.31486],[149.05639,-31.31475],[149.05654,-31.31425],[149.05697,-31.31447],[149.05672,-31.31506]]]}},{"type":"Feature","properties":{"OBJECTID":8794289,"PCTID":0,"PCTName":"Not classified","vegClass":"Not classified","vegForm":"Not classified"},"geometry":{"type":"Polygon","coordinates":[[[149.0469,-31.31784],[149.04679,-31.31758],[149.04721,-31.3177],[149.0469,-31.31784]]]}},{"type":"Feature","properties":{"OBJECTID":8794295,"PCTID":420,"PCTName":"Red Stringybark - Rough-barked Apple +/- Nortons Box open forest on hillslopes in the Warrumbungle NP - Coolah regions","vegClass":"Western Slopes Dry Sclerophyll Forests","vegForm":"Dry Sclerophyll Forests (Shrubby sub-formation)"},"geometry":{"type":"Polygon","coordinates":[[[149.04569,-31.31768],[149.04527,-31.31778],[149.04509,-31.3167],[149.04627,-31.31777],[149.04701,-31.31798],[149.04686,-31.31825],[149.04569,-31.31768]]]}},{"type":"Feature","properties":{"OBJECTID":8794296,"PCTID":420,"PCTName":"Red Stringybark - Rough-barked Apple +/- Nortons Box open forest on hillslopes in the Warrumbungle NP - Coolah regions","vegClass":"Western Slopes Dry Sclerophyll Forests","vegForm":"Dry Sclerophyll Forests (Shrubby sub-formation)"},"geometry":{"type":"Polygon","coordinates":[[[149.06436,-31.31385],[149.06551,-31.31573],[149.06574,-31.31671],[149.06554,-31.31708],[149.06511,-31.31682],[149.06539,-31.31749],[149.06438,-31.3171],[149.06328,-31.31725],[149.06296,-31.31699],[149.06326,-31.31626],[149.06247,-31.31609],[149.06171,-31.31525],[149.06103,-31.31517],[149.06088,-31.31549],[149.06126,-31.31607],[149.06022,-31.31667],[149.05987,-31.3174],[149.05918,-31.31687],[149.05927,-31.31651],[149.0589,-31.31651],[149.05829,-31.3172],[149.05893,-31.3176],[149.05883,-31.31805],[149.05794,-31.31811],[149.0573,-31.3178],[149.0573,-31.31753],[149.05783,-31.31775],[149.05792,-31.31721],[149.05729,-31.31717],[149.05718,-31.31686],[149.05796,-31.31644],[149.05816,-31.31599],[149.05774,-31.31613],[149.05762,-31.31563],[149.05813,-31.31504],[149.05883,-31.31552],[149.05888,-31.31525],[149.05976,-31.31497],[149.0596,-31.31465],[149.05985,-31.31438],[149.05884,-31.31367],[149.0584,-31.313],[149.0585,-31.31251],[149.05944,-31.31258],[149.05945,-31.3129],[149.06057,-31.31333],[149.06109,-31.31318],[149.06118,-31.31246],[149.06223,-31.31262],[149.0622,-31.31362],[149.06241,-31.31366],[149.06436,-31.31385]]]}},{"type":"Feature","properties":{"OBJECTID":8794297,"PCTID":385,"PCTName":"Warrumbungle trachyte hillcrest Tumbledown Red Gum - Black Cypress Pine - White Bloodwood shrubby woodland","vegClass":"North-west Slopes Dry Sclerophyll Woodlands","vegForm":"Dry Sclerophyll Forests (Shrub/grass sub-formation)"},"geometry":{"type":"Polygon","coordinates":[[[149.06407,-31.31733],[149.06408,-31.31769],[149.06314,-31.31807],[149.06287,-31.31753],[149.06208,-31.31741],[149.06296,-31.31694],[149.06407,-31.31733]]]}},{"type":"Feature","properties":{"OBJECTID":8794306,"PCTID":381,"PCTName":"Rough-barked Apple - Yellow Box grass/shrub footslope open forest, Brigalow Belt South Bioregion","vegClass":"North-west Slopes Dry Sclerophyll Woodlands","vegForm":"Dry Sclerophyll Forests (Shrub/grass sub-formation)"},"geometry":{"type":"Polygon","coordinates":[[[149.06735,-31.31827],[149.06664,-31.31706],[149.06559,-31.31717],[149.06551,-31.31568],[149.06602,-31.31527],[149.06642,-31.31643],[149.06751,-31.31601],[149.06815,-31.31645],[149.0684,-31.31629],[149.0684,-31.31825],[149.06735,-31.31827]]]}},{"type":"Feature","properties":{"OBJECTID":8794310,"PCTID":0,"PCTName":"Not classified","vegClass":"Not classified","vegForm":"Not classified"},"geometry":{"type":"Polygon","coordinates":[[[149.06208,-31.31741],[149.06287,-31.31753],[149.06314,-31.31807],[149.06408,-31.31769],[149.06423,-31.3171],[149.06523,-31.31749],[149.06419,-31.31778],[149.0643,-31.31814],[149.06368,-31.31846],[149.06369,-31.31896],[149.06294,-31.31834],[149.06242,-31.31862],[149.06131,-31.31846],[149.06085,-31.31878],[149.06057,-31.31816],[149.06,-31.31826],[149.06017,-31.31879],[149.05949,-31.31899],[149.0593,-31.31764],[149.05987,-31.31749],[149.06022,-31.31667],[149.06126,-31.31607],[149.06088,-31.31549],[149.06103,-31.31517],[149.06171,-31.31525],[149.06247,-31.31609],[149.06326,-31.31626],[149.06296,-31.31694],[149.06208,-31.31741]]]}},{"type":"Feature","properties":{"OBJECTID":8794316,"PCTID":599,"PCTName":"Blakely's Red Gum - Yellow Box grassy tall woodland on flats and hills in the Brigalow Belt South Bioregion and Nandewar Bioregion","vegClass":"Western Slopes Grassy Woodlands","vegForm":"Grassy Woodlands"},"geometry":{"type":"Polygon","coordinates":[[[149.06768,-31.31867],[149.06662,-31.31832],[149.06629,-31.31765],[149.06565,-31.3173],[149.06564,-31.31708],[149.06664,-31.31706],[149.06735,-31.31827],[149.0684,-31.31825],[149.0684,-31.31848],[149.06768,-31.31867]]]}},{"type":"Feature","properties":{"OBJECTID":8794320,"PCTID":385,"PCTName":"Warrumbungle trachyte hillcrest Tumbledown Red Gum - Black Cypress Pine - White Bloodwood shrubby woodland","vegClass":"North-west Slopes Dry Sclerophyll Woodlands","vegForm":"Dry Sclerophyll Forests (Shrub/grass sub-formation)"},"geometry":{"type":"Polygon","coordinates":[[[149.06427,-31.319],[149.06439,-31.31953],[149.06396,-31.31918],[149.06333,-31.31946],[149.06269,-31.31884],[149.06211,-31.31899],[149.06223,-31.31926],[149.06164,-31.3189],[149.0607,-31.31901],[149.06058,-31.31865],[149.06242,-31.31862],[149.06294,-31.31834],[149.06348,-31.31896],[149.06385,-31.31887],[149.06427,-31.319]]]}},{"type":"Feature","properties":{"OBJECTID":8794324,"PCTID":0,"PCTName":"Not classified","vegClass":"Not classified","vegForm":"Not classified"},"geometry":{"type":"Polygon","coordinates":[[[149.06256,-31.31108],[149.06204,-31.31132],[149.06232,-31.31181],[149.06174,-31.31191],[149.06191,-31.31236],[149.06128,-31.31228],[149.06092,-31.31274],[149.06033,-31.31243],[149.05997,-31.31271],[149.0585,-31.31251],[149.0584,-31.313],[149.05884,-31.31367],[149.05985,-31.31438],[149.05961,-31.31515],[149.05893,-31.3153],[149.0585,-31.3149],[149.05778,-31.31333],[149.05738,-31.31424],[149.05654,-31.31416],[149.05639,-31.31475],[149.05561,-31.31486],[149.05525,-31.31527],[149.05498,-31.315],[149.05403,-31.31502],[149.05395,-31.3157],[149.05529,-31.31716],[149.05504,-31.31757],[149.05709,-31.31754],[149.05724,-31.31713],[149.05792,-31.31721],[149.05783,-31.31775],[149.05646,-31.31764],[149.05601,-31.31864],[149.05526,-31.31811],[149.05438,-31.31849],[149.05447,-31.31799],[149.0542,-31.31777],[149.05332,-31.3181],[149.05257,-31.31752],[149.05228,-31.3164],[149.0527,-31.31639],[149.05272,-31.31707],[149.05345,-31.31692],[149.05361,-31.31719],[149.05423,-31.31659],[149.05307,-31.3163],[149.05379,-31.31565],[149.05347,-31.31539],[149.05377,-31.3148],[149.05345,-31.31467],[149.05211,-31.31573],[149.05152,-31.31556],[149.05166,-31.317],[149.05088,-31.31746],[149.05084,-31.31782],[149.05168,-31.31772],[149.05162,-31.31745],[149.05236,-31.31753],[149.05258,-31.31788],[149.05216,-31.31803],[149.05265,-31.31861],[149.05439,-31.31925],[149.05462,-31.31997],[149.05355,-31.31927],[149.05293,-31.31941],[149.05325,-31.31995],[149.05289,-31.32018],[149.0521,-31.31988],[149.05198,-31.31938],[149.05156,-31.31944],[149.05155,-31.3188],[149.05071,-31.31886],[149.05038,-31.31828],[149.05074,-31.31823],[149.05084,-31.31787],[149.05025,-31.31747],[149.05073,-31.31737],[149.05046,-31.3172],[149.05087,-31.31688],[149.05071,-31.31665],[149.05007,-31.31653],[149.04967,-31.3173],[149.04925,-31.31731],[149.0496,-31.31663],[149.04907,-31.31623],[149.04943,-31.31577],[149.05006,-31.31585],[149.04973,-31.31541],[149.04988,-31.31504],[149.05056,-31.31494],[149.05065,-31.31408],[149.05017,-31.31359],[149.05053,-31.31354],[149.05113,-31.3143],[149.05117,-31.31371],[149.05168,-31.31339],[149.05374,-31.31362],[149.05378,-31.31295],[149.05341,-31.313],[149.05346,-31.31268],[149.05403,-31.31272],[149.05399,-31.31312],[149.05488,-31.31288],[149.05484,-31.31324],[149.05619,-31.31291],[149.05677,-31.31267],[149.05676,-31.31226],[149.05661,-31.31258],[149.05608,-31.31259],[149.05565,-31.31197],[149.05585,-31.31151],[149.05673,-31.31123],[149.05643,-31.31186],[149.05691,-31.31186],[149.05687,-31.3124],[149.05729,-31.31262],[149.05701,-31.31176],[149.05805,-31.3112],[149.0583,-31.31075],[149.05874,-31.31173],[149.05947,-31.31136],[149.06105,-31.31151],[149.06171,-31.3106],[149.06177,-31.31087],[149.06256,-31.31072],[149.06256,-31.31108]],[[149.05641,-31.31299],[149.05589,-31.31332],[149.05659,-31.31394],[149.0571,-31.31352],[149.05652,-31.31344],[149.05641,-31.31299]]]}},{"type":"Feature","properties":{"OBJECTID":8794326,"PCTID":381,"PCTName":"Rough-barked Apple - Yellow Box grass/shrub footslope open forest, Brigalow Belt South Bioregion","vegClass":"North-west Slopes Dry Sclerophyll Woodlands","vegForm":"Dry Sclerophyll Forests (Shrub/grass sub-formation)"},"geometry":{"type":"Polygon","coordinates":[[[149.0593,-31.31764],[149.05943,-31.31867],[149.0589,-31.31845],[149.0588,-31.319],[149.0578,-31.31888],[149.05813,-31.31942],[149.05782,-31.31951],[149.05754,-31.31902],[149.05769,-31.31852],[149.05721,-31.31835],[149.05733,-31.31884],[149.0565,-31.31917],[149.05682,-31.31957],[149.05605,-31.32022],[149.05557,-31.32014],[149.0557,-31.3191],[149.05612,-31.31891],[149.0558,-31.31864],[149.05627,-31.31836],[149.05646,-31.31764],[149.05794,-31.31811],[149.05883,-31.31805],[149.05893,-31.3176],[149.05829,-31.3172],[149.0589,-31.31651],[149.05927,-31.31651],[149.05918,-31.31687],[149.05987,-31.3174],[149.0593,-31.31764]]]}},{"type":"Feature","properties":{"OBJECTID":8794328,"PCTID":0,"PCTName":"Not classified","vegClass":"Not classified","vegForm":"Not classified"},"geometry":{"type":"Polygon","coordinates":[[[149.06806,-31.31916],[149.06737,-31.31912],[149.06726,-31.31885],[149.06736,-31.31858],[149.0684,-31.31848],[149.0684,-31.31969],[149.06806,-31.31916]]]}},{"type":"Feature","properties":{"OBJECTID":8794339,"PCTID":381,"PCTName":"Rough-barked Apple - Yellow Box grass/shrub footslope open forest, Brigalow Belt South Bioregion","vegClass":"North-west Slopes Dry Sclerophyll Woodlands","vegForm":"Dry Sclerophyll Forests (Shrub/grass sub-formation)"},"geometry":{"type":"Polygon","coordinates":[[[149.06825,-31.32069],[149.06819,-31.32019],[149.0684,-31.32029],[149.0684,-31.32067],[149.06825,-31.32069]]]}},{"type":"Feature","properties":{"OBJECTID":8794343,"PCTID":393,"PCTName":"White Box shrubby woodland of the western Liverpool Range, Warrumbungle Range and south-west Pilliga forests, Brigalow Belt South Bioregion","vegClass":"North-west Slopes Dry Sclerophyll Woodlands","vegForm":"Dry Sclerophyll Forests (Shrub/grass sub-formation)"},"geometry":{"type":"Polygon","coordinates":[[[149.05415,-31.32016],[149.05351,-31.31958],[149.05309,-31.31977],[149.05293,-31.31941],[149.05382,-31.31926],[149.05431,-31.31998],[149.05462,-31.31997],[149.05461,-31.31943],[149.05265,-31.31861],[149.05216,-31.31803],[149.05258,-31.31788],[149.05236,-31.31753],[149.05162,-31.31745],[149.05168,-31.31772],[149.05084,-31.31782],[149.05088,-31.31746],[149.05166,-31.317],[149.05152,-31.31556],[149.05231,-31.31563],[149.0535,-31.31467],[149.05382,-31.31484],[149.05346,-31.3153],[149.05379,-31.31565],[149.05306,-31.31625],[149.0528,-31.31612],[149.05218,-31.31654],[149.05257,-31.31752],[149.05332,-31.3181],[149.0542,-31.31777],[149.05447,-31.31799],[149.05438,-31.31849],[149.05526,-31.31811],[149.05612,-31.31886],[149.0557,-31.3191],[149.05568,-31.32027],[149.05479,-31.32037],[149.05437,-31.32137],[149.05427,-31.32137],[149.05415,-31.32016]]]}},{"type":"Feature","properties":{"OBJECTID":8794345,"PCTID":381,"PCTName":"Rough-barked Apple - Yellow Box grass/shrub footslope open forest, Brigalow Belt South Bioregion","vegClass":"North-west Slopes Dry Sclerophyll Woodlands","vegForm":"Dry Sclerophyll Forests (Shrub/grass sub-formation)"},"geometry":{"type":"Polygon","coordinates":[[[149.04695,-31.32019],[149.04669,-31.32019],[149.04668,-31.31992],[149.04742,-31.31987],[149.04781,-31.32094],[149.04818,-31.32107],[149.04819,-31.32137],[149.04742,-31.32137],[149.04695,-31.32019]]]}},{"type":"Feature","properties":{"OBJECTID":8794358,"PCTID":0,"PCTName":"Not classified","vegClass":"Not classified","vegForm":"Not classified"},"geometry":{"type":"Polygon","coordinates":[[[149.05348,-31.32076],[149.05326,-31.32026],[149.05368,-31.32012],[149.05325,-31.31981],[149.05335,-31.31959],[149.05421,-31.32025],[149.05418,-31.32137],[149.05315,-31.32137],[149.05348,-31.32076]]]}},{"type":"Feature","properties":{"OBJECTID":8794360,"PCTID":393,"PCTName":"White Box shrubby woodland of the western Liverpool Range, Warrumbungle Range and south-west Pilliga forests, Brigalow Belt South Bioregion","vegClass":"North-west Slopes Dry Sclerophyll Woodlands","vegForm":"Dry Sclerophyll Forests (Shrub/grass sub-formation)"},"geometry":{"type":"Polygon","coordinates":[[[149.05513,-31.32132],[149.05664,-31.3207],[149.05709,-31.3197],[149.05741,-31.31992],[149.05813,-31.31942],[149.0578,-31.31888],[149.0588,-31.319],[149.059,-31.31845],[149.0597,-31.31898],[149.06017,-31.31879],[149.05995,-31.31835],[149.06036,-31.31816],[149.06068,-31.3182],[149.06064,-31.31865],[149.0607,-31.31915],[149.06187,-31.31985],[149.06152,-31.32049],[149.06257,-31.3206],[149.06279,-31.3211],[149.0619,-31.32089],[149.06074,-31.32137],[149.05874,-31.32137],[149.05863,-31.32063],[149.05832,-31.32063],[149.05838,-31.32095],[149.05775,-31.32132],[149.05775,-31.32137],[149.05512,-31.32137],[149.05513,-31.32132]]]}},{"type":"Feature","properties":{"OBJECTID":8794416,"PCTID":393,"PCTName":"White Box shrubby woodland of the western Liverpool Range, Warrumbungle Range and south-west Pilliga forests, Brigalow Belt South Bioregion","vegClass":"North-west Slopes Dry Sclerophyll Woodlands","vegForm":"Dry Sclerophyll Forests (Shrub/grass sub-formation)"},"geometry":{"type":"Polygon","coordinates":[[[149.06453,-31.32116],[149.06527,-31.32128],[149.06542,-31.32092],[149.06505,-31.32083],[149.06519,-31.32029],[149.06462,-31.3207],[149.06429,-31.31994],[149.06503,-31.32025],[149.06529,-31.31975],[149.06476,-31.31989],[149.06476,-31.31953],[149.06433,-31.3194],[149.06368,-31.31846],[149.0643,-31.31814],[149.06424,-31.31773],[149.06539,-31.31749],[149.06511,-31.31682],[149.06559,-31.31703],[149.06662,-31.31832],[149.06736,-31.31858],[149.06737,-31.31912],[149.068,-31.31911],[149.0684,-31.31956],[149.0684,-31.32029],[149.06819,-31.32019],[149.06836,-31.32078],[149.0684,-31.32077],[149.0684,-31.32137],[149.06444,-31.32137],[149.06453,-31.32116]]]}},{"type":"Feature","properties":{"OBJECTID":8794493,"PCTID":420,"PCTName":"Red Stringybark - Rough-barked Apple +/- Nortons Box open forest on hillslopes in the Warrumbungle NP - Coolah regions","vegClass":"Western Slopes Dry Sclerophyll Forests","vegForm":"Dry Sclerophyll Forests (Shrubby sub-formation)"},"geometry":{"type":"Polygon","coordinates":[[[149.06257,-31.3206],[149.06152,-31.32049],[149.06187,-31.31985],[149.0607,-31.3191],[149.06164,-31.3189],[149.06223,-31.31926],[149.06211,-31.31899],[149.06269,-31.31884],[149.06333,-31.31946],[149.06396,-31.31918],[149.06412,-31.31954],[149.06439,-31.31944],[149.06476,-31.31953],[149.06476,-31.31989],[149.06529,-31.31993],[149.06498,-31.32025],[149.06429,-31.31994],[149.06435,-31.32039],[149.06473,-31.3207],[149.06519,-31.32029],[149.06505,-31.32083],[149.06542,-31.32092],[149.06516,-31.32133],[149.06443,-31.3212],[149.06453,-31.32137],[149.06279,-31.32137],[149.06257,-31.3206]]]}},{"type":"Feature","properties":{"OBJECTID":8819192,"PCTID":84,"PCTName":"River Oak - Rough-barked Apple - red gum - box riparian tall woodland (wetland) of the Brigalow Belt South Bioregion and Nandewar Bioregion","vegClass":"Eastern Riverine Forests","vegForm":"Forested Wetlands"},"geometry":{"type":"Polygon","coordinates":[[[149.05361,-31.23895],[149.05208,-31.23889],[149.05241,-31.23863],[149.05401,-31.23863],[149.05361,-31.23895]]]}},{"type":"Feature","properties":{"OBJECTID":8819194,"PCTID":433,"PCTName":"White Box grassy woodland to open woodland on basalt flats and rises in the Liverpool Plains sub-region, BBS Bioregion","vegClass":"Western Slopes Grassy Woodlands","vegForm":"Grassy Woodlands"},"geometry":{"type":"Polygon","coordinates":[[[149.05267,-31.23928],[149.05235,-31.23897],[149.05303,-31.23905],[149.05267,-31.23928]]]}},{"type":"Feature","properties":{"OBJECTID":8819195,"PCTID":84,"PCTName":"River Oak - Rough-barked Apple - red gum - box riparian tall woodland (wetland) of the Brigalow Belt South Bioregion and Nandewar Bioregion","vegClass":"Eastern Riverine Forests","vegForm":"Forested Wetlands"},"geometry":{"type":"Polygon","coordinates":[[[149.04851,-31.23881],[149.04726,-31.23928],[149.04662,-31.23898],[149.04642,-31.23943],[149.04611,-31.2393],[149.04655,-31.23863],[149.04865,-31.23863],[149.04851,-31.23881]]]}},{"type":"Feature","properties":{"OBJECTID":8819210,"PCTID":433,"PCTName":"White Box grassy woodland to open woodland on basalt flats and rises in the Liverpool Plains sub-region, BBS Bioregion","vegClass":"Western Slopes Grassy Woodlands","vegForm":"Grassy Woodlands"},"geometry":{"type":"Polygon","coordinates":[[[149.05175,-31.24025],[149.05138,-31.24048],[149.05145,-31.24111],[149.05084,-31.24202],[149.0497,-31.24272],[149.04961,-31.24317],[149.04829,-31.2431],[149.04807,-31.24238],[149.05035,-31.24126],[149.05075,-31.24035],[149.05142,-31.2398],[149.05175,-31.24025]]]}},{"type":"Feature","properties":{"OBJECTID":8819217,"PCTID":407,"PCTName":"White Bloodwood - ironbark - Black Cypress Pine shrubby sandstone hill woodland of the southern Pilliga forests","vegClass":"Western Slopes Dry Sclerophyll Forests","vegForm":"Dry Sclerophyll Forests (Shrubby sub-formation)"},"geometry":{"type":"Polygon","coordinates":[[[149.05208,-31.23889],[149.05075,-31.24035],[149.05035,-31.24126],[149.04807,-31.24238],[149.04829,-31.2431],[149.04877,-31.24332],[149.04961,-31.24317],[149.0497,-31.24272],[149.05022,-31.24253],[149.04941,-31.24371],[149.04826,-31.24405],[149.04825,-31.24373],[149.0473,-31.24352],[149.04643,-31.24196],[149.04695,-31.24163],[149.04641,-31.2411],[149.04638,-31.23988],[149.0468,-31.23974],[149.04696,-31.2401],[149.04827,-31.2399],[149.04773,-31.23937],[149.04905,-31.2393],[149.0494,-31.23863],[149.05245,-31.23863],[149.05208,-31.23889]]]}},{"type":"Feature","properties":{"OBJECTID":8819219,"PCTID":391,"PCTName":"Warrumbungle trachyte outcrop heathland / low woodland","vegClass":"North-west Slopes Dry Sclerophyll Woodlands","vegForm":"Dry Sclerophyll Forests (Shrub/grass sub-formation)"},"geometry":{"type":"Polygon","coordinates":[[[149.05804,-31.24447],[149.05731,-31.24462],[149.0573,-31.24426],[149.0565,-31.24355],[149.05648,-31.24305],[149.05759,-31.24299],[149.05892,-31.244],[149.05909,-31.24436],[149.05878,-31.24477],[149.05831,-31.24483],[149.05804,-31.24447]]]}},{"type":"Feature","properties":{"OBJECTID":8819222,"PCTID":433,"PCTName":"White Box grassy woodland to open woodland on basalt flats and rises in the Liverpool Plains sub-region, BBS Bioregion","vegClass":"Western Slopes Grassy Woodlands","vegForm":"Grassy Woodlands"},"geometry":{"type":"Polygon","coordinates":[[[149.04973,-31.24393],[149.04998,-31.2433],[149.05091,-31.2427],[149.05082,-31.24324],[149.05108,-31.24328],[149.05164,-31.24246],[149.05155,-31.24327],[149.05073,-31.24419],[149.05075,-31.24509],[149.04997,-31.24519],[149.04973,-31.24393]]]}},{"type":"Feature","properties":{"OBJECTID":8819223,"PCTID":391,"PCTName":"Warrumbungle trachyte outcrop heathland / low woodland","vegClass":"North-west Slopes Dry Sclerophyll Woodlands","vegForm":"Dry Sclerophyll Forests (Shrub/grass sub-formation)"},"geometry":{"type":"Polygon","coordinates":[[[149.05443,-31.24277],[149.05521,-31.24258],[149.05523,-31.24316],[149.05461,-31.24367],[149.05371,-31.24346],[149.05377,-31.244],[149.05319,-31.2437],[149.05285,-31.2451],[149.05202,-31.24516],[149.05161,-31.24332],[149.05203,-31.24335],[149.05228,-31.24299],[149.05276,-31.24312],[149.05316,-31.24221],[149.05399,-31.24215],[149.05443,-31.24277]]]}},{"type":"Feature","properties":{"OBJECTID":8819237,"PCTID":379,"PCTName":"Inland Scribbly Gum - White Bloodwood - Red Stringybark - Black Cypress Pine shrubby sandstone woodland mainly of the Warrumbungle NP - Pilliga region in the Brigalow Belt South Bioregion","vegClass":"Western Slopes Dry Sclerophyll Forests","vegForm":"Dry Sclerophyll Forests (Shrubby sub-formation)"},"geometry":{"type":"MultiPolygon","coordinates":[[[[149.06803,-31.24498],[149.06652,-31.2432],[149.06478,-31.24287],[149.06418,-31.24211],[149.06481,-31.24192],[149.06561,-31.24236],[149.06621,-31.2414],[149.06717,-31.24179],[149.06723,-31.24224],[149.06797,-31.24236],[149.06819,-31.24276],[149.0684,-31.24276],[149.0684,-31.24464],[149.06803,-31.24498]]],[[[149.06825,-31.24525],[149.0684,-31.24523],[149.0684,-31.24532],[149.06825,-31.24525]]]]}},{"type":"Feature","properties":{"OBJECTID":8819245,"PCTID":407,"PCTName":"White Bloodwood - ironbark - Black Cypress Pine shrubby sandstone hill woodland of the southern Pilliga forests","vegClass":"Western Slopes Dry Sclerophyll Forests","vegForm":"Dry Sclerophyll Forests (Shrubby sub-formation)"},"geometry":{"type":"Polygon","coordinates":[[[149.06834,-31.247],[149.0675,-31.24729],[149.06732,-31.24612],[149.06648,-31.24622],[149.06597,-31.2447],[149.06481,-31.24418],[149.06474,-31.24345],[149.06378,-31.24302],[149.06284,-31.24295],[149.06242,-31.24327],[149.06228,-31.24399],[149.06271,-31.24444],[149.06273,-31.24525],[149.06218,-31.24639],[149.06143,-31.24577],[149.06001,-31.24552],[149.05979,-31.24503],[149.06019,-31.24425],[149.05939,-31.24373],[149.06006,-31.24313],[149.05953,-31.243],[149.05901,-31.24342],[149.05879,-31.24265],[149.05804,-31.24208],[149.05824,-31.24167],[149.05785,-31.24095],[149.058,-31.24032],[149.05762,-31.2401],[149.0575,-31.23911],[149.05702,-31.23876],[149.05708,-31.23863],[149.06327,-31.23863],[149.06311,-31.23906],[149.06348,-31.2391],[149.06371,-31.23863],[149.0645,-31.23863],[149.06463,-31.23881],[149.06493,-31.23863],[149.06535,-31.23863],[149.06552,-31.2387],[149.06574,-31.23915],[149.06533,-31.23965],[149.06428,-31.23954],[149.06403,-31.24026],[149.06556,-31.24042],[149.06652,-31.24121],[149.0672,-31.24075],[149.06767,-31.24088],[149.0684,-31.24052],[149.0684,-31.24135],[149.06837,-31.24141],[149.0684,-31.24149],[149.0684,-31.24276],[149.06819,-31.24276],[149.06797,-31.24236],[149.06739,-31.24237],[149.0668,-31.24161],[149.06616,-31.2414],[149.06561,-31.24236],[149.06481,-31.24192],[149.06418,-31.24211],[149.06478,-31.24287],[149.06652,-31.2432],[149.06803,-31.24498],[149.0684,-31.24464],[149.0684,-31.24523],[149.06825,-31.24525],[149.0684,-31.24532],[149.0684,-31.24704],[149.06834,-31.247]]]}},{"type":"Feature","properties":{"OBJECTID":8819250,"PCTID":391,"PCTName":"Warrumbungle trachyte outcrop heathland / low woodland","vegClass":"North-west Slopes Dry Sclerophyll Woodlands","vegForm":"Dry Sclerophyll Forests (Shrub/grass sub-formation)"},"geometry":{"type":"Polygon","coordinates":[[[149.05084,-31.24635],[149.05022,-31.24695],[149.05008,-31.24772],[149.04919,-31.24809],[149.04924,-31.24764],[149.04996,-31.24722],[149.0499,-31.24673],[149.05042,-31.2464],[149.05036,-31.24609],[149.05072,-31.24599],[149.05084,-31.24635]]]}},{"type":"Feature","properties":{"OBJECTID":8819266,"PCTID":394,"PCTName":"Narrow-leaved Ironbark - White Cypress pine woodland on slopes and flats in the Coonabarabran - Pilliga Scrub regions","vegClass":"North-west Slopes Dry Sclerophyll Woodlands","vegForm":"Dry Sclerophyll Forests (Shrub/grass sub-formation)"},"geometry":{"type":"MultiPolygon","coordinates":[[[[149.06837,-31.24159],[149.0684,-31.24152],[149.0684,-31.24159],[149.06837,-31.24159]]],[[[149.06767,-31.24088],[149.0672,-31.24075],[149.06652,-31.24121],[149.06556,-31.24042],[149.06403,-31.24026],[149.06428,-31.23954],[149.06533,-31.23965],[149.06574,-31.23915],[149.06552,-31.2387],[149.06535,-31.23863],[149.0684,-31.23863],[149.0684,-31.24052],[149.06767,-31.24088]]],[[[149.06463,-31.23881],[149.0645,-31.23863],[149.06493,-31.23863],[149.06463,-31.23881]]],[[[149.06348,-31.2391],[149.06311,-31.23906],[149.06327,-31.23863],[149.06371,-31.23863],[149.06348,-31.2391]]]]}},{"type":"Feature","properties":{"OBJECTID":8819274,"PCTID":394,"PCTName":"Narrow-leaved Ironbark - White Cypress pine woodland on slopes and flats in the Coonabarabran - Pilliga Scrub regions","vegClass":"North-west Slopes Dry Sclerophyll Woodlands","vegForm":"Dry Sclerophyll Forests (Shrub/grass sub-formation)"},"geometry":{"type":"Polygon","coordinates":[[[149.05747,-31.24931],[149.05832,-31.24965],[149.05833,-31.25024],[149.05748,-31.24998],[149.05728,-31.25044],[149.05656,-31.25081],[149.05613,-31.25064],[149.05636,-31.24892],[149.05704,-31.24877],[149.05712,-31.24801],[149.05786,-31.24813],[149.05758,-31.2475],[149.05822,-31.24772],[149.05793,-31.24876],[149.05747,-31.24931]]]}},{"type":"Feature","properties":{"OBJECTID":8819283,"PCTID":379,"PCTName":"Inland Scribbly Gum - White Bloodwood - Red Stringybark - Black Cypress Pine shrubby sandstone woodland mainly of the Warrumbungle NP - Pilliga region in the Brigalow Belt South Bioregion","vegClass":"Western Slopes Dry Sclerophyll Forests","vegForm":"Dry Sclerophyll Forests (Shrubby sub-formation)"},"geometry":{"type":"MultiPolygon","coordinates":[[[[149.06609,-31.2474],[149.0652,-31.24764],[149.06543,-31.24823],[149.06496,-31.2485],[149.06575,-31.24881],[149.06571,-31.24935],[149.06683,-31.24974],[149.06699,-31.25018],[149.06626,-31.25033],[149.06622,-31.25078],[149.06523,-31.25134],[149.06464,-31.25054],[149.0638,-31.25046],[149.06276,-31.25102],[149.06254,-31.25058],[149.06212,-31.25072],[149.0619,-31.25023],[149.06132,-31.25024],[149.06078,-31.24943],[149.06004,-31.24935],[149.05906,-31.24793],[149.05905,-31.24743],[149.05979,-31.24737],[149.05972,-31.24692],[149.06008,-31.24665],[149.05981,-31.2462],[149.06118,-31.24631],[149.06149,-31.2459],[149.06218,-31.24639],[149.06273,-31.24525],[149.06271,-31.24444],[149.06228,-31.24386],[149.06242,-31.24327],[149.06299,-31.24294],[149.06474,-31.24345],[149.06475,-31.24413],[149.06597,-31.2447],[149.06648,-31.24622],[149.06732,-31.24612],[149.06756,-31.24733],[149.06834,-31.247],[149.0684,-31.24704],[149.0684,-31.248],[149.06609,-31.2474]]],[[[149.06803,-31.24963],[149.06739,-31.24914],[149.06697,-31.24933],[149.06654,-31.24884],[149.06759,-31.2485],[149.0678,-31.24873],[149.0676,-31.24896],[149.06838,-31.2489],[149.0684,-31.24879],[149.0684,-31.24958],[149.06803,-31.24963]]]]}},{"type":"Feature","properties":{"OBJECTID":8819309,"PCTID":391,"PCTName":"Warrumbungle trachyte outcrop heathland / low woodland","vegClass":"North-west Slopes Dry Sclerophyll Woodlands","vegForm":"Dry Sclerophyll Forests (Shrub/grass sub-formation)"},"geometry":{"type":"Polygon","coordinates":[[[149.05279,-31.25358],[149.05278,-31.25327],[149.05368,-31.25352],[149.05279,-31.25358]]]}},{"type":"Feature","properties":{"OBJECTID":8819316,"PCTID":382,"PCTName":"Warrumbungle mountains Nandewar Box - Yellow Box shrub grass open forest, Brigalow Belt South Bioregion","vegClass":"North-west Slopes Dry Sclerophyll Woodlands","vegForm":"Dry Sclerophyll Forests (Shrub/grass sub-formation)"},"geometry":{"type":"Polygon","coordinates":[[[149.0663,-31.25412],[149.06603,-31.25381],[149.06686,-31.25348],[149.06674,-31.25281],[149.06749,-31.25333],[149.06697,-31.25361],[149.06693,-31.25407],[149.0663,-31.25412]]]}},{"type":"Feature","properties":{"OBJECTID":8819323,"PCTID":381,"PCTName":"Rough-barked Apple - Yellow Box grass/shrub footslope open forest, Brigalow Belt South Bioregion","vegClass":"North-west Slopes Dry Sclerophyll Woodlands","vegForm":"Dry Sclerophyll Forests (Shrub/grass sub-formation)"},"geometry":{"type":"Polygon","coordinates":[[[149.05551,-31.25336],[149.05532,-31.25413],[149.05455,-31.25473],[149.05411,-31.25401],[149.05347,-31.25366],[149.05409,-31.25325],[149.05376,-31.25262],[149.05412,-31.25216],[149.05497,-31.25242],[149.05551,-31.25336]]]}},{"type":"Feature","properties":{"OBJECTID":8819332,"PCTID":281,"PCTName":"Rough-Barked Apple - red gum - Yellow Box woodland on alluvial clay to loam soils on valley flats in the northern NSW South Western Slopes Bioregion and Brigalow Belt South Bioregion","vegClass":"Western Slopes Grassy Woodlands","vegForm":"Grassy Woodlands"},"geometry":{"type":"Polygon","coordinates":[[[149.05628,-31.23882],[149.05629,-31.23863],[149.05708,-31.23863],[149.05702,-31.23876],[149.0575,-31.23911],[149.05762,-31.2401],[149.058,-31.24032],[149.05785,-31.24095],[149.05824,-31.24167],[149.05804,-31.24208],[149.05879,-31.24265],[149.05901,-31.24342],[149.05953,-31.243],[149.06006,-31.24313],[149.05939,-31.24373],[149.06019,-31.24425],[149.05979,-31.24503],[149.06001,-31.24552],[149.06143,-31.24577],[149.06118,-31.24631],[149.05981,-31.2462],[149.06008,-31.24665],[149.05972,-31.24692],[149.05979,-31.24737],[149.05905,-31.24743],[149.0595,-31.24864],[149.0602,-31.24949],[149.06078,-31.24943],[149.06095,-31.24997],[149.0619,-31.25023],[149.06212,-31.25072],[149.06254,-31.25058],[149.06276,-31.25102],[149.0638,-31.25046],[149.06474,-31.25058],[149.06513,-31.25125],[149.06576,-31.25142],[149.06577,-31.25187],[149.06482,-31.25176],[149.06458,-31.25239],[149.06383,-31.25195],[149.0632,-31.25205],[149.06327,-31.25277],[149.06439,-31.25334],[149.06501,-31.25279],[149.0663,-31.25412],[149.06714,-31.25411],[149.06693,-31.25438],[149.06609,-31.25435],[149.06569,-31.25494],[149.06423,-31.25556],[149.06338,-31.25512],[149.06255,-31.25545],[149.06272,-31.25405],[149.06204,-31.25392],[149.0616,-31.25325],[149.06119,-31.25344],[149.0605,-31.25314],[149.06069,-31.2525],[149.06001,-31.25247],[149.05963,-31.25211],[149.05973,-31.25184],[149.05884,-31.25195],[149.05839,-31.25065],[149.05859,-31.25028],[149.05922,-31.25032],[149.05932,-31.25],[149.05787,-31.24871],[149.05822,-31.24772],[149.0568,-31.24765],[149.05653,-31.24738],[149.05591,-31.2478],[149.05611,-31.24717],[149.05695,-31.2472],[149.05745,-31.24638],[149.05818,-31.24605],[149.05811,-31.24515],[149.05846,-31.24469],[149.05878,-31.24477],[149.05908,-31.24418],[149.05711,-31.24282],[149.05694,-31.24228],[149.05635,-31.24193],[149.05645,-31.24161],[149.05597,-31.24139],[149.05563,-31.24027],[149.05609,-31.23941],[149.0556,-31.23887],[149.05571,-31.23863],[149.05591,-31.23863],[149.05628,-31.23882]]]}},{"type":"Feature","properties":{"OBJECTID":8819348,"PCTID":379,"PCTName":"Inland Scribbly Gum - White Bloodwood - Red Stringybark - Black Cypress Pine shrubby sandstone woodland mainly of the Warrumbungle NP - Pilliga region in the Brigalow Belt South Bioregion","vegClass":"Western Slopes Dry Sclerophyll Forests","vegForm":"Dry Sclerophyll Forests (Shrubby sub-formation)"},"geometry":{"type":"Polygon","coordinates":[[[149.06023,-31.25513],[149.0606,-31.25557],[149.05999,-31.25617],[149.06026,-31.25653],[149.0599,-31.25689],[149.0592,-31.25623],[149.05852,-31.2561],[149.0596,-31.25545],[149.05918,-31.25519],[149.05916,-31.25424],[149.05804,-31.25386],[149.05866,-31.25303],[149.05822,-31.2525],[149.05712,-31.25243],[149.05608,-31.25294],[149.05599,-31.25348],[149.05637,-31.25402],[149.05565,-31.25498],[149.05513,-31.25517],[149.05501,-31.25445],[149.05551,-31.25322],[149.05497,-31.25278],[149.05537,-31.25178],[149.0548,-31.24994],[149.05636,-31.24892],[149.05624,-31.25073],[149.05728,-31.25044],[149.05748,-31.24998],[149.05828,-31.25029],[149.05832,-31.24965],[149.05747,-31.24931],[149.05803,-31.24876],[149.05932,-31.25],[149.05922,-31.25032],[149.05859,-31.25028],[149.05839,-31.25065],[149.05884,-31.25195],[149.05973,-31.25184],[149.05963,-31.25211],[149.06001,-31.25247],[149.06069,-31.2525],[149.0605,-31.25314],[149.06119,-31.25344],[149.06023,-31.25513]]]}},{"type":"Feature","properties":{"OBJECTID":8819352,"PCTID":391,"PCTName":"Warrumbungle trachyte outcrop heathland / low woodland","vegClass":"North-west Slopes Dry Sclerophyll Woodlands","vegForm":"Dry Sclerophyll Forests (Shrub/grass sub-formation)"},"geometry":{"type":"Polygon","coordinates":[[[149.06723,-31.25591],[149.06719,-31.25636],[149.06637,-31.25732],[149.06574,-31.25729],[149.06568,-31.25688],[149.0665,-31.2561],[149.06634,-31.25588],[149.06686,-31.25565],[149.06723,-31.25591]]]}},{"type":"Feature","properties":{"OBJECTID":8819355,"PCTID":381,"PCTName":"Rough-barked Apple - Yellow Box grass/shrub footslope open forest, Brigalow Belt South Bioregion","vegClass":"North-west Slopes Dry Sclerophyll Woodlands","vegForm":"Dry Sclerophyll Forests (Shrub/grass sub-formation)"},"geometry":{"type":"Polygon","coordinates":[[[149.06324,-31.25589],[149.06168,-31.25668],[149.0618,-31.25749],[149.06085,-31.25719],[149.06047,-31.25666],[149.0606,-31.25539],[149.06023,-31.25513],[149.06078,-31.25385],[149.06139,-31.2533],[149.06204,-31.25392],[149.06272,-31.25405],[149.06255,-31.25545],[149.06291,-31.25544],[149.06324,-31.25589]]]}},{"type":"Feature","properties":{"OBJECTID":8819365,"PCTID":391,"PCTName":"Warrumbungle trachyte outcrop heathland / low woodland","vegClass":"North-west Slopes Dry Sclerophyll Woodlands","vegForm":"Dry Sclerophyll Forests (Shrub/grass sub-formation)"},"geometry":{"type":"Polygon","coordinates":[[[149.05624,-31.2575],[149.05516,-31.25869],[149.05602,-31.25714],[149.05537,-31.25634],[149.0561,-31.25605],[149.05624,-31.2575]]]}},{"type":"Feature","properties":{"OBJECTID":8819376,"PCTID":393,"PCTName":"White Box shrubby woodland of the western Liverpool Range, Warrumbungle Range and south-west Pilliga forests, Brigalow Belt South Bioregion","vegClass":"North-west Slopes Dry Sclerophyll Woodlands","vegForm":"Dry Sclerophyll Forests (Shrub/grass sub-formation)"},"geometry":{"type":"MultiPolygon","coordinates":[[[[149.0556,-31.23887],[149.05609,-31.23945],[149.05563,-31.24036],[149.05597,-31.24139],[149.05645,-31.24161],[149.05635,-31.24193],[149.05694,-31.24228],[149.05716,-31.24286],[149.05639,-31.24333],[149.05736,-31.24466],[149.05804,-31.24447],[149.05836,-31.24469],[149.05811,-31.24515],[149.05828,-31.24587],[149.05745,-31.24638],[149.05695,-31.2472],[149.05611,-31.24717],[149.05591,-31.2478],[149.05653,-31.24738],[149.0568,-31.24765],[149.05758,-31.2475],[149.05786,-31.24813],[149.05712,-31.24801],[149.05704,-31.24877],[149.05604,-31.24897],[149.0548,-31.24994],[149.05493,-31.25075],[149.0553,-31.25092],[149.05538,-31.25214],[149.0547,-31.25251],[149.05412,-31.25216],[149.05376,-31.25262],[149.05409,-31.25325],[149.05378,-31.25352],[149.05278,-31.25327],[149.05279,-31.25358],[149.05411,-31.25401],[149.05455,-31.25473],[149.05512,-31.25454],[149.05497,-31.25504],[149.05425,-31.25541],[149.05483,-31.25567],[149.05505,-31.25621],[149.05329,-31.25732],[149.05301,-31.25859],[149.05138,-31.25884],[149.05134,-31.25938],[149.05204,-31.25987],[149.0514,-31.25965],[149.05131,-31.26002],[149.05021,-31.26035],[149.04941,-31.25964],[149.04879,-31.26024],[149.04831,-31.25993],[149.0483,-31.25943],[149.04974,-31.25828],[149.04968,-31.25792],[149.05068,-31.25791],[149.05062,-31.25759],[149.05123,-31.25695],[149.05117,-31.25636],[149.05164,-31.25608],[149.05223,-31.25436],[149.05195,-31.25382],[149.05253,-31.25386],[149.05157,-31.25315],[149.05202,-31.25242],[149.05113,-31.25221],[149.05101,-31.25172],[149.05017,-31.25151],[149.04994,-31.25097],[149.0498,-31.25151],[149.04866,-31.25216],[149.0475,-31.25209],[149.04776,-31.25191],[149.04768,-31.25096],[149.04613,-31.25198],[149.04659,-31.25139],[149.04612,-31.25149],[149.04579,-31.25077],[149.04532,-31.25091],[149.04499,-31.25042],[149.04557,-31.25028],[149.04592,-31.2495],[149.04635,-31.25008],[149.04714,-31.25007],[149.04701,-31.24917],[149.04814,-31.24802],[149.04782,-31.24767],[149.04865,-31.24738],[149.04864,-31.24693],[149.04937,-31.24638],[149.0493,-31.24593],[149.04998,-31.24555],[149.04997,-31.24519],[149.05075,-31.24509],[149.05073,-31.24419],[149.0517,-31.24282],[149.05157,-31.24187],[149.0537,-31.2408],[149.05507,-31.24109],[149.05499,-31.23863],[149.05571,-31.23863],[149.0556,-31.23887]],[[149.05316,-31.24221],[149.05276,-31.24312],[149.05228,-31.24299],[149.05203,-31.24335],[149.05161,-31.24332],[149.05202,-31.24516],[149.05285,-31.2451],[149.05319,-31.2437],[149.05377,-31.244],[149.05371,-31.24346],[149.05461,-31.24367],[149.05523,-31.24316],[149.05521,-31.24258],[149.05443,-31.24277],[149.05399,-31.24215],[149.05316,-31.24221]],[[149.05036,-31.24609],[149.05042,-31.2464],[149.0499,-31.24673],[149.04996,-31.24722],[149.04924,-31.24764],[149.04919,-31.24809],[149.05008,-31.24772],[149.05022,-31.24695],[149.05084,-31.24635],[149.05072,-31.24599],[149.05036,-31.24609]]],[[[149.05628,-31.23882],[149.05591,-31.23863],[149.05629,-31.23863],[149.05628,-31.23882]]]]}},{"type":"Feature","properties":{"OBJECTID":8819381,"PCTID":391,"PCTName":"Warrumbungle trachyte outcrop heathland / low woodland","vegClass":"North-west Slopes Dry Sclerophyll Woodlands","vegForm":"Dry Sclerophyll Forests (Shrub/grass sub-formation)"},"geometry":{"type":"Polygon","coordinates":[[[149.06746,-31.25907],[149.06665,-31.26016],[149.06518,-31.2605],[149.06605,-31.25941],[149.0673,-31.25875],[149.06746,-31.25907]]]}},{"type":"Feature","properties":{"OBJECTID":8819388,"PCTID":393,"PCTName":"White Box shrubby woodland of the western Liverpool Range, Warrumbungle Range and south-west Pilliga forests, Brigalow Belt South Bioregion","vegClass":"North-west Slopes Dry Sclerophyll Woodlands","vegForm":"Dry Sclerophyll Forests (Shrub/grass sub-formation)"},"geometry":{"type":"Polygon","coordinates":[[[149.04651,-31.25933],[149.04647,-31.25996],[149.04586,-31.26069],[149.04507,-31.26089],[149.04488,-31.26143],[149.04425,-31.26144],[149.04455,-31.26099],[149.04439,-31.26067],[149.04505,-31.25999],[149.04579,-31.26002],[149.04567,-31.25934],[149.04535,-31.25917],[149.04581,-31.25866],[149.04613,-31.25875],[149.04651,-31.25933]]]}},{"type":"Feature","properties":{"OBJECTID":8819389,"PCTID":381,"PCTName":"Rough-barked Apple - Yellow Box grass/shrub footslope open forest, Brigalow Belt South Bioregion","vegClass":"North-west Slopes Dry Sclerophyll Woodlands","vegForm":"Dry Sclerophyll Forests (Shrub/grass sub-formation)"},"geometry":{"type":"Polygon","coordinates":[[[149.05545,-31.25516],[149.05637,-31.25402],[149.05599,-31.25348],[149.05608,-31.25294],[149.05712,-31.25243],[149.05854,-31.25267],[149.05866,-31.25303],[149.05804,-31.25386],[149.05916,-31.25424],[149.05918,-31.25519],[149.05961,-31.25563],[149.05852,-31.2561],[149.0592,-31.25623],[149.05969,-31.2569],[149.06021,-31.25653],[149.06037,-31.25679],[149.06029,-31.25765],[149.05956,-31.25825],[149.05942,-31.25884],[149.05995,-31.2591],[149.05991,-31.25969],[149.05874,-31.25903],[149.05764,-31.25905],[149.05765,-31.25946],[149.05702,-31.25956],[149.05682,-31.2601],[149.0564,-31.26002],[149.05604,-31.26043],[149.05556,-31.26003],[149.05479,-31.26086],[149.05447,-31.26082],[149.05447,-31.26041],[149.05296,-31.26112],[149.05232,-31.26063],[149.0508,-31.26093],[149.05037,-31.26062],[149.04933,-31.26082],[149.04895,-31.26046],[149.04817,-31.26079],[149.04748,-31.26062],[149.04692,-31.2614],[149.04488,-31.26143],[149.04507,-31.26089],[149.04586,-31.26069],[149.04647,-31.25996],[149.04651,-31.25933],[149.04591,-31.25835],[149.046,-31.2578],[149.04511,-31.25795],[149.04436,-31.25729],[149.04482,-31.2567],[149.0451,-31.25723],[149.04593,-31.2569],[149.04647,-31.25744],[149.0467,-31.25617],[149.04611,-31.25582],[149.04611,-31.25541],[149.04683,-31.25495],[149.0471,-31.25309],[149.04812,-31.25398],[149.04842,-31.25334],[149.04884,-31.25338],[149.04949,-31.25418],[149.05011,-31.25376],[149.0501,-31.25313],[149.05077,-31.25285],[149.05071,-31.2524],[149.05149,-31.25212],[149.05202,-31.25242],[149.05162,-31.25329],[149.05253,-31.25377],[149.05195,-31.25382],[149.05223,-31.25436],[149.05068,-31.25791],[149.04968,-31.25792],[149.04974,-31.25828],[149.0483,-31.25943],[149.04831,-31.25993],[149.04879,-31.26024],[149.04941,-31.25964],[149.05021,-31.26035],[149.05131,-31.26002],[149.0514,-31.25965],[149.05204,-31.25987],[149.05134,-31.25938],[149.05138,-31.25884],[149.05306,-31.25854],[149.05329,-31.25732],[149.05505,-31.25621],[149.05467,-31.25554],[149.05425,-31.25554],[149.0544,-31.25514],[149.05497,-31.25504],[149.05545,-31.25516]],[[149.05537,-31.25634],[149.05602,-31.25714],[149.05516,-31.25869],[149.05624,-31.2575],[149.0561,-31.25605],[149.05537,-31.25634]]]}},{"type":"Feature","properties":{"OBJECTID":8819390,"PCTID":391,"PCTName":"Warrumbungle trachyte outcrop heathland / low woodland","vegClass":"North-west Slopes Dry Sclerophyll Woodlands","vegForm":"Dry Sclerophyll Forests (Shrub/grass sub-formation)"},"geometry":{"type":"Polygon","coordinates":[[[149.05758,-31.26122],[149.05758,-31.26113],[149.05806,-31.26121],[149.05758,-31.26122]]]}},{"type":"Feature","properties":{"OBJECTID":8819391,"PCTID":393,"PCTName":"White Box shrubby woodland of the western Liverpool Range, Warrumbungle Range and south-west Pilliga forests, Brigalow Belt South Bioregion","vegClass":"North-west Slopes Dry Sclerophyll Woodlands","vegForm":"Dry Sclerophyll Forests (Shrub/grass sub-formation)"},"geometry":{"type":"Polygon","coordinates":[[[149.06136,-31.26115],[149.06136,-31.26111],[149.06152,-31.26115],[149.06136,-31.26115]]]}},{"type":"Feature","properties":{"OBJECTID":8819392,"PCTID":391,"PCTName":"Warrumbungle trachyte outcrop heathland / low woodland","vegClass":"North-west Slopes Dry Sclerophyll Woodlands","vegForm":"Dry Sclerophyll Forests (Shrub/grass sub-formation)"},"geometry":{"type":"Polygon","coordinates":[[[149.05816,-31.26116],[149.05947,-31.26087],[149.0604,-31.26018],[149.06113,-31.26021],[149.06139,-31.25985],[149.06116,-31.25931],[149.06147,-31.25899],[149.06196,-31.25956],[149.06283,-31.25887],[149.06409,-31.25881],[149.0644,-31.25831],[149.06534,-31.25811],[149.06525,-31.25865],[149.06359,-31.25972],[149.06294,-31.26099],[149.06246,-31.26082],[149.06168,-31.26115],[149.05816,-31.26116]]]}},{"type":"Feature","properties":{"OBJECTID":8819393,"PCTID":391,"PCTName":"Warrumbungle trachyte outcrop heathland / low woodland","vegClass":"North-west Slopes Dry Sclerophyll Woodlands","vegForm":"Dry Sclerophyll Forests (Shrub/grass sub-formation)"},"geometry":{"type":"Polygon","coordinates":[[[149.06394,-31.26107],[149.06414,-31.26097],[149.06436,-31.2611],[149.06394,-31.26107]]]}},{"type":"Feature","properties":{"OBJECTID":8819394,"PCTID":393,"PCTName":"White Box shrubby woodland of the western Liverpool Range, Warrumbungle Range and south-west Pilliga forests, Brigalow Belt South Bioregion","vegClass":"North-west Slopes Dry Sclerophyll Woodlands","vegForm":"Dry Sclerophyll Forests (Shrub/grass sub-formation)"},"geometry":{"type":"Polygon","coordinates":[[[149.06168,-31.26115],[149.06319,-31.26076],[149.06359,-31.25972],[149.06525,-31.25865],[149.06513,-31.25807],[149.0644,-31.25831],[149.06409,-31.25881],[149.06283,-31.25887],[149.06196,-31.25956],[149.06147,-31.25899],[149.06116,-31.25931],[149.06139,-31.25985],[149.06113,-31.26021],[149.0604,-31.26018],[149.05988,-31.26068],[149.05853,-31.26116],[149.04692,-31.2614],[149.04748,-31.26062],[149.04817,-31.26079],[149.04895,-31.26046],[149.04933,-31.26082],[149.05037,-31.26062],[149.0508,-31.26093],[149.05232,-31.26063],[149.05296,-31.26112],[149.05447,-31.26041],[149.05447,-31.26082],[149.05479,-31.26086],[149.05556,-31.26003],[149.05604,-31.26043],[149.0564,-31.26002],[149.05682,-31.2601],[149.05702,-31.25956],[149.05765,-31.25946],[149.05764,-31.25905],[149.05874,-31.25903],[149.05986,-31.25974],[149.05995,-31.2591],[149.05942,-31.25884],[149.05956,-31.25825],[149.06029,-31.25765],[149.06014,-31.25603],[149.06067,-31.25607],[149.06047,-31.25666],[149.06085,-31.25719],[149.0618,-31.25749],[149.06168,-31.25668],[149.06324,-31.25589],[149.06291,-31.25544],[149.06312,-31.25512],[149.06423,-31.25556],[149.06569,-31.25494],[149.06609,-31.25435],[149.06693,-31.25438],[149.06697,-31.25361],[149.06749,-31.25342],[149.06674,-31.25281],[149.06686,-31.25348],[149.06592,-31.25377],[149.06501,-31.25279],[149.06439,-31.25334],[149.06327,-31.25277],[149.0632,-31.25205],[149.06383,-31.25195],[149.06458,-31.25239],[149.06482,-31.25176],[149.06567,-31.25197],[149.06565,-31.25106],[149.06622,-31.25078],[149.06626,-31.25033],[149.06699,-31.25018],[149.06683,-31.24974],[149.06571,-31.24935],[149.06575,-31.24881],[149.06496,-31.2485],[149.06543,-31.24823],[149.0652,-31.24764],[149.06609,-31.2474],[149.0684,-31.248],[149.0684,-31.24879],[149.06838,-31.2489],[149.0676,-31.24896],[149.0678,-31.24873],[149.06759,-31.2485],[149.06654,-31.24893],[149.06798,-31.24963],[149.0684,-31.24958],[149.0684,-31.25467],[149.06831,-31.25467],[149.06836,-31.25499],[149.0684,-31.2549],[149.0684,-31.26103],[149.06168,-31.26115]],[[149.06605,-31.25941],[149.06518,-31.2605],[149.06665,-31.26016],[149.06746,-31.25907],[149.0673,-31.25875],[149.06605,-31.25941]],[[149.06634,-31.25588],[149.0665,-31.2561],[149.06568,-31.25688],[149.06574,-31.25729],[149.06637,-31.25732],[149.06719,-31.25636],[149.06723,-31.25591],[149.06686,-31.25565],[149.06634,-31.25588]]]}},{"type":"Feature","properties":{"OBJECTID":12122213,"PCTID":391,"PCTName":"Warrumbungle trachyte outcrop heathland / low woodland","vegClass":"North-west Slopes Dry Sclerophyll Woodlands","vegForm":"Dry Sclerophyll Forests (Shrub/grass sub-formation)"},"geometry":{"type":"Polygon","coordinates":[[[149.04316,-31.262],[149.04322,-31.26241],[149.04221,-31.26202],[149.04087,-31.26303],[149.0412,-31.26375],[149.04206,-31.26446],[149.04176,-31.26532],[149.03874,-31.26402],[149.03851,-31.26321],[149.03934,-31.26292],[149.03931,-31.26153],[149.04419,-31.26144],[149.04404,-31.26163],[149.04316,-31.262]]]}},{"type":"Feature","properties":{"OBJECTID":12122214,"PCTID":391,"PCTName":"Warrumbungle trachyte outcrop heathland / low woodland","vegClass":"North-west Slopes Dry Sclerophyll Woodlands","vegForm":"Dry Sclerophyll Forests (Shrub/grass sub-formation)"},"geometry":{"type":"Polygon","coordinates":[[[149.04408,-31.26546],[149.04356,-31.26574],[149.04344,-31.26538],[149.0438,-31.26497],[149.04408,-31.26546]]]}},{"type":"Feature","properties":{"OBJECTID":12122215,"PCTID":417,"PCTName":"Black Cypress Pine - Narrow-leaved Ironbark - red gum +/- White Bloodwood shrubby open forest on hills of the southern Pilliga, Coonabarabran and Garawilla regions, Brigalow Belt South Bioregion","vegClass":"Western Slopes Dry Sclerophyll Forests","vegForm":"Dry Sclerophyll Forests (Shrubby sub-formation)"},"geometry":{"type":"Polygon","coordinates":[[[149.03959,-31.26463],[149.03997,-31.26499],[149.03983,-31.26571],[149.04046,-31.26593],[149.04067,-31.26588],[149.0405,-31.26539],[149.04118,-31.26519],[149.04251,-31.2658],[149.04762,-31.26658],[149.04742,-31.26694],[149.04765,-31.26788],[149.04714,-31.26852],[149.04752,-31.26928],[149.04706,-31.26956],[149.04621,-31.26926],[149.04564,-31.26945],[149.04565,-31.27022],[149.04612,-31.26985],[149.04649,-31.27016],[149.04557,-31.27112],[149.04461,-31.27069],[149.04341,-31.27062],[149.04391,-31.26971],[149.04249,-31.26986],[149.04235,-31.27023],[149.04151,-31.27038],[149.04088,-31.2703],[149.04065,-31.26949],[149.04038,-31.26945],[149.0383,-31.27012],[149.03698,-31.26991],[149.03686,-31.26933],[149.038,-31.26854],[149.03845,-31.26772],[149.03696,-31.2668],[149.03657,-31.26572],[149.03815,-31.26601],[149.03838,-31.26452],[149.03901,-31.26428],[149.03891,-31.26451],[149.03959,-31.26463]]]}},{"type":"Feature","properties":{"OBJECTID":12122216,"PCTID":393,"PCTName":"White Box shrubby woodland of the western Liverpool Range, Warrumbungle Range and south-west Pilliga forests, Brigalow Belt South Bioregion","vegClass":"North-west Slopes Dry Sclerophyll Woodlands","vegForm":"Dry Sclerophyll Forests (Shrub/grass sub-formation)"},"geometry":{"type":"Polygon","coordinates":[[[149.03934,-31.26292],[149.03851,-31.26321],[149.03885,-31.2642],[149.03838,-31.26452],[149.03815,-31.26601],[149.03657,-31.26572],[149.03696,-31.2668],[149.03845,-31.26772],[149.038,-31.26854],[149.03686,-31.26933],[149.03698,-31.26991],[149.0383,-31.27012],[149.04038,-31.26945],[149.04065,-31.26949],[149.04088,-31.2703],[149.04151,-31.27038],[149.04235,-31.27023],[149.04249,-31.26986],[149.04391,-31.26971],[149.04341,-31.27084],[149.0409,-31.27116],[149.03988,-31.2705],[149.039,-31.27114],[149.03768,-31.27067],[149.03579,-31.27088],[149.03533,-31.27138],[149.03449,-31.27108],[149.03449,-31.2714],[149.03343,-31.27083],[149.03305,-31.27034],[149.03315,-31.26998],[149.03464,-31.27076],[149.0351,-31.2704],[149.03538,-31.26904],[149.03495,-31.26855],[149.03548,-31.26854],[149.03509,-31.26746],[149.03531,-31.26583],[149.03578,-31.26547],[149.03555,-31.2647],[149.03519,-31.2652],[149.0344,-31.26508],[149.03363,-31.26573],[149.0338,-31.26636],[149.03355,-31.26695],[149.03322,-31.26641],[149.03254,-31.26624],[149.03223,-31.26647],[149.03185,-31.26621],[149.02951,-31.26692],[149.02933,-31.2662],[149.02886,-31.26612],[149.02909,-31.26711],[149.0288,-31.2682],[149.02658,-31.26756],[149.02659,-31.26788],[149.02565,-31.26843],[149.02543,-31.2678],[149.02578,-31.26726],[149.02503,-31.26659],[149.02486,-31.26592],[149.02507,-31.26578],[149.0247,-31.2657],[149.02469,-31.26538],[149.02438,-31.26548],[149.02437,-31.26511],[149.02384,-31.26472],[149.02414,-31.2644],[149.02408,-31.26381],[149.02548,-31.26325],[149.02548,-31.26293],[149.02584,-31.26279],[149.02668,-31.26264],[149.02706,-31.26326],[149.02775,-31.26348],[149.02806,-31.2632],[149.02779,-31.26294],[149.02809,-31.26257],[149.02667,-31.26232],[149.02594,-31.26252],[149.02534,-31.26176],[149.03926,-31.26157],[149.03934,-31.26292]]]}},{"type":"Feature","properties":{"OBJECTID":12122217,"PCTID":381,"PCTName":"Rough-barked Apple - Yellow Box grass/shrub footslope open forest, Brigalow Belt South Bioregion","vegClass":"North-west Slopes Dry Sclerophyll Woodlands","vegForm":"Dry Sclerophyll Forests (Shrub/grass sub-formation)"},"geometry":{"type":"Polygon","coordinates":[[[149.04636,-31.27111],[149.04594,-31.27107],[149.04542,-31.27162],[149.0451,-31.27131],[149.04327,-31.27143],[149.04315,-31.27112],[149.04557,-31.27112],[149.04598,-31.27075],[149.04636,-31.27111]]]}},{"type":"Feature","properties":{"OBJECTID":12122218,"PCTID":379,"PCTName":"Inland Scribbly Gum - White Bloodwood - Red Stringybark - Black Cypress Pine shrubby sandstone woodland mainly of the Warrumbungle NP - Pilliga region in the Brigalow Belt South Bioregion","vegClass":"Western Slopes Dry Sclerophyll Forests","vegForm":"Dry Sclerophyll Forests (Shrubby sub-formation)"},"geometry":{"type":"Polygon","coordinates":[[[149.0452,-31.27095],[149.04336,-31.27093],[149.04253,-31.27162],[149.04201,-31.27159],[149.04207,-31.27186],[149.04318,-31.27224],[149.04433,-31.27195],[149.04352,-31.27355],[149.04272,-31.27293],[149.04204,-31.27299],[149.04137,-31.27331],[149.04044,-31.27441],[149.03945,-31.27461],[149.03973,-31.27311],[149.04026,-31.27306],[149.04011,-31.27139],[149.04042,-31.27085],[149.04174,-31.27114],[149.04377,-31.27061],[149.0452,-31.27095]]]}},{"type":"Feature","properties":{"OBJECTID":12122219,"PCTID":417,"PCTName":"Black Cypress Pine - Narrow-leaved Ironbark - red gum +/- White Bloodwood shrubby open forest on hills of the southern Pilliga, Coonabarabran and Garawilla regions, Brigalow Belt South Bioregion","vegClass":"Western Slopes Dry Sclerophyll Forests","vegForm":"Dry Sclerophyll Forests (Shrubby sub-formation)"},"geometry":{"type":"Polygon","coordinates":[[[149.04285,-31.2718],[149.04474,-31.27163],[149.04518,-31.27248],[149.04638,-31.27192],[149.04649,-31.27237],[149.04607,-31.27251],[149.04603,-31.27301],[149.04545,-31.27288],[149.04536,-31.27356],[149.04437,-31.27362],[149.04441,-31.27326],[149.04509,-31.27289],[149.04414,-31.27295],[149.04405,-31.27372],[149.04333,-31.27414],[149.04291,-31.27419],[149.04163,-31.27335],[149.04186,-31.27448],[149.04139,-31.27449],[149.04114,-31.27508],[149.04052,-31.2754],[149.04046,-31.27504],[149.04087,-31.27472],[149.04039,-31.27441],[149.04137,-31.27331],[149.04272,-31.27293],[149.04352,-31.27355],[149.04357,-31.27305],[149.04424,-31.27254],[149.04433,-31.27195],[149.04318,-31.27224],[149.04201,-31.27177],[149.04321,-31.27121],[149.04285,-31.2718]]]}},{"type":"Feature","properties":{"OBJECTID":12122220,"PCTID":379,"PCTName":"Inland Scribbly Gum - White Bloodwood - Red Stringybark - Black Cypress Pine shrubby sandstone woodland mainly of the Warrumbungle NP - Pilliga region in the Brigalow Belt South Bioregion","vegClass":"Western Slopes Dry Sclerophyll Forests","vegForm":"Dry Sclerophyll Forests (Shrubby sub-formation)"},"geometry":{"type":"Polygon","coordinates":[[[149.0469,-31.27191],[149.04801,-31.27212],[149.04725,-31.27321],[149.04673,-31.27363],[149.04595,-31.27391],[149.04542,-31.27374],[149.04443,-31.2743],[149.0446,-31.27452],[149.04669,-31.27395],[149.04618,-31.27477],[149.04555,-31.27487],[149.04557,-31.27554],[149.04616,-31.27608],[149.04554,-31.27658],[149.04448,-31.27624],[149.04364,-31.27643],[149.04297,-31.27676],[149.04298,-31.27721],[149.0423,-31.27763],[149.04103,-31.27688],[149.04143,-31.27624],[149.04142,-31.27552],[149.0411,-31.27539],[149.0409,-31.27598],[149.04062,-31.2754],[149.04139,-31.27449],[149.04186,-31.27448],[149.04163,-31.27335],[149.04291,-31.27419],[149.04405,-31.27372],[149.04394,-31.27318],[149.04435,-31.27286],[149.04509,-31.27307],[149.04441,-31.27326],[149.04437,-31.27362],[149.04536,-31.27356],[149.04545,-31.27288],[149.04609,-31.27296],[149.04607,-31.27251],[149.04649,-31.27237],[149.04647,-31.27151],[149.04694,-31.27137],[149.0469,-31.27191]]]}},{"type":"Feature","properties":{"OBJECTID":12122221,"PCTID":417,"PCTName":"Black Cypress Pine - Narrow-leaved Ironbark - red gum +/- White Bloodwood shrubby open forest on hills of the southern Pilliga, Coonabarabran and Garawilla regions, Brigalow Belt South Bioregion","vegClass":"Western Slopes Dry Sclerophyll Forests","vegForm":"Dry Sclerophyll Forests (Shrubby sub-formation)"},"geometry":{"type":"Polygon","coordinates":[[[149.04609,-31.27553],[149.04667,-31.27557],[149.04732,-31.27651],[149.04664,-31.27652],[149.0455,-31.27721],[149.04439,-31.27705],[149.0442,-31.27787],[149.04388,-31.27783],[149.04327,-31.27861],[149.0429,-31.27843],[149.04296,-31.27875],[149.04232,-31.27826],[149.04252,-31.27776],[149.04173,-31.27795],[149.04267,-31.27749],[149.04297,-31.27676],[149.04364,-31.27643],[149.04448,-31.27624],[149.04554,-31.27658],[149.04616,-31.27608],[149.04557,-31.27554],[149.04582,-31.27513],[149.04609,-31.27553]]]}},{"type":"Feature","properties":{"OBJECTID":12122222,"PCTID":379,"PCTName":"Inland Scribbly Gum - White Bloodwood - Red Stringybark - Black Cypress Pine shrubby sandstone woodland mainly of the Warrumbungle NP - Pilliga region in the Brigalow Belt South Bioregion","vegClass":"Western Slopes Dry Sclerophyll Forests","vegForm":"Dry Sclerophyll Forests (Shrubby sub-formation)"},"geometry":{"type":"Polygon","coordinates":[[[149.04786,-31.27717],[149.04782,-31.27763],[149.04704,-31.27782],[149.04709,-31.27804],[149.04756,-31.27795],[149.04747,-31.27853],[149.04774,-31.27885],[149.04868,-31.2786],[149.04969,-31.27895],[149.04923,-31.27945],[149.04833,-31.27938],[149.04777,-31.27984],[149.04681,-31.27954],[149.04609,-31.28],[149.04566,-31.27969],[149.04489,-31.28029],[149.0446,-31.27912],[149.04386,-31.27923],[149.04333,-31.27883],[149.04337,-31.27833],[149.0442,-31.27787],[149.04414,-31.27733],[149.04476,-31.277],[149.04786,-31.27717]]]}},{"type":"Feature","properties":{"OBJECTID":12122223,"PCTID":0,"PCTName":"Not classified","vegClass":"Not classified","vegForm":"Not classified"},"geometry":{"type":"Polygon","coordinates":[[[149.04486,-31.28147],[149.04483,-31.28237],[149.04446,-31.28233],[149.04392,-31.28153],[149.04422,-31.28116],[149.04486,-31.28147]]]}},{"type":"Feature","properties":{"OBJECTID":12122224,"PCTID":417,"PCTName":"Black Cypress Pine - Narrow-leaved Ironbark - red gum +/- White Bloodwood shrubby open forest on hills of the southern Pilliga, Coonabarabran and Garawilla regions, Brigalow Belt South Bioregion","vegClass":"Western Slopes Dry Sclerophyll Forests","vegForm":"Dry Sclerophyll Forests (Shrubby sub-formation)"},"geometry":{"type":"Polygon","coordinates":[[[149.04427,-31.28075],[149.04511,-31.28083],[149.04529,-31.28191],[149.04588,-31.28235],[149.0464,-31.28234],[149.0466,-31.28166],[149.04657,-31.28252],[149.04568,-31.28263],[149.04482,-31.28205],[149.04486,-31.28147],[149.04407,-31.28121],[149.04331,-31.28045],[149.04367,-31.27995],[149.04427,-31.28075]]]}},{"type":"Feature","properties":{"OBJECTID":12122225,"PCTID":0,"PCTName":"Not classified","vegClass":"Not classified","vegForm":"Not classified"},"geometry":{"type":"Polygon","coordinates":[[[149.04414,-31.28225],[149.04417,-31.28346],[149.04449,-31.28373],[149.04425,-31.2845],[149.04372,-31.28455],[149.04387,-31.28401],[149.04339,-31.28379],[149.04364,-31.28316],[149.04342,-31.2828],[149.04289,-31.28276],[149.04319,-31.28199],[149.04361,-31.28198],[149.04414,-31.28225]]]}},{"type":"Feature","properties":{"OBJECTID":12122226,"PCTID":381,"PCTName":"Rough-barked Apple - Yellow Box grass/shrub footslope open forest, Brigalow Belt South Bioregion","vegClass":"North-west Slopes Dry Sclerophyll Woodlands","vegForm":"Dry Sclerophyll Forests (Shrub/grass sub-formation)"},"geometry":{"type":"Polygon","coordinates":[[[149.03948,-31.2738],[149.03945,-31.27461],[149.04039,-31.27441],[149.04087,-31.27472],[149.04046,-31.27504],[149.04079,-31.27594],[149.04111,-31.27593],[149.0411,-31.27539],[149.04142,-31.27552],[149.04143,-31.27624],[149.04103,-31.27688],[149.0423,-31.27763],[149.04173,-31.27795],[149.04252,-31.27776],[149.04232,-31.27826],[149.04264,-31.27862],[149.04296,-31.27875],[149.04311,-31.27843],[149.04386,-31.27923],[149.04438,-31.27899],[149.04489,-31.28029],[149.04541,-31.28024],[149.04511,-31.28083],[149.04427,-31.28075],[149.04367,-31.27995],[149.04331,-31.28045],[149.04401,-31.28094],[149.04392,-31.28153],[149.04451,-31.28237],[149.04493,-31.28205],[149.04573,-31.28281],[149.04636,-31.28288],[149.04725,-31.28504],[149.04784,-31.28548],[149.04809,-31.28705],[149.04879,-31.28781],[149.04931,-31.28766],[149.0499,-31.28801],[149.04949,-31.28843],[149.05019,-31.28959],[149.04951,-31.28942],[149.04913,-31.28897],[149.04923,-31.28861],[149.04859,-31.28817],[149.04806,-31.28814],[149.0471,-31.28743],[149.04679,-31.28757],[149.04635,-31.28708],[149.0458,-31.2879],[149.04465,-31.28842],[149.04405,-31.28721],[149.04592,-31.28646],[149.04543,-31.2857],[149.0444,-31.28648],[149.04402,-31.28622],[149.04335,-31.2865],[149.04308,-31.28623],[149.0414,-31.28631],[149.04068,-31.28691],[149.04086,-31.28808],[149.03911,-31.28752],[149.03936,-31.28666],[149.03993,-31.28647],[149.04001,-31.28552],[149.04199,-31.28463],[149.04196,-31.28314],[149.04226,-31.28277],[149.04171,-31.28165],[149.04302,-31.28123],[149.04253,-31.28051],[149.04245,-31.27961],[149.04182,-31.2794],[149.04156,-31.27963],[149.04074,-31.27838],[149.04007,-31.27852],[149.03972,-31.27718],[149.03898,-31.27678],[149.03829,-31.27679],[149.0382,-31.2772],[149.03735,-31.27699],[149.03636,-31.27732],[149.03566,-31.27652],[149.03499,-31.27712],[149.03399,-31.27696],[149.03366,-31.27647],[149.03273,-31.27689],[149.03144,-31.27596],[149.03103,-31.27642],[149.03081,-31.27579],[149.03017,-31.27549],[149.02939,-31.27581],[149.02644,-31.27559],[149.02624,-31.27578],[149.02678,-31.27644],[149.02583,-31.27646],[149.02574,-31.27682],[149.02532,-31.27674],[149.02506,-31.27711],[149.02401,-31.27703],[149.02361,-31.27808],[149.02483,-31.27846],[149.02473,-31.27864],[149.02362,-31.27826],[149.02252,-31.27859],[149.02238,-31.27941],[149.0217,-31.27955],[149.02124,-31.2801],[149.02203,-31.28036],[149.02194,-31.28068],[149.02083,-31.28056],[149.02021,-31.28111],[149.01867,-31.28023],[149.01794,-31.28056],[149.01694,-31.28031],[149.01606,-31.28113],[149.01611,-31.28086],[149.01521,-31.28038],[149.01541,-31.28011],[149.01636,-31.28036],[149.01651,-31.28009],[149.01612,-31.2791],[149.01564,-31.27889],[149.01579,-31.27848],[149.0168,-31.27882],[149.01737,-31.27836],[149.01862,-31.27816],[149.0191,-31.27838],[149.01906,-31.27887],[149.01954,-31.27905],[149.01985,-31.27882],[149.01986,-31.27936],[149.02039,-31.27953],[149.02147,-31.27843],[149.02272,-31.27818],[149.02287,-31.27759],[149.02355,-31.27749],[149.02429,-31.27558],[149.0253,-31.27588],[149.0256,-31.27534],[149.02722,-31.27522],[149.02753,-31.2749],[149.0279,-31.27507],[149.02836,-31.27452],[149.02904,-31.27438],[149.02879,-31.27497],[149.03074,-31.27489],[149.03096,-31.27538],[149.03185,-31.27537],[149.03213,-31.27599],[149.03249,-31.2759],[149.03279,-31.27526],[149.03402,-31.27596],[149.03533,-31.27585],[149.03591,-31.2762],[149.03648,-31.27565],[149.03732,-31.27546],[149.03777,-31.27455],[149.03887,-31.27426],[149.0387,-31.27372],[149.0389,-31.27363],[149.03948,-31.2738]],[[149.04295,-31.28285],[149.04342,-31.2828],[149.04364,-31.28316],[149.04339,-31.28379],[149.04387,-31.28401],[149.04372,-31.28455],[149.04425,-31.2845],[149.04449,-31.28373],[149.04417,-31.28346],[149.04414,-31.28225],[149.04319,-31.28199],[149.04299,-31.28245],[149.04295,-31.28285]],[[149.04517,-31.28367],[149.04472,-31.28458],[149.0454,-31.28444],[149.04619,-31.28663],[149.04687,-31.28671],[149.04676,-31.28631],[149.04733,-31.28612],[149.04748,-31.28566],[149.04694,-31.28518],[149.04693,-31.28473],[149.04651,-31.28473],[149.04622,-31.28347],[149.04568,-31.28294],[149.04506,-31.28318],[149.04517,-31.28367]],[[149.04331,-31.28492],[149.0433,-31.28425],[149.04277,-31.28443],[149.04258,-31.28502],[149.04215,-31.2849],[149.04243,-31.2853],[149.04331,-31.28492]]]}},{"type":"Feature","properties":{"OBJECTID":12122227,"PCTID":393,"PCTName":"White Box shrubby woodland of the western Liverpool Range, Warrumbungle Range and south-west Pilliga forests, Brigalow Belt South Bioregion","vegClass":"North-west Slopes Dry Sclerophyll Woodlands","vegForm":"Dry Sclerophyll Forests (Shrub/grass sub-formation)"},"geometry":{"type":"MultiPolygon","coordinates":[[[[149.06767,-31.26606],[149.06756,-31.26561],[149.06689,-31.26611],[149.06647,-31.26612],[149.0663,-31.26576],[149.06631,-31.26608],[149.06589,-31.26618],[149.0655,-31.2651],[149.0647,-31.2648],[149.0644,-31.26512],[149.06478,-31.26579],[149.06432,-31.26629],[149.06285,-31.26641],[149.06218,-31.26687],[149.0621,-31.26556],[149.06267,-31.26524],[149.06119,-31.26517],[149.06108,-31.26486],[149.06144,-31.26467],[149.06122,-31.26427],[149.06028,-31.26438],[149.05991,-31.26416],[149.06,-31.2637],[149.0598,-31.26407],[149.05969,-31.26375],[149.05844,-31.26405],[149.05839,-31.26445],[149.05892,-31.26449],[149.05925,-31.26516],[149.05862,-31.26526],[149.05848,-31.26581],[149.05784,-31.26568],[149.05759,-31.26614],[149.05681,-31.26642],[149.0574,-31.267],[149.05736,-31.26736],[149.0582,-31.26761],[149.05816,-31.26798],[149.05705,-31.26786],[149.05675,-31.26836],[149.05534,-31.26879],[149.0553,-31.26951],[149.05447,-31.26962],[149.05489,-31.26988],[149.0549,-31.27042],[149.05533,-31.2706],[149.05501,-31.2706],[149.05502,-31.27087],[149.05652,-31.27211],[149.05665,-31.27319],[149.05707,-31.27336],[149.05796,-31.27308],[149.05828,-31.27339],[149.05741,-31.27435],[149.05743,-31.27507],[149.05828,-31.27555],[149.05772,-31.27638],[149.05764,-31.27764],[149.05843,-31.27736],[149.0585,-31.27812],[149.05944,-31.27784],[149.05965,-31.27819],[149.06029,-31.27832],[149.06128,-31.27817],[149.06166,-31.2787],[149.06119,-31.27889],[149.06251,-31.27896],[149.06276,-31.27864],[149.06248,-31.27778],[149.06179,-31.27762],[149.06152,-31.27712],[149.06356,-31.27686],[149.06387,-31.2765],[149.06345,-31.27632],[149.0645,-31.27653],[149.06452,-31.27513],[149.06578,-31.27525],[149.06397,-31.27419],[149.06507,-31.27391],[149.06587,-31.27421],[149.06556,-31.27475],[149.06663,-31.27532],[149.06637,-31.2756],[149.06674,-31.27582],[149.06607,-31.27628],[149.0663,-31.27691],[149.06605,-31.27745],[149.06677,-31.27694],[149.06676,-31.27663],[149.06719,-31.27694],[149.06663,-31.27767],[149.066,-31.27782],[149.06664,-31.27808],[149.06669,-31.27785],[149.06774,-31.27797],[149.06827,-31.27836],[149.06792,-31.27891],[149.0684,-31.27944],[149.06818,-31.28116],[149.06723,-31.28109],[149.06677,-31.28146],[149.06728,-31.28334],[149.06679,-31.28475],[149.06575,-31.28517],[149.06496,-31.28505],[149.06474,-31.28483],[149.06526,-31.28455],[149.06436,-31.28411],[149.06425,-31.28376],[149.06214,-31.28361],[149.06134,-31.28281],[149.06043,-31.28247],[149.06007,-31.28252],[149.05998,-31.28306],[149.05955,-31.28271],[149.05797,-31.28269],[149.0572,-31.28342],[149.05726,-31.28378],[149.05678,-31.28366],[149.05664,-31.2842],[149.05743,-31.28432],[149.05742,-31.28392],[149.05784,-31.28373],[149.05896,-31.28475],[149.05851,-31.28539],[149.05777,-31.28558],[149.05742,-31.28608],[149.05694,-31.28605],[149.05628,-31.28696],[149.05791,-31.28707],[149.05864,-31.28647],[149.05917,-31.28696],[149.05953,-31.28672],[149.05991,-31.28703],[149.05908,-31.28741],[149.05792,-31.28725],[149.05729,-31.28757],[149.05577,-31.28737],[149.05451,-31.28758],[149.05426,-31.28803],[149.05551,-31.28774],[149.05867,-31.28787],[149.05888,-31.28809],[149.05868,-31.28827],[149.05899,-31.2884],[149.05873,-31.28845],[149.0588,-31.28913],[149.05526,-31.29041],[149.05407,-31.29128],[149.05038,-31.29062],[149.04828,-31.29097],[149.04547,-31.28971],[149.04309,-31.28917],[149.04298,-31.2889],[149.04041,-31.2889],[149.04008,-31.28831],[149.03957,-31.28918],[149.03835,-31.28857],[149.03641,-31.28865],[149.03749,-31.28791],[149.03789,-31.28704],[149.03847,-31.28694],[149.03916,-31.2872],[149.03917,-31.28756],[149.04086,-31.28808],[149.04068,-31.28691],[149.0414,-31.28631],[149.04308,-31.28623],[149.04335,-31.2865],[149.04402,-31.28622],[149.0444,-31.28648],[149.04543,-31.2857],[149.04592,-31.28646],[149.04405,-31.28721],[149.04465,-31.28842],[149.0458,-31.2879],[149.04635,-31.28708],[149.04679,-31.28757],[149.0471,-31.28743],[149.04806,-31.28814],[149.04859,-31.28817],[149.04923,-31.28861],[149.04913,-31.28897],[149.04951,-31.28942],[149.05019,-31.28959],[149.05002,-31.28896],[149.04954,-31.28865],[149.04948,-31.28825],[149.0499,-31.28801],[149.04942,-31.28784],[149.04947,-31.28757],[149.05136,-31.28754],[149.05231,-31.28797],[149.05394,-31.28777],[149.05434,-31.28722],[149.05366,-31.28714],[149.05402,-31.28673],[149.05354,-31.28637],[149.05112,-31.2865],[149.051,-31.28592],[149.05086,-31.28655],[149.05049,-31.28647],[149.05004,-31.2872],[149.05012,-31.28643],[149.04965,-31.28648],[149.049,-31.28559],[149.04837,-31.28551],[149.04792,-31.28439],[149.04918,-31.28442],[149.04899,-31.28523],[149.04931,-31.28536],[149.05009,-31.28508],[149.05028,-31.28395],[149.05132,-31.28361],[149.05206,-31.28378],[149.05199,-31.28329],[149.05094,-31.28317],[149.05183,-31.28284],[149.05191,-31.28202],[149.05285,-31.28174],[149.0536,-31.28231],[149.05335,-31.28286],[149.05488,-31.28288],[149.05488,-31.2831],[149.05363,-31.28339],[149.05396,-31.28438],[149.05297,-31.28476],[149.05294,-31.28539],[149.05452,-31.28568],[149.05463,-31.28599],[149.05684,-31.28596],[149.05731,-31.28577],[149.05699,-31.28564],[149.05708,-31.28523],[149.05619,-31.28525],[149.05628,-31.28479],[149.05543,-31.28427],[149.05531,-31.28359],[149.05786,-31.28265],[149.05827,-31.28196],[149.0581,-31.28138],[149.05762,-31.28125],[149.05766,-31.2808],[149.05813,-31.28057],[149.0576,-31.28017],[149.05708,-31.2804],[149.05618,-31.28015],[149.0554,-31.28057],[149.05544,-31.28007],[149.05611,-31.27929],[149.05574,-31.27952],[149.05511,-31.27935],[149.05502,-31.2799],[149.05453,-31.27932],[149.05406,-31.27924],[149.05409,-31.27833],[149.05371,-31.27771],[149.05329,-31.2779],[149.05336,-31.27848],[149.05295,-31.27898],[149.05353,-31.27938],[149.0534,-31.2806],[149.05193,-31.28044],[149.05118,-31.27996],[149.05035,-31.28034],[149.05031,-31.28097],[149.05079,-31.28114],[149.0508,-31.28146],[149.05001,-31.28152],[149.04882,-31.28018],[149.04924,-31.2799],[149.04982,-31.28003],[149.05065,-31.27943],[149.05063,-31.27866],[149.0501,-31.27849],[149.04964,-31.2789],[149.04853,-31.27861],[149.04785,-31.27893],[149.04747,-31.27853],[149.04756,-31.27795],[149.04709,-31.27804],[149.04704,-31.27782],[149.04782,-31.27763],[149.04786,-31.27717],[149.0456,-31.27712],[149.04664,-31.27652],[149.04732,-31.27651],[149.04646,-31.27539],[149.04609,-31.27553],[149.04593,-31.27518],[149.0455,-31.27514],[149.04674,-31.27408],[149.04637,-31.27395],[149.0446,-31.27452],[149.04443,-31.2743],[149.04542,-31.27374],[149.04595,-31.27391],[149.04673,-31.27363],[149.04801,-31.27212],[149.0469,-31.27191],[149.04694,-31.27137],[149.04544,-31.27248],[149.04507,-31.27239],[149.04495,-31.27167],[149.04285,-31.27175],[149.04368,-31.27129],[149.0451,-31.27131],[149.04542,-31.27162],[149.04594,-31.27107],[149.04709,-31.27092],[149.04717,-31.26983],[149.04769,-31.26973],[149.0482,-31.26905],[149.04714,-31.26857],[149.04729,-31.26807],[149.0476,-31.26806],[149.04764,-31.26743],[149.04879,-31.26701],[149.04911,-31.26745],[149.04966,-31.26636],[149.04918,-31.26569],[149.04767,-31.26662],[149.04251,-31.2658],[149.0415,-31.26537],[149.04206,-31.26446],[149.0412,-31.26375],[149.04087,-31.26303],[149.04148,-31.26239],[149.04206,-31.26238],[149.04211,-31.26207],[149.04322,-31.26241],[149.04316,-31.262],[149.04384,-31.2619],[149.04419,-31.26144],[149.04488,-31.26143],[149.0439,-31.26222],[149.0438,-31.26262],[149.04429,-31.26316],[149.04399,-31.26397],[149.04581,-31.26322],[149.04606,-31.26286],[149.04638,-31.26299],[149.04741,-31.26193],[149.04692,-31.2614],[149.05753,-31.26122],[149.05686,-31.26173],[149.05687,-31.2624],[149.05651,-31.26236],[149.05625,-31.26282],[149.05972,-31.2629],[149.06169,-31.26395],[149.06199,-31.26335],[149.06501,-31.26213],[149.06516,-31.26168],[149.06441,-31.2611],[149.0684,-31.26103],[149.0684,-31.26624],[149.06767,-31.26606]],[[149.04187,-31.26329],[149.04193,-31.26356],[149.04225,-31.26355],[149.04187,-31.26329]],[[149.04623,-31.26529],[149.04686,-31.26532],[149.04732,-31.26496],[149.0478,-31.26535],[149.04811,-31.26494],[149.04764,-31.26495],[149.04742,-31.2645],[149.04663,-31.2647],[149.04594,-31.26444],[149.04584,-31.26466],[149.04623,-31.26529]],[[149.04364,-31.26497],[149.04345,-31.2657],[149.04402,-31.26542],[149.04364,-31.26497]],[[149.06102,-31.28038],[149.0618,-31.28028],[149.06174,-31.27996],[149.06006,-31.2799],[149.06102,-31.28038]],[[149.05941,-31.28145],[149.05994,-31.28153],[149.06043,-31.28206],[149.06089,-31.28183],[149.06117,-31.28241],[149.06211,-31.28226],[149.06189,-31.28163],[149.05998,-31.28112],[149.05941,-31.28145]],[[149.05186,-31.28428],[149.05044,-31.28426],[149.05031,-31.28557],[149.05053,-31.2857],[149.05186,-31.28428]]],[[[149.06774,-31.27345],[149.06739,-31.27441],[149.06491,-31.27382],[149.06447,-31.2731],[149.06505,-31.273],[149.06525,-31.2725],[149.06425,-31.27252],[149.06408,-31.27212],[149.06372,-31.27212],[149.06466,-31.27188],[149.06385,-31.27108],[149.06376,-31.26946],[149.06443,-31.26891],[149.06511,-31.2689],[149.06421,-31.26833],[149.06531,-31.26831],[149.06584,-31.26861],[149.06662,-31.26833],[149.0669,-31.26878],[149.06742,-31.26877],[149.0684,-31.26827],[149.0684,-31.27353],[149.06774,-31.27345]]]]}},{"type":"Feature","properties":{"OBJECTID":12122228,"PCTID":0,"PCTName":"Not classified","vegClass":"Not classified","vegForm":"Not classified"},"geometry":{"type":"MultiPolygon","coordinates":[[[[149.03995,-31.28945],[149.03967,-31.29103],[149.03994,-31.28917],[149.04043,-31.28905],[149.03995,-31.28945]]],[[[149.04125,-31.28884],[149.0452,-31.28963],[149.04828,-31.29097],[149.05038,-31.29062],[149.05407,-31.29128],[149.05526,-31.29041],[149.05683,-31.29006],[149.05531,-31.29049],[149.05407,-31.29137],[149.05048,-31.29071],[149.04828,-31.29106],[149.04457,-31.28955],[149.04074,-31.28897],[149.04125,-31.28884]]]]}},{"type":"Feature","properties":{"OBJECTID":12122229,"PCTID":393,"PCTName":"White Box shrubby woodland of the western Liverpool Range, Warrumbungle Range and south-west Pilliga forests, Brigalow Belt South Bioregion","vegClass":"North-west Slopes Dry Sclerophyll Woodlands","vegForm":"Dry Sclerophyll Forests (Shrub/grass sub-formation)"},"geometry":{"type":"Polygon","coordinates":[[[149.04558,-31.28985],[149.04828,-31.29106],[149.04793,-31.29143],[149.04708,-31.29136],[149.04647,-31.29204],[149.04552,-31.29174],[149.04539,-31.2908],[149.04486,-31.29063],[149.04426,-31.28978],[149.04369,-31.28983],[149.04362,-31.28934],[149.04558,-31.28985]]]}},{"type":"Feature","properties":{"OBJECTID":12122230,"PCTID":420,"PCTName":"Red Stringybark - Rough-barked Apple +/- Nortons Box open forest on hillslopes in the Warrumbungle NP - Coolah regions","vegClass":"Western Slopes Dry Sclerophyll Forests","vegForm":"Dry Sclerophyll Forests (Shrubby sub-formation)"},"geometry":{"type":"Polygon","coordinates":[[[149.0418,-31.29009],[149.04189,-31.28941],[149.04248,-31.28976],[149.04341,-31.2893],[149.04369,-31.28983],[149.04426,-31.28978],[149.04486,-31.29063],[149.04539,-31.2908],[149.04546,-31.2917],[149.04636,-31.29204],[149.04724,-31.29131],[149.04793,-31.29143],[149.04823,-31.29107],[149.04959,-31.29077],[149.05038,-31.29089],[149.04912,-31.29105],[149.05004,-31.2918],[149.04952,-31.29226],[149.04925,-31.29195],[149.04902,-31.29326],[149.04817,-31.29314],[149.04806,-31.29287],[149.04754,-31.29306],[149.04771,-31.29369],[149.04644,-31.29331],[149.04672,-31.29393],[149.0451,-31.2941],[149.04393,-31.29353],[149.04342,-31.29412],[149.04346,-31.29367],[149.04314,-31.29345],[149.04355,-31.29326],[149.04343,-31.29259],[149.04264,-31.2926],[149.04243,-31.29225],[149.04279,-31.29201],[149.04226,-31.29207],[149.04177,-31.29095],[149.04119,-31.29096],[149.0399,-31.28976],[149.0401,-31.28913],[149.04051,-31.28898],[149.0418,-31.29009]]]}},{"type":"Feature","properties":{"OBJECTID":12122231,"PCTID":379,"PCTName":"Inland Scribbly Gum - White Bloodwood - Red Stringybark - Black Cypress Pine shrubby sandstone woodland mainly of the Warrumbungle NP - Pilliga region in the Brigalow Belt South Bioregion","vegClass":"Western Slopes Dry Sclerophyll Forests","vegForm":"Dry Sclerophyll Forests (Shrubby sub-formation)"},"geometry":{"type":"Polygon","coordinates":[[[149.01837,-31.28782],[149.01884,-31.28768],[149.01979,-31.28802],[149.01964,-31.28848],[149.02016,-31.28824],[149.02049,-31.28887],[149.02122,-31.28836],[149.02238,-31.28861],[149.02347,-31.28801],[149.02447,-31.2883],[149.02525,-31.28766],[149.02693,-31.28786],[149.02901,-31.28922],[149.03118,-31.28973],[149.0317,-31.2894],[149.03269,-31.28939],[149.03397,-31.29009],[149.03398,-31.29054],[149.03608,-31.29041],[149.03678,-31.29103],[149.03812,-31.29015],[149.03954,-31.29008],[149.03947,-31.28918],[149.03983,-31.28904],[149.03966,-31.28864],[149.04008,-31.28831],[149.04041,-31.2889],[149.03994,-31.28917],[149.03961,-31.29098],[149.0399,-31.28976],[149.04119,-31.29096],[149.04177,-31.29095],[149.04226,-31.29207],[149.04279,-31.29201],[149.04243,-31.29225],[149.04254,-31.29251],[149.04343,-31.29259],[149.04355,-31.29326],[149.04314,-31.29345],[149.04346,-31.29367],[149.04342,-31.29412],[149.04424,-31.29352],[149.0451,-31.2941],[149.04641,-31.29403],[149.04719,-31.29365],[149.04746,-31.2941],[149.04705,-31.29456],[149.04589,-31.2944],[149.04532,-31.29468],[149.04517,-31.29495],[149.04559,-31.29508],[149.04549,-31.29535],[149.04497,-31.29545],[149.04441,-31.29614],[149.04397,-31.2956],[149.04284,-31.29653],[149.04246,-31.29622],[149.04021,-31.2963],[149.04009,-31.2958],[149.03962,-31.2959],[149.03956,-31.29563],[149.04034,-31.29539],[149.04083,-31.29579],[149.04145,-31.29547],[149.04018,-31.29499],[149.04088,-31.29367],[149.0407,-31.29246],[149.0392,-31.29379],[149.03901,-31.29429],[149.03943,-31.29451],[149.03891,-31.29488],[149.03913,-31.29537],[149.03726,-31.29603],[149.03781,-31.29738],[149.03734,-31.29738],[149.03769,-31.29869],[149.0376,-31.29959],[149.03714,-31.30005],[149.03655,-31.29947],[149.03701,-31.29888],[149.03652,-31.29844],[149.03507,-31.29896],[149.03497,-31.29941],[149.03383,-31.30006],[149.03319,-31.2998],[149.03323,-31.29894],[149.03309,-31.29976],[149.03272,-31.29976],[149.03188,-31.29964],[149.03181,-31.29892],[149.03128,-31.2987],[149.03061,-31.29935],[149.02946,-31.29964],[149.02943,-31.30054],[149.02991,-31.30085],[149.02982,-31.30153],[149.03024,-31.30188],[149.02894,-31.30226],[149.02867,-31.30177],[149.02766,-31.30143],[149.02872,-31.29956],[149.0294,-31.29937],[149.02939,-31.29887],[149.02791,-31.2984],[149.0279,-31.29799],[149.02962,-31.29751],[149.03106,-31.29618],[149.03179,-31.29603],[149.03233,-31.29652],[149.03279,-31.29575],[149.03399,-31.29541],[149.0346,-31.29468],[149.03387,-31.29474],[149.03377,-31.29519],[149.03292,-31.29484],[149.03288,-31.29511],[149.0322,-31.29531],[149.0316,-31.2945],[149.03124,-31.29464],[149.03107,-31.29438],[149.03082,-31.29483],[149.03016,-31.29362],[149.02926,-31.29314],[149.0295,-31.29436],[149.02976,-31.29444],[149.02956,-31.29472],[149.03014,-31.29507],[149.03032,-31.29588],[149.02964,-31.29602],[149.02975,-31.29625],[149.02913,-31.29685],[149.02855,-31.29667],[149.0283,-31.29713],[149.02757,-31.29737],[149.02656,-31.2968],[149.02642,-31.29766],[149.02701,-31.29819],[149.02691,-31.29846],[149.02606,-31.29802],[149.02486,-31.29624],[149.02444,-31.29638],[149.02375,-31.29594],[149.02313,-31.29618],[149.0232,-31.29694],[149.02201,-31.29791],[149.02197,-31.29868],[149.02166,-31.29882],[149.02118,-31.29824],[149.02142,-31.29761],[149.02069,-31.29748],[149.02146,-31.2967],[149.02103,-31.29644],[149.02056,-31.2964],[149.01989,-31.29691],[149.01925,-31.29683],[149.01927,-31.2976],[149.0176,-31.29807],[149.01749,-31.29781],[149.01821,-31.29712],[149.01879,-31.29724],[149.01904,-31.29661],[149.01903,-31.29629],[149.0184,-31.29608],[149.01812,-31.29554],[149.01975,-31.29542],[149.01952,-31.29488],[149.01815,-31.2945],[149.01882,-31.29395],[149.02003,-31.29388],[149.02035,-31.29419],[149.0216,-31.29377],[149.02422,-31.29354],[149.02394,-31.29278],[149.02283,-31.29244],[149.02276,-31.29176],[149.02239,-31.29145],[149.02071,-31.29162],[149.0197,-31.29087],[149.01865,-31.29102],[149.01847,-31.29012],[149.01901,-31.29061],[149.01975,-31.29068],[149.02021,-31.29036],[149.01963,-31.29028],[149.01899,-31.28966],[149.01897,-31.2888],[149.01928,-31.28853],[149.01811,-31.28787],[149.0182,-31.28755],[149.01837,-31.28782]],[[149.0263,-31.28999],[149.02688,-31.2902],[149.02695,-31.28871],[149.02653,-31.28845],[149.02648,-31.28886],[149.02553,-31.28878],[149.0263,-31.28999]],[[149.03962,-31.29112],[149.03967,-31.29112],[149.03962,-31.29107],[149.03962,-31.29112]],[[149.04176,-31.2928],[149.04145,-31.29298],[149.04166,-31.29307],[149.04164,-31.29456],[149.04253,-31.29455],[149.04273,-31.29418],[149.04235,-31.29369],[149.04266,-31.2931],[149.04202,-31.29297],[149.04201,-31.29225],[149.04147,-31.29181],[149.04105,-31.292],[149.04176,-31.2928]]]}},{"type":"Feature","properties":{"OBJECTID":12122232,"PCTID":393,"PCTName":"White Box shrubby woodland of the western Liverpool Range, Warrumbungle Range and south-west Pilliga forests, Brigalow Belt South Bioregion","vegClass":"North-west Slopes Dry Sclerophyll Woodlands","vegForm":"Dry Sclerophyll Forests (Shrub/grass sub-formation)"},"geometry":{"type":"Polygon","coordinates":[[[149.05866,-31.29003],[149.0583,-31.29004],[149.05795,-31.29081],[149.05834,-31.29198],[149.05777,-31.29221],[149.05682,-31.29205],[149.05641,-31.29242],[149.05723,-31.29398],[149.05634,-31.29391],[149.05605,-31.29301],[149.05516,-31.2932],[149.055,-31.29294],[149.05558,-31.29279],[149.05535,-31.29221],[149.05341,-31.29238],[149.05417,-31.29322],[149.05459,-31.29326],[149.05404,-31.29449],[149.05551,-31.29473],[149.05563,-31.29523],[149.05452,-31.29507],[149.054,-31.29534],[149.05347,-31.29508],[149.05347,-31.29477],[149.05273,-31.29455],[149.05276,-31.29397],[149.05234,-31.29388],[149.05198,-31.2943],[149.05156,-31.29412],[149.05144,-31.29345],[149.05201,-31.2933],[149.05297,-31.29378],[149.0533,-31.29459],[149.05377,-31.2944],[149.0537,-31.29368],[149.05226,-31.29253],[149.05131,-31.2925],[149.05101,-31.29291],[149.05027,-31.29306],[149.05035,-31.29387],[149.04973,-31.29438],[149.04996,-31.29528],[149.0489,-31.29516],[149.0491,-31.29462],[149.04863,-31.29485],[149.04737,-31.29473],[149.04754,-31.29518],[149.04703,-31.29578],[149.04725,-31.29632],[149.04699,-31.29664],[149.04753,-31.29735],[149.04713,-31.29785],[149.04766,-31.29829],[149.04661,-31.2984],[149.04768,-31.29911],[149.04743,-31.29961],[149.04769,-31.29974],[149.0467,-31.30007],[149.0475,-31.30051],[149.04844,-31.30036],[149.04862,-31.30094],[149.04919,-31.30093],[149.04939,-31.30057],[149.04988,-31.3011],[149.04995,-31.302],[149.04971,-31.30273],[149.04898,-31.30333],[149.04815,-31.30343],[149.04759,-31.30421],[149.04655,-31.30468],[149.04599,-31.30559],[149.046,-31.30626],[149.04541,-31.30578],[149.04468,-31.30602],[149.04331,-31.30563],[149.04269,-31.30596],[149.04079,-31.30581],[149.04054,-31.30649],[149.03982,-31.30686],[149.03944,-31.30628],[149.0401,-31.30546],[149.03972,-31.30493],[149.03851,-31.30481],[149.03792,-31.30428],[149.03807,-31.30383],[149.03733,-31.30393],[149.0369,-31.30357],[149.03614,-31.30453],[149.0353,-31.30464],[149.03513,-31.30433],[149.0343,-31.30456],[149.03382,-31.30417],[149.03402,-31.3038],[149.03465,-31.30393],[149.03506,-31.30351],[149.03585,-31.3035],[149.03626,-31.30291],[149.03542,-31.30315],[149.03567,-31.30247],[149.03625,-31.3025],[149.03647,-31.30295],[149.03694,-31.30285],[149.03719,-31.30226],[149.03687,-31.3019],[149.03689,-31.30046],[149.03995,-31.30131],[149.04058,-31.30094],[149.04035,-31.30013],[149.0407,-31.29945],[149.04175,-31.2993],[149.04114,-31.298],[149.03829,-31.29741],[149.03826,-31.29629],[149.03924,-31.29546],[149.03891,-31.29488],[149.03943,-31.29437],[149.039,-31.2942],[149.0407,-31.29246],[149.04088,-31.29367],[149.04018,-31.29499],[149.04145,-31.29547],[149.04067,-31.29579],[149.04066,-31.29552],[149.04003,-31.2954],[149.03957,-31.29586],[149.04009,-31.2958],[149.04021,-31.2963],[149.04384,-31.29642],[149.04398,-31.29601],[149.04441,-31.29614],[149.04497,-31.29545],[149.04549,-31.29535],[149.04559,-31.29508],[149.04517,-31.29495],[149.04532,-31.29468],[149.04589,-31.2944],[149.04731,-31.29442],[149.04724,-31.2937],[149.0465,-31.29358],[149.04644,-31.29331],[149.04771,-31.29369],[149.04759,-31.29302],[149.04822,-31.29287],[149.04817,-31.29314],[149.0487,-31.29331],[149.04917,-31.29317],[149.04925,-31.29195],[149.04952,-31.29226],[149.05004,-31.2918],[149.04912,-31.29105],[149.05048,-31.29071],[149.05407,-31.29137],[149.05531,-31.29049],[149.0575,-31.28974],[149.05783,-31.29018],[149.05808,-31.28964],[149.05866,-31.29003]]]}},{"type":"Feature","properties":{"OBJECTID":12122233,"PCTID":389,"PCTName":"Motherumbah - White Bloodwood - cypress pine very tall shrubland / woodland of the Coonabarabran region, Brigalow Belt South Bioregion","vegClass":"North-west Slopes Dry Sclerophyll Woodlands","vegForm":"Dry Sclerophyll Forests (Shrub/grass sub-formation)"},"geometry":{"type":"Polygon","coordinates":[[[149.0401,-31.30546],[149.03944,-31.30628],[149.03982,-31.30686],[149.04054,-31.30649],[149.04079,-31.30581],[149.04142,-31.3058],[149.04133,-31.30639],[149.04201,-31.30633],[149.04191,-31.3066],[149.04239,-31.30687],[149.0426,-31.30659],[149.04365,-31.30684],[149.04443,-31.30656],[149.04363,-31.30576],[149.04484,-31.30601],[149.04549,-31.30668],[149.04704,-31.30557],[149.04804,-31.30587],[149.04887,-31.30518],[149.0492,-31.30567],[149.04816,-31.30618],[149.04822,-31.30686],[149.04692,-31.30747],[149.04608,-31.3073],[149.04531,-31.30822],[149.04473,-31.30814],[149.04533,-31.30885],[149.04486,-31.30904],[149.04482,-31.30949],[149.04408,-31.30959],[149.0443,-31.30986],[149.04388,-31.31009],[149.04356,-31.30973],[149.04203,-31.30931],[149.04035,-31.30934],[149.03923,-31.30899],[149.03928,-31.30868],[149.03865,-31.30878],[149.03838,-31.3082],[149.0378,-31.30839],[149.03799,-31.30757],[149.03747,-31.30758],[149.03682,-31.30682],[149.03813,-31.30671],[149.03823,-31.30644],[149.03775,-31.306],[149.03799,-31.30513],[149.03847,-31.30544],[149.0392,-31.30539],[149.03936,-31.30516],[149.03904,-31.30498],[149.03946,-31.30484],[149.0401,-31.30546]]]}},{"type":"Feature","properties":{"OBJECTID":12122234,"PCTID":385,"PCTName":"Warrumbungle trachyte hillcrest Tumbledown Red Gum - Black Cypress Pine - White Bloodwood shrubby woodland","vegClass":"North-west Slopes Dry Sclerophyll Woodlands","vegForm":"Dry Sclerophyll Forests (Shrub/grass sub-formation)"},"geometry":{"type":"Polygon","coordinates":[[[149.04892,-31.30739],[149.0494,-31.30752],[149.04955,-31.3072],[149.04997,-31.30719],[149.05029,-31.30768],[149.05076,-31.30758],[149.05086,-31.30717],[149.05254,-31.30701],[149.0526,-31.30751],[149.05346,-31.30817],[149.05336,-31.3084],[149.05146,-31.30829],[149.05131,-31.30852],[149.052,-31.30887],[149.05247,-31.30873],[149.05333,-31.30948],[149.05245,-31.31013],[149.05072,-31.3102],[149.05029,-31.30971],[149.05101,-31.30929],[149.05121,-31.3087],[149.05094,-31.30848],[149.0513,-31.30825],[149.05009,-31.30804],[149.04995,-31.30881],[149.04953,-31.30887],[149.04905,-31.30851],[149.0491,-31.30815],[149.04884,-31.30838],[149.04773,-31.30827],[149.0486,-31.30947],[149.05008,-31.30967],[149.04908,-31.31],[149.04978,-31.3104],[149.04931,-31.31072],[149.04882,-31.31001],[149.04798,-31.30975],[149.04769,-31.30881],[149.04685,-31.30887],[149.04679,-31.30851],[149.04632,-31.30838],[149.04591,-31.30893],[149.04468,-31.30827],[149.04531,-31.30822],[149.04608,-31.3073],[149.04692,-31.30747],[149.04901,-31.30662],[149.04892,-31.30739]]]}},{"type":"Feature","properties":{"OBJECTID":12122235,"PCTID":393,"PCTName":"White Box shrubby woodland of the western Liverpool Range, Warrumbungle Range and south-west Pilliga forests, Brigalow Belt South Bioregion","vegClass":"North-west Slopes Dry Sclerophyll Woodlands","vegForm":"Dry Sclerophyll Forests (Shrub/grass sub-formation)"},"geometry":{"type":"Polygon","coordinates":[[[149.04602,-31.31145],[149.04582,-31.31182],[149.04625,-31.31235],[149.04525,-31.31228],[149.04405,-31.31297],[149.0452,-31.31472],[149.04468,-31.3149],[149.04441,-31.31482],[149.0444,-31.31423],[149.0436,-31.31393],[149.0437,-31.31352],[149.04328,-31.31335],[149.0431,-31.31272],[149.04466,-31.31184],[149.0447,-31.31125],[149.04511,-31.31106],[149.04602,-31.31145]]]}},{"type":"Feature","properties":{"OBJECTID":12122236,"PCTID":393,"PCTName":"White Box shrubby woodland of the western Liverpool Range, Warrumbungle Range and south-west Pilliga forests, Brigalow Belt South Bioregion","vegClass":"North-west Slopes Dry Sclerophyll Woodlands","vegForm":"Dry Sclerophyll Forests (Shrub/grass sub-formation)"},"geometry":{"type":"Polygon","coordinates":[[[149.04519,-31.31657],[149.04521,-31.31751],[149.04427,-31.31798],[149.0438,-31.3179],[149.0441,-31.31726],[149.04378,-31.31727],[149.04361,-31.31668],[149.04325,-31.31673],[149.04339,-31.31596],[149.0437,-31.31587],[149.04519,-31.31657]]]}},{"type":"Feature","properties":{"OBJECTID":12122237,"PCTID":382,"PCTName":"Warrumbungle mountains Nandewar Box - Yellow Box shrub grass open forest, Brigalow Belt South Bioregion","vegClass":"North-west Slopes Dry Sclerophyll Woodlands","vegForm":"Dry Sclerophyll Forests (Shrub/grass sub-formation)"},"geometry":{"type":"Polygon","coordinates":[[[149.04527,-31.31778],[149.04569,-31.31768],[149.0468,-31.31821],[149.04672,-31.31934],[149.04629,-31.31885],[149.04509,-31.31932],[149.04481,-31.31833],[149.04425,-31.3192],[149.04372,-31.31907],[149.04343,-31.31786],[149.04427,-31.31798],[149.04526,-31.31751],[149.04527,-31.31778]]]}},{"type":"Feature","properties":{"OBJECTID":12122238,"PCTID":385,"PCTName":"Warrumbungle trachyte hillcrest Tumbledown Red Gum - Black Cypress Pine - White Bloodwood shrubby woodland","vegClass":"North-west Slopes Dry Sclerophyll Woodlands","vegForm":"Dry Sclerophyll Forests (Shrub/grass sub-formation)"},"geometry":{"type":"Polygon","coordinates":[[[149.04837,-31.32021],[149.04789,-31.31968],[149.04803,-31.31922],[149.04723,-31.31874],[149.04686,-31.31825],[149.04701,-31.31798],[149.04568,-31.31737],[149.04519,-31.31657],[149.04487,-31.31653],[149.04463,-31.31522],[149.04499,-31.31485],[149.04516,-31.31526],[149.04563,-31.31525],[149.04601,-31.31565],[149.04571,-31.31642],[149.04597,-31.31651],[149.04599,-31.31705],[149.04684,-31.31748],[149.04679,-31.31776],[149.04737,-31.3177],[149.04785,-31.31805],[149.04824,-31.31895],[149.04917,-31.3183],[149.04913,-31.31875],[149.04851,-31.31935],[149.04869,-31.32025],[149.04932,-31.32029],[149.04954,-31.32064],[149.05017,-31.3205],[149.05097,-31.32121],[149.05093,-31.32137],[149.04849,-31.32137],[149.04837,-31.32021]]]}},{"type":"Feature","properties":{"OBJECTID":12122239,"PCTID":381,"PCTName":"Rough-barked Apple - Yellow Box grass/shrub footslope open forest, Brigalow Belt South Bioregion","vegClass":"North-west Slopes Dry Sclerophyll Woodlands","vegForm":"Dry Sclerophyll Forests (Shrub/grass sub-formation)"},"geometry":{"type":"Polygon","coordinates":[[[149.03803,-31.32088],[149.03842,-31.31934],[149.03809,-31.31894],[149.03878,-31.31884],[149.03892,-31.31843],[149.03924,-31.31861],[149.0392,-31.31901],[149.03977,-31.31887],[149.04068,-31.31935],[149.04093,-31.31903],[149.04051,-31.31876],[149.04128,-31.31798],[149.04074,-31.31754],[149.04121,-31.31722],[149.04113,-31.31627],[149.04064,-31.31542],[149.04033,-31.31543],[149.04026,-31.31489],[149.03957,-31.31472],[149.03983,-31.31417],[149.03918,-31.31373],[149.0396,-31.31368],[149.03938,-31.31301],[149.03965,-31.31323],[149.04027,-31.31295],[149.04048,-31.31078],[149.04079,-31.31055],[149.04143,-31.31072],[149.04244,-31.31133],[149.04235,-31.31206],[149.04335,-31.31222],[149.04174,-31.31035],[149.04235,-31.30984],[149.04151,-31.30959],[149.04203,-31.30931],[149.04409,-31.31009],[149.0443,-31.30986],[149.04408,-31.30959],[149.04482,-31.30949],[149.04486,-31.30904],[149.04533,-31.30876],[149.04606,-31.30892],[149.04647,-31.30838],[149.04685,-31.30887],[149.04769,-31.30881],[149.04798,-31.30975],[149.04882,-31.31001],[149.04936,-31.31072],[149.04978,-31.3104],[149.04908,-31.31],[149.05008,-31.30967],[149.0486,-31.30947],[149.04822,-31.30916],[149.04832,-31.30884],[149.04774,-31.30854],[149.04773,-31.30827],[149.04884,-31.30838],[149.0491,-31.30815],[149.04916,-31.30865],[149.05043,-31.30912],[149.05029,-31.3098],[149.05071,-31.31002],[149.04989,-31.31053],[149.04979,-31.31094],[149.05186,-31.31176],[149.05188,-31.31289],[149.05037,-31.31336],[149.04999,-31.31287],[149.04804,-31.31255],[149.04803,-31.31223],[149.0459,-31.31105],[149.04552,-31.31033],[149.04505,-31.31052],[149.04511,-31.31106],[149.0447,-31.31125],[149.04466,-31.31184],[149.0431,-31.31272],[149.04328,-31.31335],[149.0437,-31.31352],[149.0436,-31.31393],[149.04424,-31.3141],[149.04441,-31.31482],[149.04478,-31.3149],[149.04463,-31.31536],[149.04497,-31.31612],[149.04471,-31.31648],[149.04434,-31.31604],[149.04339,-31.31596],[149.04325,-31.31673],[149.04361,-31.31668],[149.0441,-31.31744],[149.04333,-31.318],[149.04339,-31.31849],[149.04415,-31.31924],[149.04481,-31.31833],[149.04504,-31.31927],[149.04582,-31.31899],[149.04583,-31.31935],[149.04449,-31.32064],[149.04332,-31.31989],[149.04274,-31.31995],[149.04275,-31.32022],[149.04386,-31.32051],[149.04327,-31.32137],[149.03979,-31.32137],[149.03983,-31.32126],[149.03931,-31.32137],[149.03854,-31.32137],[149.03803,-31.32088]],[[149.04777,-31.31007],[149.04725,-31.31039],[149.04729,-31.30963],[149.0465,-31.30955],[149.04614,-31.30987],[149.04711,-31.31107],[149.04775,-31.31124],[149.04776,-31.31178],[149.04982,-31.31243],[149.04969,-31.31139],[149.04853,-31.31118],[149.04852,-31.31069],[149.04777,-31.31007]]]}},{"type":"Feature","properties":{"OBJECTID":12122240,"PCTID":393,"PCTName":"White Box shrubby woodland of the western Liverpool Range, Warrumbungle Range and south-west Pilliga forests, Brigalow Belt South Bioregion","vegClass":"North-west Slopes Dry Sclerophyll Woodlands","vegForm":"Dry Sclerophyll Forests (Shrub/grass sub-formation)"},"geometry":{"type":"Polygon","coordinates":[[[149.04386,-31.32051],[149.04269,-31.31999],[149.04332,-31.31989],[149.04428,-31.32064],[149.04465,-31.32059],[149.04558,-31.31981],[149.04582,-31.3189],[149.04629,-31.31885],[149.04657,-31.31934],[149.04683,-31.31924],[149.0467,-31.3183],[149.04691,-31.31825],[149.04798,-31.31914],[149.048,-31.32004],[149.04837,-31.32021],[149.04849,-31.32137],[149.0481,-31.32137],[149.04818,-31.32107],[149.04781,-31.32094],[149.04742,-31.31987],[149.04668,-31.31992],[149.04741,-31.32137],[149.04342,-31.32137],[149.04386,-31.32051]]]}},{"type":"Feature","properties":{"OBJECTID":12122242,"PCTID":420,"PCTName":"Red Stringybark - Rough-barked Apple +/- Nortons Box open forest on hillslopes in the Warrumbungle NP - Coolah regions","vegClass":"Western Slopes Dry Sclerophyll Forests","vegForm":"Dry Sclerophyll Forests (Shrubby sub-formation)"},"geometry":{"type":"MultiPolygon","coordinates":[[[[149.05097,-31.32121],[149.05017,-31.3205],[149.04954,-31.32064],[149.04932,-31.32029],[149.04869,-31.32025],[149.04851,-31.31935],[149.04913,-31.31875],[149.04917,-31.3183],[149.04824,-31.31895],[149.04785,-31.31805],[149.04599,-31.31705],[149.04565,-31.31615],[149.04601,-31.31565],[149.04563,-31.31525],[149.04516,-31.31526],[149.04476,-31.31387],[149.04406,-31.31315],[149.04525,-31.31228],[149.04625,-31.31235],[149.04582,-31.31182],[149.04602,-31.31145],[149.04512,-31.31115],[149.04505,-31.31052],[149.04552,-31.31033],[149.0459,-31.31105],[149.04803,-31.31223],[149.04804,-31.31255],[149.04999,-31.31287],[149.05037,-31.31336],[149.05131,-31.31326],[149.05188,-31.31289],[149.05202,-31.31207],[149.0518,-31.31172],[149.05,-31.31111],[149.04989,-31.31053],[149.05061,-31.31011],[149.05292,-31.30998],[149.05333,-31.30948],[149.0529,-31.30904],[149.05415,-31.30843],[149.05367,-31.30812],[149.05371,-31.30776],[149.05466,-31.30783],[149.05438,-31.3073],[149.055,-31.30656],[149.05552,-31.3066],[149.05546,-31.30624],[149.05651,-31.30627],[149.0564,-31.30573],[149.05539,-31.30552],[149.05404,-31.30613],[149.05235,-31.30571],[149.05218,-31.30535],[149.05056,-31.30556],[149.05029,-31.30515],[149.0493,-31.30553],[149.04882,-31.30518],[149.04804,-31.30587],[149.04704,-31.30557],[149.04549,-31.30668],[149.04484,-31.30606],[149.04541,-31.30578],[149.046,-31.30626],[149.04599,-31.30559],[149.04655,-31.30468],[149.04759,-31.30421],[149.04815,-31.30343],[149.04898,-31.30333],[149.04971,-31.30273],[149.04995,-31.302],[149.04977,-31.30097],[149.05099,-31.30122],[149.05045,-31.30064],[149.05075,-31.30023],[149.05069,-31.29955],[149.05106,-31.29986],[149.05148,-31.29976],[149.05165,-31.30021],[149.05233,-31.30038],[149.05234,-31.3007],[149.05298,-31.30105],[149.05284,-31.30191],[149.05343,-31.30248],[149.05438,-31.3026],[149.05453,-31.30219],[149.0549,-31.30223],[149.05431,-31.30161],[149.05465,-31.30079],[149.05406,-31.30022],[149.05411,-31.29986],[149.05347,-31.29955],[149.05329,-31.29865],[149.05244,-31.29803],[149.05237,-31.29758],[149.05152,-31.2971],[149.0511,-31.2972],[149.05083,-31.29666],[149.05037,-31.29708],[149.05036,-31.29676],[149.04978,-31.29672],[149.04971,-31.296],[149.04908,-31.29592],[149.04918,-31.29561],[149.04855,-31.29566],[149.04859,-31.29512],[149.04996,-31.29528],[149.04973,-31.29438],[149.05035,-31.29387],[149.05027,-31.29306],[149.05152,-31.2925],[149.05284,-31.29288],[149.05291,-31.29324],[149.0537,-31.29368],[149.05377,-31.2944],[149.0533,-31.29459],[149.05297,-31.29378],[149.05201,-31.2933],[149.05144,-31.29345],[149.05145,-31.29403],[149.05198,-31.2943],[149.05234,-31.29388],[149.05276,-31.29397],[149.05273,-31.29455],[149.05506,-31.29564],[149.05545,-31.29636],[149.0553,-31.29695],[149.05483,-31.29714],[149.05543,-31.29789],[149.05528,-31.29835],[149.05655,-31.29882],[149.0563,-31.29941],[149.05673,-31.29945],[149.05722,-31.30048],[149.05676,-31.30076],[149.05697,-31.30107],[149.05645,-31.30126],[149.05651,-31.30148],[149.05572,-31.30136],[149.05609,-31.30163],[149.05605,-31.30217],[149.05653,-31.30225],[149.05652,-31.30171],[149.05689,-31.30193],[149.05719,-31.30138],[149.0585,-31.30118],[149.05825,-31.30164],[149.05852,-31.30199],[149.05784,-31.30205],[149.05821,-31.30213],[149.05806,-31.30272],[149.0576,-31.30314],[149.05697,-31.30306],[149.05687,-31.30337],[149.05873,-31.30415],[149.0589,-31.30483],[149.05811,-31.30471],[149.05855,-31.30551],[149.05845,-31.30592],[149.05977,-31.30599],[149.05994,-31.30648],[149.06062,-31.30669],[149.06042,-31.30697],[149.06064,-31.30728],[149.06164,-31.30749],[149.06139,-31.30817],[149.06215,-31.30888],[149.06195,-31.3096],[149.06255,-31.31059],[149.06193,-31.31087],[149.06171,-31.3106],[149.06105,-31.31151],[149.05947,-31.31136],[149.05874,-31.31173],[149.05836,-31.3112],[149.05861,-31.3107],[149.05839,-31.31034],[149.05887,-31.31047],[149.05907,-31.30979],[149.0597,-31.30987],[149.05992,-31.31032],[149.06044,-31.31022],[149.0607,-31.30994],[149.06058,-31.3094],[149.05979,-31.30923],[149.05999,-31.30864],[149.05936,-31.30875],[149.05926,-31.3092],[149.05836,-31.30894],[149.05881,-31.30776],[149.05734,-31.30774],[149.05693,-31.30834],[149.05731,-31.30896],[149.0566,-31.30988],[149.05687,-31.31037],[149.05761,-31.31054],[149.05726,-31.31113],[149.05646,-31.3106],[149.05527,-31.31139],[149.05528,-31.31197],[149.05476,-31.3123],[149.05483,-31.31293],[149.05399,-31.31312],[149.05403,-31.31272],[149.05335,-31.3125],[149.05303,-31.3126],[149.05299,-31.31309],[149.05225,-31.31279],[149.05117,-31.31371],[149.05113,-31.3143],[149.05053,-31.31354],[149.05017,-31.31359],[149.05065,-31.31413],[149.04988,-31.31486],[149.04973,-31.31541],[149.05006,-31.31585],[149.04943,-31.31577],[149.04907,-31.31623],[149.0496,-31.31663],[149.04925,-31.31731],[149.04967,-31.3173],[149.05007,-31.31653],[149.05071,-31.31665],[149.05087,-31.31688],[149.05046,-31.3172],[149.05073,-31.31737],[149.05025,-31.31747],[149.05084,-31.31787],[149.05074,-31.31823],[149.05038,-31.31828],[149.05071,-31.31886],[149.05155,-31.3188],[149.05151,-31.31935],[149.05203,-31.31943],[149.0522,-31.31997],[149.053,-31.32018],[149.05336,-31.31981],[149.05368,-31.32003],[149.05326,-31.32026],[149.05348,-31.32076],[149.05308,-31.32137],[149.05093,-31.32137],[149.05097,-31.32121]]],[[[149.0578,-31.32123],[149.05863,-31.32063],[149.05874,-31.32137],[149.05778,-31.32137],[149.0578,-31.32123]]],[[[149.05465,-31.3211],[149.05479,-31.32037],[149.05605,-31.32022],[149.05682,-31.31957],[149.0565,-31.31917],[149.05733,-31.31884],[149.05711,-31.31853],[149.05737,-31.31835],[149.05769,-31.31852],[149.05754,-31.31902],[149.05782,-31.31951],[149.05741,-31.31992],[149.05703,-31.31975],[149.05664,-31.3207],[149.05513,-31.32132],[149.05512,-31.32137],[149.05438,-31.32137],[149.05465,-31.3211]]]]}},{"type":"Feature","properties":{"OBJECTID":12122247,"PCTID":393,"PCTName":"White Box shrubby woodland of the western Liverpool Range, Warrumbungle Range and south-west Pilliga forests, Brigalow Belt South Bioregion","vegClass":"North-west Slopes Dry Sclerophyll Woodlands","vegForm":"Dry Sclerophyll Forests (Shrub/grass sub-formation)"},"geometry":{"type":"MultiPolygon","coordinates":[[[[149.0311,-31.32095],[149.02941,-31.32066],[149.02934,-31.31994],[149.02855,-31.31987],[149.02885,-31.31937],[149.02853,-31.31915],[149.02863,-31.31874],[149.02757,-31.31848],[149.02872,-31.3181],[149.02845,-31.31788],[149.02859,-31.31693],[149.02807,-31.31717],[149.02827,-31.31685],[149.02959,-31.3171],[149.02958,-31.31674],[149.02921,-31.31643],[149.02863,-31.31657],[149.02863,-31.3163],[149.02978,-31.31637],[149.02977,-31.31574],[149.03135,-31.31576],[149.03146,-31.31621],[149.03188,-31.3162],[149.03269,-31.317],[149.03273,-31.31646],[149.0323,-31.31606],[149.03271,-31.31583],[149.0326,-31.31538],[149.03129,-31.31544],[149.03149,-31.3149],[149.03201,-31.31471],[149.03204,-31.3139],[149.0323,-31.31385],[149.03262,-31.31402],[149.03253,-31.31457],[149.03322,-31.31496],[149.03348,-31.31478],[149.03354,-31.31523],[149.03434,-31.31557],[149.03523,-31.31533],[149.03576,-31.31555],[149.03599,-31.31636],[149.03812,-31.31781],[149.03781,-31.31786],[149.03798,-31.31854],[149.03887,-31.31843],[149.03878,-31.31884],[149.03804,-31.31903],[149.03841,-31.31907],[149.03842,-31.31934],[149.03803,-31.32088],[149.03854,-31.32137],[149.03482,-31.32137],[149.03484,-31.32134],[149.03466,-31.32137],[149.03418,-31.32137],[149.03404,-31.32099],[149.03493,-31.32066],[149.03454,-31.31972],[149.03264,-31.31935],[149.03333,-31.32137],[149.03123,-31.32137],[149.0311,-31.32095]]],[[[149.03983,-31.32126],[149.03979,-31.32137],[149.03931,-31.32137],[149.03983,-31.32126]]]]}},{"type":"Feature","properties":{"OBJECTID":12122358,"PCTID":84,"PCTName":"River Oak - Rough-barked Apple - red gum - box riparian tall woodland (wetland) of the Brigalow Belt South Bioregion and Nandewar Bioregion","vegClass":"Eastern Riverine Forests","vegForm":"Forested Wetlands"},"geometry":{"type":"Polygon","coordinates":[[[149.04399,-31.2411],[149.04283,-31.24089],[149.04297,-31.24008],[149.04333,-31.2398],[149.04386,-31.24006],[149.04621,-31.23948],[149.04601,-31.2398],[149.04399,-31.2411]]]}},{"type":"Feature","properties":{"OBJECTID":12122359,"PCTID":381,"PCTName":"Rough-barked Apple - Yellow Box grass/shrub footslope open forest, Brigalow Belt South Bioregion","vegClass":"North-west Slopes Dry Sclerophyll Woodlands","vegForm":"Dry Sclerophyll Forests (Shrub/grass sub-formation)"},"geometry":{"type":"Polygon","coordinates":[[[149.04905,-31.2393],[149.04773,-31.23937],[149.04827,-31.2399],[149.04696,-31.2401],[149.0468,-31.23974],[149.04643,-31.23984],[149.04639,-31.24034],[149.04588,-31.2408],[149.04499,-31.2409],[149.04517,-31.24185],[149.04491,-31.24217],[149.04344,-31.24228],[149.04327,-31.24174],[149.04286,-31.24188],[149.04292,-31.24224],[149.04261,-31.24243],[149.04144,-31.24186],[149.04115,-31.24286],[149.04051,-31.24269],[149.04,-31.2432],[149.03867,-31.24245],[149.03882,-31.24218],[149.03914,-31.2424],[149.03955,-31.24217],[149.03958,-31.24086],[149.03995,-31.24099],[149.04017,-31.24166],[149.04084,-31.24115],[149.04078,-31.24084],[149.03999,-31.24044],[149.03998,-31.24008],[149.04297,-31.23994],[149.04243,-31.23932],[149.04091,-31.23935],[149.04053,-31.23899],[149.04063,-31.23872],[149.0428,-31.23922],[149.04395,-31.23907],[149.04404,-31.23866],[149.04401,-31.23863],[149.04655,-31.23863],[149.04611,-31.2393],[149.04642,-31.23943],[149.04662,-31.23898],[149.04726,-31.23928],[149.04851,-31.23881],[149.04858,-31.23863],[149.0494,-31.23863],[149.04905,-31.2393]],[[149.04386,-31.24006],[149.04333,-31.2398],[149.04297,-31.24008],[149.04283,-31.24089],[149.04399,-31.2411],[149.04621,-31.23948],[149.04574,-31.23958],[149.04386,-31.24006]]]}},{"type":"Feature","properties":{"OBJECTID":12122360,"PCTID":0,"PCTName":"Not classified","vegClass":"Not classified","vegForm":"Not classified"},"geometry":{"type":"Polygon","coordinates":[[[149.05507,-31.24109],[149.05397,-31.24102],[149.05391,-31.2408],[149.05302,-31.24104],[149.05157,-31.24187],[149.05164,-31.24246],[149.05108,-31.24328],[149.05082,-31.24324],[149.05091,-31.2427],[149.04998,-31.2433],[149.04974,-31.24443],[149.05003,-31.24546],[149.04935,-31.24584],[149.04937,-31.24638],[149.04864,-31.24693],[149.04865,-31.24738],[149.04782,-31.24767],[149.04814,-31.24802],[149.04701,-31.24917],[149.04714,-31.25007],[149.04635,-31.25008],[149.04592,-31.2495],[149.04557,-31.25028],[149.04499,-31.25042],[149.04532,-31.25091],[149.04579,-31.25077],[149.04612,-31.25144],[149.04567,-31.2523],[149.04488,-31.2525],[149.04396,-31.2536],[149.04343,-31.25315],[149.04342,-31.25275],[149.043,-31.2528],[149.04245,-31.25168],[149.04208,-31.25173],[149.04228,-31.25123],[149.04191,-31.25124],[149.04169,-31.25066],[149.04133,-31.25102],[149.04122,-31.25062],[149.04033,-31.25068],[149.04035,-31.25158],[149.03943,-31.2507],[149.03885,-31.25057],[149.0387,-31.2508],[149.03795,-31.25031],[149.03909,-31.24939],[149.03888,-31.24931],[149.03902,-31.24885],[149.0396,-31.24893],[149.03922,-31.24826],[149.03931,-31.24781],[149.04042,-31.24797],[149.04046,-31.24756],[149.0402,-31.24748],[149.04078,-31.24738],[149.04087,-31.24679],[149.03986,-31.24649],[149.0393,-31.24695],[149.03913,-31.24646],[149.03849,-31.24624],[149.03783,-31.2472],[149.03704,-31.24708],[149.03642,-31.24754],[149.03605,-31.24728],[149.03665,-31.24627],[149.03654,-31.24583],[149.03698,-31.24464],[149.0375,-31.24428],[149.03856,-31.24457],[149.03855,-31.24417],[149.03892,-31.2443],[149.03912,-31.24384],[149.03911,-31.24357],[149.03833,-31.24367],[149.03832,-31.24336],[149.03774,-31.24305],[149.03814,-31.24228],[149.03957,-31.2428],[149.03979,-31.2432],[149.04051,-31.24269],[149.04109,-31.24291],[149.04144,-31.24186],[149.04261,-31.24243],[149.04292,-31.24224],[149.04286,-31.24188],[149.04327,-31.24174],[149.04344,-31.24228],[149.04475,-31.24221],[149.04517,-31.24185],[149.04499,-31.2409],[149.04588,-31.2408],[149.04634,-31.24038],[149.04641,-31.2411],[149.04695,-31.24159],[149.04643,-31.24196],[149.0473,-31.24352],[149.04873,-31.244],[149.04883,-31.24372],[149.04941,-31.24371],[149.0514,-31.2412],[149.05128,-31.24075],[149.05175,-31.24025],[149.05142,-31.23971],[149.05177,-31.23912],[149.05229,-31.23888],[149.05283,-31.23928],[149.05388,-31.23863],[149.05496,-31.23863],[149.05507,-31.24109]],[[149.04236,-31.24329],[149.04199,-31.24294],[149.04126,-31.24331],[149.04189,-31.2433],[149.04211,-31.24366],[149.04236,-31.24329]]]}},{"type":"Feature","properties":{"OBJECTID":12122361,"PCTID":439,"PCTName":"Mock Olive - Tumbledown Red Gum - Red Ash - Wilga siliceous rocky hill low woodland / shrubland in the Gunnedah - Tambar Springs region, Brigalow Belt South Bioregion","vegClass":"Inland Rocky Hill Woodlands","vegForm":"Semi-arid Woodlands (Shrubby sub-formation)"},"geometry":{"type":"Polygon","coordinates":[[[149.04308,-31.25388],[149.04315,-31.25469],[149.04352,-31.25473],[149.04364,-31.25536],[149.04311,-31.25528],[149.04277,-31.25447],[149.0423,-31.25448],[149.04192,-31.25363],[149.03993,-31.25398],[149.03986,-31.25349],[149.04158,-31.25296],[149.04308,-31.25388]]]}},{"type":"Feature","properties":{"OBJECTID":12122362,"PCTID":381,"PCTName":"Rough-barked Apple - Yellow Box grass/shrub footslope open forest, Brigalow Belt South Bioregion","vegClass":"North-west Slopes Dry Sclerophyll Woodlands","vegForm":"Dry Sclerophyll Forests (Shrub/grass sub-formation)"},"geometry":{"type":"Polygon","coordinates":[[[149.03913,-31.24646],[149.0393,-31.24695],[149.03988,-31.24708],[149.03914,-31.24714],[149.03905,-31.24754],[149.0396,-31.24893],[149.03902,-31.24885],[149.03888,-31.24931],[149.03909,-31.24939],[149.03795,-31.25031],[149.0387,-31.2508],[149.03885,-31.25057],[149.03943,-31.2507],[149.04035,-31.25158],[149.04033,-31.25068],[149.04122,-31.25062],[149.04133,-31.25102],[149.04169,-31.25066],[149.04191,-31.25124],[149.04228,-31.25123],[149.04208,-31.25173],[149.04236,-31.25232],[149.04184,-31.25246],[149.04327,-31.25329],[149.04403,-31.25423],[149.04357,-31.25473],[149.04315,-31.25469],[149.04308,-31.25388],[149.04158,-31.25296],[149.04101,-31.25297],[149.03986,-31.25349],[149.03993,-31.25403],[149.03915,-31.2544],[149.03952,-31.25457],[149.03942,-31.25494],[149.03708,-31.25597],[149.03613,-31.25567],[149.03593,-31.25599],[149.03519,-31.25605],[149.03466,-31.25574],[149.03512,-31.25487],[149.035,-31.25451],[149.03431,-31.25412],[149.03374,-31.25422],[149.03234,-31.25307],[149.03302,-31.25265],[149.03329,-31.25305],[149.03397,-31.25277],[149.03424,-31.25322],[149.03576,-31.25301],[149.03582,-31.2536],[149.03624,-31.25368],[149.03666,-31.25327],[149.03622,-31.25269],[149.03674,-31.25245],[149.03689,-31.252],[149.03742,-31.25217],[149.03738,-31.25271],[149.03785,-31.2528],[149.03791,-31.25311],[149.03917,-31.25282],[149.03905,-31.25219],[149.03782,-31.2514],[149.03724,-31.25136],[149.03729,-31.25105],[149.03665,-31.25088],[149.03627,-31.25003],[149.03534,-31.25072],[149.03491,-31.25027],[149.03521,-31.24968],[149.03568,-31.24972],[149.03598,-31.24895],[149.03661,-31.2488],[149.03617,-31.24809],[149.03691,-31.24826],[149.03701,-31.24803],[149.03595,-31.24782],[149.03564,-31.24805],[149.03579,-31.24764],[149.03714,-31.24708],[149.03753,-31.24784],[149.03779,-31.24774],[149.03773,-31.24738],[149.03841,-31.24751],[149.0379,-31.24774],[149.0379,-31.2481],[149.03843,-31.24819],[149.03821,-31.24792],[149.03863,-31.24778],[149.03898,-31.247],[149.03845,-31.24661],[149.0386,-31.24624],[149.03913,-31.24646]],[[149.03677,-31.24921],[149.03704,-31.24952],[149.0375,-31.24901],[149.03834,-31.249],[149.03797,-31.24864],[149.03697,-31.24853],[149.03677,-31.24921]]]}},{"type":"Feature","properties":{"OBJECTID":12122364,"PCTID":393,"PCTName":"White Box shrubby woodland of the western Liverpool Range, Warrumbungle Range and south-west Pilliga forests, Brigalow Belt South Bioregion","vegClass":"North-west Slopes Dry Sclerophyll Woodlands","vegForm":"Dry Sclerophyll Forests (Shrub/grass sub-formation)"},"geometry":{"type":"MultiPolygon","coordinates":[[[[149.01826,-31.23873],[149.01853,-31.23918],[149.01828,-31.23936],[149.01854,-31.23967],[149.0184,-31.24008],[149.01704,-31.24051],[149.0171,-31.24101],[149.01643,-31.24129],[149.01633,-31.24161],[149.01712,-31.24155],[149.01729,-31.24227],[149.01804,-31.24307],[149.01883,-31.24323],[149.01822,-31.24387],[149.01939,-31.2444],[149.01982,-31.24498],[149.02029,-31.24488],[149.02054,-31.2442],[149.02006,-31.24402],[149.02021,-31.24357],[149.02064,-31.24393],[149.02116,-31.24369],[149.02114,-31.24292],[149.02071,-31.24262],[149.02127,-31.2417],[149.02089,-31.24135],[149.02145,-31.24053],[149.02122,-31.23976],[149.02153,-31.23953],[149.02081,-31.23863],[149.02179,-31.23863],[149.02196,-31.23962],[149.02278,-31.23906],[149.0228,-31.23863],[149.04401,-31.23863],[149.04404,-31.23866],[149.04395,-31.23907],[149.0428,-31.23922],[149.04063,-31.23872],[149.04075,-31.23926],[149.04201,-31.23946],[149.04229,-31.24004],[149.03993,-31.24013],[149.04084,-31.24115],[149.04017,-31.24166],[149.03995,-31.24099],[149.03958,-31.24086],[149.0397,-31.24176],[149.03945,-31.2423],[149.03814,-31.24228],[149.03742,-31.24297],[149.0374,-31.24432],[149.03656,-31.24438],[149.03487,-31.24644],[149.03504,-31.24698],[149.03406,-31.24754],[149.03396,-31.24808],[149.03449,-31.24807],[149.03588,-31.24692],[149.0361,-31.24746],[149.03559,-31.24801],[149.03701,-31.24798],[149.03691,-31.24826],[149.03617,-31.24809],[149.03661,-31.2488],[149.03598,-31.24895],[149.03568,-31.24972],[149.03521,-31.24968],[149.03491,-31.25027],[149.03534,-31.25072],[149.03627,-31.25003],[149.03665,-31.25088],[149.03729,-31.25105],[149.03714,-31.25155],[149.03678,-31.25164],[149.03715,-31.25182],[149.03659,-31.25255],[149.03601,-31.2526],[149.03647,-31.25214],[149.03625,-31.25174],[149.03506,-31.25221],[149.03523,-31.25289],[149.03476,-31.25321],[149.03424,-31.25322],[149.03386,-31.25273],[149.03329,-31.25305],[149.03317,-31.25265],[149.03234,-31.25307],[149.03374,-31.25422],[149.03431,-31.25412],[149.035,-31.25451],[149.03512,-31.25487],[149.03466,-31.25574],[149.03519,-31.25605],[149.03593,-31.25599],[149.03613,-31.25567],[149.03708,-31.25597],[149.03942,-31.25494],[149.03952,-31.25457],[149.03915,-31.2544],[149.03961,-31.25408],[149.04077,-31.25388],[149.03978,-31.25452],[149.04037,-31.25497],[149.04033,-31.25533],[149.03996,-31.2556],[149.03927,-31.25516],[149.03831,-31.25671],[149.03748,-31.25709],[149.03765,-31.25767],[149.03828,-31.25771],[149.03839,-31.25807],[149.03793,-31.25871],[149.03735,-31.25849],[149.03721,-31.25931],[149.0367,-31.25986],[149.03672,-31.26067],[149.03641,-31.26081],[149.03648,-31.26157],[149.02534,-31.26176],[149.02417,-31.26092],[149.02436,-31.2602],[149.0251,-31.26009],[149.02498,-31.2596],[149.02545,-31.25932],[149.02427,-31.2583],[149.02415,-31.25776],[149.02357,-31.25777],[149.02403,-31.25722],[149.02477,-31.25712],[149.02481,-31.25671],[149.02391,-31.25641],[149.02302,-31.2567],[149.02223,-31.2564],[149.02067,-31.25719],[149.01951,-31.25712],[149.02321,-31.25575],[149.02273,-31.25517],[149.02069,-31.25584],[149.01827,-31.25533],[149.01873,-31.25497],[149.01926,-31.25505],[149.01956,-31.2545],[149.02009,-31.25454],[149.02047,-31.25507],[149.02109,-31.2547],[149.02112,-31.25384],[149.02159,-31.25356],[149.02175,-31.25388],[149.02238,-31.25373],[149.02258,-31.2531],[149.02225,-31.25243],[149.02183,-31.25243],[149.02202,-31.25193],[149.0216,-31.25167],[149.0217,-31.2514],[149.02133,-31.2514],[149.02108,-31.25204],[149.0213,-31.25258],[149.02036,-31.25282],[149.02008,-31.25183],[149.02069,-31.25078],[149.01958,-31.25067],[149.01968,-31.25044],[149.01888,-31.25],[149.01868,-31.25041],[149.01921,-31.25058],[149.01922,-31.25112],[149.01743,-31.25097],[149.01737,-31.2503],[149.01684,-31.25026],[149.01637,-31.25054],[149.01687,-31.25152],[149.01635,-31.2518],[149.01628,-31.25113],[149.01576,-31.25123],[149.016,-31.25027],[149.01556,-31.24938],[149.01492,-31.24894],[149.01511,-31.24817],[149.01458,-31.24782],[149.01483,-31.24727],[149.01299,-31.24726],[149.01275,-31.24807],[149.01332,-31.24793],[149.01406,-31.24828],[149.01407,-31.24864],[149.01329,-31.24883],[149.01234,-31.24853],[149.01244,-31.24826],[149.01202,-31.24831],[149.01164,-31.24791],[149.01298,-31.24662],[149.01423,-31.24629],[149.01331,-31.24531],[149.01179,-31.24543],[149.01182,-31.2443],[149.0114,-31.24403],[149.01158,-31.24304],[149.011,-31.24264],[149.01085,-31.24314],[149.0098,-31.24329],[149.0091,-31.24254],[149.00879,-31.24259],[149.00885,-31.24308],[149.00848,-31.24291],[149.00862,-31.24218],[149.00988,-31.24185],[149.0113,-31.24209],[149.01097,-31.24129],[149.0121,-31.24023],[149.01103,-31.2393],[149.01088,-31.23863],[149.01832,-31.23863],[149.01826,-31.23873]],[[149.03269,-31.24508],[149.03322,-31.24525],[149.03323,-31.24561],[149.03376,-31.24601],[149.03287,-31.24629],[149.03244,-31.24594],[149.03208,-31.24604],[149.03199,-31.24689],[149.03226,-31.24703],[149.03277,-31.24657],[149.03347,-31.24719],[149.03378,-31.24704],[149.03512,-31.24562],[149.0351,-31.24508],[149.03573,-31.24507],[149.03541,-31.24485],[149.03551,-31.24444],[149.03436,-31.24469],[149.03409,-31.24429],[149.03361,-31.24425],[149.03268,-31.24467],[149.03269,-31.24508]],[[149.03123,-31.25011],[149.03155,-31.25051],[149.03116,-31.25192],[149.03164,-31.25222],[149.0327,-31.25036],[149.03208,-31.25059],[149.03222,-31.25005],[149.03132,-31.2497],[149.03123,-31.25011]],[[149.03111,-31.25417],[149.03091,-31.25485],[149.03118,-31.25494],[149.03103,-31.25535],[149.03145,-31.25525],[149.03209,-31.25578],[149.03265,-31.25478],[149.03201,-31.25438],[149.03216,-31.25407],[149.03168,-31.25394],[149.03111,-31.25417]],[[149.03068,-31.24674],[149.03076,-31.248],[149.03038,-31.24764],[149.02944,-31.24775],[149.02925,-31.24879],[149.02994,-31.24887],[149.03021,-31.24923],[149.03115,-31.24912],[149.03177,-31.24857],[149.03121,-31.24722],[149.03068,-31.24674]],[[149.03074,-31.25179],[149.03017,-31.25198],[149.03047,-31.25143],[149.03005,-31.25139],[149.03004,-31.25099],[149.02962,-31.25104],[149.02969,-31.25194],[149.03039,-31.25247],[149.02893,-31.25322],[149.02926,-31.25357],[149.02916,-31.25407],[149.02885,-31.25417],[149.02907,-31.2547],[149.02933,-31.2547],[149.02948,-31.25416],[149.03001,-31.25446],[149.03005,-31.25401],[149.03042,-31.25405],[149.0306,-31.25242],[149.03085,-31.25224],[149.03074,-31.25179]],[[149.02375,-31.24938],[149.02392,-31.24983],[149.02347,-31.25078],[149.02536,-31.25084],[149.02464,-31.25139],[149.02576,-31.25219],[149.02563,-31.25332],[149.02659,-31.25425],[149.02684,-31.25357],[149.02618,-31.25204],[149.0261,-31.25092],[149.02428,-31.24932],[149.02375,-31.24938]],[[149.02157,-31.24107],[149.02152,-31.24125],[149.02162,-31.24116],[149.02157,-31.24107]],[[149.01327,-31.2431],[149.01431,-31.24299],[149.01373,-31.24273],[149.01327,-31.2431]]],[[[149.0104,-31.23949],[149.00965,-31.23892],[149.00934,-31.23901],[149.00946,-31.23863],[149.01042,-31.23863],[149.0104,-31.23949]]],[[[149.00387,-31.23865],[149.00446,-31.23923],[149.00394,-31.23933],[149.00379,-31.23992],[149.00411,-31.24009],[149.00426,-31.23982],[149.00578,-31.23961],[149.0059,-31.24006],[149.00533,-31.2403],[149.00513,-31.24098],[149.00381,-31.24068],[149.00314,-31.24137],[149.00131,-31.24145],[149.00158,-31.2418],[149.00107,-31.24235],[149.00114,-31.24321],[149.00041,-31.2434],[149.00047,-31.24372],[148.99978,-31.24355],[148.99953,-31.24405],[149.0004,-31.24534],[148.99993,-31.24571],[148.99974,-31.24657],[148.99932,-31.24658],[148.99893,-31.24568],[148.99826,-31.24614],[148.99796,-31.24683],[148.99825,-31.2479],[148.998,-31.2485],[148.99753,-31.24846],[148.99713,-31.24959],[148.99676,-31.24969],[148.99699,-31.25032],[148.99636,-31.25033],[148.99618,-31.24947],[148.99679,-31.24824],[148.99731,-31.24806],[148.99693,-31.24779],[148.99662,-31.24775],[148.996,-31.24848],[148.99566,-31.24948],[148.99513,-31.2494],[148.99458,-31.24846],[148.9935,-31.24911],[148.99435,-31.24995],[148.99405,-31.25032],[148.99442,-31.25054],[148.99449,-31.25122],[148.99408,-31.25185],[148.99329,-31.25173],[148.99244,-31.25102],[148.99243,-31.25062],[148.9928,-31.25097],[148.99322,-31.25083],[148.99287,-31.24939],[148.99328,-31.24907],[148.99321,-31.24803],[148.99368,-31.24802],[148.99382,-31.24721],[148.99351,-31.24717],[148.99294,-31.24786],[148.99277,-31.24723],[148.99235,-31.24696],[148.99233,-31.24633],[148.99137,-31.24576],[148.99147,-31.2454],[148.99104,-31.24477],[148.9904,-31.24456],[148.99038,-31.24375],[148.98939,-31.24417],[148.98888,-31.24246],[148.98593,-31.23962],[148.9856,-31.23886],[148.98611,-31.23863],[149.0052,-31.23863],[149.00387,-31.23865]]],[[[148.97531,-31.23903],[148.97478,-31.23863],[148.97578,-31.23863],[148.97531,-31.23903]]],[[[148.97433,-31.23972],[148.97318,-31.23992],[148.9728,-31.23921],[148.9716,-31.23866],[148.9716,-31.23863],[148.97472,-31.23863],[148.97433,-31.23972]]],[[[148.9727,-31.24187],[148.97241,-31.24314],[148.97273,-31.24345],[148.97226,-31.24359],[148.97238,-31.24413],[148.97294,-31.24358],[148.97331,-31.24362],[148.97365,-31.24452],[148.97339,-31.24461],[148.9735,-31.24488],[148.97525,-31.2458],[148.97646,-31.24587],[148.97625,-31.24565],[148.97703,-31.24536],[148.97696,-31.24482],[148.97739,-31.24491],[148.97756,-31.24572],[148.97866,-31.24543],[148.97852,-31.24615],[148.97799,-31.24625],[148.97902,-31.24754],[148.97933,-31.24749],[148.97937,-31.247],[148.98069,-31.24729],[148.98073,-31.24643],[148.98104,-31.24652],[148.98146,-31.2461],[148.9804,-31.24585],[148.98103,-31.2457],[148.98065,-31.2454],[148.98062,-31.24409],[148.98025,-31.24382],[148.97962,-31.24392],[148.98023,-31.24297],[148.9797,-31.24279],[148.97903,-31.24312],[148.97895,-31.2419],[148.97863,-31.24191],[148.97862,-31.24159],[148.97925,-31.24131],[148.97911,-31.24199],[148.97985,-31.24225],[148.97979,-31.24189],[148.97942,-31.24181],[148.97946,-31.24122],[148.98002,-31.24062],[148.98071,-31.24088],[148.98072,-31.24138],[148.98125,-31.24137],[148.98121,-31.242],[148.9821,-31.24181],[148.98151,-31.24137],[148.98144,-31.24051],[148.98112,-31.24042],[148.98131,-31.23952],[148.98108,-31.2388],[148.98177,-31.23915],[148.98218,-31.24095],[148.98315,-31.24211],[148.98378,-31.24196],[148.98412,-31.24069],[148.98492,-31.24113],[148.9852,-31.24203],[148.98604,-31.2421],[148.98626,-31.24273],[148.987,-31.24281],[148.98706,-31.24326],[148.98665,-31.2434],[148.98686,-31.24371],[148.98666,-31.24394],[148.98703,-31.24421],[148.98668,-31.24494],[148.9868,-31.24566],[148.98644,-31.24598],[148.9874,-31.2465],[148.98562,-31.24667],[148.985,-31.24731],[148.98695,-31.24741],[148.98732,-31.24777],[148.98774,-31.24749],[148.98848,-31.24784],[148.98833,-31.24829],[148.98892,-31.24878],[148.98851,-31.24924],[148.98756,-31.24925],[148.98758,-31.24988],[148.9888,-31.25059],[148.98927,-31.25058],[148.98952,-31.25003],[148.98975,-31.25057],[148.99048,-31.25042],[148.99042,-31.24997],[148.99094,-31.24987],[148.99091,-31.25091],[148.98866,-31.25149],[148.98855,-31.25109],[148.98765,-31.25079],[148.98769,-31.25015],[148.98672,-31.24904],[148.98692,-31.24868],[148.98639,-31.24837],[148.98613,-31.24846],[148.98609,-31.24905],[148.98363,-31.2495],[148.98257,-31.24906],[148.98328,-31.24788],[148.98213,-31.24799],[148.9809,-31.24936],[148.98073,-31.24896],[148.98026,-31.24906],[148.97967,-31.24861],[148.97958,-31.24911],[148.98021,-31.24919],[148.98048,-31.24973],[148.97939,-31.25011],[148.97877,-31.2507],[148.98048,-31.25167],[148.98121,-31.25161],[148.98143,-31.25197],[148.98119,-31.25292],[148.98161,-31.25305],[148.98131,-31.25378],[148.98168,-31.25382],[148.98151,-31.25567],[148.98183,-31.25593],[148.98122,-31.25698],[148.98134,-31.25734],[148.98091,-31.25712],[148.98099,-31.25595],[148.98061,-31.25541],[148.98133,-31.25468],[148.98084,-31.2541],[148.98098,-31.25292],[148.97981,-31.25227],[148.98013,-31.2528],[148.97972,-31.25295],[148.97958,-31.25399],[148.97811,-31.25405],[148.97707,-31.25448],[148.97713,-31.25493],[148.97671,-31.25498],[148.97667,-31.2553],[148.97635,-31.25499],[148.97686,-31.25466],[148.9768,-31.25426],[148.97644,-31.25449],[148.97539,-31.25432],[148.97513,-31.2546],[148.97425,-31.25375],[148.97513,-31.25478],[148.97424,-31.2547],[148.97352,-31.25553],[148.97211,-31.256],[148.97249,-31.25649],[148.97229,-31.2569],[148.9716,-31.2568],[148.9716,-31.25287],[148.97267,-31.25279],[148.9716,-31.25284],[148.9716,-31.24783],[148.97205,-31.24824],[148.97247,-31.24828],[148.9716,-31.24767],[148.9716,-31.247],[148.9716,-31.24699],[148.9716,-31.24698],[148.9716,-31.24109],[148.9727,-31.24187]],[[148.97357,-31.25277],[148.97475,-31.25181],[148.97482,-31.25144],[148.97367,-31.25268],[148.97283,-31.25279],[148.97346,-31.25282],[148.97357,-31.25295],[148.97357,-31.25277]],[[148.97494,-31.25077],[148.97464,-31.25043],[148.97486,-31.25121],[148.97494,-31.25077]],[[148.97273,-31.24828],[148.97252,-31.24832],[148.97436,-31.25011],[148.97273,-31.24828]],[[148.98576,-31.24843],[148.98597,-31.24838],[148.9857,-31.24829],[148.98576,-31.24843]],[[148.97681,-31.24965],[148.97734,-31.25001],[148.97735,-31.25046],[148.97798,-31.25045],[148.97844,-31.24999],[148.97774,-31.24923],[148.97681,-31.24965]],[[148.97574,-31.24895],[148.976,-31.24899],[148.97596,-31.24953],[148.97634,-31.24989],[148.97571,-31.2499],[148.97544,-31.24954],[148.97481,-31.24978],[148.97524,-31.25],[148.97509,-31.25058],[148.97588,-31.25053],[148.97616,-31.25111],[148.97679,-31.25114],[148.97688,-31.25065],[148.97632,-31.24921],[148.97642,-31.24894],[148.9769,-31.24925],[148.97705,-31.24857],[148.97589,-31.24836],[148.97574,-31.24895]]],[[[148.97172,-31.25727],[148.9716,-31.2573],[148.9716,-31.25715],[148.97172,-31.25727]]]]}},{"type":"Feature","properties":{"OBJECTID":12122365,"PCTID":379,"PCTName":"Inland Scribbly Gum - White Bloodwood - Red Stringybark - Black Cypress Pine shrubby sandstone woodland mainly of the Warrumbungle NP - Pilliga region in the Brigalow Belt South Bioregion","vegClass":"Western Slopes Dry Sclerophyll Forests","vegForm":"Dry Sclerophyll Forests (Shrubby sub-formation)"},"geometry":{"type":"Polygon","coordinates":[[[149.04776,-31.25191],[149.0475,-31.25209],[149.04771,-31.25218],[149.04907,-31.25202],[149.0498,-31.25151],[149.04994,-31.25097],[149.05017,-31.25151],[149.05101,-31.25172],[149.05113,-31.25226],[149.05071,-31.2524],[149.05077,-31.25285],[149.0501,-31.25313],[149.05011,-31.25376],[149.04949,-31.25418],[149.04884,-31.25338],[149.04842,-31.25334],[149.04812,-31.25398],[149.04726,-31.25305],[149.04705,-31.25314],[149.04683,-31.25495],[149.04611,-31.25541],[149.04611,-31.25582],[149.0467,-31.25617],[149.04647,-31.25744],[149.04593,-31.2569],[149.0451,-31.25723],[149.04503,-31.25674],[149.04408,-31.25662],[149.04279,-31.25736],[149.04069,-31.25758],[149.04044,-31.25785],[149.04017,-31.25768],[149.03945,-31.25837],[149.0399,-31.25971],[149.039,-31.25959],[149.03833,-31.2601],[149.0385,-31.26068],[149.03815,-31.26109],[149.03632,-31.26149],[149.03735,-31.25849],[149.03793,-31.25871],[149.03839,-31.25807],[149.03828,-31.25771],[149.03765,-31.25767],[149.03748,-31.25709],[149.03831,-31.25671],[149.03927,-31.25516],[149.03996,-31.2556],[149.04033,-31.25533],[149.04037,-31.25497],[149.03978,-31.25461],[149.03993,-31.2543],[149.04192,-31.25363],[149.0423,-31.25448],[149.04277,-31.25447],[149.04311,-31.25528],[149.04364,-31.25536],[149.04352,-31.25473],[149.04403,-31.25414],[149.04327,-31.25329],[149.04184,-31.25246],[149.04236,-31.25232],[149.04219,-31.25173],[149.04245,-31.25168],[149.043,-31.2528],[149.04342,-31.25275],[149.04343,-31.25315],[149.04402,-31.2536],[149.04488,-31.2525],[149.04567,-31.2523],[149.04602,-31.25149],[149.04659,-31.25139],[149.04613,-31.25198],[149.04645,-31.25193],[149.04768,-31.25096],[149.04776,-31.25191]]]}},{"type":"Feature","properties":{"OBJECTID":12122366,"PCTID":391,"PCTName":"Warrumbungle trachyte outcrop heathland / low woodland","vegClass":"North-west Slopes Dry Sclerophyll Woodlands","vegForm":"Dry Sclerophyll Forests (Shrub/grass sub-formation)"},"geometry":{"type":"Polygon","coordinates":[[[149.04442,-31.25751],[149.04511,-31.25795],[149.04606,-31.25789],[149.04613,-31.25875],[149.04581,-31.25866],[149.04535,-31.25917],[149.04567,-31.25934],[149.04579,-31.26002],[149.04505,-31.25999],[149.04439,-31.26067],[149.04455,-31.26099],[149.04425,-31.26144],[149.03936,-31.26153],[149.04004,-31.26124],[149.04101,-31.26019],[149.04101,-31.25996],[149.04012,-31.2602],[149.04058,-31.25952],[149.0399,-31.25971],[149.03957,-31.25918],[149.03945,-31.25837],[149.04007,-31.25772],[149.04279,-31.25736],[149.04445,-31.25661],[149.04442,-31.25751]]]}}]}